wav,flam
9651.260375976562,3.3142148236003444e-15
9652.699828147888,2.9240877534792483e-15
9654.138684272766,3.2672743752458792e-15
9655.577540397644,3.0841198057863714e-15
9657.01699256897,2.7686432316144545e-15
9658.455848693848,2.621222229342527e-15
9659.894704818726,2.581816139053889e-15
9661.333560943604,2.8102600778954264e-15
9662.77301311493,3.216594488187523e-15
9664.211869239807,2.8746652868310912e-15
9665.650725364685,3.555044713471345e-15
9667.089581489563,2.989322419428512e-15
9668.528437614441,2.649278925170905e-15
9669.967293739319,2.9998391805016213e-15
9671.406149864197,2.947783923695161e-15
9672.845005989075,3.036476531843922e-15
9674.283266067505,3.100131693104793e-15
9675.722122192383,2.924408567208021e-15
9677.16097831726,2.8502819611367185e-15
9678.599834442139,2.8344576916161136e-15
9680.038094520569,2.9298054376314516e-15
9681.476950645447,2.8908614038155407e-15
9682.915806770325,2.698385660287973e-15
9684.354066848755,3.4071817717591874e-15
9685.792922973633,3.2826486585132552e-15
9687.231183052063,3.3023663149759144e-15
9688.670039176941,2.9039866028497197e-15
9690.108299255371,2.9606236726261153e-15
9691.547155380249,2.9607299752609957e-15
9692.98541545868,2.991990361454126e-15
9694.42367553711,2.5602515272497416e-15
9695.862531661987,2.897786533434055e-15
9697.300791740417,2.9389605932418498e-15
9698.739051818848,3.3364949664866847e-15
9700.177311897278,3.023816777414259e-15
9701.615571975708,2.8227195090330635e-15
9703.053832054138,2.8924493788334057e-15
9704.492092132568,3.145043709308821e-15
9705.930352210999,2.694362465546752e-15
9707.368612289429,2.3623217385748034e-15
9708.806872367859,2.5157410046627122e-15
9710.245132446289,2.710429410006745e-15
9711.68339252472,2.780858081988572e-15
9713.12165260315,2.5516130617371686e-15
9714.55991268158,2.547915127647693e-15
9715.997576713562,2.943403704566672e-15
9717.435836791992,2.9945935054592754e-15
9718.874096870422,2.720026505057373e-15
9720.311760902405,2.7029433328189115e-15
9721.750020980835,2.559375483424044e-15
9723.188281059265,3.0557158264496193e-15
9724.625945091248,2.869900302986312e-15
9726.064205169678,2.8464332551826317e-15
9727.50186920166,3.029035347402293e-15
9728.94012928009,2.947158178105377e-15
9730.377793312073,2.586484561142681e-15
9731.815457344055,2.84658423880548e-15
9733.253717422485,3.0084535055751975e-15
9734.691381454468,2.829625368652028e-15
9736.12904548645,2.7628560907605763e-15
9737.566709518433,2.543606906319721e-15
9739.004373550415,2.9221033670420683e-15
9740.442037582397,2.9322514570248853e-15
9741.880297660828,2.857643100964832e-15
9743.31796169281,2.901486161589425e-15
9744.755625724792,2.471790159095581e-15
9746.193289756775,2.722527581592378e-15
9747.63035774231,2.8859727531604625e-15
9749.068021774292,2.8348871373203716e-15
9750.505685806274,2.6689053138334974e-15
9751.943349838257,2.4590435837888247e-15
9753.38101387024,2.391964503596915e-15
9754.818677902222,2.6067212370437702e-15
9756.255745887756,2.792478315233717e-15
9757.693409919739,2.690603756843311e-15
9759.131073951721,2.6007225497113153e-15
9760.568141937256,2.475259182531061e-15
9762.005805969238,2.953031716319875e-15
9763.442873954773,2.779066607305129e-15
9764.880537986755,2.7932137515901704e-15
9766.31760597229,2.9367547076889627e-15
9767.754673957825,2.9213022856322025e-15
9769.192337989807,2.768848425345927e-15
9770.629405975342,2.676158456960836e-15
9772.066473960876,2.590723537527215e-15
9773.504137992859,2.4964115010481323e-15
9774.941205978394,2.5902195529235988e-15
9776.378273963928,2.895041299652004e-15
9777.815341949463,2.5593610838639405e-15
9779.252409934998,2.7870141056909794e-15
9780.689477920532,2.546892123605647e-15
9782.126545906067,2.6897838289503687e-15
9783.563613891602,2.841268048270275e-15
9785.000681877136,2.8284647217560526e-15
9786.43774986267,2.8166223541204903e-15
9787.874817848206,2.926655322100613e-15
9789.31188583374,2.877024697105668e-15
9790.748953819275,2.695848161336236e-15
9792.185425758362,2.745678474348496e-15
9793.622493743896,2.835296677750369e-15
9795.059561729431,2.5128132352805277e-15
9796.496033668518,2.486730549735726e-15
9797.933101654053,2.6441772457295922e-15
9799.370169639587,2.5743114271412158e-15
9800.806641578674,2.6025718343934082e-15
9802.243709564209,2.705327095290722e-15
9803.680181503296,2.6045399154463536e-15
9805.116653442383,2.6104263709132974e-15
9806.553721427917,2.671175362132139e-15
9807.990193367004,2.603803208540479e-15
9809.427261352539,2.9501903442983105e-15
9810.863733291626,2.7444329123995585e-15
9812.300205230713,2.6536453800140008e-15
9813.7366771698,2.596628204202525e-15
9815.173149108887,2.523054287129306e-15
9816.609621047974,2.7159069603184018e-15
9818.046689033508,2.828116591214731e-15
9819.483160972595,2.5707996285418994e-15
9820.919632911682,2.9155490260962145e-15
9822.356104850769,2.7043936649828477e-15
9823.791980743408,2.6984790456704077e-15
9825.228452682495,2.7090102063036204e-15
9826.664924621582,3.1078883973192743e-15
9828.101396560669,2.873106110933433e-15
9829.537868499756,2.7423636109094162e-15
9830.973744392395,2.685996321126721e-15
9832.410216331482,2.81689086356477e-15
9833.846688270569,2.5560205976782064e-15
9835.282564163208,2.402674811698472e-15
9836.719036102295,2.6442424672665308e-15
9838.155508041382,2.5866135219089004e-15
9839.591383934021,2.51216779617472e-15
9841.027855873108,2.582922152324766e-15
9842.463731765747,2.594473140626473e-15
9843.899607658386,2.723913539252323e-15
9845.336079597473,2.773444002601255e-15
9846.771955490112,2.731182140730949e-15
9848.207831382751,2.6895204017037726e-15
9849.644303321838,2.755112939073251e-15
9851.080179214478,2.7284483418936857e-15
9852.516055107117,2.552012649530036e-15
9853.951930999756,2.789921122765956e-15
9855.387806892395,2.548825052791281e-15
9856.823682785034,2.598555415915765e-15
9858.259558677673,2.725262015704352e-15
9859.695434570312,2.590154543144897e-15
9861.131310462952,2.65545570118052e-15
9862.56718635559,2.621260769341627e-15
9864.00306224823,2.5955264260963838e-15
9865.43893814087,2.5058086963232083e-15
9866.874814033508,2.5591315379352346e-15
9868.3100938797,2.6832786159154557e-15
9869.745969772339,2.5914026461926762e-15
9871.181845664978,2.8844895984698202e-15
9872.61712551117,2.644743275496595e-15
9874.053001403809,2.64563943635479e-15
9875.48828125,2.5809547065465312e-15
9876.92415714264,2.697246400973916e-15
9878.35943698883,2.5030414396845285e-15
9879.79531288147,2.5700212052633727e-15
9881.230592727661,2.541445489996565e-15
9882.6664686203,2.6994241226813067e-15
9884.101748466492,2.7929600652224678e-15
9885.537028312683,2.89542500557711e-15
9886.972904205322,2.616051516716013e-15
9888.408184051514,2.759895287093449e-15
9889.843463897705,2.674146753711107e-15
9891.278743743896,2.8094397264860106e-15
9892.714023590088,2.6390901776066197e-15
9894.14930343628,2.652500191469313e-15
9895.58458328247,2.58474877887552e-15
9897.019863128662,2.7127699737982455e-15
9898.455142974854,2.564716237914719e-15
9899.890422821045,2.738323687267487e-15
9901.325702667236,2.534295896647028e-15
9902.760982513428,2.6452900352640476e-15
9904.19626235962,2.539810928166601e-15
9905.630946159363,2.456629328130913e-15
9907.066226005554,2.5957428430144073e-15
9908.501505851746,2.4961546383068774e-15
9909.936785697937,2.482912972242451e-15
9911.37146949768,2.4304339872041267e-15
9912.806749343872,2.6111226319959404e-15
9914.241433143616,2.6315933007487087e-15
9915.676712989807,2.5435778954412775e-15
9917.11139678955,2.6261093976899475e-15
9918.546676635742,2.7692166729197457e-15
9919.981360435486,2.63934068760077e-15
9921.41604423523,2.6099391152103893e-15
9922.85132408142,2.63543438340627e-15
9924.286007881165,2.6101627319084645e-15
9925.720691680908,2.491319562485713e-15
9927.155375480652,2.5762121690748544e-15
9928.590655326843,2.56617821678168e-15
9930.025339126587,2.675516617745054e-15
9931.46002292633,2.6424495102754303e-15
9932.894706726074,2.697421313277524e-15
9934.329390525818,2.6712259723507374e-15
9935.764074325562,2.621613982080632e-15
9937.198758125305,2.584035577133932e-15
9938.633441925049,2.479549404408904e-15
9940.067529678345,2.521402361123923e-15
9941.502213478088,2.6454852763583897e-15
9942.936897277832,2.623886994994589e-15
9944.371581077576,2.6604000442518802e-15
9945.805668830872,2.6142062554404197e-15
9947.240352630615,2.6897474065336368e-15
9948.675036430359,2.599046483266936e-15
9950.109124183655,2.586854714540631e-15
9951.543807983398,2.5171413618827604e-15
9952.977895736694,2.5766712609322662e-15
9954.412579536438,2.5697908123017196e-15
9955.846667289734,2.5786516239629468e-15
9957.281351089478,2.54711319920488e-15
9958.715438842773,2.628084043248234e-15
9960.14952659607,2.5732951993627474e-15
9961.584210395813,2.4890997008891963e-15
9963.018298149109,2.627368512166041e-15
9964.452385902405,2.5588678989304017e-15
9965.8864736557,2.5812007696177086e-15
9967.320561408997,2.6119050786809666e-15
9968.75524520874,2.5545778888107955e-15
9970.189332962036,2.5512869540524757e-15
9971.623420715332,2.608225567558094e-15
9973.057508468628,2.6517215564325495e-15
9974.491596221924,2.5063471975194252e-15
9975.925087928772,2.5200869189568372e-15
9977.359175682068,2.5285049441448873e-15
9978.793263435364,2.493804968911194e-15
9980.22735118866,2.525805026625514e-15
9981.661438941956,2.44852851678161e-15
9983.094930648804,2.5349976634438283e-15
9984.5290184021,2.5158689066377476e-15
9985.963106155396,2.619603761138561e-15
9987.396597862244,2.544153454328937e-15
9988.83068561554,2.5632309656417086e-15
9990.264177322388,2.553905979925386e-15
9991.698265075684,2.6065287488065067e-15
9993.131756782532,2.5436880097244206e-15
9994.565844535828,2.5489906477324693e-15
9995.999336242676,2.56041712219093e-15
9997.433423995972,2.572686817948382e-15
9998.86691570282,2.5210080672869763e-15
10000.300407409668,2.4648785820042228e-15
10001.734495162964,2.508686067245031e-15
10003.167390823364,2.5513667869077545e-15
10004.60147857666,2.488171988053716e-15
10006.03437423706,2.5606619147126863e-15
10007.468461990356,2.5112858231183914e-15
10008.901357650757,2.4924433634484827e-15
10010.335445404053,2.522089940118857e-15
10011.768341064453,2.4834019220112535e-15
10013.202428817749,2.533996258741937e-15
10014.63532447815,2.6031010182272054e-15
10016.069412231445,2.4851271163665737e-15
10017.502307891846,2.5519768623880144e-15
10018.936395645142,2.544665485745552e-15
10020.369291305542,2.551667271845793e-15
10021.802186965942,2.545117589581149e-15
10023.236274719238,2.613974168412872e-15
10024.669170379639,2.4880894023413588e-15
10026.102066040039,2.429716762056039e-15
10027.53496170044,2.4730562615934894e-15
10028.969049453735,2.4823816708262857e-15
10030.401945114136,2.4834233095931716e-15
10031.834840774536,2.514308883707142e-15
10033.267736434937,2.5696622750519737e-15
10034.700632095337,2.5016599289475567e-15
10036.134719848633,2.4395054983109834e-15
10037.567615509033,2.2213453864820603e-15
10039.000511169434,2.1718305932426525e-15
10040.433406829834,2.455980712651553e-15
10041.866302490234,2.5715196065470656e-15
10043.299198150635,2.5736378241899118e-15
10044.732093811035,2.564627722971731e-15
10046.164989471436,2.5486357409275698e-15
10047.597885131836,2.70317669039588e-15
10049.030780792236,2.5643871656147108e-15
10050.463676452637,2.6196689826754995e-15
10051.896572113037,2.5785180045155174e-15
10053.329467773438,2.6056010359710264e-15
10054.762363433838,2.631054376036018e-15
10056.195259094238,2.606295391229538e-15
10057.628154754639,2.6108132532119558e-15
10059.061050415039,2.5741763253861287e-15
10060.492753982544,2.5645502194570572e-15
10061.925649642944,2.6434079280552485e-15
10063.358545303345,2.669098860861945e-15
10064.791440963745,2.6943093142293116e-15
10066.224336624146,2.6514589762189006e-15
10067.65604019165,2.6654854183089582e-15
10069.08893585205,2.633455926199721e-15
10070.521831512451,2.6288796189439427e-15
10071.953535079956,2.6783478253712516e-15
10073.386430740356,2.6241273405933725e-15
10074.819326400757,2.6389997568395003e-15
10076.251029968262,2.668816163615799e-15
10077.683925628662,2.6255721670431515e-15
10079.115629196167,2.7754381299173285e-15
10080.548524856567,2.6722991630949086e-15
10081.981420516968,2.6015971112293554e-15
10083.413124084473,2.6131976509584766e-15
10084.846019744873,2.5494984439843483e-15
10086.277723312378,2.597859154833122e-15
10087.710618972778,2.6493670165974193e-15
10089.142322540283,2.5610180920670068e-15
10090.575218200684,2.5786340480292913e-15
10092.006921768188,2.592773780776044e-15
10093.438625335693,2.6160455874853824e-15
10094.871520996094,2.6080294794308045e-15
10096.303224563599,2.6527983470667465e-15
10097.734928131104,2.6699113772165987e-15
10099.167823791504,2.6856041448721424e-15
10100.599527359009,2.643735729805836e-15
10102.031230926514,2.5459550934077467e-15
10103.464126586914,2.5031742120990106e-15
10104.895830154419,2.530221668170735e-15
10106.327533721924,2.5636366944234434e-15
10107.759237289429,2.561732140841542e-15
10109.190940856934,2.5682087665144853e-15
10110.623836517334,2.5905558250036587e-15
10112.055540084839,2.5109995259822195e-15
10113.487243652344,2.516279717617166e-15
10114.918947219849,2.5790927163702295e-15
10116.350650787354,2.551453607784848e-15
10117.782354354858,2.6077306885586606e-15
10119.214057922363,2.571578263578663e-15
10120.645761489868,2.480032213188839e-15
10122.077465057373,2.504872936674729e-15
10123.509168624878,2.5275469498815427e-15
10124.940872192383,2.558815171129435e-15
10126.372575759888,2.5469922852516596e-15
10127.804279327393,2.5664867485327173e-15
10129.235982894897,2.5862156281819277e-15
10130.667686462402,2.490766238212919e-15
10132.099390029907,2.4757813783430433e-15
10133.531093597412,2.44427196446342e-15
10134.962797164917,2.4623285893165137e-15
10136.393308639526,2.4649382978270042e-15
10137.825012207031,2.494152675936042e-15
10139.256715774536,2.528802887984084e-15
10140.688419342041,2.5268998167098404e-15
10142.11893081665,2.5473025110685915e-15
10143.550634384155,2.503107720012651e-15
10144.98233795166,2.519720153690676e-15
10146.414041519165,2.5294282100573945e-15
10147.844552993774,2.5631754849836635e-15
10149.27625656128,2.5277752252608277e-15
10150.707960128784,2.4645109697051144e-15
10152.138471603394,2.4557384612286385e-15
10153.570175170898,2.4437775089804605e-15
10155.000686645508,2.43840054383129e-15
10156.432390213013,2.4661988946107554e-15
10157.862901687622,2.4891710634150025e-15
10159.294605255127,2.4904966699774555e-15
10160.726308822632,2.5484928041177206e-15
10162.156820297241,2.4960169954529486e-15
10163.58733177185,2.4907262159061614e-15
10165.019035339355,2.505932998408218e-15
10166.449546813965,2.517162114189968e-15
10167.88125038147,2.4856613823980543e-15
10169.31176185608,2.4740013386043884e-15
10170.743465423584,2.5004687888654804e-15
10172.173976898193,2.474220084863017e-15
10173.604488372803,2.4776033462125873e-15
10175.036191940308,2.4116281617091867e-15
10176.466703414917,2.4409954292652037e-15
10177.897214889526,2.4995520874583144e-15
10179.327726364136,2.5044966422879114e-15
10180.75942993164,2.4725848877583424e-15
10182.18994140625,2.488781004742792e-15
10183.62045288086,2.532453811744987e-15
10185.050964355469,2.5073248852987935e-15
10186.481475830078,2.4283248751654635e-15
10187.911987304688,2.446426816281235e-15
10189.343690872192,2.439374208204159e-15
10190.774202346802,2.474324269915529e-15
10192.204713821411,2.4402801099412475e-15
10193.63522529602,2.480174091207504e-15
10195.06573677063,2.4955206341458576e-15
10196.49624824524,2.4650244834293874e-15
10197.926759719849,2.4700109663898734e-15
10199.357271194458,2.4323461640825533e-15
10200.787782669067,2.4581851158967825e-15
10202.218294143677,2.4406898621294817e-15
10203.648805618286,2.4556215706819174e-15
10205.079317092896,2.4499534379571284e-15
10206.509828567505,2.4478621136103575e-15
10207.939147949219,2.4677366829264956e-15
10209.369659423828,2.4701752907816408e-15
10210.800170898438,2.4261202601619973e-15
10212.230682373047,2.4531406111794095e-15
10213.661193847656,2.4470146571466296e-15
10215.091705322266,2.4716021177812906e-15
10216.52102470398,2.4484514367834097e-15
10217.951536178589,2.444809406868453e-15
10219.382047653198,2.4600310124470864e-15
10220.812559127808,2.467702166333895e-15
10222.241878509521,2.444866158075919e-15
10223.67238998413,2.44037497763134e-15
10225.10290145874,2.387055312392866e-15
10226.532220840454,2.451228434300983e-15
10227.962732315063,2.477539183466833e-15
10229.392051696777,2.473862001684565e-15
10230.822563171387,2.4576444971181974e-15
10232.2518825531,2.4242910925124017e-15
10233.68239402771,2.4415407067249987e-15
10235.11290550232,2.3995994468252284e-15
10236.542224884033,2.4362338335522137e-15
10237.972736358643,2.4088236356208277e-15
10239.402055740356,2.418408025177247e-15
10240.83137512207,2.4366975840908354e-15
10242.26188659668,2.4259341246718382e-15
10243.691205978394,2.4301834772099762e-15
10245.121717453003,2.4005434650449433e-15
10246.551036834717,2.4064805307304855e-15
10247.98035621643,2.3915263758049476e-15
10249.41086769104,2.3439326532899126e-15
10250.840187072754,2.420068845028576e-15
10252.269506454468,2.375486112882793e-15
10253.700017929077,2.4040110061727656e-15
10255.129337310791,2.4020473720427933e-15
10256.558656692505,2.3920669945835327e-15
10257.987976074219,2.405816456899838e-15
10259.417295455933,2.42304447177228e-15
10260.847806930542,2.3696149040088998e-15
10262.277126312256,2.42863213636708e-15
10263.70644569397,2.4196781510816548e-15
10265.135765075684,2.430132443474904e-15
10266.565084457397,2.4301466312767707e-15
10267.994403839111,2.3631963000928435e-15
10269.423723220825,2.359195339966488e-15
10270.853042602539,2.3770338538356634e-15
10272.282361984253,2.3892374810232297e-15
10273.711681365967,2.4303795653372656e-15
10275.14100074768,2.453242466891317e-15
10276.570320129395,2.374044462806566e-15
10277.999639511108,2.3923435508408112e-15
10279.428958892822,2.3305357684379018e-15
10280.858278274536,2.390932817467159e-15
10282.28759765625,2.399618081550068e-15
10283.716917037964,2.4033094511342022e-15
10285.146236419678,2.418966855164198e-15
10286.574363708496,2.403715391674174e-15
10288.00368309021,2.3861388227439367e-15
10289.433002471924,2.3851312770531777e-15
10290.862321853638,2.4326788362725874e-15
10292.291641235352,2.419924425911069e-15
10293.71976852417,2.3812226435180727e-15
10295.149087905884,2.4194502992188434e-15
10296.578407287598,2.3913484988860242e-15
10298.006534576416,2.399488697267375e-15
10299.43585395813,2.387651411829496e-15
10300.865173339844,2.4055331243789816e-15
10302.293300628662,2.3723107981217734e-15
10303.722620010376,2.326822164238902e-15
10305.15193939209,2.2739264389905287e-15
10306.580066680908,2.248670669360484e-15
10308.009386062622,2.2590214119759316e-15
10309.43751335144,2.2773035593512316e-15
10310.866832733154,2.3188289260739e-15
10312.294960021973,2.318993885740378e-15
10313.724279403687,2.3049375857389295e-15
10315.152406692505,2.2143491060959766e-15
10316.581726074219,2.223514002585268e-15
10318.009853363037,2.28580544080106e-15
10319.437980651855,2.36695331473039e-15
10320.86730003357,2.385953322528488e-15
10322.295427322388,2.4076164019127535e-15
10323.723554611206,2.371811683957604e-15
10325.15287399292,2.3817257810887418e-15
10326.581001281738,2.3348660126225025e-15
10328.009128570557,2.3839083732355793e-15
10329.43844795227,2.368886455674261e-15
10330.866575241089,2.386150892963435e-15
10332.294702529907,2.373073339532539e-15
10333.722829818726,2.3832586989650352e-15
10335.150957107544,2.372479569436514e-15
10336.580276489258,2.339774780310078e-15
10338.008403778076,2.401714911610996e-15
10339.436531066895,2.4076445657582497e-15
10340.864658355713,2.3900315744112806e-15
10342.292785644531,2.3755742043093074e-15
10343.72091293335,2.3594968836957103e-15
10345.149040222168,2.3875262627115392e-15
10346.577167510986,2.356829153428333e-15
10348.005294799805,2.3572115888040182e-15
10349.433422088623,2.3307464678835313e-15
10350.861549377441,2.3347946500966964e-15
10352.28967666626,2.3558177960893113e-15
10353.717803955078,2.3573121739665047e-15
10355.145931243896,2.350874723567372e-15
10356.574058532715,2.3794711911413876e-15
10358.002185821533,2.3424367931050615e-15
10359.430313110352,2.3192767947447608e-15
10360.85844039917,2.353405658013768e-15
10362.285375595093,2.3477512895743718e-15
10363.713502883911,2.352957789342907e-15
10365.14163017273,2.360488971035182e-15
10366.569757461548,2.3634804796466473e-15
10367.997884750366,2.382534274036896e-15
10369.424819946289,2.357869521645798e-15
10370.852947235107,2.356129292455664e-15
10372.281074523926,2.3755761101334387e-15
10373.708009719849,2.3556666007082264e-15
10375.136137008667,2.3545637638109013e-15
10376.564264297485,2.343792681095379e-15
10377.991199493408,2.3904599613243545e-15
10379.419326782227,2.363997593260946e-15
10380.84626197815,2.3515843254189343e-15
10382.274389266968,2.336232912041134e-15
10383.702516555786,2.3185375467400446e-15
10385.129451751709,2.327983234651351e-15
10386.557579040527,2.331922361372557e-15
10387.98451423645,2.3353384452488336e-15
10389.412641525269,2.3556541069722544e-15
10390.839576721191,2.363821622166154e-15
10392.266511917114,2.3701921569624536e-15
10393.694639205933,2.336551184671065e-15
10395.121574401855,2.355710011146773e-15
10396.549701690674,2.337187094656216e-15
10397.976636886597,2.3313417202872142e-15
10399.40357208252,2.3470198766244177e-15
10400.831699371338,2.349124329981871e-15
10402.25863456726,2.337292973774623e-15
10403.685569763184,2.3590795082109508e-15
10405.112504959106,2.3595942924846446e-15
10406.540632247925,2.3571317559487395e-15
10407.967567443848,2.3512743113602392e-15
10409.39450263977,2.3507108226920783e-15
10410.821437835693,2.3318025062105206e-15
10412.248373031616,2.3464529998244677e-15
10413.676500320435,2.32386432518709e-15
10415.103435516357,2.3689726412766442e-15
10416.53037071228,2.3420537224546657e-15
10417.957305908203,2.3341504815403095e-15
10419.384241104126,2.3426345752982454e-15
10420.811176300049,2.3524737100135513e-15
10422.238111495972,2.3402876587596405e-15
10423.665046691895,2.33147957489938e-15
10425.091981887817,2.3654081148763613e-15
10426.51891708374,2.3717337569264564e-15
10427.945852279663,2.3276427274065547e-15
10429.372787475586,2.334246408021586e-15
10430.799722671509,2.3385052896803806e-15
10432.226657867432,2.326972300828803e-15
10433.653593063354,2.2788703585454153e-15
10435.079336166382,2.255694901833827e-15
10436.506271362305,2.2016002014486153e-15
10437.933206558228,2.1994135858952784e-15
10439.36014175415,2.2214783706547793e-15
10440.787076950073,2.2465143352350114e-15
10442.2128200531,2.220059802226365e-15
10443.639755249023,2.1610076297591107e-15
10445.066690444946,2.1686078446365867e-15
10446.49362564087,2.193123307470731e-15
10447.919368743896,2.2514631252293447e-15
10449.34630393982,2.2672122205758807e-15
10450.773239135742,2.331352096440818e-15
10452.19898223877,2.356262276628383e-15
10453.625917434692,2.362224329785869e-15
10455.052852630615,2.3512035841091435e-15
10456.478595733643,2.3995947881440185e-15
10457.905530929565,2.400987733825778e-15
10459.331274032593,2.395856196473075e-15
10460.758209228516,2.389288091241828e-15
10462.183952331543,2.4378209615371314e-15
10463.610887527466,2.3716674765983338e-15
10465.036630630493,2.354983045119792e-15
10466.463565826416,2.3085573810390208e-15
10467.889308929443,2.322174282699081e-15
10469.31505203247,2.3108134532940326e-15
10470.741987228394,2.3414948924677147e-15
10472.16773033142,2.379909318933355e-15
10473.594665527344,2.364648538080911e-15
10475.020408630371,2.3303691147055295e-15
10476.446151733398,2.3445437875613566e-15
10477.871894836426,2.3107149857139143e-15
10479.298830032349,2.352803629346507e-15
10480.724573135376,2.3119446657950907e-15
10482.150316238403,2.302975222158378e-15
10483.57605934143,2.3087587631222305e-15
10485.002994537354,2.2774719071494984e-15
10486.42873764038,2.3117640360190888e-15
10487.854480743408,2.301897372732997e-15
10489.280223846436,2.3080883365444787e-15
10490.705966949463,2.3131978510405535e-15
10492.13171005249,2.2878345082262075e-15
10493.557453155518,2.296841433070836e-15
10494.98438835144,2.3212613929401776e-15
10496.410131454468,2.329294018137227e-15
10497.835874557495,2.2953779718962175e-15
10499.261617660522,2.302008545807324e-15
10500.68736076355,2.2750366874261423e-15
10502.113103866577,2.2378394473057065e-15
10503.538846969604,2.2537450319892478e-15
10504.963397979736,2.2845677139068845e-15
10506.389141082764,2.284793236429091e-15
10507.814884185791,2.2477922961941814e-15
10509.240627288818,2.270853615216127e-15
10510.666370391846,2.260428121943084e-15
10512.092113494873,2.264845822279489e-15
10513.5178565979,2.2533431148557756e-15
10514.942407608032,2.2773401935262004e-15
10516.36815071106,2.2768472203508984e-15
10517.793893814087,2.2599565363497004e-15
10519.219636917114,2.2448922671410194e-15
10520.644187927246,2.2577150754130287e-15
10522.069931030273,2.266100913349083e-15
10523.4956741333,2.2581252511177366e-15
10524.921417236328,2.275207576323251e-15
10526.34596824646,2.285169319057672e-15
10527.771711349487,2.280343984115401e-15
10529.19626235962,2.2945442797178825e-15
10530.622005462646,2.3217478016101384e-15
10532.047748565674,2.320705315810305e-15
10533.472299575806,2.3031475933631444e-15
10534.898042678833,2.2916035930832523e-15
10536.322593688965,2.2834240076698544e-15
10537.748336791992,2.302971834026589e-15
10539.172887802124,2.3095128342035236e-15
10540.598630905151,2.2939532624789358e-15
10542.023181915283,2.2775943034103767e-15
10543.44892501831,2.274416871066989e-15
10544.873476028442,2.280083733242357e-15
10546.298027038574,2.263511110112853e-15
10547.723770141602,2.2720650840889374e-15
10549.148321151733,2.2654234987495164e-15
10550.572872161865,2.2906083293702285e-15
10551.998615264893,2.286112066727966e-15
10553.423166275024,2.309923645182942e-15
10554.847717285156,2.3229732465265785e-15
10556.273460388184,2.312945011705798e-15
10557.698011398315,2.2737485620716053e-15
10559.122562408447,2.2310833007601694e-15
10560.54711341858,2.2027301434002526e-15
10561.971664428711,2.1925776064944625e-15
10563.397407531738,2.170469199538178e-15
10564.82195854187,2.1989532234884457e-15
10566.246509552002,2.2354844839541027e-15
10567.671060562134,2.21589134133469e-15
10569.095611572266,2.2011957432163014e-15
10570.520162582397,2.154399713979343e-15
10571.94471359253,2.188474155381489e-15
10573.369264602661,2.1275536399908285e-15
10574.793815612793,2.177754953433986e-15
10576.218366622925,2.235729488234096e-15
10577.642917633057,2.24103509085746e-15
10579.067468643188,2.2238034760949923e-15
10580.49201965332,2.2547574481194535e-15
10581.916570663452,2.2331458259867336e-15
10583.341121673584,2.212304156803068e-15
10584.765672683716,2.2294872789293055e-15
10586.190223693848,2.2274186127138737e-15
10587.613582611084,2.2547438955922974e-15
10589.038133621216,2.234690178807815e-15
10590.462684631348,2.221103770333856e-15
10591.88723564148,2.209985827626433e-15
10593.311786651611,2.2130533574449144e-15
10594.735145568848,2.2680846645115526e-15
10596.15969657898,2.260824956878873e-15
10597.584247589111,2.2133654890859776e-15
10599.007606506348,2.2520357195016886e-15
10600.43215751648,2.2452611499895487e-15
10601.856708526611,2.2558691788627247e-15
10603.280067443848,2.258633470886089e-15
10604.70461845398,2.2452649616378113e-15
10606.129169464111,2.2345286072731263e-15
10607.552528381348,2.2045078537983025e-15
10608.97707939148,2.1850432484286355e-15
10610.400438308716,2.2371882907275048e-15
10611.824989318848,2.2222491706367807e-15
10613.248348236084,2.217147702953705e-15
10614.672899246216,2.1806839933655913e-15
10616.096258163452,2.192404600014986e-15
10617.520809173584,2.1934826611986038e-15
10618.94416809082,2.255650644362333e-15
10620.368719100952,2.2555875404077627e-15
10621.792078018188,2.265402534684072e-15
10623.215436935425,2.242650594446111e-15
10624.639987945557,2.2388552515677012e-15
10626.063346862793,2.248349432115238e-15
10627.48670578003,2.2198889133292566e-15
10628.911256790161,2.2340627391521364e-15
10630.334615707397,2.226657130094292e-15
10631.757974624634,2.2174966805279736e-15
10633.18133354187,2.218916307747572e-15
10634.605884552002,2.2003383341154432e-15
10636.029243469238,2.1999789803875706e-15
10637.452602386475,2.207173466483312e-15
10638.875961303711,2.1776937553035468e-15
10640.299320220947,2.1476960834765357e-15
10641.722679138184,2.1849740034851975e-15
10643.147230148315,2.2304450614344133e-15
10644.570589065552,2.213375441723108e-15
10645.993947982788,2.191486416300162e-15
10647.417306900024,2.1657101449240298e-15
10648.84066581726,2.143821331259321e-15
10650.264024734497,2.1390008667564967e-15
10651.687383651733,2.1664057707319623e-15
10653.11074256897,2.2028245875738714e-15
10654.534101486206,2.2453270068011977e-15
10655.957460403442,2.217274546137556e-15
10657.380819320679,2.1861782725779563e-15
10658.80298614502,2.177904666507413e-15
10660.226345062256,2.1250572221370332e-15
10661.649703979492,2.08729162290899e-15
10663.073062896729,2.0828391942217476e-15
10664.496421813965,2.0609344986892777e-15
10665.919780731201,2.0989982535147547e-15
10667.341947555542,2.054809391689445e-15
10668.765306472778,1.9978222855475966e-15
10670.188665390015,1.904419750695628e-15
10671.612024307251,1.8487595216656535e-15
10673.034191131592,1.8625411712339546e-15
10674.457550048828,1.9392207346082815e-15
10675.880908966064,2.034582668425486e-15
10677.303075790405,2.0364861632162033e-15
10678.726434707642,1.987752334354164e-15
10680.149793624878,2.049027968307961e-15
10681.571960449219,2.1471592763462133e-15
10682.995319366455,2.1971833481451578e-15
10684.417486190796,2.2316338721758847e-15
10685.840845108032,2.2458178623941316e-15
10687.264204025269,2.2631991902300266e-15
10688.68637084961,2.2835783794244915e-15
10690.109729766846,2.296194299899134e-15
10691.531896591187,2.294446023896001e-15
10692.954063415527,2.2552546564594917e-15
10694.377422332764,2.1705990073373448e-15
10695.799589157104,2.1446984338762028e-15
10697.22294807434,2.183866931423136e-15
10698.645114898682,2.227172761400933e-15
10700.067281723022,2.189395515469865e-15
10701.490640640259,2.183494448684581e-15
10702.9128074646,2.1612943504117563e-15
10704.33497428894,2.15064778153948e-15
10705.758333206177,2.145777342092768e-15
10707.180500030518,2.1111980690540584e-15
10708.602666854858,2.1532939124667026e-15
10710.0248336792,2.192334931555074e-15
10711.448192596436,2.187910878471565e-15
10712.870359420776,2.1795866621824233e-15
10714.292526245117,2.1581383056502867e-15
10715.714693069458,2.091702123465343e-15
10717.136859893799,2.0710091085639204e-15
10718.55902671814,2.07079713856887e-15
10719.98119354248,2.1581851042206225e-15
10721.404552459717,2.199534288090262e-15
10722.826719284058,2.2143808698314987e-15
10724.248886108398,2.175812283369458e-15
10725.67105293274,2.1405380197975265e-15
10727.09321975708,2.155545961315215e-15
10728.51538658142,2.1496038134319892e-15
10729.937553405762,2.187212288048317e-15
10731.359720230103,2.179815149319945e-15
10732.780694961548,2.2386369288255464e-15
10734.202861785889,2.2298510795801512e-15
10735.62502861023,2.2043941396251336e-15
10737.04719543457,2.15295382873838e-15
10738.469362258911,2.166255210625588e-15
10739.891529083252,2.1675753114738837e-15
10741.313695907593,2.1671801706039896e-15
10742.734670639038,2.1534317670788682e-15
10744.156837463379,2.1395620260840527e-15
10745.57900428772,2.1857939313781397e-15
10747.00117111206,2.185350509630252e-15
10748.422145843506,2.1865141211415426e-15
10749.844312667847,2.180921586107296e-15
10751.266479492188,2.176144108526545e-15
10752.688646316528,2.2029971705368745e-15
10754.109621047974,2.2321020696374795e-15
10755.531787872314,2.2584547469342185e-15
10756.95276260376,2.202353637255198e-15
10758.3749294281,2.233628211250195e-15
10759.797096252441,2.18425677833711e-15
10761.218070983887,2.2194257980653453e-15
10762.640237808228,2.156444451514015e-15
10764.061212539673,2.1314338979222004e-15
10765.483379364014,2.0826090130183312e-15
10766.904354095459,2.1074052672744904e-15
10768.3265209198,2.1327584456934693e-15
10769.747495651245,2.1392384594982015e-15
10771.16847038269,2.1272684016458406e-15
10772.590637207031,2.140820293527199e-15
10774.011611938477,2.140472798260588e-15
10775.433778762817,2.1286780762283086e-15
10776.854753494263,2.1807449797377936e-15
10778.275728225708,2.19951184171716e-15
10779.697895050049,2.216705763513475e-15
10781.118869781494,2.1874810092508334e-15
10782.53984451294,2.199051479310327e-15
10783.960819244385,2.1863019393882554e-15
10785.382986068726,2.1804953167765904e-15
10786.80396080017,2.1872614159592577e-15
10788.224935531616,2.1454063416618705e-15
10789.645910263062,2.119678986438442e-15
10791.066884994507,2.1268131214366914e-15
10792.489051818848,2.135931431113884e-15
10793.910026550293,2.14898505586402e-15
10795.331001281738,2.120224475656474e-15
10796.751976013184,2.103819776808763e-15
10798.172950744629,2.0804065155972332e-15
10799.593925476074,2.0737816591585205e-15
10801.01490020752,2.109967330181698e-15
10802.435874938965,2.1456062414374226e-15
10803.85684967041,2.150006365840172e-15
10805.277824401855,2.1825284076082375e-15
10806.6987991333,2.234129231238496e-15
10808.119773864746,2.3151172276990317e-15
10809.540748596191,2.3844553447612687e-15
10810.961723327637,2.441855167706667e-15
10812.382698059082,2.4649903903532604e-15
10813.803672790527,2.3988460110186457e-15
10815.223455429077,2.3033690924788514e-15
10816.644430160522,2.199163922934075e-15
10818.065404891968,2.1629738049879247e-15
10819.486379623413,2.1600752582424205e-15
10820.907354354858,2.1618980731449118e-15
10822.327136993408,2.139586590039523e-15
10823.748111724854,2.166970741707781e-15
10825.169086456299,2.186810370914845e-15
10826.588869094849,2.200885093882896e-15
10828.009843826294,2.1870574927772063e-15
10829.43081855774,2.2172590877862688e-15
10830.850601196289,2.1743441635136296e-15
10832.271575927734,2.1588551072819007e-15
10833.69255065918,2.144412983772978e-15
10835.11233329773,2.237356003251061e-15
10836.533308029175,2.1838595198848476e-15
10837.953090667725,2.142861219413608e-15
10839.37406539917,2.137592250965213e-15
10840.79384803772,2.1469068605279315e-15
10842.214822769165,2.1578092333502785e-15
10843.634605407715,2.13095744188937e-15
10845.05558013916,2.095720659525354e-15
10846.47536277771,2.0821590267651024e-15
10847.896337509155,2.061736003615617e-15
10849.316120147705,2.0720653586491465e-15
10850.735902786255,2.0678066887485887e-15
10852.1568775177,2.1105297600586747e-15
10853.57666015625,2.101801085537219e-15
10854.997634887695,2.0877350446568774e-15
10856.417417526245,2.0737814474002837e-15
10857.837200164795,2.050316093662498e-15
10859.256982803345,2.0743360422224985e-15
10860.67795753479,2.099934860196181e-15
10862.09774017334,2.0820069843510702e-15
10863.51752281189,2.092971825853277e-15
10864.93730545044,2.0782590753177068e-15
10866.35708808899,2.0986145475896485e-15
10867.778062820435,2.078486080147571e-15
10869.197845458984,2.115485538074823e-15
10870.617628097534,2.0678964742409977e-15
10872.037410736084,2.07445356804393e-15
10873.457193374634,2.0755424288976254e-15
10874.876976013184,2.0805530522971082e-15
10876.296758651733,2.0790156874978417e-15
10877.716541290283,2.1191502261211186e-15
10879.136323928833,2.119221376888688e-15
10880.556106567383,2.1104245162149784e-15
10881.975889205933,2.0894193696724926e-15
10883.395671844482,2.0968882944431442e-15
10884.815454483032,2.097051136527254e-15
10886.235237121582,2.0764445189864512e-15
10887.655019760132,2.0578157233774874e-15
10889.074802398682,2.0711884677905015e-15
10890.494585037231,2.0012718272252898e-15
10891.913175582886,1.9408768957784005e-15
10893.332958221436,1.9299222186715606e-15
10894.752740859985,1.949335155031445e-15
10896.172523498535,1.989230195088886e-15
10897.592306137085,2.0039435808991667e-15
10899.01089668274,2.033360611640835e-15
10900.430679321289,1.995990788557396e-15
10901.850461959839,1.896184896382422e-15
10903.270244598389,1.9128701748939107e-15
10904.688835144043,2.0019636413849597e-15
10906.108617782593,2.074057368382852e-15
10907.528400421143,2.1139693490992376e-15
10908.946990966797,2.0965378345612178e-15
10910.366773605347,2.1023336575028053e-15
10911.785364151001,2.0452671420221518e-15
10913.20514678955,2.0034453137679443e-15
10914.623737335205,1.9598917266530754e-15
10916.043519973755,1.9555261188429268e-15
10917.463302612305,1.9623928031880806e-15
10918.881893157959,1.9780150553507653e-15
10920.301675796509,2.0128444148671517e-15
10921.720266342163,2.0345445519428596e-15
10923.138856887817,1.962984032185264e-15
10924.558639526367,1.8630011101243137e-15
10925.977230072021,1.8117816630785566e-15
10927.397012710571,1.9142472387079093e-15
10928.815603256226,2.0231960045155465e-15
10930.23419380188,2.032639151328011e-15
10931.65397644043,2.03847076141162e-15
10933.072566986084,2.072340856115241e-15
10934.491157531738,2.104630810855759e-15
10935.910940170288,2.0894740032975905e-15
10937.329530715942,2.096337511269192e-15
10938.748121261597,2.072965542913841e-15
10940.166711807251,2.0207434206167716e-15
10941.585302352905,1.982403321292253e-15
10943.005084991455,1.9766735669205513e-15
10944.42367553711,1.985670115611576e-15
10945.842266082764,1.9801330612353747e-15
10947.260856628418,2.0100500531741597e-15
10948.679447174072,2.032126696394922e-15
10950.098037719727,2.0242829595451105e-15
10951.51662826538,2.0135362290268216e-15
10952.935218811035,2.00813808805397e-15
10954.35380935669,1.9617511757305355e-15
10955.772399902344,1.9608901667396515e-15
10957.190990447998,1.9518663012360778e-15
10958.609580993652,1.945415510068026e-15
10960.028171539307,1.987383239747398e-15
10961.446762084961,1.9567642692535758e-15
10962.865352630615,2.0011255022836516e-15
10964.28394317627,2.022113072892482e-15
10965.702533721924,2.0076465971863256e-15
10967.121124267578,2.0008385698727692e-15
10968.539714813232,1.986660508885153e-15
10969.958305358887,1.9876104563354988e-15
10971.375703811646,1.989977489906601e-15
10972.7942943573,1.9681481803064367e-15
10974.212884902954,1.9652295165284352e-15
10975.631475448608,2.001228205028506e-15
10977.048873901367,2.0046550885748603e-15
10978.467464447021,2.003688623982043e-15
10979.886054992676,2.02676116619054e-15
10981.30464553833,2.0317343083821066e-15
10982.722043991089,2.0130320326649685e-15
10984.140634536743,2.0049157629643778e-15
10985.558032989502,1.9955850597756612e-15
10986.976623535156,2.017514742780075e-15
10988.39521408081,1.998931475192026e-15
10989.81261253357,2.014827318996674e-15
10991.231203079224,2.023277319678483e-15
10992.648601531982,2.0225465420032392e-15
10994.067192077637,1.989344756295002e-15
10995.484590530396,1.9687720200720895e-15
10996.90318107605,1.9528003668186624e-15
10998.320579528809,1.9532658114231787e-15
10999.739170074463,1.9699726892748225e-15
11001.156568527222,1.974950701905836e-15
11002.575159072876,1.9768025276867707e-15
11003.992557525635,1.952348686499539e-15
11005.409955978394,1.9416104263107227e-15
11006.828546524048,1.9243271425384723e-15
11008.245944976807,1.9995991489126994e-15
11009.663343429565,2.0103050100912833e-15
11011.08193397522,1.9825424464538395e-15
11012.499332427979,2.01161706412658e-15
11013.916730880737,1.9931642396124084e-15
11015.334129333496,2.005568613608474e-15
11016.75271987915,1.968763761500854e-15
11018.17011833191,1.96346345283341e-15
11019.587516784668,1.9804388401293335e-15
11021.004915237427,2.0107090448071236e-15
11022.422313690186,2.009645383183609e-15
11023.839712142944,1.9838680530162925e-15
11025.258302688599,1.955200858191181e-15
11026.675701141357,1.9332072241992496e-15
11028.093099594116,1.890691675961241e-15
11029.510498046875,1.939844997890408e-15
11030.927896499634,1.9689244860025953e-15
11032.345294952393,1.955112343248193e-15
11033.762693405151,1.951332035204597e-15
11035.18009185791,1.95990803203731e-15
11036.597490310669,1.947380626505656e-15
11038.014888763428,1.946568321909239e-15
11039.432287216187,1.9421351632215467e-15
11040.849685668945,1.9457670287411364e-15
11042.267084121704,1.922213583576836e-15
11043.683290481567,1.9322301716945918e-15
11045.100688934326,1.9746582637807965e-15
11046.518087387085,1.9819078070181092e-15
11047.935485839844,1.93550458931044e-15
11049.352884292603,1.956933252326553e-15
11050.770282745361,1.962742204278823e-15
11052.186489105225,1.957392344183965e-15
11053.603887557983,1.953631094381682e-15
11055.021286010742,1.940234421287908e-15
11056.438684463501,1.9146692728738788e-15
11057.854890823364,1.8926472632782142e-15
11059.272289276123,1.9272849815902843e-15
11060.689687728882,1.959397059411879e-15
11062.105894088745,1.985215894193611e-15
11063.523292541504,1.959829893247926e-15
11064.939498901367,1.922630535545122e-15
11066.356897354126,1.9147959042994933e-15
11067.774295806885,1.887636004604021e-15
11069.190502166748,1.92022559724963e-15
11070.607900619507,1.969338473355566e-15
11072.02410697937,1.9977009480779025e-15
11073.441505432129,1.9804398989205175e-15
11074.857711791992,1.9652538687256688e-15
11076.275110244751,1.9267712561077746e-15
11077.691316604614,1.9032946791834376e-15
11079.107522964478,1.887937971849717e-15
11080.524921417236,1.9336648337490037e-15
11081.9411277771,1.9585807314089626e-15
11083.358526229858,1.96934419082796e-15
11084.774732589722,1.939042857689358e-15
11086.190938949585,1.9453943342443445e-15
11087.608337402344,1.8968665461467247e-15
11089.024543762207,1.888174294042001e-15
11090.44075012207,1.8795595454519512e-15
11091.856956481934,1.890580291128677e-15
11093.274354934692,1.935607080297058e-15
11094.690561294556,1.913736689598952e-15
11096.106767654419,1.8888279917190446e-15
11097.522974014282,1.8908928462862138e-15
11098.939180374146,1.919628227263579e-15
11100.356578826904,1.9237954176058334e-15
11101.772785186768,1.9240283516663284e-15
11103.18899154663,1.9473797794727086e-15
11104.605197906494,1.9594476696304774e-15
11106.021404266357,1.9442050999863994e-15
11107.43761062622,1.9396169342693597e-15
11108.853816986084,1.896326774401087e-15
11110.270023345947,1.9280210532214483e-15
11111.68622970581,1.95278257912677e-15
11113.102436065674,1.974742967075522e-15
11114.518642425537,2.0005870010874347e-15
11115.9348487854,1.977864495244391e-15
11117.351055145264,1.9354963307392043e-15
11118.767261505127,1.8704867637956736e-15
11120.18346786499,1.85875811033328e-15
11121.599674224854,1.8533925801288978e-15
11123.014688491821,1.878251303064917e-15
11124.430894851685,1.8991488764231014e-15
11125.847101211548,1.9261059117277064e-15
11127.263307571411,1.9245937461586206e-15
11128.679513931274,1.958959566894622e-15
11130.095720291138,2.0238505492255372e-15
11131.510734558105,2.012873637503832e-15
11132.926940917969,1.9934052204859023e-15
11134.343147277832,2.0109487551311965e-15
11135.7581615448,2.001537160296017e-15
11137.174367904663,1.966337435623444e-15
11138.590574264526,1.978927521593195e-15
11140.005588531494,1.9999019631913428e-15
11141.421794891357,2.0018581857830266e-15
11142.83800125122,1.989209442781678e-15
11144.253015518188,1.943549072968751e-15
11145.669221878052,1.94115006390389e-15
11147.08423614502,1.8922552987818723e-15
11148.500442504883,1.8831926815209617e-15
11149.91545677185,1.9308103327167567e-15
11151.331663131714,1.9175549023669374e-15
11152.746677398682,1.9567782452972055e-15
11154.162883758545,1.98034736057103e-15
11155.577898025513,1.966607427375381e-15
11156.994104385376,1.9366398252179976e-15
11158.409118652344,1.888341583049084e-15
11159.824132919312,1.896829911971756e-15
11161.240339279175,1.949778153262859e-15
11162.655353546143,1.9958802507577793e-15
11164.071559906006,2.046676604846383e-15
11165.486574172974,2.1433889209397476e-15
11166.901588439941,2.1869014269566747e-15
11168.31660270691,2.1454338702326563e-15
11169.732809066772,2.1472363563444135e-15
11171.14782333374,2.0611892438481645e-15
11172.562837600708,2.0063885415014162e-15
11173.977851867676,1.9575575156086794e-15
11175.394058227539,1.8948713600394672e-15
11176.809072494507,1.918064180926474e-15
11178.224086761475,1.911371773610218e-15
11179.639101028442,1.9016054837283757e-15
11181.05411529541,1.910929834169988e-15
11182.469129562378,1.9393638831763675e-15
11183.884143829346,1.940560740730838e-15
11185.299158096313,2.0037140349704607e-15
11186.714172363281,1.9696296409311845e-15
11188.129186630249,1.9743569318098108e-15
11189.544200897217,1.9639293209544e-15
11190.959215164185,2.0440383089739226e-15
11192.374229431152,2.0573636195418904e-15
11193.78924369812,2.0725502850114496e-15
11195.204257965088,2.0828199242221975e-15
11196.619272232056,2.0825941899417543e-15
11198.034286499023,2.013305412548695e-15
11199.449300765991,1.9746811336703723e-15
11200.864315032959,2.0196187726210547e-15
11202.279329299927,2.0411223980529997e-15
11203.694343566895,2.0220760152010395e-15
11205.108165740967,2.0853553055915665e-15
11206.523180007935,2.0289653576775323e-15
11207.938194274902,1.91801526477377e-15
11209.35320854187,1.9221538677540546e-15
11210.767030715942,1.934651838890792e-15
11212.18204498291,1.9517665631065386e-15
11213.597059249878,1.9808911557231672e-15
11215.012073516846,2.0137611162743176e-15
11216.425895690918,1.993499664659521e-15
11217.840909957886,2.0027088186203067e-15
11219.254732131958,2.072813288741572e-15
11220.669746398926,2.1074368192517757e-15
11222.084760665894,2.131274020453406e-15
11223.498582839966,2.101529611477624e-15
11224.913597106934,2.183503766047001e-15
11226.327419281006,2.2210751829718862e-15
11227.742433547974,2.1216608317767803e-15
11229.156255722046,2.155361943407424e-15
11230.571269989014,2.0089938030889336e-15
11231.985092163086,1.9250617318619786e-15
11233.400106430054,1.948659434497773e-15
11234.813928604126,2.0265968417987725e-15
11236.228942871094,2.175101622726712e-15
11237.642765045166,2.046090458046883e-15
11239.056587219238,2.155692286256853e-15
11240.471601486206,2.039715688085847e-15
11241.885423660278,1.894380927963007e-15
11243.29924583435,1.896059747264465e-15
11244.714260101318,1.9473242988146634e-15
11246.12808227539,1.9757966760619063e-15
11247.541904449463,1.928630281668761e-15
11248.95691871643,1.934554006585384e-15
11250.370740890503,1.980238516837308e-15
11251.784563064575,2.0360372357541585e-15
11253.198385238647,2.188398134174473e-15
11254.61220741272,2.3815671741693684e-15
11256.027221679688,2.234150830578651e-15
11257.44104385376,2.3967618864519265e-15
11258.854866027832,2.2912535567177995e-15
11260.268688201904,2.1063670166393935e-15
11261.682510375977,2.0642800670726954e-15
11263.096332550049,2.052504826798203e-15
11264.510154724121,2.007007934344096e-15
11265.923976898193,1.94838584285581e-15
11267.337799072266,1.9097566935380407e-15
11268.751621246338,1.9298760553759352e-15
11270.16544342041,1.9118289596434983e-15
11271.579265594482,1.914892677813717e-15
11272.993087768555,1.8951765036587156e-15
11274.406909942627,1.860365355350695e-15
11275.8207321167,1.9834691004981357e-15
11277.234554290771,2.078620123111474e-15
11278.648376464844,2.0496079741185932e-15
11280.062198638916,2.0450903238944124e-15
11281.476020812988,1.9332538110113486e-15
11282.888650894165,1.847481348948247e-15
11284.302473068237,1.8656353825902746e-15
11285.71629524231,1.913333078399585e-15
11287.130117416382,2.025770561158726e-15
11288.542747497559,2.0344234262314022e-15
11289.95656967163,2.0037326696953003e-15
11291.370391845703,2.0697222537588043e-15
11292.784214019775,2.0332284745010632e-15
11294.196844100952,2.0532017231555564e-15
11295.610666275024,2.0619947721810033e-15
11297.024488449097,2.0904667259117726e-15
11298.437118530273,2.0849114603272052e-15
11299.850940704346,2.155831199660203e-15
11301.263570785522,2.025468170396556e-15
11302.677392959595,2.0576340348103014e-15
11304.091215133667,2.0602234145300578e-15
11305.503845214844,1.9479661380304453e-15
11306.917667388916,1.9412051210454615e-15
11308.330297470093,1.8885429651322935e-15
11309.744119644165,1.8851400102666994e-15
11311.156749725342,1.8858983165127288e-15
11312.570571899414,1.892611264377956e-15
11313.98320198059,1.8644325958051735e-15
11315.395832061768,1.8387719444263413e-15
11316.80965423584,1.819725561574381e-15
11318.222284317017,1.8245492024507575e-15
11319.636106491089,1.8282530657708638e-15
11321.048736572266,1.819226023893738e-15
11322.461366653442,1.8830535563593752e-15
11323.875188827515,1.9102716895699713e-15
11325.287818908691,1.9260169732682447e-15
11326.700448989868,1.9075078210630805e-15
11328.113079071045,1.8883506886532668e-15
11329.526901245117,1.876641728706897e-15
11330.939531326294,1.8722443571612263e-15
11332.35216140747,1.904222392018918e-15
11333.764791488647,1.9823575815131013e-15
11335.177421569824,1.9764073868168766e-15
11336.591243743896,1.953443900100339e-15
11338.003873825073,2.020277128979308e-15
11339.41650390625,2.0174620149791085e-15
11340.829133987427,2.004639418465336e-15
11342.241764068604,2.0564636470354327e-15
11343.65439414978,2.1371393000966686e-15
11345.067024230957,2.1809404325903725e-15
11346.479654312134,2.3651991094966263e-15
11347.89228439331,2.078548337069194e-15
11349.304914474487,2.601909666386892e-15
11350.717544555664,2.3728548050321475e-15
11352.13017463684,2.1785162242953307e-15
11353.542804718018,2.1243061156710555e-15
11354.955434799194,2.000994635693301e-15
11356.368064880371,1.9395311721834502e-15
11357.780694961548,1.908505625874946e-15
11359.193325042725,1.9703727005841633e-15
11360.604763031006,1.988214602585128e-15
11362.017393112183,2.0761207406423633e-15
11363.43002319336,2.0912356200696426e-15
11364.842653274536,1.8920280821937713e-15
11366.255283355713,1.8686986772440198e-15
11367.666721343994,1.862705495625722e-15
11369.07935142517,1.867835338912531e-15
11370.491981506348,1.895372380027768e-15
11371.904611587524,1.8966444117563073e-15
11373.316049575806,1.8999408522287842e-15
11374.728679656982,1.910315100008518e-15
11376.14130973816,1.925974409862645e-15
11377.55274772644,1.854247448130914e-15
11378.965377807617,1.827292953925151e-15
11380.376815795898,1.855435623597675e-15
11381.789445877075,1.8322684254573228e-15
11383.202075958252,1.8891549464366848e-15
11384.613513946533,1.942166503440595e-15
11386.02614402771,1.939824457341437e-15
11387.437582015991,2.0003034568083413e-15
11388.850212097168,1.93339526551354e-15
11390.26165008545,1.836894495898752e-15
11393.040418624878,1.853834096052654e-15
11394.764184951782,1.9126490992946773e-15
11396.486759185791,1.922694274774403e-15
11398.2093334198,1.9482496823095387e-15
11399.931907653809,1.9363687746748763e-15
11401.654481887817,1.934448339225214e-15
11403.377056121826,1.951851478159501e-15
11405.09843826294,1.9576485716505092e-15
11406.821012496948,1.9769268297717803e-15
11408.543586730957,1.991779128985411e-15
11410.266160964966,2.0008857919595786e-15
11411.988735198975,1.9933779036733533e-15
11413.711309432983,1.9201012951646206e-15
11415.433883666992,1.888243750743676e-15
11417.155265808105,1.9475036580412445e-15
11418.877840042114,1.9554299806034134e-15
11420.600414276123,1.8984388510550655e-15
11422.322988510132,1.8493249161579458e-15
11424.04556274414,1.8603316857910418e-15
11425.766944885254,1.869224261187791e-15
11427.489519119263,1.868989421303165e-15
11429.212093353271,1.9034808146735967e-15
11430.933475494385,1.921766138422449e-15
11432.656049728394,1.894464784224785e-15
11434.377431869507,1.8630500262770177e-15
11436.100006103516,1.904471207947174e-15
11437.822580337524,1.924700260551738e-15
11439.543962478638,2.0032634134425215e-15
11441.266536712646,2.058969170493411e-15
11442.98791885376,2.0233484704460522e-15
11444.710493087769,2.007120377967844e-15
11446.431875228882,1.983901510817709e-15
11448.15444946289,1.9117847021720043e-15
11449.875831604004,1.919680531548072e-15
11451.598405838013,1.982756745789495e-15
11453.319787979126,2.0367176149690405e-15
11455.04117012024,1.985382971442457e-15
11456.763744354248,1.9938173020147415e-15
11458.485126495361,1.9452831611700173e-15
11460.206508636475,1.910096141991653e-15
11461.929082870483,1.9386223058310463e-15
11463.650465011597,1.953324680213013e-15
11465.37184715271,1.9671622339558327e-15
11467.094421386719,1.9640057656778896e-15
11468.815803527832,2.056126951438899e-15
11470.537185668945,2.0169658654302543e-15
11472.258567810059,1.9746000302656727e-15
11473.979949951172,2.0061291376613196e-15
11475.70252418518,2.0405921554280185e-15
11477.423906326294,2.0407717264128364e-15
11479.145288467407,1.9658076165149363e-15
11480.86667060852,1.8678075985835083e-15
11482.588052749634,1.869538933927696e-15
11484.309434890747,1.898368970836917e-15
11486.03081703186,1.9394138581202555e-15
11487.752199172974,1.9415903092782254e-15
11489.473581314087,1.9193412948526967e-15
11491.1949634552,1.9562100979478346e-15
11492.916345596313,1.879642554680782e-15
11494.637727737427,1.892712061298679e-15
11496.35910987854,1.9520244846389775e-15
11498.080492019653,1.9501557181990977e-15
11499.801874160767,2.0309736727954723e-15
11501.52325630188,2.017379429266751e-15
11503.243446350098,1.9214158902987593e-15
11504.964828491211,1.910127905727175e-15
11506.686210632324,1.9139732235494726e-15
11508.407592773438,1.898707360499345e-15
11510.12897491455,1.8813433968388688e-15
11511.849164962769,1.883346841517362e-15
11513.570547103882,1.8652548530387206e-15
11515.291929244995,1.891786466045567e-15
11517.013311386108,1.8907897200248856e-15
11518.733501434326,1.892930595799071e-15
11520.45488357544,1.891131074302629e-15
11522.176265716553,1.9021270442656476e-15
11523.89645576477,1.9272847698320475e-15
11525.617837905884,1.9300134864716273e-15
11527.338027954102,1.8820227172625667e-15
11529.059410095215,1.948971777897073e-15
11530.780792236328,1.9149310060545804e-15
11532.500982284546,1.8775745237400608e-15
11534.22236442566,1.8900934589422425e-15
11535.942554473877,1.9247756464840435e-15
11537.66393661499,1.9334604870504786e-15
11539.384126663208,1.95978309467759e-15
11541.104316711426,1.9400099575568857e-15
11542.825698852539,1.902754695679563e-15
11544.545888900757,1.913297926532274e-15
11546.26727104187,1.9267659621518543e-15
11547.987461090088,1.906557661854498e-15
11549.707651138306,1.8596629532791845e-15
11551.429033279419,1.852539194434539e-15
11553.149223327637,1.8635501992323713e-15
11554.869413375854,1.856737513237605e-15
11556.589603424072,1.87139944179634e-15
11558.310985565186,1.859330704605624e-15
11560.031175613403,1.8841684634761987e-15
11561.751365661621,1.865363485014206e-15
11563.471555709839,1.8087967189724325e-15
11565.191745758057,1.8260363805478992e-15
11566.91312789917,1.8437944262870857e-15
11568.633317947388,1.866366583781992e-15
11570.353507995605,1.8348281590239253e-15
11572.073698043823,1.8287324864190097e-15
11573.793888092041,1.8126731652555418e-15
11575.514078140259,1.8489661977047836e-15
11577.234268188477,1.8633716870387375e-15
11578.954458236694,1.8031152454787243e-15
11580.674648284912,1.8554851750250895e-15
11582.39483833313,1.8692894827247297e-15
11584.115028381348,1.8290266186099437e-15
11585.835218429565,1.8029352509774327e-15
11587.555408477783,1.790821832798749e-15
11589.275598526001,1.780492054248746e-15
11590.995788574219,1.8056593089358025e-15
11592.714786529541,1.8827033082356856e-15
11594.434976577759,1.8802532654357525e-15
11596.155166625977,1.8349838013279832e-15
11597.875356674194,1.7953831052197134e-15
11599.595546722412,1.8352127119819787e-15
11601.314544677734,1.855139373824373e-15
11603.034734725952,1.8145110149928468e-15
11604.75492477417,1.7871010288196976e-15
11606.475114822388,1.803355379319271e-15
11608.19411277771,1.815617240021961e-15
11609.914302825928,1.8289374683922452e-15
11611.634492874146,1.8394031957302825e-15
11613.353490829468,1.794606799523555e-15
11615.073680877686,1.7798271333851513e-15
11616.792678833008,1.807127428791631e-15
11618.512868881226,1.8493391039598123e-15
11620.233058929443,1.8328696070916365e-15
11621.952056884766,1.817687812061524e-15
11623.672246932983,1.833981126076671e-15
11625.391244888306,1.8749131462197878e-15
11627.111434936523,1.8698085021631597e-15
11628.830432891846,1.8297552787028193e-15
11630.550622940063,1.8396926692400067e-15
11632.269620895386,1.833021437747432e-15
11633.988618850708,1.795535782908456e-15
11635.708808898926,1.789877814579034e-15
11637.427806854248,1.7934533524076313e-15
11639.14680480957,1.794572282930954e-15
11640.866994857788,1.7667515916575051e-15
11642.58599281311,1.7149167751755678e-15
11644.304990768433,1.7232670377278375e-15
11646.02518081665,1.7189929094759923e-15
11647.744178771973,1.7504373135769137e-15
11649.463176727295,1.8098061704873228e-15
11651.182174682617,1.849206755061804e-15
11652.90117263794,1.8502466997627953e-15
11654.621362686157,1.826746405915935e-15
11656.34036064148,1.7701596287207828e-15
11658.059358596802,1.7634346106360573e-15
11659.778356552124,1.8370156216102095e-15
11661.497354507446,1.8725543712199214e-15
11663.216352462769,1.872636533415805e-15
11664.93535041809,1.8502693578941343e-15
11666.654348373413,1.8218992598752724e-15
11668.373346328735,1.8180098963397175e-15
11670.092344284058,1.8413556066737037e-15
11671.81134223938,1.8277886799575316e-15
11673.530340194702,1.826912636131834e-15
11675.249338150024,1.831650303164064e-15
11676.968336105347,1.8035046688762244e-15
11678.687334060669,1.8109937106793733e-15
11680.406332015991,1.8375678870918193e-15
11682.125329971313,1.8383060763053514e-15
11683.844327926636,1.8180357308446088e-15
11685.562133789062,1.8078666767963473e-15
11687.281131744385,1.8227888562281263e-15
11689.000129699707,1.807477253398847e-15
11690.71912765503,1.8180962937003374e-15
11692.436933517456,1.847635508944647e-15
11694.155931472778,1.8424601376369233e-15
11695.8749294281,1.8460848033764613e-15
11697.593927383423,1.810439751131869e-15
11699.31173324585,1.790334365337604e-15
11701.030731201172,1.7721890137832857e-15
11702.749729156494,1.7700314091083922e-15
11704.46753501892,1.7801140657960337e-15
11706.186532974243,1.8096069059864812e-15
11707.90433883667,1.845710203055538e-15
11709.623336791992,1.84067734504119e-15
11711.341142654419,1.803984301282607e-15
11713.060140609741,1.8440705590278906e-15
11714.777946472168,1.828282288407544e-15
11716.49694442749,1.7989711367842826e-15
11718.214750289917,1.8057808581637335e-15
11719.93374824524,1.795986827952869e-15
11721.651554107666,1.7818964348752936e-15
11723.370552062988,1.7414562232371763e-15
11725.088357925415,1.7549512580319502e-15
11726.806163787842,1.783171642977385e-15
11728.525161743164,1.7597412293486733e-15
11730.24296760559,1.7409230159968797e-15
11731.960773468018,1.7550056798988113e-15
11733.67977142334,1.736613100603013e-15
11735.397577285767,1.7059183206604117e-15
11737.115383148193,1.7106587405497204e-15
11738.83318901062,1.706944712834247e-15
11740.552186965942,1.67412038618313e-15
11742.26999282837,1.7070224281071577e-15
11743.987798690796,1.7847147252490455e-15
11745.705604553223,1.8232324897342507e-15
11747.42341041565,1.800452809167267e-15
11749.141216278076,1.8090252061099543e-15
11750.859022140503,1.838086271255539e-15
11752.57682800293,1.830608452638941e-15
11754.294633865356,1.8134354949080706e-15
11756.013631820679,1.817841336783214e-15
11757.731437683105,1.7986780633845326e-15
11759.449243545532,1.7598076155559144e-15
11761.165857315063,1.764004557930441e-15
11762.88366317749,1.7782194648512627e-15
11764.601469039917,1.76785644025808e-15
11766.319274902344,1.7811684100571285e-15
11768.03708076477,1.7867073702574612e-15
11769.754886627197,1.811136012214512e-15
11771.472692489624,1.8285395746652725e-15
11773.19049835205,1.823657912032009e-15
11774.908304214478,1.8205554421044535e-15
11776.624917984009,1.788064952313673e-15
11778.342723846436,1.811112083533752e-15
11780.060529708862,1.883969410733594e-15
11781.778335571289,1.877304955504597e-15
11783.49494934082,1.8188821285171526e-15
11785.212755203247,1.8022404722024474e-15
11786.930561065674,1.7950021521516858e-15
11788.647174835205,1.787419724966102e-15
11790.364980697632,1.7947118316090143e-15
11792.082786560059,1.7820518654211148e-15
11793.79940032959,1.778933725384035e-15
11795.517206192017,1.763248686904135e-15
11797.235012054443,1.7781538197978505e-15
11798.951625823975,1.7936255118541607e-15
11800.669431686401,1.7573667842392827e-15
11802.386045455933,1.7148355658917497e-15
11804.10385131836,1.695593836066329e-15
11805.82046508789,1.7202228013154055e-15
11807.538270950317,1.7083314116480208e-15
11809.254884719849,1.7296544073039637e-15
11810.97149848938,1.758936124532308e-15
11812.689304351807,1.7180840431235884e-15
11814.405918121338,1.6871741168123845e-15
11816.123723983765,1.7353357749185535e-15
11817.840337753296,1.7423605367874887e-15
11819.556951522827,1.737218517402063e-15
11821.273565292358,1.8333536864209923e-15
11822.991371154785,1.798143585594815e-15
11824.707984924316,1.7801178774442964e-15
11826.424598693848,1.7285289122752996e-15
11828.141212463379,1.7722556117487635e-15
11829.859018325806,1.8299392966106102e-15
11831.575632095337,1.8264937783394166e-15
11833.292245864868,1.8038396704068635e-15
11835.0088596344,1.7761156467685198e-15
11836.72547340393,1.7240181441938152e-15
11838.442087173462,1.741032918521786e-15
11840.158700942993,1.785278849191917e-15
11841.87650680542,1.817837736893188e-15
11843.593120574951,1.779278679551804e-15
11845.309734344482,1.7920913234284463e-15
11847.026348114014,1.7890140527310715e-15
11848.742961883545,1.761948067813626e-15
11850.459575653076,1.7624953569766707e-15
11852.176189422607,1.7993268906221294e-15
11853.891611099243,1.8041098739170376e-15
11855.608224868774,1.7503232817663895e-15
11857.324838638306,1.7294357669244537e-15
11859.041452407837,1.7119459129921917e-15
11860.758066177368,1.7300025378452853e-15
11862.4746799469,1.739309841748834e-15
11864.19129371643,1.7450412901864301e-15
11865.906715393066,1.7252949404826827e-15
11867.623329162598,1.7218827741337871e-15
11869.339942932129,1.7031403702307728e-15
11871.05655670166,1.7304872524493515e-15
11872.771978378296,1.7605301346599223e-15
11874.488592147827,1.7778490996950757e-15
11876.205205917358,1.7517032043165852e-15
11877.920627593994,1.7289968979786576e-15
11879.637241363525,1.7779753076042166e-15
11881.353855133057,1.7310496823263284e-15
11883.069276809692,1.7299620920220539e-15
11884.785890579224,1.8210333804449417e-15
11886.50131225586,1.8263561354854877e-15
11888.21792602539,1.835848410208893e-15
11889.934539794922,1.808997042264458e-15
11891.649961471558,1.788863704382934e-15
11893.366575241089,1.788303603846562e-15
11895.081996917725,1.811892624394647e-15
11896.79741859436,1.8037704254634255e-15
11898.514032363892,1.8039406790858236e-15
11900.229454040527,1.7930806579108394e-15
11901.946067810059,1.7954589146684926e-15
11903.661489486694,1.7836773216468958e-15
11905.37691116333,1.7837342846125986e-15
11907.093524932861,1.7677952421276408e-15
11908.808946609497,1.757423853084104e-15
11910.524368286133,1.7702915541023176e-15
11912.240982055664,1.7588696324459486e-15
11913.9564037323,1.7424164409620075e-15
11915.671825408936,1.7443747811360594e-15
11917.387247085571,1.7559064994382163e-15
11919.103860855103,1.7448380022790891e-15
11920.819282531738,1.747749466277039e-15
11922.534704208374,1.7315424437433936e-15
11924.25012588501,1.6820979542386079e-15
11925.965547561646,1.6904180412421316e-15
11927.680969238281,1.7237785397488607e-15
11929.396390914917,1.7418395056458089e-15
11931.111812591553,1.7653814099862029e-15
11932.827234268188,1.7572684225382828e-15
11934.542655944824,1.7147190988615023e-15
11936.25807762146,1.6917219425853112e-15
11937.973499298096,1.7621401325344159e-15
11939.688920974731,1.7929830373636683e-15
11941.404342651367,1.7827402914489957e-15
11943.119764328003,1.7769419274085664e-15
11944.835186004639,1.7444906128915964e-15
11946.550607681274,1.7198886468177137e-15
11948.26602935791,1.7135423583395292e-15
11949.981451034546,1.7172760795710262e-15
11951.696872711182,1.7452594011703481e-15
11953.411102294922,1.7735077382030422e-15
11955.126523971558,1.7586661327803708e-15
11956.841945648193,1.7292846774224872e-15
11958.55736732483,1.7079431529208231e-15
11960.27159690857,1.7348574130615917e-15
11961.987018585205,1.7455798972617655e-15
11963.70244026184,1.7263534140293953e-15
11965.417861938477,1.7086313671904672e-15
11967.132091522217,1.7056825278637198e-15
11968.847513198853,1.7022265275598038e-15
11970.561742782593,1.6713956929500498e-15
11972.277164459229,1.6882433900291746e-15
11973.992586135864,1.7240670603465191e-15
11975.706815719604,1.7116005353079488e-15
11977.42223739624,1.6602929968356772e-15
11979.13646697998,1.6962176758319818e-15
11980.851888656616,1.730093593887115e-15
11982.566118240356,1.7417616844937799e-15
11984.281539916992,1.7568899046899785e-15
11985.995769500732,1.7597809340180758e-15
11987.709999084473,1.75060502610047e-15
11989.425420761108,1.7726206829490302e-15
11991.139650344849,1.794104508985833e-15
11992.855072021484,1.7710848004574213e-15
11994.569301605225,1.7877363035301384e-15
11996.283531188965,1.7710427664474138e-15
11997.9989528656,1.7652554138352988e-15
11999.71318244934,1.808146409427178e-15
12001.427412033081,1.7698767197163998e-15
12003.141641616821,1.7614544593636135e-15
12004.857063293457,1.7351764268453513e-15
12006.571292877197,1.7038922178505794e-15
12008.285522460938,1.7119860411780679e-15
12009.999752044678,1.7307136220045052e-15
12011.713981628418,1.7757006006243652e-15
12013.428211212158,1.7541833167861458e-15
12015.143632888794,1.7232558145412863e-15
12016.857862472534,1.6839010756250754e-15
12018.572092056274,1.637702098736813e-15
12020.286321640015,1.7161171267409455e-15
12022.000551223755,1.7874396302403625e-15
12023.714780807495,1.76628540589916e-15
12025.429010391235,1.745564438910478e-15
12027.143239974976,1.744307759654108e-15
12028.857469558716,1.7441268122407507e-15
12030.571699142456,1.7092617714614612e-15
12032.285928726196,1.700505356610983e-15
12034.000158309937,1.7236080743682257e-15
12035.713195800781,1.7475410961720144e-15
12037.427425384521,1.7537289894890623e-15
12039.141654968262,1.7819273515778684e-15
12040.855884552002,1.875748744222254e-15
12042.570114135742,1.8303672600072105e-15
12044.283151626587,1.7641570238609468e-15
12045.997381210327,1.7467263563558742e-15
12047.711610794067,1.762459781592886e-15
12049.425840377808,1.7483262957141191e-15
12051.138877868652,1.7301029112495349e-15
12052.853107452393,1.785581875228797e-15
12054.567337036133,1.7714520951191744e-15
12056.280374526978,1.7129986690665104e-15
12057.994604110718,1.702136530309158e-15
12059.708833694458,1.6897415795546307e-15
12061.421871185303,1.7140444371190142e-15
12063.136100769043,1.71354098191099e-15
12064.849138259888,1.7111503372964831e-15
12066.563367843628,1.6928072035489808e-15
12068.276405334473,1.6965255723083088e-15
12069.990634918213,1.6928685075585383e-15
12071.703672409058,1.7120100757379462e-15
12073.417901992798,1.732619869652301e-15
12075.130939483643,1.7256338595407028e-15
12076.845169067383,1.6981207471062254e-15
12078.558206558228,1.6748782689126858e-15
12080.271244049072,1.67680389243915e-15
12081.985473632812,1.6842066427607974e-15
12083.698511123657,1.7368286704880893e-15
12085.411548614502,1.756174267728667e-15
12087.125778198242,1.7407115753974214e-15
12088.838815689087,1.7272488337337615e-15
12090.551853179932,1.699027178238906e-15
12092.264890670776,1.7273484659841823e-15
12093.979120254517,1.779745606463978e-15
12095.692157745361,1.7549817512180514e-15
12097.405195236206,1.7257594321751332e-15
12099.11823272705,1.7192454311733925e-15
12100.831270217896,1.7241798216076224e-15
12102.54430770874,1.73047073530688e-15
12104.25853729248,1.7247595097808995e-15
12105.971574783325,1.7171617301231469e-15
12107.68461227417,1.7202782819734507e-15
12109.397649765015,1.7210555405816749e-15
12111.11068725586,1.7067320016853679e-15
12112.823724746704,1.6915066903375902e-15
12114.536762237549,1.6919606999973185e-15
12116.249799728394,1.738781504947984e-15
12117.962837219238,1.7160898099283966e-15
12119.675874710083,1.698754963025482e-15
12121.387720108032,1.718960828103115e-15
12123.100757598877,1.744377004597546e-15
12124.813795089722,1.7703695870125834e-15
12126.526832580566,1.7647691110444564e-15
12128.239870071411,1.762843169880637e-15
12129.952907562256,1.7441324238340263e-15
12131.664752960205,1.7467030629498247e-15
12133.37779045105,1.748612063454699e-15
12135.090827941895,1.765119359168146e-15
12136.80386543274,1.7720947813679036e-15
12138.515710830688,1.7580000472464737e-15
12140.228748321533,1.7711405987528217e-15
12141.941785812378,1.7613115225537644e-15
12143.653631210327,1.7413329799433508e-15
12145.366668701172,1.7257382563514519e-15
12147.079706192017,1.7334186217215618e-15
12148.791551589966,1.7268336817104885e-15
12150.50458908081,1.7268335758313701e-15
12152.21643447876,1.7305035578335862e-15
12153.929471969604,1.6902548815206668e-15
12155.641317367554,1.6879285055310328e-15
12157.354354858398,1.7296613953257786e-15
12159.066200256348,1.7221702359402615e-15
12160.779237747192,1.7129131187388377e-15
12162.491083145142,1.6998021075065252e-15
12164.204120635986,1.6939804500600464e-15
12165.915966033936,1.6966589799975013e-15
12167.62900352478,1.7031097711655532e-15
12169.34084892273,1.708728670100283e-15
12171.052694320679,1.7341743868687495e-15
12172.765731811523,1.7301734267423938e-15
12174.477577209473,1.7191383873846832e-15
12176.189422607422,1.7439929810350845e-15
12177.901268005371,1.7277382070190377e-15
12179.614305496216,1.6956535518891105e-15
12181.326150894165,1.7212648635987651e-15
12183.037996292114,1.7410570589607827e-15
12184.749841690063,1.7268713746766413e-15
12186.461687088013,1.7061760304346138e-15
12188.174724578857,1.6963795650040258e-15
12189.886569976807,1.698559192535548e-15
12191.598415374756,1.7169448896886498e-15
12193.310260772705,1.7044684120129491e-15
12195.022106170654,1.7014673742808272e-15
12196.733951568604,1.7174086402272715e-15
12198.445796966553,1.7040757063627784e-15
12200.157642364502,1.678818454425076e-15
12201.869487762451,1.6685523092252355e-15
12203.5813331604,1.6594784687777738e-15
12205.29317855835,1.6819339474841957e-15
12207.005023956299,1.6919111485699041e-15
12208.716869354248,1.6875642813637135e-15
12210.428714752197,1.6822215151697886e-15
12212.140560150146,1.6746170651275763e-15
12213.8512134552,1.6918485740109257e-15
12215.56305885315,1.706404094055662e-15
12217.274904251099,1.7174912259396288e-15
12218.986749649048,1.713974874538221e-15
12220.698595046997,1.7150104781953578e-15
12222.40924835205,1.7149518211637604e-15
12224.12109375,1.7134817954838006e-15
12225.83293914795,1.7193055705126475e-15
12227.544784545898,1.7362120305024881e-15
12229.255437850952,1.74405375564905e-15
12230.967283248901,1.7356312835380269e-15
12232.67912864685,1.7037380578541791e-15
12234.389781951904,1.6993782733955428e-15
12236.101627349854,1.6921397415865444e-15
12237.812280654907,1.6835021231069187e-15
12239.524126052856,1.6898233182340407e-15
12241.23477935791,1.6765355947531073e-15
12242.94662475586,1.6619853686642913e-15
12244.658470153809,1.6451874347708176e-15
12246.369123458862,1.6482002250850828e-15
12248.079776763916,1.6332577168625697e-15
12249.791622161865,1.6486391999099973e-15
12251.502275466919,1.649590947305356e-15
12253.214120864868,1.655381158653668e-15
12254.924774169922,1.6542432757681502e-15
12256.636619567871,1.6378431297225308e-15
12258.347272872925,1.626345504496501e-15
12260.057926177979,1.6557326773267785e-15
12261.768579483032,1.6754327578557822e-15
12263.480424880981,1.7076401268839429e-15
12265.191078186035,1.6977412763458555e-15
12266.901731491089,1.7106071774190563e-15
12268.613576889038,1.692285643011709e-15
12270.324230194092,1.6983321877056838e-15
12272.034883499146,1.698066219360246e-15
12273.7455368042,1.7035052296728026e-15
12275.456190109253,1.687666454712976e-15
12277.166843414307,1.6683891495037706e-15
12278.878688812256,1.6740073072846716e-15
12280.58934211731,1.6673557693081204e-15
12282.299995422363,1.665058192438693e-15
12284.010648727417,1.6723788864435752e-15
12285.72130203247,1.6683235044503584e-15
12287.431955337524,1.6763914932729556e-15
12289.142608642578,1.6713776934999206e-15
12290.853261947632,1.6882382019523727e-15
12292.563915252686,1.6819466529784046e-15
12294.27456855774,1.6622120558568002e-15
12295.985221862793,1.6731620742824302e-15
12297.695875167847,1.6716477911309763e-15
12299.405336380005,1.66653838251402e-15
12301.115989685059,1.651757551705314e-15
12302.826642990112,1.6590554816997387e-15
12304.537296295166,1.6762469682763304e-15
12306.24794960022,1.6516362142356199e-15
12307.958602905273,1.6535447912240206e-15
12309.668064117432,1.6673548163960547e-15
12311.378717422485,1.6707376542291516e-15
12313.089370727539,1.6832335077835207e-15
12314.798831939697,1.6756247166974537e-15
12316.509485244751,1.6716383678894381e-15
12318.220138549805,1.688281506511801e-15
12319.929599761963,1.6880713364617636e-15
12321.640253067017,1.6858869443699132e-15
12323.35090637207,1.6815169955159098e-15
12325.060367584229,1.6670343203046374e-15
12326.771020889282,1.672536328692646e-15
12328.48048210144,1.6542994975800242e-15
12330.191135406494,1.6659508592859807e-15
12331.900596618652,1.679676075284171e-15
12333.611249923706,1.6628357897433346e-15
12335.320711135864,1.6709186016425088e-15
12337.031364440918,1.6757376897167937e-15
12338.740825653076,1.6485342737036562e-15
12340.45147895813,1.6549193139391775e-15
12342.160940170288,1.652659430035903e-15
12343.870401382446,1.6395025731453204e-15
12345.5810546875,1.6505635528870407e-15
12347.290515899658,1.6485548142526271e-15
12349.001169204712,1.644874667855044e-15
12350.71063041687,1.640860896355361e-15
12352.420091629028,1.6738985694300678e-15
12354.129552841187,1.6739705672305844e-15
12355.84020614624,1.678610507836525e-15
12357.549667358398,1.6792157128773383e-15
12359.259128570557,1.654755730701239e-15
12360.968589782715,1.6620923065738822e-15
12362.678050994873,1.671367634983672e-15
12364.387512207031,1.6748146355625233e-15
12366.098165512085,1.664931137496605e-15
12367.807626724243,1.6621798686048046e-15
12369.517087936401,1.6677652038589994e-15
12371.22654914856,1.6588415000014386e-15
12372.936010360718,1.6548604451493434e-15
12374.645471572876,1.6534338299079303e-15
12376.354932785034,1.6649843946931636e-15
12378.064393997192,1.66107766698219e-15
12379.77385520935,1.6611227714866312e-15
12381.483316421509,1.6493339786849827e-15
12383.192777633667,1.6303627700070913e-15
12384.902238845825,1.6492147587976566e-15
12386.611700057983,1.656789033291123e-15
12388.319969177246,1.6543504254359779e-15
12390.029430389404,1.6424770352187223e-15
12391.738891601562,1.6285436608737443e-15
12393.44835281372,1.6222051015712035e-15
12395.157814025879,1.6330139831319973e-15
12396.866083145142,1.6275946663354642e-15
12398.5755443573,1.6146755080657048e-15
12400.285005569458,1.6188040525297407e-15
12401.994466781616,1.636416302722881e-15
12403.702735900879,1.6376351831339799e-15
12405.412197113037,1.6431306270166474e-15
12407.121658325195,1.653360349799756e-15
12408.829927444458,1.6374227896224559e-15
12410.539388656616,1.6424368011537277e-15
12412.248849868774,1.6358022038361216e-15
12413.957118988037,1.6228102007328983e-15
12415.666580200195,1.647664370866826e-15
12417.374849319458,1.6576612654685581e-15
12419.084310531616,1.6521623275749832e-15
12420.792579650879,1.669306486185647e-15
12422.502040863037,1.6697982946906466e-15
12424.2103099823,1.663026689793822e-15
12425.919771194458,1.674949631438492e-15
12427.62804031372,1.6813578592009444e-15
12429.336309432983,1.6619160178417349e-15
12431.045770645142,1.6442925444620435e-15
12432.754039764404,1.6442376990787088e-15
12434.463500976562,1.6371515273210977e-15
12436.171770095825,1.6281616490145326e-15
12437.880039215088,1.6273509326048918e-15
12439.58830833435,1.628636516860587e-15
12441.297769546509,1.6297920815588787e-15
12443.006038665771,1.6376005606622609e-15
12444.714307785034,1.6380780754862755e-15
12446.422576904297,1.6471955381305208e-15
12448.132038116455,1.6305428703875012e-15
12449.840307235718,1.5881592475310274e-15
12451.54857635498,1.620846566602926e-15
12453.256845474243,1.6230200531455806e-15
12454.965114593506,1.6289739536109495e-15
12456.673383712769,1.626272130267445e-15
12458.381652832031,1.6333193385094824e-15
12460.089921951294,1.638929343598266e-15
12461.798191070557,1.6376216306068238e-15
12463.50646018982,1.6500415688332952e-15
12465.214729309082,1.6510394795242792e-15
12466.922998428345,1.6370028730388546e-15
12468.631267547607,1.6319507450249563e-15
12470.33953666687,1.6547168730647837e-15
12472.047805786133,1.6630346307277026e-15
12473.756074905396,1.6572675010272033e-15
12475.464344024658,1.6620979181671577e-15
12477.17261314392,1.661284872416912e-15
12478.880882263184,1.6514476435257374e-15
12480.589151382446,1.6439000505701095e-15
12482.296228408813,1.622187525637548e-15
12484.004497528076,1.6140835379146925e-15
12485.712766647339,1.6314230434988169e-15
12487.421035766602,1.648296045687241e-15
12489.128112792969,1.6410106094287883e-15
12490.836381912231,1.6323710851250312e-15
12492.544651031494,1.6169298862548222e-15
12494.251728057861,1.613144813650898e-15
12495.959997177124,1.6036129401372085e-15
12497.668266296387,1.600941821738042e-15
12499.375343322754,1.6104262614066852e-15
12501.083612442017,1.610686724037966e-15
12502.790689468384,1.6089274366065187e-15
12504.498958587646,1.623827804939906e-15
12506.206035614014,1.6069589320370998e-15
12507.914304733276,1.5919242031024543e-15
12509.621381759644,1.6043198950108106e-15
12511.329650878906,1.6065421918270506e-15
12513.036727905273,1.607422047301011e-15
12514.744997024536,1.6304955424215734e-15
12516.452074050903,1.6295482419491879e-15
12518.160343170166,1.619889525251647e-15
12519.867420196533,1.6132289875500313e-15
12521.5744972229,1.6129290320075849e-15
12523.282766342163,1.6084902617266171e-15
12524.98984336853,1.5937617352024041e-15
12526.696920394897,1.6299533354562122e-15
12528.40518951416,1.6489373555074308e-15
12530.112266540527,1.6351902225317304e-15
12531.819343566895,1.6309445757627366e-15
12533.526420593262,1.6146369680666048e-15
12535.234689712524,1.6000565664290429e-15
12536.941766738892,1.5868600048690577e-15
12538.648843765259,1.6018479352333673e-15
12540.355920791626,1.6140009522023352e-15
12542.062997817993,1.610083954216876e-15
12543.77007484436,1.6060591712888789e-15
12545.477151870728,1.5924427990244108e-15
12547.184228897095,1.58359617516505e-15
12548.891305923462,1.567686990591483e-15
12550.59838294983,1.5669113201700348e-15
12552.305459976196,1.590123728693947e-15
12554.012537002563,1.5758113071050726e-15
12555.71961402893,1.5609682193747434e-15
12557.426691055298,1.6010859232181937e-15
12559.133768081665,1.6033449600885209e-15
12560.840845108032,1.6084777679906451e-15
12562.5479221344,1.6164741825291993e-15
12564.254999160767,1.617543349866871e-15
12565.962076187134,1.5991671818344259e-15
12567.669153213501,1.5853606506732992e-15
12569.375038146973,1.5916366354168615e-15
12571.08211517334,1.6106183261274751e-15
12572.789192199707,1.6021532906108525e-15
12574.496269226074,1.6116939520913697e-15
12576.202154159546,1.6142915903823618e-15
12577.909231185913,1.6160011146281578e-15
12579.61630821228,1.6325148689678277e-15
12581.323385238647,1.643472510689983e-15
12583.02927017212,1.6266480011377892e-15
12584.736347198486,1.6144460680161173e-15
12586.442232131958,1.6094200921444655e-15
12588.149309158325,1.5836926310419186e-15
12589.856386184692,1.6029749125696892e-15
12591.562271118164,1.6111262282584725e-15
12593.269348144531,1.6234374286303401e-15
12594.975233078003,1.6180814275466144e-15
12596.68231010437,1.6004438722441749e-15
12598.388195037842,1.582911878422787e-15
12600.095272064209,1.5703511209688346e-15
12601.80115699768,1.5681819754700347e-15
12603.508234024048,1.5886721259805898e-15
12605.21411895752,1.60378562897933e-15
12606.920003890991,1.6107068410704632e-15
12608.627080917358,1.600658383338067e-15
12610.33296585083,1.5969277326010039e-15
12612.038850784302,1.5991768168342009e-15
12613.745927810669,1.6118124308248669e-15
12615.45181274414,1.6364785596445042e-15
12617.157697677612,1.642869211473301e-15
12618.863582611084,1.6198776667903855e-15
12620.570659637451,1.6095778520308916e-15
12622.276544570923,1.6077059092174596e-15
12623.982429504395,1.5966122128281517e-15
12625.688314437866,1.5862351063122208e-15
12627.394199371338,1.604451714513227e-15
12629.10008430481,1.61660970780076e-15
12630.807161331177,1.6150425909692212e-15
12632.513046264648,1.6103063003655303e-15
12634.21893119812,1.6166469772504392e-15
12635.924816131592,1.6300502148495545e-15
12637.630701065063,1.6351147307203063e-15
12639.336585998535,1.622608924528807e-15
12641.042470932007,1.6130227350273749e-15
12642.748355865479,1.603506108106736e-15
12644.45424079895,1.62175077427412e-15
12646.160125732422,1.6371570330352548e-15
12647.866010665894,1.6312106499872928e-15
12649.571895599365,1.622360108600551e-15
12651.276588439941,1.6221197630017677e-15
12652.982473373413,1.6087979464447072e-15
12654.688358306885,1.6058684829966282e-15
12656.394243240356,1.6124531053703464e-15
12658.100128173828,1.6116361420927196e-15
12659.8060131073,1.6176239238759786e-15
12661.510705947876,1.606810383633975e-15
12663.216590881348,1.5912837403152117e-15
12664.92247581482,1.590776261700688e-15
12666.627168655396,1.6031916471250678e-15
12668.333053588867,1.6044833723696307e-15
12670.038938522339,1.618669056653772e-15
12671.743631362915,1.6086571272172262e-15
12673.449516296387,1.5992545321071115e-15
12675.155401229858,1.6090966314377328e-15
12676.860094070435,1.6203351704610213e-15
12678.565979003906,1.6115788614896615e-15
12680.270671844482,1.6050929184542985e-15
12681.976556777954,1.600485800375064e-15
12683.68124961853,1.5906473009344685e-15
12685.387134552002,1.6348490800122237e-15
12687.091827392578,1.6876850894378156e-15
12688.79771232605,1.7134697252643022e-15
12690.502405166626,1.745692764401987e-15
12692.208290100098,1.7178929313148641e-15
12693.912982940674,1.6803503135101854e-15
12695.61767578125,1.6637714435126954e-15
12697.323560714722,1.6531276274974979e-15
12699.028253555298,1.636375433383176e-15
12700.732946395874,1.63054827022254e-15
12702.438831329346,1.634976981987259e-15
12704.143524169922,1.6083279490380995e-15
12705.848217010498,1.5853987671559256e-15
12707.55410194397,1.5965944251362593e-15
12709.258794784546,1.603334054539325e-15
12710.963487625122,1.6014704761762471e-15
12712.668180465698,1.6073734487856623e-15
12714.372873306274,1.5892891894826646e-15
12716.07756614685,1.5835018368705496e-15
12717.783451080322,1.586887427560725e-15
12719.488143920898,1.5918860866198279e-15
12721.192836761475,1.595390261922619e-15
12722.89752960205,1.5875324431500592e-15
12724.602222442627,1.568691677546045e-15
12726.306915283203,1.5752865701942485e-15
12728.01160812378,1.580437906942094e-15
12729.716300964355,1.5812873751090716e-15
12731.420993804932,1.5696641772486113e-15
12733.125686645508,1.5711464849063063e-15
12734.830379486084,1.564934027633788e-15
12736.53507232666,1.5553639317583538e-15
12738.239765167236,1.5518982964546628e-15
12739.943265914917,1.5492155313524716e-15
12741.647958755493,1.5389503390646968e-15
12743.35265159607,1.5456698514352651e-15
12745.057344436646,1.5511908121854687e-15
12746.762037277222,1.5506912745048254e-15
12748.466730117798,1.5644279254478036e-15
12750.170230865479,1.564279906440271e-15
12751.874923706055,1.549583673047172e-15
12753.57961654663,1.5469443183835276e-15
12755.283117294312,1.5421840990990769e-15
12756.987810134888,1.5305685245351418e-15
12758.692502975464,1.5535027886149993e-15
12760.396003723145,1.5743040119754336e-15
12762.10069656372,1.5898238790306189e-15
12763.805389404297,1.5889310004250944e-15
12765.508890151978,1.6184337932526722e-15
12767.213582992554,1.6160788299010684e-15
12768.917083740234,1.585593796492031e-15
12770.62177658081,1.5651446212002992e-15
12772.325277328491,1.5781475298527184e-15
12774.029970169067,1.574574321364726e-15
12775.733470916748,1.5811774725841654e-15
12777.438163757324,1.5845556517360524e-15
12779.141664505005,1.5661147915622606e-15
12780.846357345581,1.5636871951354298e-15
12782.549858093262,1.5861032868098044e-15
12784.253358840942,1.608829392542874e-15
12785.958051681519,1.6097128479068603e-15
12787.6615524292,1.600872576794604e-15
12789.36505317688,1.5666681158350544e-15
12791.069746017456,1.5595365219356469e-15
12792.773246765137,1.5582936069646696e-15
12794.476747512817,1.576715620655385e-15
12796.180248260498,1.6151889159108593e-15
12797.884941101074,1.6193259307043678e-15
12799.588441848755,1.5901681979236778e-15
12801.291942596436,1.5375426761854785e-15
12802.995443344116,1.4657170351153924e-15
12804.698944091797,1.4899691765820591e-15
12806.402444839478,1.5744710892242795e-15
12808.105945587158,1.6331307677996e-15
12809.810638427734,1.6295220898069414e-15
12811.514139175415,1.6169351802107425e-15
12813.217639923096,1.6008885645414834e-15
12814.921140670776,1.581934508280774e-15
12816.624641418457,1.5937372771260522e-15
12818.328142166138,1.6207207822102588e-15
12820.031642913818,1.640051662253378e-15
12821.735143661499,1.64346605206376e-15
12823.437452316284,1.6493432960474025e-15
12825.140953063965,1.6322739939734522e-15
12826.844453811646,1.613342913481437e-15
12828.547954559326,1.6062973993052941e-15
12830.251455307007,1.6034967907443162e-15
12831.954956054688,1.6069354268728134e-15
12833.658456802368,1.6033819119008448e-15
12835.360765457153,1.6117584324744794e-15
12837.064266204834,1.6180543224923022e-15
12838.767766952515,1.5996082742417085e-15
12840.471267700195,1.5826546980441769e-15
12842.17357635498,1.580462365018446e-15
12843.877077102661,1.552400163475911e-15
12845.580577850342,1.5302207116311755e-15
12847.282886505127,1.54811047099366e-15
12848.986387252808,1.5654799403682935e-15
12850.689888000488,1.5826758738678583e-15
12852.392196655273,1.5780942726561597e-15
12854.095697402954,1.585544880339327e-15
12855.79800605774,1.5705663732165556e-15
12857.50150680542,1.5640733362802593e-15
12859.203815460205,1.5807492974293283e-15
12860.907316207886,1.5775467717348782e-15
12862.60962486267,1.5708289534302044e-15
12864.313125610352,1.5596185782524121e-15
12866.015434265137,1.5601991134586365e-15
12867.718935012817,1.5588585779404882e-15
12869.421243667603,1.5434887415960853e-15
12871.124744415283,1.5212573031042121e-15
12872.827053070068,1.5033377917094554e-15
12874.529361724854,1.5170431024333852e-15
12876.232862472534,1.5394736995469815e-15
12877.93517112732,1.5657867780534363e-15
12879.637479782104,1.573261420296482e-15
12881.340980529785,1.5709681844709093e-15
12883.04328918457,1.551468109596576e-15
12884.745597839355,1.5292160246766135e-15
12886.44790649414,1.5344534411477237e-15
12888.150215148926,1.5528446440149827e-15
12889.853715896606,1.573487366335162e-15
12891.556024551392,1.594150840962549e-15
12893.258333206177,1.5928755269813393e-15
12894.960641860962,1.5717615367051314e-15
12896.662950515747,1.573353323371259e-15
12898.365259170532,1.5702711822344374e-15
12900.067567825317,1.562339248078993e-15
12901.769876480103,1.5474082806803862e-15
12903.472185134888,1.5593985614443628e-15
12905.174493789673,1.5877410250133206e-15
12906.876802444458,1.580597466773533e-15
12908.579111099243,1.5529148418704864e-15
12910.281419754028,1.5456467697874524e-15
12911.983728408813,1.5416217751012184e-15
12913.686037063599,1.5397685728917444e-15
12915.388345718384,1.5434911768158087e-15
12917.090654373169,1.5583638048201733e-15
12918.792963027954,1.5744792419163968e-15
12920.494079589844,1.5699130990559857e-15
12922.196388244629,1.556195082837847e-15
12923.898696899414,1.5365092959898283e-15
12925.6010055542,1.5438808119715456e-15
12927.303314208984,1.548122964729632e-15
12929.004430770874,1.5447325036000098e-15
12930.70673942566,1.525013153071456e-15
12932.409048080444,1.5213227363993875e-15
12934.110164642334,1.5284214018929706e-15
12935.81247329712,1.5097693128779573e-15
12937.514781951904,1.5058669262108383e-15
12939.215898513794,1.5123153880382853e-15
12940.91820716858,1.5252868505925376e-15
12942.619323730469,1.5269660934104693e-15
12944.321632385254,1.5304356462415413e-15
12946.023941040039,1.5315031195133185e-15
12947.725057601929,1.5122852124895394e-15
12949.427366256714,1.5020473370143134e-15
12951.128482818604,1.5090225474558342e-15
12952.830791473389,1.5004801143036562e-15
12954.531908035278,1.4929298743700681e-15
12956.233024597168,1.4998911087679592e-15
12957.935333251953,1.5013597580193798e-15
12959.636449813843,1.4965829157133391e-15
12961.338758468628,1.4914076502847338e-15
12963.039875030518,1.4940592869261133e-15
12964.740991592407,1.5011027893990065e-15
12966.443300247192,1.504801252884074e-15
12968.144416809082,1.515033410886906e-15
12969.845533370972,1.5066514904782326e-15
12971.546649932861,1.5099272845226202e-15
12973.248958587646,1.5109554766414685e-15
12974.950075149536,1.5091401791563841e-15
12976.651191711426,1.5120415846380853e-15
12978.352308273315,1.5083416388453601e-15
12980.053424835205,1.4988667282973735e-15
12981.754541397095,1.5127230226441514e-15
12983.45685005188,1.522600591479439e-15
12985.15796661377,1.5233594271210605e-15
12986.85908317566,1.5000511979949903e-15
12988.560199737549,1.492192955705957e-15
12990.261316299438,1.4953683763460949e-15
12991.962432861328,1.4948008642714345e-15
12993.663549423218,1.4907722696951746e-15
12995.364665985107,1.5049399545291869e-15
12997.065782546997,1.5141478379405516e-15
12998.766899108887,1.51412867382012e-15
13000.468015670776,1.5189483971691153e-15
13002.169132232666,1.508931914930478e-15
13003.870248794556,1.4933550849095898e-15
13005.57017326355,1.4894848854944665e-15
13007.27128982544,1.5107195779656582e-15
13008.97240638733,1.5041274381745332e-15
13010.673522949219,1.497411631573109e-15
13012.374639511108,1.4979746967247964e-15
13014.074563980103,1.5177470926916719e-15
13015.775680541992,1.5041245794383362e-15
13017.476797103882,1.4867067233065908e-15
13019.177913665771,1.496380368959827e-15
13020.877838134766,1.5087711904287365e-15
13022.578954696655,1.5218881308916798e-15
13024.280071258545,1.5142640932125622e-15
13025.979995727539,1.5016861833414279e-15
13027.681112289429,1.4792761267768025e-15
13029.382228851318,1.4817150522693028e-15
13031.082153320312,1.4843147022635447e-15
13032.783269882202,1.4713146523473225e-15
13034.483194351196,1.481601867491726e-15
13036.184310913086,1.5081845142336445e-15
13037.88423538208,1.5140973336010715e-15
13039.58535194397,1.5018782480622178e-15
13041.285276412964,1.5000354220063477e-15
13042.986392974854,1.5175721803880639e-15
13044.686317443848,1.535420223377896e-15
13046.387434005737,1.5286427951295592e-15
13048.087358474731,1.50117499895776e-15
13049.787282943726,1.4690648269602966e-15
13051.488399505615,1.4786041120122746e-15
13053.18832397461,1.4746545032583462e-15
13054.888248443604,1.4889999591321634e-15
13056.589365005493,1.504049299385149e-15
13058.289289474487,1.5034177304438525e-15
13059.989213943481,1.4749373063836107e-15
13061.689138412476,1.4642650088855617e-15
13063.390254974365,1.4404976879020797e-15
13065.09017944336,1.4740949321175663e-15
13066.790103912354,1.5027863732607928e-15
13068.490028381348,1.5264869903996786e-15
13070.189952850342,1.5214372976055037e-15
13071.889877319336,1.49662738494307e-15
13073.590993881226,1.482737209278402e-15
13075.29091835022,1.4768178254056337e-15
13076.990842819214,1.4767006172215573e-15
13078.690767288208,1.4649959983190422e-15
13080.390691757202,1.459680231300311e-15
13082.090616226196,1.4907807400246472e-15
13083.79054069519,1.5109206424115127e-15
13085.490465164185,1.4930466590376708e-15
13087.190389633179,1.490445738494008e-15
13088.890314102173,1.4847573828576034e-15
13090.590238571167,1.4851597235075492e-15
13092.288970947266,1.4911424230931248e-15
13093.98889541626,1.4763577806361562e-15
13095.688819885254,1.4468185653918465e-15
13097.388744354248,1.4495126595597072e-15
13099.088668823242,1.4841278256195567e-15
13100.788593292236,1.5015663281793914e-15
13102.487325668335,1.4955297361225468e-15
13104.18725013733,1.4723265390819361e-15
13105.887174606323,1.4727667844562716e-15
13107.587099075317,1.4822506947293227e-15
13109.285831451416,1.4657023179179339e-15
13110.98575592041,1.4568106954332503e-15
13112.685680389404,1.456069329846166e-15
13114.384412765503,1.459468896579971e-15
13116.084337234497,1.4776144598925263e-15
13117.784261703491,1.474012346405209e-15
13119.48299407959,1.443517572117278e-15
13121.182918548584,1.4365460674449016e-15
13122.881650924683,1.441336674036335e-15
13124.581575393677,1.4527436667370087e-15
13126.280307769775,1.4536438510017033e-15
13127.98023223877,1.4642137633922529e-15
13129.678964614868,1.4593455474070272e-15
13131.378889083862,1.478559960419899e-15
13133.077621459961,1.475687777574878e-15
13134.777545928955,1.440469629935702e-15
13136.476278305054,1.4289581345451607e-15
13138.175010681152,1.4493534173656234e-15
13139.874935150146,1.4699706228182667e-15
13141.573667526245,1.4583395899030443e-15
13143.27359199524,1.4700777724860944e-15
13144.972324371338,1.4811534694252732e-15
13146.671056747437,1.4594878489421659e-15
13148.369789123535,1.4325826944055803e-15
13150.06971359253,1.430005596663559e-15
13151.768445968628,1.4448144854386428e-15
13153.467178344727,1.4472654811506416e-15
13155.165910720825,1.46002719717133e-15
13156.864643096924,1.479417581278994e-15
13158.564567565918,1.4900643619095068e-15
13160.263299942017,1.4553536928848545e-15
13161.962032318115,1.436672698870516e-15
13163.660764694214,1.4376505984081212e-15
13165.359497070312,1.454102413463523e-15
13167.058229446411,1.4599055420642807e-15
13168.75696182251,1.4567353095009446e-15
13170.455694198608,1.4860720838708605e-15
13172.154426574707,1.5284971054626314e-15
13173.853158950806,1.5097489840872232e-15
13175.551891326904,1.4725387208352233e-15
13177.250623703003,1.4299593274888153e-15
13178.949356079102,1.4580017296362082e-15
13180.6480884552,1.4677850660561138e-15
13182.346820831299,1.4601586990363913e-15
13184.045553207397,1.4645863520099263e-15
13185.7430934906,1.4870005378601696e-15
13187.4418258667,1.468736707572354e-15
13189.140558242798,1.4814378607373138e-15
13190.839290618896,1.4907504585967828e-15
13192.538022994995,1.450931651504595e-15
13194.235563278198,1.4716692415148668e-15
13195.934295654297,1.4993229614185884e-15
13197.633028030396,1.4874273365864674e-15
13199.331760406494,1.4382943434480345e-15
13201.029300689697,1.4477890533911631e-15
13202.728033065796,1.5025052642014228e-15
13204.426765441895,1.511927764585798e-15
13206.124305725098,1.514380136726336e-15
13207.823038101196,1.4861037417272641e-15
13209.5205783844,1.4504195142088614e-15
13211.219310760498,1.4659697685710294e-15
13212.918043136597,1.4298629774910651e-15
13214.6155834198,1.4339289473961226e-15
13216.314315795898,1.4779109214240653e-15
13218.011856079102,1.4620819932222506e-15
13219.7105884552,1.42407297790099e-15
13221.408128738403,1.423685142690266e-15
13223.105669021606,1.4431991936082289e-15
13224.804401397705,1.4477347374034204e-15
13226.501941680908,1.4658862299466065e-15
13228.200674057007,1.4579031561769715e-15
13229.89821434021,1.4514254717128442e-15
13231.595754623413,1.4606198025970529e-15
13233.294486999512,1.4789828416188157e-15
13234.992027282715,1.4853049896580033e-15
13236.689567565918,1.430640130220171e-15
13238.387107849121,1.414612784550462e-15
13240.08584022522,1.426651875588024e-15
13241.783380508423,1.4702792604484225e-15
13243.480920791626,1.5090508171804488e-15
13245.17846107483,1.4882519231606195e-15
13246.877193450928,1.474155494973295e-15
13248.57473373413,1.4466847341861803e-15
13250.272274017334,1.4156564350205976e-15
13251.969814300537,1.3958001827919439e-15
13253.66735458374,1.4073979696639866e-15
13255.364894866943,1.4523583726251264e-15
13257.062435150146,1.4498133562559825e-15
13258.75997543335,1.4314981745957396e-15
13260.457515716553,1.4033555049232154e-15
13262.155055999756,1.382862919192937e-15
13263.852596282959,1.3890515536638137e-15
13265.550136566162,1.3972919136911771e-15
13267.247676849365,1.3931556400514976e-15
13268.945217132568,1.3813359305472742e-15
13270.642757415771,1.4207961250654183e-15
13272.340297698975,1.4532747563949372e-15
13274.037837982178,1.4409562503638995e-15
13275.73537826538,1.4300346075420025e-15
13277.431726455688,1.3950856046218165e-15
13279.129266738892,1.3909784477396988e-15
13280.826807022095,1.3926087744049265e-15
13282.524347305298,1.360882202453451e-15
13284.220695495605,1.4119969350511038e-15
13285.918235778809,1.4507168227733476e-15
13287.615776062012,1.4292508903075555e-15
13289.313316345215,1.4360419769621669e-15
13291.009664535522,1.4174400746492784e-15
13292.707204818726,1.4088790067722607e-15
13294.404745101929,1.4372869036363939e-15
13296.101093292236,1.4008945565740865e-15
13297.79863357544,1.368948814847509e-15
13299.494981765747,1.3505755055512607e-15
13301.19252204895,1.3597972591271367e-15
13302.890062332153,1.3958277113627297e-15
13304.586410522461,1.3552451981894737e-15
13306.283950805664,1.3204436848812283e-15
13307.980298995972,1.3315463809956008e-15
13309.677839279175,1.375340313709253e-15
13311.374187469482,1.3730173258514082e-15
13313.07053565979,1.4110017772171984e-15
13314.768075942993,1.5039512553215043e-15
13316.4644241333,1.4637625065896031e-15
13318.161964416504,1.4179893755155728e-15
13319.858312606812,1.4551873567898374e-15
13321.55466079712,1.4457115992089035e-15
13323.252201080322,1.3340825035187986e-15
13324.94854927063,1.3428336244133564e-15
13326.644897460938,1.4246795593703425e-15
13328.34243774414,1.3556158809830158e-15
13330.038785934448,1.3103135943485405e-15
13331.735134124756,1.315007639183987e-15
13333.431482315063,1.3182433050424984e-15
13335.127830505371,1.2906760883785152e-15
13336.825370788574,1.3188187580510393e-15
13338.521718978882,1.3951933895643546e-15
13340.21806716919,1.4062108529884097e-15
13341.914415359497,1.4198516833292298e-15
13343.610763549805,1.3959073324597716e-15
13345.307111740112,1.3367333990063493e-15
13347.00345993042,1.300635184134976e-15
13348.699808120728,1.323482415579503e-15
13350.396156311035,1.3902890687997522e-15
13352.092504501343,1.3507443827451195e-15
13353.78885269165,1.2983329485843388e-15
13355.485200881958,1.2865385441894147e-15
13357.181549072266,1.2810084778350282e-15
13358.877897262573,1.285053695432878e-15
13360.57424545288,1.4085571342523041e-15
13362.270593643188,1.456449118243891e-15
13363.966941833496,1.337054742130714e-15
13365.663290023804,1.3035825411540657e-15
13367.358446121216,1.2981888471041872e-15
13369.054794311523,1.2998135621761393e-15
13370.751142501831,1.3565694283233874e-15
13372.447490692139,1.398200780043581e-15
13374.143838882446,1.3637342682659747e-15
13375.838994979858,1.4052717052081415e-15
13377.535343170166,1.4059747425543626e-15
13379.231691360474,1.3746507230110697e-15
13380.926847457886,1.3977415823070508e-15
13382.623195648193,1.3831748390757633e-15
13384.319543838501,1.322231771432882e-15
13386.014699935913,1.2934968139719904e-15
13387.71104812622,1.325456637621316e-15
13389.407396316528,1.3736326952875884e-15
13391.10255241394,1.3288735685305399e-15
13392.798900604248,1.3507130425260711e-15
13394.49405670166,1.4001088276363897e-15
13396.190404891968,1.3479348803381954e-15
13397.88556098938,1.2981070025456587e-15
13399.581909179688,1.2553511087088666e-15
13401.2770652771,1.2662393996084654e-15
13402.973413467407,1.3211527573371985e-15
13404.66856956482,1.3745210210910214e-15
13406.363725662231,1.4499182824623236e-15
13408.060073852539,1.3977089715385815e-15
13409.755229949951,1.3105384815960365e-15
13411.451578140259,1.2764174533817915e-15
13413.14673423767,1.283031086633953e-15
13414.841890335083,1.3030912620446583e-15
13416.53823852539,1.3670160974201115e-15
13418.233394622803,1.4008276409712534e-15
13419.928550720215,1.3423021112389543e-15
13421.623706817627,1.3245234190716786e-15
13423.320055007935,1.3382589053443543e-15
13425.015211105347,1.29344832133576e-15
13426.710367202759,1.2829487126798326e-15
13428.40552330017,1.317755943460472e-15
13430.100679397583,1.315258043299019e-15
13431.795835494995,1.315509717963472e-15
13433.490991592407,1.3338272289643198e-15
13435.187339782715,1.3260290201354231e-15
13436.882495880127,1.2691152882226306e-15
13438.577651977539,1.2836493148063303e-15
13440.272808074951,1.3966965554083758e-15
13441.967964172363,1.480101878021257e-15
13443.663120269775,1.4447065946169863e-15
13445.358276367188,1.4324128642996558e-15
13447.0534324646,1.4651049479318828e-15
13448.748588562012,1.4442271739688404e-15
13450.442552566528,1.367348875489264e-15
13452.13770866394,1.2967441265335266e-15
13453.832864761353,1.2713118564130978e-15
13455.528020858765,1.3128405053884368e-15
13457.223176956177,1.362707029059192e-15
13458.918333053589,1.3462272619165308e-15
13460.613489151001,1.3287315846327564e-15
13462.307453155518,1.3006535012224604e-15
13464.00260925293,1.263555787473327e-15
13465.697765350342,1.3562065805846073e-15
13467.392921447754,1.4689434894906025e-15
13469.08688545227,1.3753075970616654e-15
13470.782041549683,1.2873214143909145e-15
13472.477197647095,1.28562840728759e-15
13474.171161651611,1.3011522977492748e-15
13475.866317749023,1.2970759516906134e-15
13477.561473846436,1.4423524782983298e-15
13479.255437850952,1.700236211891993e-15
13480.950593948364,1.6508894488134968e-15
13482.64455795288,1.3727348403634989e-15
13484.339714050293,1.3748857746539327e-15
13486.034870147705,1.49967373893787e-15
13487.728834152222,1.3468673011872998e-15
13489.423990249634,1.3787701618709226e-15
13491.11795425415,1.4318229058518932e-15
13492.811918258667,1.3879888449523647e-15
13494.50707435608,1.3774823541537408e-15
13496.201038360596,1.2956775002946966e-15
13497.896194458008,1.2881660121184454e-15
13499.590158462524,1.3447350016217055e-15
13501.284122467041,1.3515864393738087e-15
13502.979278564453,1.3910290579582972e-15
13504.67324256897,1.5951792448396342e-15
13506.367206573486,1.7191172115610018e-15
13508.062362670898,1.6095908751624557e-15
13509.756326675415,1.5293781256068943e-15
13511.450290679932,1.4364104362942225e-15
13513.144254684448,1.3699394198793229e-15
13514.83941078186,1.4619484796539396e-15
13516.533374786377,1.5710124419424033e-15
13518.227338790894,1.6583955371547092e-15
13519.92130279541,1.7846897377771015e-15
13521.615266799927,1.4304481713784995e-15
13523.310422897339,1.2605170567750522e-15
13525.004386901855,1.4116962383548285e-15
13526.698350906372,1.6478300716871327e-15
13528.392314910889,1.4132014159020994e-15
13530.086278915405,1.3166289661241501e-15
13531.780242919922,1.5600666586815097e-15
13533.474206924438,1.9061364747214758e-15
13535.168170928955,1.5438570950490225e-15
13536.862134933472,1.489631316315223e-15
13538.556098937988,1.595827013286047e-15
13540.250062942505,1.3690707875919136e-15
13541.944026947021,1.3310773365010587e-15
13543.637990951538,1.6097224829066353e-15
13545.33076286316,1.7166186761248385e-15
13547.024726867676,1.9213349986522965e-15
13548.718690872192,2.523490085580668e-15
13550.412654876709,3.0414797437051163e-15
13552.106618881226,2.5050927417245416e-15
13553.800582885742,1.8651754436999155e-15
13555.493354797363,1.4846138107730438e-15
13557.18731880188,1.5868792748686077e-15
13558.881282806396,2.0360692112479173e-15
13560.575246810913,2.33374305869268e-15
13562.268018722534,1.791112576857894e-15
13563.96198272705,1.6426190191165058e-15
13565.655946731567,1.6173061806416399e-15
13567.348718643188,1.4809494403641033e-15
13569.042682647705,1.4581787595221844e-15
13570.735454559326,1.6465052062785085e-15
13572.429418563843,2.07358895916302e-15
13574.12338256836,1.8578932896941335e-15
13575.81615447998,1.5534242263091414e-15
13577.510118484497,1.859585238006274e-15
13579.202890396118,2.1751579504177042e-15
13580.896854400635,1.6681598153333015e-15
13582.589626312256,1.5337290162195844e-15
13584.283590316772,1.8246468229979286e-15
13585.976362228394,2.157948358511865e-15
13587.669134140015,2.1884716142826473e-15
13589.363098144531,2.0241501871306284e-15
13591.055870056152,1.7034663720363473e-15
13592.749834060669,1.659984782721995e-15
13594.44260597229,2.0704104680284484e-15
13596.135377883911,2.525817520361486e-15
13597.829341888428,3.974121887421935e-15
13599.522113800049,2.08743583026826e-15
13601.21488571167,1.4396089385821731e-15
13602.907657623291,1.5937726407516e-15
13604.601621627808,1.7330114106321693e-15
13606.294393539429,1.6038114634842212e-15
13607.98716545105,1.796747887055977e-15
13609.67993736267,2.0264687280655003e-15
13611.372709274292,2.8145687227398722e-15
13613.066673278809,3.52540216020747e-15
13614.75944519043,2.7432699361629783e-15
13616.45221710205,2.5772398317981107e-15
13618.144989013672,3.4426273477447013e-15
13619.837760925293,1.4854843488845844e-15
13621.530532836914,2.6530933262906278e-15
13623.223304748535,1.5808365629987192e-14
13624.916076660156,2.299620251709246e-14
13626.608848571777,3.90369575653895e-15
13628.301620483398,3.1846513934389057e-15
13629.99439239502,2.6563465680827947e-15
13631.68716430664,1.8107823759590334e-15
13633.379936218262,1.5398363355275248e-15
13635.072708129883,1.6232829509965846e-15
13636.765480041504,1.93249211663353e-15
13638.458251953125,1.7579873417522649e-15
13640.14983177185,1.7388394208257526e-15
13641.842603683472,1.9196629556144165e-15
13643.535375595093,2.219169358840564e-15
13645.228147506714,2.18295488869718e-15
13646.920919418335,2.471435887565392e-15
13648.61249923706,4.638347336966865e-15
13650.305271148682,3.3576809545634093e-15
13651.998043060303,2.135961077267038e-15
13653.690814971924,2.2176476641508217e-15
13655.38239479065,3.460182952609494e-15
13657.07516670227,3.3891173118513317e-15
13658.767938613892,1.7240255557321037e-15
13660.459518432617,1.3743385913700065e-15
13662.152290344238,1.512942086540135e-15
13663.84506225586,1.7591998694162594e-15
13665.536642074585,1.687911353113851e-15
13667.229413986206,1.5271340176922625e-15
13668.920993804932,1.7134667606489868e-15
13670.613765716553,2.262917128258591e-15
13672.305345535278,2.0765133404134157e-15
13673.9981174469,1.6970158985056506e-15
13675.689697265625,1.9188144403595045e-15
13677.382469177246,2.4561890827565777e-15
13679.074048995972,3.4037457826086503e-15
13680.765628814697,5.190824153297009e-15
13682.458400726318,4.1712755821589516e-15
13684.149980545044,3.715559151041929e-15
13685.842752456665,5.0571576955390704e-15
13687.53433227539,6.6999569209151046e-15
13689.225912094116,3.0853465212522324e-15
13690.918684005737,1.8227638687561823e-15
13692.610263824463,1.8281454925865625e-15
13694.301843643188,2.031376225203655e-15
13695.993423461914,1.7436826493390342e-15
13697.686195373535,1.5974008005020454e-15
13699.37777519226,1.8613136087351463e-15
13701.069355010986,2.5924860013322145e-15
13702.760934829712,2.622676373154726e-15
13704.452514648438,1.8783929693253452e-15
13706.145286560059,1.8649331922770008e-15
13707.836866378784,1.9918030576661708e-15
13709.52844619751,2.4262246569727464e-15
13711.220026016235,2.9840352397717505e-15
13712.911605834961,5.16636014771441e-15
13714.603185653687,2.4858449767893717e-15
13716.294765472412,1.9712241804543907e-15
13717.986345291138,2.020854381932862e-15
13719.677925109863,2.171939013459901e-15
13721.369504928589,2.2370997757845167e-15
13723.061084747314,2.8749409960554225e-15
13724.75266456604,2.883702704861821e-15
13726.444244384766,1.681083949921626e-15
13728.135824203491,1.5069913624483184e-15
13729.827404022217,1.7952469446734422e-15
13731.517791748047,1.9047761398081854e-15
13733.209371566772,1.6777596632410081e-15
13734.900951385498,2.0063732949083656e-15
13736.592531204224,2.0018274808386886e-15
13738.28411102295,1.483832211120965e-15
13739.975690841675,1.47800896548771e-15
13741.666078567505,1.6547285197678085e-15
13743.35765838623,1.6137606066035518e-15
13745.049238204956,1.7184051744897162e-15
13746.739625930786,1.7771369567446717e-15
13748.431205749512,1.6201625874980182e-15
13750.122785568237,2.2025130912075187e-15
13751.813173294067,2.506402889935707e-15
13753.504753112793,1.5413290193388236e-15
13755.196332931519,1.3420211080587027e-15
13756.886720657349,1.3512972835014398e-15
13758.578300476074,1.4483796471136362e-15
13760.268688201904,1.6726608425358925e-15
13761.96026802063,2.15044110550035e-15
13763.651847839355,1.656307495060609e-15
13765.342235565186,1.4770806173775193e-15
13767.033815383911,1.4959079363334959e-15
13768.724203109741,1.5971675488041953e-15
13770.414590835571,1.8638055796659685e-15
13772.106170654297,3.0871183024196516e-15
13773.796558380127,2.1357217904594385e-15
13775.488138198853,1.472428818310317e-15
13777.178525924683,1.382686206944316e-15
13778.868913650513,1.3707511950801477e-15
13780.560493469238,1.3768950426839384e-15
13782.250881195068,1.432490473693448e-15
13783.941268920898,1.5368401682348495e-15
13785.632848739624,1.6930413022797782e-15
13787.323236465454,2.296246180667153e-15
13789.013624191284,3.769756977688469e-15
13790.70520401001,2.1747816560308865e-15
13792.39559173584,1.4842298930897008e-15
13794.08597946167,1.5550241656673864e-15
13795.7763671875,1.5844456433320277e-15
13797.46675491333,1.511017310046618e-15
13799.15714263916,1.4757904803197326e-15
13800.848722457886,1.5167027010677073e-15
13802.539110183716,1.7211113388770753e-15
13804.229497909546,2.1293025512686718e-15
13805.919885635376,3.604373794737067e-15
13807.610273361206,6.899569975814474e-15
13809.300661087036,6.629025958395556e-15
13810.991048812866,4.9023823297026075e-15
13812.681436538696,4.386370705268235e-15
13814.371824264526,1.9665265357289184e-15
13816.062211990356,1.4699192714458394e-15
13817.752599716187,1.4895489423611026e-15
13819.442987442017,1.6682658003308267e-15
13821.133375167847,2.0097785791145647e-15
13822.823762893677,2.17697780070488e-15
13824.512958526611,2.4593277633426286e-15
13826.203346252441,2.973965076820081e-15
13827.893733978271,2.332527778171607e-15
13829.584121704102,3.586799131630961e-15
13831.274509429932,3.442892257298955e-15
13832.964897155762,1.9528118017634504e-15
13834.654092788696,1.7582833797673302e-15
13836.344480514526,2.0047891315387633e-15
13838.034868240356,2.218811487420349e-15
13839.725255966187,3.3464545916387376e-15
13841.414451599121,3.0470953603871755e-15
13843.104839324951,1.698135993699276e-15
13844.795227050781,1.7019101607540043e-15
13846.484422683716,1.9205138002099335e-15
13848.174810409546,1.7782870157288062e-15
13849.86400604248,1.8824657154939807e-15
13851.55439376831,2.6163467076981313e-15
13853.24478149414,4.906759795974018e-15
13854.933977127075,2.933727411935476e-15
13856.624364852905,1.7964258027777834e-15
13858.31356048584,1.62535204072849e-15
13860.00394821167,2.213556918532057e-15
13861.693143844604,1.879542816551243e-15
13863.383531570435,1.4695554707949937e-15
13865.07272720337,1.7590226277720464e-15
13866.7631149292,2.2228478111722526e-15
13868.452310562134,1.6495577012621762e-15
13870.141506195068,1.4582547807292004e-15
13871.831893920898,1.5531004479650535e-15
13873.521089553833,1.5765554255492355e-15
13875.210285186768,1.4410984460199198e-15
13876.900672912598,1.5233709679449668e-15
13878.589868545532,1.8949179468515662e-15
13880.279064178467,2.3856346263820835e-15
13881.969451904297,3.2398184375353415e-15
13883.658647537231,4.0398736669854975e-15
13885.347843170166,3.2484600794214667e-15
13887.0370388031,1.632541232868311e-15
13888.72742652893,1.2965234744507668e-15
13890.416622161865,1.4349315167683165e-15
13892.1058177948,1.6426321481271882e-15
13893.795013427734,1.3762267336885547e-15
13895.484209060669,1.2814130419464605e-15
13897.173404693604,1.3089228721282673e-15
13898.862600326538,1.3800925920598233e-15
13900.551795959473,2.097116781580666e-15
13902.240991592407,1.7320293818089464e-15
13903.930187225342,1.3069403915152186e-15
13905.620574951172,1.284807738240819e-15
13907.309770584106,1.3083676420313421e-15
13908.997774124146,1.4757558578480136e-15
13910.68696975708,1.879474418640752e-15
13912.376165390015,1.6494093646172883e-15
13914.06536102295,1.3546835094663257e-15
13915.754556655884,1.28258935895196e-15
13917.443752288818,1.3470157437113061e-15
13919.132947921753,1.4528999443157772e-15
13920.822143554688,1.4918018382425622e-15
13922.511339187622,1.800141948075625e-15
13924.200534820557,-1.958896171772476e-16
13925.888538360596,-2.150368472425123e-15
13927.57773399353,4.145214072437831e-15
13929.266929626465,1.962906952187064e-15
13930.9561252594,1.685369195480904e-15
13932.644128799438,1.592553760340501e-15
13934.333324432373,1.3996469829218993e-15
13936.022520065308,1.4187674811567443e-15
13937.710523605347,1.438305672513704e-15
13939.399719238281,1.4287876691645258e-15
13941.088914871216,1.6135916235305746e-15
13942.776918411255,1.6617290353186285e-15
13944.46611404419,1.44803913986884e-15
13946.155309677124,1.3791767376856046e-15
13947.843313217163,1.6826249146109184e-15
13949.532508850098,1.9162506833864026e-15
13951.220512390137,3.60812106849572e-15
13952.909708023071,3.3858765637951368e-15
13954.59771156311,2.5091377475641545e-15
13956.286907196045,2.525164457959153e-15
13957.974910736084,4.584910569423433e-15
13959.664106369019,2.343774469887013e-15
13961.352109909058,1.7342526315372521e-15
13963.041305541992,1.743690378514678e-15
13964.729309082031,2.1924787153978706e-15
13966.41731262207,4.440107322474995e-15
13968.106508255005,2.7440890170229732e-15
13969.794511795044,1.4934640345224304e-15
13971.482515335083,1.3529897612091723e-15
13973.171710968018,1.7057042330829932e-15
13974.859714508057,2.0870497950025487e-15
13976.547718048096,1.412083120653487e-15
13978.23691368103,1.2588494606601453e-15
13979.92491722107,1.2157828116108292e-15
13981.612920761108,1.226618268830343e-15
13983.300924301147,1.435176838685665e-15
13984.988927841187,1.572114114169426e-15
13986.678123474121,1.5274153385098693e-15
13988.36612701416,1.3811496891779967e-15
13990.0541305542,1.2689094592164478e-15
13991.742134094238,1.3338672512710776e-15
13993.430137634277,1.4092042674240064e-15
13995.118141174316,1.4948012877879081e-15
13996.806144714355,2.066431954275195e-15
13998.494148254395,2.32884191430163e-15
14000.182151794434,1.802929321746802e-15
14001.870155334473,2.112650307042126e-15
14003.558158874512,1.9590603638153454e-15
14005.24616241455,1.92309852124848e-15
14006.93416595459,3.713692713942654e-15
14008.622169494629,7.2532583238194e-15
14010.310173034668,2.5620542251197356e-15
14011.998176574707,1.7367961655987384e-15
14013.686180114746,1.9727081821779803e-15
14015.374183654785,2.5744744809835622e-15
14017.062187194824,3.646206634419589e-15
14018.748998641968,2.2221701848144492e-15
14020.437002182007,1.6498988437816829e-15
14022.125005722046,1.5747289048776e-15
14023.813009262085,1.4983865664953988e-15
14025.501012802124,1.2892857896747156e-15
14027.187824249268,1.2289776791049199e-15
14028.875827789307,1.2805491742193796e-15
14030.563831329346,1.3329413383806102e-15
14032.25064277649,1.6272908991447552e-15
14033.938646316528,1.830429305170597e-15
14035.626649856567,1.4356387892792738e-15
14037.313461303711,1.2915568967645412e-15
14039.00146484375,1.3008818824808638e-15
14040.689468383789,1.2845931212678084e-15
14042.376279830933,1.5448318182130754e-15
14044.064283370972,2.0200268307433945e-15
14045.751094818115,2.1690156910006897e-15
14047.439098358154,1.965720583879606e-15
14049.125909805298,1.825189135842408e-15
14050.813913345337,2.1714151235820243e-15
14052.50072479248,3.3926164049564392e-15
14054.18872833252,3.0629753223240623e-15
14055.875539779663,1.921299211510275e-15
14057.563543319702,1.418103936721689e-15
14059.250354766846,1.3982254498781698e-15
14060.938358306885,1.39193866546453e-15
14062.625169754028,1.3534922635051309e-15
14064.311981201172,1.3844151070687804e-15
14065.999984741211,1.221188258242851e-15
14067.686796188354,1.2644714300893089e-15
14069.373607635498,1.4551908508007448e-15
14071.061611175537,1.64266592356596e-15
14072.74842262268,2.782075903608487e-15
14074.435234069824,3.484915891152846e-15
14076.122045516968,3.994480324309192e-15
14077.810049057007,1.7961170592685092e-15
14079.49686050415,1.2966691641176946e-15
14081.183671951294,1.2410496985483066e-15
14082.870483398438,1.2466379984178168e-15
14084.557294845581,1.3514617137723255e-15
14086.244106292725,1.5524486561121413e-15
14087.932109832764,1.2735910103159223e-15
14089.618921279907,1.1905984045065907e-15
14091.30573272705,1.3715929340714817e-15
14092.992544174194,1.7551280761596896e-15
14094.679355621338,2.0512084428724302e-15
14096.366167068481,4.38606069120954e-15
14098.052978515625,2.646887539402569e-15
14099.739789962769,1.7894695446984575e-15
14101.426601409912,1.928717949578802e-15
14103.113412857056,1.460693494463464e-15
14104.8002243042,1.2682905957693601e-15
14106.487035751343,1.4585196902834542e-15
14108.173847198486,1.7079963042382633e-15
14109.86065864563,1.337070094602883e-15
14111.546277999878,1.23938009073015e-15
14113.233089447021,1.4929468150290132e-15
14114.919900894165,1.5513968529498883e-15
14116.606712341309,1.581931120148985e-15
14118.293523788452,1.5018852360840326e-15
14119.980335235596,1.2994592906459502e-15
14121.665954589844,1.2103440130565093e-15
14123.352766036987,1.1857047775329474e-15
14125.03957748413,1.7893674772283133e-15
14126.726388931274,1.7476262229832134e-15
14128.412008285522,1.3858765565401493e-15
14130.098819732666,1.230211170834359e-15
14131.78563117981,1.211974869117329e-15
14133.471250534058,1.2321155126580234e-15
14135.158061981201,1.177880628320041e-15
14136.84368133545,1.3303804401437053e-15
14138.530492782593,1.844078182324416e-15
14140.217304229736,1.339375188889717e-15
14141.902923583984,1.2614508047202816e-15
14143.589735031128,1.8576817432155567e-15
14145.275354385376,1.6996489004221906e-15
14146.96216583252,1.3635140396996885e-15
14148.647785186768,1.6908967207364487e-15
14150.334596633911,2.4666916560278206e-15
14152.02021598816,1.4986054186331456e-15
14153.707027435303,1.3647264614845647e-15
14155.39264678955,1.782470934971769e-15
14157.078266143799,1.6022680635752054e-15
14158.765077590942,1.4471566374169194e-15
14160.45069694519,1.3307532405196156e-15
14162.137508392334,1.274031043932021e-15
14163.823127746582,1.3030686039133192e-15
14165.50874710083,1.1707060474985603e-15
14167.195558547974,1.1851534649634033e-15
14168.881177902222,1.2821697600057138e-15
14170.56679725647,1.2978261052445255e-15
14172.252416610718,1.3479792436888079e-15
14173.939228057861,1.2578581144745025e-15
14175.62484741211,1.1644802494571228e-15
14177.310466766357,1.3773484170689562e-15
14178.996086120605,1.6608473798996552e-15
14180.681705474854,1.2170968773493759e-15
14182.368516921997,1.3299526885053418e-15
14184.054136276245,1.4376795034074462e-15
14185.739755630493,1.1776952339837107e-15
14187.425374984741,1.120832218168635e-15
14189.11099433899,1.2859127985996306e-15
14190.796613693237,1.474884260945289e-15
14192.482233047485,1.9305871395351552e-15
14194.167852401733,1.9733417628225265e-15
14195.853471755981,2.2828787302100594e-15
14197.53909111023,2.138790590827341e-15
14199.224710464478,1.5964716053589074e-15
14200.910329818726,1.3984237614669457e-15
14202.595949172974,1.6399457831349712e-15
14204.281568527222,1.204776783131562e-15
14205.96718788147,1.0797746253910878e-15
14207.652807235718,1.4792983613916679e-15
14209.338426589966,1.8193820897142695e-15
14211.022853851318,1.291262446936252e-15
14212.708473205566,1.2609627019844263e-15
14214.394092559814,1.2975550547014041e-15
14216.079711914062,1.1636496277732215e-15
14217.76533126831,1.4335207833946644e-15
14220.075607299805,1.3041835110301427e-15
14222.22375869751,1.2496879523026428e-15
14224.371910095215,1.3070459529962702e-15
14226.521253585815,1.183449340552646e-15
14228.66940498352,1.3048042803013617e-15
14230.817556381226,1.322369414286811e-15
14232.96570777893,1.1633581425602476e-15
14235.113859176636,1.4337089305880733e-15
14237.26201057434,1.4638422335657634e-15
14239.410161972046,1.2309549716411666e-15
14241.558313369751,1.420930591545795e-15
14243.706464767456,1.5491215106953264e-15
14245.854616165161,1.2455333615754788e-15
14248.002767562866,1.2275529696876382e-15
14250.150918960571,1.2175315111304357e-15
14252.299070358276,1.2400869397246337e-15
14254.447221755981,1.226170823675956e-15
14256.595373153687,1.2139334210496179e-15
14258.743524551392,1.339663285970902e-15
14260.891675949097,1.5089825251490764e-15
14263.038635253906,1.3067319155310756e-15
14265.186786651611,1.1819039289403806e-15
14267.334938049316,1.1754804545848776e-15
14269.483089447021,1.1416187243316108e-15
14271.630048751831,1.1674335357068433e-15
14273.778200149536,1.2252133588082034e-15
14275.926351547241,1.3099400528188013e-15
14278.07331085205,1.2636563726358134e-15
14280.221462249756,1.4276530685316787e-15
14282.369613647461,1.3038977432895628e-15
14284.51657295227,1.4099366332860261e-15
14286.664724349976,1.4249143992549687e-15
14288.811683654785,1.3606820909196622e-15
14290.95983505249,1.3826952066693806e-15
14293.1067943573,1.4085257940332557e-15
14295.254945755005,1.1953413654947412e-15
14297.401905059814,1.1941706600825173e-15
14299.55005645752,1.190383469896225e-15
14301.69701576233,1.3880820185765627e-15
14303.845167160034,1.2534658251265153e-15
14305.992126464844,1.1528768509918045e-15
14308.139085769653,1.1275609420225048e-15
14310.287237167358,1.1311097983132635e-15
14312.434196472168,1.233777285421418e-15
14314.581155776978,1.4312218300966979e-15
14316.728115081787,1.3105483283540483e-15
14318.876266479492,1.4125101311380215e-15
14321.023225784302,1.5119765748593836e-15
14323.170185089111,1.2757121925740839e-15
14325.31714439392,1.247948040749864e-15
14327.46410369873,1.5831187662201538e-15
14329.612255096436,1.4222331164604352e-15
14331.759214401245,1.310708311701961e-15
14333.906173706055,1.28285850367095e-15
14336.053133010864,1.1880528587418547e-15
14338.200092315674,1.1969942444121895e-15
14340.347051620483,1.2560357230884849e-15
14342.494010925293,1.2414090522761792e-15
14344.640970230103,1.3361368760532455e-15
14346.787929534912,1.5522847552368476e-15
14348.934888839722,1.3366931649413548e-15
14351.081848144531,1.252679143276753e-15
14353.227615356445,1.2257466719276184e-15
14355.374574661255,1.3011477449471833e-15
14357.521533966064,1.2711441438895414e-15
14359.668493270874,1.1758804658942184e-15
14361.815452575684,1.210743706728495e-15
14363.962411880493,1.4135969802884672e-15
14366.108179092407,1.3743808371382508e-15
14368.255138397217,1.2790852895282873e-15
14370.402097702026,1.1916450195920418e-15
14372.54786491394,1.1512175134481334e-15
14374.69482421875,1.2537645101195409e-15
14376.84178352356,1.294246861646784e-15
14378.987550735474,1.428989157126854e-15
14381.134510040283,1.9526591240747078e-15
14383.281469345093,1.3993089108968264e-15
14385.427236557007,1.1711852563884694e-15
14387.574195861816,1.211239538639994e-15
14389.71996307373,1.1853863990238982e-15
14391.86692237854,1.1483507304381512e-15
14394.012689590454,1.1812135970883683e-15
14396.159648895264,1.1828224302925594e-15
14398.305416107178,1.4871453804941501e-15
14400.451183319092,1.3163812089870782e-15
14402.598142623901,1.1800022340946762e-15
14404.743909835815,1.109308017283885e-15
14406.88967704773,1.212908193546085e-15
14409.036636352539,1.2544392777411473e-15
14411.182403564453,1.2425894985672965e-15
14413.328170776367,1.1790605452155663e-15
14415.475130081177,1.2577813521136576e-15
14417.62089729309,1.4569232449361167e-15
14419.766664505005,1.2968557231243273e-15
14421.912431716919,1.1967058296936495e-15
14424.058198928833,1.209792912245202e-15
14426.203966140747,1.2250139884282434e-15
14428.350925445557,1.1444483437710322e-15
14430.49669265747,1.257561758822082e-15
14432.642459869385,1.5409722067097928e-15
14434.788227081299,1.2288255308117693e-15
14436.933994293213,1.1558875237237015e-15
14439.079761505127,1.1714914587989018e-15
14441.225528717041,1.1752826723916937e-15
14443.371295928955,1.2104638682185458e-15
14445.51706314087,1.260328591944288e-15
14447.662830352783,1.2917999952204032e-15
14449.808597564697,1.185504771878277e-15
14451.953172683716,1.1544772138665231e-15
14454.09893989563,1.1928261011578695e-15
14456.244707107544,1.3020699520685064e-15
14458.390474319458,1.2882196928314777e-15
14460.536241531372,2.0205672377637427e-15
14462.68081665039,1.3646996740676078e-15
14464.826583862305,1.2945020303221444e-15
14466.972351074219,1.2141715431869147e-15
14469.118118286133,1.136489939835986e-15
14471.262693405151,1.2037422382656093e-15
14473.408460617065,1.3128630576406575e-15
14475.55422782898,1.3374052020126404e-15
14477.698802947998,1.2712469525135144e-15
14479.844570159912,1.1592469622716305e-15
14481.98914527893,1.0916402864326997e-15
14484.134912490845,1.1637475659577478e-15
14486.279487609863,1.1761189056688705e-15
14488.425254821777,1.1489368772376512e-15
14490.569829940796,1.2179814973836646e-15
14492.71559715271,1.1813195820858935e-15
14494.860172271729,1.167788230753506e-15
14497.005939483643,1.1666516184174092e-15
14499.150514602661,1.1772959638281988e-15
14501.29508972168,1.2231139876484336e-15
14503.440856933594,1.265278334850687e-15
14505.585432052612,1.37992202080007e-15
14507.73000717163,1.4272669273868491e-15
14509.875774383545,1.601946508692604e-15
14512.020349502563,1.401799187761754e-15
14514.164924621582,1.5360191815507233e-15
14516.3094997406,1.2376722605502485e-15
14518.45407485962,1.132333231526454e-15
14520.599842071533,1.167390760543007e-15
14522.744417190552,1.153231228401112e-15
14524.88899230957,1.2196805395967383e-15
14527.033567428589,1.1497428290869636e-15
14529.178142547607,1.096754883126458e-15
14531.322717666626,1.1955606411489616e-15
14533.467292785645,1.2812572937632842e-15
14535.611867904663,1.1647234537921032e-15
14537.756443023682,1.153557865481397e-15
14539.9010181427,1.1212276766758844e-15
14542.045593261719,1.1200999581857337e-15
14544.190168380737,1.1133599052661944e-15
14546.334743499756,1.1639550890298251e-15
14548.479318618774,1.17800895381155e-15
14550.623893737793,1.148942806468282e-15
14552.767276763916,1.121527949855686e-15
14554.911851882935,1.204519602752952e-15
14557.056427001953,1.3638412061755655e-15
14559.201002120972,1.17603653171475e-15
14561.34557723999,1.1476235526529334e-15
14563.488960266113,1.1698596498260164e-15
14565.633535385132,1.1956605910367376e-15
14567.77811050415,1.1664895174871284e-15
14569.921493530273,1.1302626594868908e-15
14572.066068649292,1.170340023386228e-15
14574.21064376831,1.1643848523714383e-15
14576.354026794434,1.1419724664662079e-15
14578.498601913452,1.1369876775716163e-15
14580.641984939575,1.2455680899263162e-15
14582.786560058594,1.1531847474681315e-15
14584.929943084717,1.0763008373952795e-15
14587.074518203735,1.0999062692067176e-15
14589.217901229858,1.1362904635769076e-15
14591.362476348877,1.1244159086893496e-15
14593.505859375,1.1238206562856666e-15
14595.650434494019,1.1155124277434044e-15
14597.793817520142,1.0998494121201331e-15
14599.937200546265,1.1032630607766864e-15
14602.081775665283,1.1071671415096998e-15
14604.225158691406,1.1146437954559951e-15
14606.36854171753,1.3284947330448804e-15
14608.511924743652,1.2075390634516767e-15
14610.65649986267,1.1058735104410057e-15
14612.799882888794,1.059707250200331e-15
14614.943265914917,1.1389148892848567e-15
14617.08664894104,1.1972641302850084e-15
14619.230031967163,1.167164073350498e-15
14621.374607086182,1.1542635498055782e-15
14623.517990112305,1.126900150444528e-15
14625.661373138428,1.103631520108742e-15
14627.80475616455,1.1346217027916983e-15
14629.948139190674,1.1345767041663754e-15
14632.091522216797,1.1636818150252172e-15
14634.23490524292,1.3051943389735723e-15
14636.378288269043,1.3758933203446917e-15
14638.521671295166,1.1609378517925869e-15
14640.665054321289,1.1087341524621203e-15
14642.808437347412,1.1353860441474769e-15
14644.951820373535,1.1055826605027423e-15
14647.094011306763,1.102311631018683e-15
14649.237394332886,1.0929411172814455e-15
14651.380777359009,1.0779392108735061e-15
14653.524160385132,1.061709847845877e-15
14655.667543411255,1.446644288362949e-15
14657.809734344482,1.189330925580143e-15
14659.953117370605,1.063440230277999e-15
14662.096500396729,1.1256228247600686e-15
14664.239883422852,1.1895473424981665e-15
14666.38207435608,1.178135691116283e-15
14668.525457382202,1.2226449431538915e-15
14670.66764831543,1.1465051515252025e-15
14672.811031341553,1.1938955861328965e-15
14674.954414367676,1.1978877582924244e-15
14677.096605300903,1.0907462431568728e-15
14679.239988327026,1.0904259588236922e-15
14681.382179260254,1.2022303903338788e-15
14683.525562286377,1.1054799577578877e-15
14685.667753219604,1.1003819840857193e-15
14687.811136245728,1.1265803955069396e-15
14689.953327178955,1.1075393066108997e-15
14692.095518112183,1.0896029604363163e-15
14694.238901138306,1.1457149756645326e-15
14696.381092071533,1.1629923302061522e-15
14698.524475097656,1.2752567006066979e-15
14700.666666030884,1.3037734412045532e-15
14702.808856964111,1.1206397299313715e-15
14704.951047897339,1.1556800006516242e-15
14707.094430923462,1.2290816523991954e-15
14709.23662185669,1.3568563607342697e-15
14711.378812789917,1.4186014626990824e-15
14713.521003723145,1.3356071628238563e-15
14715.663194656372,1.2559780189689532e-15
14717.806577682495,1.1253572799311043e-15
14719.948768615723,1.1223685241767175e-15
14722.09095954895,1.1310644820505854e-15
14724.233150482178,1.1166662983758016e-15
14726.375341415405,1.2909865259536839e-15
14728.517532348633,1.3756651508445251e-15
14730.65972328186,1.1637207785407909e-15
14732.801914215088,1.0836055436532822e-15
14734.944105148315,1.1655321584984942e-15
14737.086296081543,1.1282483092592017e-15
14739.22848701477,1.140009997006538e-15
14741.370677947998,1.254453783180369e-15
14743.512868881226,1.1474232293609077e-15
14745.653867721558,1.1144072615054744e-15
14747.796058654785,1.0777956387889465e-15
14749.938249588013,1.0744759049104201e-15
14752.08044052124,1.0737094459722734e-15
14754.222631454468,1.0776962182967626e-15
14756.3636302948,1.1104432531914427e-15
14758.505821228027,1.114822837045221e-15
14760.648012161255,1.1805372412799857e-15
14762.789011001587,1.262561794309724e-15
14764.931201934814,1.1501392405062786e-15
14767.073392868042,1.1236091098070899e-15
14769.214391708374,1.1574468055004783e-15
14771.356582641602,1.1887099445506873e-15
14773.497581481934,1.259539157237447e-15
14775.639772415161,1.1712672068261163e-15
14777.780771255493,1.0909117322189426e-15
14779.92296218872,1.1220860386888082e-15
14782.063961029053,1.2552038308551628e-15
14784.20615196228,1.2123587868006721e-15
14786.347150802612,1.1079997748968508e-15
14788.48934173584,1.0778890241713813e-15
14790.630340576172,1.0945429624638217e-15
14792.7725315094,1.1550647370945624e-15
14794.913530349731,1.1235129715675765e-15
14797.054529190063,1.147505285677673e-15
14799.195528030396,1.1895731770030578e-15
14801.337718963623,1.0976555967867445e-15
14803.478717803955,1.120450629825897e-15
14805.619716644287,1.2019327641320373e-15
14807.76071548462,1.2543191049417556e-15
14809.902906417847,1.2051196197169632e-15
14812.043905258179,1.099851741460738e-15
14814.18490409851,1.0727600279175197e-15
14816.325902938843,1.0790239424415837e-15
14818.466901779175,1.1260593643652598e-15
14820.607900619507,1.246089121067996e-15
14822.748899459839,1.1659642511807123e-15
14824.88989830017,1.1806732959471385e-15
14827.030897140503,1.1264361881476695e-15
14829.171895980835,1.1041411163056339e-15
14831.312894821167,1.0889964848460822e-15
14833.453893661499,1.1328467452507269e-15
14835.594892501831,1.1458097374755067e-15
14837.735891342163,1.1284579499136471e-15
14839.876890182495,1.0981508993026514e-15
14842.017889022827,1.0843690379761135e-15
14844.15888786316,1.0750213941284519e-15
14846.299886703491,1.0954686635960523e-15
14848.439693450928,1.1527881242905796e-15
14850.58069229126,1.0672116444756488e-15
14852.721691131592,1.0586164835225042e-15
14854.862689971924,1.083503476183138e-15
14857.00249671936,1.0975246243172753e-15
14859.143495559692,1.0822689256625149e-15
14861.284494400024,1.0517208941780254e-15
14863.424301147461,1.0879547402000778e-15
14865.565299987793,1.1354663005192292e-15
14867.70510673523,1.116969112654445e-15
14869.846105575562,1.1548485319347757e-15
14871.987104415894,1.1290961892394032e-15
14874.12691116333,1.128392304860235e-15
14876.267910003662,1.1462172662022544e-15
14878.407716751099,1.1330689855202627e-15
14880.54871559143,1.1257006459120976e-15
14882.688522338867,1.159195293261848e-15
14884.828329086304,1.1606624602056108e-15
14886.969327926636,1.1589643709046028e-15
14889.109134674072,1.1222651861571525e-15
14891.250133514404,1.1226794911474783e-15
14893.38994026184,1.1202367540067153e-15
14895.529747009277,1.0852178708683807e-15
14897.67074584961,1.0722659959510336e-15
14899.810552597046,1.1498068859535997e-15
14901.950359344482,1.1350267962987226e-15
14904.090166091919,1.1018455511394563e-15
14906.229972839355,1.0905930360725381e-15
14908.370971679688,1.0764219631067369e-15
14910.510778427124,1.0806765037216768e-15
14912.65058517456,1.0973969341004767e-15
14914.790391921997,1.1084358909855684e-15
14916.930198669434,1.108646378672961e-15
14919.07000541687,1.1030497143530967e-15
14921.209812164307,1.0503556888252883e-15
14923.349618911743,1.0907263378826123e-15
14925.48942565918,1.098917040603443e-15
14927.629232406616,1.1064557397131246e-15
14929.769039154053,1.1025294243652457e-15
14931.90884590149,1.1158440411422545e-15
14934.048652648926,1.1222547041244302e-15
14936.188459396362,1.1048745409588377e-15
14938.328266143799,1.0952734225017102e-15
14940.468072891235,1.0844328830845128e-15
14942.606687545776,1.0867003902843126e-15
14944.746494293213,1.0946986047678797e-15
14946.88630104065,1.0763919993162278e-15
14949.026107788086,1.0624217790380442e-15
14951.165914535522,1.0570217322410612e-15
14953.304529190063,1.0916185812134263e-15
14955.4443359375,1.0940245783001021e-15
14957.584142684937,1.0874038511470073e-15
14959.722757339478,1.089612277798736e-15
14961.862564086914,1.1251485921887246e-15
14964.001178741455,1.0982489433662961e-15
14966.140985488892,1.0752083766515583e-15
14968.280792236328,1.1152717645072658e-15
14970.41940689087,1.1001519087614213e-15
14972.559213638306,1.0715537471215112e-15
14974.697828292847,1.0721442349648658e-15
14976.837635040283,1.0665780638311026e-15
14978.976249694824,1.0805577073508244e-15
14981.11605644226,1.0716263801967382e-15
14983.254671096802,1.0506986312898078e-15
14985.393285751343,1.0370280489167155e-15
14987.53309249878,1.025196586830349e-15
14989.67170715332,1.0523201699882078e-15
14991.810321807861,1.0535853195740505e-15
14993.950128555298,1.0573448753104387e-15
14996.088743209839,1.0610757378057387e-15
14998.22735786438,1.0545725364740754e-15
15000.36597251892,1.0617134477359028e-15
15002.505779266357,1.0494651395603688e-15
15004.644393920898,1.0252003984786116e-15
15006.78300857544,1.015942010727767e-15
15008.92162322998,1.033669245643497e-15
15011.060237884521,1.0526789943204884e-15
15013.198852539062,1.042117975775885e-15
15015.337467193604,1.026428490373012e-15
15017.476081848145,1.0071457853287678e-15
15019.615888595581,1.0043887989645735e-15
15021.754503250122,1.0137515835261673e-15
15023.893117904663,1.024358235970804e-15
15026.030540466309,1.0583035048484938e-15
15028.16915512085,1.0879865039355998e-15
15030.30776977539,1.0905092856898784e-15
15032.446384429932,1.0933024827125678e-15
15034.584999084473,1.0820025338006034e-15
15036.723613739014,1.091248110178121e-15
15038.862228393555,1.1087708925162074e-15
15041.000843048096,1.1037945739510884e-15
15043.138265609741,1.106703602729315e-15
15045.276880264282,1.097604986568146e-15
15047.415494918823,1.1046579122825774e-15
15049.554109573364,1.0967774353786786e-15
15051.69153213501,1.105392607485202e-15
15053.83014678955,1.1108120301608535e-15
15055.968761444092,1.126125538814264e-15
15058.106184005737,1.1057964304428056e-15
15060.244798660278,1.0758835677896384e-15
15062.38341331482,1.0268862058018845e-15
15064.520835876465,1.0023910717584742e-15
15066.659450531006,9.980527807608745e-16
15068.796873092651,1.030840790874378e-15
15070.935487747192,1.083297858935192e-15
15073.072910308838,1.1019857350922269e-15
15075.211524963379,1.0970498623503393e-15
15077.348947525024,1.0767389651872468e-15
15079.487562179565,1.0828712719671311e-15
15081.624984741211,1.0841437272121439e-15
15083.762407302856,1.0638031838958975e-15
15085.901021957397,1.095748396226883e-15
15088.038444519043,1.1024627205206495e-15
15090.175867080688,1.1028188978749699e-15
15092.31448173523,1.0900771930076603e-15
15094.451904296875,1.084190102266006e-15
15096.58932685852,1.0706970791744819e-15
15098.726749420166,1.054260616591249e-15
15100.865364074707,1.0623197115679e-15
15103.002786636353,1.0499976056468365e-15
15105.140209197998,1.048220001127905e-15
15107.277631759644,1.0439452376013493e-15
15109.415054321289,1.0499811943834834e-15
15111.552476882935,1.0366469899695694e-15
15113.68989944458,1.014841820808402e-15
15115.827322006226,9.860894991720916e-16
15117.964744567871,9.946586138621081e-16
15120.102167129517,1.0274032135370649e-15
15122.239589691162,1.0513276591322626e-15
15124.377012252808,1.0737358098727567e-15
15126.514434814453,1.0772706901198857e-15
15128.651857376099,1.0584689939105636e-15
15130.789279937744,1.0434833928868589e-15
15132.92670249939,1.0548653981155886e-15
15135.064125061035,1.0759695416337847e-15
15137.20154762268,1.0978443792548638e-15
15139.33777809143,1.1110738692206735e-15
15141.475200653076,1.0839540977110773e-15
15143.612623214722,1.0483498089270717e-15
15145.750045776367,1.049684626972826e-15
15147.886276245117,1.048832194190533e-15
15150.023698806763,1.0611336536835072e-15
15152.161121368408,1.0509146246913577e-15
15154.297351837158,1.0422436542894338e-15
15156.434774398804,1.0295525596407226e-15
15158.57219696045,1.0246398744257661e-15
15160.7084274292,1.0351286834116161e-15
15162.845849990845,1.0404443445512289e-15
15164.982080459595,1.0521607160358872e-15
15167.11950302124,1.0288099235042174e-15
15169.25573348999,1.0233318437969686e-15
15171.393156051636,1.0293801884359564e-15
15173.529386520386,9.993798696309852e-16
15175.666809082031,9.805830438611098e-16
15177.803039550781,1.0044363386887381e-15
15179.939270019531,1.0331031099973759e-15
15182.076692581177,1.0333398557061334e-15
15184.212923049927,1.0427268865858424e-15
15186.350345611572,1.04391728551409e-15
15188.486576080322,1.069056058718295e-15
15190.622806549072,1.06391001592637e-15
15192.759037017822,1.0655598243493845e-15
15194.896459579468,1.0560111160558684e-15
15197.032690048218,1.0574600717912653e-15
15199.168920516968,1.0624733421687083e-15
15201.305150985718,1.048687457435671e-15
15203.441381454468,1.0439174972723267e-15
15205.577611923218,1.0549934059697424e-15
15207.715034484863,1.0517763748360705e-15
15209.851264953613,1.0543689309293791e-15
15211.987495422363,1.0456304096499117e-15
15214.123725891113,1.0408057099823512e-15
15216.259956359863,1.0690951281129872e-15
15218.396186828613,1.0732560715872555e-15
15220.532417297363,1.0553080787096473e-15
15222.668647766113,1.0384528642131156e-15
15224.804878234863,1.022489681289161e-15
15226.939916610718,1.0173246861350412e-15
15229.076147079468,1.0121726082333669e-15
15231.212377548218,9.995511820445674e-16
15233.348608016968,1.0109300108997448e-15
15235.484838485718,1.008949330231709e-15
15237.621068954468,1.0229106566639464e-15
15239.756107330322,1.039524043254037e-15
15241.892337799072,1.0267495158600213e-15
15244.028568267822,9.74717658338729e-16
15246.164798736572,9.698211726288887e-16
15248.299837112427,1.0030857446543411e-15
15250.436067581177,1.008555248152999e-15
15252.572298049927,1.0333254561460301e-15
15254.707336425781,1.0451568123532782e-15
15256.843566894531,1.0372400189117659e-15
15258.978605270386,1.035902448008933e-15
15261.114835739136,1.0180817218316497e-15
15263.24987411499,1.0063201399634317e-15
15265.38610458374,1.0103603812427163e-15
15267.521142959595,1.0182549400693632e-15
15269.657373428345,1.0389939065081743e-15
15271.7924118042,1.041636966940963e-15
15273.92864227295,1.0391070912857511e-15
15276.063680648804,1.0373026993498627e-15
15278.199911117554,1.0429606676792846e-15
15280.334949493408,1.0409695049785265e-15
15282.469987869263,1.0388020535456212e-15
15284.606218338013,1.059305650704214e-15
15286.741256713867,1.0609337539079552e-15
15288.876295089722,1.0718240565108037e-15
15291.011333465576,1.0798365646753558e-15
15293.147563934326,1.048070076296241e-15
15295.28260231018,1.0432641172326384e-15
15297.417640686035,1.052778308933554e-15
15299.55267906189,1.048949825891083e-15
15301.687717437744,1.034991464074161e-15
15303.822755813599,1.0194715970189756e-15
15305.958986282349,1.014707248448907e-15
15308.094024658203,1.0074926453206685e-15
15310.229063034058,9.999512992330266e-16
15312.364101409912,9.918637227735241e-16
15314.499139785767,1.0073781899936707e-15
15316.634178161621,1.0246204985470977e-15
15318.769216537476,1.0173399327280917e-15
15320.90425491333,1.0022087479165777e-15
15323.039293289185,9.758986340254383e-16
15325.173139572144,9.57084126442789e-16
15327.308177947998,9.794593487774585e-16
15329.443216323853,1.0018980985831722e-15
15331.578254699707,1.0451482361446872e-15
15333.713293075562,1.0932303790329328e-15
15335.848331451416,1.0783707741601322e-15
15337.982177734375,1.0372526185268563e-15
15340.11721611023,1.050354841792341e-15
15342.252254486084,1.0437399379907585e-15
15344.387292861938,1.0225954545284494e-15
15346.521139144897,1.0268704298132419e-15
15348.656177520752,1.0405230127362051e-15
15350.791215896606,1.037707792856887e-15
15352.925062179565,1.0320811647465135e-15
15355.06010055542,1.0093767642327172e-15
15357.193946838379,1.0156172794716133e-15
15359.328985214233,1.0144558914218092e-15
15361.462831497192,1.0205124946320327e-15
15363.597869873047,1.0257902510472558e-15
15365.731716156006,1.0181902479280166e-15
15367.86675453186,1.0137026673734634e-15
15370.00060081482,1.0175600554152594e-15
15372.135639190674,1.0179234325496315e-15
15374.269485473633,1.020930081875029e-15
15376.403331756592,1.0241093141634297e-15
15378.538370132446,1.025899094780978e-15
15380.672216415405,1.036566733597817e-15
15382.806062698364,1.025574787041298e-15
15384.941101074219,1.005646854649483e-15
15387.074947357178,1.0005612688341681e-15
15389.208793640137,1.007918597014019e-15
15391.342639923096,1.0072922161495244e-15
15393.47767829895,1.0320546949669118e-15
15395.61152458191,1.06736241634026e-15
15397.745370864868,1.0677051470465429e-15
15399.879217147827,1.038163284824273e-15
15402.013063430786,1.0059002233798304e-15
15404.146909713745,9.870802100830239e-16
15406.280755996704,9.84439690749077e-16
15408.414602279663,9.864402766913733e-16
15410.548448562622,9.83197622811047e-16
15412.682294845581,9.89368893106505e-16
15414.81614112854,9.896202501336027e-16
15416.949987411499,9.787359826405034e-16
15419.083833694458,9.49084641409801e-16
15421.217679977417,9.316782202228435e-16
15423.351526260376,9.525929459982098e-16
15425.485372543335,9.920346116706327e-16
15427.619218826294,1.0144764319707802e-15
15429.753065109253,1.0287589956482638e-15
15431.886911392212,1.0561389121517854e-15
15434.019565582275,1.091400893745982e-15
15436.153411865234,1.0654660154504761e-15
15438.287258148193,1.0341142555781607e-15
15440.421104431152,1.0083174436530573e-15
15442.553758621216,9.95172656981973e-16
15444.687604904175,9.980980970235526e-16
15446.821451187134,1.003689573266615e-15
15448.954105377197,1.0019703081419256e-15
15451.087951660156,1.0069739435195936e-15
15453.22060585022,1.0094338330775385e-15
15455.354452133179,9.982646448768065e-16
15457.488298416138,1.0039527887549743e-15
15459.620952606201,1.0037678179351177e-15
15461.75479888916,1.0123058041643226e-15
15463.887453079224,1.0214019851057681e-15
15466.021299362183,1.02430201415893e-15
15468.153953552246,1.0251113541400315e-15
15470.28660774231,1.0188474396159676e-15
15472.420454025269,1.0224681878281245e-15
15474.553108215332,1.0293440836565797e-15
15476.685762405396,1.0274964930403812e-15
15478.819608688354,1.0200159215667049e-15
15480.952262878418,1.0104013564615397e-15
15483.084917068481,1.0063253280402336e-15
15485.21876335144,1.0012430244775894e-15
15487.351417541504,1.0006249021843306e-15
15489.484071731567,9.998172562691236e-16
15491.61672592163,1.0109963971069859e-15
15493.749380111694,1.0342289226633952e-15
15495.883226394653,1.0193294013629553e-15
15498.015880584717,1.0158251201810458e-15
15500.14853477478,1.011777255605236e-15
15502.281188964844,1.0202907837580889e-15
15504.413843154907,1.0208846597332326e-15
15506.54649734497,1.02281007150146e-15
15508.679151535034,1.0361864158045e-15
15510.811805725098,1.045489908059786e-15
15512.944459915161,1.0284272763702953e-15
15515.077114105225,1.014210887141816e-15
15517.209768295288,9.973932597323186e-16
15519.342422485352,9.841947923482021e-16
15521.475076675415,9.866499173458187e-16
15523.607730865479,9.803742502396116e-16
15525.740385055542,9.713279383629357e-16
15527.87184715271,9.762740813793087e-16
15530.004501342773,9.842208386113302e-16
15532.137155532837,9.897572577128211e-16
15534.2698097229,9.651111400465627e-16
15536.401271820068,9.393005638360665e-16
15538.533926010132,9.166473029364607e-16
15540.666580200195,9.359955471549986e-16
15542.799234390259,9.685514702409545e-16
15544.930696487427,1.0014357244730898e-15
15547.06335067749,1.0063726560061615e-15
15549.194812774658,1.0117950432971283e-15
15551.327466964722,9.92741354785998e-16
15553.460121154785,9.801742445849412e-16
15555.591583251953,9.740845012106564e-16
15557.724237442017,9.78461543965593e-16
15559.855699539185,9.719078382944496e-16
15561.988353729248,9.635195651386719e-16
15564.119815826416,9.71827264285342e-16
15566.25247001648,9.77566441898582e-16
15568.383932113647,9.78018545734179e-16
15570.515394210815,9.754591298049317e-16
15572.648048400879,9.795109119081226e-16
15574.779510498047,9.722386046603524e-16
15576.910972595215,9.751375749223303e-16
15579.043626785278,9.852497718840073e-16
15581.175088882446,9.85138281172325e-16
15583.306550979614,9.954671068102623e-16
15585.438013076782,9.890775137726495e-16
15587.570667266846,9.897053769448018e-16
15589.702129364014,9.865158743819157e-16
15591.833591461182,9.874268583166877e-16
15593.96505355835,9.916412707457515e-16
15596.096515655518,1.012898833106519e-15
15598.227977752686,1.024323613499085e-15
15600.360631942749,1.0039056725472833e-15
15602.492094039917,1.0006411016894468e-15
15604.623556137085,9.957337104304106e-16
15606.755018234253,9.946327793572169e-16
15608.88648033142,9.767545608186387e-16
15611.017942428589,9.837449119740917e-16
15613.149404525757,9.941795108513174e-16
15615.280866622925,9.974125297318687e-16
15617.412328720093,9.970512701798647e-16
15619.542598724365,9.920535640328275e-16
15621.674060821533,9.99404010069982e-16
15623.805522918701,1.0030806624566576e-15
15625.93698501587,9.970991275413846e-16
15628.068447113037,9.837278654360282e-16
15630.199909210205,9.856657709402276e-16
15632.330179214478,9.974301056655242e-16
15634.461641311646,9.956889235633246e-16
15636.593103408813,9.86555790809555e-16
15638.723373413086,9.808773878102806e-16
15640.854835510254,9.791003126869411e-16
15642.986297607422,9.809535148964151e-16
15645.116567611694,9.80579973366676e-16
15647.248029708862,9.91837147114804e-16
15649.37949180603,1.0007370281707234e-15
15651.509761810303,9.991287243621243e-16
15653.64122390747,1.0058859296988455e-15
15655.771493911743,1.032525857043822e-15
15657.902956008911,1.017262429213418e-15
15660.033226013184,1.0055582338273764e-15
15662.164688110352,9.835671409342867e-16
15664.294958114624,9.652678411418048e-16
15666.426420211792,9.497816436462728e-16
15668.556690216064,9.46588541193361e-16
15670.686960220337,9.501859959994683e-16
15672.818422317505,9.453697666613804e-16
15674.948692321777,9.548720999010343e-16
15677.07896232605,9.54322057880911e-16
15679.210424423218,9.335002939715059e-16
15681.34069442749,9.064547437239129e-16
15683.470964431763,9.060150277451695e-16
15685.601234436035,9.271850280750146e-16
15687.732696533203,9.62258544838447e-16
15689.862966537476,9.846948594244374e-16
15691.993236541748,9.823272964577432e-16
15694.12350654602,9.874649747993141e-16
15696.253776550293,9.862632468053971e-16
15698.384046554565,9.77084162514239e-16
15700.514316558838,9.677533534464041e-16
15702.64458656311,9.788935307686927e-16
15704.774856567383,9.853502511673754e-16
15706.905126571655,9.780202398000735e-16
15709.035396575928,9.654034722924839e-16
15711.1656665802,9.543692799677205e-16
15713.295936584473,9.688701663873589e-16
15715.426206588745,9.798090675055562e-16
15717.556476593018,9.80476635347111e-16
15719.68674659729,9.959960788858226e-16
15721.817016601562,1.0027074385642737e-15
15723.947286605835,1.0008563539371678e-15
15726.077556610107,1.0009529156931548e-15
15728.206634521484,9.975714542885972e-16
15730.336904525757,9.848463724428775e-16
15732.46717453003,9.85289264795173e-16
15734.597444534302,9.778887379350122e-16
15736.726522445679,9.694283610995995e-16
15738.856792449951,9.697240814773096e-16
15740.987062454224,9.745436989471866e-16
15743.1161403656,9.830616740230127e-16
15745.246410369873,9.82521161123546e-16
15747.37548828125,9.842875424559265e-16
15749.505758285522,9.794695131728256e-16
15751.636028289795,9.70987854634613e-16
15753.765106201172,9.71364996054378e-16
15755.895376205444,9.66431346773977e-16
15758.024454116821,9.63061214435089e-16
15760.154724121094,9.615029914494962e-16
15762.28380203247,9.736309150674017e-16
15764.412879943848,9.650272837847845e-16
15766.54314994812,9.706925577733765e-16
15768.672227859497,9.743617986217637e-16
15770.80249786377,9.86220259883324e-16
15772.931575775146,9.944593493612665e-16
15775.060653686523,9.93417287077907e-16
15777.190923690796,9.868283236603341e-16
15779.320001602173,9.887023840561343e-16
15781.44907951355,9.774008469573938e-16
15783.578157424927,9.7493291058645e-16
15785.7084274292,9.754525652995905e-16
15787.837505340576,9.69678129939921e-16
15789.966583251953,9.749863795412454e-16
15792.09566116333,9.749822502556275e-16
15794.224739074707,9.76684362963135e-16
15796.353816986084,9.850975177117384e-16
15798.482894897461,9.832532093482105e-16
15800.611972808838,9.741305586271633e-16
15802.741050720215,9.76509980055119e-16
15804.870128631592,9.820269173988231e-16
15806.999206542969,9.857515330261371e-16
15809.128284454346,9.92626052426053e-16
15811.257362365723,9.8469136541353e-16
15813.3864402771,9.717334553864337e-16
15815.515518188477,9.551657026963764e-16
15817.644596099854,9.497863023274827e-16
15819.77367401123,9.482135739026683e-16
15821.902751922607,9.63834555515932e-16
15824.031829833984,9.714135945697268e-16
15826.159715652466,9.764809691766756e-16
15828.288793563843,9.687024538638025e-16
15830.41787147522,9.924637397375354e-16
15832.546949386597,1.0334060301551377e-15
15834.674835205078,1.061469608126212e-15
15836.803913116455,1.0354256743387471e-15
15838.932991027832,1.0010520185479836e-15
15841.060876846313,9.8707713958859e-16
15843.18995475769,9.708911869995077e-16
15845.319032669067,9.471611354657048e-16
15847.446918487549,9.486389962004267e-16
15849.575996398926,9.5111095597787e-16
15851.703882217407,9.403085330432991e-16
15853.832960128784,9.326761309138274e-16
15855.960845947266,9.167124185942808e-16
15858.089923858643,9.033271804452948e-16
15860.217809677124,8.861739162304479e-16
15862.346887588501,8.762444136875818e-16
15864.474773406982,8.758005154836613e-16
15866.60385131836,9.009008545678848e-16
15868.73173713684,9.111431769660838e-16
15870.859622955322,9.20490185539035e-16
15872.9887008667,9.126875297871652e-16
15875.11658668518,9.04127097184858e-16
15877.244472503662,9.096115296392112e-16
15879.372358322144,9.206307930082792e-16
15881.50143623352,9.387045702785547e-16
15883.629322052002,9.437046057661968e-16
15885.757207870483,9.52325707103351e-16
15887.885093688965,9.578702788969593e-16
15890.012979507446,9.6106878118491e-16
15892.142057418823,9.67332166313382e-16
15894.269943237305,9.816227768038644e-16
15896.397829055786,9.719821654355712e-16
15898.525714874268,9.760541704503778e-16
15900.653600692749,9.736175742984824e-16
15902.78148651123,9.657075571205482e-16
15904.909372329712,9.601408565911929e-16
15907.037258148193,9.608705754752525e-16
15909.165143966675,9.63288219264953e-16
15911.293029785156,9.644486544026915e-16
15913.420915603638,9.7853417704082e-16
15915.54880142212,9.836472914269206e-16
15917.675495147705,9.818749808639094e-16
15919.803380966187,9.744963709812588e-16
15921.931266784668,9.56910272930365e-16
15924.05915260315,9.354701749694641e-16
15926.18703842163,9.35349896290954e-16
15928.314924240112,9.35491244914027e-16
15930.441617965698,9.548335599019343e-16
15932.56950378418,9.621662182471963e-16
15934.697389602661,9.514556983874025e-16
15936.824083328247,9.401715254640807e-16
15938.951969146729,9.255403018496836e-16
15941.07985496521,9.220007629213447e-16
15943.206548690796,9.296117774688982e-16
15945.334434509277,9.409331139627808e-16
15947.461128234863,9.489626686653963e-16
15949.589014053345,9.48565939608726e-16
15951.716899871826,9.505942658800449e-16
15953.843593597412,9.627711056506543e-16
15955.971479415894,9.616001884801936e-16
15958.09817314148,9.581388942203574e-16
15960.224866867065,9.376530847536569e-16
15962.352752685547,9.351849366244763e-16
15964.479446411133,9.423358005234339e-16
15966.607332229614,9.51051346034207e-16
15968.7340259552,9.543729857368647e-16
15970.860719680786,9.521744058431478e-16
15972.988605499268,9.570023877633789e-16
15975.115299224854,9.59319975786185e-16
15977.24199295044,9.553750257134666e-16
15979.36987876892,9.532934422455891e-16
15981.496572494507,9.481892217054347e-16
15983.623266220093,9.388918704390163e-16
15985.749959945679,9.373643523977616e-16
15987.876653671265,9.352592637655978e-16
15990.00334739685,9.394897698206594e-16
15992.131233215332,9.445310981644802e-16
15994.257926940918,9.472423447495228e-16
15996.384620666504,9.534562843296988e-16
15998.51131439209,9.597032581948176e-16
16000.638008117676,9.586762307462718e-16
16002.764701843262,9.577604822511715e-16
16004.891395568848,9.536728071268406e-16
16007.018089294434,9.447786435433153e-16
16009.14478302002,9.50748637634682e-16
16011.271476745605,9.520236339785365e-16
16013.398170471191,9.600501181867183e-16
16015.524864196777,9.749270872349376e-16
16017.650365829468,9.74195039010273e-16
16019.777059555054,9.63165081850246e-16
16021.90375328064,9.663450552924754e-16
16024.030447006226,9.601966548865933e-16
16026.157140731812,9.714632518762595e-16
16028.283834457397,9.831142959448608e-16
16030.409336090088,1.0121132100479407e-15
16032.536029815674,1.01465388537323e-15
16034.66272354126,1.013363430678088e-15
16036.78822517395,9.7938216290014e-16
16038.914918899536,9.559156444920516e-16
16041.041612625122,9.52422268859338e-16
16043.167114257812,9.471871817288329e-16
16045.293807983398,9.372508499828295e-16
16047.419309616089,9.519312015081674e-16
16049.546003341675,9.536244203697287e-16
16051.67269706726,9.556787929041756e-16
16053.798198699951,9.412608098342498e-16
16055.923700332642,9.319418592276764e-16
16058.050394058228,9.311738121027535e-16
16060.175895690918,9.429660989153095e-16
16062.302589416504,9.516631155803614e-16
16064.428091049194,9.572301337470719e-16
16066.55478477478,9.600240719235902e-16
16068.68028640747,9.553140393412643e-16
16070.805788040161,9.493478568981602e-16
16072.932481765747,9.44215048996036e-16
16075.057983398438,9.332786889766805e-16
16077.183485031128,9.29805112739109e-16
16079.308986663818,9.376078743700972e-16
16081.435680389404,9.42918347432908e-16
16083.561182022095,9.416863380111266e-16
16085.686683654785,9.341123811550155e-16
16087.812185287476,9.163193953067549e-16
16089.937686920166,8.793871176801321e-16
16092.064380645752,8.756076566694834e-16
16094.189882278442,8.986531467632271e-16
16096.315383911133,9.259799119493086e-16
16098.440885543823,9.417496537239339e-16
16100.566387176514,9.513929120701873e-16
16102.691888809204,9.426182860113432e-16
16104.817390441895,9.329227233805968e-16
16106.942892074585,9.244432883038708e-16
16109.068393707275,9.180198139483679e-16
16111.193895339966,9.275904392193942e-16
16113.319396972656,9.378080917830044e-16
16115.443706512451,9.402266884847707e-16
16117.569208145142,9.359806181993033e-16
16119.694709777832,9.451019983709296e-16
16121.820211410522,9.508527168080759e-16
16123.945713043213,9.50608347802793e-16
16126.071214675903,9.74245013954161e-16
16128.195524215698,1.0002181146114117e-15
16130.321025848389,9.857487801690585e-16
16132.44652748108,9.748240668527278e-16
16134.57202911377,9.57801986865587e-16
16136.696338653564,9.48305371098327e-16
16138.821840286255,9.515302372867609e-16
16140.947341918945,9.480419438517309e-16
16143.07165145874,9.511449431748786e-16
16145.19715309143,9.44807442663522e-16
16147.321462631226,9.38968315162506e-16
16149.446964263916,9.40418859084679e-16
16151.571273803711,9.43811120159314e-16
16153.696775436401,9.55513621479461e-16
16155.821084976196,9.551644321469555e-16
16157.946586608887,9.489894560823532e-16
16160.070896148682,9.432347142387075e-16
16162.196397781372,9.3977881981391e-16
16164.320707321167,9.314945199524077e-16
16166.445016860962,9.350099184417498e-16
16168.570518493652,9.165592115099462e-16
16170.694828033447,9.05115902271659e-16
16172.820329666138,8.996649276187224e-16
16174.944639205933,9.036663112615517e-16
16177.068948745728,9.177074705490678e-16
16179.193258285522,9.187879669524091e-16
16181.318759918213,9.176490252757073e-16
16183.443069458008,9.140728521723996e-16
16185.567378997803,9.08692181254085e-16
16187.691688537598,9.122078973807825e-16
16189.815998077393,9.11739276402714e-16
16191.940307617188,9.219018718247527e-16
16194.065809249878,9.367299247202681e-16
16196.190118789673,9.375451939320004e-16
16198.314428329468,9.417980404810458e-16
16200.438737869263,9.30082304271098e-16
16202.563047409058,9.190706641985552e-16
16204.687356948853,9.167341238135542e-16
16206.811666488647,9.265210601234856e-16
16208.935976028442,9.263313247433007e-16
16211.060285568237,9.2622703381167e-16
16213.184595108032,9.299085566377924e-16
16215.307712554932,9.337725091849297e-16
16217.432022094727,9.360528277580567e-16
16219.556331634521,9.45007871834666e-16
16221.680641174316,9.474574911181254e-16
16223.804950714111,9.266888785261604e-16
16225.929260253906,9.30777506562557e-16
16228.052377700806,9.32189828122985e-16
16230.1766872406,9.2054767790033e-16
16232.300996780396,9.18831906786548e-16
16234.42530632019,9.386478190710887e-16
16236.54842376709,9.700650122385795e-16
16238.672733306885,9.603726259813854e-16
16240.79704284668,9.420412448160262e-16
16242.92016029358,9.374214212425828e-16
16245.044469833374,9.344345713123274e-16
16247.167587280273,9.351406791529822e-16
16249.291896820068,9.322889309778138e-16
16251.415014266968,9.320789726860131e-16
16253.539323806763,9.359527719911623e-16
16255.662441253662,9.247965010428759e-16
16257.786750793457,9.245506497299353e-16
16259.909868240356,9.288356835309764e-16
16262.034177780151,9.270247270897467e-16
16264.15729522705,9.246355647828976e-16
16266.281604766846,9.228779714173449e-16
16268.404722213745,9.227240231791814e-16
16270.527839660645,9.201803832385768e-16
16272.65214920044,9.275148415288518e-16
16274.775266647339,9.198163708294942e-16
16276.898384094238,9.206917793804816e-16
16279.021501541138,9.139877253612006e-16
16281.145811080933,9.145908128196456e-16
16283.268928527832,9.140215007999723e-16
16285.392045974731,9.10870432357068e-16
16287.51516342163,9.04232235149436e-16
16289.63828086853,8.999455072825004e-16
16291.762590408325,9.017740396573856e-16
16293.885707855225,9.05092185349136e-16
16296.008825302124,9.065996922370118e-16
16298.131942749023,8.996183408066234e-16
16300.255060195923,8.954638559585779e-16
16302.378177642822,9.065806339956985e-16
16304.501295089722,9.064405559220464e-16
16306.624412536621,9.18447989103205e-16
16308.74752998352,9.201228908772819e-16
16310.87064743042,9.273711635651737e-16
16312.99376487732,9.361356252286508e-16
16315.116882324219,9.420992665729131e-16
16317.239999771118,9.432592781941779e-16
16319.361925125122,9.35298862555882e-16
16321.485042572021,9.37450114483671e-16
16323.60816001892,9.283232285978876e-16
16325.73127746582,9.315109312157607e-16
16327.85439491272,9.239525385900554e-16
16329.976320266724,9.267118542948547e-16
16332.099437713623,9.211846466766651e-16
16334.222555160522,9.2666431457069e-16
16336.345672607422,9.193380089725324e-16
16338.467597961426,9.22852772187164e-16
16340.590715408325,9.315957403896046e-16
16342.713832855225,9.246755870896553e-16
16344.835758209229,9.090189242134884e-16
16346.958875656128,8.988050832981409e-16
16349.080801010132,9.232559598700571e-16
16351.203918457031,9.51678362173412e-16
16353.325843811035,9.592800593585457e-16
16355.448961257935,9.542639302449057e-16
16357.570886611938,9.278941005309849e-16
16359.694004058838,9.174656426426267e-16
16361.815929412842,9.130978113709915e-16
16363.939046859741,9.097037503513435e-16
16366.060972213745,9.09658328209547e-16
16368.182897567749,9.113875459713667e-16
16370.306015014648,9.047293376103559e-16
16372.427940368652,8.930043899171066e-16
16374.549865722656,8.859954569763733e-16
16376.672983169556,8.79922495442356e-16
16378.79490852356,8.755462467808074e-16
16380.916833877563,8.738730920121842e-16
16383.039951324463,8.679006097615349e-16
16385.161876678467,8.42538855133965e-16
16387.28380203247,8.170750859758102e-16
16389.405727386475,8.325275609721296e-16
16391.52765274048,8.542762965631863e-16
16393.649578094482,8.717140579691922e-16
16395.771503448486,8.93170831891242e-16
16397.894620895386,9.05766317696032e-16
16400.01654624939,9.089378208087888e-16
16402.138471603394,9.143234680456685e-16
16404.260396957397,9.064219211972068e-16
16406.3823223114,9.00578135014981e-16
16408.504247665405,9.014422145002987e-16
16410.62617301941,8.833878131086917e-16
16412.748098373413,8.823628503029548e-16
16414.86883163452,8.861048830452467e-16
16416.990756988525,8.941497902200312e-16
16419.11268234253,8.914401318217647e-16
16421.234607696533,8.900311983931256e-16
16423.356533050537,8.875119106497545e-16
16425.47845840454,8.921687919146402e-16
16427.600383758545,9.012191271978156e-16
16429.721117019653,9.095329673333534e-16
16431.843042373657,9.093922539849908e-16
16433.96496772766,9.101402899565347e-16
16436.086893081665,9.009037133040818e-16
16438.207626342773,9.127829268728497e-16
16440.329551696777,9.370088103181516e-16
16442.45147705078,9.548567474288653e-16
16444.57221031189,9.401451615635974e-16
16446.694135665894,9.364897908797215e-16
16448.814868927002,9.105266428596011e-16
16450.936794281006,9.03886857465193e-16
16453.057527542114,8.994653454805256e-16
16455.179452896118,9.151795007179874e-16
16457.300186157227,9.184515889932307e-16
16459.42211151123,9.178997470280946e-16
16461.54284477234,9.14004242503672e-16
16463.664770126343,9.28588561668615e-16
16465.78550338745,9.385751859958616e-16
16467.907428741455,9.360432986374e-16
16470.028162002563,9.33788708690046e-16
16472.148895263672,9.367797937850377e-16
16474.270820617676,9.318076045055365e-16
16476.391553878784,9.28603914140784e-16
16478.512287139893,9.418746969627723e-16
16480.634212493896,9.397984074508152e-16
16482.754945755005,9.345018045525157e-16
16484.875679016113,9.22497971261383e-16
16486.99641227722,9.202691099398017e-16
16489.11714553833,9.21408686891214e-16
16491.239070892334,9.279249113544412e-16
16493.359804153442,9.235759265658824e-16
16495.48053741455,9.197600431385018e-16
16497.60127067566,9.107006022511435e-16
16499.722003936768,9.253658130625492e-16
16501.842737197876,9.296756225772975e-16
16503.963470458984,9.207656830051295e-16
16506.084203720093,9.171219590242783e-16
16508.2049369812,9.075023117214296e-16
16510.32567024231,9.12072160350985e-16
16512.446403503418,9.139743845922813e-16
16514.567136764526,9.041653195466029e-16
16516.687870025635,8.92086735597875e-16
16518.808603286743,8.940862627489872e-16
16520.92933654785,9.018176618541692e-16
16523.05006980896,9.033398859395036e-16
16525.17080307007,9.080876114879823e-16
16527.29034423828,9.130318486802241e-16
16529.41107749939,9.190337123862313e-16
16531.531810760498,9.185150105851564e-16
16533.652544021606,9.287035463912048e-16
16535.77208518982,9.249736368079704e-16
16537.892818450928,9.286803588642737e-16
16540.013551712036,9.250928566952965e-16
16542.13309288025,9.18770496897872e-16
16544.253826141357,9.214547443077209e-16
16546.374559402466,9.214005341990966e-16
16548.49410057068,9.235108109080623e-16
16550.614833831787,9.174302790170789e-16
16552.734375,9.36537542362123e-16
16554.85510826111,9.415043318065854e-16
16556.975841522217,9.29749949718419e-16
16559.09538269043,9.19396242487656e-16
16561.216115951538,9.044587105837081e-16
16563.33565711975,9.044564871222216e-16
16565.455198287964,9.077091995187965e-16
16567.575931549072,9.0812498681678e-16
16569.695472717285,9.161889522328777e-16
16571.816205978394,9.125734979766411e-16
16573.935747146606,8.958666201249973e-16
16576.05528831482,8.900436921290976e-16
16578.176021575928,8.92707504869094e-16
16580.29556274414,8.885741958447298e-16
16582.415103912354,9.041384262505276e-16
16584.534645080566,9.06379569549844e-16
16586.655378341675,8.944127939501537e-16
16588.774919509888,8.884503172761939e-16
16590.8944606781,8.934577643021245e-16
16593.014001846313,8.891207438539456e-16
16595.133543014526,8.792810797430477e-16
16597.254276275635,8.72266323450802e-16
16599.373817443848,8.722441947150549e-16
16601.49335861206,8.757982390826156e-16
16603.612899780273,8.749294479765287e-16
16605.732440948486,8.805223535876896e-16
16607.8519821167,8.805717461964264e-16
16609.971523284912,8.807444879781071e-16
16612.091064453125,8.8625221383850975e-16
16614.210605621338,8.861905392520378e-16
16616.33014678955,8.832420175626456e-16
16618.449687957764,8.865142117170073e-16
16620.569229125977,8.89216882093459e-16
16622.68877029419,8.868566777254941e-16
16624.807119369507,8.770133078454519e-16
16626.92666053772,8.757183003482185e-16
16629.046201705933,8.730137241476355e-16
16631.165742874146,8.7014582940691e-16
16633.28528404236,8.716201431911653e-16
16635.403633117676,8.649751167803961e-16
16637.52317428589,8.668411303631974e-16
16639.6427154541,8.657420521745757e-16
16641.762256622314,8.62508398019314e-16
16643.880605697632,8.584128349006619e-16
16646.000146865845,8.662846297168513e-16
16648.119688034058,8.631229733621062e-16
16650.238037109375,8.7229263441172605e-16
16652.357578277588,8.839019091681159e-16
16654.475927352905,8.874101608169656e-16
16656.595468521118,8.999624479414455e-16
16658.713817596436,8.976753531047404e-16
16660.83335876465,8.853440357003755e-16
16662.951707839966,8.904065398678777e-16
16665.07124900818,8.852430799609747e-16
16667.189598083496,8.788458636268366e-16
16669.30913925171,8.851990342477174e-16
16671.427488327026,8.818785592153622e-16
16673.54702949524,8.761274702013015e-16
16675.665378570557,8.697552942786666e-16
16677.783727645874,8.771477743258285e-16
16679.903268814087,8.711037177911362e-16
16682.021617889404,8.702854839640886e-16
16684.13996696472,8.574188417370589e-16
16686.25831604004,8.550070742384299e-16
16688.377857208252,8.543070544470835e-16
16690.49620628357,8.718509596692921e-16
16692.614555358887,9.121239352398859e-16
16694.732904434204,9.123849272667586e-16
16696.85125350952,8.886920393035166e-16
16698.970794677734,8.638373397739968e-16
16701.08914375305,8.451496753751988e-16
16703.20749282837,8.466599351201532e-16
16705.325841903687,8.563386100315137e-16
16707.444190979004,8.77445135829874e-16
16709.56254005432,8.928546768436794e-16
16711.68088912964,8.963431820369462e-16
16713.799238204956,8.848041051360601e-16
16715.917587280273,8.796509684432018e-16
16718.03593635559,8.784356879221287e-16
16720.15428543091,8.721786555407611e-16
16722.272634506226,8.695483006021813e-16
16724.390983581543,8.756937893323073e-16
16726.50933265686,8.735072267185295e-16
16728.626489639282,8.526092298438714e-16
16730.7448387146,8.440801374606126e-16
16732.863187789917,8.531637187869678e-16
16734.981536865234,8.645892403333626e-16
16737.09988594055,8.70790527358889e-16
16739.217042922974,8.699819814711755e-16
16741.33539199829,8.76565915630624e-16
16743.45374107361,8.733577254033391e-16
16745.572090148926,8.804155215572172e-16
16747.689247131348,8.780340354864525e-16
16749.807596206665,8.865530693534626e-16
16751.924753189087,8.90591934204208e-16
16754.043102264404,8.93496939575935e-16
16756.16145133972,8.943749951048825e-16
16758.278608322144,8.928789231617946e-16
16760.39695739746,8.843448544599707e-16
16762.514114379883,8.894755447797268e-16
16764.6324634552,8.857058775875307e-16
16766.749620437622,8.776836285440852e-16
16768.86796951294,8.620995987431454e-16
16770.98512649536,8.464426182296233e-16
16773.10347557068,8.353249402199962e-16
16775.2206325531,8.345049593874948e-16
16777.337789535522,8.333609355131095e-16
16779.45613861084,8.302148963283294e-16
16781.57329559326,8.303497863251796e-16
16783.690452575684,8.139111532200194e-16
16785.808801651,7.833336873406128e-16
16787.925958633423,7.801368261789975e-16
16790.043115615845,8.044973878629127e-16
16792.161464691162,8.39266078644452e-16
16794.278621673584,8.590105754636274e-16
16796.395778656006,8.622515882176184e-16
16798.512935638428,8.62218712751353e-16
16800.63009262085,8.638767268060441e-16
16802.74724960327,8.549301530589074e-16
16804.86559867859,8.626798163120146e-16
16806.98275566101,8.634656511288298e-16
16809.099912643433,8.69765299855356e-16
16811.217069625854,8.635923884335627e-16
16813.334226608276,8.591273071916709e-16
16815.4513835907,8.492330623952342e-16
16817.56854057312,8.454599011921307e-16
16819.685697555542,8.370610401245123e-16
16821.802854537964,8.303052641558896e-16
16823.920011520386,8.38922236207426e-16
16826.037168502808,8.511444981198319e-16
16828.15432548523,8.640686856477156e-16
16830.270290374756,8.695488829373326e-16
16832.387447357178,8.763529397839487e-16
16834.5046043396,8.775880726397231e-16
16836.62176132202,8.820403954478469e-16
16838.738918304443,8.921080173006747e-16
16840.85488319397,9.064303915266793e-16
16842.97204017639,8.995551309729346e-16
16845.089197158813,8.723755907009978e-16
16847.206354141235,8.549506406683191e-16
16849.32231903076,8.584986499261306e-16
16851.439476013184,8.620298244041153e-16
16853.556632995605,8.585237962167522e-16
16855.672597885132,8.50542998848163e-16
16857.789754867554,8.488955727053125e-16
16859.906911849976,8.5338553554003e-16
16862.022876739502,8.620764112162143e-16
16864.140033721924,8.711810095475732e-16
16866.25599861145,8.664332839990944e-16
16868.373155593872,8.63185124404611e-16
16870.4891204834,8.735619662227458e-16
16872.60627746582,8.758519197956478e-16
16874.722242355347,8.822015434660621e-16
16876.83939933777,8.789364961521928e-16
16878.955364227295,8.721763791397154e-16
16881.07132911682,8.750480855287035e-16
16883.188486099243,8.671576559876745e-16
16885.30445098877,8.722430300447525e-16
16887.420415878296,8.708018564245585e-16
16889.537572860718,8.743619359018683e-16
16891.653537750244,8.786295525879315e-16
16893.76950263977,8.90246556519965e-16
16895.885467529297,8.898630623530956e-16
16898.00262451172,8.868355019018127e-16
16900.118589401245,9.031530092955156e-16
16902.23455429077,9.167729814500095e-16
16904.350519180298,9.238791643609995e-16
16906.466484069824,9.172970830861231e-16
16908.583641052246,9.067443231127554e-16
16910.699605941772,8.908154450231647e-16
16912.8155708313,8.88168731760791e-16
16914.931535720825,8.914643781398799e-16
16917.04750061035,8.976662475005575e-16
16919.163465499878,8.924873821819263e-16
16921.279430389404,8.780897279027345e-16
16923.39539527893,8.759720925950395e-16
16925.511360168457,8.847377189288191e-16
16927.627325057983,8.859405586534794e-16
16929.74328994751,8.8588094870981635e-16
16931.859254837036,8.871894028550874e-16
16933.974027633667,8.935723255082406e-16
16936.089992523193,8.888687515521375e-16
16938.20595741272,8.813185645581087e-16
16940.321922302246,8.748210806988393e-16
16942.437887191772,8.721067106798037e-16
16944.5538520813,8.668274190173637e-16
16946.66862487793,8.671983665087019e-16
16948.784589767456,8.670343597542898e-16
16950.900554656982,8.647153953029443e-16
16953.01651954651,8.731894834841907e-16
16955.13129234314,8.863470815286022e-16
16957.247257232666,9.013862044466615e-16
16959.362030029297,8.844783680282816e-16
16961.477994918823,8.679275559971694e-16
16963.59395980835,8.632699335784548e-16
16965.70873260498,8.68173936705702e-16
16967.824697494507,8.676290827623807e-16
16969.939470291138,8.576920628021077e-16
16972.055435180664,8.512948994075288e-16
16974.170207977295,8.594335625416625e-16
16976.28617286682,8.573726784414336e-16
16978.400945663452,8.530457165095034e-16
16980.51691055298,8.467413032226488e-16
16982.63168334961,8.460063962617873e-16
16984.747648239136,8.451437990841272e-16
16986.862421035767,8.461912612025256e-16
16988.977193832397,8.450536430148039e-16
16991.093158721924,8.479767007762192e-16
16993.207931518555,8.54824644517415e-16
16995.322704315186,8.565726558227519e-16
16997.438669204712,8.592624089467579e-16
16999.553442001343,8.569189864190605e-16
17001.668214797974,8.569053809523452e-16
17003.782987594604,8.536670681158736e-16
17005.89895248413,8.59912612612894e-16
17008.01372528076,8.854625144338727e-16
17010.128498077393,9.15927430810413e-16
17012.243270874023,8.869466749761399e-16
17014.358043670654,8.555665395000914e-16
17016.472816467285,8.402948001588924e-16
17018.587589263916,8.320509461206215e-16
17020.702362060547,8.341256474458025e-16
17022.817134857178,8.349691334425902e-16
17024.93190765381,8.370640047398277e-16
17027.04668045044,8.373114971791035e-16
17029.16145324707,8.328976084909614e-16
17031.2762260437,8.255240278664351e-16
17033.390998840332,8.187426291511579e-16
17035.505771636963,8.25419895753482e-16
17037.620544433594,8.283550237343958e-16
17039.735317230225,8.220479105300218e-16
17041.850090026855,8.171613774573118e-16
17043.964862823486,8.16459187144038e-16
17046.07844352722,8.141567927747232e-16
17048.193216323853,8.1412577019303e-16
17050.307989120483,8.217177264992703e-16
17052.422761917114,8.21910267676093e-16
17054.537534713745,8.258767641494073e-16
17056.65111541748,8.184326680320221e-16
17058.76588821411,8.126546857218861e-16
17060.880661010742,8.190129385404505e-16
17062.994241714478,8.265642902047818e-16
17065.10901451111,8.304825058001025e-16
17067.22378730774,8.261901134003322e-16
17069.337368011475,8.236823664808674e-16
17071.452140808105,8.195560454783181e-16
17073.56572151184,8.151235750048955e-16
17075.68049430847,8.246309375026738e-16
17077.794075012207,8.384881847615174e-16
17079.908847808838,8.409744911595048e-16
17082.022428512573,8.282195514023943e-16
17084.137201309204,8.149843439641906e-16
17086.25078201294,8.136897599834308e-16
17088.36555480957,8.197643626437834e-16
17090.479135513306,8.211471439301761e-16
17092.59271621704,8.143871857363763e-16
17094.707489013672,8.156152246912175e-16
17096.821069717407,8.180355154588782e-16
17098.934650421143,8.261359562312671e-16
17101.049423217773,8.269588487395247e-16
17103.16300392151,8.293346702774546e-16
17105.276584625244,8.364836283522809e-16
17107.391357421875,8.384197868510266e-16
17109.50493812561,8.381083963637922e-16
17111.618518829346,8.309150749383535e-16
17113.73209953308,8.274314931240926e-16
17115.845680236816,8.289107302873538e-16
17117.95926094055,8.296780362584478e-16
17120.074033737183,8.277276370182763e-16
17122.187614440918,8.374936092627632e-16
17124.301195144653,8.691324074250795e-16
17126.41477584839,8.641612239972032e-16
17128.528356552124,8.436996608486179e-16
17130.64193725586,8.390260506830238e-16
17132.755517959595,8.286606967492362e-16
17134.86909866333,8.252482127629854e-16
17136.982679367065,8.203851848545616e-16
17139.0962600708,8.258202247001781e-16
17141.209840774536,8.342454496682798e-16
17143.32342147827,8.402806123570259e-16
17145.43581008911,8.356817528490271e-16
17147.549390792847,8.304163842906575e-16
17149.662971496582,8.234157628607191e-16
17151.776552200317,8.162729457747604e-16
17153.890132904053,8.152240013487044e-16
17156.003713607788,8.1816299391744e-16
17158.116102218628,8.200977759876464e-16
17160.229682922363,8.173068024264435e-16
17162.3432636261,8.166177940634113e-16
17164.456844329834,8.048976638700496e-16
17166.569232940674,8.006099301514891e-16
17168.68281364441,8.026030516159377e-16
17170.796394348145,8.031235004224663e-16
17172.908782958984,8.018027113599008e-16
17175.02236366272,8.080691140432473e-16
17177.13475227356,8.139006711872971e-16
17179.248332977295,8.243372817677726e-16
17181.360721588135,8.255034873174642e-16
17183.47430229187,8.182297507015955e-16
17185.58669090271,8.031978275635878e-16
17187.700271606445,7.868288099787801e-16
17189.812660217285,7.810989497279599e-16
17191.92624092102,7.915793942634558e-16
17194.03862953186,7.984914478108469e-16
17196.152210235596,8.086925832319857e-16
17198.264598846436,8.125374245982506e-16
17200.376987457275,8.106498116752943e-16
17202.49056816101,7.980392910356907e-16
17204.60295677185,7.856909800328215e-16
17206.71534538269,7.838406365595445e-16
17208.828926086426,7.983502050668923e-16
17210.941314697266,8.118656745315187e-16
17213.053703308105,8.177060725819555e-16
17215.16728401184,8.2337251124085e-16
17217.27967262268,8.169462310887092e-16
17219.39206123352,8.006185063600801e-16
17221.50444984436,7.979497173015186e-16
17223.6168384552,7.952749460727671e-16
17225.72922706604,7.965144199723962e-16
17227.84161567688,7.957292733698506e-16
17229.955196380615,8.051584970782447e-16
17232.067584991455,8.158182479007625e-16
17234.179973602295,8.105715140672325e-16
17236.292362213135,8.131526881553124e-16
17238.404750823975,8.084955421926306e-16
17240.517139434814,7.918413392023942e-16
17242.629528045654,7.913000322095395e-16
17244.741916656494,8.028829960050052e-16
17246.854305267334,8.13561222733685e-16
17248.966693878174,8.186796840152651e-16
17251.077890396118,8.084262972491926e-16
17253.190279006958,8.019173784451353e-16
17255.302667617798,7.839000876845299e-16
17257.415056228638,7.820197274811846e-16
17259.527444839478,7.975969280789872e-16
17261.639833450317,7.965995467835952e-16
17263.75102996826,8.018227225132797e-16
17265.8634185791,8.009288380561304e-16
17267.97580718994,7.936958119612891e-16
17270.08819580078,7.932449257355538e-16
17272.199392318726,7.92156223700536e-16
17274.311780929565,7.9143502808550815e-16
17276.424169540405,8.011347200018724e-16
17278.53536605835,8.032893600614505e-16
17280.64775466919,8.077844580334107e-16
17282.76014328003,8.180287921348594e-16
17284.871339797974,8.227134137287677e-16
17286.983728408813,8.033960862128045e-16
17289.094924926758,7.73512816773232e-16
17291.207313537598,7.655512364646336e-16
17293.318510055542,7.654083525943437e-16
17295.430898666382,7.614978661746666e-16
17297.542095184326,7.64333732482074e-16
17299.654483795166,7.64040129686732e-16
17301.76568031311,7.584113310544311e-16
17303.876876831055,7.604552215561557e-16
17305.989265441895,7.619015303135925e-16
17308.10046195984,7.696120182928892e-16
17310.21285057068,7.821382062146818e-16
17312.324047088623,7.919040725800502e-16
17314.435243606567,7.926383442662013e-16
17316.547632217407,7.81080738519594e-16
17318.65882873535,7.697738545253739e-16
17320.770025253296,7.754282759043292e-16
17322.88122177124,7.874759431504823e-16
17324.992418289185,7.821310064346301e-16
17327.104806900024,7.618751664131092e-16
17329.21600341797,7.595027330069683e-16
17331.327199935913,7.881532518709306e-16
17333.438396453857,7.853630194635565e-16
17335.5495929718,7.695874543374188e-16
17337.660789489746,7.533508385901787e-16
17339.77198600769,7.181576254833874e-16
17341.883182525635,6.998543552239652e-16
17343.995571136475,7.129493257698391e-16
17346.10676765442,7.529195929409079e-16
17348.217964172363,7.751242440158241e-16
17350.329160690308,7.897118983729969e-16
17352.439165115356,8.130208686528959e-16
17354.5503616333,8.070571743690744e-16
17356.661558151245,7.956172532625763e-16
17358.77275466919,7.972999900914153e-16
17360.883951187134,8.091192231396058e-16
17362.995147705078,8.079181304203992e-16
17365.106344223022,8.034803659910563e-16
17367.217540740967,8.022788497553761e-16
17369.327545166016,7.975992574195921e-16
17371.43874168396,7.962292345669675e-16
17373.549938201904,7.879484816559318e-16
17375.66113471985,7.829808451785222e-16
17377.771139144897,7.739160573956843e-16
17379.88233566284,7.698301292768071e-16
17381.993532180786,7.733300694148619e-16
17384.10472869873,7.851461260895002e-16
17386.21473312378,8.117815006323853e-16
17388.325929641724,8.091376461062086e-16
17390.435934066772,7.962738096758167e-16
17392.547130584717,7.903555375337917e-16
17394.65832710266,7.956630459812872e-16
17396.76833152771,8.094683595325522e-16
17398.879528045654,8.13340517711366e-16
17400.989532470703,8.025410593921105e-16
17403.100728988647,7.835962675542616e-16
17405.210733413696,7.844842757203394e-16
17407.32192993164,7.863166726830464e-16
17409.43193435669,7.867707352823339e-16
17411.54193878174,7.888350075143519e-16
17413.653135299683,7.952139067610056e-16
17415.76313972473,8.087563224612666e-16
17417.874336242676,8.106138657145952e-16
17419.984340667725,8.018298693537721e-16
17422.094345092773,7.972277805326619e-16
17424.205541610718,7.964653979405738e-16
17426.315546035767,7.896153895565691e-16
17428.425550460815,7.941379631597558e-16
17430.535554885864,7.904323528341959e-16
17432.64675140381,7.794783110020664e-16
17434.756755828857,7.738102841563959e-16
17436.866760253906,7.858609689574236e-16
17438.976764678955,7.95750713891328e-16
17441.086769104004,7.888803767165892e-16
17443.196773529053,7.801333851076492e-16
17445.3067779541,7.76638262469482e-16
17447.417974472046,7.881841685735053e-16
17449.527978897095,8.009982947578052e-16
17451.637983322144,8.18103648671573e-16
17453.747987747192,8.134960011967464e-16
17455.85799217224,7.917486420342291e-16
17457.96799659729,7.875751518844295e-16
17460.07800102234,7.773598816009834e-16
17462.188005447388,7.94742638804977e-16
17464.298009872437,8.137736691847682e-16
17466.40682220459,8.038164263128795e-16
17468.51682662964,8.116290876414387e-16
17470.626831054688,8.055726961894521e-16
17472.736835479736,8.01540131146252e-16
17474.846839904785,7.951786490145761e-16
17476.956844329834,7.876186682020947e-16
17479.066848754883,7.788740588733189e-16
17481.175661087036,7.674212734539343e-16
17483.285665512085,7.563450471191635e-16
17485.395669937134,7.597112619306704e-16
17487.505674362183,7.652530279276409e-16
17489.614486694336,7.738774115174658e-16
17491.724491119385,7.716041339057129e-16
17493.834495544434,7.728180379982467e-16
17495.943307876587,7.690738876735867e-16
17498.053312301636,7.67918058277499e-16
17500.163316726685,7.67625514273341e-16
17502.272129058838,7.741446504123245e-16
17504.382133483887,7.876191975976867e-16
17506.49094581604,7.928964246173178e-16
17508.60095024109,7.913715535540233e-16
17510.709762573242,7.655069260535804e-16
17512.81976699829,7.64536226296027e-16
17514.928579330444,7.624340493396194e-16
17517.038583755493,7.69710115296093e-16
17519.147396087646,7.739015519564625e-16
17521.257400512695,7.541940598891704e-16
17523.36621284485,7.571356994358661e-16
17525.475025177002,7.607805880870198e-16
17527.58502960205,7.648407875801241e-16
17529.693841934204,7.681754504143459e-16
17531.802654266357,7.624989002996436e-16
17533.912658691406,7.522813536151517e-16
17536.02147102356,7.479495212437748e-16
17538.130283355713,7.515403056654226e-16
17540.239095687866,7.581836380102973e-16
17542.349100112915,7.584724233057518e-16
17544.45791244507,7.533941431496071e-16
17546.56672477722,7.517341173916663e-16
17548.675537109375,7.662277510916938e-16
17550.78434944153,7.782494250142781e-16
17552.89316177368,7.702333698992594e-16
17555.00316619873,7.749946479748942e-16
17557.111978530884,7.636379478554638e-16
17559.220790863037,7.568256853771711e-16
17561.32960319519,7.595973889388239e-16
17563.438415527344,7.450186284275974e-16
17565.547227859497,7.530756058218803e-16
17567.65604019165,7.531109694474281e-16
17569.764852523804,7.680073143743159e-16
17571.873664855957,7.672504904359442e-16
17573.98247718811,7.462521730965956e-16
17576.091289520264,7.595155443802955e-16
17578.200101852417,7.815402538934794e-16
17580.307722091675,7.615972866668506e-16
17582.416534423828,7.501710239666269e-16
17584.52534675598,7.255246416025725e-16
17586.634159088135,7.229234563611137e-16
17588.742971420288,7.262326023277994e-16
17590.85178375244,7.390450344462048e-16
17592.9594039917,7.510150393590066e-16
17595.068216323853,7.485909898826424e-16
17597.177028656006,7.337210088562379e-16
17599.28584098816,7.225815726877782e-16
17601.393461227417,7.33316285926128e-16
17603.50227355957,7.347460775410932e-16
17605.611085891724,7.380931282321686e-16
17607.71870613098,7.562180451166345e-16
17609.827518463135,7.558125810326957e-16
17611.935138702393,7.829209705370631e-16
17614.043951034546,8.041175994651876e-16
17616.1527633667,7.656547333028763e-16
17618.260383605957,7.464866424043075e-16
17620.36919593811,7.495206614818132e-16
17622.476816177368,7.538956925335e-16
17624.58562850952,7.570199206198883e-16
17626.69324874878,7.747240209482465e-16
17628.802061080933,7.786576948948546e-16
17630.90968132019,7.657442540974892e-16
17633.01730155945,7.604585038088264e-16
17635.1261138916,7.58631771378954e-16
17637.23373413086,7.572583603945404e-16
17639.341354370117,7.671678517840277e-16
17641.45016670227,7.638992045801325e-16
17643.55778694153,7.52956862390587e-16
17645.665407180786,7.443523311354634e-16
17647.77421951294,7.439636488917921e-16
17649.881839752197,7.614908252132925e-16
17651.989459991455,7.768641026290437e-16
17654.097080230713,7.836164375263181e-16
17656.205892562866,7.925112893241131e-16
17658.313512802124,7.929160651937823e-16
17660.421133041382,7.89601572331617e-16
17662.52875328064,8.380148521626798e-16
17664.636373519897,7.620978831386778e-16
17666.743993759155,7.405865814706484e-16
17668.851613998413,7.492219764887876e-16
17670.95923423767,7.660932846113172e-16
17673.068046569824,7.797470322045829e-16
17675.175666809082,7.62524787744094e-16
17677.28328704834,7.36770221587235e-16
17679.390907287598,7.30751734859638e-16
17681.498527526855,7.367753037849185e-16
17683.604955673218,7.448789738704188e-16
17685.712575912476,7.358834310310189e-16
17687.820196151733,7.238135821095596e-16
17689.92781639099,7.324638531438349e-16
17692.03543663025,7.312612781169706e-16
17694.143056869507,7.419409871533081e-16
17696.250677108765,7.421554982472002e-16
17698.358297348022,7.443671542120404e-16
17700.464725494385,7.365965798330478e-16
17702.572345733643,7.325870964376604e-16
17704.6799659729,7.30081255342327e-16
17706.78758621216,7.251472884245707e-16
17708.895206451416,7.423425337098658e-16
17711.00163459778,7.628128318857197e-16
17713.109254837036,7.48513062851495e-16
17715.216875076294,7.401731764528291e-16
17717.323303222656,7.317022117055757e-16
17719.430923461914,7.26144510901285e-16
17721.538543701172,7.27276729253968e-16
17723.644971847534,7.2617802164226075e-16
17725.752592086792,7.165718739270089e-16
17727.859020233154,7.180374526839957e-16
17729.966640472412,7.214691537302373e-16
17732.073068618774,7.23508385550752e-16
17734.180688858032,7.25423527044494e-16
17736.287117004395,7.270058904690834e-16
17738.394737243652,7.327055751711576e-16
17740.501165390015,7.302447856407063e-16
17742.608785629272,7.434695110461876e-16
17744.715213775635,7.468739482194395e-16
17746.821641921997,7.436332531028037e-16
17748.929262161255,7.372908821520004e-16
17751.035690307617,7.339926417345105e-16
17753.143310546875,7.286098002942686e-16
17755.249738693237,7.298496447708121e-16
17757.3561668396,7.435894191477833e-16
17759.462594985962,7.50882161065406e-16
17761.57021522522,7.510812138080108e-16
17763.676643371582,7.560290508902784e-16
17765.783071517944,7.734535774064834e-16
17767.889499664307,7.493315084367794e-16
17769.997119903564,7.409845281371803e-16
17772.103548049927,7.335273559486719e-16
17774.20997619629,7.401496183489836e-16
17776.31640434265,7.478633885809509e-16
17778.422832489014,7.488442527338714e-16
17780.529260635376,7.443293553667692e-16
17782.63568878174,7.504682266519947e-16
17784.7421169281,7.513804281966284e-16
17786.848545074463,7.491824306380627e-16
17788.954973220825,7.220594298153551e-16
17791.061401367188,7.542356703827042e-16
17793.16782951355,7.444662041273099e-16
17795.274257659912,7.277005104253912e-16
17797.380685806274,7.257109888509684e-16
17799.487113952637,7.221597502800456e-16
17801.593542099,7.203544583716506e-16
17803.69997024536,7.119489269195726e-16
17805.806398391724,6.948033918803694e-16
17807.912826538086,6.941386827750116e-16
17810.01925468445,7.357570113636412e-16
17812.12568283081,7.581996786967359e-16
17814.230918884277,7.723394114434888e-16
17816.33734703064,8.213550375791678e-16
17818.443775177002,7.520203086487198e-16
17820.550203323364,7.445218436040327e-16
17822.65543937683,7.406681083918217e-16
17824.761867523193,7.226078836487023e-16
17826.868295669556,7.148062337484573e-16
17828.973531723022,7.26028943843544e-16
17831.079959869385,7.196282864380577e-16
17833.186388015747,7.128655224476201e-16
17835.291624069214,7.272003374700375e-16
17837.398052215576,7.323813203710368e-16
17839.503288269043,7.272251661233039e-16
17841.609716415405,7.262496488658629e-16
17843.716144561768,7.263507104843822e-16
17845.821380615234,7.468934299772263e-16
17847.927808761597,7.410520790147239e-16
17850.033044815063,7.561355123438364e-16
17852.139472961426,8.370393349052389e-16
17854.244709014893,7.521901916942035e-16
17856.34994506836,7.306858780479889e-16
17858.45637321472,7.33336350019066e-16
17860.56160926819,7.496383990614815e-16
17862.66803741455,7.680521541809612e-16
17864.773273468018,7.376273130507379e-16
17866.878509521484,7.235694778020727e-16
17868.984937667847,7.408176626465712e-16
17871.090173721313,7.354897724687825e-16
17873.19540977478,7.568465965030564e-16
17875.301837921143,7.777576165092785e-16
17877.40707397461,7.445918297012996e-16
17879.512310028076,7.430968165493958e-16
17881.617546081543,7.278984514372526e-16
17883.72278213501,7.295180843115213e-16
17885.829210281372,7.220937346497189e-16
17887.93444633484,7.256701195112634e-16
17890.039682388306,7.228811576533102e-16
17892.144918441772,7.3968523253565145e-16
17894.25015449524,7.10732481728197e-16
17896.355390548706,7.023526789018918e-16
17898.460626602173,7.035867529664821e-16
17900.56586265564,7.081728011011537e-16
17902.671098709106,7.172822169324001e-16
17904.776334762573,7.170724703988362e-16
17906.88157081604,7.475405102093694e-16
17908.986806869507,7.427534505684025e-16
17911.092042922974,7.518032564559859e-16
17913.19727897644,7.524747418249217e-16
17915.302515029907,7.20762410614872e-16
17917.407751083374,7.37641659671282e-16
17919.51298713684,7.202729843900366e-16
17921.618223190308,7.337278909989343e-16
17923.723459243774,7.49352207804428e-16
17925.827503204346,7.623062532437024e-16
17927.932739257812,7.392508634523876e-16
17930.03797531128,7.661837053784366e-16
17932.143211364746,7.691356151996178e-16
17934.248447418213,7.406646673204734e-16
17936.352491378784,7.275093986166669e-16
17938.45772743225,7.658532037103298e-16
17940.562963485718,7.439557079579116e-16
17942.66700744629,8.003399383995518e-16
17944.772243499756,7.484715052975203e-16
17946.877479553223,7.270706355499892e-16
17948.981523513794,7.355494353520047e-16
17951.08675956726,7.423500511272727e-16
17953.190803527832,7.173329330301169e-16
17955.2960395813,7.714881962710574e-16
17957.401275634766,7.631929379208e-16
17959.505319595337,7.213477103814247e-16
17961.610555648804,7.254299856707168e-16
17963.714599609375,7.390619221655907e-16
17965.81983566284,7.503654709675809e-16
17967.923879623413,7.332516467243406e-16
17970.02911567688,7.129001449193392e-16
17972.13315963745,7.599445665680798e-16
17974.237203598022,7.607436362746958e-16
17976.34243965149,7.02939143338747e-16
17978.44648361206,7.131654779900666e-16
17980.550527572632,7.074629345517954e-16
17982.6557636261,6.756669588382043e-16
17984.75980758667,7.411271473096743e-16
17986.86385154724,6.924552577319029e-16
17988.969087600708,6.723630538878797e-16
17991.07313156128,6.769392552645394e-16
17993.17717552185,6.94789733474095e-16
17995.281219482422,7.181313674620225e-16
17997.38645553589,7.569987977357662e-16
17999.49049949646,7.299333422139127e-16
18001.59454345703,7.986863712678338e-16
18003.698587417603,7.880077210226804e-16
18005.802631378174,7.836641890087196e-16
18007.906675338745,8.698387270239711e-16
18010.011911392212,7.979200711483647e-16
18012.115955352783,7.52918587089283e-16
18014.219999313354,9.814694638404114e-16
18016.324043273926,8.232273509695142e-16
18018.428087234497,7.490964567939164e-16
18020.53213119507,8.058917099732117e-16
18022.63617515564,7.650412696908273e-16
18024.74021911621,8.132360679610577e-16
18026.844263076782,8.213195680745015e-16
18028.948307037354,7.340634748647247e-16
18031.052350997925,8.066774389109085e-16
18033.1552028656,7.226725228504896e-16
18035.259246826172,7.139470247025863e-16
18037.363290786743,7.220377245960817e-16
18039.467334747314,7.020152421515294e-16
18041.571378707886,7.614686435379863e-16
18043.675422668457,7.600256699727794e-16
18045.778274536133,7.082528986542284e-16
18047.882318496704,7.08570324251212e-16
18049.986362457275,7.185326493207842e-16
18052.090406417847,6.850482722455193e-16
18054.193258285522,6.959470451778403e-16
18056.297302246094,7.457326242625735e-16
18058.401346206665,7.581761205928904e-16
18060.505390167236,8.134147919129284e-16
18062.608242034912,8.705342998923445e-16
18064.712285995483,7.648184470861403e-16
18066.81513786316,1.1461694088407345e-15
18068.91918182373,9.079207459973732e-16
18071.0232257843,8.065552544082671e-16
18073.126077651978,7.796211948723564e-16
18075.23012161255,7.84897257221685e-16
18077.332973480225,8.061113562043466e-16
18079.437017440796,8.060871098862314e-16
18081.53986930847,7.539558318727551e-16
18083.643913269043,7.154031802180348e-16
18085.74676513672,7.079955065173815e-16
18087.85080909729,7.294077582701414e-16
18089.953660964966,7.490567521245138e-16
18092.05651283264,7.401945640347473e-16
18094.160556793213,7.996258896250164e-16
18096.26340866089,7.165139051096812e-16
18098.36745262146,7.174957751142266e-16
18100.470304489136,7.137321430317797e-16
18102.57315635681,7.164844707147641e-16
18104.676008224487,7.667192419593381e-16
18106.78005218506,7.689628204783779e-16
18108.882904052734,9.30944901448758e-16
18110.98575592041,9.016061153755924e-16
18113.088607788086,8.328137522291832e-16
18115.192651748657,1.0370017908953506e-15
18117.295503616333,7.858216878044947e-16
18119.39835548401,7.786742649768853e-16
18121.501207351685,8.032764957485641e-16
18123.60405921936,8.389501882946854e-16
18125.706911087036,8.957632821054323e-16
18127.809762954712,8.642884377579689e-16
18129.913806915283,6.448100250257629e-16
18132.01665878296,1.1441398120199948e-15
18134.119510650635,7.764141163758148e-16
18136.22236251831,6.831733118772127e-16
18138.325214385986,6.96559661756942e-16
18140.428066253662,7.725842569048045e-16
18142.530918121338,7.250252098010476e-16
18144.633769989014,6.96143980338077e-16
18146.73662185669,6.931894764784948e-16
18148.83828163147,7.115555859946914e-16
18150.941133499146,6.963514504705951e-16
18153.04398536682,7.03551071703579e-16
18155.146837234497,7.700907507267654e-16
18157.249689102173,7.374935347846309e-16
18159.35254096985,1.2020871358866744e-15
18161.455392837524,8.89165848358387e-16
18163.557052612305,7.641730609198917e-16
18165.65990447998,8.517820492313184e-16
18167.762756347656,8.901598415219899e-16
18169.865608215332,7.896043251886956e-16
18171.967267990112,7.673836863668999e-16
18174.070119857788,8.942439167562949e-16
18176.172971725464,8.240565962248762e-16
18178.274631500244,7.568985831501941e-16
18180.37748336792,7.484899812036823e-16
18182.480335235596,7.753968298061624e-16
18184.581995010376,8.379573598013849e-16
18186.68484687805,8.327826237683716e-16
18188.787698745728,9.4136446549117e-16
18190.889358520508,9.122156265564262e-16
18192.992210388184,7.617136478179796e-16
18195.093870162964,7.385930364897262e-16
18197.19672203064,7.61610150979737e-16
18199.29838180542,8.227399364479286e-16
18201.401233673096,9.52227557160588e-16
18203.502893447876,1.2052656270212462e-15
18205.60574531555,8.812248085987595e-16
18207.707405090332,7.850763517504701e-16
18209.809064865112,1.3242178519359566e-15
18211.911916732788,9.42480537278296e-16
18214.01357650757,1.004140088915436e-15
18216.116428375244,1.0245563358013431e-15
18218.218088150024,1.0237548308750038e-15
18220.319747924805,1.1369246794961643e-15
18222.42259979248,1.0704684861578416e-15
18224.52425956726,1.5841871924039967e-15
18226.62591934204,1.0659624826366856e-15
18228.72757911682,8.961086597896752e-16
18230.830430984497,1.1545116245800053e-15
18232.932090759277,9.02075265749253e-16
18235.033750534058,7.888500952887248e-16
18237.135410308838,7.542830512881913e-16
18239.237070083618,7.331500027706701e-16
18241.3387298584,7.301343007806488e-16
18243.441581726074,7.338273644306775e-16
18245.543241500854,7.412201621151946e-16
18247.644901275635,7.704217817904643e-16
18249.746561050415,7.621189001436816e-16
18251.848220825195,7.800064889842387e-16
18253.949880599976,8.641227369376623e-16
18256.051540374756,8.387576471178626e-16
18258.153200149536,8.988783516480784e-16
18260.254859924316,9.536686778412228e-16
18262.356519699097,1.0567242119183381e-15
18264.458179473877,6.374594731094901e-16
18266.559839248657,1.0582708940800245e-15
18268.661499023438,1.2060860843097804e-15
18270.763158798218,9.291600971497748e-16
18272.863626480103,9.162172219574923e-16
18274.965286254883,8.530531280477919e-16
18277.066946029663,8.075263247427349e-16
18279.168605804443,8.124268338590747e-16
18281.270265579224,8.794039524599587e-16
18283.371925354004,9.6056437306482e-16
18285.47239303589,8.782343587784782e-16
18287.57405281067,1.1671638615922612e-15
18289.67571258545,1.0907341729373744e-15
18291.77737236023,1.1518752345316763e-15
18293.877840042114,1.2739963155811835e-15
18295.979499816895,9.24334550449267e-16
18298.081159591675,9.163521119543425e-16
18300.18162727356,9.947063653445096e-16
18302.28328704834,1.0237759008195667e-15
18304.38494682312,1.1357682677649254e-15
18306.485414505005,1.1674904986725462e-15
18308.587074279785,1.0234382523109675e-15
18310.68754196167,1.0969999932855697e-15
18312.78920173645,1.234153156291762e-15
18314.889669418335,1.3242016524308404e-15
18316.991329193115,1.354955089405039e-15
18319.091796875,9.720951384549112e-16
18321.19345664978,9.364471215950036e-16
18323.293924331665,9.086319360357116e-16
18325.395584106445,9.843659988826659e-16
18327.49605178833,9.917789135996803e-16
18329.59771156311,1.1071007553024588e-15
18331.698179244995,1.1400752185434767e-15
18333.799839019775,9.527128011602463e-16
18335.90030670166,9.519415776617713e-16
18338.000774383545,8.80396992711496e-16
18340.102434158325,8.303944673131473e-16
18342.20290184021,8.232283038815799e-16
18344.303369522095,8.996152703121896e-16
18346.40383720398,1.00460966280557e-15
18348.50549697876,1.1328034406912985e-15
18350.605964660645,1.249759314828449e-15
18352.70643234253,8.967555812031407e-16
18354.806900024414,1.2112328682555343e-15
18356.908559799194,1.2907635445303192e-15
18359.00902748108,1.3063169752660394e-15
18361.109495162964,1.7954271509329706e-15
18363.20996284485,4.814962854425217e-14
18365.310430526733,1.4742441750877078e-13
18367.410898208618,6.407878361361667e-15
18369.511365890503,1.4733331318606295e-15
18371.611833572388,1.2004181633432282e-15
18373.712301254272,1.3515540403635762e-15
18375.812768936157,1.0846937692322671e-15
18377.913236618042,1.1872129196955337e-15
18380.013704299927,-9.26529742211195e-16
18382.11417198181,1.022600536726133e-15
18384.214639663696,1.3140413863494066e-15
18386.31510734558,1.3709802116132616e-15
18388.415575027466,1.300247878319844e-15
18390.51604270935,1.159815533137475e-15
18392.616510391235,1.013908708137883e-15
18394.71697807312,1.0408016865758518e-15
18396.817445755005,1.2756879462559687e-15
18398.91791343689,9.82776223919788e-16
18401.018381118774,5.111575433114541e-16
18403.117656707764,1.4201667795856084e-15
18405.21812438965,2.829648873816314e-15
18407.318592071533,2.843133003061892e-15
18409.419059753418,1.3775423876138775e-15
18411.518335342407,1.018643728192153e-15
18413.618803024292,1.1612761355758966e-15
18415.719270706177,1.3144765495260585e-15
18417.81973838806,1.4475008504308598e-15
18419.91901397705,2.661156656432015e-15
18422.019481658936,5.8178178461289025e-15
18424.11994934082,2.455367196099945e-16
18426.21922492981,1.1053130922672786e-15
18428.319692611694,1.784797946236113e-15
18430.418968200684,1.2548074194358477e-15
18432.51943588257,9.789194711527023e-16
18434.618711471558,9.39447735810652e-16
18436.719179153442,8.567980195262807e-16
18438.819646835327,9.748398428413704e-16
18440.918922424316,9.348004895455412e-16
18443.0193901062,9.343002107110691e-16
18445.11866569519,9.09760607437928e-16
18447.21794128418,8.089572810280026e-16
18449.318408966064,7.834497837939458e-16
18451.417684555054,7.741978546693239e-16
18453.51815223694,7.902304413553941e-16
18455.617427825928,7.841542505082654e-16
18457.716703414917,8.039273876289698e-16
18459.8171710968,8.177121606312639e-16
18461.91644668579,9.252857684490337e-16
18464.01572227478,1.0345048436459633e-15
18466.116189956665,1.1904564206088072e-15
18468.215465545654,5.177680001900635e-16
18470.314741134644,2.14048529199656e-15
18472.41520881653,1.8467022903950097e-15
18474.514484405518,1.961773410345401e-15
18476.613759994507,1.2654502825389796e-15
18478.713035583496,1.3949199038015099e-15
18480.812311172485,1.787639106499441e-15
18482.91277885437,4.018312443313139e-15
18485.01205444336,2.426520271471338e-15
18487.11133003235,6.28640589579152e-16
18489.210605621338,1.0233884891253163e-15
18491.309881210327,1.867285191013289e-15
18493.409156799316,1.4808989360246233e-15
18495.508432388306,1.5236588532679149e-15
18497.607707977295,1.1872726355183151e-15
18499.706983566284,9.950004975354436e-16
18501.806259155273,9.294238420337261e-16
18503.905534744263,9.381050827101355e-16
18506.004810333252,1.0855882360245677e-15
18508.10408592224,8.179273599394257e-16
18510.20336151123,1.2014757898569936e-15
18512.30263710022,1.1529969179120778e-15
18514.40191268921,1.0883010707963864e-15
18516.5011882782,9.233335692638493e-16
18518.600463867188,8.397835628356652e-16
18520.699739456177,8.377293491198959e-16
18522.799015045166,8.470244769248278e-16
18524.89709854126,8.683705012890242e-16
18526.99637413025,9.531281649417561e-16
18529.09564971924,1.0993608858678042e-15
18531.194925308228,1.0377400859880011e-15
18533.294200897217,1.205952994257943e-15
18535.39228439331,
18921.54574394226,
18924.403190612793,1.1138414434967085e-15
18927.260637283325,1.106215605872578e-15
18930.118083953857,1.2013046892016483e-15
18932.97553062439,1.0985382051177835e-15
18935.831785202026,1.1671998604925195e-15
18938.68923187256,1.015074013715068e-15
18941.54667854309,8.032074096238036e-16
18944.402933120728,1.0942550771408737e-15
18947.26037979126,9.49586720189286e-16
18950.117826461792,7.70913113839431e-16
18952.97408103943,7.602143995013395e-16
18955.83152770996,7.871560823337754e-16
18958.687782287598,7.655066084162252e-16
18961.54522895813,7.218979641597848e-16
18964.401483535767,7.313768451747116e-16
18967.2589302063,7.365728099709655e-16
18970.115184783936,7.841701323760264e-16
18972.972631454468,8.204541121606445e-16
18975.828886032104,8.49071120283631e-16
18978.68514060974,8.56686158237684e-16
18981.542587280273,6.73793639596233e-16
18984.39884185791,1.076245250858116e-15
18987.255096435547,1.1330438921692003e-15
18990.11254310608,1.0520827890047398e-15
18992.968797683716,9.53539399437648e-16
18995.825052261353,1.145396491276365e-15
18998.68130683899,5.882785696699781e-16
19001.537561416626,3.3375146882760605e-16
19004.39500808716,2.3354786292016042e-15
19007.251262664795,1.4812897358506627e-15
19010.10751724243,8.754041570039055e-16
19012.96377182007,1.1311179510053808e-15
19015.820026397705,9.52929535715625e-16
19018.67628097534,8.929230747541702e-16
19021.53253555298,9.281180348664152e-16
19024.388790130615,9.742452257123979e-16
19027.245044708252,1.0010270310760396e-15
19030.10129928589,9.730850023328963e-16
19032.957553863525,6.58774633710671e-16
19035.813808441162,1.0731191698871555e-15
19038.6700630188,9.710199360074903e-16
19041.52512550354,9.055880172606349e-16
19044.381380081177,9.354512226072693e-16
19047.237634658813,9.508692339505473e-16
19050.09388923645,9.629304537238565e-16
19052.950143814087,1.4742198694772863e-15
19055.805206298828,1.5155325250510755e-15
19058.661460876465,2.0620352180042347e-15
19061.5177154541,1.6603598065593919e-15
19064.372777938843,1.513017790109796e-15
19067.22903251648,8.075256365284653e-16
19070.08409500122,6.251056563924638e-16
19072.940349578857,1.0687154455943804e-15
19075.796604156494,8.95233039480451e-16
19078.651666641235,7.878147033898249e-16
19081.507921218872,7.772571788561289e-16
19084.362983703613,7.643064686090842e-16
19087.21923828125,8.011149735462895e-16
19090.07430076599,7.81118749123102e-16
19092.929363250732,6.157353544134631e-16
19095.78561782837,8.310122190294917e-16
19098.64068031311,8.096877940054503e-16
19101.49574279785,7.353945342017756e-16
19104.35199737549,8.555557927695731e-16
19107.20705986023,8.405672800701122e-16
19110.06212234497,7.636779172226623e-16
19112.918376922607,1.045253585867502e-15
19115.77343940735,1.065620069567758e-15
19118.62850189209,5.427909945782908e-16
19121.48356437683,9.175418756078796e-16
19124.338626861572,1.008874897211469e-15
19127.193689346313,8.94941236630122e-16
19130.04994392395,9.424022926097933e-16
19132.90500640869,1.104552139043289e-15
19135.760068893433,1.0622944064586008e-15
19138.615131378174,9.441108639435237e-16
19141.470193862915,7.94346756781254e-16
19144.325256347656,1.224661199205712e-15
19147.180318832397,9.326234031128608e-16
19150.03538131714,9.029346865533608e-16
19152.889251708984,8.727240918192337e-16
19155.744314193726,8.1528752881974845e-16
19158.599376678467,8.134314678740775e-16
19161.454439163208,9.075865914996814e-16
19164.30950164795,8.925470980047077e-16
19167.16456413269,5.366504292271708e-16
19170.018434524536,1.002353802308795e-15
19172.873497009277,7.905938714293254e-16
19175.72855949402,7.301782406147876e-16
19178.582429885864,7.197887462420032e-16
19181.437492370605,6.682688142582076e-16
19184.292554855347,6.483267470040852e-16
19187.146425247192,6.745159469420041e-16
19190.001487731934,7.020214360799562e-16
19192.856550216675,7.713732115484677e-16
19195.71042060852,8.921908147712689e-16
19198.56548309326,1.0433783608013994e-15
19201.419353485107,7.349221015754445e-16
19204.27441596985,7.738788408855643e-16
19207.128286361694,2.1680095482082496e-16
19209.98215675354,3.6748775879534036e-16
19212.83721923828,6.828413808410074e-16
19215.691089630127,7.832871005285138e-16
19218.546152114868,6.685301239224355e-16
19221.400022506714,7.421730212412965e-16
19224.25389289856,6.934570330107087e-16
19227.107763290405,6.882275574734791e-16
19229.962825775146,6.745403520787968e-16
19232.816696166992,6.81431600379421e-16
19235.670566558838,7.29374088710488e-16
19238.524436950684,8.144614069983795e-16
19241.37830734253,9.211548946443928e-16
19244.23336982727,4.070504707698818e-16
19247.087240219116,8.151452802241689e-16
19249.941110610962,6.93040663377574e-16
19252.794981002808,6.669412489320641e-16
19255.648851394653,6.799309226946824e-16
19258.5027217865,6.673369721371095e-16
19261.356592178345,6.326600785512288e-16
19264.21046257019,6.086467474361286e-16
19267.064332962036,7.26472736168346e-16
19269.918203353882,8.184754961354176e-16
19272.772073745728,6.578404093094087e-16
19275.624752044678,6.204998088626501e-16
19278.478622436523,7.501476776210182e-16
19281.33249282837,7.619659048175838e-16
19284.186363220215,8.276359986412953e-16
19287.04023361206,7.359481231723655e-16
19289.89291191101,6.069147768172304e-16
19292.746782302856,7.652965442453061e-16
19295.600652694702,6.501733317686588e-16
19298.454523086548,6.845367702244961e-16
19301.307201385498,7.835486748905378e-16
19304.161071777344,6.997732518192656e-16
19307.013750076294,6.903926266262203e-16
19309.86762046814,8.622152716800048e-16
19312.721490859985,6.037164862875166e-16
19315.574169158936,7.499260196866336e-16
19318.42803955078,8.04804331427174e-16
19321.28071784973,6.349210212456874e-16
19324.134588241577,6.913386036096257e-16
19326.987266540527,7.092313805269848e-16
19329.839944839478,6.103222315453568e-16
19332.693815231323,5.85075779277732e-16
19335.546493530273,7.090683796241975e-16
19338.399171829224,7.283139210978809e-16
19341.25304222107,6.900287200962561e-16
19344.10572052002,5.867980090177368e-16
19346.95839881897,6.961646267661663e-16
19349.812269210815,6.595321458633123e-16
19352.664947509766,6.616584103191574e-16
19355.517625808716,6.484305085401238e-16
19358.370304107666,6.335485102337802e-16
19361.222982406616,6.481421997007021e-16
19364.075660705566,7.471347284880754e-16
19366.928339004517,6.189897079363733e-16
19369.782209396362,6.512592280070388e-16
19372.634887695312,7.118492417295926e-16
19375.487565994263,6.195584376208953e-16
19378.340244293213,7.256952128623258e-16
19381.192922592163,7.053653633370385e-16
19384.045600891113,5.603343174653483e-16
19386.897087097168,7.422071143174235e-16
19389.749765396118,7.695340912617418e-16
19392.60244369507,6.917438559353277e-16
19395.45512199402,7.381405091376556e-16
19398.30780029297,7.30107036907659e-16
19401.16047859192,5.795459776211415e-16
19404.01315689087,6.699629860318346e-16
19406.864643096924,6.355679426591529e-16
19409.717321395874,6.396155425371667e-16
19412.569999694824,6.116484204429611e-16
19415.42148590088,6.94322012468533e-16
19418.27416419983,5.339728522017815e-16
19421.12684249878,5.812255910159876e-16
19423.978328704834,5.144427076578207e-16
19426.831007003784,5.472853513964222e-16
19429.68249320984,5.657103297024529e-16
19432.53517150879,5.678881043494029e-16
19435.38784980774,6.451432266113891e-16
19438.239336013794,5.9330232208014335e-16
19441.09082221985,6.380476316122398e-16
19443.9435005188,7.429822553432796e-16
19446.794986724854,7.132921623552403e-16
19449.647665023804,6.511295260869905e-16
19452.49915122986,6.541983264548928e-16
19455.350637435913,6.808569944038274e-16
19458.203315734863,6.396438122617813e-16
19461.054801940918,6.346886165807845e-16
19463.906288146973,5.852000813627415e-16
19466.758966445923,5.86994838298855e-16
19469.610452651978,6.544244313122505e-16
19472.461938858032,6.342892934857133e-16
19475.313425064087,5.847382895878103e-16
19478.16491127014,6.521297661185794e-16
19481.01758956909,6.91508380775991e-16
19483.869075775146,6.248968627709656e-16
19486.7205619812,6.231993028655495e-16
19489.572048187256,6.73247832740846e-16
19492.42353439331,6.809717673681803e-16
19495.275020599365,5.950268282211939e-16
19498.12650680542,6.469435422012189e-16
19500.977993011475,6.255410842669117e-16
19503.82947921753,6.064119568839166e-16
19506.680965423584,6.32743405417415e-16
19509.531259536743,6.091577200615598e-16
19512.382745742798,5.995089560011492e-16
19515.234231948853,6.286866999352181e-16
19518.085718154907,6.149364435255246e-16
19520.937204360962,6.258536394244485e-16
19523.788690567017,6.326640490181691e-16
19526.638984680176,6.222142035478928e-16
19529.49047088623,6.182807942990806e-16
19532.341957092285,7.001402817832228e-16
19535.192251205444,5.408871292106592e-16
19538.0437374115,6.516132877789911e-16
19540.895223617554,6.903031058316073e-16
19543.745517730713,6.666724747899885e-16
19546.597003936768,5.966813482649776e-16
19549.447298049927,6.894116036546222e-16
19552.29878425598,6.84820208624471e-16
19555.14907836914,6.698283607327804e-16
19558.000564575195,6.255652247059084e-16
19560.850858688354,7.090532918498245e-16
19563.70234489441,6.906229666483142e-16
19566.55263900757,6.473244423296873e-16
19569.404125213623,6.683570115638404e-16
19572.254419326782,6.774104702810088e-16
19575.10471343994,6.228311611708491e-16
19577.956199645996,7.142123048337545e-16
19580.806493759155,6.239583502654078e-16
19583.656787872314,6.216489678742782e-16
19586.507081985474,6.521780469965729e-16
19589.35856819153,6.985829587701365e-16
19592.208862304688,6.576353214570547e-16
19595.059156417847,5.984703877286971e-16
19597.909450531006,6.409800596756342e-16
19600.759744644165,6.301068565504084e-16
19603.610038757324,5.791185965596925e-16
19606.460332870483,6.334712184773432e-16
19609.310626983643,6.198610401413019e-16
19612.1609210968,5.430384340780075e-16
19615.01121520996,6.138334478095219e-16
19617.86150932312,6.094894922790875e-16
19620.71180343628,6.211989816210493e-16
19623.56209754944,5.737537016300206e-16
19626.412391662598,6.596700534150372e-16
19629.262685775757,5.748736909445276e-16
19632.112979888916,6.507729252161964e-16
19634.963274002075,6.541562924448853e-16
19637.813568115234,6.102292696793957e-16
19640.662670135498,6.588910478013592e-16
19643.512964248657,6.337385632513204e-16
19646.363258361816,6.388456425276718e-16
19649.21236038208,5.731504553528979e-16
19652.06265449524,6.35009430309557e-16
19654.9129486084,5.69492755328417e-16
19657.762050628662,6.16015404681649e-16
19660.61234474182,6.064664846298961e-16
19663.46263885498,5.616553182861506e-16
19666.311740875244,6.117609699458275e-16
19669.162034988403,5.5756647849151725e-16
19672.011137008667,6.191495324656083e-16
19674.861431121826,5.712103263872119e-16
19677.71053314209,6.036306183224887e-16
19680.56082725525,6.00185629446887e-16
19683.409929275513,5.25197326170431e-16
19686.259031295776,5.944851506514248e-16
19689.109325408936,5.396482376461814e-16
19691.9584274292,5.838494873283446e-16
19694.807529449463,5.672318655735177e-16
19697.657823562622,5.381895939714503e-16
19700.506925582886,5.966175031565783e-16
19703.35602760315,5.495412118931972e-16
19706.20632171631,5.773347451727749e-16
19709.055423736572,5.84196823776278e-16
19711.904525756836,5.518939517833144e-16
19714.7536277771,6.036667760414246e-16
19717.602729797363,5.588012937099364e-16
19720.451831817627,5.819180933899271e-16
19723.30093383789,5.85702530719141e-16
19726.150035858154,5.396383379486103e-16
19728.999137878418,5.809954098125712e-16
19731.84823989868,5.376407695611887e-16
19734.697341918945,5.149887792110037e-16
19737.54644393921,5.443009896254492e-16
19740.395545959473,5.611355576938917e-16
19743.244647979736,5.418304062765453e-16
19746.09375,5.385475712707836e-16
19748.942852020264,5.467071455308027e-16
19751.791954040527,5.456245315450933e-16
19754.64105606079,5.312866460282421e-16
19757.48896598816,5.325654010808001e-16
19760.338068008423,5.546414619664113e-16
19763.187170028687,5.444694962423936e-16
19766.03627204895,5.586410456642277e-16
19768.88418197632,5.4547878893860635e-16
19771.733283996582,5.500392672661827e-16
19774.582386016846,5.686738862266589e-16
19777.430295944214,5.367403205986982e-16
19780.279397964478,5.332906730418866e-16
19783.127307891846,5.411135517053721e-16
19785.97640991211,5.4696538470059685e-16
19788.824319839478,5.309166514489696e-16
19791.67342185974,5.423507492039554e-16
19794.52133178711,5.577803013711398e-16
19797.370433807373,5.883130862625787e-16
19800.21834373474,5.347746747654761e-16
19803.067445755005,5.677403500396663e-16
19805.915355682373,5.801089368937104e-16
19808.76326560974,5.236710257390379e-16
19811.612367630005,5.508993762845602e-16
19814.460277557373,5.283696233765759e-16
19817.30818748474,5.258228070624191e-16
19820.157289505005,5.2093526813808415e-16
19823.005199432373,5.149192695697697e-16
19825.85310935974,5.185482763531623e-16
19828.70101928711,5.336028046829498e-16
19831.548929214478,5.189592461512583e-16
19834.39803123474,5.168528340301144e-16
19837.24594116211,5.257099928617566e-16
19840.093851089478,5.142546134039711e-16
19842.941761016846,5.243663339096153e-16
19845.789670944214,5.288241094923371e-16
19848.637580871582,5.336177336386452e-16
19851.48549079895,5.4435011753639e-16
19854.33340072632,5.23865737437788e-16
19857.181310653687,5.227815352653025e-16
19860.029220581055,5.253374042440832e-16
19862.877130508423,5.274734625183809e-16
19865.723848342896,5.391250359825742e-16
19868.571758270264,5.649426002148853e-16
19871.419668197632,5.348049032537813e-16
19874.267578125,5.251291929577362e-16
19877.115488052368,5.528160530255191e-16
19879.96220588684,5.143034766171158e-16
19882.81011581421,5.088774894361232e-16
19885.658025741577,5.1325252048781e-16
19888.505935668945,5.096639065880896e-16
19891.352653503418,5.050449300475935e-16
19894.200563430786,5.10506810249726e-16
19897.04728126526,5.275311136983534e-16
19899.895191192627,5.441499001234828e-16
19902.743101119995,5.296797186481823e-16
19905.589818954468,5.25833712611615e-16
19908.437728881836,5.326826622044356e-16
19911.28444671631,5.149948143207529e-16
19914.132356643677,5.221531956371174e-16
19916.97907447815,5.237446117263306e-16
19919.825792312622,5.211443264573784e-16
19922.67370223999,5.186800958555788e-16
19925.520420074463,5.136426320995798e-16
19928.36833000183,5.077775112749951e-16
19931.215047836304,5.144283080977174e-16
19934.061765670776,5.199066525027622e-16
19936.90848350525,5.192983769675152e-16
19939.756393432617,5.254197781982036e-16
19942.60311126709,5.214800162022871e-16
19945.449829101562,5.121872177379601e-16
19948.296546936035,5.2232381983643e-16
19951.143264770508,5.0855275817996955e-16
19953.98998260498,5.238776488386088e-16
19956.83789253235,5.348810303399158e-16
19959.68461036682,5.224555863992872e-16
19962.531328201294,5.47039341264804e-16
19965.378046035767,5.488376980909433e-16
19968.22476387024,5.290429616300839e-16
19971.071481704712,5.251094465021533e-16
19973.918199539185,5.4141213081927925e-16
19976.764917373657,5.545244655405718e-16
19979.61163520813,5.604935067198729e-16
19982.457160949707,5.500026860307732e-16
19985.30387878418,5.397631164896527e-16
19988.150596618652,5.688604452332917e-16
19990.997314453125,5.584843975085449e-16
19993.844032287598,5.671169337904871e-16
19996.689558029175,5.747291130083431e-16
19999.536275863647,5.840361522140957e-16
20002.381801605225,5.732586638119096e-16
20005.228519439697,5.810667723383774e-16
20008.07523727417,6.166706376059094e-16
20010.921955108643,6.583268179793694e-16
20013.768672943115,6.342755292003204e-16
20016.615390777588,6.038374531802963e-16
20019.45972442627,6.077115171832415e-16
20022.306442260742,6.263353364736402e-16
20025.153160095215,6.227565163923724e-16
20027.999877929688,6.388385486267385e-16
20030.84421157837,6.280679423672489e-16
20033.69092941284,6.2150068416894945e-16
20036.537647247314,6.562731336591922e-16
20039.381980895996,6.254859741857809e-16
20042.22869873047,6.324561024296182e-16
20045.07541656494,6.163254187403441e-16
20047.919750213623,6.251175148537253e-16
20050.766468048096,6.489229523198338e-16
20053.61318588257,6.175878684086674e-16
20056.45751953125,6.655588911621451e-16
20059.304237365723,6.202119764792612e-16
20062.150955200195,6.171524405342195e-16
20064.995288848877,5.733991654020354e-16
20067.84200668335,6.019930918772093e-16
20070.68634033203,5.67571631664485e-16
20073.533058166504,5.893853240946842e-16
20076.377391815186,5.609267640723935e-16
20079.22410964966,6.042271412755925e-16
20082.07082748413,5.4770150927132e-16
20084.915161132812,5.743824647746793e-16
20087.761878967285,5.519385268921637e-16
20090.606212615967,5.363434327233503e-16
20093.45054626465,5.782260355915233e-16
20096.29726409912,5.487509830929681e-16
20099.141597747803,5.567536444995083e-16
20101.988315582275,5.942178058774476e-16
20104.832649230957,5.461011463966014e-16
20107.67936706543,6.052751327895829e-16
20110.52370071411,5.499579521032463e-16
20113.368034362793,5.960534850928253e-16
20116.214752197266,5.830052072381688e-16
20119.059085845947,5.685081854063523e-16
20121.90580368042,6.279697924244858e-16
20124.7501373291,5.551045242907634e-16
20127.594470977783,6.176381080503514e-16
20130.438804626465,5.644244807489617e-16
20133.285522460938,5.865464402324023e-16
20136.12985610962,6.031409803394165e-16
20138.9741897583,5.352125378596474e-16
20141.820907592773,6.203487193606836e-16
20144.665241241455,5.460186665633626e-16
20147.509574890137,5.814534958183582e-16
20150.35390853882,6.119027950249334e-16
20153.20062637329,5.234273978875839e-16
20156.044960021973,6.072971592533565e-16
20158.889293670654,5.744648916683589e-16
20161.733627319336,5.373172559148967e-16
20164.577960968018,6.079798678088435e-16
20167.4222946167,5.383642415772623e-16
20170.269012451172,5.732728516137761e-16
20173.113346099854,5.728986748093265e-16
20175.957679748535,5.202372071104282e-16
20178.802013397217,5.813115648601339e-16
20181.6463470459,5.519173510684823e-16
20184.49068069458,5.249398810940249e-16
20187.33501434326,5.983680026211977e-16
20190.179347991943,5.323368080641599e-16
20193.023681640625,5.365738786245627e-16
20195.868015289307,5.867905974794483e-16
20198.71234893799,5.265359029248888e-16
20201.55668258667,5.307819732103562e-16
20204.40101623535,5.600835427734018e-16
20207.245349884033,5.269081739052071e-16
20210.089683532715,5.435103902483058e-16
20212.934017181396,5.541018490394511e-16
20215.778350830078,5.013016267558807e-16
20218.62268447876,5.270807039286509e-16
20221.46701812744,5.475713308952389e-16
20224.311351776123,4.969080139189134e-16
20227.155685424805,5.280860261579234e-16
20230.000019073486,5.305419981884872e-16
20232.844352722168,4.941266753574855e-16
20235.68868637085,5.198234844552537e-16
20238.53063583374,5.29943304713456e-16
20241.374969482422,4.957978713624183e-16
20244.219303131104,5.045850440967936e-16
20247.063636779785,5.216160708694398e-16
20249.907970428467,4.959698719902701e-16
20252.75230407715,5.013359315902445e-16
20255.59425354004,5.133327239200032e-16
20258.43858718872,4.994890821278749e-16
20261.282920837402,4.991275578780749e-16
20264.127254486084,5.042090144077719e-16
20266.969203948975,4.954925689244923e-16
20269.813537597656,4.937102527847916e-16
20272.657871246338,5.09413873049972e-16
20275.49982070923,5.227330426290722e-16
20278.34415435791,5.205645324049828e-16
20281.18848800659,5.152749704680573e-16
20284.032821655273,5.091265700621751e-16
20286.874771118164,5.083008188177206e-16
20289.719104766846,5.051655263634588e-16
20292.561054229736,5.049307394183918e-16
20295.405387878418,5.012831508497187e-16
20298.2497215271,4.921657411450326e-16
20301.09167098999,5.045417924769244e-16
20303.936004638672,4.977798225798749e-16
20306.777954101562,4.922556854561192e-16
20309.622287750244,4.956358233716967e-16
20312.464237213135,4.930998596671765e-16
20315.308570861816,4.973855816824873e-16
20318.152904510498,5.006151594916903e-16
20320.99485397339,4.995643621810621e-16
20323.83918762207,4.934784833945992e-16
20326.68113708496,4.88614820211465e-16
20329.52308654785,4.93100494941887e-16
20332.367420196533,4.899801843828797e-16
20335.209369659424,4.891813793740597e-16
20338.053703308105,4.973206777829039e-16
20340.895652770996,5.117464429680327e-16
20343.739986419678,5.068655214885982e-16
20346.58193588257,5.03325135527312e-16
20349.42388534546,4.950508941820584e-16
20352.26821899414,4.915444424782216e-16
20355.11016845703,4.85950848652791e-16
20357.954502105713,4.871319831581779e-16
20360.796451568604,4.852000068846093e-16
20363.638401031494,4.866295867413377e-16
20366.480350494385,4.849788254062575e-16
20369.324684143066,4.8526708130612e-16
20372.166633605957,4.860353401892796e-16
20375.008583068848,4.834264787117364e-16
20377.85291671753,4.867844878915669e-16
20380.69486618042,4.94005761404265e-16
20383.53681564331,4.886854945230015e-16
20386.3787651062,4.872873078248807e-16
20389.223098754883,4.89313145936917e-16
20392.065048217773,4.834238317337762e-16
20394.906997680664,4.857436432180689e-16
20397.748947143555,4.966955674678302e-16
20400.590896606445,5.00756402235645e-16
20403.432846069336,4.956076065866413e-16
20406.277179718018,5.009945243729418e-16
20409.11912918091,4.9125147495759e-16
20411.9610786438,5.191063122467253e-16
20414.80302810669,5.313935309982738e-16
20417.64497756958,5.038021738952938e-16
20420.48692703247,4.891516802813466e-16
20423.32887649536,4.847827902185273e-16
20426.170825958252,4.828768072685276e-16
20429.012775421143,4.849665963680815e-16
20431.854724884033,4.843431271793432e-16
20434.696674346924,4.83641360382543e-16
20437.538623809814,4.880979183554031e-16
20440.380573272705,4.939889795639975e-16
20443.222522735596,4.862596980411836e-16
20446.064472198486,4.819526943230731e-16
20448.906421661377,4.860996088141526e-16
20451.748371124268,4.91687167529834e-16
20454.59032058716,4.891763501159354e-16
20457.43227005005,4.830832715494208e-16
20460.27421951294,4.81767088228506e-16
20463.11616897583,4.838921880140486e-16
20465.95811843872,4.877849926209518e-16
20468.80006790161,4.801540727991378e-16
20471.642017364502,4.846144424202605e-16
20474.483966827393,4.856701631098946e-16
20477.323532104492,4.901314327035238e-16
20480.165481567383,4.992232196615555e-16
20483.007431030273,4.959503902324833e-16
20485.849380493164,5.021138254731792e-16
20488.691329956055,4.948183306984779e-16
20491.530895233154,4.914100818769634e-16
20494.372844696045,4.987061060472567e-16
20497.214794158936,4.889262636382586e-16
20500.056743621826,5.298595543307963e-16
20502.896308898926,5.126971315722072e-16
20505.738258361816,5.081927691773865e-16
20508.580207824707,4.954010364266296e-16
20511.422157287598,5.038346258450855e-16
20514.261722564697,4.920840024656226e-16
20517.103672027588,5.019713651193628e-16
20519.94562149048,4.925664406686431e-16
20522.785186767578,5.057586082452144e-16
20525.62713623047,4.960578575376661e-16
20528.46908569336,5.050651529592092e-16
20531.30865097046,4.983405583909573e-16
20534.15060043335,5.021617357742582e-16
20536.99016571045,4.979494409275626e-16
20539.83211517334,5.161929424246441e-16
20542.67406463623,5.03450072887032e-16
20545.51362991333,5.208006957785891e-16
20548.35557937622,5.016846974062765e-16
20551.19514465332,5.114625281120249e-16
20554.03709411621,5.006665638036768e-16
20556.87665939331,5.146597598505546e-16
20559.7186088562,4.980227622170593e-16
20562.5581741333,5.357186929851911e-16
20565.40012359619,5.305234164032068e-16
20568.23968887329,5.29284260140933e-16
20571.08163833618,5.0266566743831535e-16
20573.92120361328,5.048592710134672e-16
20576.76076889038,4.965037674448363e-16
20579.60271835327,4.949800610518443e-16
20582.44228363037,4.9313622914434925e-16
20585.28423309326,4.896108780178769e-16
20588.12379837036,4.992537128476566e-16
20590.96336364746,4.86197599938238e-16
20593.80531311035,4.883323876631149e-16
20596.64487838745,4.764834025826521e-16
20599.48444366455,4.849091040067866e-16
20602.32639312744,4.799882660997128e-16
20605.16595840454,4.792024312828976e-16
20608.00552368164,4.866853320971789e-16
20610.84747314453,4.824116803013665e-16
20613.68703842163,4.786819295368098e-16
20616.52660369873,4.844543002536703e-16
20619.36616897583,4.871461709600444e-16
20622.20811843872,4.891105462438456e-16
20625.04768371582,4.848715169197522e-16
20627.88724899292,4.844507533032037e-16
20630.72681427002,4.9522337126594305e-16
20633.56637954712,4.871246774990079e-16
20636.40832901001,5.009684251702545e-16
20639.24789428711,4.916080228888249e-16
20642.08745956421,4.979470586473985e-16
20644.92702484131,4.962884093179969e-16
20647.76659011841,4.845429210757768e-16
20650.606155395508,4.964234581335248e-16
20653.445720672607,4.863021555676647e-16
20656.285285949707,4.946826466082396e-16
20659.127235412598,4.95404265739741e-16
20661.966800689697,4.779642808722486e-16
20664.806365966797,4.966073172226382e-16
20667.645931243896,4.817668764702692e-16
20670.485496520996,4.876230505093486e-16
20673.325061798096,4.912394047380917e-16
20676.164627075195,4.832978355828721e-16
20679.004192352295,4.976710847252712e-16
20681.843757629395,4.860506397218894e-16
20684.683322906494,4.850255710370341e-16
20687.522888183594,4.914415809146894e-16
20690.362453460693,4.737687678658205e-16
20693.202018737793,4.888526776509658e-16
20696.0391998291,4.889252048470745e-16
20698.8787651062,4.796153069051249e-16
20701.7183303833,4.88640337079001e-16
20704.5578956604,4.772159802029087e-16
20707.3974609375,4.798070010490004e-16
20710.2370262146,4.888375898765929e-16
20713.0765914917,4.743340564789943e-16
20715.9161567688,4.768932077104456e-16
20718.753337860107,4.751092504444096e-16
20721.592903137207,4.690541295418438e-16
20724.432468414307,4.802294057918842e-16
20727.272033691406,4.866826851192187e-16
20730.111598968506,4.981545817194758e-16
20732.948780059814,5.1903023810015e-16
20735.788345336914,4.865301133095946e-16
20738.627910614014,4.722028686441433e-16
20741.467475891113,4.828950184768935e-16
20744.304656982422,4.744829225194743e-16
20747.14422225952,4.78660118438418e-16
20749.98378753662,4.810022704166946e-16
20752.82096862793,4.696969216696914e-16
20755.66053390503,4.754459460409432e-16
20758.50009918213,4.743223038968512e-16
20761.337280273438,4.706685213997513e-16
20764.176845550537,4.73995878574803e-16
20767.016410827637,4.695962306280866e-16
20769.853591918945,4.683413513167293e-16
20772.693157196045,4.745137333429306e-16
20775.530338287354,4.743323624130998e-16
20778.369903564453,4.730080793396269e-16
20781.209468841553,4.662489681787744e-16
20784.04664993286,4.664432034214917e-16
20786.88621520996,4.651044678483562e-16
20789.72339630127,4.614838784548769e-16
20792.56296157837,4.623078826938778e-16
20795.400142669678,4.558904963876832e-16
20798.239707946777,4.539214094831129e-16
20801.076889038086,4.571790452586938e-16
20803.916454315186,4.570281145754049e-16
20806.753635406494,4.60256421835187e-16
20809.593200683594,4.596801747332581e-16
20812.430381774902,4.610245748392283e-16
20815.26756286621,4.641615084198254e-16
20818.10712814331,4.656963850598094e-16
20820.94430923462,4.627287521895447e-16
20823.78387451172,4.645270560761248e-16
20826.621055603027,4.689555031430479e-16
20829.458236694336,4.65591141216113e-16
20832.297801971436,4.679567983586759e-16
20835.134983062744,4.627492397989564e-16
20837.972164154053,4.622287909924279e-16
20840.811729431152,4.62121853082837e-16
20843.64891052246,4.597222087432656e-16
20846.48609161377,4.576466074455781e-16
20849.32565689087,4.603472661187801e-16
20852.162837982178,4.599105147553521e-16
20855.000019073486,4.584014196807001e-16
20857.837200164795,4.63575785136799e-16
20860.676765441895,4.721769282601336e-16
20863.513946533203,4.699991006736244e-16
20866.35112762451,4.628570247414946e-16
20869.18830871582,4.629280166903863e-16
20872.02548980713,4.558209338068899e-16
20874.86505508423,4.590569702423157e-16
20877.702236175537,4.573575045127684e-16
20880.539417266846,4.564360385452741e-16
20883.376598358154,4.560240099559941e-16
20886.213779449463,4.5769832939491985e-16
20889.05096054077,4.632918702807912e-16
20891.88814163208,4.602670097470277e-16
20894.72532272339,4.536175893528446e-16
20897.56488800049,4.594137828713466e-16
20900.402069091797,4.612419976088766e-16
20903.239250183105,4.630410955888448e-16
20906.076431274414,4.642621994614302e-16
20908.913612365723,4.73140057660721e-16
20911.75079345703,4.694355590659043e-16
20914.58797454834,4.646632166223959e-16
20917.42515563965,4.558786908659808e-16
20920.262336730957,4.565124832687638e-16
20923.099517822266,4.576862062358623e-16
20925.936698913574,4.523973325132064e-16
20928.773880004883,4.544075534552777e-16
20931.61106109619,4.505789645336883e-16
20934.44585800171,4.527307987966286e-16
20937.283039093018,4.560631322902454e-16
20940.120220184326,4.522512722693643e-16
20942.957401275635,4.477819558627361e-16
20945.794582366943,4.51742364286742e-16
20948.631763458252,4.502240047892295e-16
20951.46894454956,4.521383521895834e-16
20954.30612564087,4.531742734840754e-16
20957.140922546387,4.523907680078652e-16
20959.978103637695,4.512915310005659e-16
20962.815284729004,4.491761191543575e-16
20965.652465820312,4.477137697104822e-16
20968.48964691162,4.468963299768226e-16
20971.32444381714,4.502253282782096e-16
20974.161624908447,4.537218802844753e-16
20976.998805999756,4.473411810928087e-16
20979.835987091064,4.489082979243476e-16
20982.670783996582,4.538541762429246e-16
20985.50796508789,4.550824269560026e-16
20988.3451461792,4.529585977198808e-16
20991.179943084717,4.447542895323349e-16
20994.017124176025,4.484237950785181e-16
20996.854305267334,4.453246603431922e-16
20999.68910217285,4.451645711161612e-16
21002.52628326416,4.502716503925126e-16
21005.36346435547,4.5008906185282e-16
21008.198261260986,4.482261717040118e-16
21011.035442352295,4.490583815746892e-16
21013.870239257812,4.498503573803719e-16
21016.70742034912,4.516449554978078e-16
21019.54460144043,4.451140138371219e-16
21022.379398345947,4.479335747602947e-16
21025.216579437256,4.491305911334426e-16
21028.051376342773,4.545176677384207e-16
21030.888557434082,4.502638153377504e-16
21033.7233543396,4.518979536512408e-16
21036.56053543091,4.457087368452128e-16
21039.395332336426,4.4270791087132767e-16
21042.232513427734,4.390476168084458e-16
21045.067310333252,4.40744435560033e-16
21047.90449142456,4.401111460830624e-16
21050.739288330078,4.442930271529957e-16
21053.574085235596,4.447791181856012e-16
21056.411266326904,4.419580220152116e-16
21059.246063232422,4.433249479036228e-16
21062.08324432373,4.4407451912238367e-16
21064.918041229248,4.512774490778178e-16
21067.752838134766,4.531612503525114e-16
21070.590019226074,4.521467166399376e-16
21073.42481613159,4.460615260677443e-16
21076.25961303711,4.476058259492665e-16
21079.096794128418,4.47458124579089e-16
21081.931591033936,4.447734007132073e-16
21084.766387939453,4.4308354351365535e-16
21087.60356903076,4.3804684738126486e-16
21090.43836593628,4.385496143750195e-16
21093.273162841797,4.4302568057544604e-16
21096.107959747314,4.4329284006096596e-16
21098.945140838623,4.448894442269811e-16
21101.77993774414,4.458795728027622e-16
21104.61473464966,4.519434816721557e-16
21107.449531555176,4.520315730986702e-16
21110.284328460693,4.472659539791807e-16
21113.121509552002,4.473787152402839e-16
21115.95630645752,4.504336454436749e-16
21118.791103363037,4.48238718379543e-16
21121.625900268555,4.3911834405954155e-16
21124.460697174072,4.3954731330776665e-16
21127.29549407959,4.3878950998754967e-16
21130.130290985107,4.3387417779463297e-16
21132.967472076416,4.4106511693990755e-16
21135.802268981934,4.3993700140306283e-16
21138.63706588745,4.375952994110395e-16
21141.47186279297,4.3369897432344933e-16
21144.306659698486,4.3581155390324036e-16
21147.141456604004,4.387209532583813e-16
21149.97625350952,4.3631969426225414e-16
21152.81105041504,4.37162703803009e-16
21155.645847320557,4.4008372339139504e-16
21158.480644226074,4.461621112302307e-16
21161.31544113159,4.3902024705633766e-16
21164.15023803711,4.323052874878608e-16
21166.985034942627,4.33959172256934e-16
21169.819831848145,4.392390197847457e-16
21172.654628753662,4.4304111245695383e-16
21175.48704147339,4.505431244521076e-16
21178.321838378906,4.553373309335669e-16
21181.156635284424,4.531701971380168e-16
21183.99143218994,4.445442253614158e-16
21186.82622909546,4.3939760023433945e-16
21189.661026000977,4.366281466039527e-16
21192.495822906494,4.3858608973131063e-16
21195.33061981201,4.43096990161693e-16
21198.16303253174,4.401893378120058e-16
21200.997829437256,4.352534915398978e-16
21203.832626342773,4.4083850915673743e-16
21206.66742324829,4.4028222026862816e-16
21209.50222015381,4.355063838142124e-16
21212.334632873535,4.377386332675827e-16
21215.169429779053,4.335390703848755e-16
21218.00422668457,4.347120786679247e-16
21220.839023590088,4.369084351001551e-16
21223.671436309814,4.342768625517136e-16
21226.506233215332,4.340820185040655e-16
21229.34103012085,4.342366814262782e-16
21232.173442840576,4.4104664103374557e-16
21235.008239746094,4.409257535503046e-16
21237.84303665161,4.338514137841755e-16
21240.675449371338,4.3444206044620777e-16
21243.510246276855,4.3941475265152135e-16
21246.345043182373,4.387262736840812e-16
21249.1774559021,4.47945115584201e-16
21252.012252807617,4.501635478126192e-16
21254.844665527344,4.428989432707131e-16
21257.67946243286,4.37356092012779e-16
21260.511875152588,4.35234803875499e-16
21263.346672058105,4.373113845550317e-16
21266.181468963623,4.3658947425595463e-16
21269.01388168335,4.3222045184423735e-16
21271.848678588867,4.3623885555535056e-16
21274.681091308594,4.3639349200778367e-16
21277.51588821411,4.417789539562061e-16
21280.348300933838,4.3515595040206554e-16
21283.183097839355,4.3770064913385427e-16
21286.015510559082,4.289561721539765e-16
21288.84792327881,4.294804855483269e-16
21291.682720184326,4.326254659419229e-16
21294.515132904053,4.3017698485898635e-16
21297.34992980957,4.2746465301298007e-16
21300.182342529297,4.317048734771555e-16
21303.014755249023,4.3072782097249766e-16
21305.84955215454,4.3089595701252764e-16
21308.681964874268,4.2812584163765086e-16
21311.516761779785,4.2687461515587865e-16
21314.34917449951,4.25937955534893e-16
21317.18158721924,4.311712427203853e-16
21320.016384124756,4.3062067130467e-16
21322.848796844482,4.29385511979116e-16
21325.68120956421,4.283492201077096e-16
21328.513622283936,4.287364465135028e-16
21331.348419189453,4.2014856474974866e-16
21334.18083190918,4.2292016243228314e-16
21337.013244628906,4.273015197612948e-16
21339.845657348633,4.2432435777037356e-16
21342.68045425415,4.2328083964913586e-16
21345.512866973877,4.246231751122971e-16
21348.345279693604,4.244841293600494e-16
21351.17769241333,4.2306841966783225e-16
21354.010105133057,4.188355842721657e-16
21356.844902038574,4.2643945197922675e-16
21359.6773147583,4.2765168847564566e-16
21362.509727478027,4.2425741569776087e-16
21365.342140197754,4.252112277359284e-16
21368.17455291748,4.222491005798209e-16
21371.006965637207,4.2368955951596567e-16
21373.839378356934,4.262183763799934e-16
21376.67179107666,4.2792917117521025e-16
21379.504203796387,4.231344617679385e-16
21382.339000701904,4.173991752123e-16
21385.17141342163,4.2327120464936085e-16
21388.003826141357,4.1883674894246817e-16
21390.836238861084,4.1387946214888277e-16
21393.66865158081,4.170776732692578e-16
21396.501064300537,4.1912807533676444e-16
21399.333477020264,4.1893161663256065e-16
21402.16588973999,4.2062711189516774e-16
21404.998302459717,4.1577414250299264e-16
21407.828330993652,4.228461793982964e-16
21410.66074371338,4.1867745380882516e-16
21413.493156433105,4.1786586389645753e-16
21416.325569152832,4.2106055453614553e-16
21419.15798187256,4.1865386923520004e-16
21421.990394592285,4.207446377165993e-16
21424.82280731201,4.194844115097625e-16
21427.65522003174,4.208602577138995e-16
21430.487632751465,4.174975369132999e-16
21433.32004547119,4.169884436422205e-16
21436.150074005127,4.207639077161493e-16
21438.982486724854,4.1897666819744274e-16
21441.81489944458,4.1523315314749315e-16
21444.647312164307,4.175439384369417e-16
21447.479724884033,4.1891899054769064e-16
21450.30975341797,4.1593799043872714e-16
21453.142166137695,4.2074270542268835e-16
21455.974578857422,4.165564038995616e-16
21458.80699157715,4.120843875754141e-16
21461.637020111084,4.090583094317889e-16
21464.46943283081,4.0920643431844e-16
21467.301845550537,4.0726074669903767e-16
21470.131874084473,4.051678871050499e-16
21472.9642868042,4.0986709354751876e-16
21475.796699523926,4.143824409008742e-16
21478.62672805786,4.130669987337883e-16
21481.459140777588,4.1255957305882376e-16
21484.291553497314,4.1802500021142293e-16
21487.12158203125,4.1887428308994337e-16
21489.953994750977,4.1702671894352453e-16
21492.786407470703,4.164424514983763e-16
21495.61643600464,4.183642633765779e-16
21498.448848724365,4.1877711252902555e-16
21501.2788772583,4.2188762926958015e-16
21504.111289978027,4.2280054549826307e-16
21506.941318511963,4.442352700939048e-16
21509.77373123169,4.503585771487245e-16
21512.603759765625,4.4391469459314863e-16
21515.43617248535,4.2363632878918665e-16
21518.266201019287,4.249319715611305e-16
21521.098613739014,4.2059415701956363e-16
21523.92864227295,4.190555216708762e-16
21526.761054992676,4.1871943487927345e-16
21529.59108352661,4.1638310625250927e-16
21532.423496246338,4.194221810579189e-16
21535.253524780273,4.2582453252929973e-16
21538.0859375,4.2799968666806917e-16
21540.915966033936,4.2695407743424294e-16
21543.74599456787,4.171214807544986e-16
21546.578407287598,4.1828276292518425e-16
21549.408435821533,4.1712830995763585e-16
21552.24084854126,4.1542667370616116e-16
21555.070877075195,4.1882076119558874e-16
21557.90090560913,4.176286417316671e-16
21560.733318328857,4.1706605303601266e-16
21563.563346862793,4.171134604112793e-16
21566.39337539673,4.1111154376571293e-16
21569.223403930664,4.1247807260743014e-16
21572.05581665039,4.139627096057301e-16
21574.885845184326,4.186545574494697e-16
21577.71587371826,4.2248041998376015e-16
21580.545902252197,4.2648767991766104e-16
21583.378314971924,4.2125860142712543e-16
21586.20834350586,4.222236101820645e-16
21589.038372039795,4.1794911135330487e-16
21591.86840057373,4.1808159260021136e-16
21594.698429107666,4.205438114987612e-16
21597.530841827393,4.1775664958582093e-16
21600.360870361328,4.1577162787393047e-16
21603.190898895264,4.0777060759372556e-16
21606.0209274292,4.056806332057144e-16
21608.850955963135,4.0019254792177615e-16
21611.68098449707,3.9869798475612554e-16
21614.511013031006,3.9833455468219424e-16
21617.343425750732,4.0235912585195465e-16
21620.173454284668,4.0915881518493655e-16
21623.003482818604,4.045000810354787e-16
21625.83351135254,3.885187133729378e-16
21628.663539886475,3.754643209991933e-16
21631.49356842041,3.7175259615454537e-16
21634.323596954346,3.92237399769621e-16
21637.15362548828,4.1251266860936955e-16
21639.983654022217,4.1725340613603347e-16
21642.813682556152,4.196266336355624e-16
21645.643711090088,4.132369611886108e-16
21648.473739624023,4.176005308257301e-16
21651.30376815796,4.2202482213725574e-16
21654.133796691895,4.282182476382404e-16
21656.96382522583,4.389071946276588e-16
21659.791469573975,4.4504752175076245e-16
21662.62149810791,4.4205855423813884e-16
21665.451526641846,4.3745395078796645e-16
21668.28155517578,4.3080709796240475e-16
21671.111583709717,4.238397755152053e-16
21673.941612243652,4.1844489032524465e-16
21676.771640777588,4.114102022889589e-16
21679.601669311523,4.0671597216505515e-16
21682.429313659668,3.9776368094552445e-16
21685.259342193604,4.1201021925297014e-16
21688.08937072754,4.1321467363418616e-16
21690.919399261475,4.111965117582344e-16
21693.74942779541,4.1720965159035186e-16
21696.577072143555,4.1694085097849663e-16
21699.40710067749,4.1226181450808427e-16
21702.237129211426,4.1480405155037005e-16
21705.06715774536,4.120282981124381e-16
21707.894802093506,4.182239470749093e-16
21710.72483062744,4.19401640508948e-16
21713.554859161377,4.254467293650447e-16
21716.38250350952,4.0971748635320996e-16
21719.212532043457,4.0737618140788067e-16
21722.042560577393,4.0892450469590233e-16
21724.870204925537,4.1316133702828874e-16
21727.700233459473,4.0579913840899117e-16
21730.53026199341,4.0160693412501323e-16
21733.357906341553,4.032082499117975e-16
21736.18793487549,4.033396988372995e-16
21739.015579223633,4.0413249520614993e-16
21741.84560775757,4.0525285509757135e-16
21744.675636291504,4.0411396636042874e-16
21747.50328063965,4.0770991238909887e-16
21750.333309173584,4.0720725127446264e-16
21753.16095352173,4.088881616885092e-16
21755.990982055664,4.073192184421778e-16
21758.81862640381,4.101970393502539e-16
21761.648654937744,4.1106204527785776e-16
21764.47629928589,4.1199664025603447e-16
21767.306327819824,4.130231912485475e-16
21770.13397216797,4.0882640769269844e-16
21772.964000701904,4.032697656795918e-16
21775.79164505005,4.0770379787001087e-16
21778.619289398193,4.0611087300336036e-16
21781.44931793213,4.0711495115299152e-16
21784.276962280273,4.0688453172155875e-16
21787.10699081421,4.043673615605558e-16
21789.934635162354,4.009403986048629e-16
21792.762279510498,4.0597635358342453e-16
21795.592308044434,4.0454579434485083e-16
21798.419952392578,4.061272048573746e-16
21801.247596740723,4.162324932065756e-16
21804.07762527466,4.222114076136681e-16
21806.905269622803,4.2120558245858323e-16
21809.732913970947,4.0479450439398837e-16
21812.562942504883,4.0110009078519993e-16
21815.390586853027,4.008281932091313e-16
21818.218231201172,3.9736774598224227e-16
21821.048259735107,3.985912056652123e-16
21823.875904083252,4.006109557279402e-16
21826.703548431396,4.050663490304978e-16
21829.53119277954,4.054829304218693e-16
21832.358837127686,4.055293584152907e-16
21835.18886566162,3.992311919964221e-16
21838.016510009766,3.974013626023364e-16
21840.84415435791,4.0115983307776096e-16
21843.671798706055,4.0523088518050194e-16
21846.4994430542,4.061894617789978e-16
21849.327087402344,4.046703611276564e-16
21852.15711593628,4.0350444674554047e-16
21854.984760284424,4.0018153649346185e-16
21857.81240463257,4.0408130265240025e-16
21860.640048980713,4.055953475758377e-16
21863.467693328857,4.0376342706916347e-16
21866.295337677002,4.0674744473300157e-16
21869.122982025146,4.096774375766726e-16
21871.95062637329,4.1422362222326404e-16
21874.778270721436,4.229834516753108e-16
21877.60591506958,4.191180962298546e-16
21880.433559417725,4.1001384200563056e-16
21883.26120376587,4.0918552319255466e-16
21886.088848114014,4.0254666424043267e-16
21888.91649246216,4.0724812061416766e-16
21891.744136810303,4.083076000125052e-16
21894.571781158447,4.01684702337483e-16
21897.39942550659,4.049403793493733e-16
21900.227069854736,4.0528408943750135e-16
21903.05471420288,4.018948723875205e-16
21905.882358551025,4.0638721750240207e-16
21908.71000289917,3.9845771856668094e-16
21911.537647247314,4.0098804420814595e-16
21914.36529159546,3.924780100662004e-16
21917.190551757812,3.950863950877108e-16
21920.018196105957,3.965509415232931e-16
21922.8458404541,3.957385310477578e-16
21925.673484802246,3.9820665270715884e-16
21928.50112915039,3.987691884632541e-16
21931.328773498535,4.009374869291067e-16
21934.15403366089,3.964295775838193e-16
21936.981678009033,3.9974473219047465e-16
21939.809322357178,3.9944509428538344e-16
21942.636966705322,4.036625242693218e-16
21945.462226867676,4.039794998800521e-16
21948.28987121582,4.05971403734639e-16
21951.117515563965,4.031340551195739e-16
21953.94515991211,4.105654192729707e-16
21956.770420074463,4.219120608761525e-16
21959.598064422607,4.184522224541943e-16
21962.425708770752,4.0350259386096835e-16
21965.250968933105,3.98595546709067e-16
21968.07861328125,3.967336094723244e-16
21970.906257629395,3.9638185257119746e-16
21973.731517791748,3.966818875229827e-16
21976.559162139893,3.9977771353585836e-16
21979.386806488037,4.014159281954074e-16
21982.21206665039,4.000000067449534e-16
21985.039710998535,4.0259618919806744e-16
21987.86497116089,4.0005839907875475e-16
21990.692615509033,4.0854884558379505e-16
21993.520259857178,4.049370176873639e-16
21996.34552001953,3.988863966473304e-16
21999.173164367676,4.0200538371735757e-16
22001.99842453003,4.02770201529169e-16
22004.826068878174,4.027532344004443e-16
22007.651329040527,3.9508562746410237e-16
22010.478973388672,3.999417732298297e-16
22013.304233551025,3.993148100301839e-16
22016.13187789917,3.955085880723579e-16
22018.957138061523,3.970466675556737e-16
22021.782398223877,3.9531816447790327e-16
22024.61004257202,3.9165503814860404e-16
22027.435302734375,3.9138520521534435e-16
22030.26294708252,3.959645300259971e-16
22033.088207244873,4.0168367001607854e-16
22035.915851593018,3.914454769034974e-16
22038.74111175537,3.9028684171077193e-16
22041.566371917725,3.899630898364636e-16
22044.39401626587,3.9264431969143786e-16
22047.219276428223,3.9480793300630096e-16
22050.044536590576,3.9734283791963707e-16
22052.87218093872,4.110298580258621e-16
22055.697441101074,4.1240771593324883e-16
22058.522701263428,4.0665069768855736e-16
22061.350345611572,4.0287676886184543e-16
22064.175605773926,4.0254796125963315e-16
22067.00086593628,3.9806803047138476e-16
22069.826126098633,3.9640059317515546e-16
22072.653770446777,4.042471887611641e-16
22075.47903060913,3.962015139627711e-16
22078.304290771484,3.9229126577111043e-16
22081.129550933838,3.943172362320447e-16
22083.95481109619,3.98686126294864e-16
22086.782455444336,3.991656528221283e-16
22089.60771560669,3.9947937264996763e-16
22092.432975769043,3.9917354081644963e-16
22095.258235931396,3.9383585682020825e-16
22098.08349609375,3.9092690745132057e-16
22100.908756256104,3.919708755588115e-16
22103.734016418457,3.95576033070783e-16
22106.5616607666,3.968986750179206e-16
22109.386920928955,3.9511037670802995e-16
22112.21218109131,3.9290782634737276e-16
22115.037441253662,3.9121563980721588e-16
22117.862701416016,3.9383244221863963e-16
22120.68796157837,3.8886742624941054e-16
22123.513221740723,4.061460778102306e-16
22126.338481903076,4.1897812403532083e-16
22129.16374206543,4.2682437551419463e-16
22131.989002227783,3.961858703230265e-16
22134.814262390137,3.909385012147861e-16
22137.63952255249,3.8819493502884983e-16
22140.464782714844,3.9284249893131577e-16
22143.290042877197,3.930881384860195e-16
22146.11530303955,3.937693647338488e-16
22148.940563201904,3.964745762091422e-16
22151.765823364258,4.0924783305373706e-16
22154.59108352661,3.9434733237145184e-16
22157.413959503174,3.9969308965047174e-16
22160.239219665527,4.007234258214678e-16
22163.06447982788,3.927184880138818e-16
22165.889739990234,3.9083172212387286e-16
22168.715000152588,3.917791549451564e-16
22171.54026031494,3.9104861549792917e-16
22174.365520477295,4.022588053872642e-16
22177.188396453857,3.880183815989065e-16
22180.01365661621,3.9057080950633894e-16
22182.838916778564,3.9233404093494677e-16
22185.664176940918,3.7924732896030863e-16
22188.48943710327,3.918414118667796e-16
22191.312313079834,3.8627479074676313e-16
22194.137573242188,3.998109066394789e-16
22196.96283340454,3.8578255872529e-16
22199.788093566895,3.942544499148295e-16
22202.610969543457,4.007341725519861e-16
22205.43622970581,3.8930126593708235e-16
22208.261489868164,3.903814182332888e-16
22211.084365844727,4.012198135983384e-16
22213.90962600708,3.951389905397794e-16
22216.734886169434,3.862618734943175e-16
22219.557762145996,3.8880868980847437e-16
22222.38302230835,3.9126982344606055e-16
22225.208282470703,3.972699666163936e-16
22228.031158447266,4.0128715271764513e-16
22230.85641860962,3.817158741361833e-16
22233.681678771973,3.822110443031922e-16
22236.504554748535,3.815512321070607e-16
22239.32981491089,3.8963068234422547e-16
22242.15269088745,3.85399302786437e-16
22244.977951049805,3.919616376057305e-16
22247.800827026367,3.989873788565109e-16
22250.62608718872,4.1521142145844016e-16
22253.448963165283,3.8728590985776835e-16
22256.274223327637,3.8510858519707157e-16
22259.0970993042,3.79477377814827e-16
22261.922359466553,3.888855051088785e-16
22264.745235443115,3.8845423298982805e-16
22267.57049560547,3.889324624978919e-16
22270.39337158203,4.105837893000143e-16
22273.218631744385,3.973652313531801e-16
22276.041507720947,3.9053078719958117e-16
22278.8667678833,3.858497919654783e-16
22281.689643859863,3.902351462312098e-16
22284.512519836426,3.9234179658037007e-16
22287.33777999878,4.059614510975088e-16
22290.16065597534,3.940380065270264e-16
22292.983531951904,3.9076758584789795e-16
22295.808792114258,3.942981250511723e-16
22298.63166809082,3.866406560404178e-16
22301.454544067383,3.9343348970048285e-16
22304.279804229736,3.956944323949414e-16
22307.1026802063,3.831760530581313e-16
22309.92555618286,4.01737800715364e-16
22312.750816345215,4.206704958639349e-16
22315.573692321777,4.234112297834538e-16
22318.39656829834,3.9050407919196306e-16
22321.219444274902,3.949740573430812e-16
22324.044704437256,3.869805544802832e-16
22326.86758041382,3.8685844938698055e-16
22329.69045639038,3.961300455578465e-16
22332.513332366943,3.973418055982326e-16
22335.338592529297,3.8826214179925854e-16
22338.16146850586,3.847673897380057e-16
22340.984344482422,3.914122308603177e-16
22343.807220458984,3.986242928897144e-16
22346.630096435547,3.9594139543862523e-16
22349.45297241211,3.953094294506347e-16
22352.275848388672,3.820137915056004e-16
22355.101108551025,3.8471691186830526e-16
22357.923984527588,3.7407629869643953e-16
22360.74686050415,3.889897695707296e-16
22363.569736480713,3.9125566211397364e-16
22366.392612457275,3.9285160453549875e-16
22369.215488433838,3.863099690838538e-16
22372.0383644104,3.942799667823655e-16
22374.861240386963,3.8500818532304234e-16
22377.684116363525,3.972540847486326e-16
22380.506992340088,3.881760885457734e-16
22383.32986831665,3.857565124621619e-16
22386.152744293213,3.856849911176781e-16
22388.975620269775,3.9718677209910546e-16
22391.798496246338,3.9276245431780024e-16
22394.6213722229,3.812999544893018e-16
22397.444248199463,3.807087519618979e-16
22400.267124176025,3.896249119322723e-16
22403.090000152588,3.7505658051420877e-16
22405.91287612915,3.783219454654333e-16
22408.735752105713,3.8162675038826436e-16
22411.556243896484,3.988080990392686e-16
22414.379119873047,3.97341514430657e-16
22417.20199584961,3.951925653736932e-16
22420.024871826172,3.86983889672513e-16
22422.847747802734,3.9625720637905307e-16
22425.670623779297,3.9545175745555304e-16
22428.49349975586,4.000244383515258e-16
22431.31399154663,3.9803827843911245e-16
22434.136867523193,3.936138018391296e-16
22436.959743499756,3.869883895350453e-16
22439.78261947632,3.9398223470140563e-16
22442.60549545288,4.015192397451928e-16
22445.425987243652,3.863837668293833e-16
22448.248863220215,3.942831166861381e-16
22451.071739196777,3.92527614433174e-16
22453.89461517334,3.7607018778449655e-16
22456.71510696411,3.9016881296352797e-16
22459.537982940674,3.871586960970026e-16
22462.360858917236,3.896313970282747e-16
22465.181350708008,4.046854489020294e-16
22468.00422668457,3.867020129895345e-16
22470.827102661133,3.8761315574298413e-16
22473.647594451904,3.95388494682305e-16
22476.470470428467,3.8443879389403024e-16
22479.29334640503,4.045472501827289e-16
22482.1138381958,3.877874592416613e-16
22484.936714172363,3.9075374215316626e-16
22487.757205963135,3.829487041211323e-16
22490.580081939697,3.835319392448761e-16
22493.40295791626,3.757401625724226e-16
22496.22344970703,3.909568183022705e-16
22499.046325683594,3.854128023740339e-16
22501.866817474365,3.935203105775764e-16
22504.689693450928,3.795852421667039e-16
22507.5101852417,3.7952100001161057e-16
22510.33306121826,3.7682674702507225e-16
22513.153553009033,3.8190690653556872e-16
22515.976428985596,3.826241316836563e-16
22518.796920776367,3.901130940774664e-16
22521.61979675293,3.839590820783087e-16
22524.4402885437,3.7402809722778484e-16
22527.260780334473,3.78831621071664e-16
22530.083656311035,3.8398213725634176e-16
22532.904148101807,3.7872317438463583e-16
22535.72702407837,4.020028690882954e-16
22538.54751586914,3.9019387984481077e-16
22541.368007659912,3.8899413708436386e-16
22544.190883636475,3.852153378182052e-16
22547.011375427246,3.910040933286391e-16
22549.83425140381,3.806541977461388e-16
22552.65474319458,3.789067687759532e-16
22555.47523498535,3.815805076833002e-16
22558.298110961914,3.719202027989833e-16
22561.118602752686,3.9577016243438185e-16
22563.939094543457,3.844847189616392e-16
22566.75958633423,3.878822210526354e-16
22569.58246231079,3.973811132209411e-16
22572.402954101562,3.8569952302667946e-16
22575.223445892334,3.773779272457184e-16
22578.043937683105,3.6602120065650835e-16
22580.866813659668,3.795542460547903e-16
22583.68730545044,3.6473466348874747e-16
22586.50779724121,3.6778588792299428e-16
22589.328289031982,3.7776105083567335e-16
22592.148780822754,3.9670941609376846e-16
22594.971656799316,3.794093504812506e-16
22597.792148590088,3.7079611066863805e-16
22600.61264038086,3.753921908497787e-16
22603.43313217163,3.809081752814171e-16
22606.253623962402,3.775012764186623e-16
22609.074115753174,3.8879296675939097e-16
22611.894607543945,3.7801415486822477e-16
22614.717483520508,3.786366711448975e-16
22617.53797531128,3.8657302575353545e-16
22620.35846710205,3.9482979704425197e-16
22623.178958892822,3.902957090869385e-16
22625.999450683594,3.802885971502802e-16
22628.819942474365,3.660083628134015e-16
22631.640434265137,3.7418540712795773e-16
22634.46092605591,3.60172067578803e-16
22637.28141784668,3.9885230357120344e-16
22640.10190963745,3.898557548801787e-16
22642.922401428223,3.8255009571011036e-16
22645.742893218994,3.780817057457683e-16
22648.563385009766,3.9137744956992105e-16
22651.383876800537,3.740012568712687e-16
22654.20436859131,3.724363635012164e-16
22657.02486038208,3.8915486158610537e-16
22659.84535217285,3.675366220084851e-16
22662.663459777832,3.7682788522559513e-16
22665.483951568604,3.7550084929504365e-16
22668.304443359375,3.804010143042486e-16
22671.124935150146,3.6697919491985296e-16
22673.945426940918,3.821002947453387e-16
22676.76591873169,3.8410244240463147e-16
22679.58641052246,3.7687349265584885e-16
22682.406902313232,3.692056210217109e-16
22685.225009918213,4.029592751648639e-16
22688.045501708984,3.798472400452015e-16
22690.865993499756,3.877251229106993e-16
22693.686485290527,4.049444292256524e-16
22696.5069770813,4.160339698595629e-16
22699.32508468628,3.90462283409972e-16
22702.14557647705,3.9215735515610545e-16
22704.966068267822,3.7103031527855386e-16
22707.786560058594,3.832524183722822e-16
22710.604667663574,3.946011510880525e-16
22713.425159454346,3.9295594840668864e-16
22716.245651245117,3.762958955951602e-16
22719.063758850098,3.6861513317835624e-16
22721.88425064087,3.790001276886084e-16
22724.70474243164,4.0056203957523624e-16
22727.52285003662,3.8350494006968237e-16
22730.343341827393,3.9752495000329674e-16
22733.163833618164,3.916485001130424e-16
22735.981941223145,3.69712543770863e-16
22738.802433013916,3.7233432250085186e-16
22741.622924804688,3.737933896920566e-16
22744.441032409668,3.8415808188135424e-16
22747.26152420044,3.795996681965868e-16
22750.07963180542,3.802220785941411e-16
22752.90012359619,3.8581808116951546e-16
22755.718231201172,3.9550956745420314e-16
22758.538722991943,3.81152808984496e-16
22761.356830596924,3.90665703666211e-16
22764.177322387695,3.69125999924669e-16
22766.995429992676,3.85015517451992e-16
22769.815921783447,3.833279101837062e-16
22772.634029388428,3.833444273261777e-16
22775.4545211792,3.8653257993030406e-16
22778.27262878418,3.8559155279568413e-16
22781.09312057495,3.853255844502463e-16
22783.91122817993,3.579819050749994e-16
22786.731719970703,3.5430631147950775e-16
22789.549827575684,3.7023781007727906e-16
22792.370319366455,3.6642081491915517e-16
22795.188426971436,3.7066648815792854e-16
22798.006534576416,3.696335050089723e-16
22800.827026367188,3.766373028124629e-16
22803.645133972168,3.7840979866393134e-16
22806.46324157715,3.9524119035882154e-16
22809.28373336792,3.6113540873762714e-16
22812.1018409729,3.9473741751344204e-16
22814.91994857788,3.944540320530263e-16
22817.740440368652,3.6168793891703296e-16
22820.558547973633,3.848737188426657e-16
22823.376655578613,4.037046641584477e-16
22826.197147369385,3.943876458457852e-16
22829.015254974365,3.821984446881018e-16
22831.833362579346,3.6809156093783467e-16
22834.651470184326,3.8917476686036584e-16
22837.471961975098,4.020620025759256e-16
22840.290069580078,3.897266617650612e-16
22843.10817718506,3.6682937596730736e-16
22845.92628479004,3.788272270882501e-16
22848.74439239502,4.0152921885210264e-16
22851.56488418579,3.7394410861710866e-16
22854.38299179077,3.5743117484060647e-16
22857.201099395752,3.7298606141420484e-16
22860.019207000732,3.926775922043972e-16
22862.837314605713,3.723102085316347e-16
22865.655422210693,3.8551508160241483e-16
22868.473529815674,3.9661444252455757e-16
22871.294021606445,3.754003170721164e-16
22874.112129211426,3.7748989441343357e-16
22876.930236816406,3.7648038995898405e-16
22879.748344421387,3.7051976616959633e-16
22882.566452026367,3.5236925300825557e-16
22885.384559631348,3.5196828878684906e-16
22888.202667236328,3.627996431905246e-16
22891.02077484131,3.8372016584762377e-16
22893.83888244629,3.8512700816367435e-16
22896.65699005127,3.901425284723835e-16
22899.47509765625,3.7953794067055566e-16
22902.29320526123,3.6650040954641747e-16
22905.11131286621,3.504935514861201e-16
22907.92942047119,3.296415855581894e-16
22910.747528076172,3.331031180460421e-16
22913.565635681152,3.390729268489516e-16
22916.383743286133,3.3953707443426734e-16
22919.201850891113,3.578713143358235e-16
22922.019958496094,3.613873745696557e-16
22924.838066101074,3.573798764077384e-16
22927.653789520264,3.525769084292309e-16
22930.471897125244,3.539783244404631e-16
22933.290004730225,3.5370878267477904e-16
22936.108112335205,3.632878253357187e-16
22938.926219940186,3.57124178336786e-16
22941.744327545166,3.5163230787436473e-16
22944.562435150146,3.683554911102432e-16
22947.378158569336,3.745159617356237e-16
22950.196266174316,3.7376308179441265e-16
22953.014373779297,3.5545584106805024e-16
22955.832481384277,3.460568987875205e-16
22958.648204803467,3.5400222665144345e-16
22961.466312408447,3.4948807043817007e-16
22964.284420013428,3.6125380806178553e-16
22967.10252761841,3.686927425721484e-16
22969.918251037598,3.7557438234277717e-16
22972.736358642578,3.6842206260594146e-16
22975.55446624756,3.5756190908205925e-16
22978.37257385254,3.7303426288285953e-16
22981.18829727173,3.5959280292199945e-16
22984.00640487671,3.6517255305269834e-16
22986.82451248169,3.7633811489362493e-16
22989.64023590088,3.780111108435706e-16
22992.45834350586,3.9202002993953184e-16
22995.27645111084,3.743282909982477e-16
22998.09217453003,3.4817297237821896e-16
23000.91028213501,3.712865692148779e-16
23003.7260055542,3.5427706237304787e-16
23006.54411315918,3.733798787951189e-16
23009.36222076416,3.564445667455124e-16
23012.17794418335,3.4438813800231113e-16
23014.99605178833,3.650019553231654e-16
23017.81177520752,3.5752162207750547e-16
23020.6298828125,3.587046624070237e-16
23023.44560623169,3.578290950373588e-16
23026.26371383667,3.539034943735291e-16
23029.07943725586,3.5318759271442163e-16
23031.89754486084,3.589947447216787e-16
23034.71326828003,3.6163605814901363e-16
23037.53137588501,3.6009657576737894e-16
23040.3470993042,3.779912320390897e-16
23043.16520690918,3.9742365015676105e-16
23045.98093032837,3.6044134464669104e-16
23048.79903793335,3.5676620103745264e-16
23051.61476135254,3.8650920711491576e-16
23054.43048477173,3.615938388505489e-16
23057.24859237671,3.5251052222198982e-16
23060.0643157959,3.503041337432904e-16
23062.88242340088,3.6706958921719276e-16
23065.69814682007,3.549152752290244e-16
23068.513870239258,3.534972626659819e-16
23071.33197784424,3.397486738524033e-16
23074.147701263428,3.776023645069612e-16
23076.963424682617,3.6472164035718344e-16
23079.781532287598,3.623186608253822e-16
23082.597255706787,3.699886765116679e-16
23085.412979125977,3.5866972229794947e-16
23088.231086730957,3.63363634784498e-16
23091.046810150146,3.7089089894939173e-16
23093.862533569336,3.3036169591225354e-16
23096.678256988525,3.4121131446385427e-16
23099.496364593506,3.5214275110420385e-16
23102.312088012695,3.781518771314924e-16
23105.127811431885,3.688814721007085e-16
23107.943534851074,3.6425971623335422e-16
23110.759258270264,3.5061134200534767e-16
23113.577365875244,3.638335792515465e-16
23116.393089294434,3.6312691554552e-16
23119.208812713623,3.538940446622113e-16
23122.024536132812,3.5054381759758375e-16
23124.840259552002,3.5015423538140597e-16
23127.65598297119,3.8207919833099617e-16
23130.474090576172,3.6221198761358735e-16
23133.28981399536,3.642480695303295e-16
23136.10553741455,3.6485891263419784e-16
23138.92126083374,3.516239963635698e-16
23141.73698425293,3.5976607409927215e-16
23144.55270767212,3.685226212986483e-16
23147.36843109131,3.5638604206281307e-16
23150.184154510498,3.8390061033516853e-16
23152.999877929688,3.7475646615308473e-16
23155.815601348877,3.4783937374589877e-16
23158.631324768066,3.672587687320061e-16
23161.447048187256,3.7284431574443775e-16
23164.262771606445,3.988669942988824e-16
23167.078495025635,3.7298293798021184e-16
23169.894218444824,3.7644211465768e-16
23172.709941864014,3.668922946334206e-16
23175.525665283203,3.752304340266327e-16
23178.341388702393,3.700453483097951e-16
23181.157112121582,3.73983495649156e-16
23183.97283554077,3.7878005794099987e-16
23186.78855895996,3.673538481803354e-16
23189.60428237915,3.5450417308203043e-16
23192.42000579834,3.577916932387816e-16
23195.23334503174,3.4644939267945447e-16
23198.049068450928,3.383021533367298e-16
23200.864791870117,3.4123730778742314e-16
23203.680515289307,3.3210758963522226e-16
23206.496238708496,3.27941458084152e-16
23209.311962127686,3.179803506244414e-16
23212.127685546875,3.3573426707800996e-16
23214.941024780273,3.3949832267693046e-16
23217.756748199463,3.5233301587998085e-16
23220.572471618652,3.468553861589853e-16
23223.38819503784,3.478739962176178e-16
23226.20153427124,3.625729030584565e-16
23229.01725769043,3.5291164526207394e-16
23231.83298110962,3.6548283180918943e-16
23234.64870452881,3.4051981794153954e-16
23237.462043762207,3.510061917076662e-16
23240.277767181396,3.511651427341744e-16
23243.093490600586,3.3702890399832895e-16
23245.909214019775,3.5104316998976976e-16
23248.722553253174,3.3375798039338806e-16
23251.538276672363,3.3604899275747413e-16
23254.354000091553,3.469424982036545e-16
23257.16733932495,3.3672148397803484e-16
23259.98306274414,3.600490625129939e-16
23262.79878616333,3.4746318523819946e-16
23265.61212539673,3.5197768555860767e-16
23268.427848815918,3.5077466054549014e-16
23271.241188049316,3.21181182252997e-16
23274.056911468506,3.433833451686307e-16
23276.872634887695,3.378910511897358e-16
23279.685974121094,3.271941367966573e-16
23282.501697540283,3.5919162694235613e-16
23285.31503677368,3.630208776084356e-16
23288.13076019287,3.4742567756050385e-16
23290.94409942627,3.643902387165702e-16
23293.75982284546,3.4172726340785055e-16
23296.573162078857,3.5318343695902416e-16
23299.388885498047,3.3670435803063255e-16
23302.202224731445,3.2639803170535664e-16
23305.017948150635,3.492575451276189e-16
23307.831287384033,3.431178797490053e-16
23310.647010803223,3.5774563582227463e-16
23313.46035003662,3.589194646684915e-16
23316.27607345581,3.7041367529295273e-16
23319.08941268921,3.5771315740270335e-16
23321.902751922607,3.5432179630057474e-16
23324.718475341797,3.449227481409266e-16
23327.531814575195,3.451194450731468e-16
23330.347537994385,3.6429013001011657e-16
23333.160877227783,3.6604745867787323e-16
23335.97421646118,3.3544987576596933e-16
23338.78993988037,3.340283162524602e-16
23341.60327911377,3.511653280226316e-16
23344.416618347168,3.538748805417797e-16
23347.232341766357,3.498939580385825e-16
23350.045680999756,3.487521840954633e-16
23352.859020233154,3.6310563384272024e-16
23355.674743652344,3.7685496381012766e-16
23358.488082885742,3.5527163787180203e-16
23361.30142211914,3.42620009664477e-16
23364.11476135254,3.569966998782242e-16
23366.93048477173,3.635466468406641e-16
23369.743824005127,3.416219136850358e-16
23372.557163238525,3.4349327416331656e-16
23375.370502471924,3.5456351832789744e-16
23378.183841705322,3.461626720268089e-16
23380.99956512451,3.542887090760726e-16
23383.81290435791,3.5183392818559085e-16
23386.62624359131,3.628259276816691e-16
23389.439582824707,3.5084197319501726e-16
23392.252922058105,3.5271873350833677e-16
23395.068645477295,3.533184063652132e-16
23397.881984710693,3.7144657903257015e-16
23400.69532394409,3.646866208387704e-16
23403.50866317749,3.396141279626879e-16
23406.32200241089,3.5371799415808043e-16
23409.135341644287,3.7370982459785404e-16
23411.948680877686,3.3607699778429273e-16
23414.762020111084,3.6369241591693066e-16
23417.575359344482,3.549277689649964e-16
23420.38869857788,3.6086237296103563e-16
23423.20203781128,3.4010204541008596e-16
23426.015377044678,3.691000860104389e-16
23428.828716278076,3.4868471262725857e-16
23431.642055511475,3.5757310579883077e-16
23434.455394744873,3.44807684008998e-16
23437.26873397827,3.4264751176548314e-16
23440.08207321167,3.601711146667373e-16
23442.89541244507,3.5770256949086267e-16
23445.708751678467,3.8017882697427194e-16
23448.522090911865,3.5458241775053305e-16
23451.335430145264,3.426903928084379e-16
23454.148769378662,3.598072346065528e-16
23456.96210861206,3.368499418184419e-16
23459.77544784546,3.3929733764041477e-16
23462.588787078857,3.4843364676773647e-16
23465.402126312256,3.535285764152507e-16
23468.215465545654,3.382560429806636e-16
23471.028804779053,3.243352417809964e-16
23473.83975982666,3.6697138633487046e-16
23476.65309906006,3.6476873009509486e-16
23479.466438293457,3.291820966540835e-16
23482.279777526855,3.4641916419114933e-16
23485.093116760254,3.3299633895512884e-16
23487.906455993652,3.5035230874216547e-16
23490.71741104126,3.4891838784158235e-16
23493.53075027466,3.3280181254483597e-16
23496.344089508057,3.4191456356831215e-16
23499.157428741455,3.3410116108592406e-16
23501.968383789062,3.422145191107586e-16
23504.78172302246,3.5971451096860805e-16
23507.59506225586,3.396957872327591e-16
23510.408401489258,3.3251016851318447e-16
23513.219356536865,3.326434703232586e-16
23516.032695770264,3.4040748019690994e-16
23518.846035003662,3.3788186617621403e-16
23521.65699005127,3.5977200332990293e-16
23524.470329284668,3.67335398743953e-16
23527.283668518066,3.357253202925046e-16
23530.094623565674,3.5715300392677224e-16
23532.907962799072,3.5027697574941904e-16
23535.72130203247,3.276546050826084e-16
23538.532257080078,3.596547951458266e-16
23541.345596313477,3.484327997347892e-16
23544.158935546875,3.488550721287751e-16
23546.969890594482,3.4361633216868485e-16
23549.78322982788,3.3780560674118154e-16
23552.59418487549,3.311422367731484e-16
23555.407524108887,3.5928900926151077e-16
23558.218479156494,3.6202180224714916e-16
23561.031818389893,3.3344132242001296e-16
23563.8427734375,3.1975271412701184e-16
23566.6561126709,3.295808638837831e-16
23569.469451904297,3.4312500011971815e-16
23572.280406951904,3.354430995023913e-16
23575.09136199951,3.3278426308096004e-16
23577.90470123291,3.3455961766862545e-16
23580.715656280518,3.425642907784154e-16
23583.528995513916,3.3109827046922996e-16
23586.339950561523,3.4594712861151227e-16
23589.153289794922,3.415628596067444e-16
23591.96424484253,3.60990010238275e-16
23594.777584075928,3.806105755493552e-16
23597.588539123535,3.3618835614707707e-16
23600.399494171143,3.265764380198721e-16
23603.21283340454,3.31058592269607e-16
23606.02378845215,3.3521037720013317e-16
23608.837127685547,3.4525714086663484e-16
23611.648082733154,3.440163170082461e-16
23614.45903778076,3.4981663981236593e-16
23617.27237701416,3.3870385871196513e-16
23620.083332061768,3.392028140574571e-16
23622.894287109375,3.3301682656454055e-16
23625.707626342773,3.486682484243463e-16
23628.51858139038,3.4225771779106855e-16
23631.32953643799,3.3324105206754653e-16
23634.140491485596,3.3325743686112e-16
23636.953830718994,3.2046745111581685e-16
23639.7647857666,3.272788665611623e-16
23642.57574081421,3.2732156231565985e-16
23645.389080047607,3.5626123705199107e-16
23648.200035095215,3.6317559347020753e-16
23651.010990142822,3.7203434048862583e-16
23653.82194519043,3.441097288604605e-16
23656.632900238037,3.2755677277720053e-16
23659.446239471436,3.451127746886872e-16
23662.257194519043,3.4930871121158897e-16
23665.06814956665,3.410742010055175e-16
23667.879104614258,3.3968043476059013e-16
23670.690059661865,3.438605158855105e-16
23673.501014709473,3.4270421003339e-16
23676.31196975708,3.4043855571816233e-16
23679.12530899048,3.409712070930873e-16
23681.936264038086,3.584920041977037e-16
23684.747219085693,3.609259533716389e-16
23687.5581741333,3.4204741539213307e-16
23690.36912918091,3.598262663780864e-16
23693.180084228516,3.3103143427573568e-16
23695.991039276123,3.3573723169332535e-16
23698.80199432373,3.718811598740708e-16
23701.612949371338,3.578945812720934e-16
23704.423904418945,3.4999909600316043e-16
23707.234859466553,3.506243916066913e-16
23710.04581451416,3.5896231924166663e-16
23712.856769561768,3.854956792539668e-16
23715.667724609375,3.5600964179687694e-16
23718.478679656982,3.464684509207677e-16
23721.28963470459,3.620645774109855e-16
23724.100589752197,3.5003342730730383e-16
23726.911544799805,3.329960213177736e-16
23729.722499847412,3.4151023768489623e-16
23732.53345489502,3.673883383031564e-16
23735.344409942627,3.668662219005129e-16
23738.155364990234,3.521682679717399e-16
23740.96632003784,3.649172255586604e-16
23743.77727508545,3.5320471866182393e-16
23746.585845947266,3.6444574584439495e-16
23749.396800994873,3.239747498526009e-16
23752.20775604248,3.2678483459467624e-16
23755.018711090088,3.342845701887842e-16
23757.829666137695,3.4179269670302594e-16
23760.640621185303,3.541795212352156e-16
23763.45157623291,3.6682005860488756e-16
23766.260147094727,3.5869748909675165e-16
23769.071102142334,3.47808324694426e-16
23771.88205718994,3.6300438693574375e-16
23774.69301223755,3.286173374365017e-16
23777.501583099365,3.2302107016333136e-16
23780.312538146973,3.4731169868953895e-16
23783.12349319458,3.2987023151438883e-16
23785.934448242188,3.4250912775772547e-16
23788.743019104004,3.6059907806333755e-16
23791.55397415161,3.1508762723044957e-16
23794.36492919922,3.2258230709665363e-16
23797.175884246826,2.989364294619842e-16
23799.984455108643,3.1952390935213477e-16
23802.79541015625,3.303299321767315e-16
23805.606365203857,3.307855300232359e-16
23808.414936065674,3.209500216677354e-16
23811.22589111328,3.6707408907972504e-16
23814.03684616089,3.4718392906340156e-16
23816.845417022705,3.1888715233403635e-16
23819.656372070312,3.2167283193931893e-16
23822.46494293213,3.198674341518056e-16
23825.275897979736,3.016260767068718e-16
23828.086853027344,3.1394365629562344e-16
23830.89542388916,3.4169571143056532e-16
23833.706378936768,3.4316115783865407e-16
23836.514949798584,3.5719371444779965e-16
23839.32590484619,3.748554895985747e-16
23842.134475708008,3.01801041950039e-16
23844.945430755615,3.480507084662387e-16
23847.756385803223,3.4325885779516393e-16
23850.56495666504,3.601720146392438e-16
23853.375911712646,3.6604637341690956e-16
23856.184482574463,3.575364186843028e-16
23858.99543762207,3.6653887013617873e-16
23861.804008483887,3.2541528819808444e-16
23864.612579345703,3.4922247266964664e-16
23867.42353439331,3.588044534761221e-16
23870.232105255127,3.397158248559176e-16
23873.043060302734,3.533991921325576e-16
23875.85163116455,3.3498345177960783e-16
23878.66258621216,3.476837314418408e-16
23881.471157073975,3.4682325184654883e-16
23884.27972793579,3.0965375205513563e-16
23887.0906829834,3.3117619750037736e-16
23889.899253845215,3.1104717419292815e-16
23892.710208892822,3.106252988456363e-16
23895.51877975464,3.128918001938112e-16
23898.327350616455,3.370652470057221e-16
23901.138305664062,3.3009173063009583e-16
23903.94687652588,3.1517796858823016e-16
23906.755447387695,3.283536454921096e-16
23909.566402435303,3.306027561950862e-16
23912.37497329712,3.7323119804309616e-16
23915.183544158936,3.3767902825512623e-16
23917.992115020752,3.1409199294051135e-16
23920.80307006836,3.4231068382005155e-16
23923.611640930176,3.443474274812837e-16
23926.420211791992,3.1376011484386527e-16
23929.22878265381,3.486040592088122e-16
23932.039737701416,3.3772582682546203e-16
23934.848308563232,3.461242114370476e-16
23937.65687942505,3.3747510507307476e-16
23940.465450286865,3.3315108128668036e-16
23943.276405334473,3.397892255547531e-16
23946.08497619629,3.058610561546861e-16
23948.893547058105,3.4717312939332406e-16
23951.702117919922,3.3985420886367527e-16
23954.51068878174,3.6146598981507273e-16
23957.319259643555,3.7247440057450404e-16
23960.12783050537,3.5442995182002727e-16
23962.93878555298,3.5027406407366285e-16
23965.747356414795,3.7307057942047306e-16
23968.55592727661,3.3584938414949774e-16
23971.364498138428,3.26388370235802e-16
23974.173069000244,3.4972055451241177e-16
23976.98163986206,3.156227402948775e-16
23979.790210723877,3.1676893469119016e-16
23982.598781585693,3.2131760749706416e-16
23985.40735244751,3.4491904237178236e-16
23988.215923309326,3.489657158075102e-16
23991.024494171143,3.3052416741944876e-16
23993.83306503296,3.4435078914329313e-16
23996.641635894775,3.2615652143627076e-16
23999.45020675659,3.280678248119705e-16
24002.25877761841,3.4867510409726315e-16
24005.067348480225,3.362060644296306e-16
24007.87591934204,3.5339204529206514e-16
24010.684490203857,3.58075634564569e-16
24013.493061065674,3.463175202374788e-16
24016.30163192749,3.4017984009233535e-16
24019.110202789307,3.4409826744589294e-16
24021.918773651123,3.311313841635117e-16
24024.72734451294,3.146358675019874e-16
24027.535915374756,3.2789230370343164e-16
24030.344486236572,3.395313569618734e-16
24033.15305709839,3.464704626240174e-16
24035.959243774414,3.4716844424233456e-16
24038.76781463623,3.6877461360045646e-16
24041.576385498047,3.654070488301898e-16
24044.384956359863,2.958279244246793e-16
24047.19352722168,3.6716903617915633e-16
24050.002098083496,3.7330436051391525e-16
24052.80828475952,3.5855238176497515e-16
24055.616855621338,3.344211277817494e-16
24058.425426483154,3.2751360056667016e-16
24061.23399734497,3.65609860281498e-16
24064.042568206787,3.404570845638835e-16
24066.848754882812,3.346463326666006e-16
24069.65732574463,3.402131655448539e-16
24072.465896606445,3.2412388059087686e-16
24075.27446746826,3.8318298814038693e-16
24078.080654144287,3.569040291798387e-16
24080.889225006104,3.2630287284768854e-16
24083.69779586792,3.5196688588853017e-16
24086.503982543945,3.442395895991864e-16
24089.31255340576,3.295576498870724e-16
24092.121124267578,3.2288040975452794e-16
24094.927310943604,3.55673502065715e-16
24097.73588180542,3.428108832451848e-16
24100.544452667236,2.9867999023720294e-16
24103.35063934326,3.105891146569208e-16
24106.159210205078,3.472922434015317e-16
24108.967781066895,3.264335806193617e-16
24111.77396774292,3.2198348127272444e-16
24114.582538604736,3.0723766998243154e-16
24117.391109466553,3.3427874683727185e-16
24120.197296142578,3.220138421099276e-16
24123.005867004395,3.278025711505819e-16
24125.81205368042,3.148778277573265e-16
24128.620624542236,3.3151440187434824e-16
24131.42681121826,3.172217267410568e-16
24134.235382080078,3.1513072003164114e-16
24137.041568756104,3.3143059855212926e-16
24139.85013961792,3.2907044712372356e-16
24142.656326293945,3.5899672995514883e-16
24145.46489715576,2.866012474697974e-16
24148.271083831787,3.421848200180455e-16
24151.079654693604,3.3091700541851754e-16
24153.88584136963,3.3879277070164723e-16
24156.694412231445,3.7467260989130656e-16
24159.50059890747,3.76888236323087e-16
24162.309169769287,2.9163217319023473e-16
24165.115356445312,3.3661833124692703e-16
24167.92392730713,3.9614764796128165e-16
24170.730113983154,3.541153849592407e-16
24173.53630065918,3.199865216902336e-16
24176.344871520996,3.333200908294372e-16
24179.15105819702,3.214132957503243e-16
24181.959629058838,3.0662468282641544e-16
24184.765815734863,3.544337634682899e-16
24187.57200241089,3.1100680777903557e-16
24190.380573272705,4.001671104635789e-16
24193.18675994873,3.5079358643790536e-16
24195.992946624756,3.3792435017247476e-16
24198.801517486572,3.4224506523641894e-16
24201.607704162598,3.3325555750676826e-16
24204.413890838623,3.3883522822812835e-16
24207.22246170044,3.385207672464602e-16
24210.028648376465,3.127731626416364e-16
24212.83483505249,3.0618353747957356e-16
24215.641021728516,3.3500282765827627e-16
24218.449592590332,3.3313543764693576e-16
24221.255779266357,3.3096888618653687e-16
24224.061965942383,3.080135521621165e-16
24226.86815261841,3.2913860680619793e-16
24229.676723480225,3.5070324508012477e-16
24232.48291015625,3.3380890824934173e-16
24235.289096832275,3.431897981401831e-16
24238.0952835083,3.326009069176591e-16
24240.901470184326,3.4380985272735286e-16
24243.70765686035,3.092417764054148e-16
24246.516227722168,3.6940747956095343e-16
24249.322414398193,3.4302203267706755e-16
24252.12860107422,3.418109873207307e-16
24254.934787750244,3.377504437204916e-16
24257.74097442627,3.4531780960148192e-16
24260.547161102295,3.330736571813454e-16
24263.35334777832,3.6204014580441314e-16
24266.159534454346,3.0172856769348957e-16
24268.968105316162,3.2817203633426237e-16
24271.774291992188,3.322641054420071e-16
24274.580478668213,3.263066050866124e-16
24277.38666534424,3.1286869207621892e-16
24280.192852020264,2.9185745748442477e-16
24282.99903869629,2.934691758945925e-16
24285.805225372314,3.410727981071986e-16
24288.61141204834,3.1158382250457296e-16
24291.417598724365,3.0163004717381205e-16
24294.22378540039,3.201231586925376e-16
24297.029972076416,3.172363909989561e-16
24299.83615875244,3.386021088791762e-16
24302.642345428467,3.3912554877079976e-16
24305.448532104492,3.500686850537333e-16
24308.254718780518,3.2307403619231435e-16
24311.060905456543,3.217158718009513e-16
24313.86709213257,3.1371649264708167e-16
24316.673278808594,3.388795386391816e-16
24319.47946548462,3.145606933279186e-16
24322.283267974854,3.1445378188810734e-16
24325.08945465088,3.1552101693186816e-16
24327.895641326904,3.1963585005007034e-16
24330.70182800293,3.4940791994553613e-16
24333.508014678955,3.5509534913965473e-16
24336.31420135498,3.252242293289194e-16
24339.120388031006,3.294343536536877e-16
24341.92657470703,3.2294737829692023e-16
24344.730377197266,3.2524101116918687e-16
24347.53656387329,3.600254514695892e-16
24350.342750549316,3.5411901131904614e-16
24353.14893722534,3.571901939671126e-16
24355.955123901367,3.668974827102225e-16
24358.7589263916,3.7382991798790694e-16
24361.565113067627,4.847247684616404e-16
24364.371299743652,3.470300867043565e-16
24367.177486419678,3.351823721733146e-16
24369.981288909912,3.724502336657277e-16
24372.787475585938,3.5165306018157246e-16
24375.593662261963,3.2260001537920717e-16
24378.39984893799,3.1317309454163844e-16
24381.203651428223,3.3562785856401114e-16
24384.009838104248,3.3036370761550327e-16
24386.816024780273,3.174292762829137e-16
24389.619827270508,3.39478682100466e-16
24392.426013946533,3.2427012612317623e-16
24395.23220062256,3.1262284076327836e-16
24398.036003112793,3.1372872168525766e-16
24400.84218978882,3.145982274753938e-16
24403.648376464844,3.0485123406288135e-16
24406.452178955078,3.2442926243814163e-16
24409.258365631104,2.9208795632519634e-16
24412.06455230713,2.898989849614748e-16
24414.868354797363,3.4663491936468276e-16
24417.67454147339,3.232241463124356e-16
24420.478343963623,3.4355079299439105e-16
24423.28453063965,3.2507970433229413e-16
24426.090717315674,3.0865613253172727e-16
24428.89451980591,3.2716131426995118e-16
24431.700706481934,3.2039060934563313e-16
24434.504508972168,3.4734933871613256e-16
24437.310695648193,3.181177287805742e-16
24440.114498138428,3.037694671101192e-16
24442.920684814453,3.09575375037735e-16
24445.724487304688,2.968656191944046e-16
24448.530673980713,3.384632484153857e-16
24451.334476470947,3.125249290485317e-16
24454.140663146973,3.0932475916446614e-16
24456.944465637207,3.47992342602217e-16
24459.750652313232,3.333309963786331e-16
24462.554454803467,2.9394097324621313e-16
24465.360641479492,3.3164058331370953e-16
24468.164443969727,3.885222338536248e-16
24470.96824645996,3.7120152181301764e-16
24473.774433135986,3.4349930927306575e-16
24476.57823562622,3.515770919141156e-16
24479.384422302246,3.596891529197496e-16
24482.18822479248,3.410074177515824e-16
24484.992027282715,3.0852603356498493e-16
24487.79821395874,3.359390108232291e-16
24490.602016448975,3.2255615495440715e-16
24493.40581893921,2.995891477571824e-16
24496.212005615234,3.352717341492499e-16
24499.01580810547,3.639832658551941e-16
24501.819610595703,3.386581189328134e-16
24504.62579727173,3.167540851448336e-16
24507.429599761963,3.5819983077046015e-16
24510.233402252197,3.832481302679867e-16
24513.039588928223,3.959017172390023e-16
24515.843391418457,3.174625223260934e-16
24518.64719390869,4.255428940743377e-16
24521.450996398926,3.8924014721598203e-16
24524.25718307495,3.5230842545473087e-16
24527.060985565186,3.643735362856415e-16
24529.86478805542,3.408906330839797e-16
24532.668590545654,3.1052921354568215e-16
24535.47477722168,3.1954384109617485e-16
24538.278579711914,3.385035883594987e-16
24541.08238220215,3.3114956890209805e-16
24543.886184692383,3.4077451016086707e-16
24546.689987182617,3.531545319596991e-16
24549.49378967285,3.2801091478582684e-16
24552.299976348877,3.862461504452341e-16
24555.10377883911,3.5322195048834463e-16
24557.907581329346,3.0795823032274893e-16
24560.71138381958,3.1344295394467774e-16
24563.515186309814,2.926283104059854e-16
24566.31898880005,3.219281329635773e-16
24569.122791290283,3.3350850272064207e-16
24571.92897796631,3.221915602101734e-16
24574.732780456543,3.247501026366938e-16
24577.536582946777,3.106329486119412e-16
24580.34038543701,3.212904759729724e-16
24583.144187927246,3.199302998783596e-16
24585.94799041748,3.18878867293021e-16
24588.751792907715,2.8456754783321944e-16
24591.55559539795,3.1156375841163487e-16
24594.359397888184,3.2559491212246156e-16
24597.163200378418,3.3135433911709678e-16
24599.967002868652,3.6113691751506443e-16
24602.770805358887,3.1446982257454597e-16
24605.57460784912,3.24762516963327e-16
24608.378410339355,3.218704817836048e-16
24611.18221282959,3.4232669803671058e-16
24613.986015319824,3.6087052565315296e-16
24616.78981781006,3.2941013380535214e-16
24619.593620300293,3.2976557000584372e-16
24622.397422790527,3.495901643780938e-16
24625.20122528076,3.5385261945713466e-16
24628.005027770996,3.4342320865671087e-16
24630.80644607544,3.1323884547416905e-16
24633.610248565674,3.525739173441359e-16
24636.41405105591,3.5435776873105345e-16
24639.217853546143,3.655027370834499e-16
24642.021656036377,3.036739376755367e-16
24644.82545852661,3.2278662732539913e-16
24647.629261016846,3.315621798265293e-16
24650.43306350708,3.1456143448174744e-16
24653.234481811523,3.0446120186045035e-16
24656.038284301758,3.239704352785258e-16
24658.842086791992,2.9627777832901014e-16
24661.645889282227,2.9867864027844325e-16
24664.44969177246,2.471150331583049e-16
24667.251110076904,3.0344846809288943e-16
24670.05491256714,3.226084857086797e-16
