wav,flam
3061.3987,9.49789e-17
3063.3455,1.89614e-16
3065.293,-1.64352e-16
3067.2407,-9.0786e-17
3069.1895,6.44847e-17
3071.1387,5.71748e-16
3073.0884,9.02382e-19
3075.0388,1.5703e-16
3076.9897,-1.17895e-16
3078.9412,1.59789e-16
3080.8933,1.7362e-16
3082.8462,4.1829e-17
3084.7996,5.14009e-16
3086.7534,2.95989e-16
3088.708,-7.39019e-17
3090.6631,4.06455e-17
3092.6187,1.32212e-16
3094.575,1.39478e-16
3096.532,-6.10936e-18
3098.4895,7.74874e-17
3100.4475,-1.14394e-16
3102.406,-1.98536e-16
3104.3652,7.51365e-17
3106.3252,1.19305e-16
3108.2854,1.57923e-17
3110.2466,1.5254e-16
3112.208,2.20548e-16
3114.1702,1.14939e-16
3116.1328,1.89142e-16
3118.0962,2.13352e-16
3120.0601,-4.25389e-17
3122.0247,2.12009e-16
3123.9895,5.12083e-17
3125.9553,3.45715e-17
3127.9214,4.62642e-17
3129.8882,4.86996e-17
3131.8557,3.18299e-16
3133.8235,8.99126e-17
3135.792,-1.51449e-17
3137.761,1.12648e-16
3139.7307,6.51605e-17
3141.7009,2.04549e-16
3143.6716,3.86869e-17
3145.6431,1.10599e-16
3147.615,1.38801e-16
3149.5874,1.30728e-16
3151.5605,1.57819e-16
3153.5342,8.47838e-17
3155.5083,1.26909e-16
3157.4832,1.71437e-16
3159.4585,2.99474e-16
3161.4341,2.20827e-16
3163.4106,1.15499e-16
3165.3877,1.84528e-16
3167.3652,1.40983e-16
3169.3435,3.06291e-16
3171.322,1.1433e-16
3173.3013,2.11561e-16
3175.281,2.65788e-16
3177.2615,1.08663e-16
3179.2422,1.81052e-16
3181.2239,2.05359e-16
3183.2058,1.46213e-16
3185.1885,1.63137e-16
3187.1714,1.63823e-16
3189.1553,1.74241e-16
3191.1394,1.67017e-16
3193.1243,1.76233e-16
3195.1096,2.45103e-16
3197.0955,1.20435e-16
3199.0818,1.72319e-16
3201.0688,2.35567e-16
3203.0564,9.11049e-17
3205.0444,2.3794e-16
3207.0332,1.10966e-16
3209.0222,1.73795e-16
3211.012,1.01416e-16
3213.0022,2.33972e-16
3214.9929,1.99786e-16
3216.9844,2.13825e-16
3218.9763,1.38853e-16
3220.9685,1.60913e-16
3222.9614,2.15324e-16
3224.9551,4.6664e-17
3226.9492,2.19371e-16
3228.9436,9.38383e-17
3230.9387,1.22593e-16
3232.9343,9.31666e-17
3234.9304,1.00899e-16
3236.9272,1.56072e-16
3238.9246,2.59911e-16
3240.9221,2.6826e-16
3242.9204,2.24415e-16
3244.9194,1.49295e-16
3246.9187,2.11322e-16
3248.9187,1.23566e-16
3250.9189,2.46679e-16
3252.9199,2.81944e-16
3254.9214,3.1574e-16
3256.9236,2.31949e-16
3258.926,2.92495e-16
3260.929,2.16262e-16
3262.9326,2.31014e-16
3264.9368,2.00976e-16
3266.9414,2.71046e-16
3268.9465,2.0947e-16
3270.9521,1.60367e-16
3272.9583,2.68302e-16
3274.9651,2.09151e-16
3276.9722,2.10296e-16
3278.98,2.2457e-16
3280.9883,2.2637e-16
3282.9971,1.37348e-16
3285.0063,2.67157e-16
3287.0161,2.17671e-16
3289.0264,3.04435e-16
3291.0371,2.90064e-16
3293.0486,2.92721e-16
3295.0603,2.71768e-16
3297.0728,2.61883e-16
3299.0857,2.25484e-16
3301.0991,2.32647e-16
3303.1128,2.15413e-16
3305.1272,2.49007e-16
3307.1421,2.33542e-16
3309.1577,2.66724e-16
3311.1736,2.68588e-16
3313.1899,2.3482e-16
3315.2068,2.42877e-16
3317.2244,2.21067e-16
3319.2422,2.25937e-16
3321.2605,2.25935e-16
3323.2795,2.38499e-16
3325.2991,2.30802e-16
3327.3188,2.56291e-16
3329.3394,2.22944e-16
3331.3604,2.35126e-16
3333.3816,2.05769e-16
3335.4036,1.81674e-16
3337.426,2.11191e-16
3339.449,2.51931e-16
3341.4724,2.18316e-16
3343.4961,2.2044e-16
3345.5205,2.49863e-16
3347.5454,2.37171e-16
3349.5708,2.58316e-16
3351.5967,2.56259e-16
3353.623,2.4232e-16
3355.6499,2.43454e-16
3357.6772,2.21184e-16
3359.7051,1.99119e-16
3361.7334,2.25332e-16
3363.7622,2.72319e-16
3365.7915,2.06864e-16
3367.821,2.66457e-16
3369.8513,2.89541e-16
3371.8821,2.75791e-16
3373.9133,2.9421e-16
3375.9451,2.48171e-16
3377.9771,2.40119e-16
3380.0098,2.49309e-16
3382.043,2.80356e-16
3384.0764,3.25626e-16
3386.1106,2.91501e-16
3388.145,2.55906e-16
3390.1802,2.73336e-16
3392.2156,3.21044e-16
3394.2517,3.15855e-16
3396.2881,3.22762e-16
3398.325,2.93685e-16
3400.3623,2.72926e-16
3402.4001,2.41595e-16
3404.4385,2.82697e-16
3406.4773,2.80026e-16
3408.5166,2.97668e-16
3410.5564,3.40952e-16
3412.5964,2.77752e-16
3414.6372,3.09282e-16
3416.6782,3.01051e-16
3418.72,3.01099e-16
3420.762,3.68405e-16
3422.8044,3.22694e-16
3424.8474,3.60027e-16
3426.8911,3.1876e-16
3428.9348,3.70081e-16
3430.9792,3.27753e-16
3433.0242,3.2397e-16
3435.0693,3.22729e-16
3437.115,3.07907e-16
3439.1614,2.99454e-16
3441.208,3.26118e-16
3443.2551,3.68367e-16
3445.3027,3.82809e-16
3447.3506,3.58401e-16
3449.3992,3.52159e-16
3451.448,3.17434e-16
3453.4976,3.14594e-16
3455.5474,3.14315e-16
3457.5977,3.09572e-16
3459.6484,3.74236e-16
3461.6997,3.49765e-16
3463.7512,3.62463e-16
3465.8032,3.14709e-16
3467.8557,3.48751e-16
3469.9087,3.3206e-16
3471.9622,3.09381e-16
3474.0161,3.20574e-16
3476.0703,3.24129e-16
3478.1252,3.49928e-16
3480.1804,3.21675e-16
3482.2361,3.59751e-16
3484.292,3.35927e-16
3486.3486,3.31935e-16
3488.4055,3.29259e-16
3490.4629,2.70111e-16
3492.5208,3.44102e-16
3494.5791,3.19463e-16
3496.6377,3.52954e-16
3498.697,3.86037e-16
3500.7563,3.58387e-16
3502.8164,3.70924e-16
3504.877,3.18003e-16
3506.9377,3.92087e-16
3508.999,3.3723e-16
3511.0608,3.67718e-16
3513.123,3.61589e-16
3515.1855,3.80274e-16
3517.2485,3.65675e-16
3519.312,3.08529e-16
3521.376,3.7937e-16
3523.4402,3.7548e-16
3525.5049,3.32964e-16
3527.5701,3.46935e-16
3529.6357,3.77334e-16
3531.7017,3.58352e-16
3533.7681,3.82156e-16
3535.835,4.10087e-16
3537.9021,3.72447e-16
3539.97,3.75615e-16
3542.0381,3.57296e-16
3544.1067,3.72069e-16
3546.1755,3.688e-16
3548.2449,3.84246e-16
3550.3147,3.71086e-16
3552.385,4.26266e-16
3554.4556,3.328e-16
3556.5266,3.69944e-16
3558.5979,3.88658e-16
3560.6699,3.36094e-16
3562.7422,3.64419e-16
3564.8147,3.55588e-16
3566.8877,3.72348e-16
3568.9612,3.63926e-16
3571.0352,3.50301e-16
3573.1096,3.68426e-16
3575.1843,3.23005e-16
3577.2595,3.63921e-16
3579.335,3.70182e-16
3581.4109,3.2457e-16
3583.4873,3.47587e-16
3585.564,3.79974e-16
3587.6411,3.75694e-16
3589.7188,4.06403e-16
3591.7966,3.85127e-16
3593.875,4.04994e-16
3595.9539,4.30987e-16
3598.033,3.9611e-16
3600.1125,4.19812e-16
3602.1924,4.10851e-16
3604.2727,3.86577e-16
3606.3535,3.65148e-16
3608.4348,3.87499e-16
3610.5161,3.98875e-16
3612.5981,3.70628e-16
3614.6804,4.29803e-16
3616.7632,4.04556e-16
3618.8462,4.72297e-16
3620.9297,4.57064e-16
3623.0137,4.61694e-16
3625.0979,3.90974e-16
3627.1826,3.75046e-16
3629.2676,3.7473e-16
3631.3533,4.56994e-16
3633.439,4.88289e-16
3635.5254,4.73565e-16
3637.6118,4.37206e-16
3639.699,3.83028e-16
3641.7861,4.33342e-16
3643.874,3.99226e-16
3645.9622,3.80287e-16
3648.0508,4.46189e-16
3650.1396,4.38695e-16
3652.229,4.95767e-16
3654.3186,4.53789e-16
3656.4087,4.88123e-16
3658.499,4.77504e-16
3660.5898,4.44681e-16
3662.6809,4.81739e-16
3664.7727,4.52484e-16
3666.8645,4.73368e-16
3668.9568,4.87781e-16
3671.0496,4.98392e-16
3673.1426,4.09359e-16
3675.2361,4.84471e-16
3677.3298,4.5275e-16
3679.4238,4.48712e-16
3681.5186,4.73795e-16
3683.6133,5.43463e-16
3685.7087,5.40604e-16
3687.8042,5.15709e-16
3689.9004,5.4208e-16
3691.9966,5.42174e-16
3694.0935,4.87095e-16
3696.1904,4.84593e-16
3698.2881,4.69174e-16
3700.386,4.41582e-16
3702.4841,4.35815e-16
3704.5825,4.85165e-16
3706.6816,5.03947e-16
3708.7808,4.92383e-16
3710.8806,4.97849e-16
3712.9805,4.76101e-16
3715.0808,4.60592e-16
3717.1816,4.6615e-16
3719.2827,4.32573e-16
3721.384,4.89869e-16
3723.4858,4.71299e-16
3725.5879,4.30797e-16
3727.6904,4.59532e-16
3729.7935,4.84293e-16
3731.8965,4.63178e-16
3734.0,4.77905e-16
3736.104,4.46244e-16
3738.2083,4.84971e-16
3740.313,4.50331e-16
3742.418,4.17311e-16
3744.5232,4.6565e-16
3746.6289,5.1071e-16
3748.7349,5.0066e-16
3750.8413,5.06003e-16
3752.948,4.1401e-16
3755.0549,4.11048e-16
3757.1624,4.35e-16
3759.27,4.64322e-16
3761.3782,5.24313e-16
3763.4866,5.42942e-16
3765.5952,5.72182e-16
3767.7043,5.68146e-16
3769.8137,5.33536e-16
3771.9236,5.39409e-16
3774.0337,5.20429e-16
3776.1443,5.39761e-16
3778.2549,5.03166e-16
3780.3662,4.56173e-16
3782.4775,4.67991e-16
3784.5894,4.48084e-16
3786.7014,4.96793e-16
3788.814,5.06505e-16
3790.9268,5.82429e-16
3793.0398,5.90466e-16
3795.1533,5.49516e-16
3797.2671,5.39097e-16
3799.3811,5.57529e-16
3801.4956,5.23123e-16
3803.6104,5.15406e-16
3805.7256,5.11025e-16
3807.8411,4.95522e-16
3809.9568,4.7124e-16
3812.0728,5.18899e-16
3814.1892,5.19712e-16
3816.3059,5.18268e-16
3818.4231,4.59276e-16
3820.5403,4.84641e-16
3822.6582,5.12229e-16
3824.7761,5.06153e-16
3826.8945,5.36061e-16
3829.0132,6.04449e-16
3831.1321,5.769e-16
3833.2515,5.37966e-16
3835.3711,5.29545e-16
3837.491,5.34374e-16
3839.6111,5.45952e-16
3841.7317,4.80084e-16
3843.8528,4.6594e-16
3845.9739,4.87283e-16
3848.0955,5.14746e-16
3850.2173,4.92759e-16
3852.3394,4.59227e-16
3854.4619,5.02359e-16
3856.5847,5.25477e-16
3858.7075,5.6855e-16
3860.8311,5.63877e-16
3862.9546,5.52909e-16
3865.0786,5.20451e-16
3867.2029,5.02508e-16
3869.3276,5.05574e-16
3871.4524,5.3635e-16
3873.5779,5.03922e-16
3875.7034,5.19952e-16
3877.8291,5.45761e-16
3879.9551,7.02159e-16
3882.0818,8.23204e-16
3884.2085,7.71349e-16
3886.3354,6.65387e-16
3888.4629,5.90636e-16
3890.5903,5.26278e-16
3892.7185,5.16406e-16
3894.8467,5.42295e-16
3896.9751,5.91974e-16
3899.104,5.93518e-16
3901.2332,5.8993e-16
3903.3625,5.53044e-16
3905.4922,5.55866e-16
3907.6223,5.33752e-16
3909.7527,5.02169e-16
3911.8833,4.72346e-16
3914.0142,4.31103e-16
3916.1453,4.49389e-16
3918.2766,3.836e-16
3920.4084,3.51936e-16
3922.5405,3.48167e-16
3924.6729,3.27122e-16
3926.8054,2.70912e-16
3928.9385,2.13478e-16
3931.0718,2.39013e-16
3933.2051,2.7084e-16
3935.3389,3.64085e-16
3937.4729,4.16648e-16
3939.6074,4.44701e-16
3941.7419,4.51643e-16
3943.877,4.83485e-16
3946.0122,5.17476e-16
3948.1475,5.42593e-16
3950.2832,5.25124e-16
3952.4192,4.64102e-16
3954.5557,4.21601e-16
3956.6921,3.95308e-16
3958.8291,4.09592e-16
3960.9663,3.49686e-16
3963.1038,3.05609e-16
3965.2415,3.07357e-16
3967.3794,4.09711e-16
3969.5176,4.49877e-16
3971.656,4.74824e-16
3973.7949,5.54317e-16
3975.9341,5.85084e-16
3978.0732,6.17198e-16
3980.2129,6.70017e-16
3982.3528,6.56701e-16
3984.4929,6.18532e-16
3986.6333,6.6194e-16
3988.7742,6.63638e-16
3990.915,7.21479e-16
3993.0562,7.06686e-16
3995.1978,7.18486e-16
3997.3396,7.20303e-16
3999.4814,7.45771e-16
4001.6238,7.31097e-16
4003.7664,7.4319e-16
4005.9092,7.63879e-16
4008.0522,8.05284e-16
4010.1956,8.01618e-16
4012.3391,7.63029e-16
4014.4829,7.27009e-16
4016.6272,7.81356e-16
4018.7715,9.00307e-16
4020.916,8.74613e-16
4023.061,8.42115e-16
4025.2063,7.59453e-16
4027.3516,7.7445e-16
4029.4973,8.31767e-16
4031.6431,8.63626e-16
4033.7893,7.89301e-16
4035.9358,7.69694e-16
4038.0825,7.66691e-16
4040.2292,8.34264e-16
4042.3765,7.95987e-16
4044.5239,8.31753e-16
4046.6716,8.56155e-16
4048.8196,8.78221e-16
4050.9678,8.64493e-16
4053.1162,8.71275e-16
4055.2649,8.03008e-16
4057.4138,8.79948e-16
4059.563,8.46262e-16
4061.7124,9.0188e-16
4063.8621,8.7983e-16
4066.012,8.22635e-16
4068.1621,7.697e-16
4070.3125,7.63478e-16
4072.4629,7.27237e-16
4074.614,8.56719e-16
4076.7649,8.71518e-16
4078.9165,9.0716e-16
4081.0681,9.20714e-16
4083.2197,9.75548e-16
4085.3718,1.00672e-15
4087.5242,1.03374e-15
4089.6768,1.02736e-15
4091.8296,1.29241e-15
4093.9824,1.70744e-15
4096.1357,1.69304e-15
4098.2891,1.32541e-15
4100.4429,1.02393e-15
4102.5972,8.78426e-16
4104.751,8.63515e-16
4106.9058,9.18958e-16
4109.0601,9.52344e-16
4111.2153,8.9335e-16
4113.3701,8.72192e-16
4115.5254,8.47776e-16
4117.6812,8.9586e-16
4119.8369,8.8135e-16
4121.9932,8.52523e-16
4124.1494,8.17042e-16
4126.3057,8.43599e-16
4128.4624,9.05413e-16
4130.6191,9.42603e-16
4132.7764,8.90441e-16
4134.9341,9.04402e-16
4137.0913,8.5496e-16
4139.2495,8.96746e-16
4141.4072,8.88901e-16
4143.5654,8.78046e-16
4145.7241,8.73879e-16
4147.8828,9.02412e-16
4150.0415,9.73211e-16
4152.2007,9.93269e-16
4154.3604,9.7205e-16
4156.52,9.78899e-16
4158.6797,9.75416e-16
4160.8398,9.65657e-16
4163.0,9.16324e-16
4165.1602,8.55201e-16
4167.3208,8.14966e-16
4169.4819,8.68369e-16
4171.6431,9.1292e-16
4173.8042,9.39296e-16
4175.9658,9.5912e-16
4178.1274,9.88217e-16
4180.2891,9.56091e-16
4182.4512,9.6892e-16
4184.6138,1.00589e-15
4186.7764,9.82692e-16
4188.939,9.23602e-16
4191.1021,9.30459e-16
4193.2651,9.0251e-16
4195.4287,9.17938e-16
4197.5923,9.08229e-16
4199.7559,9.36404e-16
4201.9199,1.03672e-15
4204.084,1.08998e-15
4206.2485,1.01937e-15
4208.4131,1.0165e-15
4210.5781,1.12174e-15
4212.7432,1.15385e-15
4214.9082,1.08185e-15
4217.0737,9.94076e-16
4219.2393,1.04198e-15
4221.4048,1.13268e-15
4223.5708,1.11656e-15
4225.7373,1.07862e-15
4227.9038,9.75001e-16
4230.0703,1.0394e-15
4232.2368,1.13651e-15
4234.4038,1.18341e-15
4236.5713,1.16971e-15
4238.7383,1.07664e-15
4240.9058,1.01349e-15
4243.0737,1.04485e-15
4245.2417,1.06984e-15
4247.4097,1.08782e-15
4249.5781,1.11913e-15
4251.7466,1.14363e-15
4253.9155,1.2077e-15
4256.0845,1.27941e-15
4258.2534,1.33984e-15
4260.4224,1.26454e-15
4262.5923,1.12121e-15
4264.7617,1.10729e-15
4266.9316,1.16282e-15
4269.1016,1.24065e-15
4271.2715,1.24223e-15
4273.4419,1.18956e-15
4275.6128,1.18686e-15
4277.7832,1.14284e-15
4279.9541,1.05823e-15
4282.1255,9.57965e-16
4284.2969,1.00649e-15
4286.4683,1.02589e-15
4288.6396,1.04591e-15
4290.8115,9.49999e-16
4292.9834,9.34423e-16
4295.1558,9.79605e-16
4297.3281,9.80192e-16
4299.5005,9.95532e-16
4301.6733,1.06126e-15
4303.8462,1.15695e-15
4306.0195,1.14522e-15
4308.1924,1.23915e-15
4310.3662,1.29759e-15
4312.5396,1.29594e-15
4314.7134,1.29495e-15
4316.8872,1.21998e-15
4319.0615,1.26281e-15
4321.2358,1.3315e-15
4323.4102,1.44595e-15
4325.5845,1.42982e-15
4327.7593,1.42301e-15
4329.9341,1.6549e-15
4332.1094,2.44347e-15
4334.2847,2.43818e-15
4336.46,1.9656e-15
4338.6357,1.54664e-15
4340.8115,1.47816e-15
4342.9873,1.42244e-15
4345.1636,1.41004e-15
4347.3398,1.44814e-15
4349.5161,1.51451e-15
4351.6929,1.48706e-15
4353.8696,1.47452e-15
4356.0464,1.51784e-15
4358.2236,1.47138e-15
4360.4009,1.43279e-15
4362.5781,1.40442e-15
4364.7559,1.40311e-15
4366.9336,1.33497e-15
4369.1113,1.44062e-15
4371.2891,1.51381e-15
4373.4673,1.40753e-15
4375.646,1.2741e-15
4377.8242,1.19804e-15
4380.0029,1.30344e-15
4382.1816,1.3297e-15
4384.3608,1.38054e-15
4386.54,1.33705e-15
4388.7192,1.32256e-15
4390.8984,1.33803e-15
4393.0781,1.35862e-15
4395.2578,1.36613e-15
4397.4375,1.35621e-15
4399.6177,1.34029e-15
4401.7979,1.4195e-15
4403.978,1.46225e-15
4406.1587,1.41237e-15
4408.3389,1.30704e-15
4410.52,1.30027e-15
4412.7007,1.41243e-15
4414.8818,1.42773e-15
4417.063,1.43279e-15
4419.2441,1.44128e-15
4421.4258,1.38062e-15
4423.6074,1.42431e-15
4425.7891,1.40566e-15
4427.9712,1.46753e-15
4430.1528,1.59729e-15
4432.335,1.54477e-15
4434.5176,1.37208e-15
4436.7002,1.34768e-15
4438.8828,1.39115e-15
4441.0654,1.45546e-15
4443.248,1.38358e-15
4445.4312,1.3642e-15
4447.6143,1.3432e-15
4449.7974,1.36877e-15
4451.981,1.35745e-15
4454.1646,1.33177e-15
4456.3481,1.34557e-15
4458.5322,1.31627e-15
4460.7163,1.35133e-15
4462.9004,1.55239e-15
4465.0845,1.72265e-15
4467.269,1.85987e-15
4469.4531,1.87323e-15
4471.6377,1.79426e-15
4473.8228,1.75742e-15
4476.0073,1.67472e-15
4478.1924,1.74543e-15
4480.3779,1.67554e-15
4482.563,1.69838e-15
4484.7485,1.66127e-15
4486.9336,1.58198e-15
4489.1196,1.63208e-15
4491.3052,1.76146e-15
4493.4912,1.95037e-15
4495.6772,2.17762e-15
4497.8633,2.14332e-15
4500.0498,1.99713e-15
4502.2358,1.85877e-15
4504.4224,1.90513e-15
4506.6094,1.84078e-15
4508.7959,1.80868e-15
4510.9829,1.8244e-15
4513.1699,1.79624e-15
4515.3569,1.64795e-15
4517.5444,1.58253e-15
4519.7314,1.51031e-15
4521.9189,1.55312e-15
4524.1064,1.56706e-15
4526.2944,1.61745e-15
4528.4824,1.7349e-15
4530.6699,1.79284e-15
4532.8584,1.79045e-15
4535.0464,1.67728e-15
4537.2344,1.69883e-15
4539.4233,1.69628e-15
4541.6118,1.61542e-15
4543.8003,1.60646e-15
4545.9888,1.56965e-15
4548.1777,1.67512e-15
4550.3667,1.76564e-15
4552.5557,1.76792e-15
4554.7451,1.7091e-15
4556.9346,1.73264e-15
4559.124,1.79102e-15
4561.3135,1.8944e-15
4563.5029,1.89082e-15
4565.6929,1.90615e-15
4567.8823,1.91639e-15
4570.0723,1.90905e-15
4572.2627,1.81414e-15
4574.4526,1.82863e-15
4576.6431,1.9226e-15
4578.8335,2.04831e-15
4581.0239,1.95766e-15
4583.2144,1.82975e-15
4585.4053,1.80961e-15
4587.5957,1.88358e-15
4589.7866,1.92338e-15
4591.9775,1.88557e-15
4594.1689,1.864e-15
4596.3599,1.93876e-15
4598.5513,2.10138e-15
4600.7427,2.22086e-15
4602.9341,2.22092e-15
4605.126,2.23374e-15
4607.3174,2.1713e-15
4609.5093,2.24343e-15
4611.7012,2.2952e-15
4613.8931,2.36201e-15
4616.085,2.37636e-15
4618.2773,2.23319e-15
4620.4697,2.1686e-15
4622.6621,2.1954e-15
4624.8545,2.18506e-15
4627.0469,2.18204e-15
4629.2397,2.12145e-15
4631.4321,2.20028e-15
4633.625,2.25228e-15
4635.8179,2.17186e-15
4638.0112,2.01936e-15
4640.2041,2.01135e-15
4642.3975,2.01458e-15
4644.5908,2.04544e-15
4646.7842,2.05673e-15
4648.9775,2.18437e-15
4651.1709,2.37876e-15
4653.3647,2.32724e-15
4655.5581,2.15048e-15
4657.752,2.00607e-15
4659.9458,1.90093e-15
4662.1401,1.94307e-15
4664.334,2.03576e-15
4666.5283,2.22612e-15
4668.7222,2.2684e-15
4670.917,2.13936e-15
4673.1113,2.05671e-15
4675.3057,2.14298e-15
4677.5,2.299e-15
4679.6948,2.3144e-15
4681.8896,2.33628e-15
4684.0845,2.45168e-15
4686.2793,2.56698e-15
4688.4741,2.57738e-15
4690.6694,2.42485e-15
4692.8643,2.2622e-15
4695.0596,2.10086e-15
4697.2549,2.04223e-15
4699.4502,2.08702e-15
4701.6455,2.17497e-15
4703.8413,2.30496e-15
4706.0366,2.34075e-15
4708.2324,2.36126e-15
4710.4282,2.39294e-15
4712.624,2.44462e-15
4714.8198,2.53959e-15
4717.0156,2.52949e-15
4719.2119,2.42278e-15
4721.4077,2.3457e-15
4723.604,2.31973e-15
4725.8003,2.48018e-15
4727.9966,2.46164e-15
4730.1929,2.54416e-15
4732.3896,2.63258e-15
4734.5859,2.68468e-15
4736.7827,2.77922e-15
4738.9795,2.84796e-15
4741.1758,2.85745e-15
4743.3726,2.92516e-15
4745.5698,2.80835e-15
4747.7666,2.75566e-15
4749.9634,2.68259e-15
4752.1606,2.62985e-15
4754.3579,2.47718e-15
4756.5552,2.55651e-15
4758.7524,2.62364e-15
4760.9497,2.78854e-15
4763.147,2.88222e-15
4765.3447,2.89249e-15
4767.542,3.00497e-15
4769.7397,2.99144e-15
4771.9375,2.93969e-15
4774.1348,2.87948e-15
4776.3325,2.77659e-15
4778.5308,2.68188e-15
4780.7285,2.77073e-15
4782.9263,2.84865e-15
4785.1245,2.97137e-15
4787.3223,2.91392e-15
4789.5205,2.83402e-15
4791.7188,2.81852e-15
4793.917,2.88863e-15
4796.1152,2.83147e-15
4798.3135,2.86245e-15
4800.5122,2.85029e-15
4802.7104,2.85874e-15
4804.9092,2.92744e-15
4807.1079,3.03952e-15
4809.3062,2.993e-15
4811.5049,3.05047e-15
4813.7036,2.88307e-15
4815.9023,2.76199e-15
4818.1016,2.72034e-15
4820.3003,2.79998e-15
4822.499,2.88784e-15
4824.6982,2.89491e-15
4826.8975,2.95064e-15
4829.0962,2.90723e-15
4831.2954,2.93582e-15
4833.4946,2.9586e-15
4835.6938,2.99827e-15
4837.8931,2.93889e-15
4840.0928,2.83114e-15
4842.292,2.79865e-15
4844.4917,2.80442e-15
4846.6909,2.77042e-15
4848.8906,2.94372e-15
4851.0903,4.15647e-15
4853.2896,4.89577e-15
4855.4893,4.17262e-15
4857.689,3.28382e-15
4859.8887,2.86884e-15
4862.0889,2.73117e-15
4864.2886,2.71576e-15
4866.4883,2.7278e-15
4868.6885,2.88102e-15
4870.8882,2.90053e-15
4873.0884,2.83081e-15
4875.2886,2.67213e-15
4877.4888,2.62798e-15
4879.6885,2.66612e-15
4881.8887,2.87532e-15
4884.0889,3.17872e-15
4886.2896,3.45261e-15
4888.4897,3.49464e-15
4890.6899,3.23994e-15
4892.8906,3.05859e-15
4895.0908,3.05056e-15
4897.2915,3.25544e-15
4899.4917,3.17377e-15
4901.6924,3.00427e-15
4903.8931,2.94562e-15
4906.0933,2.94706e-15
4908.2944,2.81658e-15
4910.4951,2.61793e-15
4912.6958,2.53028e-15
4914.8965,2.70186e-15
4917.0972,3.11911e-15
4919.2979,3.29265e-15
4921.499,3.21704e-15
4923.6997,3.01646e-15
4925.9004,2.74014e-15
4928.1016,2.73924e-15
4930.3027,2.83162e-15
4932.5034,3.00551e-15
4934.7046,3.12168e-15
4936.9058,3.24776e-15
4939.1069,3.19848e-15
4941.3081,3.30348e-15
4943.5088,3.20151e-15
4945.71,3.18027e-15
4947.9116,2.9353e-15
4950.1128,3.01851e-15
4952.314,3.06703e-15
4954.5151,3.09215e-15
4956.7168,3.04443e-15
4958.918,3.00363e-15
4961.1191,3.03702e-15
4963.3208,3.21037e-15
4965.522,3.26162e-15
4967.7236,3.27964e-15
4969.9253,3.00058e-15
4972.1265,2.69802e-15
4974.3281,2.50141e-15
4976.5298,2.51049e-15
4978.7314,2.69925e-15
4980.9331,2.71527e-15
4983.1343,2.78998e-15
4985.3359,2.83826e-15
4987.5376,2.83219e-15
4989.7393,2.67967e-15
4991.9414,2.53869e-15
4994.1431,2.62376e-15
4996.3447,2.69411e-15
4998.5464,2.80607e-15
5000.748,2.75508e-15
5002.9502,2.57013e-15
5005.1519,2.51454e-15
5007.3535,2.56727e-15
5009.5557,2.6878e-15
5011.7573,2.76569e-15
5013.9595,2.89542e-15
5016.1611,3.04238e-15
5018.3633,3.15073e-15
5020.5654,3.16798e-15
5022.7671,3.11478e-15
5024.9692,2.9788e-15
5027.1709,2.74888e-15
5029.373,2.52771e-15
5031.5752,2.66564e-15
5033.7773,2.932e-15
5035.979,3.18273e-15
5038.1812,3.26313e-15
5040.3833,3.06865e-15
5042.5854,3.11717e-15
5044.7876,3.36826e-15
5046.9897,3.49842e-15
5049.1919,3.55987e-15
5051.394,3.43889e-15
5053.5962,3.23078e-15
5055.7983,3.09038e-15
5058.0005,3.0856e-15
5060.2026,3.19326e-15
5062.4048,3.16331e-15
5064.6069,3.09877e-15
5066.8091,2.93229e-15
5069.0117,2.71389e-15
5071.2139,2.65654e-15
5073.416,2.82435e-15
5075.6182,3.0608e-15
5077.8203,3.06553e-15
5080.0225,3.10951e-15
5082.2251,3.21509e-15
5084.4272,3.23386e-15
5086.6294,3.2542e-15
5088.832,3.07527e-15
5091.0342,2.99533e-15
5093.2363,3.03466e-15
5095.4385,2.84219e-15
5097.6411,2.67232e-15
5099.8433,2.69531e-15
5102.0454,2.86682e-15
5104.248,3.03646e-15
5106.4502,3.18238e-15
5108.6528,3.15139e-15
5110.855,3.0004e-15
5113.0571,2.76427e-15
5115.2598,2.53618e-15
5117.4619,2.64642e-15
5119.6641,2.66514e-15
5121.8667,2.76631e-15
5124.0688,2.87086e-15
5126.271,3.03737e-15
5128.4736,3.00284e-15
5130.6758,2.98195e-15
5132.8784,2.78373e-15
5135.0806,2.74728e-15
5137.2827,2.73616e-15
5139.4854,2.78129e-15
5141.6875,2.76322e-15
5143.8901,2.76602e-15
5146.0923,2.92515e-15
5148.2944,3.00989e-15
5150.4966,3.12156e-15
5152.6992,2.93357e-15
5154.9014,2.68691e-15
5157.104,2.46441e-15
5159.3062,2.36793e-15
5161.5083,2.55174e-15
5163.7109,2.9845e-15
5165.9131,3.33528e-15
5168.1152,3.54627e-15
5170.3174,3.44215e-15
5172.52,3.25199e-15
5174.7222,3.17761e-15
5176.9243,3.19005e-15
5179.1265,3.03876e-15
5181.3286,2.94625e-15
5183.5308,2.85013e-15
5185.7334,2.83767e-15
5187.9355,2.95715e-15
5190.1377,3.02983e-15
5192.3398,2.9261e-15
5194.542,2.86504e-15
5196.7441,2.76198e-15
5198.9463,2.91901e-15
5201.1484,3.06272e-15
5203.3506,3.21528e-15
5205.5527,3.20682e-15
5207.7549,3.24727e-15
5209.957,3.34152e-15
5212.1592,3.25646e-15
5214.3613,3.13813e-15
5216.5635,3.01039e-15
5218.7656,3.11117e-15
5220.9678,3.33365e-15
5223.1699,3.41799e-15
5225.3716,3.45303e-15
5227.5737,3.70014e-15
5229.7759,3.8338e-15
5231.978,3.86239e-15
5234.1797,3.66566e-15
5236.3818,3.37229e-15
5238.5835,3.03102e-15
5240.7856,2.76705e-15
5242.9878,2.98109e-15
5245.1895,3.2888e-15
5247.3916,3.45385e-15
5249.5933,3.42446e-15
5251.7954,3.13433e-15
5253.9971,2.88739e-15
5256.1987,2.80031e-15
5258.4009,2.80644e-15
5260.6025,2.85766e-15
5262.8042,2.96392e-15
5265.0059,3.22686e-15
5267.208,3.46941e-15
5269.4097,3.58132e-15
5271.6113,3.66939e-15
5273.813,3.69775e-15
5276.0146,3.80486e-15
5278.2163,3.88487e-15
5280.418,3.81343e-15
5282.6196,3.55976e-15
5284.8213,3.38548e-15
5287.0225,3.30581e-15
5289.2241,3.45655e-15
5291.4258,3.48645e-15
5293.6274,3.60512e-15
5295.8286,3.74875e-15
5298.0303,3.90433e-15
5300.2319,3.91479e-15
5302.4331,3.97716e-15
5304.6348,3.89524e-15
5306.8359,3.72642e-15
5309.0376,3.6175e-15
5311.2388,3.55847e-15
5313.4399,3.3683e-15
5315.6416,3.30033e-15
5317.8428,3.1971e-15
5320.0439,3.41761e-15
5322.2451,3.53782e-15
5324.4463,3.60235e-15
5326.6475,3.55442e-15
5328.8486,3.57845e-15
5331.0498,3.5114e-15
5333.251,3.61522e-15
5335.4521,3.76057e-15
5337.6533,3.74403e-15
5339.854,3.81319e-15
5342.0552,4.08671e-15
5344.2559,4.26395e-15
5346.457,4.45355e-15
5348.6582,4.37042e-15
5350.8589,4.24819e-15
5353.0596,3.95436e-15
5355.2607,3.68591e-15
5357.4614,3.72586e-15
5359.6621,3.6627e-15
5361.8633,3.77835e-15
5364.064,4.08868e-15
5366.2646,4.23678e-15
5368.4653,4.14076e-15
5370.666,3.93521e-15
5372.8667,3.8072e-15
5375.0669,3.83466e-15
5377.2676,3.99708e-15
5379.4683,3.8227e-15
5381.6689,3.53065e-15
5383.8691,3.42781e-15
5386.0698,3.37601e-15
5388.27,3.46747e-15
5390.4707,3.55767e-15
5392.6709,3.40927e-15
5394.8711,3.2439e-15
5397.0718,3.26135e-15
5399.272,3.47428e-15
5401.4722,3.7131e-15
5403.6724,3.8565e-15
5405.8726,3.92937e-15
5408.0728,3.85368e-15
5410.2729,3.84352e-15
5412.4727,3.80688e-15
5414.6729,3.71009e-15
5416.873,3.70565e-15
5419.0728,3.45632e-15
5421.2729,3.35865e-15
5423.4727,3.37382e-15
5425.6729,3.56586e-15
5427.8726,4.02486e-15
5430.0723,4.19355e-15
5432.272,4.07934e-15
5434.4722,3.94603e-15
5436.6719,3.79801e-15
5438.8716,3.90976e-15
5441.0713,3.92738e-15
5443.2705,3.96029e-15
5445.4702,3.81018e-15
5447.6699,3.86195e-15
5449.8696,4.01776e-15
5452.0688,4.0733e-15
5454.2681,4.06544e-15
5456.4678,4.12948e-15
5458.667,4.10098e-15
5460.8667,3.83181e-15
5463.0659,3.7126e-15
5465.2651,3.53192e-15
5467.4644,3.5751e-15
5469.6636,3.64424e-15
5471.8628,3.74523e-15
5474.062,3.85003e-15
5476.2607,3.85598e-15
5478.46,3.93481e-15
5480.6592,4.01994e-15
5482.8579,3.86131e-15
5485.0571,3.74979e-15
5487.2559,3.82424e-15
5489.4546,3.7867e-15
5491.6533,3.84727e-15
5493.8525,3.8043e-15
5496.0513,3.73468e-15
5498.25,3.70906e-15
5500.4487,3.57543e-15
5502.647,3.75312e-15
5504.8457,3.92458e-15
5507.0444,4.18933e-15
5509.2427,4.27114e-15
5511.4414,4.15582e-15
5513.6396,4.03783e-15
5515.8384,3.83606e-15
5518.0366,3.80565e-15
5520.2349,3.85861e-15
5522.4331,3.88652e-15
5524.6313,3.87583e-15
5526.8296,4.12202e-15
5529.0278,4.18185e-15
5531.2261,4.34717e-15
5533.4243,4.19673e-15
5535.6221,4.07227e-15
5537.8203,4.30418e-15
5540.0181,4.31535e-15
5542.2163,4.37926e-15
5544.4141,4.38606e-15
5546.6118,4.38336e-15
5548.8096,4.35763e-15
5551.0073,4.27748e-15
5553.2051,4.28078e-15
5555.4028,4.14796e-15
5557.6006,4.09482e-15
5559.7983,4.12549e-15
5561.9956,4.10055e-15
5564.1934,4.14652e-15
5566.3906,4.23667e-15
5568.5884,4.24713e-15
5570.7856,4.23712e-15
5572.9829,4.17151e-15
5575.1802,3.95714e-15
5577.3774,3.81984e-15
5579.5747,3.92507e-15
5581.772,4.01829e-15
5583.9692,4.18215e-15
5586.166,4.31072e-15
5588.3633,4.13956e-15
5590.5601,4.19864e-15
5592.7573,4.14317e-15
5594.9541,4.48171e-15
5597.1509,4.60759e-15
5599.3477,4.61757e-15
5601.5449,4.53222e-15
5603.7417,4.27744e-15
5605.938,4.26553e-15
5608.1348,4.23478e-15
5610.3315,4.1008e-15
5612.5283,4.18205e-15
5614.7246,4.11061e-15
5616.9214,4.27807e-15
5619.1177,4.51301e-15
5621.314,4.70872e-15
5623.5103,4.76155e-15
5625.7065,4.47163e-15
5627.9028,4.49534e-15
5630.0991,4.44498e-15
5632.2954,4.5199e-15
5634.4917,4.76646e-15
5636.6875,4.95016e-15
5638.8838,4.92812e-15
5641.0796,4.92696e-15
5643.2759,4.63064e-15
5645.4717,4.38418e-15
5647.6675,4.20828e-15
5649.8633,4.24279e-15
5652.0591,4.40495e-15
5654.2549,4.42104e-15
5656.4507,4.39772e-15
5658.6465,4.39645e-15
5660.8418,4.84842e-15
5663.0376,4.99904e-15
5665.2329,5.03928e-15
5665.9521,4.94672e-15
5667.0962,5.02463e-15
5668.2402,4.83481e-15
5669.3843,4.62653e-15
5670.5288,4.73106e-15
5671.6729,4.7062e-15
5672.8174,4.58995e-15
5673.9614,4.33181e-15
5675.106,4.32356e-15
5676.2505,4.49598e-15
5677.3945,4.4075e-15
5678.5391,4.59444e-15
5679.6836,4.89619e-15
5680.8281,4.85681e-15
5681.9727,4.77348e-15
5683.1177,4.98882e-15
5684.2622,4.90807e-15
5685.4067,4.68064e-15
5686.5518,4.81834e-15
5687.6963,4.69234e-15
5688.8413,4.3849e-15
5689.9863,4.51353e-15
5691.1309,4.41613e-15
5692.2759,4.38423e-15
5693.4209,4.47021e-15
5694.5659,4.28869e-15
5695.7109,4.20842e-15
5696.8564,4.1716e-15
5698.0015,4.12733e-15
5699.1465,4.11886e-15
5700.292,4.32474e-15
5701.437,4.29356e-15
5702.5825,4.64215e-15
5703.728,4.59148e-15
5704.8735,4.86506e-15
5706.0186,4.85892e-15
5707.1641,5.02384e-15
5708.3096,5.12327e-15
5709.4551,5.1567e-15
5710.6011,5.12829e-15
5711.7466,5.23333e-15
5712.8921,5.15828e-15
5714.0381,5.05299e-15
5715.1836,4.99961e-15
5716.3296,4.85508e-15
5717.4756,4.9107e-15
5718.6216,4.88367e-15
5719.7671,4.90834e-15
5720.9131,5.0095e-15
5722.0591,5.09214e-15
5723.2056,4.94524e-15
5724.3516,5.20659e-15
5725.4976,4.99366e-15
5726.644,5.00039e-15
5727.79,5.10089e-15
5728.9365,4.8857e-15
5730.0825,4.93244e-15
5731.229,4.7938e-15
5732.3755,4.74899e-15
5733.5215,4.77534e-15
5734.668,4.74911e-15
5735.8149,4.75764e-15
5736.9614,4.7548e-15
5738.1079,4.80641e-15
5739.2544,4.71292e-15
5740.4009,4.71185e-15
5741.5479,4.59568e-15
5742.6948,4.72343e-15
5743.8413,4.80252e-15
5744.9883,4.80659e-15
5746.1353,4.86942e-15
5747.2822,4.8403e-15
5748.4287,4.88229e-15
5749.5757,4.9822e-15
5750.7231,4.88127e-15
5751.8701,4.94804e-15
5753.0171,4.88004e-15
5754.1641,4.9581e-15
5755.3115,5.18148e-15
5756.4585,5.11142e-15
5757.606,5.11881e-15
5758.7534,5.04825e-15
5759.9009,5.19344e-15
5761.0483,4.94982e-15
5762.1953,5.15731e-15
5763.3428,5.05996e-15
5764.4907,5.10853e-15
5765.6382,5.02258e-15
5766.7856,5.01545e-15
5767.9331,5.03992e-15
5769.0811,4.82864e-15
5770.2285,4.83752e-15
5771.3765,4.78495e-15
5772.5244,4.74807e-15
5773.6719,4.81526e-15
5774.8198,4.75955e-15
5775.9678,4.82196e-15
5777.1157,4.83716e-15
5778.2637,4.9815e-15
5779.4121,4.88619e-15
5780.5601,4.97526e-15
5781.708,5.03424e-15
5782.8564,5.06573e-15
5784.0044,5.00214e-15
5785.1528,5.0102e-15
5786.3013,4.94221e-15
5787.4492,4.98776e-15
5788.5977,4.96191e-15
5789.7461,4.99623e-15
5790.8945,4.97049e-15
5792.043,4.90544e-15
5793.1914,4.92892e-15
5794.3403,4.78752e-15
5795.4888,4.77263e-15
5796.6377,4.82275e-15
5797.7861,4.95703e-15
5798.9351,4.89519e-15
5800.0835,4.94894e-15
5801.2324,4.9776e-15
5802.3813,5.08884e-15
5803.5303,5.05958e-15
5804.6792,5.15429e-15
5805.8281,5.11924e-15
5806.9771,5.17315e-15
5808.126,5.23123e-15
5809.2754,5.26303e-15
5810.4243,5.2027e-15
5811.5737,5.15156e-15
5812.7227,5.09569e-15
5813.8721,5.21482e-15
5815.0215,5.21708e-15
5816.1709,5.30518e-15
5817.3198,5.28255e-15
5818.4692,5.30251e-15
5819.6191,5.30058e-15
5820.7686,5.38506e-15
5821.918,5.31477e-15
5823.0674,5.42904e-15
5824.2173,5.24913e-15
5825.3667,5.49974e-15
5826.5166,5.23944e-15
5827.666,5.39037e-15
5828.8159,5.4737e-15
5829.9658,5.4296e-15
5831.1157,5.27717e-15
5832.2656,5.28507e-15
5833.4155,5.3492e-15
5834.5654,5.21339e-15
5835.7153,5.08341e-15
5836.8657,5.18954e-15
5838.0156,4.94867e-15
5839.1655,4.9285e-15
5840.3159,4.90919e-15
5841.4663,4.6907e-15
5842.6162,4.67791e-15
5843.7666,4.63688e-15
5844.917,4.57246e-15
5846.0674,4.60645e-15
5847.2178,4.69618e-15
5848.3682,4.73119e-15
5849.5186,4.76859e-15
5850.6694,4.80696e-15
5851.8198,4.81516e-15
5852.9702,4.9754e-15
5854.1211,4.91034e-15
5855.272,4.95896e-15
5856.4224,5.03911e-15
5857.5732,5.1046e-15
5858.7241,5.03378e-15
5859.875,5.26209e-15
5861.0259,5.2827e-15
5862.1768,5.35767e-15
5863.3276,5.50526e-15
5864.479,5.84247e-15
5865.6299,5.79408e-15
5866.7808,5.68339e-15
5867.9321,5.46135e-15
5869.083,5.30982e-15
5870.2344,5.22617e-15
5871.3857,4.93659e-15
5872.5371,4.86604e-15
5873.6885,4.64695e-15
5874.8398,4.57382e-15
5875.9912,4.3799e-15
5877.1426,4.20066e-15
5878.2939,4.05603e-15
5879.4453,3.87871e-15
5880.5972,3.78296e-15
5881.7485,3.88741e-15
5882.9004,3.9627e-15
5884.0522,3.99551e-15
5885.2036,4.07884e-15
5886.3555,4.15545e-15
5887.5073,4.18933e-15
5888.6592,4.34449e-15
5889.811,4.52673e-15
5890.9629,4.84164e-15
5892.1152,4.90215e-15
5893.2671,4.9171e-15
5894.4189,4.90228e-15
5895.5713,4.89573e-15
5896.7231,4.9825e-15
5897.8755,4.85728e-15
5899.0278,4.92752e-15
5900.1797,4.94844e-15
5901.332,5.0238e-15
5902.4844,4.95354e-15
5903.6367,4.94637e-15
5904.7891,4.99621e-15
5905.9419,4.8651e-15
5907.0942,4.86203e-15
5908.2466,5.07523e-15
5909.3994,5.10113e-15
5910.5518,5.05113e-15
5911.7046,5.19896e-15
5912.8569,5.14591e-15
5914.0098,5.19004e-15
5915.1626,5.23879e-15
5916.3154,5.23776e-15
5917.4683,5.04912e-15
5918.6211,4.9276e-15
5919.7739,4.9256e-15
5920.9268,4.8805e-15
5922.0801,4.89834e-15
5923.2329,4.90705e-15
5924.3862,4.88151e-15
5925.5391,4.96399e-15
5926.6924,4.94658e-15
5927.8457,5.06168e-15
5928.999,5.11125e-15
5930.1519,5.10293e-15
5931.3052,5.1716e-15
5932.4585,5.20719e-15
5933.6123,5.3224e-15
5934.7656,5.2211e-15
5935.9189,5.17921e-15
5937.0723,5.15163e-15
5938.2261,4.96151e-15
5939.3794,4.90337e-15
5940.5332,4.78454e-15
5941.687,4.75502e-15
5942.8408,4.85203e-15
5943.9941,4.77686e-15
5945.1479,4.83913e-15
5946.3018,4.90913e-15
5947.4556,5.02494e-15
5948.6099,5.11409e-15
5949.7637,5.21898e-15
5950.9175,5.27502e-15
5952.0718,5.43625e-15
5953.2256,5.36078e-15
5954.3799,5.39234e-15
5955.5337,5.49326e-15
5956.688,5.30542e-15
5957.8423,5.37713e-15
5958.9966,5.42826e-15
5960.1509,5.53587e-15
5961.3052,5.40893e-15
5962.4595,5.30844e-15
5963.6138,5.33261e-15
5964.7686,5.24591e-15
5965.9229,5.13122e-15
5967.0776,5.1723e-15
5968.2319,5.10271e-15
5969.3867,5.22209e-15
5970.541,5.22751e-15
5971.6958,5.06584e-15
5972.8506,5.09099e-15
5974.0054,5.05112e-15
5975.1602,5.10009e-15
5976.3149,5.15203e-15
5977.4697,5.07116e-15
5978.625,5.08815e-15
5979.7798,5.09115e-15
5980.9346,5.15508e-15
5982.0898,5.12458e-15
5983.2446,5.23515e-15
5984.3999,5.2911e-15
5985.5552,5.21736e-15
5986.7104,5.13395e-15
5987.8657,5.13024e-15
5989.0205,5.18478e-15
5990.1758,5.09731e-15
5991.3315,4.98562e-15
5992.4868,4.98351e-15
5993.6421,4.88501e-15
5994.7974,4.99074e-15
5995.9531,4.8551e-15
5997.1089,4.81324e-15
5998.2642,4.9031e-15
5999.4199,4.93656e-15
6000.5757,4.93908e-15
6001.731,4.965e-15
6002.8867,5.00766e-15
6004.0425,5.12304e-15
6005.1987,4.98968e-15
6006.3545,4.98552e-15
6007.5103,4.81935e-15
6008.666,4.86596e-15
6009.8223,4.84897e-15
6010.978,5.04647e-15
6012.1343,4.99836e-15
6013.2905,5.03888e-15
6014.4463,5.14651e-15
6015.6025,5.12269e-15
6016.7588,5.18066e-15
6017.915,5.22989e-15
6019.0713,5.34088e-15
6020.2275,5.35361e-15
6021.3838,5.21539e-15
6022.5405,5.37416e-15
6023.6968,5.3822e-15
6024.853,5.37711e-15
6026.0098,5.52719e-15
6027.166,5.32724e-15
6028.3228,5.45002e-15
6029.4795,5.43345e-15
6030.6362,5.42059e-15
6031.793,5.44576e-15
6032.9497,5.42982e-15
6034.1064,5.43141e-15
6035.2632,5.41449e-15
6036.4199,5.39339e-15
6037.5767,5.31891e-15
6038.7339,5.38314e-15
6039.8906,5.27459e-15
6041.0479,5.24365e-15
6042.2046,5.16251e-15
6043.3618,5.25791e-15
6044.519,5.29694e-15
6045.6763,5.30355e-15
6046.8335,5.41552e-15
6047.9907,5.337e-15
6049.1479,5.26156e-15
6050.3052,5.24822e-15
6051.4624,5.26255e-15
6052.6201,5.2077e-15
6053.7773,5.30079e-15
6054.9346,5.40033e-15
6056.0923,5.35742e-15
6057.25,5.54283e-15
6058.4072,5.61171e-15
6059.5649,5.7282e-15
6060.7227,5.59472e-15
6061.8804,5.63971e-15
6063.0381,5.52671e-15
6064.1958,5.54868e-15
6065.3535,5.43868e-15
6066.5117,5.3696e-15
6067.6694,5.20543e-15
6068.8276,5.19348e-15
6069.9854,5.14803e-15
6071.1431,5.06856e-15
6072.3013,5.02447e-15
6073.4595,5.09843e-15
6074.6177,5.11581e-15
6075.7759,5.13978e-15
6076.9341,5.21341e-15
6078.0923,5.30636e-15
6079.2505,5.24532e-15
6080.4087,5.294e-15
6081.5669,5.43032e-15
6082.7256,5.3956e-15
6083.8838,5.48598e-15
6085.0425,5.45671e-15
6086.2007,5.34687e-15
6087.3594,5.14065e-15
6088.5181,5.16846e-15
6089.6763,5.08315e-15
6090.835,5.07304e-15
6091.9941,5.06855e-15
6093.1528,5.00969e-15
6094.3115,5.03962e-15
6095.4702,5.15426e-15
6096.6289,5.36951e-15
6097.7881,5.27488e-15
6098.9468,5.36521e-15
6100.1055,5.34241e-15
6101.2646,5.19615e-15
6102.4238,5.13538e-15
6103.583,5.16952e-15
6104.7417,5.10365e-15
6105.9009,5.18814e-15
6107.0601,5.11981e-15
6108.2197,5.10726e-15
6109.3789,5.09391e-15
6110.5381,5.13284e-15
6111.6973,5.00444e-15
6112.8569,5.05221e-15
6114.0161,5.21967e-15
6115.1753,5.2128e-15
6116.335,5.19112e-15
6117.4946,5.25267e-15
6118.6543,5.21784e-15
6119.8135,5.10991e-15
6120.9731,4.99612e-15
6122.1328,4.9616e-15
6123.2925,4.7842e-15
6124.4526,4.57038e-15
6125.6123,4.61417e-15
6126.772,4.53113e-15
6127.9321,4.6436e-15
6129.0918,4.73846e-15
6130.2515,4.88785e-15
6131.4116,5.01414e-15
6132.5718,5.05009e-15
6133.7319,5.16071e-15
6134.8916,5.15148e-15
6136.0518,5.13887e-15
6137.2119,5.13188e-15
6138.3721,5.13589e-15
6139.5327,5.24168e-15
6140.6929,5.27381e-15
6141.853,5.2798e-15
6143.0137,5.08613e-15
6144.1738,5.18466e-15
6145.3345,5.05866e-15
6146.4946,4.93326e-15
6147.6553,4.71738e-15
6148.8159,4.70349e-15
6149.9761,4.67128e-15
6151.1372,4.65085e-15
6152.2974,4.65952e-15
6153.4585,4.62412e-15
6154.6191,4.68513e-15
6155.7798,4.85229e-15
6156.9404,4.83913e-15
6158.1016,4.76845e-15
6159.2622,4.90215e-15
6160.4233,4.79149e-15
6161.584,5.00396e-15
6162.7451,5.01332e-15
6163.9062,5.06743e-15
6165.0674,5.13616e-15
6166.2285,5.10135e-15
6167.3892,5.16537e-15
6168.5508,5.29473e-15
6169.7119,5.26025e-15
6170.873,5.34041e-15
6172.0342,5.1723e-15
6173.1958,5.3096e-15
6174.3569,5.12824e-15
6175.5181,5.1529e-15
6176.6797,5.0829e-15
6177.8413,4.97501e-15
6179.0029,5.03727e-15
6180.1641,5.04658e-15
6181.3257,5.09489e-15
6182.4873,5.31458e-15
6183.6489,5.2079e-15
6184.811,5.14805e-15
6185.9727,5.19647e-15
6187.1343,5.19334e-15
6188.2959,5.22263e-15
6189.458,5.25266e-15
6190.6196,5.21522e-15
6191.7817,5.24537e-15
6192.9434,5.32436e-15
6194.1055,5.28082e-15
6195.2676,5.38161e-15
6196.4297,5.20795e-15
6197.5918,5.18331e-15
6198.7539,5.13885e-15
6199.916,5.02762e-15
6201.0781,4.83216e-15
6202.2407,4.76572e-15
6203.4028,4.69695e-15
6204.5649,4.65103e-15
6205.7275,4.74874e-15
6206.8901,4.63641e-15
6208.0522,4.72765e-15
6209.2148,4.80139e-15
6210.3774,4.79657e-15
6211.54,4.90639e-15
6212.7026,4.87267e-15
6213.8652,4.84146e-15
6215.0278,4.74287e-15
6216.1904,4.77522e-15
6217.353,4.84904e-15
6218.5156,4.72372e-15
6219.6787,4.75989e-15
6220.8413,4.8631e-15
6222.0044,4.96092e-15
6223.167,4.94619e-15
6224.3301,4.95333e-15
6225.4932,4.9107e-15
6226.6562,4.80842e-15
6227.8193,4.67222e-15
6228.9824,4.60567e-15
6230.1455,4.65485e-15
6231.3086,4.62737e-15
6232.4717,4.50532e-15
6233.6348,4.50796e-15
6234.7983,4.4691e-15
6235.9614,4.56219e-15
6237.125,4.44328e-15
6238.2881,4.45102e-15
6239.4517,4.41381e-15
6240.6152,4.37529e-15
6241.7788,4.30324e-15
6242.9419,4.2651e-15
6244.1055,4.22257e-15
6245.2695,4.2814e-15
6246.4331,4.47187e-15
6247.5967,4.36428e-15
6248.7603,4.63238e-15
6249.9238,4.75869e-15
6251.0879,4.82161e-15
6252.2515,4.92715e-15
6253.4155,4.96289e-15
6254.5796,4.94067e-15
6255.7432,5.07248e-15
6256.9072,5.17777e-15
6258.0713,5.14197e-15
6259.2354,5.20337e-15
6260.3994,5.31297e-15
6261.5635,5.34851e-15
6262.7275,5.32758e-15
6263.8916,5.12008e-15
6265.0562,5.20226e-15
6266.2202,5.05714e-15
6267.3843,4.95177e-15
6268.5488,4.90981e-15
6269.7134,4.9314e-15
6270.8774,5.01768e-15
6272.042,5.28446e-15
6273.2065,5.33394e-15
6274.3711,5.4146e-15
6275.5356,5.37987e-15
6276.7002,5.40183e-15
6277.8647,5.283e-15
6279.0293,5.14553e-15
6280.1943,5.14251e-15
6281.3589,4.93399e-15
6282.5234,4.92166e-15
6283.6885,4.72979e-15
6284.853,4.75241e-15
6286.0181,4.65683e-15
6287.1831,4.64779e-15
6288.3477,4.57301e-15
6289.5127,4.63761e-15
6290.6777,4.83656e-15
6291.8428,4.9974e-15
6293.0078,5.1323e-15
6294.1733,5.24387e-15
6295.3384,5.27618e-15
6296.5034,5.23744e-15
6297.6685,5.23802e-15
6298.834,5.20499e-15
6299.999,5.05347e-15
6301.1646,4.91529e-15
6302.3301,4.95816e-15
6303.4951,4.76344e-15
6304.6606,4.76365e-15
6305.8262,4.69791e-15
6306.9917,4.74675e-15
6308.1572,4.85842e-15
6309.3228,4.83218e-15
6310.4883,4.95044e-15
6311.6543,5.15031e-15
6312.8198,5.29738e-15
6313.9854,5.35718e-15
6315.1514,5.33677e-15
6316.3169,5.35338e-15
6317.4829,5.25691e-15
6318.6489,5.20959e-15
6319.8145,5.21146e-15
6320.9805,5.22947e-15
6322.1465,5.12961e-15
6323.3125,5.11977e-15
6324.4785,4.98894e-15
6325.6445,5.04539e-15
6326.811,5.04897e-15
6327.9771,5.24061e-15
6329.1431,5.1789e-15
6330.3091,5.22656e-15
6331.4756,5.12407e-15
6332.6421,5.13847e-15
6333.8081,5.20999e-15
6334.9746,5.3455e-15
6336.1411,5.39716e-15
6337.3076,5.33249e-15
6338.4736,5.36982e-15
6339.6401,5.31311e-15
6340.8071,5.23043e-15
6341.9736,5.04544e-15
6343.1401,5.03216e-15
6344.3066,4.8376e-15
6345.4736,4.94114e-15
6346.6401,4.82224e-15
6347.8066,4.88018e-15
6348.9736,4.88468e-15
6350.1406,4.94902e-15
6351.3071,4.98507e-15
6352.4741,5.0353e-15
6353.6411,5.13074e-15
6354.8081,5.19514e-15
6355.9751,5.27684e-15
6357.1421,5.44499e-15
6358.3091,5.37076e-15
6359.4761,5.38612e-15
6360.6436,5.53261e-15
6361.8105,5.5804e-15
6362.978,5.53147e-15
6364.145,5.49941e-15
6365.3125,5.45094e-15
6366.4795,5.43127e-15
6367.647,5.48376e-15
6368.8145,5.39179e-15
6369.9819,5.35253e-15
6371.1494,5.3573e-15
6372.3169,5.4128e-15
6373.4844,5.41981e-15
6374.6519,5.29106e-15
6375.8193,5.32271e-15
6376.9868,5.25643e-15
6378.1548,5.18747e-15
6379.3223,5.10963e-15
6380.4902,5.05796e-15
6381.6577,5.06494e-15
6382.8257,5.03358e-15
6383.9937,5.13525e-15
6385.1611,5.24792e-15
6386.3291,5.13468e-15
6387.4971,5.23371e-15
6388.665,5.26643e-15
6389.833,5.33781e-15
6391.001,5.44528e-15
6392.1694,5.44437e-15
6393.3374,5.4561e-15
6394.5054,5.43324e-15
6395.6738,5.39898e-15
6396.8418,5.38538e-15
6398.0103,5.32461e-15
6399.1787,5.37958e-15
6400.3467,5.42957e-15
6401.5151,5.3575e-15
6402.6836,5.30218e-15
6403.8521,5.28796e-15
6405.0205,5.15303e-15
6406.189,5.19325e-15
6407.3574,5.22317e-15
6408.5259,5.16805e-15
6409.6948,5.2301e-15
6410.8633,5.36671e-15
6412.0317,5.42344e-15
6413.2007,5.49527e-15
6414.3691,5.19547e-15
6415.5381,5.1714e-15
6416.707,5.11255e-15
6417.8755,5.11004e-15
6419.0444,5.08668e-15
6420.2134,5.11226e-15
6421.3823,5.13333e-15
6422.5513,5.26071e-15
6423.7202,5.22486e-15
6424.8896,5.26651e-15
6426.0586,5.43143e-15
6427.2275,5.44391e-15
6428.397,5.5508e-15
6429.5659,5.65313e-15
6430.7354,5.83886e-15
6431.9043,5.71781e-15
6433.0737,5.75055e-15
6434.2432,5.57328e-15
6435.4126,5.57759e-15
6436.582,5.60556e-15
6437.751,5.55633e-15
6438.9209,5.5091e-15
6440.0903,5.52508e-15
6441.2598,5.52724e-15
6442.4292,5.53661e-15
6443.5986,5.53955e-15
6444.7686,5.50014e-15
6445.938,5.43641e-15
6447.1079,5.37817e-15
6448.2773,5.32e-15
6449.4473,5.40348e-15
6450.6172,5.35265e-15
6451.7871,5.36872e-15
6452.957,5.40004e-15
6454.1265,5.4452e-15
6455.2964,5.51729e-15
6456.4668,5.55589e-15
6457.6367,5.61107e-15
6458.8066,5.53608e-15
6459.9766,5.38303e-15
6461.147,5.43745e-15
6462.3169,5.50072e-15
6463.4873,5.42656e-15
6464.6572,5.28315e-15
6465.8276,5.32887e-15
6466.9976,5.33864e-15
6468.168,5.36552e-15
6469.3384,5.42185e-15
6470.5088,5.33056e-15
6471.6792,5.46419e-15
6472.8496,5.41672e-15
6474.02,5.43959e-15
6475.1904,5.29377e-15
6476.3613,5.21028e-15
6477.5317,5.07416e-15
6478.7021,4.68948e-15
6479.873,4.44932e-15
6481.0435,4.21894e-15
6482.2144,4.14484e-15
6483.3853,4.06154e-15
6484.5557,4.08659e-15
6485.7266,4.21841e-15
6486.8975,4.47632e-15
6488.0684,4.6977e-15
6489.2393,4.87649e-15
6490.4102,5.0499e-15
6491.5811,5.2892e-15
6492.7524,5.28671e-15
6493.9233,5.38293e-15
6495.0942,5.5939e-15
6496.2656,5.59016e-15
6497.4365,5.60994e-15
6498.6079,5.58358e-15
6499.7788,5.49341e-15
6500.9502,5.43157e-15
6502.1216,5.3005e-15
6503.293,5.30507e-15
6504.4639,5.35192e-15
6505.6357,5.32687e-15
6506.8071,5.37271e-15
6507.9785,5.45632e-15
6509.1499,5.49516e-15
6510.3213,5.49953e-15
6511.4927,5.54694e-15
6512.6646,5.55285e-15
6513.8359,5.37944e-15
6515.0078,5.4052e-15
6516.1792,5.4215e-15
6517.3511,5.52837e-15
6518.5229,5.5996e-15
6519.6948,5.59967e-15
6520.8662,5.62318e-15
6522.0381,5.66868e-15
6523.21,5.72436e-15
6524.3818,5.75525e-15
6525.5542,5.75816e-15
6526.7261,5.59913e-15
6527.8979,5.51419e-15
6529.0698,5.40643e-15
6530.2422,5.48478e-15
6531.4141,5.35529e-15
6532.5864,5.38853e-15
6533.7583,5.31185e-15
6534.9307,5.2946e-15
6536.103,5.33419e-15
6537.2749,5.24299e-15
6538.4473,5.21662e-15
6539.6196,5.28294e-15
6540.792,5.22018e-15
6541.9644,5.21704e-15
6543.1372,4.96602e-15
6544.3096,4.96205e-15
6545.4819,5.00303e-15
6546.6543,5.2818e-15
6547.8271,5.86329e-15
6548.9995,6.48821e-15
6550.1724,6.92166e-15
6551.3447,7.15945e-15
6552.5176,7.07496e-15
6553.6904,6.78115e-15
6554.8633,6.5411e-15
6556.0361,6.41437e-15
6557.2085,5.99891e-15
6558.3818,5.80157e-15
6559.5547,5.5255e-15
6560.7275,5.37353e-15
6561.9004,5.30437e-15
6563.0732,5.34864e-15
6564.2461,5.30488e-15
6565.4194,5.37188e-15
6566.5923,5.45754e-15
6567.7656,5.47504e-15
6568.9385,5.45941e-15
6570.1118,5.48901e-15
6571.2852,5.58586e-15
6572.4585,5.4971e-15
6573.6318,5.4603e-15
6574.8052,5.37819e-15
6575.9785,5.256e-15
6577.1519,5.28168e-15
6578.3252,5.18232e-15
6579.4985,5.10298e-15
6580.6719,5.08857e-15
6581.8457,5.17353e-15
6583.019,5.34396e-15
6584.1924,5.35748e-15
6585.3662,5.51547e-15
6586.54,5.54064e-15
6587.7134,5.59195e-15
6588.8872,5.58993e-15
6590.061,5.47558e-15
6591.2349,5.28476e-15
6592.4087,5.18696e-15
6593.5825,5.2126e-15
6594.7563,5.231e-15
6595.9302,5.1556e-15
6597.104,5.28201e-15
6598.2778,5.37195e-15
6599.4521,5.50376e-15
6600.626,5.55528e-15
6601.7998,5.6887e-15
6602.9741,5.66163e-15
6604.1484,5.81745e-15
6605.3223,5.86547e-15
6606.4966,5.75896e-15
6607.6709,5.81703e-15
6608.8452,5.75186e-15
6610.0195,5.74169e-15
6611.1934,5.72958e-15
6612.3677,5.61118e-15
6613.5425,5.69073e-15
6614.7168,5.59459e-15
6615.8911,5.56823e-15
6617.0654,5.6103e-15
6618.2402,5.75987e-15
6619.4146,5.52553e-15
6620.5894,5.57776e-15
6621.7637,5.56712e-15
6622.9385,5.61987e-15
6624.1133,5.55204e-15
6625.2876,5.58746e-15
6626.4624,5.52247e-15
6627.6372,5.45641e-15
6628.812,5.47405e-15
6629.9868,5.4351e-15
6631.1616,5.25712e-15
6632.3364,5.33397e-15
6633.5117,5.32408e-15
6634.6865,5.43779e-15
6635.8613,5.4607e-15
6637.0366,5.53383e-15
6638.2114,5.60975e-15
6639.3867,5.65305e-15
6640.5615,5.67954e-15
6641.7368,5.66576e-15
6642.9121,5.56639e-15
6644.0869,5.68888e-15
6645.2622,5.70804e-15
6646.4375,5.51889e-15
6647.6128,5.51571e-15
6648.7881,5.44549e-15
6649.9634,5.4114e-15
6651.1387,5.44748e-15
6652.3145,5.52325e-15
6653.4897,5.50911e-15
6654.665,5.57345e-15
6655.8408,5.58907e-15
6657.0161,5.53093e-15
6658.1919,5.58074e-15
6659.3672,5.62364e-15
6660.543,5.47255e-15
6661.7188,5.51964e-15
6662.8945,5.43894e-15
6664.0703,5.53715e-15
6665.2461,5.63428e-15
6666.4219,5.65775e-15
6667.5977,5.79902e-15
6668.7734,5.86249e-15
6669.9492,5.86532e-15
6671.125,5.96987e-15
6672.3013,5.95873e-15
6673.4771,6.05277e-15
6674.6533,6.14524e-15
6675.8291,6.07794e-15
6677.0054,6.11833e-15
6678.1812,6.03901e-15
6679.3574,5.90187e-15
6680.5337,5.92978e-15
6681.71,6.03061e-15
6682.8862,5.77608e-15
6684.062,5.82003e-15
6685.2383,5.77582e-15
6686.415,5.7372e-15
6687.5913,5.87291e-15
6688.7676,5.73747e-15
6689.9438,5.84693e-15
6691.1206,5.76347e-15
6692.2969,5.80304e-15
6693.4736,5.65011e-15
6694.6499,5.72311e-15
6695.8262,5.7411e-15
6697.0029,5.64956e-15
6698.1797,5.8118e-15
6699.3564,5.77772e-15
6700.5332,5.77699e-15
6701.7095,5.75157e-15
6702.8867,5.76475e-15
6704.063,5.79975e-15
6705.2402,5.67739e-15
6706.417,5.75573e-15
6707.5938,5.85316e-15
6708.7705,5.87095e-15
6709.9478,5.90999e-15
6711.1245,5.84304e-15
6712.3013,5.90137e-15
6713.4785,5.94258e-15
6714.6558,5.93374e-15
6715.8325,5.99692e-15
6717.0098,5.92771e-15
6718.187,6.03123e-15
6719.3643,5.95173e-15
6720.5415,5.82458e-15
6721.7183,5.73009e-15
6722.896,5.64895e-15
6724.0732,5.55604e-15
6725.2505,5.41451e-15
6726.4277,5.62931e-15
6727.605,5.46506e-15
6728.7827,5.59601e-15
6729.96,5.70612e-15
6731.1377,5.62658e-15
6732.3149,5.71571e-15
6733.4927,5.76981e-15
6734.6699,5.7278e-15
6735.8477,5.70621e-15
6737.0254,5.68681e-15
6738.2031,5.76529e-15
6739.3804,5.80916e-15
6740.5581,5.94985e-15
6741.7363,6.00156e-15
6742.9136,5.93987e-15
6744.0918,6.11219e-15
6745.2695,6.07681e-15
6746.4473,6.12042e-15
6747.625,6.18614e-15
6748.8032,6.0281e-15
6749.981,5.97196e-15
6751.1592,5.9689e-15
6752.3369,5.84432e-15
6753.5151,5.74581e-15
6754.6934,5.68295e-15
6755.8716,5.67072e-15
6757.0493,5.67002e-15
6758.2275,5.78829e-15
6759.4058,5.90446e-15
6760.584,5.92228e-15
6761.7622,5.90757e-15
6762.9404,5.95702e-15
6764.1191,6.03904e-15
6765.2974,6.05697e-15
6766.4756,6.0406e-15
6767.6538,6.09187e-15
6768.8325,6.06623e-15
6770.0107,6.0151e-15
6771.1895,6.07413e-15
6772.3677,5.94933e-15
6773.5464,5.93283e-15
6774.7251,5.84294e-15
6775.9038,5.75319e-15
6777.0825,5.78202e-15
6778.2612,5.88369e-15
6779.4399,5.80556e-15
6780.6182,5.87764e-15
6781.7974,5.79068e-15
6782.9761,5.92493e-15
6784.1548,5.94611e-15
6785.3335,6.04161e-15
6786.5127,6.02434e-15
6787.6914,6.10291e-15
6788.8701,6.12358e-15
6790.0493,6.02769e-15
6791.2285,5.98874e-15
6792.4072,5.88131e-15
6793.5864,5.83822e-15
6794.7656,5.81143e-15
6795.9443,5.87009e-15
6797.1235,5.81189e-15
6798.3027,5.83057e-15
6799.4819,5.97522e-15
6800.6611,5.98319e-15
6801.8403,5.99399e-15
6803.02,6.07831e-15
6804.1992,6.05722e-15
6805.3784,6.18824e-15
6806.5576,6.14582e-15
6807.7373,6.09503e-15
6808.9165,6.08454e-15
6810.0962,6.12548e-15
6811.2754,6.02229e-15
6812.4551,6.08839e-15
6813.6348,5.97435e-15
6814.8145,5.96533e-15
6815.9941,5.88325e-15
6817.1733,5.95838e-15
6818.353,5.97309e-15
6819.5327,5.98404e-15
6820.7124,5.93002e-15
6821.8921,5.81303e-15
6823.0723,5.79985e-15
6824.252,5.87044e-15
6825.4316,5.78359e-15
6826.6118,5.83972e-15
6827.7915,5.69843e-15
6828.9712,5.70331e-15
6830.1514,5.7079e-15
6831.3315,5.73049e-15
6832.5112,5.87666e-15
6833.6914,5.97417e-15
6834.8716,5.86492e-15
6836.0518,6.00525e-15
6837.2319,5.89613e-15
6838.4121,5.87021e-15
6839.5918,5.75246e-15
6840.772,5.91344e-15
6841.9526,5.76223e-15
6843.1328,5.73957e-15
6844.313,5.76689e-15
6845.4932,5.7452e-15
6846.6738,5.90275e-15
6847.854,5.90326e-15
6849.0347,5.94609e-15
6850.2148,6.03659e-15
6851.3955,6.07383e-15
6852.5757,6.23874e-15
6853.7563,6.22869e-15
6854.937,6.2584e-15
6856.1177,6.27775e-15
6857.2983,6.15496e-15
6858.479,6.17013e-15
6859.6597,6.12702e-15
6860.8403,6.0534e-15
6862.021,6.16559e-15
6863.2017,6.18656e-15
6864.3823,6.15055e-15
6865.563,5.96772e-15
6866.7441,6.0796e-15
6867.9248,6.15548e-15
6869.106,6.20958e-15
6870.2866,6.20274e-15
6871.4678,6.34464e-15
6872.6489,6.33863e-15
6873.8296,6.38455e-15
6875.0107,6.30272e-15
6876.1919,6.42752e-15
6877.373,6.45189e-15
6878.5542,6.43308e-15
6879.7349,6.43285e-15
6880.9165,6.35972e-15
6882.0977,6.17506e-15
6883.2788,6.10015e-15
6884.46,6.12731e-15
6885.6411,6.13457e-15
6886.8228,6.14275e-15
6888.0039,6.13121e-15
6889.1851,6.1714e-15
6890.3667,6.17113e-15
6891.5483,6.26056e-15
6892.7295,6.14458e-15
6893.9111,6.21459e-15
6895.0923,6.07996e-15
6896.2739,5.99949e-15
6897.4556,5.93802e-15
6898.6372,5.94258e-15
6899.8188,6.04629e-15
6901.0005,5.98378e-15
6902.1821,5.98653e-15
6903.3638,6.05089e-15
6904.5454,6.12246e-15
6905.7275,6.07775e-15
6906.9092,6.0415e-15
6908.0908,6.01563e-15
6909.2729,6.00145e-15
6910.4546,5.87895e-15
6911.6367,5.83548e-15
6912.8184,5.7485e-15
6914.0005,5.7985e-15
6915.1826,5.70626e-15
6916.3643,5.72701e-15
6917.5464,5.72161e-15
6918.7285,5.70604e-15
6919.9106,5.83684e-15
6921.0928,5.8331e-15
6922.2749,5.76422e-15
6923.457,5.6878e-15
6924.6392,5.62475e-15
6925.8213,5.50392e-15
6927.0039,5.50087e-15
6928.186,5.35585e-15
6929.3682,5.30013e-15
6930.5508,5.27934e-15
6931.7329,5.31472e-15
6932.9155,5.3152e-15
6934.0977,5.28863e-15
6935.2803,5.21148e-15
6936.4629,5.27096e-15
6937.645,5.17209e-15
6938.8276,5.18902e-15
6940.0103,5.23223e-15
6941.1929,5.24879e-15
6942.3755,5.2948e-15
6943.5581,5.28869e-15
6944.7407,5.37182e-15
6945.9233,5.37242e-15
6947.106,5.40707e-15
6948.2891,5.57137e-15
6949.4717,5.66018e-15
6950.6543,5.6139e-15
6951.8374,5.7908e-15
6953.02,5.71124e-15
6954.2031,5.66257e-15
6955.3857,5.70492e-15
6956.5688,5.70611e-15
6957.752,5.59156e-15
6958.9346,5.54176e-15
6960.1177,5.5538e-15
6961.3008,5.42478e-15
6962.4839,5.37756e-15
6963.667,5.26926e-15
6964.8501,5.42017e-15
6966.0332,5.37712e-15
6967.2163,5.38689e-15
6968.3994,5.46609e-15
6969.583,5.65246e-15
6970.7661,5.6823e-15
6971.9492,5.68411e-15
6973.1328,5.84355e-15
6974.3159,5.7364e-15
6975.4995,5.77825e-15
6976.6826,5.73621e-15
6977.8662,5.81315e-15
6979.0498,5.8266e-15
6980.2329,5.92086e-15
6981.4165,5.77102e-15
6982.6001,5.69751e-15
6983.7837,5.60347e-15
6984.9673,5.54264e-15
6986.1509,5.57256e-15
6987.3345,5.43058e-15
6988.5181,5.44582e-15
6989.7017,5.5017e-15
6990.8853,5.48211e-15
6992.0693,5.51472e-15
6993.2529,5.47185e-15
6994.4365,5.54079e-15
6995.6206,5.43123e-15
6996.8042,5.55632e-15
6997.9883,5.51347e-15
6999.1719,5.42168e-15
7000.356,5.40384e-15
7001.54,5.37309e-15
7002.7241,5.3001e-15
7003.9077,5.32634e-15
7005.0918,5.30794e-15
7006.2759,5.32594e-15
7007.46,5.25304e-15
7008.644,5.4294e-15
7009.8281,5.45112e-15
7011.0122,5.54203e-15
7012.1968,5.62433e-15
7013.3809,5.59521e-15
7014.5649,5.61736e-15
7015.749,5.69791e-15
7016.9336,5.70846e-15
7018.1177,5.76641e-15
7019.3022,5.64875e-15
7020.4863,5.68024e-15
7021.6709,5.67407e-15
7022.8555,5.74543e-15
7024.0396,5.69364e-15
7025.2241,5.65109e-15
7026.4087,5.71657e-15
7027.5933,5.71633e-15
7028.7778,5.84676e-15
7029.9624,5.95427e-15
7031.147,6.05036e-15
7032.3315,6.08701e-15
7033.5161,6.0051e-15
7034.7007,5.99086e-15
7035.8857,5.87825e-15
7037.0703,5.89648e-15
7038.2549,5.91269e-15
7039.4399,5.98287e-15
7040.6245,5.87161e-15
7041.8091,5.93228e-15
7042.9941,5.8098e-15
7044.1792,5.83897e-15
7045.3638,5.82917e-15
7046.5488,5.85711e-15
7047.7339,5.86485e-15
7048.9189,5.63575e-15
7050.104,5.60323e-15
7051.2886,5.53412e-15
7052.4736,5.62853e-15
7053.6587,5.68588e-15
7054.8442,5.56602e-15
7056.0293,5.51663e-15
7057.2144,5.6123e-15
7058.3994,5.66433e-15
7059.5845,5.75496e-15
7060.77,5.85942e-15
7061.9551,5.84797e-15
7063.1406,5.69545e-15
7064.3257,5.79153e-15
7065.5112,5.62989e-15
7066.6963,5.6664e-15
7067.8818,5.52204e-15
7069.0674,5.48808e-15
7070.2524,5.43234e-15
7071.438,5.35685e-15
7072.6235,5.20805e-15
7073.8091,5.21296e-15
7074.9946,5.3299e-15
7076.1802,5.2768e-15
7077.3657,5.26788e-15
7078.5513,5.40013e-15
7079.7368,5.44219e-15
7080.9224,5.38559e-15
7082.1084,5.4345e-15
7083.2939,5.44219e-15
7084.4795,5.54178e-15
7085.6655,5.57782e-15
7086.8511,5.45206e-15
7088.0371,5.39761e-15
7089.2227,5.36777e-15
7090.4087,5.28947e-15
7091.5947,5.32057e-15
7092.7803,5.31344e-15
7093.9663,5.15026e-15
7095.1523,5.31385e-15
7096.3384,5.31432e-15
7097.5244,5.2044e-15
7098.7104,5.155e-15
7099.8965,5.08639e-15
7101.0825,5.12943e-15
7102.2686,5.13662e-15
7103.4546,5.08458e-15
7104.6406,5.13967e-15
7105.8271,5.11066e-15
7107.0132,4.98867e-15
7108.1992,4.99107e-15
7109.3857,5.03756e-15
7110.5718,5.02783e-15
7111.7583,5.04638e-15
7112.9443,5.07495e-15
7114.1309,5.01633e-15
7115.3174,5.03577e-15
7116.5039,5.10379e-15
7117.6899,5.20424e-15
7118.8765,5.20657e-15
7120.063,5.29739e-15
7121.2495,5.34672e-15
7122.436,5.48575e-15
7123.6226,5.44983e-15
7124.8091,5.43243e-15
7125.9956,5.44452e-15
7127.1821,5.43333e-15
7128.3691,5.29609e-15
7129.5557,5.25383e-15
7130.7422,5.18402e-15
7131.9292,5.13476e-15
7133.1157,5.16067e-15
7134.3027,5.16634e-15
7135.4893,5.21082e-15
7136.6763,5.22411e-15
7137.8628,5.34463e-15
7139.0498,5.37928e-15
7140.2368,5.41569e-15
7141.4233,5.38148e-15
7142.6104,5.48299e-15
7143.7974,5.48021e-15
7144.9844,5.45498e-15
7146.1714,5.48358e-15
7147.3584,5.40315e-15
7148.5454,5.41449e-15
7149.7324,5.38208e-15
7150.9194,5.30182e-15
7152.1069,5.41265e-15
7153.2939,5.50211e-15
7154.481,5.50729e-15
7155.668,5.55454e-15
7156.8555,5.52561e-15
7158.0425,5.52303e-15
7159.23,5.51634e-15
7160.417,5.59338e-15
7161.6045,5.56365e-15
7162.792,5.43077e-15
7163.979,5.52036e-15
7165.1665,5.54705e-15
7166.354,5.40511e-15
7167.5415,5.40189e-15
7168.729,5.41885e-15
7169.9165,5.36684e-15
7171.104,5.231e-15
7172.2915,5.37574e-15
7173.479,5.31199e-15
7174.6665,5.28e-15
7175.854,5.28385e-15
7177.0415,5.22866e-15
7178.2295,5.25256e-15
7179.417,5.17736e-15
7180.6045,5.18941e-15
7181.7925,5.17732e-15
7182.98,5.14451e-15
7184.168,5.27924e-15
7185.3555,5.28819e-15
7186.5435,5.35722e-15
7187.731,5.34369e-15
7188.9189,5.26078e-15
7190.1069,5.29011e-15
7191.2949,5.37302e-15
7192.4829,5.46153e-15
7193.6709,5.42079e-15
7194.8584,5.4116e-15
7196.0464,5.505e-15
7197.2344,5.57828e-15
7198.4229,5.63851e-15
7199.6108,5.67003e-15
7200.7988,5.60417e-15
7201.9868,5.52448e-15
7203.1748,5.54367e-15
7204.3633,5.52626e-15
7205.5513,5.57099e-15
7206.7393,5.54498e-15
7207.9277,5.5414e-15
7209.1162,5.56779e-15
7210.3042,5.59552e-15
7211.4927,5.57108e-15
7212.6807,5.70586e-15
7213.8691,5.78473e-15
7215.0576,5.81494e-15
7216.2461,5.89484e-15
7217.4341,5.76827e-15
7218.6226,5.77394e-15
7219.811,5.70738e-15
7220.9995,5.74948e-15
7222.188,5.69175e-15
7223.3765,5.57946e-15
7224.5654,5.51736e-15
7225.7539,5.4865e-15
7226.9424,5.47255e-15
7228.1309,5.5447e-15
7229.3193,5.56586e-15
7230.5083,5.60751e-15
7231.6968,5.67298e-15
7232.8857,5.60604e-15
7234.0742,5.67818e-15
7235.2632,5.67947e-15
7236.4517,5.66004e-15
7237.6406,5.7631e-15
7238.8296,5.68413e-15
7240.0181,5.73012e-15
7241.207,5.7607e-15
7242.396,5.62826e-15
7243.585,5.61835e-15
7244.7739,5.546e-15
7245.9629,5.51176e-15
7247.1514,5.47572e-15
7248.3408,5.47738e-15
7249.5298,5.43091e-15
7250.7188,5.47529e-15
7251.9077,5.45506e-15
7253.0967,5.47482e-15
7254.2861,5.69722e-15
7255.4751,5.6832e-15
7256.6641,5.81685e-15
7257.8535,5.69539e-15
7259.0425,5.6607e-15
7260.2319,5.7243e-15
7261.4209,5.56884e-15
7262.6104,5.5228e-15
7263.7993,5.46532e-15
7264.9888,5.4381e-15
7266.1782,5.35622e-15
7267.3672,5.38746e-15
7268.5566,5.37397e-15
7269.7461,5.25921e-15
7270.9355,5.12537e-15
7272.125,5.02162e-15
7273.3145,4.93113e-15
7274.5039,5.0062e-15
7275.6934,5.0151e-15
7276.8828,5.04082e-15
7278.0723,5.0727e-15
7279.2622,5.33528e-15
7280.4517,5.26819e-15
7281.6411,5.37586e-15
7282.8306,5.36521e-15
7284.0205,5.48595e-15
7285.21,5.38716e-15
7286.3999,5.48128e-15
7287.5894,5.55367e-15
7288.7793,5.44459e-15
7289.9692,5.55032e-15
7291.1587,5.49091e-15
7292.3486,5.51047e-15
7293.5386,5.46648e-15
7294.728,5.41363e-15
7295.918,5.37235e-15
7297.1079,5.37354e-15
7298.2979,5.40737e-15
7299.4878,5.36811e-15
7300.6777,5.40816e-15
7301.8677,5.48074e-15
7303.0576,5.42126e-15
7304.2476,5.34021e-15
7305.4375,5.2399e-15
7306.6279,5.18097e-15
7307.8179,5.1615e-15
7309.0078,5.23922e-15
7310.1982,5.22789e-15
7311.3882,5.205e-15
7312.5786,5.23402e-15
7313.7686,5.36995e-15
7314.959,5.40859e-15
7316.1489,5.52267e-15
7317.3394,5.59919e-15
7318.5293,5.56915e-15
7319.7197,5.66066e-15
7320.9102,5.70382e-15
7322.1006,5.7698e-15
7323.291,5.77867e-15
7324.481,5.761e-15
7325.6714,5.73961e-15
7326.8618,5.70342e-15
7328.0522,5.69119e-15
7329.2427,5.63995e-15
7330.4331,5.68091e-15
7331.624,5.55339e-15
7332.8145,5.60995e-15
7334.0049,5.68541e-15
7335.1953,5.5852e-15
7336.3862,5.57281e-15
7337.5767,5.49914e-15
7338.7671,5.5308e-15
7339.958,5.45099e-15
7341.1484,5.47241e-15
7342.3394,5.54385e-15
7343.5298,5.49562e-15
7344.7207,5.49034e-15
7345.9116,5.58528e-15
7347.1021,5.66785e-15
7348.293,5.67758e-15
7349.4839,5.66296e-15
7350.6748,5.70143e-15
7351.8657,5.76426e-15
7353.0562,5.76704e-15
7354.2471,5.79704e-15
7355.438,5.76319e-15
7356.6289,5.89416e-15
7357.8198,5.75562e-15
7359.0112,5.75425e-15
7360.2021,5.85904e-15
7361.3931,5.85589e-15
7362.584,5.86423e-15
7363.7749,5.7614e-15
7364.9663,5.67838e-15
7366.1572,5.70676e-15
7367.3486,5.75382e-15
7368.5396,5.64292e-15
7369.7305,5.53545e-15
7370.9219,5.47874e-15
7372.1133,5.4313e-15
7373.3042,5.3593e-15
7374.4956,5.36322e-15
7375.687,5.35671e-15
7376.8779,5.4004e-15
7378.0693,5.48056e-15
7379.2607,5.45542e-15
7380.4521,5.51572e-15
7381.6436,5.72402e-15
7382.835,5.68271e-15
7384.0264,5.83678e-15
7385.2178,5.85875e-15
7386.4092,5.80852e-15
7387.6006,5.81235e-15
7388.792,5.74177e-15
7389.9834,5.68431e-15
7391.1748,5.59925e-15
7392.3667,5.54588e-15
7393.5581,5.58489e-15
7394.7495,5.49088e-15
7395.9414,5.42041e-15
7397.1328,5.2381e-15
7398.3247,5.35278e-15
7399.5161,5.31015e-15
7400.708,5.41294e-15
7401.8994,5.42343e-15
7403.0913,5.40763e-15
7404.2832,5.41854e-15
7405.4746,5.4513e-15
7406.6665,5.51009e-15
7407.8584,5.59108e-15
7409.0503,5.59109e-15
7410.2422,5.61545e-15
7411.4336,5.60299e-15
7412.6255,5.57228e-15
7413.8174,5.7363e-15
7415.0093,5.85491e-15
7416.2012,5.85937e-15
7417.3936,5.86473e-15
7418.5854,5.76048e-15
7419.7773,5.71045e-15
7420.9692,5.65512e-15
7422.1616,5.77652e-15
7423.3535,5.71078e-15
7424.5454,5.72936e-15
7425.7378,5.64059e-15
7426.9297,5.666e-15
7428.1216,5.56503e-15
7429.314,5.43784e-15
7430.5063,5.59835e-15
7431.6982,5.42097e-15
7432.8906,5.49201e-15
7434.083,5.5576e-15
7435.2749,5.55807e-15
7436.4673,5.6318e-15
7437.6597,5.6565e-15
7438.8521,5.54094e-15
7440.0444,5.70797e-15
7441.2363,5.64045e-15
7442.4287,5.55197e-15
7443.6211,5.54654e-15
7444.8135,5.62574e-15
7446.0059,5.64841e-15
7447.1987,5.68636e-15
7448.3911,5.71536e-15
7449.5835,5.62546e-15
7450.7759,5.66667e-15
7451.9683,5.70311e-15
7453.1611,5.75638e-15
7454.3535,5.77882e-15
7455.5459,5.79804e-15
7456.7388,5.87076e-15
7457.9312,5.85886e-15
7459.124,5.84511e-15
7460.3164,5.71544e-15
7461.5093,5.67672e-15
7462.7017,5.69225e-15
7463.8945,5.62005e-15
7465.0874,5.60056e-15
7466.2798,5.56737e-15
7467.4727,5.51945e-15
7468.6655,5.55786e-15
7469.8584,5.56085e-15
7471.0513,5.49658e-15
7472.2441,5.54615e-15
7473.437,5.58907e-15
7474.6299,5.54441e-15
7475.8228,5.51436e-15
7477.0156,5.55886e-15
7478.2085,5.55557e-15
7479.4014,5.55453e-15
7480.5942,5.56412e-15
7481.7871,5.69243e-15
7482.9805,5.70908e-15
7484.1733,5.75519e-15
7485.3662,5.8392e-15
7486.5596,5.82333e-15
7487.7524,5.90699e-15
7488.9453,5.83065e-15
7490.1387,5.82134e-15
7491.3315,5.83722e-15
7492.5249,5.69766e-15
7493.7178,5.6887e-15
7494.9111,5.61542e-15
7496.1045,5.69123e-15
7497.2974,5.64455e-15
7498.4907,5.56114e-15
7499.6841,5.67937e-15
7500.8774,5.74984e-15
7502.0708,5.81914e-15
7503.2642,5.84277e-15
7504.4575,5.66085e-15
7505.6504,5.71692e-15
7506.8442,5.65986e-15
7508.0376,5.62446e-15
7509.231,5.68473e-15
7510.4243,5.71846e-15
7511.6177,5.78146e-15
7512.811,5.71059e-15
7514.0044,5.75104e-15
7515.1982,5.81807e-15
7516.3916,5.82545e-15
7517.585,5.87557e-15
7518.7788,5.77759e-15
7519.9722,5.82637e-15
7521.1655,5.91792e-15
7522.3594,5.92324e-15
7523.5527,6.05048e-15
7524.7466,5.9652e-15
7525.9404,5.97715e-15
7527.1338,5.86193e-15
7528.3276,5.92978e-15
7529.521,5.9266e-15
7530.7148,6.02548e-15
7531.9087,5.99842e-15
7533.1025,6.03616e-15
7534.2964,5.99222e-15
7535.4902,5.95836e-15
7536.6836,6.00767e-15
7537.8774,6.06485e-15
7539.0713,6.05975e-15
7540.2651,5.98995e-15
7541.459,5.94614e-15
7542.6528,5.96335e-15
7543.8467,5.94767e-15
7545.041,6.0167e-15
7546.2349,5.99949e-15
7547.4287,6.03235e-15
7548.6226,5.93904e-15
7549.8169,5.88136e-15
7551.0107,5.86532e-15
7552.2046,5.85671e-15
7553.3989,5.87821e-15
7554.5928,5.83177e-15
7555.7871,5.87142e-15
7556.981,5.97861e-15
7558.1753,5.91704e-15
7559.3691,5.8713e-15
7560.5635,5.96007e-15
7561.7578,5.8636e-15
7562.9517,5.9039e-15
7564.146,5.86457e-15
7565.3403,5.77551e-15
7566.5342,5.76842e-15
7567.7285,5.74952e-15
7568.9229,5.72514e-15
7570.1172,5.74698e-15
7571.3115,5.77976e-15
7572.5059,5.7253e-15
7573.7002,5.88572e-15
7574.8945,5.97689e-15
7576.0889,6.08673e-15
7577.2832,6.05893e-15
7578.4775,6.07656e-15
7579.6719,6.25827e-15
7580.8667,6.17259e-15
7582.061,6.13301e-15
7583.2554,6.21825e-15
7584.4502,6.25842e-15
7585.6445,6.29352e-15
7586.8389,6.23035e-15
7588.0337,6.17167e-15
7589.228,6.08583e-15
7590.4224,6.2045e-15
7591.6172,6.02075e-15
7592.812,5.98583e-15
7594.0063,5.87673e-15
7595.2012,5.86063e-15
7596.3955,5.88505e-15
7597.5903,5.66951e-15
7598.7852,5.58588e-15
7599.98,5.36008e-15
7601.1743,5.18738e-15
7602.3691,5.3724e-15
7603.564,5.26326e-15
7604.7588,5.42408e-15
7605.9536,5.56973e-15
7607.1484,5.52165e-15
7608.3433,5.83714e-15
7609.5381,5.91532e-15
7610.7329,6.00895e-15
7611.9277,6.147e-15
7613.1226,6.25354e-15
7614.3174,6.29012e-15
7615.5122,6.15146e-15
7616.7075,6.16424e-15
7617.9023,6.02953e-15
7619.0972,5.93252e-15
7620.292,5.91741e-15
7621.4873,5.91157e-15
7622.6821,5.97961e-15
7623.8774,5.98084e-15
7625.0723,6.02941e-15
7626.2671,6.01844e-15
7627.4624,5.86956e-15
7628.6572,5.92048e-15
7629.8525,5.9495e-15
7631.0479,5.98691e-15
7632.2427,6.00727e-15
7633.438,5.88165e-15
7634.6333,5.87393e-15
7635.8281,5.97085e-15
7637.0234,5.98448e-15
7638.2188,5.67021e-15
7639.4141,5.67952e-15
7640.6094,5.62986e-15
7641.8042,5.47475e-15
7642.9995,5.33867e-15
7644.1948,5.30459e-15
7645.3901,5.24479e-15
7646.5854,5.27286e-15
7647.7808,5.25126e-15
7648.9761,5.32758e-15
7650.1719,5.32283e-15
7651.3672,5.39987e-15
7652.5625,5.53281e-15
7653.7578,5.67971e-15
7654.9531,5.92089e-15
7656.1489,6.1265e-15
7657.3442,6.19487e-15
7658.5396,6.12411e-15
7659.7354,6.09825e-15
7660.9307,6.09979e-15
7662.1265,6.04335e-15
7663.3218,6.1253e-15
7664.5176,6.03289e-15
7665.7129,6.10922e-15
7666.9087,6.14441e-15
7668.104,6.12396e-15
7669.2998,6.06815e-15
7670.4956,6.06909e-15
7671.6909,6.0521e-15
7672.8867,6.04623e-15
7674.0825,6.01432e-15
7675.2778,6.00324e-15
7676.4736,5.84454e-15
7677.6694,5.76194e-15
7678.8652,5.85285e-15
7680.061,5.73211e-15
7681.2568,5.77662e-15
7682.4526,5.7596e-15
7683.6484,5.77036e-15
7684.8442,5.84629e-15
7686.04,5.85322e-15
7687.2358,5.84431e-15
7688.4316,5.91202e-15
7689.6274,5.95794e-15
7690.8232,6.05541e-15
7692.0195,6.00241e-15
7693.2153,5.84375e-15
7694.4111,5.68659e-15
7695.6069,5.57072e-15
7696.8032,5.48557e-15
7697.999,5.4855e-15
7699.1948,5.55205e-15
7700.3911,5.57169e-15
7701.5869,5.67838e-15
7702.7832,5.69441e-15
7703.979,5.67458e-15
7705.1753,5.77521e-15
7706.3711,5.84358e-15
7707.5674,5.77564e-15
7708.7632,5.72238e-15
7709.9595,5.80724e-15
7711.1558,5.73346e-15
7712.3521,5.8214e-15
7713.5479,5.88614e-15
7714.7441,5.94713e-15
7715.9404,6.01099e-15
7717.1367,6.04363e-15
7718.333,6.12596e-15
7719.5293,6.16374e-15
7720.7251,6.19121e-15
7721.9214,6.18151e-15
7723.1177,6.16786e-15
7724.314,6.09275e-15
7725.5103,6.05813e-15
7726.707,5.93725e-15
7727.9033,5.81619e-15
7729.0996,5.70749e-15
7730.2959,5.72112e-15
7731.4922,5.69371e-15
7732.6885,5.66035e-15
7733.8848,5.68329e-15
7735.0815,5.72087e-15
7736.2778,5.83559e-15
7737.4741,5.90072e-15
7738.6709,5.97095e-15
7739.8672,6.12212e-15
7741.0635,6.11893e-15
7742.2603,6.21797e-15
7743.4565,6.32843e-15
7744.6533,6.30862e-15
7745.8496,6.28939e-15
7747.0464,6.35418e-15
7748.2432,6.22913e-15
7749.4395,6.35683e-15
7750.6362,6.32822e-15
7751.833,6.31438e-15
7753.0293,6.15509e-15
7754.2261,6.10345e-15
7755.4229,6.11621e-15
7756.6196,5.92487e-15
7757.8159,5.86346e-15
7759.0127,5.82066e-15
7760.2095,5.82902e-15
7761.4062,5.81132e-15
7762.603,5.71479e-15
7763.7998,5.83276e-15
7764.9966,5.95468e-15
7766.1934,6.04567e-15
7767.3901,5.98292e-15
7768.5869,5.96791e-15
7769.7837,6.01996e-15
7770.9805,6.03093e-15
7772.1772,6.06237e-15
7773.374,6.03929e-15
7774.5708,6.04043e-15
7775.7681,6.06413e-15
7776.9648,6.13426e-15
7778.1616,6.07617e-15
7779.3589,6.11312e-15
7780.5557,6.17847e-15
7781.7524,6.25491e-15
7782.9497,6.19212e-15
7784.1465,6.16962e-15
7785.3433,6.13789e-15
7786.5405,6.10732e-15
7787.7373,6.14359e-15
7788.9346,6.14918e-15
7790.1318,6.22774e-15
7791.3286,6.27661e-15
7792.5259,6.15476e-15
7793.7227,6.09773e-15
7794.9199,6.16722e-15
7796.1172,6.175e-15
7797.314,6.14232e-15
7798.5112,6.21081e-15
7799.7085,6.30368e-15
7800.9058,6.28524e-15
7802.1025,6.34228e-15
7803.2998,6.37573e-15
7804.4971,6.38181e-15
7805.6943,6.36796e-15
7806.8916,6.38861e-15
7808.0889,6.34648e-15
7809.2861,6.32566e-15
7810.4834,6.22705e-15
7811.6807,6.22351e-15
7812.8779,6.14391e-15
7814.0752,6.06186e-15
7815.2725,6.07061e-15
7816.4697,5.94674e-15
7817.667,6.03476e-15
7818.8643,6.09186e-15
7820.062,6.06476e-15
7821.2593,6.06063e-15
7822.4565,6.14993e-15
7823.6543,6.19478e-15
7824.8516,6.1385e-15
7826.0488,6.17791e-15
7827.2461,6.15748e-15
7828.4438,6.01496e-15
7829.6411,5.94357e-15
7830.8389,5.82864e-15
7832.0361,5.84407e-15
7833.2339,5.73258e-15
7834.4312,5.76645e-15
7835.6289,5.67042e-15
7836.8262,5.76296e-15
7838.0239,5.77772e-15
7839.2212,5.90974e-15
7840.4189,5.84239e-15
7841.6167,5.93065e-15
7842.814,5.84977e-15
7844.0117,5.91361e-15
7845.2095,5.96949e-15
7846.4072,5.98494e-15
7847.6045,6.04866e-15
7848.8022,5.99033e-15
7850.0,5.93845e-15
7851.1978,5.95548e-15
7852.3955,5.82255e-15
7853.5933,5.64774e-15
7854.791,5.60208e-15
7855.9888,5.65598e-15
7857.1865,5.52311e-15
7858.3843,5.54647e-15
7859.582,5.53843e-15
7860.7798,5.45989e-15
7861.9775,5.44076e-15
7863.1753,5.3295e-15
7864.373,5.31593e-15
7865.5708,5.33025e-15
7866.7686,5.2787e-15
7867.9663,5.32076e-15
7869.1646,5.31928e-15
7870.3623,5.3823e-15
7871.5601,5.3335e-15
7872.7578,5.46105e-15
7873.9561,5.35375e-15
7875.1538,5.25493e-15
7876.3516,5.15331e-15
7877.5498,5.07035e-15
7878.7476,5.17564e-15
7879.9458,5.06691e-15
7881.1436,5.04423e-15
7882.3418,5.05168e-15
7883.5396,4.99481e-15
7884.7378,5.0251e-15
7885.9355,5.08659e-15
7887.1338,5.14302e-15
7888.332,5.05753e-15
7889.5298,5.10383e-15
7890.728,5.03516e-15
7891.9258,5.00622e-15
7893.124,4.95986e-15
7894.3223,4.94206e-15
7895.5205,4.75219e-15
7896.7183,4.81194e-15
7897.9165,4.83292e-15
7899.1147,4.87337e-15
7900.313,4.87332e-15
7901.5112,4.88945e-15
7902.709,4.93621e-15
7903.9072,4.95343e-15
7905.1055,4.96329e-15
7906.3037,4.95385e-15
7907.502,5.07461e-15
7908.7002,5.06727e-15
7909.8984,5.14301e-15
7911.0967,5.27056e-15
7912.2949,5.15442e-15
7913.4932,5.13767e-15
7914.6914,5.15265e-15
7915.8901,4.9796e-15
7917.0884,4.90688e-15
7918.2866,4.89878e-15
7919.4849,4.86221e-15
7920.6831,4.79744e-15
7921.8818,4.80218e-15
7923.0801,4.77809e-15
7924.2783,4.85139e-15
7925.4766,4.808e-15
7926.6753,4.78664e-15
7927.8735,4.73752e-15
7929.0718,4.84874e-15
7930.2705,4.87607e-15
7931.4688,4.85976e-15
7932.667,4.91146e-15
7933.8657,4.98998e-15
7935.064,5.12592e-15
7936.2627,5.06374e-15
7937.4609,5.10945e-15
7938.6597,5.21867e-15
7939.8584,5.34931e-15
7941.0566,5.25611e-15
7942.2554,5.29185e-15
7943.4536,5.23348e-15
7944.6523,5.19183e-15
7945.8511,5.17007e-15
7947.0493,5.23888e-15
7948.248,5.22728e-15
7949.4468,5.14823e-15
7950.6455,5.10724e-15
7951.8438,5.16025e-15
7953.0425,5.15413e-15
7954.2412,5.2221e-15
7955.4399,5.31032e-15
7956.6382,5.27332e-15
7957.8369,5.29486e-15
7959.0356,5.11767e-15
7960.2344,5.12037e-15
7961.4331,5.07544e-15
7962.6318,5.20491e-15
7963.8306,5.22638e-15
7965.0293,5.1357e-15
7966.228,5.18184e-15
7967.4268,5.06647e-15
7968.6255,5.27434e-15
7969.8242,5.21892e-15
7971.0229,5.35907e-15
7972.2217,5.37998e-15
7973.4209,5.29688e-15
7974.6196,5.3795e-15
7975.8184,5.36169e-15
7977.0171,5.30684e-15
7978.2158,5.31182e-15
7979.415,5.20152e-15
7980.6138,5.15356e-15
7981.8125,5.04102e-15
7983.0112,5.03727e-15
7984.2104,5.05256e-15
7985.4092,5.13486e-15
7986.6079,5.14843e-15
7987.8071,5.16369e-15
7989.0059,5.18666e-15
7990.2051,5.22339e-15
7991.4038,5.24669e-15
7992.603,5.37507e-15
7993.8018,5.47488e-15
7995.0005,5.44243e-15
7996.1997,5.46223e-15
7997.3989,5.46256e-15
7998.5977,5.41296e-15
7999.7969,5.36734e-15
8000.9956,5.36326e-15
8002.1948,5.3646e-15
8003.394,5.31467e-15
8004.5928,5.19997e-15
8005.792,5.13361e-15
8006.9907,5.07684e-15
8008.1899,5.02723e-15
8009.3892,5.033e-15
8010.5884,5.11298e-15
8011.7871,5.01016e-15
8012.9863,5.05895e-15
8014.1855,5.12945e-15
8015.3848,5.24186e-15
8016.584,5.36541e-15
8017.7827,5.35726e-15
8018.9819,5.40174e-15
8020.1812,5.45668e-15
8021.3804,5.35693e-15
8022.5796,5.3045e-15
8023.7788,5.22169e-15
8024.978,5.16268e-15
8026.1772,5.02634e-15
8027.3765,4.86785e-15
8028.5757,4.86141e-15
8029.7749,4.66511e-15
8030.9741,4.77941e-15
8032.1733,4.76402e-15
8033.3726,4.88453e-15
8034.5718,5.01096e-15
8035.771,5.15264e-15
8036.9707,5.26375e-15
8038.1699,5.28724e-15
8039.3691,5.25208e-15
8040.5684,5.30616e-15
8041.7676,5.2226e-15
8042.9668,5.26516e-15
8044.1665,5.22372e-15
8045.3657,5.25593e-15
8046.5649,5.20333e-15
8047.7642,5.03697e-15
8048.9639,4.96668e-15
8050.1631,4.97501e-15
8051.3628,4.8991e-15
8052.562,4.83619e-15
8053.7612,4.86002e-15
8054.9609,4.77588e-15
8056.1602,4.81438e-15
8057.3599,4.84154e-15
8058.5591,4.89117e-15
8059.7583,4.90784e-15
8060.958,4.88454e-15
8062.1577,4.91538e-15
8063.3569,4.91634e-15
8064.5566,4.97453e-15
8065.7559,5.05243e-15
8066.9556,5.02332e-15
8068.1548,4.96989e-15
8069.3545,4.84324e-15
8070.5542,4.84961e-15
8071.7534,4.86726e-15
8072.9531,4.91606e-15
8074.1528,4.93924e-15
8075.3521,4.9533e-15
8076.5518,4.85215e-15
8077.7515,4.80882e-15
8078.9507,4.76e-15
8080.1504,4.75552e-15
8081.3501,4.73365e-15
8082.5498,4.56814e-15
8083.749,4.72842e-15
8084.9487,4.71546e-15
8086.1484,4.78688e-15
8087.3481,4.86551e-15
8088.5479,4.81403e-15
8089.7476,4.85978e-15
8090.9473,4.85494e-15
8092.1465,4.90824e-15
8093.3462,4.86403e-15
8094.5459,4.85216e-15
8095.7456,4.9187e-15
8096.9453,4.89315e-15
8098.145,4.96927e-15
8099.3447,4.87706e-15
8100.5444,4.8398e-15
8101.7441,4.93525e-15
8102.9438,4.90349e-15
8104.144,4.87999e-15
8105.3433,4.8001e-15
8106.5435,4.83449e-15
8107.7432,4.92137e-15
8108.9429,4.90914e-15
8110.1426,4.98131e-15
8111.3423,5.03335e-15
8112.542,5.04461e-15
8113.7422,5.06806e-15
8114.9419,5.08744e-15
8116.1416,5.10209e-15
8117.3413,5.1743e-15
8118.541,5.12321e-15
8119.7412,5.09305e-15
8120.9409,5.08147e-15
8122.1406,5.07228e-15
8123.3408,5.0633e-15
8124.5405,5.09456e-15
8125.7402,5.13299e-15
8126.9404,5.05068e-15
8128.1401,4.96916e-15
8129.3398,4.99074e-15
8130.54,4.97143e-15
8131.7397,5.06965e-15
8132.9399,4.97388e-15
8134.1396,5.15301e-15
8135.3398,5.13787e-15
8136.5396,5.19265e-15
8137.7393,5.26164e-15
8138.9395,5.20111e-15
8140.1392,5.17075e-15
8141.3394,5.16079e-15
8142.5391,5.15033e-15
8143.7393,5.14454e-15
8144.939,5.17576e-15
8146.1392,5.07792e-15
8147.3394,5.04504e-15
8148.5391,5.05465e-15
8149.7393,5.12964e-15
8150.939,4.99472e-15
8152.1392,5.06661e-15
8153.3394,5.15911e-15
8154.5391,5.13533e-15
8155.7393,5.17057e-15
8156.9395,5.17561e-15
8158.1396,5.08647e-15
8159.3394,5.06933e-15
8160.5396,5.05002e-15
8161.7397,5.04189e-15
8162.9399,4.94692e-15
8164.1396,4.97084e-15
8165.3398,4.9363e-15
8166.54,4.92025e-15
8167.7402,4.98482e-15
8168.9404,5.01922e-15
8170.1406,5.16191e-15
8171.3403,5.19272e-15
8172.5405,5.21594e-15
8173.7407,5.14302e-15
8174.9409,5.17088e-15
8176.1411,5.19897e-15
8177.3413,5.2297e-15
8178.5415,5.19634e-15
8179.7417,5.03641e-15
8180.9419,4.87988e-15
8182.1421,4.87953e-15
8183.3423,4.79374e-15
8184.5425,4.82145e-15
8185.7427,4.74863e-15
8186.9429,4.79331e-15
8188.1431,4.78184e-15
8189.3433,4.95119e-15
8190.5435,4.87037e-15
8191.7437,4.96374e-15
8192.9434,4.98541e-15
8194.1436,5.0881e-15
8195.3447,5.10441e-15
8196.5449,5.0938e-15
8197.7451,5.13127e-15
8198.9453,5.14119e-15
8200.1455,5.11659e-15
8201.3457,5.13966e-15
8202.5459,5.26975e-15
8203.7461,5.44313e-15
8204.9463,5.40257e-15
8206.1465,5.44671e-15
8207.3467,5.45361e-15
8208.5469,5.41761e-15
8209.748,5.50176e-15
8210.9482,5.55837e-15
8212.1484,5.49887e-15
8213.3486,5.66545e-15
8214.5488,5.54821e-15
8215.749,5.48389e-15
8216.9492,5.39806e-15
8218.1504,5.45004e-15
8219.3506,5.43684e-15
8220.5508,5.3854e-15
8221.751,5.35386e-15
8222.9512,5.25442e-15
8224.1514,5.17261e-15
8225.3525,4.82054e-15
8226.5527,4.622e-15
8227.7529,4.58264e-15
8228.9531,4.56579e-15
8230.1533,4.59944e-15
8231.3545,4.74318e-15
8232.5547,4.86478e-15
8233.7549,4.97806e-15
8234.9551,5.10263e-15
8236.1562,5.13017e-15
8237.3564,5.34566e-15
8238.5566,5.43281e-15
8239.7568,5.49622e-15
8240.958,5.43569e-15
8242.1582,5.3891e-15
8243.3584,5.43578e-15
8244.5596,5.40361e-15
8245.7598,5.4916e-15
8246.96,5.5891e-15
8248.1602,5.64533e-15
8249.3613,5.56632e-15
8250.5615,5.49984e-15
8251.7617,5.37976e-15
8252.9629,5.23283e-15
8254.1631,5.10481e-15
8255.3633,5.22149e-15
8256.5645,5.26204e-15
8257.7646,5.30756e-15
8258.9648,5.46272e-15
8260.166,5.43172e-15
8261.3662,5.45181e-15
8262.5664,5.40703e-15
8263.7676,5.36868e-15
8264.9678,5.45689e-15
8266.168,5.55725e-15
8267.3691,5.45585e-15
8268.5693,5.44101e-15
8269.7695,5.41151e-15
8270.9707,5.31463e-15
8272.1709,5.23201e-15
8273.3721,5.0981e-15
8274.5723,5.05644e-15
8275.7725,4.99309e-15
8276.9736,4.97868e-15
8278.1738,5.04036e-15
8279.375,5.00126e-15
8280.5752,5.07625e-15
8281.7764,5.07158e-15
8282.9766,5.12873e-15
8284.1768,5.06578e-15
8285.3779,4.96704e-15
8286.5781,4.85246e-15
8287.7793,4.82154e-15
8288.9795,4.88911e-15
8290.1807,4.94931e-15
8291.3809,4.92411e-15
8292.5811,4.85491e-15
8293.7822,4.87622e-15
8294.9824,4.89841e-15
8296.1836,5.05614e-15
8297.3838,5.15865e-15
8298.585,5.07211e-15
8299.7852,5.15569e-15
8300.9863,5.11435e-15
8302.1865,5.09976e-15
8303.3877,5.18881e-15
8304.5879,4.99318e-15
8305.7891,5.03579e-15
8306.9893,5.02369e-15
8308.1904,4.93502e-15
8309.3906,4.98172e-15
8310.5918,4.81939e-15
8311.792,4.79653e-15
8312.9932,4.72029e-15
8314.1934,4.78928e-15
8315.3945,4.74923e-15
8316.5947,4.81476e-15
8317.7959,4.81554e-15
8318.9971,4.88722e-15
8320.1973,4.9118e-15
8321.3984,4.97856e-15
8322.5986,4.99721e-15
8323.7998,5.02144e-15
8325.0,5.07473e-15
8326.2012,5.02615e-15
8327.4023,4.98238e-15
8328.6025,4.94351e-15
8329.8037,4.98003e-15
8331.0039,4.93071e-15
8332.2051,4.9764e-15
8333.4053,4.91995e-15
8334.6064,4.95915e-15
8335.8076,5.08193e-15
8337.0078,5.05123e-15
8338.209,5.20346e-15
8339.4092,5.23804e-15
8340.6104,5.29755e-15
8341.8115,5.28578e-15
8343.0117,5.32036e-15
8344.2129,5.25897e-15
8345.4141,5.37123e-15
8346.6143,5.30991e-15
8347.8154,5.33984e-15
8349.0156,5.31262e-15
8350.2168,5.29256e-15
8351.418,5.31963e-15
8352.6182,5.38228e-15
8353.8193,5.41428e-15
8355.0205,5.37178e-15
8356.2207,5.36216e-15
8357.4219,5.28664e-15
8358.623,5.32975e-15
8359.8232,5.32845e-15
8361.0244,5.15412e-15
8362.2256,4.99699e-15
8363.4258,4.92964e-15
8364.627,4.87652e-15
8365.8281,4.87822e-15
8367.0283,4.81953e-15
8368.2295,4.79966e-15
8369.4307,4.78019e-15
8370.6309,4.97557e-15
8371.832,5.08948e-15
8373.0332,5.14783e-15
8374.2334,5.06512e-15
8375.4346,4.99633e-15
8376.6357,5.14157e-15
8377.8359,5.09232e-15
8379.0371,5.13838e-15
8380.2383,5.32075e-15
8381.4395,5.26311e-15
8382.6396,5.19049e-15
8383.8408,5.30342e-15
8385.042,5.2951e-15
8386.2422,5.2781e-15
8387.4434,5.31631e-15
8388.6445,5.32703e-15
8389.8457,5.24779e-15
8391.0459,5.30793e-15
8392.2471,5.31891e-15
8393.4482,5.36931e-15
8394.6494,5.52726e-15
8395.8496,5.44815e-15
8397.0508,5.32683e-15
8398.252,5.35911e-15
8399.4521,5.25579e-15
8400.6533,5.31678e-15
8401.8545,5.39053e-15
8403.0557,5.44392e-15
8404.2559,5.31448e-15
8405.457,5.29084e-15
8406.6582,5.31978e-15
8407.8594,5.33119e-15
8409.0605,5.40291e-15
8410.2607,5.3531e-15
8411.4619,5.31286e-15
8412.6631,5.06096e-15
8413.8643,5.15301e-15
8415.0645,5.04119e-15
8416.2656,5.13659e-15
8417.4668,5.11207e-15
8418.668,5.12388e-15
8419.8682,5.10731e-15
8421.0693,5.07889e-15
8422.2705,5.05116e-15
8423.4717,5.08569e-15
8424.6729,5.10513e-15
8425.873,5.18082e-15
8427.0742,5.26302e-15
8428.2754,5.43099e-15
8429.4766,5.52527e-15
8430.6777,5.5937e-15
8431.8779,5.59276e-15
8433.0791,5.45169e-15
8434.2803,5.43066e-15
8435.4814,5.34706e-15
8436.6816,5.43653e-15
8437.8828,5.44637e-15
8439.084,5.63646e-15
8440.2852,5.70279e-15
8441.4863,5.68091e-15
8442.6865,5.55263e-15
8443.8877,5.43386e-15
8445.0889,5.31683e-15
8446.29,5.21201e-15
8447.4912,5.17802e-15
8448.6924,5.08745e-15
8449.8926,5.18296e-15
8451.0938,5.25144e-15
8452.2949,5.32669e-15
8453.4961,5.36556e-15
8454.6973,5.29882e-15
8455.8975,5.3379e-15
8457.0986,5.33746e-15
8458.2998,5.42961e-15
8459.501,5.40193e-15
8460.7021,5.57209e-15
8461.9033,5.49021e-15
8463.1035,5.5016e-15
8464.3047,5.4961e-15
8465.5059,5.36579e-15
8466.707,5.47875e-15
8467.9082,5.38908e-15
8469.1094,5.4056e-15
8470.3096,5.37783e-15
8471.5107,5.4126e-15
8472.7119,5.35223e-15
8473.9131,5.06213e-15
8475.1143,4.79567e-15
8476.3154,4.6286e-15
8477.5156,4.40905e-15
8478.7168,4.38195e-15
8479.918,4.26964e-15
8481.1191,4.24492e-15
8482.3203,4.22231e-15
8483.5215,4.1592e-15
8484.7217,4.23415e-15
8485.9229,4.39648e-15
8487.124,4.71842e-15
8488.3252,4.83267e-15
8489.5264,4.93132e-15
8490.7275,4.92594e-15
8491.9287,5.03276e-15
8493.1289,4.92523e-15
8494.3301,4.89436e-15
8495.5312,4.98596e-15
8496.7324,4.95311e-15
8497.9336,4.86986e-15
8499.1348,5.0065e-15
8500.335,4.84526e-15
8501.5361,4.93664e-15
8502.7373,4.97892e-15
8503.9385,5.07078e-15
8505.1396,5.1238e-15
8506.3408,5.17462e-15
8507.541,5.21621e-15
8508.7422,5.15506e-15
8509.9434,5.15014e-15
8511.1445,5.05526e-15
8512.3457,4.9695e-15
8513.5469,4.8638e-15
8514.748,4.76513e-15
8515.9482,4.60288e-15
8517.1494,4.34076e-15
8518.3506,4.0282e-15
8519.5518,3.79284e-15
8520.7529,3.59415e-15
8521.9541,3.49282e-15
8523.1553,3.40981e-15
8524.3555,3.34598e-15
8525.5566,3.36152e-15
8526.7578,3.2566e-15
8527.959,3.169e-15
8529.1602,3.19778e-15
8530.3613,3.42885e-15
8531.5615,3.67592e-15
8532.7627,3.88909e-15
8533.9639,4.17151e-15
8535.165,4.36877e-15
8536.3662,4.54729e-15
8537.5674,4.80047e-15
8538.7686,4.86223e-15
8539.9688,5.03294e-15
8541.1699,5.00343e-15
8542.3711,5.00289e-15
8543.5723,4.97671e-15
8544.7734,5.02417e-15
8545.9746,5.1566e-15
8547.1758,5.28819e-15
8548.376,5.34314e-15
8549.5771,5.42849e-15
8550.7783,5.49342e-15
8551.9795,5.431e-15
8553.1807,5.3555e-15
8554.3818,5.38446e-15
8555.582,5.47006e-15
8556.7832,5.49008e-15
8557.9844,5.5594e-15
8559.1855,5.51317e-15
8560.3867,5.48398e-15
8561.5879,5.36799e-15
8562.7881,5.31411e-15
8563.9893,5.28508e-15
8565.1904,5.34796e-15
8566.3916,5.25797e-15
8567.5928,5.2636e-15
8568.7939,5.3264e-15
8569.9941,5.34707e-15
8571.1953,5.4069e-15
8572.3965,5.49493e-15
8573.5977,5.52434e-15
8574.7988,5.47676e-15
8576.0,5.52829e-15
8577.2002,5.61277e-15
8578.4014,5.61175e-15
8579.6025,5.6229e-15
8580.8037,5.40513e-15
8582.0049,5.34821e-15
8583.2051,5.33021e-15
8584.4062,5.29973e-15
8585.6074,5.32363e-15
8586.8086,5.4239e-15
8588.0098,5.3685e-15
8589.2109,5.34342e-15
8590.4111,5.3366e-15
8591.6123,5.22176e-15
8592.8135,5.26933e-15
8594.0146,5.33437e-15
8595.2158,5.32457e-15
8596.416,5.31177e-15
8597.6172,5.35361e-15
8598.8184,5.24647e-15
8600.0195,5.26013e-15
8601.2207,5.33957e-15
8602.4209,5.34504e-15
8603.6221,5.54771e-15
8604.8232,5.45853e-15
8606.0244,5.46386e-15
8607.2256,5.36564e-15
8608.4258,5.44611e-15
8609.627,5.37497e-15
8610.8281,5.50117e-15
8612.0293,5.62248e-15
8613.2295,5.67538e-15
8614.4307,5.73096e-15
8615.6318,5.71796e-15
8616.833,5.67888e-15
8618.0342,5.62326e-15
8619.2344,5.55168e-15
8620.4355,5.5432e-15
8621.6367,5.57984e-15
8622.8379,5.59218e-15
8624.0381,5.60403e-15
8625.2393,5.54218e-15
8626.4404,5.42374e-15
8627.6416,5.32898e-15
8628.8418,5.31363e-15
8630.043,5.21378e-15
8631.2441,5.21772e-15
8632.4453,5.13841e-15
8633.6455,5.0526e-15
8634.8467,4.98288e-15
8636.0479,4.69654e-15
8637.249,4.49857e-15
8638.4492,4.23505e-15
8639.6504,4.01886e-15
8640.8516,3.81171e-15
8642.0527,3.76978e-15
8643.2529,3.75671e-15
8644.4541,3.67878e-15
8645.6553,3.73954e-15
8646.8555,3.62488e-15
8648.0566,3.58725e-15
8649.2578,3.5837e-15
8650.459,3.55938e-15
8651.6592,3.81427e-15
8652.8604,4.09169e-15
8654.0615,4.37204e-15
8655.2617,4.60111e-15
8656.4629,4.83117e-15
8657.6641,4.87695e-15
8658.8652,4.90555e-15
8660.0654,4.86502e-15
8661.2666,4.98538e-15
8662.4678,5.11048e-15
8663.668,5.14972e-15
8664.8691,5.15405e-15
8666.0703,5.09023e-15
8667.2705,5.08982e-15
8668.4717,4.92337e-15
8669.6729,5.01073e-15
8670.873,5.04479e-15
8672.0742,5.16545e-15
8673.2754,5.22387e-15
8674.4756,5.12733e-15
8675.6768,5.22502e-15
8676.8779,5.29631e-15
8678.0781,5.23099e-15
8679.2793,5.35749e-15
8680.4805,5.2683e-15
8681.6807,5.35466e-15
8682.8818,5.4041e-15
8684.083,5.36497e-15
8685.2832,5.35173e-15
8686.4844,5.35405e-15
8687.6846,5.37735e-15
8688.8857,5.36391e-15
8690.0869,5.40247e-15
8691.2871,5.36323e-15
8692.4883,5.45896e-15
8693.6895,5.43217e-15
8694.8896,5.44021e-15
8696.0908,5.45132e-15
8697.291,5.51261e-15
8698.4922,5.48341e-15
8699.6934,5.48797e-15
8700.8936,5.46579e-15
8702.0947,5.44582e-15
8703.2949,5.47115e-15
8704.4961,5.38423e-15
8705.6973,5.3888e-15
8706.8975,5.31725e-15
8708.0986,5.36479e-15
8709.2988,5.37144e-15
8710.5,5.49065e-15
8711.7002,5.49848e-15
8712.9014,5.52436e-15
8714.1016,5.55626e-15
8715.3027,5.53323e-15
8716.5039,5.54202e-15
8717.7041,5.58326e-15
8718.9053,5.59342e-15
8720.1055,5.60088e-15
8721.3066,5.50271e-15
8722.5068,5.48475e-15
8723.708,5.44916e-15
8724.9082,5.41169e-15
8726.1094,5.4405e-15
8727.3096,5.41271e-15
8728.5107,5.36199e-15
8729.7109,5.42851e-15
8730.9121,5.3602e-15
8732.1123,5.40102e-15
8733.3135,5.35629e-15
8734.5137,5.31288e-15
8735.7148,5.28387e-15
8736.915,5.2587e-15
8738.1162,5.37373e-15
8739.3164,5.35959e-15
8740.5176,5.38305e-15
8741.7178,5.3452e-15
8742.9189,5.38218e-15
8744.1191,5.21864e-15
8745.3203,5.25985e-15
8746.5205,5.40783e-15
8747.7217,5.4645e-15
8748.9219,5.46387e-15
8750.1221,5.37964e-15
8751.3232,5.30116e-15
8752.5234,5.35041e-15
8753.7246,5.29194e-15
8754.9248,5.28228e-15
8756.126,5.3128e-15
8757.3262,5.37508e-15
8758.5264,5.43241e-15
8759.7275,5.46876e-15
8760.9277,5.57035e-15
8762.1279,5.60521e-15
8763.3291,5.75134e-15
8764.5293,5.73455e-15
8765.7305,5.79289e-15
8766.9307,5.74448e-15
8768.1309,5.68253e-15
8769.332,5.70258e-15
8770.5322,5.58224e-15
8771.7324,5.53804e-15
8772.9336,5.41686e-15
8774.1338,5.42636e-15
8775.335,5.31738e-15
8776.5352,5.37955e-15
8777.7354,5.46757e-15
8778.9365,5.42722e-15
8780.1367,5.38276e-15
8781.3369,5.44812e-15
8782.5381,5.25685e-15
8783.7383,5.27068e-15
8784.9385,5.12205e-15
8786.1387,5.13104e-15
8787.3398,5.17565e-15
8788.54,5.24701e-15
8789.7402,5.22855e-15
8790.9414,5.23952e-15
8792.1416,5.25351e-15
8793.3418,5.32371e-15
8794.542,5.46899e-15
8795.7432,5.48449e-15
8796.9434,5.56502e-15
8798.1436,5.56787e-15
8799.3438,5.48004e-15
8800.5449,5.26788e-15
8801.7451,5.20673e-15
8802.9453,5.19275e-15
8804.1455,5.1821e-15
8805.3467,5.28549e-15
8806.5469,5.39956e-15
8807.7471,5.40109e-15
8808.9473,5.52967e-15
8810.1475,5.50972e-15
8811.3486,5.57028e-15
8812.5488,5.56762e-15
8813.749,5.57712e-15
8814.9492,5.56672e-15
8816.1494,5.49915e-15
8817.3506,5.38138e-15
8818.5508,5.34679e-15
8819.751,5.1954e-15
8820.9512,5.31121e-15
8822.1514,5.3279e-15
8823.3516,5.4288e-15
8824.5518,5.4351e-15
8825.7529,5.50637e-15
8826.9531,5.67493e-15
8828.1533,5.65715e-15
8829.3535,5.7446e-15
8830.5537,5.70599e-15
8831.7539,5.67759e-15
8832.9541,5.72962e-15
8834.1543,5.7691e-15
8835.3545,5.79906e-15
8836.5557,5.74776e-15
8837.7559,5.74212e-15
8838.9561,5.67806e-15
8840.1562,5.75778e-15
8841.3564,5.65827e-15
8842.5566,5.49962e-15
8843.7568,5.50713e-15
8844.957,5.39051e-15
8846.1572,5.46158e-15
8847.3574,5.43372e-15
8848.5576,5.50415e-15
8849.7578,5.4623e-15
8850.958,5.52491e-15
8852.1582,5.57332e-15
8853.3584,5.54484e-15
8854.5586,5.59571e-15
8855.7588,5.66149e-15
8856.959,5.7151e-15
8858.1592,5.75001e-15
8859.3594,5.63267e-15
8860.5596,5.61033e-15
8861.7598,5.61825e-15
8862.96,5.61345e-15
8864.1602,5.6852e-15
8865.3604,5.6178e-15
8866.5605,5.70751e-15
8867.7607,5.65751e-15
8868.96,5.64874e-15
8870.1602,5.57111e-15
8871.3604,5.60929e-15
8872.5605,5.62646e-15
8873.7607,5.6089e-15
8874.9609,5.62339e-15
8876.1611,5.65768e-15
8877.3613,5.6934e-15
8878.5615,5.66225e-15
8879.7607,5.67465e-15
8880.9609,5.75407e-15
8882.1611,5.74253e-15
8883.3613,5.73605e-15
8884.5615,5.70618e-15
8885.7617,5.78385e-15
8886.9609,5.79151e-15
8888.1611,5.72604e-15
8889.3613,5.68797e-15
8890.5615,5.65775e-15
8891.7617,5.71366e-15
8892.9609,5.57693e-15
8894.1611,5.55365e-15
8895.3613,5.48786e-15
8896.5615,5.44564e-15
8897.7607,5.47284e-15
8898.9609,5.51753e-15
8900.1611,5.52653e-15
8901.3613,5.58542e-15
8902.5605,5.64348e-15
8903.7607,5.68922e-15
8904.9609,5.67279e-15
8906.1611,5.5793e-15
8907.3604,5.61025e-15
8908.5605,5.59418e-15
8909.7607,5.42688e-15
8910.96,5.44415e-15
8912.1602,5.4307e-15
8913.3604,5.50437e-15
8914.5596,5.54187e-15
8915.7598,5.59827e-15
8916.96,5.52081e-15
8918.1592,5.57879e-15
8919.3594,5.6359e-15
8920.5596,5.59724e-15
8921.7588,5.52345e-15
8922.959,5.50165e-15
8924.1582,5.46147e-15
8925.3584,5.47237e-15
8926.5586,5.5107e-15
8927.7578,5.54631e-15
8928.958,5.51353e-15
8930.1572,5.64915e-15
8931.3574,5.58123e-15
8932.5566,5.6791e-15
8933.7568,5.6489e-15
8934.957,5.83852e-15
8936.1562,5.82278e-15
8937.3564,5.78251e-15
8938.5557,5.86725e-15
8939.7559,5.81601e-15
8940.9551,5.76464e-15
8942.1553,5.69687e-15
8943.3545,5.71357e-15
8944.5547,5.69569e-15
8945.7539,5.6966e-15
8946.9541,5.69993e-15
8948.1533,5.75096e-15
8949.3525,5.79243e-15
8950.5527,5.80369e-15
8951.752,5.71938e-15
8952.9521,5.68274e-15
8954.1514,5.67649e-15
8955.3516,5.57291e-15
8956.5508,5.66503e-15
8957.75,5.54487e-15
8958.9502,5.53347e-15
8960.1494,5.54398e-15
8961.3486,5.61048e-15
8962.5488,5.50692e-15
8963.748,5.54584e-15
8964.9482,5.6295e-15
8966.1475,5.68006e-15
8967.3467,5.75857e-15
8968.5469,5.71355e-15
8969.7461,5.63933e-15
8970.9453,5.76618e-15
8972.1445,5.73253e-15
8973.3447,5.78426e-15
8974.5439,5.80578e-15
8975.7432,5.64841e-15
8976.9434,5.56994e-15
8978.1426,5.51246e-15
8979.3418,5.51168e-15
8980.541,5.56747e-15
8981.7412,5.61062e-15
8982.9404,5.61709e-15
8984.1396,5.47889e-15
8985.3389,5.3949e-15
8986.5381,5.43218e-15
8987.7383,5.34419e-15
8988.9375,5.46662e-15
8990.1367,5.52304e-15
8991.3359,5.5001e-15
8992.5352,5.41928e-15
8993.7344,5.39541e-15
8994.9346,5.35011e-15
8996.1338,5.28016e-15
8997.333,5.26492e-15
8998.5322,5.23098e-15
8999.7314,5.26323e-15
9000.9307,5.2541e-15
9002.1299,5.38891e-15
9003.3291,5.4718e-15
9004.5283,5.54159e-15
9005.7275,5.62686e-15
9006.9277,5.50666e-15
9008.127,5.50789e-15
9009.3262,5.50287e-15
9010.5254,5.54074e-15
9011.7246,5.65907e-15
9012.9238,5.68272e-15
9014.123,5.7033e-15
9015.3223,5.64951e-15
9016.5215,5.74e-15
9017.7207,5.65526e-15
9018.9199,5.80344e-15
9020.1191,5.88102e-15
9021.3184,5.87833e-15
9022.5176,5.85923e-15
9023.7158,5.7936e-15
9024.915,5.83213e-15
9026.1143,5.87769e-15
9027.3135,5.88296e-15
9028.5127,5.8549e-15
9029.7119,5.87298e-15
9030.9111,5.86101e-15
9032.1104,5.79684e-15
9033.3096,5.67624e-15
9034.5078,5.74323e-15
9035.707,5.83739e-15
9036.9062,5.80143e-15
9038.1055,5.72801e-15
9039.3047,5.60594e-15
9040.5039,5.6205e-15
9041.7021,5.54273e-15
9042.9014,5.53448e-15
9044.1006,5.4859e-15
9045.2998,5.3778e-15
9046.498,5.31719e-15
9047.6973,5.32984e-15
9048.8965,5.37736e-15
9050.0957,5.37791e-15
9051.2939,5.59487e-15
9052.4932,5.69848e-15
9053.6924,5.80306e-15
9054.8916,5.71382e-15
9056.0898,5.7268e-15
9057.2891,5.68726e-15
9058.4883,5.57995e-15
9059.6865,5.50582e-15
9060.8857,5.53422e-15
9062.085,5.47149e-15
9063.2832,5.3539e-15
9064.4824,5.2598e-15
9065.6807,5.22744e-15
9066.8799,5.19925e-15
9068.0791,5.21995e-15
9069.2773,5.31265e-15
9070.4766,5.36418e-15
9071.6748,5.3581e-15
9072.874,5.43553e-15
9074.0723,5.42626e-15
9075.2715,5.40643e-15
9076.4697,5.44313e-15
9077.6689,5.44049e-15
9078.8672,5.46966e-15
9080.0664,5.46189e-15
9081.2646,5.42567e-15
9082.4639,5.40963e-15
9083.6621,5.29003e-15
9084.8613,5.23683e-15
9086.0596,5.15598e-15
9087.2588,5.1363e-15
9088.457,5.22546e-15
9089.6562,5.27641e-15
9090.8545,5.26754e-15
9092.0527,5.24126e-15
9093.252,5.12147e-15
9094.4502,5.01409e-15
9095.6484,4.98371e-15
9096.8477,4.87266e-15
9098.0459,4.81947e-15
9099.2441,4.94273e-15
9100.4434,5.13573e-15
9101.6416,5.24661e-15
9102.8398,5.26594e-15
9104.0391,5.34918e-15
9105.2373,5.33055e-15
9106.4355,5.37381e-15
9107.6348,5.59961e-15
9108.833,5.63629e-15
9110.0312,5.53078e-15
9111.2295,5.65936e-15
9112.4277,5.67223e-15
9113.627,5.51476e-15
9114.8252,5.46244e-15
9116.0234,5.38296e-15
9117.2217,5.15948e-15
9118.4199,5.10435e-15
9119.6191,4.82211e-15
9120.8174,4.76893e-15
9122.0156,4.70024e-15
9123.2139,4.744e-15
9124.4121,4.7525e-15
9125.6104,4.6744e-15
9126.8086,4.74955e-15
9128.0068,4.71937e-15
9129.2061,4.66416e-15
9130.4043,4.70221e-15
9131.6025,4.74606e-15
9132.8008,4.75374e-15
9133.999,4.71122e-15
9135.1973,4.75647e-15
9136.3955,4.91346e-15
9137.5938,4.89217e-15
9138.792,4.87289e-15
9139.9902,4.87577e-15
9141.1885,4.87873e-15
9142.3867,4.8626e-15
9143.585,4.69775e-15
9144.7822,4.63099e-15
9145.9805,4.55171e-15
9147.1787,4.4663e-15
9148.377,4.24092e-15
9149.5752,4.17785e-15
9150.7734,4.16869e-15
9151.9717,4.14453e-15
9153.1699,4.06216e-15
9154.3682,4.17713e-15
9155.5654,4.13257e-15
9156.7637,4.19397e-15
9157.9619,4.2236e-15
9159.1602,4.23533e-15
9160.3584,4.33819e-15
9161.5557,4.43938e-15
9162.7539,4.47774e-15
9163.9521,4.50916e-15
9165.1504,4.39023e-15
9166.3477,4.43289e-15
9167.5459,4.30722e-15
9168.7441,4.26268e-15
9169.9424,4.24518e-15
9171.1396,4.27266e-15
9172.3379,4.22014e-15
9173.5361,4.25653e-15
9174.7334,4.15222e-15
9175.9316,4.15627e-15
9177.1299,4.15199e-15
9178.3271,4.26365e-15
9179.5254,4.22286e-15
9180.7227,4.24117e-15
9181.9209,4.20773e-15
9183.1191,4.17176e-15
9184.3164,4.2017e-15
9185.5146,4.17171e-15
9186.7119,4.19106e-15
9187.9102,4.18694e-15
9189.1074,4.25878e-15
9190.3057,4.17341e-15
9191.5029,4.16293e-15
9192.7012,4.11516e-15
9193.8984,3.96478e-15
9195.0967,3.86634e-15
9196.2939,3.93451e-15
9197.4922,4.04839e-15
9198.6895,4.22402e-15
9199.8867,4.36495e-15
9201.085,4.56844e-15
9202.2822,4.52279e-15
9203.4805,4.48678e-15
9204.6777,4.41875e-15
9205.875,4.40555e-15
9207.0732,4.35639e-15
9208.2705,4.32082e-15
9209.4678,4.32624e-15
9210.666,4.30417e-15
9211.8633,4.30109e-15
9213.0605,4.26954e-15
9214.2588,4.18016e-15
9215.4561,4.13865e-15
9216.6533,4.19172e-15
9217.8506,4.28621e-15
9219.0488,4.32273e-15
9220.2461,4.44949e-15
9221.4434,4.39985e-15
9222.6406,4.31513e-15
9223.8379,4.22428e-15
9225.0361,4.20471e-15
9226.2334,4.19254e-15
9227.4307,4.21674e-15
9228.6279,4.3127e-15
9229.8252,4.48036e-15
9231.0225,4.41589e-15
9232.2197,4.36877e-15
9233.417,4.34934e-15
9234.6143,4.27498e-15
9235.8125,4.19622e-15
9237.0098,4.30392e-15
9238.207,4.1848e-15
9239.4043,4.21178e-15
9240.6016,4.26452e-15
9241.7988,4.25977e-15
9242.9961,4.31793e-15
9244.1934,4.28557e-15
9245.3906,4.36684e-15
9246.5869,4.31666e-15
9247.7842,4.34997e-15
9248.9814,4.34289e-15
9250.1787,4.40046e-15
9251.376,4.47473e-15
9252.5732,4.58161e-15
9253.7705,4.54849e-15
9254.9678,4.58544e-15
9256.165,4.50488e-15
9257.3613,4.4435e-15
9258.5586,4.45495e-15
9259.7559,4.48008e-15
9260.9531,4.50832e-15
9262.1504,4.57366e-15
9263.3477,4.56673e-15
9264.5439,4.45379e-15
9265.7412,4.4273e-15
9266.9385,4.41346e-15
9268.1348,4.54768e-15
9269.332,4.6693e-15
9270.5293,4.57839e-15
9271.7266,4.5395e-15
9272.9229,4.4644e-15
9274.1201,4.43742e-15
9275.3174,4.40925e-15
9276.5137,4.53622e-15
9277.7109,4.67584e-15
9278.9072,4.73696e-15
9280.1045,4.77859e-15
9281.3018,4.6767e-15
9282.498,4.6603e-15
9283.6953,4.63971e-15
9284.8916,4.69723e-15
9286.0889,4.66986e-15
9287.2852,4.70751e-15
9288.4824,4.70219e-15
9289.6787,4.66936e-15
9290.876,4.57525e-15
9292.0723,4.5696e-15
9293.2695,4.56336e-15
9294.4658,4.61128e-15
9295.6631,4.68978e-15
9296.8594,4.6519e-15
9298.0557,4.6627e-15
9299.2529,4.70916e-15
9300.4492,4.64988e-15
9301.6465,4.67058e-15
9302.8428,4.54315e-15
9304.0391,4.67562e-15
9305.2363,4.60675e-15
9306.4326,4.5248e-15
9307.6289,4.58894e-15
9308.8252,4.73965e-15
9310.0225,4.80659e-15
9311.2188,4.90624e-15
9312.415,4.93518e-15
9313.6113,4.76787e-15
9314.8086,4.63025e-15
9316.0049,4.81129e-15
9317.2012,4.89722e-15
9318.3975,4.94929e-15
9319.5938,5.02664e-15
9320.791,4.89613e-15
9321.9873,4.70015e-15
9323.1836,4.54675e-15
9324.3799,4.55221e-15
9325.5762,4.58874e-15
9326.7725,4.65836e-15
9327.9688,4.64579e-15
9329.165,4.72114e-15
9330.3613,4.57646e-15
9331.5576,4.54498e-15
9332.7539,4.51722e-15
9333.9502,4.55648e-15
9335.1465,4.53016e-15
9336.3428,4.53381e-15
9337.5391,4.64524e-15
9338.7354,4.68491e-15
9339.9316,4.54484e-15
9341.1279,4.4067e-15
9342.3242,4.52442e-15
9343.5205,4.58343e-15
9344.7168,4.74715e-15
9345.9131,4.84851e-15
9347.1084,4.89999e-15
9348.3047,4.81064e-15
9349.501,4.81392e-15
9350.6973,4.56823e-15
9351.8936,4.51602e-15
9353.0889,4.63687e-15
9354.2852,4.65145e-15
9355.4814,4.53333e-15
9356.6777,4.70084e-15
9357.873,4.70202e-15
9359.0693,4.43657e-15
9360.2656,4.49312e-15
9361.4619,4.60206e-15
9362.6572,4.45258e-15
9363.8535,4.35018e-15
9365.0488,4.45065e-15
9366.2451,4.34855e-15
9367.4414,4.12699e-15
9368.6367,4.24871e-15
9369.833,4.27845e-15
9371.0283,4.29471e-15
9372.2246,4.39798e-15
9373.4209,4.43495e-15
9374.6162,4.33039e-15
9375.8125,4.30754e-15
9377.0078,4.31647e-15
9378.2041,4.30475e-15
9379.3994,4.29258e-15
9380.5957,4.34825e-15
9381.791,4.37545e-15
9382.9863,4.43113e-15
9384.1826,4.33397e-15
9385.3779,4.33984e-15
9386.5742,4.27695e-15
9387.7695,4.16265e-15
9388.9648,4.048e-15
9390.1611,3.97502e-15
9391.3564,3.93774e-15
9392.5518,3.98736e-15
9393.748,3.88058e-15
9394.9434,3.85458e-15
9396.1387,3.82483e-15
9397.335,3.83927e-15
9398.5303,3.92541e-15
9399.7256,4.01789e-15
9400.9209,4.10296e-15
9402.1172,4.2188e-15
9403.3125,4.26757e-15
9404.5078,4.33385e-15
9405.7031,4.35245e-15
9406.8984,4.26962e-15
9408.0938,4.21165e-15
9409.2891,4.22375e-15
9410.4844,4.32305e-15
9411.6807,4.28321e-15
9412.876,4.33585e-15
9414.0713,4.29227e-15
9415.2666,4.11183e-15
9416.4619,4.12125e-15
9417.6572,4.08422e-15
9418.8525,4.14822e-15
9420.0479,4.09864e-15
9421.2432,4.21576e-15
9422.4385,4.13755e-15
9423.6338,4.02311e-15
9424.8281,3.95966e-15
9426.0234,3.91168e-15
9427.2188,4.09943e-15
9428.4141,4.08641e-15
9429.6094,4.20135e-15
9430.8047,4.16717e-15
9432.0,4.0892e-15
9433.1953,4.10695e-15
9434.3896,4.06936e-15
9435.585,4.09142e-15
9436.7803,4.14351e-15
9437.9756,4.01718e-15
9439.1699,4.14108e-15
9440.3652,4.29251e-15
9441.5605,4.41449e-15
9442.7559,4.49344e-15
9443.9502,4.50183e-15
9445.1455,4.49346e-15
9446.3408,4.49488e-15
9447.5352,4.42286e-15
9448.7305,4.33862e-15
9449.9258,4.26667e-15
9451.1201,4.36636e-15
9452.3154,4.33341e-15
9453.5098,4.30246e-15
9454.7051,4.37746e-15
9455.8994,4.25932e-15
9457.0947,4.2835e-15
9458.2891,4.39131e-15
9459.4844,4.24536e-15
9460.6787,4.2633e-15
9461.874,4.22412e-15
9463.0684,4.20191e-15
9464.2637,4.39415e-15
9465.458,4.54653e-15
9466.6523,4.544e-15
9467.8477,4.67037e-15
9469.042,4.52619e-15
9470.2373,4.4185e-15
9471.4316,4.25867e-15
9472.626,4.33851e-15
9473.8213,4.54669e-15
9475.0156,4.59281e-15
9476.21,4.6379e-15
9477.4043,4.64467e-15
9478.5996,4.5198e-15
9479.7939,4.56229e-15
9480.9883,4.50853e-15
9482.1826,4.67406e-15
9483.377,4.77828e-15
9484.5723,4.83169e-15
9485.7666,4.73019e-15
9486.9609,4.61365e-15
9488.1553,4.54163e-15
9489.3496,4.57101e-15
9490.5439,4.55927e-15
9491.7383,4.53072e-15
9492.9326,4.53643e-15
9494.127,4.61524e-15
9495.3223,4.66421e-15
9496.5156,4.65516e-15
9497.7109,4.87302e-15
9498.9053,4.8044e-15
9500.0986,4.8786e-15
9501.293,4.7637e-15
9502.4873,4.68293e-15
9503.6816,4.65359e-15
9504.876,4.71105e-15
9506.0703,4.66711e-15
9507.2646,4.819e-15
9508.459,4.91636e-15
9509.6533,4.93465e-15
9510.8467,4.80504e-15
9512.041,4.72992e-15
9513.2354,4.69653e-15
9514.4297,4.65347e-15
9515.624,4.79987e-15
9516.8174,4.93809e-15
9518.0117,4.90207e-15
9519.2061,4.8075e-15
9520.3994,4.72197e-15
9521.5938,4.58933e-15
9522.7881,4.51389e-15
9523.9814,4.63796e-15
9525.1758,4.64056e-15
9526.3701,4.73725e-15
9527.5635,4.64693e-15
9528.7578,4.65078e-15
9529.9521,4.56887e-15
9531.1455,4.56156e-15
9532.3398,4.61429e-15
9533.5332,4.7426e-15
9534.7275,4.8359e-15
9535.9209,4.83165e-15
9537.1152,4.79399e-15
9538.3086,4.75026e-15
9539.5029,4.7348e-15
9540.6963,4.70358e-15
9541.8896,4.6706e-15
9543.084,4.70191e-15
9544.2773,4.68569e-15
9545.4717,4.70087e-15
9546.665,4.71493e-15
9547.8584,4.72945e-15
9549.0527,4.66449e-15
9550.2461,4.60959e-15
9551.4395,4.6166e-15
9552.6328,4.55574e-15
9553.8271,4.54952e-15
9555.0205,4.57529e-15
9556.2139,4.57308e-15
9557.4072,4.67735e-15
9558.6006,4.73034e-15
9559.7949,4.67943e-15
9560.9883,4.6926e-15
9562.1816,4.65338e-15
9563.375,4.65367e-15
9564.5684,4.66236e-15
9565.7617,4.77746e-15
9566.9551,4.89668e-15
9568.1484,4.95617e-15
9569.3418,4.97176e-15
9570.5352,4.95441e-15
9571.7285,4.82042e-15
9572.9219,4.67078e-15
9574.1152,4.47932e-15
9575.3086,4.46673e-15
9576.502,4.38941e-15
9577.6953,4.39696e-15
9578.8887,4.53492e-15
9580.082,4.66184e-15
9581.2754,4.58577e-15
9582.4688,4.48822e-15
9583.6621,4.4659e-15
9584.8545,4.63927e-15
9586.0479,4.45615e-15
9587.2412,4.59667e-15
9588.4346,4.73636e-15
9589.6279,4.86409e-15
9590.8203,4.74146e-15
9592.0137,4.71193e-15
9593.207,4.75637e-15
9594.3994,4.69818e-15
9595.5928,4.66369e-15
9596.7861,4.68121e-15
9597.9785,4.78542e-15
9599.1719,4.65918e-15
9600.3652,4.57157e-15
9601.5576,4.51463e-15
9602.751,4.46133e-15
9603.9434,4.54107e-15
9605.1367,4.5798e-15
9606.3301,4.68597e-15
9607.5225,4.64632e-15
9608.7148,4.60122e-15
9609.9082,4.55083e-15
9611.1006,4.33735e-15
9612.2939,4.23739e-15
9613.4863,4.35111e-15
9614.6797,4.40802e-15
9615.8721,4.41639e-15
9617.0645,4.34681e-15
9618.2578,4.34598e-15
9619.4502,4.34666e-15
9620.6436,4.30304e-15
9621.8359,4.16394e-15
9623.0283,4.15542e-15
9624.2207,4.26216e-15
9625.4141,4.37067e-15
9626.6064,4.45982e-15
9627.7988,4.44869e-15
9628.9912,4.49493e-15
9630.1846,4.41928e-15
9631.377,4.34471e-15
9632.5693,4.32512e-15
9633.7617,4.23338e-15
9634.9541,4.28195e-15
9636.1465,4.37402e-15
9637.3389,4.40334e-15
9638.5312,4.34935e-15
9639.7236,4.32568e-15
9640.916,4.25793e-15
9642.1094,4.18786e-15
9643.3018,4.24958e-15
9644.4932,4.28163e-15
9645.6855,4.33766e-15
9646.8779,4.37332e-15
9648.0703,4.35015e-15
9649.2627,4.24867e-15
9650.4551,4.17308e-15
9651.6475,4.05256e-15
9652.8398,4.11815e-15
9654.0322,4.14078e-15
9655.2246,4.25794e-15
9656.416,4.28803e-15
9657.6084,4.33713e-15
9658.8008,4.36951e-15
9659.9932,4.31034e-15
9661.1855,4.40753e-15
9662.377,4.31921e-15
9663.5693,4.25179e-15
9664.7617,4.24633e-15
9665.9531,4.19488e-15
9667.1455,4.24835e-15
9668.3379,4.23382e-15
9669.5293,4.24897e-15
9670.7217,4.28249e-15
9671.9131,4.26284e-15
9673.1055,4.2056e-15
9674.2979,4.36358e-15
9675.4893,4.35266e-15
9676.6816,4.33285e-15
9677.873,4.31606e-15
9679.0654,4.24754e-15
9680.2568,4.23451e-15
9681.4492,4.15284e-15
9682.6406,4.16763e-15
9683.832,4.21425e-15
9685.0244,4.32125e-15
9686.2158,4.37949e-15
9687.4082,4.39899e-15
9688.5996,4.51323e-15
9689.791,4.47721e-15
9690.9834,4.41088e-15
9692.1748,4.4575e-15
9693.3662,4.50157e-15
9694.5576,4.46694e-15
9695.75,4.53162e-15
9696.9414,4.54991e-15
9698.1328,4.46425e-15
9699.3242,4.34048e-15
9700.5156,4.23731e-15
9701.708,4.30034e-15
9702.8994,4.28205e-15
9704.0908,4.31875e-15
9705.2822,4.36454e-15
9706.4736,4.42658e-15
9707.665,4.44152e-15
9708.8564,4.48772e-15
9710.0479,4.46811e-15
9711.2393,4.4553e-15
9712.4307,4.31598e-15
9713.6221,4.26874e-15
9714.8135,4.28852e-15
9716.0049,4.38563e-15
9717.1963,4.43123e-15
9718.3877,4.5133e-15
9719.5791,4.38119e-15
9720.7705,4.25009e-15
9721.9619,4.13906e-15
9723.1523,4.15327e-15
9724.3438,4.28481e-15
9725.5352,4.41571e-15
9726.7266,4.54264e-15
9727.918,4.50781e-15
9729.1084,4.44984e-15
9730.2998,4.4379e-15
9731.4912,4.39785e-15
9732.6826,4.28725e-15
9733.873,4.20855e-15
9735.0645,4.09553e-15
9736.2559,4.15256e-15
9737.4463,4.30756e-15
9738.6377,4.36642e-15
9739.8281,4.40369e-15
9741.0195,4.35786e-15
9742.21,4.33816e-15
9743.4014,4.358e-15
9744.5928,4.37918e-15
9745.7832,4.32393e-15
9746.9746,4.26212e-15
9748.165,4.26845e-15
9749.3555,4.42263e-15
9750.5469,4.49048e-15
9751.7373,4.49889e-15
9752.9287,4.50454e-15
9754.1191,4.32912e-15
9755.3096,4.2349e-15
9756.501,4.14874e-15
9757.6914,4.16192e-15
9758.8818,4.20227e-15
9760.0732,4.19954e-15
9761.2637,4.15527e-15
9762.4541,4.07122e-15
9763.6445,4.02263e-15
9764.8359,4.18952e-15
9766.0264,4.3026e-15
9767.2168,4.39459e-15
9768.4072,4.55479e-15
9769.5977,4.63035e-15
9770.7891,4.63353e-15
9771.9795,4.51884e-15
9773.1699,4.49214e-15
9774.3604,4.59701e-15
9775.5508,4.56535e-15
9776.7412,4.55586e-15
9777.9316,4.68059e-15
9779.1221,4.55827e-15
9780.3125,4.49131e-15
9781.5029,4.40318e-15
9782.6934,4.43593e-15
9783.8838,4.47866e-15
9785.0742,4.51706e-15
9786.2646,4.61771e-15
9787.4541,4.55389e-15
9788.6445,4.64751e-15
9789.835,4.51955e-15
9791.0254,4.41275e-15
9792.2158,4.47035e-15
9793.4062,4.52089e-15
9794.5957,4.7274e-15
9795.7861,4.82911e-15
9796.9766,4.81499e-15
9798.166,4.71505e-15
9799.3564,4.50344e-15
9800.5469,4.46053e-15
9801.7363,4.49175e-15
9802.9268,4.56983e-15
9804.1172,4.72139e-15
9805.3066,4.77898e-15
9806.4971,4.77656e-15
9807.6865,4.68398e-15
9808.877,4.57436e-15
9810.0674,4.61725e-15
9811.2568,4.60754e-15
9812.4473,4.63327e-15
9813.6367,4.71667e-15
9814.8271,4.64286e-15
9816.0166,4.64734e-15
9817.2061,4.55624e-15
9818.3965,4.61663e-15
9819.5859,4.59202e-15
9820.7764,4.66543e-15
9821.9658,4.5995e-15
9823.1553,4.49741e-15
9824.3457,4.43443e-15
9825.5352,4.4098e-15
9826.7246,4.45371e-15
9827.9141,4.45444e-15
9829.1045,4.59595e-15
9830.2939,4.54113e-15
9831.4834,4.61124e-15
9832.6729,4.62297e-15
9833.8623,4.6342e-15
9835.0527,4.52548e-15
9836.2422,4.52238e-15
9837.4316,4.48767e-15
9838.6211,4.46499e-15
9839.8105,4.45879e-15
9841.0,4.55645e-15
9842.1895,4.64036e-15
9843.3789,4.66583e-15
9844.5684,4.70011e-15
9845.7578,4.61532e-15
9846.9473,4.48315e-15
9848.1367,4.46456e-15
9849.3262,4.54243e-15
9850.5156,4.59595e-15
9851.7051,4.65451e-15
9852.8945,4.7282e-15
9854.083,4.82531e-15
9855.2725,4.72926e-15
9856.4619,4.70718e-15
9857.6514,4.6154e-15
9858.8408,4.64926e-15
9860.0293,4.66791e-15
9861.2188,4.63593e-15
9862.4082,4.55605e-15
9863.5977,4.52326e-15
9864.7861,4.54756e-15
9865.9756,4.57401e-15
9867.165,4.59346e-15
9868.3535,4.57209e-15
9869.543,4.61963e-15
9870.7314,4.60574e-15
9871.9209,4.51046e-15
9873.1104,4.4295e-15
9874.2988,4.33708e-15
9875.4883,4.31113e-15
9876.6768,4.41024e-15
9877.8662,4.401e-15
9879.0547,4.47598e-15
9880.2441,4.54844e-15
9881.4326,4.62555e-15
9882.6211,4.63868e-15
9883.8105,4.744e-15
9884.999,4.64014e-15
9886.1885,4.57406e-15
9887.377,4.45345e-15
9888.5654,4.47697e-15
9889.7549,4.44838e-15
9890.9434,4.51429e-15
9892.1318,4.58283e-15
9893.3203,4.70819e-15
9894.5098,4.74714e-15
9895.6982,4.75902e-15
9896.8867,4.66674e-15
9898.0752,4.62529e-15
9899.2637,4.59041e-15
9900.4521,4.58287e-15
9901.6406,4.54425e-15
9902.8301,4.53029e-15
9904.0186,4.53583e-15
9905.207,4.43679e-15
9906.3955,4.46079e-15
9907.584,4.41537e-15
9908.7725,4.48755e-15
9909.9609,4.61606e-15
9911.1494,4.64728e-15
9912.3379,4.64712e-15
9913.5264,4.64719e-15
9914.7148,4.57646e-15
9915.9023,4.565e-15
9917.0908,4.49818e-15
9918.2793,4.58495e-15
9919.4678,4.48229e-15
9920.6562,4.4783e-15
9921.8447,4.50048e-15
9923.0322,4.53992e-15
9924.2207,4.47676e-15
9925.4092,4.53059e-15
9926.5977,4.52506e-15
9927.7852,4.51329e-15
9928.9736,4.51139e-15
9930.1621,4.51309e-15
9931.3496,4.51274e-15
9932.5381,4.46932e-15
9933.7266,4.57948e-15
9934.9141,4.5805e-15
9936.1025,4.5997e-15
9937.29,4.57388e-15
9938.4785,4.65079e-15
9939.666,4.66577e-15
9940.8545,4.66322e-15
9942.042,4.69876e-15
9943.2305,4.72308e-15
9944.418,4.72209e-15
9945.6064,4.58193e-15
9946.7939,4.55874e-15
9947.9824,4.51869e-15
9949.1699,4.43248e-15
9950.3574,4.42811e-15
9951.5459,4.49092e-15
9952.7334,4.46139e-15
9953.9209,4.54384e-15
9955.1094,4.57783e-15
9956.2969,4.61834e-15
9957.4844,4.63875e-15
9958.6719,4.65621e-15
9959.8594,4.58123e-15
9961.0479,4.55056e-15
9962.2354,4.58279e-15
9963.4229,4.64187e-15
9964.6104,4.63973e-15
9965.7979,4.65746e-15
9966.9854,4.54743e-15
9968.1729,4.57656e-15
9969.3604,4.56058e-15
9970.5479,4.49152e-15
9971.7354,4.45081e-15
9972.9229,4.53252e-15
9974.1104,4.43059e-15
9975.2979,4.44197e-15
9976.4854,4.41269e-15
9977.6729,4.42256e-15
9978.8604,4.44341e-15
9980.0479,4.53519e-15
9981.2354,4.58558e-15
9982.4229,4.56787e-15
9983.6104,4.51495e-15
9984.7969,4.46154e-15
9985.9844,4.52136e-15
9987.1719,4.54378e-15
9988.3594,4.66998e-15
9989.5469,4.65233e-15
9990.7334,4.62002e-15
9991.9209,4.64652e-15
9993.1084,4.70491e-15
9994.2949,4.56859e-15
9995.4824,4.65145e-15
9996.6699,4.58571e-15
9997.8564,4.7366e-15
9999.0439,4.69165e-15
10000.231,4.79767e-15
10001.418,4.73623e-15
10002.605,4.72252e-15
10003.792,4.58048e-15
10004.979,4.6081e-15
10006.166,4.57845e-15
10007.353,4.57275e-15
10008.54,4.6217e-15
10009.727,4.47542e-15
10010.914,4.43696e-15
10012.101,4.40146e-15
10013.287,4.38637e-15
10014.474,4.36625e-15
10015.661,4.37119e-15
10016.848,4.45416e-15
10018.035,4.40718e-15
10019.222,4.30348e-15
10020.408,4.38847e-15
10021.595,4.32324e-15
10022.782,4.44374e-15
10023.969,4.56666e-15
10025.155,4.69559e-15
10026.342,4.87344e-15
10027.529,4.74894e-15
10028.715,4.80399e-15
10029.902,4.70444e-15
10031.088,4.69042e-15
10032.275,4.71647e-15
10033.462,4.61825e-15
10034.648,4.70869e-15
10035.835,4.7204e-15
10037.021,4.81627e-15
10038.208,4.66828e-15
10039.394,4.65423e-15
10040.581,4.64778e-15
10041.767,4.56294e-15
10042.954,4.50963e-15
10044.14,4.45799e-15
10045.326,4.56861e-15
10046.513,4.60218e-15
10047.699,4.57811e-15
10048.885,4.56503e-15
10050.072,4.56048e-15
10051.258,4.56268e-15
10052.444,4.63858e-15
10053.631,4.64715e-15
10054.817,4.56945e-15
10056.003,4.65488e-15
10057.189,4.61505e-15
10058.375,4.64209e-15
10059.562,4.58244e-15
10060.748,4.56281e-15
10061.934,4.52743e-15
10063.12,4.59376e-15
10064.306,4.71936e-15
10065.492,4.64797e-15
10066.678,4.61911e-15
10067.864,4.61319e-15
10069.05,4.63371e-15
10070.236,4.7115e-15
10071.422,4.72573e-15
10072.608,4.86254e-15
10073.794,4.87728e-15
10074.98,4.81324e-15
10076.166,4.77258e-15
10077.352,4.6936e-15
10078.538,4.69058e-15
10079.724,4.7e-15
10080.91,4.71372e-15
10082.095,4.73921e-15
10083.281,4.78234e-15
10084.467,4.83462e-15
10085.653,4.67e-15
10086.839,4.59153e-15
10088.024,4.50325e-15
10089.21,4.57538e-15
10090.396,4.60873e-15
10091.581,4.67127e-15
10092.767,4.66537e-15
10093.953,4.6407e-15
10095.138,4.69251e-15
10096.324,4.64939e-15
10097.51,4.62123e-15
10098.695,4.68469e-15
10099.881,4.67834e-15
10101.066,4.583e-15
10102.252,4.65687e-15
10103.437,4.67751e-15
10104.623,4.68201e-15
10105.808,4.65139e-15
10106.994,4.57243e-15
10108.179,4.59293e-15
10109.364,4.66415e-15
10110.55,4.52169e-15
10111.735,4.64798e-15
10112.921,4.60025e-15
10114.106,4.58941e-15
10115.291,4.49239e-15
10116.477,4.49759e-15
10117.662,4.52774e-15
10118.847,4.463e-15
10120.032,4.49942e-15
10121.218,4.53622e-15
10122.403,4.6298e-15
10123.588,4.60087e-15
10124.773,4.50793e-15
10125.958,4.42651e-15
10127.143,4.45026e-15
10128.329,4.3452e-15
10129.514,4.44834e-15
10130.699,4.43172e-15
10131.884,4.61236e-15
10133.069,4.5912e-15
10134.254,4.77328e-15
10135.439,4.68015e-15
10136.624,4.56961e-15
10137.809,4.58882e-15
10138.994,4.42742e-15
10140.179,4.5819e-15
10141.364,4.50393e-15
10142.549,4.61647e-15
10143.734,4.50901e-15
10144.918,4.45794e-15
10146.103,4.39943e-15
10147.288,4.40695e-15
10148.473,4.4036e-15
10149.658,4.52243e-15
10150.843,4.62355e-15
10152.027,4.48933e-15
10153.212,4.52193e-15
10154.397,4.48881e-15
10155.582,4.51823e-15
10156.766,4.45692e-15
10157.951,4.5168e-15
10159.136,4.41489e-15
10160.32,4.47882e-15
10161.505,4.52785e-15
10162.689,4.46911e-15
10163.874,4.48097e-15
10165.059,4.43947e-15
10166.243,4.34699e-15
10167.428,4.34483e-15
10168.612,4.28914e-15
10169.797,4.38895e-15
10170.981,4.33777e-15
10172.166,4.42774e-15
10173.35,4.46474e-15
10174.535,4.47236e-15
10175.719,4.34605e-15
10176.903,4.33863e-15
10178.088,4.3351e-15
10179.272,4.28648e-15
10180.456,4.24711e-15
10181.641,4.34747e-15
10182.825,4.51634e-15
10184.009,4.5154e-15
10185.194,4.48037e-15
10186.378,4.5323e-15
10187.562,4.54215e-15
10188.746,4.4987e-15
10189.93,4.48328e-15
10191.115,4.35616e-15
10192.299,4.45525e-15
10193.483,4.42647e-15
10194.667,4.57228e-15
10195.851,4.47923e-15
10197.035,4.46266e-15
10198.219,4.41397e-15
10199.403,4.45221e-15
10200.587,4.41468e-15
10201.772,4.56465e-15
10202.956,4.54057e-15
10204.14,4.53082e-15
10205.323,4.52533e-15
10206.507,4.53486e-15
10207.691,4.44331e-15
10208.875,4.43789e-15
10210.059,4.37723e-15
10211.243,4.57046e-15
10212.427,4.56242e-15
10213.611,4.60996e-15
10214.795,4.55602e-15
10215.978,4.66058e-15
10217.162,4.57645e-15
10218.346,4.5397e-15
10219.53,4.49356e-15
10220.714,4.52556e-15
10221.897,4.50801e-15
10223.081,4.39796e-15
10224.265,4.43092e-15
10225.448,4.50904e-15
10226.632,4.41809e-15
10227.816,4.57695e-15
10228.999,4.45612e-15
10230.183,4.48766e-15
10231.366,4.45421e-15
10232.55,4.3579e-15
10233.734,4.35214e-15
10234.917,4.37188e-15
10236.101,4.2987e-15
10237.284,4.28144e-15
10238.468,4.26331e-15
10239.651,4.36412e-15
10240.835,4.2706e-15
10242.018,4.28557e-15
10243.201,4.28152e-15
10244.385,4.26914e-15
10245.568,4.18888e-15
10246.752,4.27157e-15
10247.935,4.16004e-15
10249.118,4.16995e-15
10250.302,4.14645e-15
10251.485,4.14423e-15
10252.668,4.06964e-15
10253.851,4.1593e-15
10255.035,4.0076e-15
10256.218,3.96492e-15
10257.401,4.02262e-15
10258.584,3.98289e-15
10259.767,4.10883e-15
10260.951,4.01251e-15
10262.134,3.90352e-15
10263.317,3.97199e-15
10264.5,3.92747e-15
10265.683,4.00061e-15
10266.866,3.9007e-15
10268.049,3.93886e-15
10269.232,3.89879e-15
10270.415,3.99091e-15
10271.598,3.90237e-15
10272.781,4.05378e-15
10273.964,4.17721e-15
10275.147,4.44249e-15
