wav,flam
2789.8189605105,2.239435e+29
2791.2942284804826,-9.1673595e+27
2792.7694964504653,1.3518511e+28
2794.2447644204485,2.297525e+28
2795.7200323904312,8.357289e+26
2797.195300360414,3.205135e+27
2798.6705683303967,-2.4651076e+27
2800.1458363003794,-3.7847356e+27
2801.621104270362,-3.881326e+26
2803.0963722403453,-1.2970099e+27
2804.571640210328,-1.4627995e+27
2806.0469081803108,-4.583819e+26
2807.5221761502935,-4.14614e+26
2808.997444120276,-1.2908361e+26
2810.472712090259,-5.4720233e+25
2811.947980060242,-9.708518e+25
2813.423248030225,-6.7991125e+25
2814.8985160002076,-9.147009e+24
2816.3737839701903,-5.5073273e+24
2817.849051940173,1.8531658e+24
2819.3243199101557,2.8016088e+24
2820.799587880139,-2.8404873e+24
2822.2748558501216,3.2794492e+23
2823.7501238201044,2.8098789e+23
2825.225391790087,-2.6175676e+23
2826.70065976007,1.1759516e+23
2828.1759277300525,2.2576336e+23
2829.6511957000357,6.7008586e+22
2831.1264636700184,-1.3223911e+22
2832.601731640001,-3.5950216e+22
2834.076999609984,3.1871828e+21
2835.5522675799666,1.6063071e+22
2837.0275355499493,3.5421298e+21
2838.5028035199325,1.2066112e+21
2839.9780714899152,-5.1049084e+21
2841.453339459898,1.5454858e+21
2842.9286074298807,-1.4249286e+21
2844.4038753998634,-5.9036746e+19
2845.879143369846,-3.9976202e+20
2847.3544113398293,1.7255218e+19
2848.829679309812,1.6324952e+20
2850.3049472797948,-4.5868612e+19
2851.7802152497775,-7.57679e+19
2853.25548321976,-6.235901e+19
2854.730751189743,-3.0298131e+19
2856.2060191597257,-1.2923506e+19
2857.681287129709,9.704658e+17
2859.1565550996916,5.2512884e+18
2860.6318230696743,1.02897404e+18
2862.107091039657,3.3410882e+18
2863.5823590096397,6.488168e+17
2865.057626979623,-6.1420266e+17
2866.5328949496056,-2.8817062e+17
2868.0081629195884,-2.918518e+17
2869.483430889571,1.2319793e+17
2870.958698859554,5.7384577e+16
2872.4339668295365,1.3795125e+17
2873.9092347995197,4.590159e+16
2875.3845027695024,-3.9134874e+16
2876.859770739485,1.3800211e+16
2878.335038709468,2.2898837e+16
2879.8103066794506,471053520000000.0
2881.2855746494333,1.6487241e+16
2882.7608426194165,6346724700000000.0
2884.2361105893992,-451170500000000.0
2885.711378559382,-807933950000000.0
2887.1866465293647,1669338400000000.0
2888.6619144993474,-696871600000000.0
2890.13718246933,-620936600000000.0
2891.6124504393133,-334499430000000.0
2893.087718409296,116218540000000.0
2894.5629863792788,43625627000000.0
2896.0382543492615,58322212000000.0
2897.513522319244,92282200000000.0
2898.988790289227,4448472500000.0
2900.46405825921,49359295000000.0
2901.939326229193,821572000000.0
2903.4145941991756,-5955030000000.0
2904.8898621691583,-1422063000000.0
2906.365130139141,-618346900000.0
2907.8403981091237,-2835304400000.0
2909.315666079107,-2237839200000.0
2910.7909340490896,1194828900000.0
2912.2662020190724,1331771500000.0
2913.741469989055,431733570000.0
2915.216737959038,-120944480000.0
2916.6920059290205,269297010000.0
2918.1672738990037,-201467250000.0
2919.6425418689864,-73142650000.0
2921.117809838969,172450790000.0
2922.593077808952,81160600000.0
2924.0683457789346,-7218656000.0
2925.5436137489173,18520332000.0
2927.0188817189,31948171000.0
2928.494149688883,-11232517000.0
2929.969417658866,4956745000.0
2931.4446856288487,2536157400.0
2932.9199535988314,1466339800.0
2934.395221568814,-82017910.0
2935.8704895387973,1036271200.0
2937.34575750878,531260930.0
2938.8210254787627,-317708930.0
2940.2962934487455,1280072700.0
2941.771561418728,96152550.0
2943.246829388711,-93903710.0
2944.722097358694,35540700.0
2946.197365328677,-50704256.0
2947.6726332986595,115058350.0
2949.1479012686423,121856760.0
2950.623169238625,68361680.0
2952.0984372086077,12451484.0
2953.573705178591,-38661030.0
2955.0489731485736,-5304024.0
2956.5242411185563,-4181718.5
2957.999509088539,-729174.7
2959.474777058522,-2191108.8
2960.9500450285045,2817239.2
2962.4253129984877,-1358910.2
2963.9005809684704,360171.25
2965.375848938453,314835.9
2966.851116908436,-227641.16
2968.3263848784186,-403192.1
2969.8016528484013,-1010453.5
2971.2769208183845,355970.97
2972.752188788367,63752.18
2974.22745675835,-79366.17
2975.7027247283327,25279.627
2977.1779926983154,63443.87
2978.653260668298,30263.924
2980.1285286382813,-7570.1445
2981.603796608264,-43963.18
2983.0790645782467,-26175.512
2984.5543325482295,-13489.915
2986.029600518212,-1219.8579
2987.504868488195,-11091.45
2988.980136458178,8665.403
2990.455404428161,7047.636
2991.9306723981435,-1156.1675
2993.4059403681263,6650.193
2994.881208338109,4485.329
2996.3564763080917,-326.44052
2997.831744278075,-543.1123
2999.3070122480576,-428.26062
3000.7822802180403,-14.717678
3002.257548188023,67.20381
3003.732816158006,-281.85132
3005.2080841279885,39.308186
3006.6833520979717,40.916943
3008.1586200679544,7.161196
3009.633888037937,-101.63954
3011.10915600792,47.800556
3012.5844239779026,32.516243
3014.0596919478853,38.424515
3015.5349599178685,27.764744
3017.010227887851,29.112928
3018.485495857834,3.1121747
3019.9607638278167,-11.495487
3021.4360317977994,-5.3006973
3022.911299767782,5.181582
3024.3865677377653,9.860674
3025.861835707748,1.3790927
3027.3371036777307,4.212352
3028.8123716477135,0.8917093
3030.287639617696,-1.0574514
3031.762907587679,1.0440015
3033.238175557662,-0.76093835
3034.713443527645,-0.20893645
3036.1887114976275,-0.6748778
3037.6639794676103,0.30082822
3039.139247437593,0.25222847
3040.6145154075757,0.16324916
3042.089783377559,0.17025124
3043.5650513475416,0.1358502
3045.0403193175243,-0.04354302
3046.515587287507,-0.013479356
3047.99085525749,0.14301598
3049.4661232274725,0.16301394
3050.9413911974552,-0.04948056
3052.4166591674384,0.06758242
3053.891927137421,0.049412504
3055.367195107404,-0.012557798
3056.8424630773866,0.030529164
3058.3177310473693,0.020877242
3059.7929990173525,0.0016385636
3061.268266987335,0.01020329
3062.743534957318,0.007407948
3064.2188029273007,-0.0013512899
3065.6940708972834,0.005756983
3067.169338867266,0.0017874794
3068.644606837249,-0.0030188886
3070.119874807232,0.0016520907
3071.5951427772147,0.0011006468
3073.0704107471975,0.00028907956
3074.54567871718,0.002473434
3076.020946687163,0.0018466015
3077.496214657146,-0.00059955765
3078.971482627129,0.0005475599
3080.4467505971115,-0.0003228326
3081.9220185670943,-2.0009591e-05
3083.397286537077,-0.00014924118
3084.8725545070597,-9.250756e-05
3086.347822477043,-6.1849532e-06
3087.8230904470256,-3.5873127e-05
3089.2983584170083,-4.8838832e-05
3090.773626386991,-1.7452636e-05
3092.248894356974,-7.293062e-06
3093.7241623269565,1.3919112e-05
3095.1994302969397,9.302147e-05
3096.6746982669224,-6.913702e-07
3098.149966236905,-3.860981e-06
3099.625234206888,-4.857903e-06
3101.1005021768706,1.4214968e-05
3102.5757701468533,1.4364236e-05
3104.0510381168365,-1.842979e-05
3105.526306086819,3.1299119e-06
3107.001574056802,5.443084e-06
3108.4768420267847,-2.3628072e-06
3109.9521099967674,-5.49316e-07
3111.42737796675,5.4996485e-06
3112.9026459367333,2.2712711e-06
3114.377913906716,4.9204533e-07
3115.8531818766987,4.5346187e-07
3117.3284498466815,2.9749222e-06
3118.803717816664,-7.484178e-07
3120.278985786647,-3.6483883e-07
3121.75425375663,-7.0088953e-07
3123.229521726613,-2.4813787e-07
3124.7047896965955,-6.8985923e-07
3126.1800576665783,-4.6970953e-08
3127.655325636561,-7.374642e-08
3129.1305936065437,7.378896e-07
3130.605861576527,5.3993693e-07
3132.0811295465096,2.0655615e-07
3133.5563975164923,-9.95078e-08
3135.031665486475,1.3525867e-07
3136.506933456458,3.6815234e-07
3137.9822014264405,2.494421e-07
3139.4574693964237,6.3696554e-08
3140.9327373664064,1.116612e-07
3142.408005336389,-5.432597e-08
3143.883273306372,2.24228e-08
3145.3585412763546,-1.6475792e-09
3146.8338092463373,-3.5269295e-08
3148.3090772163205,1.2953453e-07
3149.784345186303,-9.771879e-09
3151.259613156286,9.4690265e-09
3152.7348811262686,-3.390425e-08
3154.2101490962514,4.001551e-08
3155.685417066234,1.9840517e-08
3157.1606850362173,2.1969974e-08
3158.6359530062,-4.7125717e-09
3160.1112209761827,-5.668531e-09
3161.5864889461654,1.1443546e-08
3163.061756916148,1.16319246e-10
3164.537024886131,1.5080568e-09
3166.012292856114,6.1641603e-09
3167.487560826097,2.3026234e-09
3168.9628287960795,-1.2913473e-09
3170.4380967660622,2.3997433e-09
3171.913364736045,3.1736627e-09
3173.3886327060277,-5.1309035e-10
3174.863900676011,2.1966864e-09
3176.3391686459936,3.4659722e-09
3177.8144366159763,3.734624e-09
3179.289704585959,6.266466e-11
3180.7649725559418,2.3951083e-10
3182.2402405259245,1.6640277e-10
3183.7155084959077,-2.6051397e-10
3185.1907764658904,-8.6372953e-10
3186.666044435873,7.208277e-10
3188.141312405856,-9.757329e-10
3189.6165803758386,-6.661589e-10
3191.0918483458213,-1.9774428e-10
3192.5671163158045,2.2236152e-10
3194.042384285787,-1.4772569e-10
3195.51765225577,-3.3344422e-10
3196.9929202257526,-5.3068544e-10
3198.4681881957354,2.0051341e-10
3199.943456165718,5.861731e-10
3201.4187241357013,3.4408645e-10
3202.893992105684,1.2387022e-11
3204.3692600756667,-3.978894e-10
3205.8445280456494,-8.2977854e-11
3207.319796015632,1.3272997e-10
3208.795063985615,2.0075953e-11
3210.270331955598,-5.7040487e-11
3211.745599925581,-2.6226712e-10
3213.2208678955635,-5.4109658e-11
3214.6961358655462,3.257375e-11
3216.171403835529,1.3435611e-10
3217.6466718055117,-5.381895e-11
3219.121939775495,-1.5304091e-11
3220.5972077454776,-3.035689e-12
3222.0724757154603,-1.03203036e-10
3223.547743685443,-2.5806319e-11
3225.0230116554258,-3.822359e-11
3226.4982796254085,2.159725e-11
3227.9735475953917,2.976945e-11
3229.4488155653744,-1.4490823e-11
3230.924083535357,-9.991829e-12
3232.39935150534,1.0332855e-11
3233.8746194753226,5.1419906e-12
3235.3498874453053,5.495212e-12
3236.8251554152885,-2.6249365e-12
3238.300423385271,1.3984513e-11
3239.775691355254,6.769692e-12
3241.2509593252366,7.2458675e-12
3242.7262272952194,8.6171637e-14
3244.201495265202,1.21310045e-11
3245.6767632351853,9.206676e-13
3247.152031205168,1.6664002e-11
3248.6272991751507,4.406742e-12
3250.1025671451334,8.659418e-12
3251.577835115116,2.6048102e-12
3253.053103085099,2.3972725e-12
3254.528371055082,2.8325365e-12
3256.003639025065,1.0155119e-11
3257.4789069950475,4.1354012e-12
3258.9541749650302,2.5319666e-12
3260.429442935013,7.974144e-13
3261.904710904996,3.3524186e-12
3263.379978874979,-2.5673487e-13
3264.8552468449616,9.1772943e-14
3266.3305148149443,2.5167399e-12
3267.805782784927,1.7957261e-12
3269.2810507549098,1.3401813e-12
3270.7563187248925,-1.2359908e-12
3272.2315866948757,1.3007589e-12
3273.7068546648584,2.1515842e-12
3275.182122634841,3.0188108e-13
3276.657390604824,-2.1748162e-13
3278.1326585748066,4.669138e-13
3279.6079265447897,-2.1423332e-13
3281.0831945147725,-6.7601816e-13
3282.558462484755,7.9299794e-13
3284.033730454738,-2.273815e-13
3285.5089984247206,4.0064938e-13
3286.9842663947034,5.6773087e-13
3288.459534364686,-2.1750134e-13
3289.9348023346693,6.7335455e-13
3291.410070304652,2.7430928e-13
3292.8853382746347,2.680357e-13
3294.3606062446174,-9.653915e-14
3295.8358742146,-1.8845945e-13
3297.3111421845833,-1.3360869e-13
3298.786410154566,1.3753189e-13
3300.261678124549,-1.7137034e-13
3301.7369460945315,2.2364224e-14
3303.2122140645142,-1.2250364e-13
3304.687482034497,7.688613e-15
3306.1627500044797,8.94695e-14
3307.638017974463,-2.8650037e-13
3309.1132859444456,-5.70272e-14
3310.5885539144283,4.1942768e-13
3312.063821884411,-3.0624923e-14
3313.5390898543938,1.6279006e-13
3315.014357824377,4.1786385e-13
3316.489625794359,4.2742494e-13
3317.9648937643424,6.6816595e-14
3319.440161734325,9.749234e-14
3320.915429704308,8.4584195e-14
3322.3906976742905,3.6613667e-14
3323.8659656442733,6.820743e-14
3325.3412336142565,-4.9016052e-14
3326.816501584239,-3.493041e-14
3328.291769554222,-2.492058e-14
3329.7670375242046,1.3950496e-14
3331.2423054941873,1.959362e-15
3332.7175734641705,-1.3907765e-13
3334.192841434153,8.274153e-15
3335.668109404136,4.252824e-14
3337.1433773741187,7.2728316e-15
3338.6186453441014,4.6977335e-14
3340.093913314084,-3.8549967e-14
3341.569181284067,7.3735106e-14
3343.04444925405,1.2894707e-14
3344.519717224033,4.585268e-14
3345.9949851940155,3.2007977e-15
3347.470253163998,1.7924225e-15
3348.945521133981,-5.2587187e-14
3350.420789103964,-1.7223875e-14
3351.8960570739464,-5.8042496e-15
3353.3713250439296,-4.171364e-15
3354.8465930139123,-3.1058464e-15
3356.321860983895,-1.4494523e-14
3357.7971289538777,-4.6388905e-14
3359.2723969238605,-1.473737e-14
3360.7476648938436,3.2957188e-14
3362.2229328638264,1.5137068e-14
3363.698200833809,3.412812e-15
3365.173468803792,-2.8567636e-14
3366.6487367737745,1.314419e-14
3368.1240047437577,-1.23420485e-14
3369.5992727137404,5.475979e-14
3371.074540683723,2.0582479e-14
3372.549808653706,-1.1843512e-14
3374.0250766236886,-5.6324002e-15
3375.5003445936713,-1.11414834e-14
3376.975612563654,4.131439e-15
3378.4508805336372,-2.89349e-15
3379.92614850362,4.226498e-15
3381.4014164736027,2.4461576e-14
3382.8766844435854,2.0728409e-14
3384.351952413568,2.3813796e-15
3385.8272203835513,9.522012e-15
3387.302488353534,2.7768811e-14
3388.7777563235168,7.0706655e-15
3390.2530242934995,5.063176e-15
3391.728292263482,-1.5426949e-15
3393.203560233465,7.155286e-15
3394.6788282034477,1.436852e-14
3396.154096173431,-5.7973463e-15
3397.6293641434136,-7.809767e-15
3399.1046321133963,3.683577e-15
3400.579900083379,4.176978e-15
3402.0551680533617,1.6432138e-15
3403.530436023345,6.9136413e-15
3405.0057039933276,1.8268347e-15
3406.4809719633104,-5.2032925e-15
3407.956239933293,-8.067009e-15
3409.431507903276,-5.6180127e-16
3410.9067758732585,5.2831245e-15
3412.3820438432413,-2.9568292e-15
3413.8573118132244,-3.5031235e-15
3415.332579783207,-3.7174646e-15
3416.80784775319,8.493378e-16
3418.2831157231726,-1.3882647e-15
3419.7583836931553,-1.1661447e-16
3421.2336516631385,9.149767e-16
3422.7089196331212,5.4746865e-15
3424.184187603104,7.002719e-15
3425.6594555730867,-8.202272e-16
3427.1347235430694,4.105752e-15
3428.609991513052,8.494321e-15
3430.085259483035,-7.507843e-17
3431.560527453018,-1.1699642e-15
3433.0357954230008,-4.4210122e-16
3434.5110633929835,-4.0206518e-16
3435.986331362966,7.708349e-15
3437.461599332949,1.578568e-15
3438.936867302932,3.8881286e-15
3440.412135272915,4.4673496e-15
3441.8874032428976,1.8745504e-15
3443.3626712128803,5.342738e-15
3444.837939182863,4.686403e-15
3446.3132071528457,6.310554e-15
3447.7884751228285,4.433363e-15
3449.2637430928116,4.316842e-15
3450.7390110627944,1.5572193e-15
3452.214279032777,4.3518833e-15
3453.68954700276,-4.9832637e-16
3455.1648149727425,8.5943605e-16
3456.6400829427257,-4.164914e-15
3458.1153509127084,-5.5063134e-16
3459.590618882691,-2.6128961e-15
3461.065886852674,-4.8854573e-15
3462.5411548226566,1.9313802e-16
3464.0164227926393,-1.4982969e-15
3465.491690762622,-6.199138e-16
3466.9669587326052,1.1430157e-15
3468.442226702588,-2.5421847e-15
3469.9174946725707,-6.028015e-16
3471.3927626425534,-1.3355961e-16
3472.868030612536,3.8113226e-15
3474.3432985825193,1.2636652e-15
3475.818566552502,2.7207175e-15
3477.2938345224848,1.448928e-15
3478.7691024924675,2.0041797e-15
3480.24437046245,4.4391337e-15
3481.719638432433,-7.6840923e-16
3483.1949064024157,-9.76247e-16
3484.670174372399,3.1602422e-15
3486.1454423423816,2.5251744e-15
3487.6207103123643,1.0424919e-15
3489.095978282347,1.4934567e-15
3490.5712462523297,1.0587385e-15
3492.046514222313,9.757866e-16
3493.5217821922956,1.6357507e-15
3494.9970501622784,1.4742467e-15
3496.472318132261,1.9527188e-15
3497.947586102244,-1.4010767e-16
3499.4228540722265,8.617706e-16
3500.8981220422093,-8.6153505e-16
3502.3733900121924,2.9607096e-15
3503.848657982175,2.0428709e-15
3505.323925952158,9.035214e-16
3506.7991939221406,8.1370575e-16
3508.2744618921233,1.9395595e-17
3509.7497298621065,-5.279685e-16
3511.2249978320892,-4.961097e-16
3512.700265802072,-5.944728e-16
3514.1755337720547,-2.1037853e-15
3515.6508017420374,-1.8961157e-15
3517.12606971202,-2.9114886e-16
3518.601337682003,-1.417267e-15
3520.076605651986,-2.0427479e-15
3521.5518736219688,-4.335436e-16
3523.0271415919515,-2.759326e-16
3524.502409561934,1.5361003e-15
3525.977677531917,1.7021907e-15
3527.4529455019,1.678172e-15
3528.928213471883,-4.963582e-17
3530.4034814418656,1.349346e-16
3531.8787494118483,1.2122315e-15
3533.354017381831,5.709734e-16
3534.8292853518137,1.2073827e-15
3536.3045533217964,7.8888736e-16
3537.7798212917796,1.7872613e-15
3539.2550892617624,1.0978989e-15
3540.730357231745,1.3361797e-15
3542.205625201728,1.248947e-15
3543.6808931717105,1.9079174e-15
3545.1561611416937,4.3526784e-16
3546.6314291116764,1.5391092e-15
3548.106697081659,2.4958745e-15
3549.581965051642,1.6963137e-15
3551.0572330216246,2.0194564e-15
3552.5325009916073,6.2852084e-16
3554.00776896159,1.533632e-15
3555.483036931573,1.5704763e-15
3556.958304901556,1.2766175e-15
3558.4335728715387,3.915284e-16
3559.9088408415214,3.1477454e-16
3561.384108811504,1.6808043e-15
3562.8593767814873,1.6109113e-15
3564.33464475147,1.4550905e-15
3565.8099127214527,2.2320125e-15
3567.2851806914355,1.7389469e-15
3568.760448661418,2.1060386e-15
3570.235716631401,8.098333e-16
3571.7109846013836,1.4144453e-15
3573.186252571367,1.8100828e-16
3574.6615205413495,6.5548566e-16
3576.1367885113323,1.0453732e-15
3577.612056481315,3.4127998e-18
3579.0873244512977,5.527943e-16
3580.562592421281,1.6752887e-15
3582.0378603912636,1.3163471e-15
3583.5131283612463,6.642718e-16
3584.988396331229,2.8488736e-16
3586.463664301212,3.1677823e-16
3587.9389322711945,6.441415e-16
3589.4142002411772,2.6534601e-16
3590.8894682111604,1.0979978e-15
3592.364736181143,3.893694e-16
3593.840004151126,1.3226151e-15
3595.3152721211086,5.0204963e-17
3596.7905400910913,8.5524e-16
3598.2658080610745,6.192413e-16
3599.741076031057,5.891114e-16
3601.21634400104,1.0194512e-15
3602.6916119710227,6.947596e-16
3604.1668799410054,9.516275e-16
3605.642147910988,1.7394123e-15
3607.117415880971,1.3856186e-15
3608.592683850954,1.1342427e-15
3610.0679518209367,8.5254057e-16
3611.5432197909195,1.0907454e-15
3613.018487760902,1.1683113e-15
3614.493755730885,1.1605968e-15
3615.969023700868,7.206314e-16
3617.444291670851,8.429197e-16
3618.9195596408335,1.094826e-15
3620.3948276108163,5.0221155e-16
3621.870095580799,2.7800135e-16
3623.3453635507817,2.904034e-16
3624.8206315207644,-5.8570534e-16
3626.2958994907476,3.9063987e-16
3627.7711674607303,8.667438e-16
3629.246435430713,4.01828e-16
3630.721703400696,1.1695987e-15
3632.1969713706785,1.9392815e-15
3633.6722393406617,1.1078509e-15
3635.1475073106444,6.0958547e-16
3636.622775280627,1.0307991e-15
3638.09804325061,7.4059214e-16
3639.5733112205926,1.4036179e-15
3641.0485791905753,1.7414947e-15
3642.523847160558,1.427496e-15
3643.999115130541,1.5706943e-15
3645.474383100524,1.5425663e-15
3646.9496510705067,1.111416e-15
3648.4249190404894,1.2102605e-15
3649.900187010472,8.3145617e-16
3651.3754549804553,1.7083037e-15
3652.850722950438,8.751776e-16
3654.3259909204207,1.7162656e-15
3655.8012588904035,1.4573142e-15
3657.276526860386,1.3468291e-15
3658.751794830369,1.6549565e-15
3660.2270628003516,1.114357e-15
3661.702330770335,1.1256551e-15
3663.1775987403175,1.3807934e-15
3664.6528667103003,1.1964593e-15
3666.128134680283,6.1308615e-16
3667.6034026502657,8.4428777e-16
3669.078670620249,6.52145e-16
3670.5539385902316,6.076538e-16
3672.0292065602143,1.2888736e-15
3673.504474530197,1.5283787e-15
3674.97974250018,1.9311161e-15
3676.4550104701625,2.1334208e-15
3677.9302784401452,1.1158793e-15
3679.4055464101284,1.2259689e-15
3680.880814380111,7.6799726e-16
3682.356082350094,1.3983375e-15
3683.8313503200766,1.3830638e-15
3685.3066182900593,1.3248657e-15
3686.7818862600425,1.2992889e-15
3688.257154230025,1.5772285e-15
3689.732422200008,1.4362228e-15
3691.2076901699907,1.0866038e-15
3692.6829581399734,1.3611483e-15
3694.158226109956,1.3613172e-15
3695.633494079939,1.1094102e-15
3697.108762049922,9.107389e-16
3698.5840300199047,1.1873768e-15
3700.0592979898875,1.6509972e-15
3701.53456595987,1.1686227e-15
3703.009833929853,1.262414e-15
3704.485101899836,1.4821379e-15
3705.960369869819,1.4421817e-15
3707.4356378398015,1.2191191e-15
3708.9109058097843,1.4934422e-15
3710.386173779767,1.2296883e-15
3711.8614417497497,1.6967494e-15
3713.3367097197324,1.274329e-15
3714.8119776897156,1.2675042e-15
3716.2872456596983,1.1988224e-15
3717.762513629681,9.635208e-16
3719.237781599664,1.1780288e-15
3720.7130495696465,1.347129e-15
3722.1883175396297,1.0776725e-15
3723.6635855096124,9.731657e-16
3725.138853479595,1.2880809e-15
3726.614121449578,1.1601656e-15
3728.0893894195606,1.0816811e-15
3729.5646573895433,7.5049406e-16
3731.039925359526,1.3322602e-15
3732.515193329509,1.3409616e-15
3733.990461299492,1.413581e-15
3735.4657292694747,1.3124142e-15
3736.9409972394574,1.1010037e-15
3738.41626520944,1.3684546e-15
3739.8915331794233,1.2991643e-15
3741.366801149406,1.1340956e-15
3742.8420691193887,1.3703826e-15
3744.3173370893714,1.2066644e-15
3745.792605059354,8.4153634e-16
3747.2678730293374,1.4936623e-15
3748.7431409993196,1.5226153e-15
3750.218408969303,1.3235233e-15
3751.6936769392855,1.2860397e-15
3753.1689449092682,1.099895e-15
3754.644212879251,9.07328e-16
3756.1194808492337,8.1259566e-16
3757.594748819217,1.0970559e-15
3759.0700167891996,8.2459806e-16
3760.5452847591823,1.1786982e-15
3762.020552729165,1.5112939e-15
3763.4958206991478,1.3097722e-15
3764.971088669131,8.6746905e-16
3766.446356639113,1.0242318e-15
3767.9216246090964,9.542666e-16
3769.396892579079,1.028864e-15
3770.872160549062,1.2572055e-15
3772.3474285190446,1.1700568e-15
3773.8226964890273,1.2570257e-15
3775.2979644590105,1.3509593e-15
3776.773232428993,1.341957e-15
3778.248500398976,1.2601981e-15
3779.7237683689586,1.2786875e-15
3781.1990363389414,1.3285848e-15
3782.6743043089245,1.1765507e-15
3784.149572278907,1.3571325e-15
3785.62484024889,1.2892676e-15
3787.1001082188727,1.3145347e-15
3788.5753761888554,1.2243609e-15
3790.050644158838,1.1462787e-15
3791.525912128821,1.0526924e-15
3793.001180098804,1.1092481e-15
3794.476448068787,1.1796198e-15
3795.9517160387695,1.2908211e-15
3797.4269840087522,1.296358e-15
3798.902251978735,1.5242362e-15
3800.377519948718,1.5033127e-15
3801.8527879187004,1.219336e-15
3803.3280558886836,1.3403266e-15
3804.8033238586663,1.2953631e-15
3806.278591828649,1.2710195e-15
3807.7538597986318,1.2382342e-15
3809.2291277686145,1.3757032e-15
3810.7043957385977,1.4874093e-15
3812.1796637085804,1.5396232e-15
3813.654931678563,1.3701412e-15
3815.130199648546,1.1318085e-15
3816.6054676185286,1.2002845e-15
3818.0807355885117,1.1396626e-15
3819.556003558494,1.2263014e-15
3821.031271528477,1.3271276e-15
3822.50653949846,1.2825337e-15
3823.9818074684426,1.3419361e-15
3825.4570754384254,9.100447e-16
3826.932343408408,7.52241e-16
3828.4076113783913,8.395175e-16
3829.8828793483735,8.489753e-16
3831.3581473183567,8.4651176e-16
3832.8334152883394,1.1183393e-15
3834.308683258322,1.0234395e-15
3835.7839512283053,1.1276042e-15
3837.2592191982876,9.422084e-16
3838.734487168271,1.1327863e-15
3840.2097551382535,1.4031607e-15
3841.6850231082362,1.4278245e-15
3843.160291078219,1.1785897e-15
3844.6355590482017,1.1137668e-15
3846.110827018185,1.2698811e-15
3847.586094988167,9.743683e-16
3849.0613629581503,1.1108505e-15
3850.536630928133,1.2051787e-15
3852.0118988981158,1.282738e-15
3853.487166868099,1.2455599e-15
3854.962434838081,1.2752741e-15
3856.4377028080644,1.2320587e-15
3857.912970778047,1.1754723e-15
3859.38823874803,1.2073994e-15
3860.8635067180126,1.2440788e-15
3862.3387746879953,1.0620457e-15
3863.8140426579785,1.3071634e-15
3865.2893106279607,1.4301541e-15
3866.764578597944,1.5687873e-15
3868.2398465679266,1.3796747e-15
3869.7151145379094,1.3098616e-15
3871.1903825078925,1.2763692e-15
3872.665650477875,1.2236587e-15
3874.140918447858,1.3947111e-15
3875.6161864178407,1.114437e-15
3877.0914543878234,1.1879017e-15
3878.566722357806,1.1398072e-15
3880.041990327789,1.2290382e-15
3881.517258297772,1.311341e-15
3882.9925262677543,1.2382343e-15
3884.4677942377375,1.0572027e-15
3885.9430622077202,1.0440246e-15
3887.418330177703,1.2352083e-15
3888.893598147686,9.931225e-16
3890.3688661176684,1.1236013e-15
3891.8441340876516,1.2377324e-15
3893.3194020576343,1.0501118e-15
3894.794670027617,1.2694094e-15
3896.2699379975998,1.3471204e-15
3897.7452059675825,1.3011939e-15
3899.2204739375657,1.1318672e-15
3900.695741907548,1.1822877e-15
3902.171009877531,1.1619512e-15
3903.646277847514,1.3604878e-15
3905.1215458174966,1.4434864e-15
3906.5968137874797,1.2242712e-15
3908.072081757462,1.2363065e-15
3909.547349727445,1.185431e-15
3911.022617697428,1.0636526e-15
3912.4978856674106,1.1548541e-15
3913.9731536373934,1.298967e-15
3915.448421607376,1.155648e-15
3916.9236895773593,1.2095868e-15
3918.3989575473415,1.1632231e-15
3919.8742255173247,1.1684504e-15
3921.3494934873074,1.2511893e-15
3922.82476145729,1.1423987e-15
3924.3000294272733,9.01891e-16
3925.7752973972556,7.949261e-16
3927.250565367239,3.8449224e-16
3928.7258333372215,4.628273e-16
3930.201101307204,4.531263e-16
3931.6763692771874,4.4184605e-16
3933.1516372471697,6.1576527e-16
3934.626905217153,7.2830174e-16
3936.1021731871356,9.728704e-16
3937.5774411571183,1.1122034e-15
3939.052709127101,1.2033206e-15
3940.5279770970837,1.2119189e-15
3942.003245067067,1.1799326e-15
3943.478513037049,1.1268192e-15
3944.9537810070324,1.1881376e-15
3946.429048977015,1.0877733e-15
3947.904316946998,1.2758275e-15
3949.379584916981,1.2754689e-15
3950.8548528869633,1.1458669e-15
3952.3301208569465,1.2342988e-15
3953.805388826929,1.2565032e-15
3955.280656796912,1.1018433e-15
3956.7559247668946,1.2427419e-15
3958.2311927368773,1.2543678e-15
3959.7064607068605,1.1274915e-15
3961.181728676843,1.0917267e-15
3962.656996646826,8.407188e-16
3964.1322646168087,6.6375513e-16
3965.6075325867914,5.2676825e-16
3967.0828005567746,4.9817586e-16
3968.558068526757,7.276183e-16
3970.03333649674,8.8223844e-16
3971.5086044667228,1.0858886e-15
3972.9838724367055,1.0910971e-15
3974.459140406688,1.1351817e-15
3975.934408376671,1.1210826e-15
3977.409676346654,1.1398722e-15
3978.8849443166364,1.2611163e-15
3980.3602122866196,1.1320865e-15
3981.8354802566023,1.123101e-15
3983.310748226585,1.3305822e-15
3984.786016196568,1.2665201e-15
3986.2612841665505,1.4334524e-15
3987.7365521365336,1.3687283e-15
3989.2118201065164,1.3919555e-15
3990.687088076499,1.2585424e-15
3992.162356046482,1.2858118e-15
3993.6376240164645,1.2797143e-15
3995.1128919864477,1.3197102e-15
3996.58815995643,1.2291301e-15
3998.063427926413,1.2765513e-15
3999.538695896396,1.2022017e-15
4001.0139638663786,1.3096902e-15
4002.489231836362,1.2650048e-15
4003.964499806344,1.3196956e-15
4005.4397677763272,1.344882e-15
4006.91503574631,1.3814646e-15
4008.3903037162927,1.2235867e-15
4009.8655716862754,1.2072605e-15
4011.340839656258,1.1658664e-15
4012.8161076262413,1.2490371e-15
4014.2913755962236,1.2975105e-15
4015.7666435662068,1.2912329e-15
4017.2419115361895,1.4193267e-15
4018.717179506172,1.4297306e-15
4020.1924474761554,1.5649119e-15
4021.6677154461377,1.3497259e-15
4023.142983416121,1.288851e-15
4024.6182513861036,1.2417078e-15
4026.0935193560863,1.3348676e-15
4027.568787326069,1.4262739e-15
4029.0440552960517,1.3241075e-15
4030.519323266035,1.4071718e-15
4031.994591236017,1.3619043e-15
4033.4698592060004,1.2608408e-15
4034.945127175983,1.3826429e-15
4036.420395145966,1.2466116e-15
4037.895663115949,1.2839618e-15
4039.3709310859313,1.361261e-15
4040.8461990559144,1.1768396e-15
4042.321467025897,1.1088517e-15
4043.79673499588,1.2824543e-15
4045.2720029658626,1.1656677e-15
4046.7472709358453,1.2293972e-15
4048.2225389058285,1.257793e-15
4049.697806875811,1.1964138e-15
4051.173074845794,1.255402e-15
4052.6483428157767,1.3044358e-15
4054.1236107857594,1.5120694e-15
4055.5988787557426,1.4538997e-15
4057.074146725725,1.4938024e-15
4058.549414695708,1.4275903e-15
4060.0246826656908,1.1730324e-15
4061.4999506356735,1.2668415e-15
4062.975218605656,1.3996175e-15
4064.450486575639,1.32858e-15
4065.925754545622,1.3717917e-15
4067.4010225156044,1.3084672e-15
4068.8762904855876,1.42598e-15
4070.3515584555703,1.3590486e-15
4071.826826425553,1.1706657e-15
4073.302094395536,1.1912106e-15
4074.7773623655185,1.2606025e-15
4076.2526303355016,1.3081555e-15
4077.7278983054844,1.4188514e-15
4079.203166275467,1.4242431e-15
4080.67843424545,1.4559739e-15
4082.1537022154325,1.5311522e-15
4083.6289701854157,1.2960313e-15
4085.104238155398,1.402618e-15
4086.579506125381,1.3731113e-15
4088.054774095364,1.4112077e-15
4089.5300420653466,1.3849022e-15
4091.00531003533,1.3655248e-15
4092.480578005312,1.4525898e-15
4093.9558459752952,1.5123467e-15
4095.431113945278,1.2928354e-15
4096.906381915261,1.2404928e-15
4098.381649885243,1.1358155e-15
4099.856917855226,1.2162851e-15
4101.332185825209,1.2984526e-15
4102.807453795192,1.3727739e-15
4104.282721765175,1.2623861e-15
4105.757989735157,1.1828315e-15
4107.23325770514,1.3187421e-15
4108.708525675123,1.3775375e-15
4110.183793645106,1.3523359e-15
4111.659061615089,1.4364818e-15
4113.134329585071,1.37399e-15
4114.609597555054,1.4944426e-15
4116.0848655250375,1.325071e-15
4117.56013349502,1.3352115e-15
4119.035401465003,1.317945e-15
4120.510669434985,1.167651e-15
4121.985937404968,1.2711797e-15
4123.4612053749515,1.2311706e-15
4124.936473344934,1.2554746e-15
4126.411741314917,1.3429785e-15
4127.887009284899,1.3835686e-15
4129.362277254882,1.3550773e-15
4130.837545224866,1.3272802e-15
4132.312813194848,1.3334407e-15
4133.78808116483,1.3907803e-15
4135.263349134813,1.5641889e-15
4136.7386171047965,1.3155977e-15
4138.213885074779,1.3702721e-15
4139.689153044762,1.3884569e-15
4141.164421014744,1.5008839e-15
4142.639688984727,1.4816823e-15
4144.114956954711,1.5620566e-15
4145.590224924693,1.435109e-15
4147.065492894676,1.4212781e-15
4148.540760864658,1.456012e-15
4150.0160288346415,1.3724081e-15
4151.491296804625,1.4389436e-15
4152.966564774607,1.4030781e-15
4154.44183274459,1.5948092e-15
4155.917100714572,1.373532e-15
4157.392368684556,1.4372165e-15
4158.867636654539,1.4701416e-15
4160.342904624521,1.3830676e-15
4161.818172594504,1.4017829e-15
4163.293440564486,1.4063113e-15
4164.76870853447,1.3706304e-15
4166.243976504453,1.3181277e-15
4167.719244474435,1.2298801e-15
4169.194512444417,1.2075855e-15
4170.6697804144005,1.1319234e-15
4172.145048384384,1.1101098e-15
4173.620316354366,1.1687034e-15
4175.095584324349,1.1465486e-15
4176.570852294331,1.2660714e-15
4178.046120264315,1.3265166e-15
4179.521388234298,1.3371365e-15
4180.99665620428,1.2244186e-15
4182.471924174263,1.2745875e-15
4183.9471921442455,1.2325463e-15
4185.422460114229,1.2493201e-15
4186.897728084212,1.3449438e-15
4188.372996054194,1.312803e-15
4189.848264024177,1.2454694e-15
4191.32353199416,1.3203666e-15
4192.798799964143,1.4129027e-15
4194.274067934126,1.3805165e-15
4195.749335904108,1.3844765e-15
4197.224603874091,1.3798679e-15
4198.699871844074,1.2829453e-15
4200.175139814057,1.2170006e-15
4201.65040778404,1.3097781e-15
4203.125675754022,1.141102e-15
4204.6009437240045,1.30703e-15
4206.076211693988,1.4359068e-15
4207.551479663971,1.3876955e-15
4209.026747633953,1.3398284e-15
4210.502015603936,1.2937041e-15
4211.977283573919,1.3225722e-15
4213.452551543902,1.3086473e-15
4214.927819513885,1.3612045e-15
4216.403087483867,1.4104776e-15
4217.87835545385,1.3173426e-15
4219.353623423833,1.3889956e-15
4220.828891393816,1.3319146e-15
4222.304159363799,1.3188813e-15
4223.779427333781,1.3067601e-15
4225.2546953037645,1.390263e-15
4226.729963273747,1.3461662e-15
4228.20523124373,1.2602142e-15
4229.680499213713,1.1879136e-15
4231.155767183695,1.2371842e-15
4232.631035153679,1.3208053e-15
4234.106303123661,1.349818e-15
4235.581571093644,1.3150506e-15
4237.056839063627,1.3487481e-15
4238.5321070336095,1.3771767e-15
4240.007375003592,1.3094869e-15
4241.482642973575,1.3029666e-15
4242.957910943558,1.2348547e-15
4244.43317891354,1.3481702e-15
4245.9084468835235,1.338487e-15
4247.383714853506,1.3134714e-15
4248.858982823489,1.3793464e-15
4250.334250793472,1.422102e-15
4251.809518763454,1.3619648e-15
4253.284786733438,1.302959e-15
4254.76005470342,1.3191831e-15
4256.235322673403,1.3084309e-15
4257.710590643386,1.2577474e-15
4259.1858586133685,1.4612136e-15
4260.661126583352,1.4283858e-15
4262.136394553334,1.3610864e-15
4263.611662523317,1.4205728e-15
4265.0869304933,1.2954717e-15
4266.562198463283,1.1783888e-15
4268.037466433266,1.2340652e-15
4269.512734403248,1.4140032e-15
4270.988002373231,1.3529803e-15
4272.463270343214,1.315164e-15
4273.938538313197,1.4141661e-15
4275.413806283179,1.372303e-15
4276.889074253162,1.3205292e-15
4278.364342223145,1.3057251e-15
4279.839610193128,1.2063989e-15
4281.314878163111,1.1930865e-15
4282.790146133093,1.2202458e-15
4284.265414103076,1.2022205e-15
4285.740682073059,1.1660661e-15
4287.215950043042,1.278613e-15
4288.691218013025,1.3264719e-15
4290.166485983007,1.259045e-15
4291.64175395299,1.1759395e-15
4293.117021922973,1.2340267e-15
4294.592289892956,1.1373166e-15
4296.067557862939,1.1570531e-15
4297.542825832921,1.2042245e-15
4299.018093802904,1.1230866e-15
4300.4933617728875,1.0810367e-15
4301.96862974287,1.1472343e-15
4303.443897712853,1.1780094e-15
4304.919165682835,1.0472265e-15
4306.394433652818,1.0511261e-15
4307.869701622802,1.1710584e-15
4309.344969592784,1.0640215e-15
4310.820237562766,1.1256778e-15
4312.295505532749,1.2022064e-15
4313.7707735027325,1.2221466e-15
4315.246041472715,1.3307946e-15
4316.721309442698,1.3063734e-15
4318.19657741268,1.2669726e-15
4319.671845382663,1.16299e-15
4321.147113352647,1.3573598e-15
4322.622381322629,1.351757e-15
4324.097649292612,1.2477024e-15
4325.572917262594,1.3364189e-15
4327.048185232577,1.3309346e-15
4328.523453202561,1.3342119e-15
4329.998721172543,1.3240614e-15
4331.473989142526,1.3897033e-15
4332.949257112508,1.2890368e-15
4334.4245250824915,1.1918243e-15
4335.899793052475,1.1822877e-15
4337.375061022457,1.130517e-15
4338.85032899244,1.2250974e-15
4340.325596962422,1.1941729e-15
4341.800864932406,1.2543901e-15
4343.276132902389,1.2781991e-15
4344.751400872371,1.3884633e-15
4346.226668842353,1.1936688e-15
4347.7019368123365,1.17316e-15
4349.17720478232,1.3560631e-15
4350.652472752302,1.2554174e-15
4352.127740722285,1.3041506e-15
4353.603008692267,1.3715116e-15
4355.078276662251,1.3051752e-15
4356.553544632234,1.2447549e-15
4358.028812602216,1.3085016e-15
4359.504080572199,1.4033058e-15
4360.9793485421815,1.2825625e-15
4362.454616512165,1.1364735e-15
4363.929884482148,1.2609153e-15
4365.40515245213,1.3029898e-15
4366.880420422113,1.2366526e-15
4368.3556883920955,1.180126e-15
4369.830956362079,1.3144452e-15
4371.306224332062,1.2629539e-15
4372.781492302044,1.3052876e-15
4374.256760272027,1.4330922e-15
4375.73202824201,1.321559e-15
4377.207296211993,1.3017442e-15
4378.682564181976,1.1887761e-15
4380.157832151958,1.2248257e-15
4381.6331001219405,1.2319386e-15
4383.108368091924,1.249737e-15
4384.583636061907,1.3656222e-15
4386.058904031889,1.2557347e-15
4387.534172001872,1.2498883e-15
4389.009439971855,1.2614723e-15
4390.484707941838,1.2320662e-15
4391.959975911821,1.2195788e-15
4393.435243881803,1.2271997e-15
4394.910511851786,1.2135872e-15
4396.385779821769,1.1533655e-15
4397.861047791752,1.1864496e-15
4399.336315761735,1.2272191e-15
4400.811583731717,1.2239299e-15
4402.2868517017005,1.2667449e-15
4403.762119671683,1.241011e-15
4405.237387641666,1.2882581e-15
4406.712655611649,1.1306532e-15
4408.187923581631,1.2344018e-15
4409.663191551615,1.1943038e-15
4411.138459521597,1.0888582e-15
4412.61372749158,1.0329662e-15
4414.088995461563,1.0685221e-15
4415.564263431545,1.1090604e-15
4417.039531401528,1.1926754e-15
4418.514799371511,1.3289691e-15
4419.990067341494,1.2716897e-15
4421.465335311476,1.2477204e-15
4422.9406032814595,1.3464094e-15
4424.415871251442,1.4184984e-15
4425.891139221425,1.2878635e-15
4427.366407191408,1.2076176e-15
4428.84167516139,1.1907286e-15
4430.316943131374,1.177079e-15
4431.792211101356,1.300659e-15
4433.267479071339,1.2323026e-15
4434.742747041322,1.2156439e-15
4436.2180150113045,1.3120115e-15
4437.693282981288,1.2901852e-15
4439.16855095127,1.2712099e-15
4440.643818921253,1.2849621e-15
4442.119086891236,1.2645964e-15
4443.594354861219,1.2196312e-15
4445.069622831202,1.2735059e-15
4446.544890801184,1.2208146e-15
4448.020158771167,1.2938885e-15
4449.49542674115,1.2512923e-15
4450.970694711133,1.1340202e-15
4452.445962681115,1.2818128e-15
4453.921230651098,1.3189491e-15
4455.396498621081,1.2000943e-15
4456.8717665910635,1.2817232e-15
4458.347034561047,1.2843308e-15
4459.822302531029,1.238423e-15
4461.297570501012,1.3088895e-15
4462.772838470995,1.192522e-15
4464.248106440978,1.1977611e-15
4465.723374410961,1.201821e-15
4467.198642380943,1.2409439e-15
4468.673910350926,1.2908763e-15
4470.149178320909,1.3311513e-15
4471.624446290892,1.3456548e-15
4473.099714260875,1.2617373e-15
4474.574982230857,1.1818644e-15
4476.05025020084,1.1869172e-15
4477.5255181708235,1.1781857e-15
4479.000786140806,1.237211e-15
4480.476054110789,1.3299496e-15
4481.951322080771,1.3084599e-15
4483.426590050754,1.2109044e-15
4484.901858020738,1.1367823e-15
4486.37712599072,1.2155319e-15
4487.852393960702,1.24418e-15
4489.327661930685,1.2824521e-15
4490.8029299006685,1.3157643e-15
4492.278197870651,1.3442339e-15
4493.753465840634,1.2608572e-15
4495.228733810616,1.2792048e-15
4496.704001780599,1.2125169e-15
4498.1792697505825,1.2462898e-15
4499.654537720565,1.4338779e-15
4501.129805690548,1.319069e-15
4502.60507366053,1.3757892e-15
4504.080341630513,1.3983301e-15
4505.555609600497,1.3137302e-15
4507.030877570479,1.2988123e-15
4508.506145540462,1.318627e-15
4509.981413510444,1.315334e-15
4511.4566814804275,1.2124291e-15
4512.931949450411,1.2048142e-15
4514.407217420393,1.1639823e-15
4515.882485390376,1.1250267e-15
4517.357753360358,1.1798234e-15
4518.833021330342,1.222314e-15
4520.308289300325,1.2848247e-15
4521.783557270307,1.3381461e-15
4523.258825240289,1.2081861e-15
4524.7340932102725,1.1858769e-15
4526.209361180256,1.2084817e-15
4527.684629150238,1.2353817e-15
4529.159897120221,1.2237445e-15
4530.635165090203,1.3274552e-15
4532.110433060187,1.3655183e-15
4533.58570103017,1.3310151e-15
4535.060969000152,1.3809011e-15
4536.536236970135,1.2695211e-15
4538.011504940117,1.2707162e-15
4539.486772910101,1.2732401e-15
4540.962040880084,1.3372611e-15
4542.437308850066,1.2628985e-15
4543.912576820049,1.1837331e-15
4545.3878447900315,1.1468928e-15
4546.863112760015,1.202465e-15
4548.338380729998,1.1922127e-15
4549.81364869998,1.1639582e-15
4551.288916669963,1.239444e-15
4552.764184639946,1.2260527e-15
4554.239452609929,1.3096239e-15
4555.714720579912,1.2972183e-15
4557.189988549894,1.2289498e-15
4558.6652565198765,1.2575541e-15
4560.14052448986,1.2778169e-15
4561.615792459843,1.249544e-15
4563.091060429825,1.250345e-15
4564.566328399808,1.224339e-15
4566.041596369791,1.348167e-15
4567.516864339774,1.1762004e-15
4568.992132309757,1.2331981e-15
4570.467400279739,1.2306963e-15
4571.942668249722,1.2932159e-15
4573.417936219705,1.2799721e-15
4574.893204189688,1.1604778e-15
4576.368472159671,1.19051e-15
4577.843740129653,1.3223014e-15
4579.319008099636,1.2299084e-15
4580.794276069619,1.222228e-15
4582.269544039602,1.2345647e-15
4583.744812009585,1.2641321e-15
4585.220079979567,1.287522e-15
4586.6953479495505,1.2846359e-15
4588.170615919533,1.261975e-15
4589.645883889516,1.2843804e-15
4591.121151859499,1.264466e-15
4592.596419829481,1.3326067e-15
4594.071687799464,1.3129685e-15
4595.546955769447,1.301138e-15
4597.02222373943,1.29867e-15
4598.497491709412,1.3078915e-15
4599.9727596793955,1.3658399e-15
4601.448027649378,1.2732258e-15
4602.923295619361,1.3128805e-15
4604.398563589344,1.3623826e-15
4605.873831559326,1.2813084e-15
4607.34909952931,1.2804824e-15
4608.824367499292,1.2200045e-15
4610.299635469275,1.331683e-15
4611.774903439258,1.254889e-15
4613.2501714092405,1.3027284e-15
4614.725439379224,1.3120246e-15
4616.200707349206,1.3362801e-15
4617.675975319189,1.389944e-15
4619.151243289172,1.3986931e-15
4620.6265112591545,1.2328872e-15
4622.101779229138,1.2209268e-15
4623.57704719912,1.2846874e-15
4625.052315169103,1.2571242e-15
4626.527583139086,1.1998923e-15
4628.002851109069,1.2347268e-15
4629.478119079051,1.316645e-15
4630.953387049034,1.2498067e-15
4632.428655019017,1.3129163e-15
4633.9039229889995,1.2744343e-15
4635.379190958983,1.3476196e-15
4636.854458928965,1.3849004e-15
4638.329726898948,1.3410787e-15
4639.804994868931,1.3652964e-15
4641.280262838914,1.3277182e-15
4642.755530808897,1.2823073e-15
4644.230798778879,1.2673004e-15
4645.706066748862,1.2582733e-15
4647.181334718845,1.2499775e-15
4648.656602688828,1.1916721e-15
4650.131870658811,1.2591833e-15
4651.607138628793,1.3239694e-15
4653.082406598776,1.2577124e-15
4654.5576745687595,1.2486124e-15
4656.032942538742,1.2132057e-15
4657.508210508725,1.2492158e-15
4658.983478478707,1.2632921e-15
4660.45874644869,1.2445077e-15
4661.9340144186735,1.257202e-15
4663.409282388656,1.2621247e-15
4664.884550358638,1.2603573e-15
4666.359818328621,1.297031e-15
4667.835086298604,1.2612914e-15
4669.310354268587,1.3534911e-15
4670.78562223857,1.3567439e-15
4672.260890208552,1.3718545e-15
4673.736158178535,1.4644861e-15
4675.2114261485185,1.4241527e-15
4676.686694118501,1.4085434e-15
4678.161962088484,1.3486664e-15
4679.637230058466,1.2912213e-15
4681.112498028449,1.2302804e-15
4682.587765998433,1.329576e-15
4684.063033968415,1.3189196e-15
4685.538301938398,1.2975719e-15
4687.01356990838,1.3919802e-15
4688.4888378783635,1.36048e-15
4689.964105848347,1.2985788e-15
4691.439373818329,1.245951e-15
4692.914641788312,1.2939842e-15
4694.389909758294,1.3120013e-15
4695.865177728278,1.2995135e-15
4697.340445698261,1.3009734e-15
4698.815713668243,1.4515337e-15
4700.290981638226,1.2773714e-15
4701.766249608208,1.33831e-15
4703.241517578192,1.4245824e-15
4704.716785548175,1.352152e-15
4706.192053518157,1.3504988e-15
4707.667321488139,1.3160011e-15
4709.1425894581225,1.2610875e-15
4710.617857428106,1.2655042e-15
4712.093125398088,1.2747635e-15
4713.568393368071,1.3020583e-15
4715.043661338053,1.3042503e-15
4716.518929308037,1.2658816e-15
4717.99419727802,1.2938948e-15
4719.469465248002,1.264874e-15
4720.944733217985,1.2626005e-15
4722.4200011879675,1.2812899e-15
4723.895269157951,1.2723793e-15
4725.370537127934,1.2352008e-15
4726.845805097916,1.2864346e-15
4728.321073067899,1.3900758e-15
4729.796341037882,1.3288611e-15
4731.271609007865,1.3429426e-15
4732.746876977848,1.3695753e-15
4734.22214494783,1.3703527e-15
4735.697412917813,1.3727085e-15
4737.172680887796,1.3103232e-15
4738.647948857779,1.2876443e-15
4740.123216827762,1.2780601e-15
4741.598484797744,1.359689e-15
4743.073752767727,1.3632613e-15
4744.54902073771,1.257379e-15
4746.024288707693,1.240338e-15
4747.499556677675,1.272515e-15
4748.974824647658,1.3240507e-15
4750.450092617641,1.3447622e-15
4751.925360587624,1.288668e-15
4753.400628557607,1.2910353e-15
4754.875896527589,1.2670999e-15
4756.351164497572,1.2000404e-15
4757.826432467555,1.2389642e-15
4759.301700437538,1.3060495e-15
4760.776968407521,1.2579813e-15
4762.252236377503,1.2998919e-15
4763.7275043474865,1.3405532e-15
4765.202772317469,1.2572422e-15
4766.678040287452,1.3426906e-15
4768.153308257435,1.3256127e-15
4769.628576227417,1.2501104e-15
4771.103844197401,1.3169322e-15
4772.579112167383,1.3047899e-15
4774.054380137366,1.2228362e-15
4775.529648107349,1.2794912e-15
4777.0049160773315,1.3138866e-15
4778.480184047314,1.2904979e-15
4779.955452017297,1.270319e-15
4781.43071998728,1.2567262e-15
4782.905987957262,1.3001113e-15
4784.381255927246,1.2663416e-15
4785.856523897228,1.3485775e-15
4787.331791867211,1.2741811e-15
4788.807059837194,1.3196961e-15
4790.282327807176,1.2915224e-15
4791.75759577716,1.3345135e-15
4793.232863747142,1.1979802e-15
4794.708131717125,1.2004699e-15
4796.183399687108,1.2533407e-15
4797.6586676570905,1.2650125e-15
4799.133935627074,1.2132703e-15
4800.609203597056,1.2438125e-15
4802.084471567039,1.2189602e-15
4803.559739537022,1.3462483e-15
4805.035007507005,1.2642583e-15
4806.510275476988,1.263193e-15
4807.98554344697,1.2360756e-15
4809.460811416953,1.346255e-15
4810.936079386936,1.2718551e-15
4812.411347356919,1.2597092e-15
4813.886615326901,1.184724e-15
4815.361883296884,1.2535241e-15
4816.837151266867,1.2768851e-15
4818.31241923685,1.241561e-15
4819.787687206833,1.2375167e-15
4821.262955176815,1.2446788e-15
4822.738223146798,1.3146965e-15
4824.213491116781,1.3083212e-15
4825.688759086764,1.249346e-15
4827.164027056747,1.2319231e-15
4828.639295026729,1.2687264e-15
4830.114562996712,1.2586092e-15
4831.589830966695,1.2369026e-15
4833.065098936678,1.2752364e-15
4834.540366906661,1.2652005e-15
4836.015634876643,1.2742517e-15
4837.490902846626,1.2866959e-15
4838.9661708166095,1.2653793e-15
4840.441438786592,1.305256e-15
4841.916706756574,1.2663927e-15
4843.391974726557,1.2046083e-15
4844.86724269654,1.2720004e-15
4846.342510666524,1.3070807e-15
4847.817778636506,1.2812663e-15
4849.293046606488,1.2773587e-15
4850.768314576471,1.3433146e-15
4852.2435825464545,1.2620808e-15
4853.718850516438,1.1915072e-15
4855.19411848642,1.1311505e-15
4856.669386456402,1.1622819e-15
4858.144654426385,1.2258284e-15
4859.619922396369,1.2439292e-15
4861.095190366351,1.2451829e-15
4862.570458336334,1.1894011e-15
4864.045726306316,1.2464614e-15
4865.5209942762995,1.2187387e-15
4866.996262246283,1.1369787e-15
4868.471530216265,1.1686956e-15
4869.946798186247,1.2788893e-15
4871.42206615623,1.2080475e-15
4872.8973341262135,1.2423543e-15
4874.372602096197,1.2502781e-15
4875.847870066179,1.2614887e-15
4877.323138036161,1.2000727e-15
4878.798406006144,1.1675786e-15
4880.273673976128,1.2125757e-15
4881.748941946111,1.137129e-15
4883.224209916093,1.1980882e-15
4884.699477886075,1.2778163e-15
4886.1747458560585,1.2088706e-15
4887.650013826042,1.2507033e-15
4889.125281796025,1.2373696e-15
4890.600549766007,1.2597742e-15
4892.075817735989,1.2470626e-15
4893.551085705973,1.1855663e-15
4895.026353675956,1.1961959e-15
4896.501621645938,1.2701756e-15
4897.976889615921,1.213119e-15
4899.4521575859035,1.3296953e-15
4900.927425555887,1.2752165e-15
4902.40269352587,1.2414618e-15
4903.877961495852,1.2406931e-15
4905.353229465834,1.2528593e-15
4906.828497435818,1.2320258e-15
4908.303765405801,1.28736e-15
4909.779033375784,1.2811216e-15
4911.254301345766,1.1238445e-15
4912.729569315748,1.129508e-15
4914.204837285732,1.2136693e-15
4915.680105255715,1.2449452e-15
4917.155373225698,1.1444508e-15
4918.63064119568,1.1673793e-15
4920.1059091656625,1.2306932e-15
4921.581177135646,1.2252173e-15
4923.056445105629,1.2554056e-15
4924.531713075612,1.2264447e-15
4926.006981045594,1.2281038e-15
4927.482249015577,1.2417297e-15
4928.95751698556,1.2251956e-15
4930.432784955543,1.2004343e-15
4931.908052925525,1.3434959e-15
4933.383320895508,1.2648712e-15
4934.858588865491,1.2886347e-15
4936.333856835474,1.3074556e-15
4937.809124805457,1.2603847e-15
4939.284392775439,1.2515251e-15
4940.759660745422,1.2773196e-15
4942.234928715405,1.3290974e-15
4943.710196685388,1.3185582e-15
4945.185464655371,1.2549762e-15
4946.660732625353,1.281488e-15
4948.136000595336,1.2942529e-15
4949.611268565319,1.2532142e-15
4951.086536535302,1.2651826e-15
4952.561804505285,1.2665524e-15
4954.037072475267,1.3212466e-15
4955.51234044525,1.2688626e-15
4956.987608415233,1.2373355e-15
4958.462876385216,1.2991075e-15
4959.938144355199,1.2794586e-15
4961.4134123251815,1.280813e-15
4962.888680295164,1.2265253e-15
4964.363948265147,1.2886264e-15
4965.83921623513,1.3639318e-15
4967.314484205112,1.2646637e-15
4968.789752175096,1.2770561e-15
4970.265020145078,1.3015001e-15
4971.740288115061,1.2463153e-15
4973.215556085044,1.2732462e-15
4974.6908240550265,1.2722279e-15
4976.166092025009,1.2448165e-15
4977.641359994992,1.2694274e-15
4979.116627964975,1.2450419e-15
4980.591895934958,1.2067202e-15
4982.067163904941,1.2599185e-15
4983.542431874923,1.2592536e-15
4985.017699844906,1.216981e-15
4986.492967814889,1.2742865e-15
4987.968235784872,1.208545e-15
4989.443503754855,1.1377201e-15
4990.918771724837,1.1887035e-15
4992.39403969482,1.2711231e-15
4993.869307664803,1.2338655e-15
4995.344575634786,1.2143005e-15
4996.819843604769,1.3093774e-15
4998.295111574751,1.2305428e-15
4999.770379544734,1.2612809e-15
5001.245647514717,1.3145347e-15
5002.7209154847,1.2235248e-15
5004.196183454683,1.2551777e-15
5005.671451424665,1.2478192e-15
5007.146719394648,1.1630595e-15
5008.621987364631,1.1321284e-15
5010.097255334614,1.1846472e-15
5011.572523304596,1.1693022e-15
5013.047791274579,1.1763568e-15
5014.523059244562,1.2525079e-15
5015.9983272145455,1.2955755e-15
5017.473595184528,1.3402806e-15
5018.94886315451,1.3280068e-15
5020.424131124493,1.2815138e-15
5021.899399094476,1.2810249e-15
5023.37466706446,1.2823509e-15
5024.849935034442,1.2591355e-15
5026.325203004424,1.231067e-15
5027.800470974407,1.2130493e-15
5029.2757389443905,1.2210532e-15
5030.751006914374,1.222338e-15
5032.226274884356,1.2271202e-15
5033.701542854338,1.2619144e-15
5035.176810824321,1.2482116e-15
5036.6520787943045,1.284015e-15
5038.127346764287,1.3262808e-15
5039.60261473427,1.281091e-15
5041.077882704252,1.2910498e-15
5042.553150674235,1.2558688e-15
5044.028418644219,1.2526325e-15
5045.503686614201,1.3356517e-15
5046.978954584183,1.3043995e-15
5048.454222554166,1.2659577e-15
5049.9294905241495,1.3286123e-15
5051.404758494133,1.2967606e-15
5052.880026464115,1.2685984e-15
5054.355294434097,1.3288463e-15
5055.83056240408,1.268633e-15
5057.305830374064,1.2619176e-15
5058.781098344047,1.3564683e-15
5060.256366314029,1.2791369e-15
5061.731634284011,1.2036892e-15
5063.2069022539945,1.219726e-15
5064.682170223978,1.2390434e-15
5066.157438193961,1.2760321e-15
5067.632706163943,1.28388e-15
5069.107974133925,1.2565458e-15
5070.583242103909,1.2739422e-15
5072.058510073892,1.3399666e-15
5073.533778043875,1.3147747e-15
5075.009046013857,1.2547451e-15
5076.4843139838395,1.2155356e-15
5077.959581953823,1.2702483e-15
5079.434849923806,1.2675167e-15
5080.910117893788,1.2878606e-15
5082.385385863771,1.3052531e-15
5083.8606538337535,1.264077e-15
5085.335921803737,1.3027592e-15
5086.81118977372,1.3003733e-15
5088.286457743702,1.2725708e-15
5089.761725713684,1.2530107e-15
5091.236993683668,1.2592981e-15
5092.712261653651,1.2921927e-15
5094.187529623634,1.2696566e-15
5095.662797593616,1.2505169e-15
5097.1380655635985,1.307104e-15
5098.613333533582,1.2626602e-15
5100.088601503565,1.2448324e-15
5101.563869473548,1.3050178e-15
5103.03913744353,1.3227874e-15
5104.514405413513,1.2697978e-15
5105.989673383496,1.2115987e-15
5107.464941353479,1.2390928e-15
5108.940209323462,1.2500723e-15
5110.415477293444,1.2637132e-15
5111.890745263427,1.2844509e-15
5113.36601323341,1.2462685e-15
5114.841281203393,1.186924e-15
5116.316549173375,1.1690818e-15
5117.7918171433585,1.2012638e-15
5119.267085113341,1.2297764e-15
5120.742353083324,1.2042949e-15
5122.217621053307,1.2303236e-15
5123.692889023289,1.2128193e-15
5125.168156993272,1.2541482e-15
5126.643424963255,1.2966348e-15
5128.118692933238,1.237122e-15
5129.593960903221,1.2603221e-15
5131.069228873203,1.2605261e-15
5132.544496843186,1.22836e-15
5134.019764813169,1.2474402e-15
5135.495032783152,1.2402825e-15
5136.970300753135,1.2545012e-15
5138.4455687231175,1.2768079e-15
5139.9208366931,1.2517465e-15
5141.396104663083,1.2240455e-15
5142.871372633066,1.1703254e-15
5144.346640603049,1.1983939e-15
5145.821908573032,1.2598791e-15
5147.297176543014,1.2616997e-15
5148.772444512997,1.2420961e-15
5150.24771248298,1.2368584e-15
5151.7229804529625,1.1743402e-15
5153.198248422946,1.1854993e-15
5154.673516392928,1.224583e-15
5156.148784362911,1.228732e-15
5157.624052332894,1.1671413e-15
5159.099320302877,1.1346039e-15
5160.574588272859,1.1703168e-15
5162.049856242842,1.1463419e-15
5163.525124212825,1.162609e-15
5165.000392182808,1.2047638e-15
5166.475660152791,1.2362131e-15
5167.950928122773,1.2710512e-15
5169.426196092756,1.2231948e-15
5170.901464062739,1.1535765e-15
5172.376732032722,1.1503181e-15
5173.852000002705,1.1988096e-15
5175.327267972687,1.1717366e-15
5176.80253594267,1.1660943e-15
5178.277803912653,1.1215175e-15
5179.7530718826365,1.1968018e-15
5181.228339852619,1.1747914e-15
5182.703607822601,1.2196434e-15
5184.178875792584,1.3003655e-15
5185.654143762567,1.2070404e-15
5187.12941173255,1.1656323e-15
5188.604679702533,1.2148543e-15
5190.079947672515,1.2139696e-15
5191.555215642498,1.1348232e-15
5193.0304836124815,1.1818711e-15
5194.505751582464,1.1875581e-15
5195.981019552446,1.1248613e-15
5197.456287522429,1.1879797e-15
5198.931555492412,1.1676465e-15
5200.406823462396,1.1869864e-15
5201.882091432378,1.2277006e-15
5203.35735940236,1.2768417e-15
5204.832627372343,1.2855605e-15
5206.307895342326,1.3035392e-15
5207.78316331231,1.3368362e-15
5209.258431282292,1.3019815e-15
5210.733699252274,1.2180757e-15
5212.208967222257,1.1997835e-15
5213.6842351922405,1.184626e-15
5215.159503162224,1.2100977e-15
5216.634771132206,1.2014738e-15
5218.110039102188,1.1865842e-15
5219.585307072171,1.1014712e-15
5221.060575042155,1.2243483e-15
5222.535843012137,1.2324939e-15
5224.01111098212,1.2500936e-15
5225.486378952102,1.2093537e-15
5226.9616469220855,1.1857938e-15
5228.436914892069,1.1887728e-15
5229.912182862051,1.2491613e-15
5231.387450832033,1.2336153e-15
5232.862718802016,1.2255281e-15
5234.337986772,1.2587888e-15
5235.813254741983,1.2065382e-15
5237.288522711965,1.2067481e-15
5238.763790681947,1.2308138e-15
5240.2390586519305,1.282797e-15
5241.714326621914,1.2856392e-15
5243.189594591897,1.2712119e-15
5244.664862561879,1.3055486e-15
5246.140130531861,1.2852082e-15
5247.6153985018445,1.2408644e-15
5249.090666471828,1.2481871e-15
5250.565934441811,1.2380997e-15
5252.041202411793,1.1831624e-15
5253.516470381775,1.173063e-15
5254.991738351759,1.1389721e-15
5256.467006321742,1.1387862e-15
5257.942274291724,1.2082476e-15
5259.417542261707,1.2265985e-15
5260.8928102316895,1.2080066e-15
5262.368078201673,1.1927872e-15
5263.843346171656,1.1809193e-15
5265.318614141638,1.1775261e-15
5266.79388211162,1.2046373e-15
5268.269150081604,1.2392217e-15
5269.744418051587,1.235847e-15
5271.21968602157,1.1965716e-15
5272.694953991552,1.1738405e-15
5274.1702219615345,1.1751975e-15
5275.645489931518,1.2252982e-15
5277.120757901501,1.3334114e-15
5278.596025871484,1.3382875e-15
5280.071293841466,1.319599e-15
5281.546561811449,1.2849239e-15
5283.021829781432,1.2355059e-15
5284.497097751415,1.2205102e-15
5285.972365721398,1.2640039e-15
5287.44763369138,1.2827215e-15
5288.922901661363,1.2741029e-15
5290.398169631346,1.2028886e-15
5291.873437601329,1.1665547e-15
5293.348705571311,1.195261e-15
5294.823973541294,1.2177414e-15
5296.299241511277,1.1988955e-15
5297.77450948126,1.2501738e-15
5299.249777451243,1.2180385e-15
5300.725045421225,1.2252248e-15
5302.200313391208,1.2189967e-15
5303.675581361191,1.2124448e-15
5305.150849331174,1.2138502e-15
5306.626117301157,1.2024738e-15
5308.101385271139,1.1543239e-15
5309.576653241122,1.1684306e-15
5311.051921211105,1.1909728e-15
5312.527189181088,1.2077533e-15
5314.002457151071,1.1827223e-15
5315.4777251210535,1.2414485e-15
5316.952993091036,1.2482128e-15
5318.428261061019,1.2477414e-15
5319.903529031002,1.2273052e-15
5321.378797000985,1.1483969e-15
5322.854064970968,1.2395409e-15
5324.32933294095,1.2392095e-15
5325.804600910933,1.191562e-15
5327.279868880916,1.2181128e-15
5328.755136850898,1.2500113e-15
5330.230404820882,1.2350878e-15
5331.705672790864,1.252855e-15
5333.180940760847,1.280862e-15
5334.65620873083,1.2090373e-15
5336.1314767008125,1.193485e-15
5337.606744670795,1.2494829e-15
5339.082012640778,1.2193707e-15
5340.557280610761,1.1909709e-15
5342.032548580744,1.253862e-15
5343.507816550727,1.3324754e-15
5344.983084520709,1.3003424e-15
5346.458352490692,1.2665857e-15
5347.933620460675,1.3349169e-15
5349.408888430658,1.2816764e-15
5350.884156400641,1.1920909e-15
5352.359424370623,1.223252e-15
5353.834692340606,1.2353714e-15
5355.309960310589,1.2288185e-15
5356.7852282805725,1.2337099e-15
5358.260496250555,1.2539664e-15
5359.735764220537,1.2460274e-15
5361.21103219052,1.2769141e-15
5362.686300160503,1.307235e-15
5364.161568130486,1.2526521e-15
5365.636836100469,1.2325402e-15
5367.112104070451,1.2452194e-15
5368.587372040434,1.2470975e-15
5370.062640010417,1.2113018e-15
5371.5379079804,1.1965952e-15
5373.013175950382,1.2136318e-15
5374.488443920365,1.2544603e-15
5375.963711890348,1.2388532e-15
5377.4389798603315,1.2393428e-15
5378.914247830314,1.2374846e-15
5380.389515800296,1.2225849e-15
5381.864783770279,1.2057012e-15
5383.340051740262,1.2125844e-15
5384.815319710246,1.2286846e-15
5386.290587680228,1.2882616e-15
5387.76585565021,1.2415559e-15
5389.241123620193,1.2298926e-15
5390.7163915901765,1.240761e-15
5392.19165956016,1.2433927e-15
5393.666927530142,1.2205354e-15
5395.142195500124,1.1741989e-15
5396.617463470107,1.2059276e-15
5398.092731440091,1.1836359e-15
5399.567999410073,1.227799e-15
5401.043267380056,1.236775e-15
5402.518535350038,1.2414963e-15
5403.9938033200215,1.2307286e-15
5405.469071290005,1.189677e-15
5406.944339259987,1.2386663e-15
5408.419607229969,1.2595806e-15
5409.894875199952,1.202183e-15
5411.370143169936,1.2314767e-15
5412.845411139919,1.2303012e-15
5414.320679109901,1.182032e-15
5415.795947079883,1.2118362e-15
5417.271215049866,1.2075527e-15
5418.74648301985,1.1696522e-15
5420.221750989833,1.1975093e-15
5421.697018959815,1.2406576e-15
5423.172286929797,1.2116306e-15
5424.6475548997805,1.2170508e-15
5426.122822869764,1.269202e-15
5427.598090839747,1.264986e-15
5429.073358809729,1.312197e-15
5430.548626779711,1.2765662e-15
5432.023894749695,1.2580887e-15
5433.499162719678,1.2864598e-15
5434.97443068966,1.3097865e-15
5436.449698659643,1.2711706e-15
5437.9249666296255,1.2797508e-15
5439.400234599609,1.2122938e-15
5440.875502569592,1.2414733e-15
5442.350770539574,1.2722897e-15
5443.826038509556,1.2508816e-15
5445.30130647954,1.3086617e-15
5446.776574449523,1.2794248e-15
5448.251842419506,1.2609573e-15
5449.727110389488,1.2779329e-15
5451.2023783594705,1.2557205e-15
5452.677646329454,1.2468576e-15
5454.152914299437,1.2303944e-15
5455.62818226942,1.2186106e-15
5457.103450239402,1.2398546e-15
5458.5787182093845,1.2279493e-15
5460.053986179368,1.2601732e-15
5461.529254149351,1.2131137e-15
5463.004522119334,1.189407e-15
5464.479790089316,1.2089555e-15
5465.955058059299,1.2286268e-15
5467.430326029282,1.2917548e-15
5468.905593999265,1.2656868e-15
5470.380861969247,1.1944267e-15
5471.85612993923,1.2444845e-15
5473.331397909213,1.2899083e-15
5474.806665879196,1.2823109e-15
5476.281933849179,1.2996312e-15
5477.757201819161,1.2841168e-15
5479.232469789144,1.2680621e-15
5480.707737759127,1.2408328e-15
5482.18300572911,1.2237809e-15
5483.658273699093,1.2785759e-15
5485.133541669075,1.2239218e-15
5486.608809639058,1.2054378e-15
5488.084077609041,1.256133e-15
5489.559345579024,1.2789422e-15
5491.034613549007,1.27153e-15
5492.5098815189895,1.1842764e-15
5493.985149488972,1.2120618e-15
5495.460417458955,1.2031231e-15
5496.935685428938,1.2111715e-15
5498.410953398921,1.2025153e-15
5499.8862213689035,1.2519252e-15
5501.361489338886,1.2581159e-15
5502.836757308869,1.281413e-15
5504.312025278852,1.2657959e-15
5505.787293248834,1.2428294e-15
5507.262561218818,1.2606127e-15
5508.7378291888,1.247275e-15
5510.213097158783,1.247155e-15
5511.688365128766,1.2504303e-15
5513.1636330987485,1.2174399e-15
5514.638901068731,1.1741484e-15
5516.114169038714,1.1692012e-15
5517.589437008697,1.18112e-15
5519.06470497868,1.2015932e-15
5520.539972948663,1.2062562e-15
5522.015240918645,1.2142571e-15
5523.490508888628,1.2201189e-15
5524.965776858611,1.1878313e-15
5526.441044828594,1.2100276e-15
5527.916312798577,1.241161e-15
5529.391580768559,1.2371089e-15
5530.866848738542,1.2267959e-15
5532.342116708525,1.1801941e-15
5533.8173846785085,1.2180781e-15
5535.292652648491,1.2272159e-15
5536.767920618473,1.2126608e-15
5538.243188588456,1.2162497e-15
5539.718456558439,1.2290475e-15
5541.193724528422,1.26163e-15
5542.668992498405,1.2370164e-15
5544.144260468387,1.2498263e-15
5545.61952843837,1.2491083e-15
5547.094796408353,1.2398519e-15
5548.570064378336,1.2322177e-15
5550.045332348318,1.2441438e-15
5551.520600318301,1.234312e-15
5552.995868288284,1.208258e-15
5554.4711362582675,1.2585684e-15
5555.94640422825,1.3261665e-15
5557.421672198232,1.2576828e-15
5558.896940168215,1.2119699e-15
5560.372208138198,1.270402e-15
5561.847476108182,1.2983484e-15
5563.322744078164,1.2743826e-15
5564.798012048146,1.2023265e-15
5566.273280018129,1.209982e-15
5567.7485479881125,1.2746895e-15
5569.223815958096,1.2521069e-15
5570.699083928078,1.2792878e-15
5572.17435189806,1.3569299e-15
5573.649619868043,1.3443021e-15
5575.124887838027,1.3006306e-15
5576.600155808009,1.2746603e-15
5578.075423777992,1.2208166e-15
5579.550691747974,1.2199837e-15
5581.025959717957,1.2500974e-15
5582.501227687941,1.2698499e-15
5583.976495657923,1.2240182e-15
5585.451763627905,1.1458198e-15
5586.927031597888,1.1898912e-15
5588.4022995678715,1.2111436e-15
5589.877567537855,1.2030248e-15
5591.352835507837,1.2427422e-15
5592.828103477819,1.2367829e-15
5594.303371447802,1.21099e-15
5595.778639417786,1.2223908e-15
5597.253907387769,1.2140368e-15
5598.729175357751,1.2468764e-15
5600.204443327733,1.244761e-15
5601.6797112977165,1.2694692e-15
5603.1549792677,1.2736611e-15
5604.630247237683,1.2669947e-15
5606.105515207665,1.2342391e-15
5607.580783177647,1.2123759e-15
5609.056051147631,1.2477935e-15
5610.531319117614,1.2358546e-15
5612.006587087596,1.2199646e-15
5613.481855057579,1.2348886e-15
5614.9571230275615,1.2240915e-15
5616.432390997545,1.2459217e-15
5617.907658967528,1.2768258e-15
5619.38292693751,1.2519292e-15
5620.858194907492,1.2037979e-15
5622.3334628774755,1.2195929e-15
5623.808730847459,1.1767708e-15
5625.283998817442,1.2029459e-15
5626.759266787424,1.189603e-15
5628.234534757406,1.2521774e-15
5629.70980272739,1.2432294e-15
5631.185070697373,1.2379736e-15
5632.660338667356,1.227697e-15
5634.135606637338,1.2300778e-15
5635.6108746073205,1.2353393e-15
5637.086142577304,1.202077e-15
5638.561410547287,1.232053e-15
5640.03667851727,1.1971515e-15
5641.511946487252,1.1762812e-15
5642.987214457235,1.1598436e-15
5644.462482427218,1.1490794e-15
5645.937750397201,1.1467565e-15
5647.413018367183,1.1815899e-15
5648.888286337166,1.1677945e-15
5650.363554307149,1.0815333e-15
5651.838822277132,1.0829154e-15
5653.314090247115,1.1339136e-15
5654.789358217097,1.1741618e-15
5656.26462618708,1.1585476e-15
5657.739894157063,1.1358476e-15
5659.215162127046,1.1863089e-15
5660.690430097029,1.2327901e-15
5662.165698067011,1.1954156e-15
5663.640966036994,1.2420076e-15
5665.116234006977,1.2280215e-15
5666.59150197696,1.2570134e-15
5668.066769946943,1.2004758e-15
5669.542037916925,1.1766902e-15
5671.017305886908,1.1919943e-15
5672.492573856891,1.116981e-15
5673.967841826874,1.1376029e-15
5675.443109796857,1.1447356e-15
5676.9183777668395,1.157769e-15
5678.393645736822,1.1824575e-15
5679.868913706805,1.1950408e-15
5681.344181676788,1.2126637e-15
5682.81944964677,1.1994096e-15
5684.294717616754,1.1790203e-15
5685.769985586736,1.1866661e-15
5687.245253556719,1.1975277e-15
5688.720521526702,1.1963734e-15
5690.1957894966845,1.2107896e-15
5691.671057466667,1.2215637e-15
5693.14632543665,1.2003814e-15
5694.621593406633,1.219237e-15
5696.096861376616,1.2124153e-15
5697.572129346599,1.2008134e-15
5699.047397316581,1.1742473e-15
5700.522665286564,1.1215162e-15
5701.997933256547,1.1243145e-15
5703.47320122653,1.2053027e-15
5704.948469196513,1.1982437e-15
5706.423737166495,1.2134845e-15
5707.899005136478,1.202789e-15
5709.374273106461,1.2382876e-15
5710.849541076444,1.2154271e-15
5712.324809046427,1.196167e-15
5713.800077016409,1.1745149e-15
5715.275344986392,1.2180799e-15
5716.750612956375,1.2317431e-15
5718.225880926358,1.2293895e-15
5719.701148896341,1.2301251e-15
5721.176416866323,1.2294664e-15
5722.651684836306,1.2271139e-15
5724.126952806289,1.1562069e-15
5725.602220776272,1.1467459e-15
5727.077488746254,1.2170973e-15
5728.552756716237,1.2384607e-15
5730.02802468622,1.2438812e-15
5731.5032926562035,1.206611e-15
5732.978560626186,1.189682e-15
5734.453828596168,1.2176465e-15
5735.929096566151,1.2187462e-15
5737.404364536134,1.2058524e-15
5738.879632506118,1.2055602e-15
5740.3549004761,1.1397478e-15
5741.830168446082,1.196917e-15
5743.305436416065,1.2293919e-15
5744.7807043860485,1.2312048e-15
5746.255972356032,1.233108e-15
5747.731240326014,1.1992276e-15
5749.206508295996,1.2589526e-15
5750.681776265979,1.2519945e-15
5752.1570442359625,1.2097413e-15
5753.632312205945,1.1924299e-15
5755.107580175928,1.2395917e-15
5756.58284814591,1.2830758e-15
5758.058116115893,1.1889587e-15
5759.533384085877,1.1742652e-15
5761.008652055859,1.2452543e-15
5762.483920025841,1.2778544e-15
5763.959187995824,1.2284529e-15
5765.4344559658075,1.1871788e-15
5766.909723935791,1.2260448e-15
5768.384991905773,1.2128985e-15
5769.860259875755,1.1490584e-15
5771.335527845738,1.1557893e-15
5772.810795815722,1.1861656e-15
5774.286063785705,1.1744246e-15
5775.761331755687,1.1884228e-15
5777.236599725669,1.1542178e-15
5778.7118676956525,1.1995378e-15
5780.187135665636,1.222464e-15
5781.662403635619,1.1608291e-15
5783.137671605601,1.1462395e-15
5784.612939575583,1.2025313e-15
5786.088207545567,1.2066495e-15
5787.56347551555,1.1605154e-15
5789.038743485532,1.1464784e-15
5790.514011455515,1.1297251e-15
5791.989279425497,1.1215381e-15
5793.464547395481,1.1856258e-15
5794.939815365464,1.2084967e-15
5796.415083335446,1.1456369e-15
5797.890351305428,1.1996622e-15
5799.3656192754115,1.2394716e-15
5800.840887245395,1.177298e-15
5802.316155215378,1.1516206e-15
5803.79142318536,1.2673628e-15
5805.266691155342,1.3022275e-15
5806.741959125326,1.2240218e-15
5808.217227095309,1.2222837e-15
5809.692495065292,1.2821086e-15
5811.167763035274,1.234779e-15
5812.6430310052565,1.2074324e-15
5814.11829897524,1.2249886e-15
5815.593566945223,1.2046617e-15
5817.068834915206,1.2112479e-15
5818.544102885188,1.229077e-15
5820.019370855171,1.2236043e-15
5821.494638825154,1.2202047e-15
5822.969906795137,1.2263353e-15
5824.44517476512,1.2451894e-15
5825.920442735102,1.2073926e-15
5827.395710705085,1.1985409e-15
5828.870978675068,1.189486e-15
5830.346246645051,1.2125755e-15
5831.821514615033,1.2212029e-15
5833.296782585016,1.187483e-15
5834.772050554999,1.1817346e-15
5836.247318524982,1.16673e-15
5837.722586494965,1.1946445e-15
5839.197854464947,1.1742068e-15
5840.67312243493,1.1922926e-15
5842.148390404913,1.1303926e-15
5843.623658374896,1.1425163e-15
5845.098926344879,1.1875634e-15
5846.574194314861,1.1590596e-15
5848.049462284844,1.143183e-15
5849.524730254827,1.1643806e-15
5850.99999822481,1.1914431e-15
5852.475266194793,1.1843385e-15
5853.9505341647755,1.1666016e-15
5855.425802134758,1.1753245e-15
5856.901070104741,1.1915341e-15
5858.376338074724,1.1734555e-15
5859.851606044707,1.1389228e-15
5861.32687401469,1.1691894e-15
5862.802141984672,1.2581839e-15
5864.277409954655,1.215541e-15
5865.752677924638,1.1925483e-15
5867.2279458946205,1.1980858e-15
5868.703213864604,1.1733016e-15
5870.178481834586,1.1756783e-15
5871.653749804569,1.0987548e-15
5873.129017774552,1.1290424e-15
5874.6042857445345,1.1762827e-15
5876.079553714517,1.1460479e-15
5877.5548216845,1.0831349e-15
5879.030089654483,1.0353286e-15
5880.505357624466,1.0454697e-15
5881.980625594449,9.893045e-16
5883.455893564431,9.340155e-16
5884.931161534414,9.64799e-16
5886.406429504397,1.0653861e-15
5887.88169747438,1.0773297e-15
5889.356965444363,1.0808292e-15
5890.832233414345,1.0571142e-15
5892.307501384328,1.1204219e-15
5893.782769354311,1.1457004e-15
5895.2580373242945,1.0596175e-15
5896.733305294277,1.1143767e-15
5898.208573264259,1.1503707e-15
5899.683841234242,1.1964462e-15
5901.159109204225,1.1854331e-15
5902.634377174208,1.1113309e-15
5904.109645144191,1.103038e-15
5905.584913114173,1.1329124e-15
5907.060181084156,1.1253397e-15
5908.5354490541395,1.1355206e-15
5910.010717024122,1.1992499e-15
5911.485984994104,1.210097e-15
5912.961252964087,1.1585368e-15
5914.43652093407,1.1347179e-15
5915.9117889040535,1.1859157e-15
5917.387056874036,1.1744673e-15
5918.862324844018,1.138424e-15
5920.337592814001,1.1578122e-15
5921.812860783984,1.1476014e-15
5923.288128753968,1.1654176e-15
5924.76339672395,1.1690614e-15
5926.238664693932,1.1443036e-15
5927.713932663915,1.134803e-15
5929.1892006338985,1.1391292e-15
5930.664468603882,1.1531552e-15
5932.139736573864,1.1136404e-15
5933.615004543846,1.1252462e-15
5935.090272513829,1.1779276e-15
5936.565540483813,1.1732956e-15
5938.040808453795,1.1723277e-15
5939.516076423778,1.1245741e-15
5940.99134439376,1.2204808e-15
5942.4666123637435,1.1298819e-15
5943.941880333727,1.1513354e-15
5945.417148303709,1.1276156e-15
5946.892416273691,1.1559602e-15
5948.367684243674,1.1352969e-15
5949.842952213658,1.0960697e-15
5951.318220183641,1.1870889e-15
5952.793488153623,1.14606e-15
5954.268756123605,1.1232362e-15
5955.744024093588,1.1571281e-15
5957.219292063572,1.1246229e-15
5958.694560033555,1.1256275e-15
5960.169828003537,1.1534226e-15
5961.645095973519,1.1626663e-15
5963.1203639435025,1.1584121e-15
5964.595631913486,1.1203392e-15
5966.070899883469,1.1448962e-15
5967.546167853451,1.1415785e-15
5969.021435823433,1.1781042e-15
5970.496703793417,1.1798913e-15
5971.9719717634,1.1284795e-15
5973.447239733382,1.1027394e-15
5974.922507703365,1.1206367e-15
5976.3977756733475,1.1515923e-15
5977.873043643331,1.1501058e-15
5979.348311613314,1.1604921e-15
5980.823579583296,1.1605132e-15
5982.298847553278,1.150315e-15
5983.774115523262,1.1601916e-15
5985.249383493245,1.1528197e-15
5986.724651463228,1.1330432e-15
5988.19991943321,1.1227585e-15
5989.6751874031925,1.1005278e-15
5991.150455373176,1.1267965e-15
5992.625723343159,1.1762323e-15
5994.100991313142,1.1469654e-15
5995.576259283124,1.1345662e-15
5997.0515272531065,1.0974218e-15
5998.52679522309,1.1315663e-15
6000.002063193073,1.1756209e-15
6001.477331163056,1.1288277e-15
6002.952599133038,1.1094389e-15
6004.427867103021,1.1196059e-15
6005.903135073004,1.1451363e-15
6007.378403042987,1.122917e-15
6008.853671012969,1.1214657e-15
6010.328938982952,1.1415719e-15
6011.804206952935,1.12038e-15
6013.279474922918,1.1029204e-15
6014.754742892901,1.0973695e-15
6016.230010862883,1.0864671e-15
6017.705278832866,1.0756696e-15
6019.180546802849,1.1314387e-15
6020.655814772832,1.1367911e-15
6022.131082742815,1.1485003e-15
6023.606350712797,1.1675532e-15
6025.08161868278,1.1211391e-15
6026.556886652763,1.0710662e-15
6028.032154622746,1.1246534e-15
6029.507422592729,1.1348406e-15
6030.9826905627115,1.1280302e-15
6032.457958532694,1.1501405e-15
6033.933226502677,1.1096059e-15
6035.40849447266,1.0816609e-15
6036.883762442643,1.1046745e-15
6038.3590304126255,1.10095e-15
6039.834298382608,1.1226336e-15
6041.309566352591,1.1382261e-15
6042.784834322574,1.0913485e-15
6044.260102292556,1.0567099e-15
6045.73537026254,1.0899232e-15
6047.210638232522,1.1525804e-15
6048.685906202505,1.10284e-15
6050.161174172488,1.1129473e-15
6051.6364421424705,1.1648615e-15
6053.111710112453,1.1212436e-15
6054.586978082436,1.1320588e-15
6056.062246052419,1.164727e-15
6057.537514022402,1.1184005e-15
6059.012781992385,1.0979992e-15
6060.488049962367,1.1104643e-15
6061.96331793235,1.0885233e-15
6063.438585902333,1.0936411e-15
6064.913853872316,1.1195748e-15
6066.389121842299,1.1249179e-15
6067.864389812281,1.1242445e-15
6069.339657782264,1.0785373e-15
6070.814925752247,1.089751e-15
6072.2901937222305,1.1213044e-15
6073.765461692213,1.1452511e-15
6075.240729662195,1.1209271e-15
6076.715997632178,1.1174999e-15
6078.191265602161,1.0944431e-15
6079.666533572144,1.0990327e-15
6081.141801542127,1.0987751e-15
6082.617069512109,1.0813478e-15
6084.092337482092,1.0999184e-15
6085.567605452075,1.076278e-15
6087.042873422058,1.0289438e-15
6088.51814139204,1.0696641e-15
6089.993409362023,1.0990726e-15
6091.468677332006,1.0902641e-15
6092.9439453019895,1.0825695e-15
6094.419213271972,1.0947414e-15
6095.894481241954,1.123211e-15
6097.369749211937,1.0974439e-15
6098.84501718192,1.0935355e-15
6100.320285151904,1.1035394e-15
6101.795553121886,1.0998319e-15
6103.270821091868,1.0685887e-15
6104.746089061851,1.0184761e-15
6106.2213570318345,1.0474068e-15
6107.696625001818,1.0806011e-15
6109.1718929718,1.0528474e-15
6110.647160941782,1.0890927e-15
6112.122428911765,1.0951884e-15
6113.597696881749,1.0445624e-15
6115.072964851731,1.0628541e-15
6116.548232821714,1.0506169e-15
6118.023500791696,1.0788223e-15
6119.4987687616795,1.0926099e-15
6120.974036731663,1.0747818e-15
6122.449304701645,1.037773e-15
6123.924572671627,1.0426094e-15
6125.39984064161,1.0069289e-15
6126.8751086115935,1.0169598e-15
6128.350376581577,1.069519e-15
6129.825644551559,1.0144418e-15
6131.300912521541,9.435951e-16
6132.776180491524,9.917189e-16
6134.251448461508,1.0525764e-15
6135.726716431491,1.0534711e-15
6137.201984401473,1.043691e-15
6138.677252371455,1.0144598e-15
6140.1525203414385,1.0321521e-15
6141.627788311422,9.873488e-16
6143.103056281405,1.0546163e-15
6144.578324251387,1.0593505e-15
6146.053592221369,1.0264176e-15
6147.528860191353,1.0178925e-15
6149.004128161336,1.0333495e-15
6150.479396131318,1.0380351e-15
6151.954664101301,1.0406994e-15
6153.4299320712835,1.0652848e-15
6154.905200041267,1.0733198e-15
6156.38046801125,1.0728725e-15
6157.855735981232,1.0787596e-15
6159.331003951214,1.0368512e-15
6160.806271921198,1.0040877e-15
6162.281539891181,1.05045e-15
6163.756807861164,1.0790761e-15
6165.232075831146,1.0761658e-15
6166.707343801128,1.089773e-15
6168.182611771112,1.054882e-15
6169.657879741095,1.0133606e-15
6171.133147711078,1.0594327e-15
6172.60841568106,1.0687436e-15
6174.0836836510425,1.0420374e-15
6175.558951621026,1.06492e-15
6177.034219591009,1.0799161e-15
6178.509487560992,1.0701626e-15
6179.984755530974,1.0496082e-15
6181.460023500957,1.0809711e-15
6182.93529147094,1.0711292e-15
6184.410559440923,1.0341908e-15
6185.885827410905,1.0680885e-15
6187.361095380888,1.079023e-15
6188.836363350871,1.0527093e-15
6190.311631320854,1.0334888e-15
6191.786899290837,1.0284004e-15
6193.262167260819,1.0495879e-15
6194.737435230802,1.0581465e-15
6196.212703200785,1.0366977e-15
6197.687971170768,1.0455859e-15
6199.163239140751,1.0809629e-15
6200.638507110733,1.0864909e-15
6202.113775080716,1.0581594e-15
6203.589043050699,1.0210489e-15
6205.064311020682,1.030871e-15
6206.539578990665,1.0263933e-15
6208.014846960647,1.0474387e-15
6209.49011493063,1.0335717e-15
6210.965382900613,1.0278046e-15
6212.440650870596,1.0368958e-15
6213.915918840579,1.0043282e-15
6215.3911868105615,1.0037903e-15
6216.866454780544,1.0394062e-15
6218.341722750527,1.0190274e-15
6219.81699072051,9.978405e-16
6221.292258690492,1.0210691e-15
6222.767526660476,1.0097596e-15
6224.242794630458,1.0116032e-15
6225.718062600441,1.0369217e-15
6227.193330570424,9.987473e-16
6228.6685985404065,9.332736e-16
6230.143866510389,9.26371e-16
6231.619134480372,9.36038e-16
6233.094402450355,9.909018e-16
6234.569670420338,1.0019166e-15
6236.044938390321,9.861902e-16
6237.520206360303,9.75099e-16
6238.995474330286,9.302634e-16
6240.470742300269,9.45518e-16
6241.946010270252,9.976389e-16
6243.421278240235,9.743204e-16
6244.896546210217,1.0078432e-15
6246.3718141802,9.588251e-16
6247.847082150183,1.0063267e-15
6249.322350120166,1.0077123e-15
6250.797618090149,1.0087463e-15
6252.272886060131,1.0089815e-15
6253.748154030114,9.861583e-16
6255.223422000097,1.0361138e-15
6256.69868997008,1.0475269e-15
6258.173957940063,1.0295636e-15
6259.649225910045,1.0481664e-15
6261.124493880028,1.0530502e-15
6262.599761850011,1.0648841e-15
6264.075029819994,1.0624145e-15
6265.550297789976,1.0513721e-15
6267.025565759959,9.991287e-16
6268.500833729942,1.0050142e-15
6269.9761016999255,1.0235492e-15
6271.451369669908,1.0647061e-15
6272.92663763989,1.0311442e-15
6274.401905609873,1.0093259e-15
6275.877173579856,9.925206e-16
6277.35244154984,9.762818e-16
6278.827709519822,9.735228e-16
6280.302977489804,9.700813e-16
6281.778245459787,9.657847e-16
6283.2535134297705,9.660526e-16
6284.728781399754,9.933894e-16
6286.204049369736,9.883173e-16
6287.679317339718,9.808678e-16
6289.154585309701,1.0063953e-15
6290.6298532796845,9.896796e-16
6292.105121249667,9.754642e-16
6293.58038921965,9.580872e-16
6295.055657189632,9.48395e-16
6296.530925159615,9.42288e-16
6298.006193129599,9.514876e-16
6299.481461099581,9.372089e-16
6300.956729069563,9.414132e-16
6302.431997039546,1.0029696e-15
6303.9072650095295,9.998574e-16
6305.382532979513,9.877262e-16
6306.857800949495,9.919931e-16
6308.333068919477,9.912859e-16
6309.80833688946,9.732645e-16
6311.283604859444,9.987704e-16
6312.758872829427,1.0042645e-15
6314.234140799409,1.0130713e-15
6315.709408769391,1.0174633e-15
6317.1846767393745,9.940161e-16
6318.659944709358,9.994122e-16
6320.135212679341,1.011171e-15
6321.610480649323,9.810966e-16
6323.085748619305,9.571401e-16
6324.561016589289,9.403664e-16
6326.036284559272,9.509399e-16
6327.511552529254,9.624278e-16
6328.986820499237,8.974067e-16
6330.462088469219,9.151722e-16
6331.937356439203,9.620662e-16
6333.412624409186,1.0451093e-15
6334.887892379168,9.96966e-16
6336.36316034915,9.531267e-16
6337.8384283191335,9.400884e-16
6339.313696289117,9.58007e-16
6340.7889642591,1.0241179e-15
6342.264232229082,1.0043941e-15
6343.739500199064,9.989754e-16
6345.214768169048,9.945447e-16
6346.690036139031,9.778369e-16
6348.165304109014,9.503352e-16
6349.640572078996,9.727121e-16
6351.1158400489785,1.0104955e-15
6352.591108018962,9.685831e-16
6354.066375988945,9.712375e-16
6355.541643958928,1.0139008e-15
6357.01691192891,1.0068791e-15
6358.492179898893,9.941699e-16
6359.967447868876,9.866359e-16
6361.442715838859,9.747047e-16
6362.917983808841,9.854255e-16
6364.393251778824,9.424775e-16
6365.868519748807,9.61798e-16
6367.34378771879,9.747597e-16
6368.819055688773,9.53436e-16
6370.294323658755,1.006148e-15
6371.7695916287375,1.0061962e-15
6373.244859598721,9.803483e-16
6374.720127568704,9.640712e-16
6376.195395538687,9.654572e-16
6377.670663508669,9.511075e-16
6379.145931478652,9.686405e-16
6380.621199448635,1.0260156e-15
6382.096467418618,9.736884e-16
6383.571735388601,9.643162e-16
6385.047003358583,9.634296e-16
6386.522271328566,9.505481e-16
6387.997539298549,9.840556e-16
6389.472807268532,9.625114e-16
6390.948075238515,9.788481e-16
6392.4233432084975,1.0309346e-15
6393.89861117848,9.885131e-16
6395.373879148463,9.254437e-16
6396.849147118446,9.492355e-16
6398.324415088428,9.918733e-16
6399.799683058412,9.877668e-16
6401.274951028394,9.570727e-16
6402.750218998377,9.619009e-16
6404.22548696836,9.947654e-16
6405.7007549383425,9.803027e-16
6407.176022908325,9.294373e-16
6408.651290878308,9.246778e-16
6410.126558848291,9.462903e-16
6411.601826818274,9.490107e-16
6413.0770947882565,9.316766e-16
6414.552362758239,9.519117e-16
6416.027630728222,9.874143e-16
6417.502898698205,9.796816e-16
6418.978166668188,9.692848e-16
6420.453434638171,9.613801e-16
6421.928702608153,9.608192e-16
6423.403970578136,9.488001e-16
6424.879238548119,1.0113292e-15
6426.354506518102,9.724716e-16
6427.829774488085,9.596705e-16
6429.305042458067,9.50453e-16
6430.78031042805,9.435531e-16
6432.255578398033,9.55425e-16
6433.730846368016,9.548373e-16
6435.206114337999,9.529667e-16
6436.681382307981,9.639313e-16
6438.156650277964,9.632331e-16
6439.631918247947,9.30193e-16
6441.10718621793,9.428115e-16
6442.582454187912,9.313926e-16
6444.057722157895,9.184666e-16
6445.532990127878,9.454503e-16
6447.0082580978615,9.685091e-16
6448.483526067844,9.393736e-16
6449.958794037826,9.172657e-16
6451.434062007809,9.483208e-16
6452.909329977792,9.542526e-16
6454.384597947776,9.347086e-16
6455.859865917758,9.733844e-16
6457.33513388774,9.811756e-16
6458.810401857723,9.605133e-16
6460.285669827706,9.705252e-16
6461.76093779769,9.686029e-16
6463.236205767672,9.664329e-16
6464.711473737654,9.528871e-16
6466.186741707637,1.0124681e-15
6467.6620096776205,9.921086e-16
6469.137277647603,9.630886e-16
6470.612545617586,9.843148e-16
6472.087813587568,9.578152e-16
6473.563081557551,9.848309e-16
6475.038349527535,9.735821e-16
6476.513617497517,9.643715e-16
6477.988885467499,9.305867e-16
6479.464153437482,9.159792e-16
6480.9394214074655,9.328157e-16
6482.414689377449,9.007199e-16
6483.889957347431,8.7862177e-16
6485.365225317413,9.01908e-16
6486.840493287396,8.954518e-16
6488.31576125738,9.03599e-16
6489.791029227363,9.473627e-16
6491.266297197345,9.443676e-16
6492.741565167327,9.701955e-16
6494.2168331373105,9.891126e-16
6495.692101107294,9.792082e-16
6497.167369077277,9.624231e-16
6498.642637047259,9.73224e-16
6500.117905017241,9.390623e-16
6501.5931729872245,9.221489e-16
6503.068440957208,9.313674e-16
6504.54370892719,9.750465e-16
6506.018976897173,9.962991e-16
6507.494244867155,9.424677e-16
6508.969512837139,9.219229e-16
6510.444780807122,9.304112e-16
6511.920048777104,9.376415e-16
6513.395316747086,9.368897e-16
6514.8705847170695,9.338873e-16
6516.345852687053,9.379043e-16
6517.821120657036,9.472073e-16
6519.296388627018,9.874885e-16
6520.771656597,9.962336e-16
6522.246924566984,9.471939e-16
6523.722192536967,9.366009e-16
6525.19746050695,9.819334e-16
6526.672728476932,9.97581e-16
6528.1479964469145,9.711824e-16
6529.623264416898,9.283589e-16
6531.098532386881,9.580984e-16
6532.573800356864,9.717615e-16
6534.049068326846,9.563428e-16
6535.524336296829,9.641576e-16
6536.999604266812,9.403908e-16
6538.474872236795,9.595945e-16
6539.950140206777,9.758298e-16
6541.42540817676,9.608123e-16
6542.900676146743,9.88658e-16
6544.375944116726,9.958127e-16
6545.851212086709,1.0511371e-15
6547.326480056691,1.0179871e-15
6548.8017480266735,1.0590315e-15
6550.277015996657,1.0930503e-15
6551.75228396664,1.0683608e-15
6553.227551936623,1.0803527e-15
6554.702819906605,1.0832423e-15
6556.178087876588,1.0860875e-15
6557.653355846571,1.1046092e-15
6559.128623816554,1.0708726e-15
6560.603891786537,1.0219118e-15
6562.079159756519,1.0253842e-15
6563.554427726502,1.0333367e-15
6565.029695696485,9.95484e-16
6566.504963666468,9.760184e-16
6567.980231636451,9.649093e-16
6569.4554996064335,9.655142e-16
6570.930767576416,9.73321e-16
6572.406035546399,9.580059e-16
6573.881303516382,9.355935e-16
6575.356571486365,9.309648e-16
6576.831839456348,9.327654e-16
6578.30710742633,9.123607e-16
6579.782375396313,8.7260297e-16
6581.257643366296,9.198057e-16
6582.732911336278,9.508075e-16
6584.208179306262,9.457561e-16
6585.683447276244,9.22876e-16
6587.158715246227,9.029406e-16
6588.63398321621,8.817722e-16
6590.1092511861925,9.067116e-16
6591.584519156175,9.08225e-16
6593.059787126158,8.760203e-16
6594.535055096141,8.957139e-16
6596.010323066124,8.7555355e-16
6597.485591036107,9.251364e-16
6598.960859006089,9.202895e-16
6600.436126976072,8.94016e-16
6601.911394946055,9.177051e-16
6603.386662916038,9.112359e-16
6604.861930886021,9.246034e-16
6606.337198856003,9.179072e-16
6607.812466825986,9.00548e-16
6609.287734795969,9.267425e-16
6610.7630027659525,9.369729e-16
6612.238270735935,9.386209e-16
6613.713538705917,9.398737e-16
6615.1888066759,9.508848e-16
6616.664074645883,9.139445e-16
6618.139342615866,9.213235e-16
6619.614610585849,9.084095e-16
6621.089878555831,9.27573e-16
6622.565146525814,9.350602e-16
6624.040414495797,9.233222e-16
6625.51568246578,9.0196e-16
6626.990950435762,8.837522e-16
6628.466218405745,9.384373e-16
6629.941486375728,9.280977e-16
6631.4167543457115,9.230408e-16
6632.892022315694,9.223014e-16
6634.367290285676,9.157793e-16
6635.842558255659,9.180114e-16
6637.317826225642,9.097216e-16
6638.793094195626,9.158476e-16
6640.268362165608,9.24161e-16
6641.74363013559,9.145815e-16
6643.218898105573,9.319532e-16
6644.6941660755565,9.554923e-16
6646.16943404554,9.210487e-16
6647.644702015522,8.983187e-16
6649.119969985504,8.990579e-16
6650.595237955487,9.32408e-16
6652.070505925471,9.162306e-16
6653.545773895453,8.8069356e-16
6655.021041865436,8.8546236e-16
6656.496309835418,8.839502e-16
6657.9715778054015,8.914697e-16
6659.446845775385,9.179359e-16
6660.922113745367,8.854981e-16
6662.397381715349,8.7562354e-16
6663.872649685332,8.993136e-16
6665.3479176553155,9.153157e-16
6666.823185625299,9.011371e-16
6668.298453595281,8.59633e-16
6669.773721565263,8.696065e-16
6671.248989535246,8.8466583e-16
6672.72425750523,8.5668446e-16
6674.199525475213,8.548105e-16
6675.674793445195,8.983396e-16
6677.150061415177,9.222075e-16
6678.6253293851605,9.167064e-16
6680.100597355144,8.884366e-16
6681.575865325127,9.168855e-16
6683.051133295109,9.326146e-16
6684.526401265091,9.261078e-16
6686.001669235075,9.148075e-16
6687.476937205058,8.739631e-16
6688.95220517504,8.854181e-16
6690.427473145023,9.254513e-16
6691.9027411150055,9.052807e-16
6693.378009084989,9.17332e-16
6694.853277054972,9.252439e-16
6696.328545024954,9.249842e-16
6697.803812994936,9.144053e-16
6699.27908096492,9.18393e-16
6700.754348934903,8.909155e-16
6702.229616904886,9.129123e-16
6703.704884874868,8.918684e-16
6705.18015284485,8.6865193e-16
6706.655420814834,9.055567e-16
6708.130688784817,8.829011e-16
6709.6059567548,8.8042e-16
6711.081224724782,9.09249e-16
6712.5564926947645,8.900753e-16
6714.031760664748,8.710165e-16
6715.507028634731,9.37942e-16
6716.982296604714,9.298097e-16
6718.457564574696,8.7368404e-16
6719.932832544679,8.8641956e-16
6721.408100514662,8.931463e-16
6722.883368484645,8.678053e-16
6724.358636454627,8.8421907e-16
6725.83390442461,8.855638e-16
6727.309172394593,9.132859e-16
6728.784440364576,9.110164e-16
6730.259708334559,8.8357633e-16
6731.734976304541,8.783709e-16
6733.210244274524,8.738405e-16
6734.685512244507,8.705523e-16
6736.16078021449,8.641752e-16
6737.636048184473,8.569265e-16
6739.111316154455,8.6079686e-16
6740.586584124438,8.6293864e-16
6742.061852094421,8.82626e-16
6743.537120064404,8.883744e-16
6745.012388034387,8.733743e-16
6746.4876560043695,8.976859e-16
6747.962923974352,9.192568e-16
6749.438191944335,9.065386e-16
6750.913459914318,8.8515684e-16
6752.388727884301,8.7800524e-16
6753.8639958542835,8.838356e-16
6755.339263824266,8.811803e-16
6756.814531794249,8.739093e-16
6758.289799764232,8.982853e-16
6759.765067734214,8.632385e-16
6761.240335704198,8.5816375e-16
6762.71560367418,8.6216884e-16
6764.190871644163,8.517254e-16
6765.666139614146,8.76173e-16
6767.1414075841285,8.7176604e-16
6768.616675554111,8.574475e-16
6770.091943524094,8.788007e-16
6771.567211494077,8.465657e-16
6773.04247946406,8.435008e-16
6774.517747434043,8.1984277e-16
6775.993015404025,8.367253e-16
6777.468283374008,8.445045e-16
6778.943551343991,8.5419525e-16
6780.418819313974,8.277201e-16
6781.894087283957,8.4013614e-16
6783.369355253939,8.453228e-16
6784.844623223922,8.2634814e-16
6786.319891193905,8.822296e-16
6787.7951591638885,8.5897283e-16
6789.270427133871,8.5698786e-16
6790.745695103853,8.4389993e-16
6792.220963073836,8.4272727e-16
6793.696231043819,8.7016203e-16
6795.171499013802,8.882115e-16
6796.646766983785,8.594621e-16
6798.122034953767,8.52786e-16
6799.59730292375,8.7426823e-16
6801.072570893733,8.62472e-16
6802.547838863716,8.5651516e-16
6804.023106833698,8.192741e-16
6805.498374803681,8.1172014e-16
6806.973642773664,8.6767736e-16
6808.4489107436475,8.68687e-16
6809.92417871363,8.5793357e-16
6811.399446683612,8.918436e-16
6812.874714653595,8.858327e-16
6814.349982623578,8.414017e-16
6815.825250593562,8.3463524e-16
6817.300518563544,8.2776147e-16
6818.775786533526,8.211571e-16
6820.251054503509,8.0739223e-16
6821.7263224734925,8.2050573e-16
6823.201590443476,8.28633e-16
6824.676858413458,8.3594126e-16
6826.15212638344,8.5009455e-16
6827.627394353423,8.635312e-16
6829.102662323407,8.604832e-16
6830.577930293389,8.523442e-16
6832.053198263372,8.560237e-16
6833.528466233354,8.3827696e-16
6835.003734203337,8.346508e-16
6836.479002173321,8.5169994e-16
6837.954270143303,8.4747865e-16
6839.429538113285,7.945215e-16
6840.904806083268,8.085143e-16
6842.3800740532515,8.354966e-16
6843.855342023235,8.280585e-16
6845.330609993217,8.501646e-16
6846.805877963199,8.4791047e-16
6848.281145933182,8.322859e-16
6849.756413903166,8.736425e-16
6851.231681873149,8.4756997e-16
6852.706949843131,8.528419e-16
6854.182217813113,8.444468e-16
6855.6574857830965,8.599915e-16
6857.13275375308,8.509537e-16
6858.608021723063,8.204574e-16
6860.083289693045,8.4596823e-16
6861.558557663027,8.614358e-16
6863.033825633011,8.542336e-16
6864.509093602994,8.3916454e-16
6865.984361572976,8.02342e-16
6867.459629542959,7.753441e-16
6868.9348975129415,7.379123e-16
6870.410165482925,7.05289e-16
6871.885433452908,6.8967535e-16
6873.36070142289,6.6394476e-16
6874.835969392872,6.4703793e-16
6876.3112373628555,6.7591143e-16
6877.786505332839,6.993241e-16
6879.261773302822,6.9861414e-16
6880.737041272804,7.216135e-16
6882.212309242786,7.4464943e-16
6883.68757721277,7.7112593e-16
6885.162845182753,7.734846e-16
6886.638113152735,7.656673e-16
6888.113381122718,7.4804344e-16
6889.588649092701,7.344756e-16
6891.063917062684,7.545943e-16
6892.539185032667,7.3582064e-16
6894.014453002649,7.5876105e-16
6895.489720972632,7.683357e-16
6896.964988942615,7.4072507e-16
6898.440256912598,7.436025e-16
6899.915524882581,7.3651553e-16
6901.390792852563,7.228827e-16
6902.866060822546,7.5725566e-16
6904.341328792529,7.7820146e-16
6905.816596762512,7.516159e-16
6907.291864732495,7.911577e-16
6908.767132702477,8.409076e-16
6910.2424006724605,8.065671e-16
6911.717668642443,8.0378223e-16
6913.192936612426,7.8684924e-16
6914.668204582408,7.9104163e-16
6916.143472552391,8.10206e-16
6917.6187405223745,8.066501e-16
6919.094008492357,8.016739e-16
6920.56927646234,7.725876e-16
6922.044544432322,7.8211343e-16
6923.519812402305,7.8724555e-16
6924.995080372289,8.1199384e-16
6926.470348342271,7.533341e-16
6927.945616312254,7.6481675e-16
6929.420884282236,7.9645444e-16
6930.8961522522195,7.9725706e-16
6932.371420222202,8.1575986e-16
6933.846688192185,7.933101e-16
6935.321956162168,7.8062535e-16
6936.79722413215,7.9889437e-16
6938.272492102134,7.858306e-16
6939.747760072116,7.8506317e-16
6941.223028042099,7.925532e-16
6942.698296012082,7.8526127e-16
6944.1735639820645,7.793747e-16
6945.648831952048,7.678455e-16
6947.12409992203,7.509469e-16
6948.599367892013,7.651124e-16
6950.074635861995,7.941306e-16
6951.549903831979,8.1452e-16
6953.025171801962,7.618232e-16
6954.500439771944,7.870955e-16
6955.975707741927,8.0219595e-16
6957.450975711909,7.7501757e-16
6958.926243681893,7.7869623e-16
6960.401511651876,7.9716473e-16
6961.876779621858,7.9188067e-16
6963.352047591841,7.916413e-16
6964.8273155618235,7.9550513e-16
6966.302583531807,7.8911966e-16
6967.777851501789,7.8161273e-16
6969.253119471772,7.7672905e-16
6970.728387441755,7.8673855e-16
6972.203655411738,7.883965e-16
6973.678923381721,7.8762396e-16
6975.154191351703,8.037212e-16
6976.629459321686,8.1071694e-16
6978.104727291669,8.034018e-16
6979.579995261652,7.7534077e-16
6981.055263231635,7.530276e-16
6982.530531201617,7.688677e-16
6984.0057991716,7.9198676e-16
6985.481067141583,7.7712086e-16
6986.956335111566,7.5809205e-16
6988.431603081549,7.6534525e-16
6989.906871051531,7.5880584e-16
6991.382139021514,7.4006174e-16
6992.857406991497,7.542753e-16
6994.33267496148,7.518661e-16
6995.807942931463,7.5763063e-16
6997.283210901445,7.660056e-16
6998.758478871428,7.5695994e-16
7000.233746841411,7.599747e-16
7001.709014811394,7.728603e-16
7003.184282781376,7.6352095e-16
7004.659550751359,7.5545863e-16
7006.1348187213425,7.6582816e-16
7007.610086691325,7.5411973e-16
7009.085354661308,7.4539815e-16
7010.56062263129,7.5429756e-16
7012.035890601273,7.68198e-16
7013.511158571257,7.7690365e-16
7014.986426541239,7.779253e-16
7016.461694511222,7.528214e-16
7017.936962481204,7.4695505e-16
7019.4122304511875,8.031291e-16
7020.88749842117,7.69105e-16
7022.362766391153,7.3045316e-16
7023.838034361136,7.438089e-16
7025.313302331118,7.566509e-16
7026.788570301102,7.735519e-16
7028.263838271084,7.5166964e-16
7029.739106241067,7.119789e-16
7031.21437421105,7.249239e-16
7032.6896421810325,7.3882115e-16
7034.164910151016,7.3841447e-16
7035.640178120998,7.242623e-16
7037.115446090981,7.3310686e-16
7038.590714060963,7.4127416e-16
7040.0659820309465,7.397254e-16
7041.54125000093,7.6237947e-16
7043.016517970912,7.673255e-16
7044.491785940895,7.4594237e-16
7045.967053910877,7.5930754e-16
7047.442321880861,7.479374e-16
7048.917589850844,7.3117345e-16
7050.392857820826,7.6669897e-16
7051.868125790809,7.6651034e-16
7053.3433937607915,7.3723826e-16
7054.818661730775,7.463866e-16
7056.293929700757,7.4502493e-16
7057.76919767074,7.1017746e-16
7059.244465640723,7.2287226e-16
7060.719733610706,7.597598e-16
7062.195001580689,7.500666e-16
7063.670269550671,7.511493e-16
7065.145537520654,7.834439e-16
7066.620805490637,7.5783466e-16
7068.09607346062,7.526476e-16
7069.571341430603,7.561052e-16
7071.046609400585,7.3206765e-16
7072.521877370568,7.385823e-16
7073.997145340551,7.4280565e-16
7075.472413310534,7.5215356e-16
7076.947681280517,7.285781e-16
7078.422949250499,7.2092197e-16
7079.898217220482,7.5780094e-16
7081.373485190465,7.574623e-16
7082.848753160448,7.321441e-16
7084.324021130431,7.2239417e-16
7085.799289100413,7.240009e-16
7087.274557070396,7.330256e-16
7088.749825040379,6.9327783e-16
7090.225093010362,7.193807e-16
7091.700360980344,7.516467e-16
7093.175628950327,7.294341e-16
7094.6508969203105,7.0621827e-16
7096.126164890293,7.13627e-16
7097.601432860276,7.345057e-16
7099.076700830258,7.35074e-16
7100.551968800241,7.092596e-16
7102.027236770225,7.146275e-16
7103.502504740207,6.982171e-16
7104.97777271019,7.036784e-16
7106.453040680172,6.9091657e-16
7107.9283086501555,6.934741e-16
7109.403576620138,7.128536e-16
7110.878844590121,7.11316e-16
7112.354112560104,6.9302923e-16
7113.829380530086,6.8146273e-16
7115.30464850007,6.9391295e-16
7116.779916470052,7.010346e-16
7118.255184440035,6.84816e-16
7119.730452410018,7.0694746e-16
7121.2057203800005,7.11275e-16
7122.680988349984,7.0796983e-16
7124.156256319966,7.22089e-16
7125.631524289949,7.0627836e-16
7127.106792259931,6.8036053e-16
7128.5820602299145,6.995457e-16
7130.057328199898,7.1304223e-16
7131.53259616988,7.028458e-16
7133.007864139863,7.081507e-16
7134.483132109845,6.89182e-16
7135.958400079829,6.950658e-16
7137.433668049812,7.0410805e-16
7138.908936019794,6.7128e-16
7140.384203989777,6.8557513e-16
7141.8594719597595,6.962934e-16
7143.334739929743,6.9092017e-16
7144.810007899725,7.0957665e-16
7146.285275869708,6.939527e-16
7147.760543839691,6.9280683e-16
7149.235811809674,7.176549e-16
7150.711079779657,7.1846716e-16
7152.186347749639,7.0368056e-16
7153.661615719622,7.045649e-16
7155.136883689605,7.0222594e-16
7156.612151659588,6.7955e-16
7158.087419629571,6.920145e-16
7159.562687599553,7.0731724e-16
7161.037955569536,6.8841375e-16
7162.513223539519,6.8327204e-16
7163.988491509502,6.9929404e-16
7165.463759479485,6.9776457e-16
7166.939027449467,6.9341156e-16
7168.41429541945,6.7074744e-16
7169.889563389433,6.4347727e-16
7171.364831359416,6.613468e-16
7172.840099329399,6.6195127e-16
7174.315367299381,6.519825e-16
7175.790635269364,6.600815e-16
7177.265903239347,6.7698976e-16
7178.74117120933,6.8796974e-16
7180.216439179312,6.807687e-16
7181.691707149295,6.648639e-16
7183.1669751192785,6.344486e-16
7184.642243089261,6.2777884e-16
7186.117511059244,6.432311e-16
7187.592779029226,6.4161094e-16
7189.068046999209,6.231803e-16
7190.543314969193,6.24036e-16
7192.018582939175,6.4413007e-16
7193.493850909158,6.4645285e-16
7194.96911887914,6.229263e-16
7196.4443868491235,5.965426e-16
7197.919654819106,6.113508e-16
7199.394922789089,6.3424133e-16
7200.870190759072,6.383448e-16
7202.345458729054,6.2228477e-16
7203.820726699038,6.195581e-16
7205.29599466902,6.536385e-16
7206.771262639003,6.551613e-16
7208.246530608986,6.238257e-16
7209.721798578968,6.1604584e-16
7211.197066548952,6.365239e-16
7212.672334518934,6.57977e-16
7214.147602488917,6.627538e-16
7215.622870458899,6.697415e-16
7217.0981384288825,6.7004213e-16
7218.573406398866,6.428764e-16
7220.048674368848,6.46661e-16
7221.523942338831,6.3601565e-16
7222.999210308813,6.2279733e-16
7224.474478278797,6.3119794e-16
7225.94974624878,6.4114036e-16
7227.425014218762,6.529625e-16
7228.900282188745,6.5532716e-16
7230.3755501587275,6.4745886e-16
7231.850818128711,6.523167e-16
7233.326086098693,6.1552317e-16
7234.801354068676,6.5331455e-16
7236.276622038659,6.5650294e-16
7237.751890008642,6.2414586e-16
7239.227157978625,5.9690544e-16
7240.702425948607,5.9721514e-16
7242.17769391859,6.176987e-16
7243.652961888573,6.3005413e-16
7245.128229858556,6.4131247e-16
7246.603497828539,6.302401e-16
7248.078765798521,6.5082915e-16
7249.554033768504,6.286228e-16
7251.0293017384865,6.088288e-16
7252.50456970847,6.0973974e-16
7253.979837678453,6.1741243e-16
7255.455105648435,6.1821494e-16
7256.930373618418,6.0030877e-16
7258.405641588401,6.4615607e-16
7259.880909558384,6.529828e-16
7261.356177528367,6.4392334e-16
7262.831445498349,6.33697e-16
7264.306713468332,6.274021e-16
7265.781981438315,6.076143e-16
7267.257249408298,5.7466744e-16
7268.73251737828,5.755387e-16
7270.207785348263,6.102772e-16
7271.6830533182465,6.17156e-16
7273.158321288229,6.122055e-16
7274.633589258212,6.1793213e-16
7276.108857228194,5.996803e-16
7277.584125198177,5.8619265e-16
7279.059393168161,5.8618285e-16
7280.534661138143,6.01353e-16
7282.009929108126,6.3906227e-16
7283.485197078108,5.9665657e-16
7284.9604650480915,5.7600554e-16
7286.435733018074,6.0203296e-16
7287.911000988057,6.2656176e-16
7289.38626895804,6.200799e-16
7290.861536928022,6.0608966e-16
7292.3368048980055,5.9346485e-16
7293.812072867988,5.719584e-16
7295.287340837971,5.73639e-16
7296.762608807954,6.009099e-16
7298.237876777936,6.0669974e-16
7299.71314474792,6.1712957e-16
7301.188412717902,5.9807774e-16
7302.663680687885,6.011432e-16
7304.138948657867,6.182332e-16
7305.6142166278505,5.9448033e-16
7307.089484597834,5.8542635e-16
7308.564752567816,5.8145175e-16
7310.040020537799,5.8966135e-16
7311.515288507781,5.799577e-16
7312.990556477765,5.909216e-16
7314.465824447748,5.683991e-16
7315.94109241773,5.490028e-16
7317.416360387713,5.8993865e-16
7318.8916283576955,5.980242e-16
7320.366896327679,5.6266413e-16
7321.842164297661,5.889075e-16
7323.317432267644,5.7012215e-16
7324.792700237627,5.849662e-16
7326.26796820761,5.8047284e-16
7327.743236177593,5.7408103e-16
7329.218504147575,5.870369e-16
7330.693772117558,5.808069e-16
7332.169040087541,5.9728004e-16
7333.644308057524,5.969076e-16
7335.119576027507,5.9313323e-16
7336.594843997489,5.918105e-16
7338.070111967472,5.760791e-16
7339.545379937455,5.464946e-16
7341.020647907438,5.4804975e-16
7342.495915877421,5.7422756e-16
7343.971183847403,5.647269e-16
7345.446451817386,5.503186e-16
7346.921719787369,5.605281e-16
7348.396987757352,5.8248375e-16
7349.872255727335,5.8375425e-16
7351.347523697317,5.767117e-16
7352.8227916673,5.5824543e-16
7354.298059637283,5.400072e-16
7355.773327607266,5.5999985e-16
7357.248595577249,5.83814e-16
7358.723863547231,5.668771e-16
7360.1991315172145,5.521468e-16
7361.674399487197,5.462749e-16
7363.14966745718,5.6030647e-16
7364.624935427162,5.8251726e-16
7366.100203397145,5.8367495e-16
7367.575471367129,5.641287e-16
7369.050739337111,5.5254267e-16
7370.526007307094,5.582795e-16
7372.001275277076,5.497759e-16
7373.476543247059,5.5582784e-16
7374.951811217043,5.675506e-16
7376.427079187025,5.715107e-16
7377.902347157008,5.681719e-16
7379.37761512699,5.532747e-16
7380.8528830969735,5.440459e-16
7382.328151066956,5.6228435e-16
7383.803419036939,5.4654166e-16
7385.278687006922,5.3937364e-16
7386.753954976904,5.5270615e-16
7388.229222946888,5.3926067e-16
7389.70449091687,5.272173e-16
7391.179758886853,5.473908e-16
7392.655026856836,5.5624685e-16
7394.1302948268185,5.557396e-16
7395.605562796802,5.4118613e-16
7397.080830766784,5.3233644e-16
7398.556098736767,5.374626e-16
7400.031366706749,5.2537383e-16
7401.506634676733,5.0575114e-16
7402.981902646716,5.181416e-16
7404.457170616698,5.4627135e-16
7405.932438586681,5.4197774e-16
7407.4077065566635,5.224068e-16
7408.882974526647,5.350341e-16
7410.35824249663,5.4612873e-16
7411.833510466612,5.327571e-16
7413.308778436595,5.182424e-16
7414.7840464065775,5.1023793e-16
7416.259314376561,5.0340047e-16
7417.734582346543,5.190757e-16
7419.209850316526,5.477622e-16
7420.685118286509,5.507801e-16
7422.160386256492,5.3821956e-16
7423.635654226475,5.29702e-16
7425.110922196457,5.164486e-16
7426.58619016644,5.106486e-16
7428.061458136423,5.366514e-16
7429.536726106406,5.3560207e-16
7431.011994076389,4.6228427e-16
7432.487262046371,5.1688396e-16
7433.962530016354,5.5650075e-16
7435.437797986337,5.350535e-16
7436.91306595632,5.179188e-16
7438.388333926303,5.3497045e-16
7439.863601896285,5.5802525e-16
7441.338869866268,5.4537397e-16
7442.814137836251,5.1660074e-16
7444.289405806234,5.203514e-16
7445.764673776217,5.435646e-16
7447.239941746199,5.540669e-16
7448.7152097161825,5.408539e-16
7450.190477686165,5.348452e-16
7451.665745656148,5.406835e-16
7453.14101362613,5.3675133e-16
7454.616281596113,5.5945833e-16
7456.091549566097,5.445342e-16
7457.566817536079,5.568194e-16
7459.042085506062,5.446335e-16
7460.517353476044,5.343458e-16
7461.992621446027,5.3501296e-16
7463.467889416011,5.2115703e-16
7464.943157385993,5.3670046e-16
7466.418425355976,5.38882e-16
7467.893693325958,5.281063e-16
7469.3689612959415,5.425626e-16
7470.844229265924,5.6490004e-16
7472.319497235907,5.486598e-16
7473.79476520589,5.211946e-16
7475.270033175872,5.1866104e-16
7476.745301145856,5.1998463e-16
7478.220569115838,5.372091e-16
7479.695837085821,5.3370027e-16
7481.171105055804,5.1587515e-16
7482.6463730257865,5.619702e-16
7484.12164099577,5.67296e-16
7485.596908965752,5.258093e-16
7487.072176935735,5.351718e-16
7488.547444905717,5.378468e-16
7490.022712875701,5.290777e-16
7491.497980845684,5.321631e-16
7492.973248815666,5.313477e-16
7494.448516785649,5.361466e-16
7495.9237847556315,5.2622123e-16
7497.399052725615,5.2641155e-16
7498.874320695598,5.594446e-16
7500.34958866558,5.5978205e-16
7501.824856635563,5.3125737e-16
7503.3001246055455,5.341882e-16
7504.775392575529,5.374388e-16
7506.250660545511,5.495312e-16
7507.725928515494,5.6338046e-16
7509.201196485477,5.733342e-16
7510.67646445546,5.733771e-16
7512.151732425443,5.47279e-16
7513.627000395425,5.466277e-16
7515.102268365408,5.6008857e-16
7516.577536335391,5.6898147e-16
7518.052804305374,5.6312894e-16
7519.528072275357,5.4814165e-16
7521.003340245339,5.378606e-16
7522.478608215322,5.3721386e-16
7523.953876185305,5.45054e-16
7525.429144155288,5.586087e-16
7526.904412125271,5.4604106e-16
7528.379680095253,5.2285724e-16
7529.854948065236,5.249612e-16
7531.330216035219,5.4012416e-16
7532.805484005202,5.390626e-16
7534.280751975185,5.413807e-16
7535.756019945167,5.6399075e-16
7537.2312879151505,5.55958e-16
7538.706555885133,5.7053037e-16
7540.181823855116,5.6911254e-16
7541.657091825098,5.538263e-16
7543.132359795081,5.6246704e-16
7544.6076277650645,5.456113e-16
7546.082895735047,5.0639574e-16
7547.55816370503,5.5279885e-16
7549.033431675012,5.46819e-16
7550.508699644995,5.747594e-16
7551.983967614979,5.8823325e-16
7553.459235584961,5.8181814e-16
7554.934503554944,5.734054e-16
7556.409771524926,5.701646e-16
7557.8850394949095,5.6755856e-16
7559.360307464892,5.3372404e-16
7560.835575434875,5.5914455e-16
7562.310843404858,5.9310237e-16
7563.78611137484,5.5491865e-16
7565.261379344824,5.297535e-16
7566.736647314806,5.4922956e-16
7568.211915284789,5.536073e-16
7569.687183254772,5.551699e-16
7571.1624512247545,5.680127e-16
7572.637719194738,5.7204725e-16
7574.11298716472,5.787736e-16
7575.588255134703,5.445607e-16
7577.063523104685,5.4799564e-16
7578.538791074669,5.9377036e-16
7580.014059044652,5.9705034e-16
7581.489327014634,5.930735e-16
7582.964594984617,5.9417355e-16
7584.439862954599,5.7334183e-16
7585.915130924583,5.7324024e-16
7587.390398894566,5.7546423e-16
7588.865666864548,5.696826e-16
7590.340934834531,5.594584e-16
7591.8162028045135,5.3070055e-16
7593.291470774497,4.9318223e-16
7594.766738744479,4.70095e-16
7596.242006714462,4.424991e-16
7597.717274684445,3.7697363e-16
7599.192542654428,3.124736e-16
7600.667810624411,2.8858534e-16
7602.143078594393,2.8092173e-16
7603.618346564376,2.6663062e-16
7605.093614534359,2.6472485e-16
7606.568882504342,2.518001e-16
7608.044150474325,2.5718393e-16
7609.519418444307,2.7601654e-16
7610.99468641429,3.1779268e-16
7612.469954384273,3.671132e-16
7613.945222354256,3.936835e-16
7615.420490324239,4.1384693e-16
7616.895758294221,4.4317693e-16
7618.371026264204,4.576473e-16
7619.846294234187,4.4704927e-16
7621.32156220417,4.4841765e-16
7622.796830174153,4.45148e-16
7624.272098144135,4.3600928e-16
7625.747366114118,4.4135708e-16
7627.222634084101,4.2807653e-16
7628.697902054084,4.2164914e-16
7630.173170024066,4.5271645e-16
7631.648437994049,4.274932e-16
7633.1237059640325,4.270812e-16
7634.598973934015,4.5600273e-16
7636.074241903998,4.557961e-16
7637.54950987398,4.639975e-16
7639.024777843963,4.752993e-16
7640.500045813947,4.8214767e-16
7641.975313783929,4.6808714e-16
7643.450581753912,4.866544e-16
7644.925849723894,5.25916e-16
7646.4011176938775,5.3663905e-16
7647.87638566386,5.331005e-16
7649.351653633843,5.538916e-16
7650.826921603826,5.786302e-16
7652.302189573808,5.892016e-16
7653.777457543792,5.7284976e-16
7655.252725513774,5.719308e-16
7656.727993483757,6.102314e-16
7658.20326145374,6.3142235e-16
7659.6785294237225,6.111935e-16
7661.153797393706,6.1868605e-16
7662.629065363688,6.3274383e-16
7664.104333333671,6.3564365e-16
7665.579601303653,6.448203e-16
7667.0548692736365,6.458592e-16
7668.53013724362,6.317846e-16
7670.005405213602,6.3957266e-16
7671.480673183585,6.7232144e-16
7672.955941153567,6.69627e-16
7674.431209123551,6.6470445e-16
7675.906477093534,6.9308174e-16
7677.381745063516,7.177383e-16
7678.857013033499,7.15691e-16
7680.3322810034815,7.1545956e-16
7681.807548973465,7.327057e-16
7683.282816943447,7.370949e-16
7684.75808491343,7.195515e-16
7686.233352883413,6.882531e-16
7687.708620853396,6.963435e-16
7689.183888823379,7.1910784e-16
7690.659156793361,7.669379e-16
7692.134424763344,7.9284433e-16
7693.609692733327,7.452703e-16
7695.08496070331,7.7759017e-16
7696.560228673293,8.102804e-16
7698.035496643275,8.100099e-16
7699.510764613258,8.5446005e-16
7700.986032583241,8.3407694e-16
7702.461300553224,7.851223e-16
7703.936568523207,8.235849e-16
7705.411836493189,8.1516513e-16
7706.887104463172,8.163543e-16
7708.362372433155,8.096488e-16
7709.837640403138,7.936412e-16
7711.312908373121,8.20943e-16
7712.788176343103,8.8748766e-16
7714.263444313086,8.964352e-16
7715.738712283069,8.575484e-16
7717.213980253052,9.134662e-16
7718.689248223034,9.134027e-16
7720.164516193017,8.976345e-16
7721.6397841630005,9.251919e-16
7723.115052132983,9.089525e-16
7724.590320102966,8.810324e-16
7726.065588072948,9.39782e-16
7727.540856042931,9.784457e-16
7729.016124012915,9.598053e-16
7730.491391982897,9.452593e-16
7731.96665995288,9.733734e-16
7733.441927922862,1.0274497e-15
7734.9171958928455,1.0342709e-15
7736.392463862828,1.0281591e-15
7737.867731832811,1.0830823e-15
7739.342999802794,1.0777445e-15
7740.818267772776,1.0782751e-15
7742.29353574276,1.113136e-15
7743.768803712742,1.1106818e-15
7745.244071682725,1.1299294e-15
7746.719339652708,1.1544335e-15
7748.1946076226905,1.1216128e-15
7749.669875592674,1.1412095e-15
7751.145143562656,1.1107639e-15
7752.620411532639,1.1364279e-15
7754.095679502621,1.1640345e-15
7755.5709474726045,1.1571515e-15
7757.046215442588,1.1944865e-15
7758.52148341257,1.2512149e-15
7759.996751382553,1.2190922e-15
7761.472019352535,1.2009984e-15
7762.947287322519,1.1939236e-15
7764.422555292502,1.2320427e-15
7765.897823262484,1.2842278e-15
7767.373091232467,1.3010246e-15
7768.8483592024495,1.3458961e-15
7770.323627172433,1.4408289e-15
7771.798895142415,1.4592696e-15
7773.274163112398,1.5167011e-15
7774.749431082381,1.4660985e-15
7776.224699052364,1.4864298e-15
7777.699967022347,1.5777477e-15
7779.175234992329,1.6147181e-15
7780.650502962312,1.6055499e-15
7782.125770932295,1.5860875e-15
7783.601038902278,1.6460669e-15
7785.076306872261,1.6576641e-15
7786.551574842243,1.6264296e-15
7788.026842812226,1.6569094e-15
7789.502110782209,1.6831344e-15
7790.977378752192,1.6535782e-15
7792.452646722175,1.6641692e-15
7793.927914692157,1.6463156e-15
7795.40318266214,1.6547144e-15
7796.878450632123,1.6769899e-15
7798.353718602106,1.728636e-15
7799.828986572089,1.8006675e-15
7801.304254542071,1.868714e-15
7802.779522512054,1.8888227e-15
7804.254790482037,1.8136386e-15
7805.73005845202,1.812844e-15
7807.205326422002,1.8352733e-15
7808.680594391985,1.8049486e-15
7810.1558623619685,1.7652677e-15
7811.631130331951,1.7442834e-15
7813.106398301934,1.7242288e-15
7814.581666271916,1.7394481e-15
7816.056934241899,1.7731867e-15
7817.532202211883,1.7052228e-15
7819.007470181865,1.6427169e-15
7820.482738151848,1.6426501e-15
7821.95800612183,1.5773121e-15
7823.4332740918135,1.5288573e-15
7824.908542061796,1.6720101e-15
7826.383810031779,1.642308e-15
7827.859078001762,1.5326658e-15
7829.334345971744,1.5878665e-15
7830.809613941728,1.5533568e-15
7832.28488191171,1.4377564e-15
7833.760149881693,1.427244e-15
7835.235417851676,1.4347118e-15
7836.710685821658,1.4840835e-15
7838.185953791642,1.3756829e-15
7839.661221761624,1.4346504e-15
7841.136489731607,1.4228014e-15
7842.611757701589,1.3853327e-15
7844.0870256715725,1.381715e-15
7845.562293641556,1.2841302e-15
7847.037561611538,1.3594386e-15
7848.512829581521,1.1606761e-15
7849.988097551503,1.0793078e-15
7851.463365521487,1.1508311e-15
7852.93863349147,1.2250782e-15
7854.413901461452,1.1956372e-15
7855.889169431435,1.0664609e-15
7857.3644374014175,9.997998e-16
7858.839705371401,9.415736e-16
7860.314973341383,8.830114e-16
7861.790241311366,8.885759e-16
7863.265509281349,8.257305e-16
7864.740777251332,7.405721e-16
7866.216045221315,6.928478e-16
7867.691313191297,5.692458e-16
7869.16658116128,6.6570543e-16
7870.641849131263,5.7596313e-16
7872.117117101246,4.7747385e-16
7873.592385071229,4.737869e-16
7875.067653041211,4.9007754e-16
7876.542921011194,4.736741e-16
7878.0181889811765,3.9922063e-16
7879.49345695116,3.5073416e-16
7880.968724921143,3.0150516e-16
7882.443992891125,2.679267e-16
7883.919260861108,2.9123812e-16
7885.394528831091,2.857036e-16
7886.869796801074,2.2172015e-16
7888.345064771057,1.9134227e-16
7889.820332741039,1.7283322e-16
7891.295600711022,2.7838275e-16
7892.770868681005,2.7678797e-16
7894.246136650988,2.080421e-16
7895.72140462097,1.5615283e-16
7897.196672590953,1.1691801e-16
7898.6719405609365,1.0351941e-16
7900.147208530919,6.486127e-17
7901.622476500902,2.413042e-17
7903.097744470884,2.6365022e-17
7904.573012440867,1.290632e-16
7906.048280410851,1.6769057e-16
7907.523548380833,1.1596183e-16
7908.998816350816,1.08922766e-16
7910.474084320798,5.562426e-17
7911.9493522907815,1.4998402e-16
7913.424620260764,2.1336186e-16
7914.899888230747,1.2237043e-16
7916.37515620073,4.1461846e-17
7917.850424170712,1.0729504e-16
7919.3256921406955,2.0702064e-16
7920.800960110678,2.1856277e-16
7922.276228080661,1.9468856e-16
7923.751496050644,6.0864194e-17
7925.226764020626,4.5368785e-17
7926.70203199061,4.8063958e-17
7928.177299960592,1.470818e-17
7929.652567930575,1.01362587e-16
7931.127835900557,1.2932635e-16
7932.6031038705405,6.8012147e-17
7934.078371840524,1.6381918e-16
7935.553639810506,1.3135722e-16
7937.028907780489,4.046453e-17
7938.504175750471,7.630428e-17
7939.979443720455,1.0984307e-16
7941.454711690438,8.7153225e-17
7942.92997966042,5.6014984e-17
7944.405247630403,1.3912036e-16
7945.8805156003855,1.698339e-16
7947.355783570369,7.7784247e-17
7948.831051540351,1.4673696e-17
7950.306319510334,5.179419e-17
7951.781587480317,7.5763544e-17
