wav,flam
6220.771934533067,4.894763879748796e-17
6221.52751426593,5.018352508452618e-17
6222.2830939987925,4.971904414553387e-17
6223.038673731655,5.059898565338263e-17
6223.794253464519,5.379120206421284e-17
6224.549833197381,5.174879429929699e-17
6225.305412930244,5.374141785690115e-17
6226.060992663107,5.4908014090415644e-17
6226.81657239597,5.1398587739532335e-17
6227.572152128832,4.73343460300067e-17
6228.327731861696,4.478306207687265e-17
6229.083311594559,4.5502429516123987e-17
6229.838891327421,4.598410391355459e-17
6230.594471060284,4.3988707612626213e-17
6231.350050793148,4.667093905296734e-17
6232.10563052601,5.0625005544685796e-17
6232.861210258872,5.05667402094861e-17
6233.616789991736,4.8524932192660885e-17
6234.372369724599,4.803223323060335e-17
6235.127949457461,4.699125810142121e-17
6235.883529190324,4.469454702192122e-17
6236.6391089231865,4.492922062912615e-17
6237.39468865605,4.4908504656256495e-17
6238.150268388913,4.542415908675346e-17
6238.905848121776,4.600223009090759e-17
6239.6614278546385,4.692930294257916e-17
6240.417007587502,4.830725102692724e-17
6241.172587320365,4.707184854520899e-17
6241.928167053227,4.359672412228306e-17
6242.68374678609,4.1188379757679266e-17
6243.439326518954,3.9683432348901314e-17
6244.194906251815,4.0550628499950764e-17
6244.950485984678,4.2599354501528757e-17
6245.706065717542,4.204618097441177e-17
6246.461645450404,4.289280445476855e-17
6247.217225183267,4.7326346403073024e-17
6247.97280491613,4.719950253342768e-17
6248.728384648994,4.5342602331378763e-17
6249.483964381856,4.746292087898591e-17
6250.239544114719,4.635666037844531e-17
6250.995123847582,4.84137216533382e-17
6251.750703580445,5.2556384639329024e-17
6252.506283313307,5.0091364815283244e-17
6253.261863046171,5.00077265004714e-17
6254.0174427790325,5.1627962708159344e-17
6254.773022511896,5.01568985001263e-17
6255.528602244759,5.250445515263161e-17
6256.284181977621,5.264335862384131e-17
6257.0397617104845,5.201402182000961e-17
6257.795341443348,5.318967031208677e-17
6258.550921176211,5.4917852778711737e-17
6259.306500909073,5.099518506767083e-17
6260.0620806419365,5.0512942354669345e-17
6260.817660374798,5.194357706546855e-17
6261.573240107662,5.493744399171496e-17
6262.328819840524,5.756764421468018e-17
6263.0843995733885,5.907988527533014e-17
6263.83997930625,5.697634615564749e-17
6264.595559039113,5.3226334519768023e-17
6265.351138771976,5.141751970069425e-17
6266.106718504839,5.034737628204383e-17
6266.862298237702,4.982785338016671e-17
6267.617877970565,5.3089405624591055e-17
6268.373457703427,5.267430990837965e-17
6269.129037436291,5.1170562110624006e-17
6269.884617169154,4.945378073927327e-17
6270.640196902015,4.923409500409439e-17
6271.395776634879,4.8303389531665696e-17
6272.151356367742,4.802712703124971e-17
6272.906936100606,5.291755472890959e-17
6273.662515833467,5.74527866122117e-17
6274.4180955663305,5.817625157430339e-17
6275.173675299193,6.022348438261687e-17
6275.929255032056,5.6933014466457e-17
6276.684834764919,5.354840356462498e-17
6277.4404144977825,4.998458498832351e-17
6278.195994230645,5.049335825558102e-17
6278.951573963508,5.611330216869697e-17
6279.707153696371,5.776500477212497e-17
6280.462733429233,5.676348464946894e-17
6281.218313162097,5.08566809114207e-17
6281.973892894959,4.903003686119265e-17
6282.729472627821,4.85943991040455e-17
6283.485052360685,4.7403791015864794e-17
6284.240632093548,4.705228788282933e-17
6284.99621182641,4.8154580370768205e-17
6285.751791559273,4.806572837063665e-17
6286.507371292137,4.9060663766101964e-17
6287.262951025,4.6054570630712155e-17
6288.018530757862,4.520685764539383e-17
6288.774110490725,4.83679944900874e-17
6289.529690223589,4.598091115788679e-17
6290.28526995645,4.42077271699423e-17
6291.040849689314,4.6202227051026124e-17
6291.7964294221765,4.836426437564221e-17
6292.552009155039,5.187631554053322e-17
6293.307588887902,5.4897050754323956e-17
6294.063168620765,5.591213160173909e-17
6294.818748353628,5.519742288331048e-17
6295.574328086491,5.4295226173807406e-17
6296.329907819354,5.364844888630109e-17
6297.085487552217,5.280627763525836e-17
6297.84106728508,5.375909263977549e-17
6298.596647017943,5.442772902888353e-17
6299.352226750805,5.277124207908954e-17
6300.107806483667,5.2441546137164184e-17
6300.863386216532,5.426680719777173e-17
6301.618965949394,5.1368150495536854e-17
6302.374545682256,4.880314232796879e-17
6303.130125415119,4.8305723791799393e-17
6303.885705147983,4.95362332201202e-17
6304.641284880845,4.920119175806371e-17
6305.396864613708,4.856274482264517e-17
6306.152444346571,4.86840669509924e-17
6306.908024079434,4.932558425733525e-17
6307.663603812297,4.968910503447164e-17
6308.41918354516,5.1256915698816316e-17
6309.1747632780225,4.6000839074522405e-17
6309.930343010885,4.914617258385877e-17
6310.685922743749,5.1278009287630874e-17
6311.441502476611,5.0350133594029893e-17
6312.197082209474,5.103462300073025e-17
6312.952661942337,5.485185790856257e-17
6313.7082416752,5.868193938827602e-17
6314.463821408062,5.7655609733797e-17
6315.219401140926,5.578777612034647e-17
6315.974980873789,5.441631727614208e-17
6316.730560606651,5.296984560382889e-17
6317.486140339514,5.263543154619994e-17
6318.241720072378,5.371999587830993e-17
6318.99729980524,5.200956000211499e-17
6319.752879538102,5.1976464589537587e-17
6320.508459270966,5.1867228242434807e-17
6321.264039003829,5.1194477645788676e-17
6322.019618736691,5.314479394865436e-17
6322.775198469554,5.2685387269457586e-17
6323.5307782024165,5.1820288977165354e-17
6324.28635793528,5.1655383575819004e-17
6325.041937668143,5.006674787124892e-17
6325.797517401006,4.8173110495463976e-17
6326.5530971338685,4.584201283696102e-17
6327.308676866732,4.939467491610264e-17
6328.064256599595,5.0328515934238065e-17
6328.819836332457,5.007183393545268e-17
6329.57541606532,5.0163611860530776e-17
6330.330995798184,4.9411120524499725e-17
6331.086575531045,4.9609517256550635e-17
6331.842155263908,4.988419046377085e-17
6332.597734996772,4.9629575422426e-17
6333.353314729634,5.2002996385390346e-17
6334.108894462497,5.015119788509383e-17
6334.86447419536,4.888146680671137e-17
6335.620053928224,4.9223828401360134e-17
6336.375633661086,5.141909548435812e-17
6337.131213393949,5.315171047578146e-17
6337.886793126812,5.3332485214748416e-17
6338.642372859675,5.287884728132089e-17
6339.397952592537,5.0978092031060793e-17
6340.153532325401,5.173932482276476e-17
6340.9091120582625,5.160181387726967e-17
6341.664691791126,5.142766840643663e-17
6342.420271523989,4.817137343758985e-17
6343.175851256851,4.7970026017962316e-17
6343.9314309897145,4.80974667810446e-17
6344.687010722578,4.582341122527512e-17
6345.442590455441,4.4935007886224656e-17
6346.198170188303,4.478766765303911e-17
6346.9537499211665,4.632279319687476e-17
6347.709329654028,4.5105609999799657e-17
6348.464909386892,4.7124990505143583e-17
6349.220489119754,4.629050047508683e-17
6349.9760688526185,4.611941821924035e-17
6350.73164858548,4.6507614396853315e-17
6351.487228318343,4.7278838475061767e-17
6352.242808051206,4.8447509407616085e-17
6352.998387784069,4.769104439855576e-17
6353.753967516932,5.052758243689807e-17
6354.509547249795,4.9748996851133824e-17
6355.265126982657,4.9337240057692666e-17
6356.020706715521,4.887907766218414e-17
6356.776286448384,5.172454258553609e-17
6357.531866181245,5.486567594444655e-17
6358.287445914109,5.663672773627674e-17
6359.043025646972,5.3971208370677173e-17
6359.798605379836,5.2298000164579123e-17
6360.554185112697,5.3750785217993464e-17
6361.3097648455605,5.237915219191405e-17
6362.065344578423,5.388810851006037e-17
6362.820924311286,5.2766046011187776e-17
6363.576504044149,5.3761156000702364e-17
6364.3320837770125,5.613823376754821e-17
6365.087663509875,5.615960512268824e-17
6365.843243242738,5.4748832542200746e-17
6366.598822975601,5.3261831953910174e-17
6367.354402708463,5.229282368903939e-17
6368.109982441327,5.2980098276365276e-17
6368.865562174189,5.143440637763077e-17
6369.621141907051,5.241801133737934e-17
6370.376721639915,5.244244399524968e-17
6371.132301372778,5.134310157392217e-17
6371.88788110564,5.147150766065569e-17
6372.643460838503,5.0276965869487197e-17
6373.399040571367,5.30604700032437e-17
6374.15462030423,5.213677252050845e-17
6374.910200037092,5.325261704420676e-17
6375.665779769955,5.5380731782150767e-17
6376.421359502819,5.4828105014848234e-17
6377.17693923568,5.1793379339379314e-17
6377.932518968544,4.880960894583787e-17
6378.6880987014065,4.9594900995788643e-17
6379.443678434269,5.014684297561847e-17
6380.199258167132,4.746588679621053e-17
6380.954837899995,4.583044159292127e-17
6381.710417632858,4.789880964195789e-17
6382.465997365721,5.164385645063593e-17
6383.221577098584,4.981481199881857e-17
6383.977156831447,4.7015538480387834e-17
6384.73273656431,4.5558295462079244e-17
6385.488316297173,5.003816424820317e-17
6386.243896030035,5.291229698149404e-17
6386.999475762897,5.053144936908472e-17
6387.755055495762,5.0161921057580355e-17
6388.510635228624,5.0142380536605605e-17
6389.266214961486,5.070618677469818e-17
6390.021794694349,5.28353519436775e-17
6390.777374427213,5.471902983440474e-17
6391.532954160075,5.2935127169295167e-17
6392.288533892938,5.310329034194457e-17
6393.044113625801,5.56439175857124e-17
6393.799693358664,5.513709678237056e-17
6394.555273091527,5.361032561395001e-17
6395.31085282439,5.3916698779749275e-17
6396.0664325572525,5.3430783781961964e-17
6396.822012290115,5.259969529442457e-17
6397.577592022979,5.0397800720352525e-17
6398.333171755841,4.9111204159646104e-17
6399.088751488704,4.833006784363795e-17
6399.844331221567,5.0219086207167864e-17
6400.59991095443,5.2854418611804645e-17
6401.355490687292,5.390532805403293e-17
6402.111070420156,5.430985723064372e-17
6402.866650153019,5.273888982474533e-17
6403.622229885881,5.0946507871054736e-17
6404.377809618744,4.9198777383026073e-17
6405.133389351608,5.0809314369284555e-17
6405.88896908447,4.764195448663211e-17
6406.644548817332,4.993550548052157e-17
6407.400128550196,5.119270735977595e-17
6408.155708283059,4.876846567775597e-17
6408.911288015921,5.1532895912156646e-17
6409.666867748784,4.733441464219599e-17
6410.4224474816465,4.8792212061689525e-17
6411.17802721451,5.268393767302214e-17
6411.933606947373,5.3087451070923656e-17
6412.689186680236,5.3932890627513353e-17
6413.4447664130985,5.5397376490281524e-17
6414.200346145962,5.3421851001559666e-17
6414.955925878825,5.008361522648734e-17
6415.711505611687,4.8823420772916484e-17
6416.46708534455,4.8397161965905386e-17
6417.222665077414,4.875639018465743e-17
6417.978244810275,4.978154037001824e-17
6418.733824543138,4.858817516093087e-17
6419.489404276002,4.9271775884280514e-17
6420.244984008864,4.8471434269599274e-17
6421.000563741727,4.9215169696832264e-17
6421.75614347459,4.7554457934293784e-17
6422.5117232074535,4.7893715458432066e-17
6423.267302940316,4.8052722467722674e-17
6424.022882673179,5.093662716735407e-17
6424.778462406042,5.112908512341056e-17
6425.534042138905,5.2073152497746305e-17
6426.289621871767,5.269585307072258e-17
6427.045201604631,5.163317539530324e-17
6427.8007813374925,5.3425978349312786e-17
6428.556361070356,4.7998109557097334e-17
6429.311940803219,5.1626261491029653e-17
6430.067520536081,5.323148039946393e-17
6430.8231002689445,5.774031272674439e-17
6431.578680001808,6.042509786922924e-17
6432.33425973467,6.229027730097303e-17
6433.089839467533,5.66918313728708e-17
6433.8454192003965,5.453707357941439e-17
6434.600998933258,5.180170275397751e-17
6435.356578666122,5.09395989217715e-17
6436.112158398984,5.2285983405024905e-17
6436.8677381318485,5.150440600210546e-17
6437.62331786471,5.3705638529430803e-17
6438.378897597573,5.4198924921637024e-17
6439.134477330436,5.344912046215479e-17
6439.890057063299,5.4680667422237246e-17
6440.645636796162,5.2748227359783807e-17
6441.401216529025,5.3946141078013456e-17
6442.156796261887,5.5829645630117e-17
6442.912375994751,5.508693448095923e-17
6443.667955727614,5.636439289607397e-17
6444.423535460475,5.87447276845039e-17
6445.179115193339,5.393593023697749e-17
6445.934694926202,5.1808548790299015e-17
6446.690274659066,5.083815731686035e-17
6447.445854391927,4.876307100295924e-17
6448.2014341247905,4.874759240553479e-17
6448.957013857653,5.027148544619736e-17
6449.712593590516,4.969144420906306e-17
6450.468173323379,5.2341457390799655e-17
6451.2237530562425,5.102233478126511e-17
6451.979332789105,5.2118725586178785e-17
6452.734912521968,5.433434060600961e-17
6453.490492254831,5.2168500076361573e-17
6454.246071987693,5.040990604666831e-17
6455.001651720557,5.5263279900377534e-17
6455.757231453419,5.349332599111533e-17
6456.512811186281,5.4179250603500655e-17
6457.268390919145,5.56278789737641e-17
6458.023970652008,5.4955448170610665e-17
6458.77955038487,5.294643341780163e-17
6459.535130117733,5.3221862641122085e-17
6460.290709850597,5.451012571294705e-17
6461.04628958346,5.2178652550958504e-17
6461.801869316322,5.05629135829049e-17
6462.557449049185,4.880327445566548e-17
6463.313028782049,5.117494192623911e-17
6464.06860851491,5.1715938733917976e-17
6464.824188247774,5.202896400295426e-17
6465.5797679806365,5.212421995297408e-17
6466.335347713499,5.2447300218758796e-17
6467.090927446362,5.0811896005381935e-17
6467.846507179225,5.11814423443672e-17
6468.6020869120875,4.9496907367275113e-17
6469.357666644951,4.8976307152711446e-17
6470.113246377814,4.8836860671229567e-17
6470.868826110677,4.928575647263253e-17
6471.6244058435395,5.0821250232470864e-17
6472.379985576403,5.0026045290354924e-17
6473.135565309265,4.92392766939937e-17
6473.891145042127,5.10297251861907e-17
6474.6467247749915,5.272139626472675e-17
6475.402304507854,5.1548223444464847e-17
6476.157884240716,5.223830575163555e-17
6476.913463973579,5.227168718823196e-17
6477.669043706443,5.172984053402172e-17
6478.424623439305,4.9517947587271985e-17
6479.180203172168,4.6197061231422e-17
6479.935782905031,4.3421357827708345e-17
6480.691362637894,4.024138271060708e-17
6481.446942370757,3.909393368131128e-17
6482.20252210362,3.9315674649872283e-17
6482.9581018364825,3.849403355760268e-17
6483.713681569345,3.713737708845108e-17
6484.469261302209,3.793853701518599e-17
6485.224841035071,3.92784204216163e-17
6485.9804207679335,3.6860655611625907e-17
6486.736000500797,3.718301616775724e-17
6487.49158023366,4.053722195515621e-17
6488.247159966522,4.345295955403698e-17
6489.0027396993855,4.4571968771096845e-17
6489.758319432249,4.6420262206996137e-17
6490.513899165111,4.93931916733801e-17
6491.269478897974,5.0200686091688467e-17
6492.0250586308375,5.2791915372320423e-17
6492.7806383637,5.206252665941861e-17
6493.536218096562,5.168978207860084e-17
6494.291797829426,5.2068374917950686e-17
6495.047377562289,5.1893433173113997e-17
6495.802957295151,5.0940434755638554e-17
6496.558537028014,5.311823391524597e-17
6497.3141167608765,5.542372628882389e-17
6498.06969649374,5.67363726880188e-17
6498.825276226603,5.393849657033669e-17
6499.580855959466,5.2571282530649114e-17
6500.336435692328,5.2372396587138506e-17
6501.092015425192,5.0868994805690084e-17
6501.847595158055,5.1736541337465024e-17
6502.603174890917,4.961693600049683e-17
6503.3587546237795,4.958539189208998e-17
6504.114334356644,4.9038906491015056e-17
6504.869914089505,4.926329792416003e-17
6505.625493822368,5.370913326010807e-17
6506.3810735552315,5.366528096215022e-17
6507.136653288094,5.4381817269252856e-17
6507.892233020957,5.599587257106519e-17
6508.64781275382,5.615418549611299e-17
6509.4033924866835,5.608449220578858e-17
6510.158972219546,5.4208130999251484e-17
6510.914551952409,5.296155709278516e-17
6511.6701316852705,5.2119683571099996e-17
6512.425711418135,5.330593042136748e-17
6513.181291150997,5.555478018132044e-17
6513.936870883861,5.2101624980526274e-17
6514.692450616722,5.402495652356749e-17
6515.448030349586,5.145537809953349e-17
6516.203610082449,5.0322535495209797e-17
6516.959189815311,4.714130534765843e-17
6517.714769548174,4.9910795790290825e-17
6518.470349281038,5.294160183040006e-17
6519.2259290139,5.411578002649334e-17
6519.981508746763,5.644361425570196e-17
6520.737088479626,5.3531834123763814e-17
6521.492668212488,5.472850470016905e-17
6522.248247945352,5.701103890273498e-17
6523.003827678214,5.5219633103262197e-17
6523.759407411078,5.761953094239169e-17
6524.51498714394,5.823436379898741e-17
6525.270566876803,5.536997089978074e-17
6526.026146609666,5.52129480122979e-17
6526.781726342529,5.342322786865418e-17
6527.537306075392,5.638407744863507e-17
6528.292885808255,5.4422837357928246e-17
6529.048465541117,5.4958924569374914e-17
6529.804045273981,5.3277766266788305e-17
6530.559625006844,5.18364088008769e-17
6531.315204739705,5.0031838105791174e-17
6532.070784472569,4.956513591378016e-17
6532.826364205432,4.9669548885208093e-17
6533.581943938296,5.1511293747653754e-17
6534.337523671157,5.388785321670795e-17
6535.09310340402,5.346283779707508e-17
6535.848683136883,5.0399442277326875e-17
6536.604262869746,5.2083014449559854e-17
6537.359842602609,4.943835490084667e-17
6538.115422335472,4.985556508673417e-17
6538.871002068335,5.139861490428518e-17
6539.626581801198,5.235309405018503e-17
6540.382161534061,5.253894846024252e-17
6541.137741266923,5.121118971466213e-17
6541.893320999787,4.964652159469658e-17
6542.648900732649,5.0729460463431936e-17
6543.404480465511,5.147251172097977e-17
6544.160060198375,4.8593166980171584e-17
6544.915639931238,4.8255902897743994e-17
6545.6712196641,4.683299826235277e-17
6546.426799396963,4.622113422241351e-17
6547.182379129827,4.637446404786963e-17
6547.93795886269,4.917553044019682e-17
6548.693538595552,4.8411290450866606e-17
6549.449118328415,4.9749079811823715e-17
6550.204698061279,5.667553664998981e-17
6550.96027779414,7.279597806950554e-17
6551.715857527004,1.0731709174242482e-16
6552.471437259866,1.0581618662791732e-16
6553.227016992729,5.960042893324369e-17
6553.982596725592,4.4301286435591974e-17
6554.738176458455,6.59279706871368e-17
6555.4937561913175,7.30354967533399e-17
6556.249335924181,7.08243921990087e-17
6557.004915657044,6.647972014840926e-17
6557.760495389907,5.987593446889045e-17
6558.5160751227695,5.5439712911887294e-17
6559.271654855633,5.1721700480675125e-17
6560.027234588495,4.8893643706339515e-17
6560.782814321357,4.859494760374903e-17
6561.5383940542215,5.341279010429367e-17
6562.293973787084,5.25762629334527e-17
6563.049553519946,5.271246219113749e-17
6563.805133252809,5.293145041108478e-17
6564.560712985673,5.099772562767719e-17
6565.316292718535,4.986871942600275e-17
6566.071872451398,5.0781185983586356e-17
6566.827452184261,5.1280106327898884e-17
6567.583031917124,5.368064047651985e-17
6568.338611649987,5.690429740864526e-17
6569.09419138285,5.611100551458038e-17
6569.849771115712,5.5330992723297196e-17
6570.605350848575,5.4640950694035406e-17
6571.360930581439,5.55408901575261e-17
6572.116510314301,5.49133360872667e-17
6572.8720900471635,5.224200227526711e-17
6573.627669780027,5.4965626267555515e-17
6574.38324951289,5.756273266546729e-17
6575.138829245752,5.676663320164587e-17
6575.8944089786155,5.608367027153424e-17
6576.649988711479,5.3759357052874713e-17
6577.405568444341,5.0880130855218795e-17
6578.161148177204,4.927694678011886e-17
6578.9167279100675,5.16451895416791e-17
6579.67230764293,5.0702906550154497e-17
6580.427887375792,4.925511931161989e-17
6581.183467108656,5.0567225292843295e-17
6581.939046841518,5.022256833143281e-17
6582.694626574381,5.1468339190075e-17
6583.450206307244,4.8916560512826406e-17
6584.205786040106,5.2088054070825014e-17
6584.96136577297,5.4037267903956716e-17
6585.716945505833,5.536680241104189e-17
6586.472525238696,5.463533379258037e-17
6587.228104971558,5.4490295425410384e-17
6587.983684704422,5.624978534697972e-17
6588.739264437285,5.825570907319485e-17
6589.494844170147,5.509013248991132e-17
6590.2504239030095,5.296170226719555e-17
6591.006003635874,5.2657039469787695e-17
6591.761583368735,5.506482544686294e-17
6592.517163101598,5.3668931164754224e-17
6593.2727428344615,5.192131601591131e-17
6594.028322567324,4.741411510654065e-17
6594.783902300187,4.8045982926409735e-17
6595.53948203305,4.8746155398503347e-17
6596.2950617659135,5.1669915766770606e-17
6597.050641498776,5.371092748335377e-17
6597.806221231639,5.2087674994370694e-17
6598.5618009645,5.2333240237158243e-17
6599.317380697365,5.2917232587554117e-17
6600.072960430227,5.406522600808551e-17
6600.828540163091,5.380378897293777e-17
6601.584119895952,5.4297698645917536e-17
6602.339699628816,5.5389302504714924e-17
6603.095279361679,5.5267567767891965e-17
6603.850859094541,5.628682094786606e-17
6604.606438827404,5.562321263414313e-17
6605.362018560268,5.689720237156127e-17
6606.11759829313,5.631675747315543e-17
6606.873178025993,5.773331282469387e-17
6607.628757758856,5.750765935870031e-17
6608.384337491718,5.591754590218235e-17
6609.139917224582,5.488792144759376e-17
6609.895496957444,5.725893920016961e-17
6610.651076690308,5.682031012495142e-17
6611.40665642317,5.607854719853787e-17
6612.162236156033,5.546680509995337e-17
6612.917815888896,5.660174818320678e-17
6613.673395621759,5.641676876713388e-17
6614.428975354622,5.4914807502728065e-17
6615.184555087485,5.421358344116046e-17
6615.940134820347,5.3536589214756966e-17
6616.695714553211,5.584062235105529e-17
6617.451294286074,5.400292764239475e-17
6618.206874018935,5.50688399193651e-17
6618.962453751799,5.591011009586013e-17
6619.718033484662,5.717320040405197e-17
6620.473613217526,5.553354012830601e-17
6621.229192950387,5.4995332459014925e-17
6621.98477268325,5.329207071516379e-17
6622.740352416113,5.4296084000004897e-17
6623.495932148976,5.276607358113325e-17
6624.251511881839,5.24093722596435e-17
6625.007091614702,5.4885699989100895e-17
6625.762671347565,5.58827470632136e-17
6626.518251080428,5.457729023781381e-17
6627.273830813291,5.1718470642327814e-17
6628.029410546153,5.202608270210305e-17
6628.784990279017,5.350376512959482e-17
6629.540570011879,5.366801011335068e-17
6630.296149744741,5.3101107946715753e-17
6631.051729477605,5.2888800396149974e-17
6631.807309210468,5.144286278493064e-17
6632.56288894333,4.856700523474032e-17
6633.318468676193,5.05464366230402e-17
6634.074048409057,5.1354243728973596e-17
6634.82962814192,4.9315754610384014e-17
6635.585207874782,5.08948139763e-17
6636.340787607645,5.591734675827024e-17
6637.096367340509,5.3806141150756045e-17
6637.85194707337,5.455598021460423e-17
6638.607526806234,5.4116337845086e-17
6639.363106539096,5.646695005461801e-17
6640.118686271959,5.3851778017430196e-17
6640.874266004822,5.497925704658516e-17
6641.629845737685,5.766179636534828e-17
6642.3854254705475,5.4895546267475774e-17
6643.141005203411,5.3880350281485464e-17
6643.896584936274,5.2790033386159204e-17
6644.652164669137,5.479719778373059e-17
6645.4077444019995,5.56076266823306e-17
6646.163324134863,5.5240155343147026e-17
6646.918903867725,5.361655553343111e-17
6647.674483600587,5.2754041186445656e-17
6648.4300633334515,5.443757558134818e-17
6649.185643066314,5.3527976244359945e-17
6649.941222799176,5.315575248221034e-17
6650.696802532039,5.183504891468531e-17
6651.452382264903,5.36413463503063e-17
6652.207961997765,5.498021260234264e-17
6652.963541730628,5.2607733555237805e-17
6653.719121463491,5.361934988650595e-17
6654.474701196354,5.506603622398157e-17
6655.230280929217,5.712799440424007e-17
6655.98586066208,5.4649395257732687e-17
6656.741440394942,5.443178269885713e-17
6657.497020127805,5.46616431756319e-17
6658.252599860669,5.2961299348691743e-17
6659.008179593531,5.509751904174629e-17
6659.7637593263935,5.587124809810739e-17
6660.519339059257,5.4233814086975697e-17
6661.274918792119,5.354324816925329e-17
6662.030498524982,5.0447983050641914e-17
6662.7860782578455,5.0807065777464785e-17
6663.541657990709,5.2098408747979834e-17
6664.297237723571,5.099342508378914e-17
6665.052817456434,5.052299652305646e-17
6665.8083971892975,5.2335580802054053e-17
6666.56397692216,5.332503798931157e-17
6667.319556655022,5.725780975850911e-17
6668.075136387886,5.963168762847533e-17
6668.830716120748,5.794310012754131e-17
6669.586295853611,5.2987074530234387e-17
6670.341875586474,5.503888512622658e-17
6671.097455319336,5.744361116544859e-17
6671.8530350522,5.678312200684828e-17
6672.608614785063,5.715146728489848e-17
6673.364194517926,5.918926137028664e-17
6674.119774250788,6.081645759632034e-17
6674.875353983652,6.15374574463389e-17
6675.630933716515,6.155702138702974e-17
6676.386513449377,6.081731455731623e-17
6677.1420931822395,5.899058789793324e-17
6677.897672915104,5.976498793599397e-17
6678.653252647965,5.975558024335906e-17
6679.408832380828,5.84439209505294e-17
6680.1644121136915,5.848967777264948e-17
6680.919991846554,5.655648356399945e-17
6681.675571579417,5.608491917494754e-17
6682.43115131228,5.890046654793425e-17
6683.1867310451435,5.861108407709709e-17
6683.942310778006,5.857097992979899e-17
6684.697890510869,5.649320795692152e-17
6685.45347024373,5.76069789274876e-17
6686.2090499765945,5.710699938551171e-17
6686.964629709457,5.678642507929678e-17
6687.720209442321,5.666003000135164e-17
6688.475789175182,5.790731477950776e-17
6689.231368908046,5.727603581193826e-17
6689.986948640909,5.870041262252634e-17
6690.742528373771,5.725035718141938e-17
6691.498108106634,5.8394898113043e-17
6692.253687839498,5.782776461252362e-17
6693.00926757236,5.749936326757129e-17
6693.764847305223,5.5030875678778e-17
6694.520427038086,5.4814746451903364e-17
6695.276006770948,5.479627397391027e-17
6696.031586503812,5.946174200808344e-17
6696.787166236674,5.824736708007386e-17
6697.542745969538,5.639841962847813e-17
6698.2983257024,5.4346911504831e-17
6699.053905435263,5.5097945682857374e-17
6699.809485168126,5.579774922660008e-17
6700.565064900989,5.591390554847942e-17
6701.320644633852,5.527347251338242e-17
6702.076224366715,5.839298070294905e-17
6702.831804099577,5.975801458985834e-17
6703.5873838324405,5.750680406254405e-17
6704.342963565304,5.775548631736738e-17
6705.098543298165,5.537221620898499e-17
6705.854123031029,5.502677395791979e-17
6706.609702763892,5.3287851845127086e-17
6707.365282496756,5.762157121538328e-17
6708.120862229617,5.957345996808646e-17
6708.87644196248,5.660956650692812e-17
6709.632021695343,5.689476798868136e-17
6710.387601428206,5.812127675803743e-17
6711.143181161069,5.691186962776864e-17
6711.898760893932,5.589123846119518e-17
6712.654340626795,5.79737790378027e-17
6713.409920359658,5.942234662805987e-17
6714.165500092521,6.159798134186395e-17
6714.921079825383,5.946295714717792e-17
6715.676659558247,5.834031814558926e-17
6716.432239291109,6.027665852546563e-17
6717.187819023971,5.738395244360781e-17
6717.9433987568345,5.72114724064541e-17
6718.698978489698,5.895429999251007e-17
6719.45455822256,5.884092784722832e-17
6720.210137955423,5.916468416310711e-17
6720.9657176882865,5.886143882867912e-17
6721.72129742115,5.814540955128308e-17
6722.476877154012,5.709587595174151e-17
6723.232456886875,5.52066417370239e-17
6723.9880366197385,5.462658890559493e-17
6724.7436163526,5.4174223416525795e-17
6725.499196085464,5.1900793278198034e-17
6726.254775818326,5.217346877108765e-17
6727.010355551189,5.2750097772096204e-17
6727.765935284052,5.600423686872923e-17
6728.521515016915,5.361784123969087e-17
6729.2770947497775,5.532031486134664e-17
6730.032674482641,5.485917308034936e-17
6730.788254215504,5.47942258280877e-17
6731.543833948367,5.677551383811453e-17
6732.299413681229,5.719464732002024e-17
6733.054993414093,5.972073149899489e-17
6733.810573146955,5.688047918086935e-17
6734.566152879817,5.652027998698462e-17
6735.321732612681,5.895141723884588e-17
6736.077312345544,5.696469950842002e-17
6736.832892078406,5.847422613606803e-17
6737.588471811269,5.666568907776942e-17
6738.3440515441325,5.566987304803047e-17
6739.099631276995,5.3719983775408844e-17
6739.855211009858,5.661305411184119e-17
6740.610790742721,5.648315930958242e-17
6741.366370475584,5.852055642520938e-17
6742.121950208447,6.064712897321464e-17
6742.87752994131,6.11316713993575e-17
6743.633109674172,6.096930521009498e-17
6744.388689407035,6.145771866382674e-17
6745.144269139899,6.06229019299831e-17
6745.899848872761,5.934945020120255e-17
6746.6554286056235,6.267442046721738e-17
6747.411008338487,6.254870395240587e-17
6748.166588071349,6.310451410817066e-17
6748.922167804212,6.342434548327736e-17
6749.677747537075,6.228517846534465e-17
6750.433327269939,6.181788960730941e-17
6751.188907002801,6.036142548148843e-17
6751.944486735664,5.801802540688357e-17
6752.700066468527,5.735702002665876e-17
6753.45564620139,5.862937554886726e-17
6754.211225934252,5.696312604698417e-17
6754.966805667116,5.707534959348947e-17
6755.722385399978,5.663991577624074e-17
6756.477965132841,5.563189598364169e-17
6757.233544865704,5.4436502582728205e-17
6757.989124598566,5.716028285908534e-17
6758.74470433143,5.653608161056752e-17
6759.500284064293,5.795228484823159e-17
6760.255863797156,5.989152527553472e-17
6761.011443530018,5.775934737666406e-17
6761.767023262882,5.836446163795199e-17
6762.522602995745,6.006900566873361e-17
6763.278182728607,6.094031960707116e-17
6764.033762461469,6.103848069252557e-17
6764.789342194334,6.168606953659497e-17
6765.544921927195,6.013090611524825e-17
6766.300501660058,6.176073587777734e-17
6767.056081392921,6.22455926080954e-17
6767.811661125784,6.038899698375626e-17
6768.567240858647,6.018165237122417e-17
6769.32282059151,5.86870617365411e-17
6770.078400324373,6.244621649355919e-17
6770.833980057236,6.520718931404232e-17
6771.589559790099,6.191782683806495e-17
6772.345139522962,5.989967421906932e-17
6773.1007192558245,5.973419097823554e-17
6773.856298988687,5.992092975804556e-17
6774.611878721551,6.053805637604612e-17
6775.367458454412,5.992928990126973e-17
6776.123038187276,5.802014497001803e-17
6776.878617920139,5.920137386774135e-17
6777.634197653001,5.845413222358224e-17
6778.389777385864,5.786319396036572e-17
6779.145357118728,5.831912280025879e-17
6779.90093685159,5.93619305889311e-17
6780.656516584453,5.775770824772391e-17
6781.412096317316,5.924429731314262e-17
6782.167676050178,6.099842868011667e-17
6782.923255783042,6.09378040157253e-17
6783.678835515904,5.802782242017777e-17
6784.434415248768,5.767491315701676e-17
6785.18999498163,5.864321852760419e-17
6785.945574714493,6.068377097908428e-17
6786.701154447356,6.349933163031076e-17
6787.4567341802185,6.262548965700566e-17
6788.212313913082,6.49108571516054e-17
6788.967893645945,6.61468744518503e-17
6789.723473378807,6.260834756156842e-17
6790.4790531116705,6.114061469718197e-17
6791.234632844534,6.235080847621548e-17
6791.990212577395,6.137757670331071e-17
6792.745792310259,5.893942354537762e-17
6793.501372043122,5.746664656638568e-17
6794.256951775984,5.840189806685186e-17
6795.012531508847,5.994397251100315e-17
6795.76811124171,6.170306745329429e-17
6796.523690974573,6.013285002682859e-17
6797.279270707436,6.205497682620142e-17
6798.034850440299,5.983396296149129e-17
6798.790430173162,5.961982557624729e-17
6799.546009906025,5.871003148985368e-17
6800.301589638888,6.086178312366616e-17
6801.057169371751,6.077566290106865e-17
6801.8127491046125,6.162850013068402e-17
6802.568328837477,6.231330332255506e-17
6803.323908570339,6.048050123425111e-17
6804.079488303201,5.95247204726452e-17
6804.8350680360645,6.1775315656767e-17
6805.590647768928,6.201842427937186e-17
6806.34622750179,6.354066364925387e-17
6807.101807234653,6.499512480281247e-17
6807.8573869675165,6.505798438971848e-17
6808.61296670038,6.231130450852739e-17
6809.368546433242,6.285702199095453e-17
6810.124126166105,6.241571262039787e-17
6810.8797058989685,6.2040062522784e-17
6811.63528563183,6.158297627471315e-17
6812.390865364694,5.970392909932274e-17
6813.146445097556,6.271457262902909e-17
6813.902024830419,6.110499441895621e-17
6814.657604563282,6.228704304473862e-17
6815.413184296145,6.384755770076266e-17
6816.168764029007,6.18094660310503e-17
6816.924343761871,5.934804853878454e-17
6817.679923494734,6.031642681262468e-17
6818.435503227596,5.988727771345783e-17
6819.191082960459,6.119853891247987e-17
6819.946662693323,5.981355395305195e-17
6820.702242426185,6.273528211109842e-17
6821.457822159047,6.198468029406365e-17
6822.213401891911,6.338232604228274e-17
6822.968981624774,6.008428651620334e-17
6823.724561357636,5.89152926191545e-17
6824.480141090499,5.832249670487227e-17
6825.2357208233625,6.053410148975329e-17
6825.991300556225,6.043001744330555e-17
6826.746880289088,5.878963354094244e-17
6827.502460021951,5.98422837553722e-17
6828.258039754814,6.078669004061303e-17
6829.013619487677,5.948669428677667e-17
6829.76919922054,5.753896889996476e-17
6830.524778953402,5.679998997811584e-17
6831.280358686265,5.891645708406951e-17
6832.035938419129,5.777610784469016e-17
6832.791518151991,6.027886987404973e-17
6833.547097884853,6.072459774821737e-17
6834.302677617717,6.082506019963356e-17
6835.05825735058,6.129061202354562e-17
6835.813837083442,6.298415344304045e-17
6836.569416816305,6.065950803767285e-17
6837.324996549169,6.205575308928989e-17
6838.080576282031,6.15176559637915e-17
6838.836156014894,5.999035684424388e-17
6839.591735747757,6.110510565552761e-17
6840.34731548062,6.018865960207675e-17
6841.102895213482,5.872888083999015e-17
6841.858474946346,5.853161538471978e-17
6842.614054679208,5.935245172712512e-17
6843.369634412071,5.886800835543872e-17
6844.125214144934,5.830188441778688e-17
6844.880793877796,5.460484284543667e-17
6845.63637361066,5.53604685299664e-17
6846.391953343523,5.776855900859641e-17
6847.147533076386,6.023565341805744e-17
6847.903112809248,5.958681409862361e-17
6848.658692542112,5.818592781960223e-17
6849.414272274975,6.220984299066932e-17
6850.169852007837,6.186056831392933e-17
6850.925431740699,6.240879532617752e-17
6851.681011473564,6.189492274980913e-17
6852.436591206425,6.180344120283513e-17
6853.192170939288,6.326296291293677e-17
6853.947750672151,6.397210846004678e-17
6854.703330405014,6.437341695075297e-17
6855.458910137877,6.407101678141137e-17
6856.21448987074,6.365609458427136e-17
6856.9700696036025,6.233525091802635e-17
6857.725649336466,6.053955003051933e-17
6858.481229069329,6.037857515978362e-17
6859.23680880219,6.082791394865575e-17
6859.9923885350545,6.209384630477178e-17
6860.747968267917,6.455515343898513e-17
6861.503548000781,6.160402205716503e-17
6862.259127733642,6.166347472801293e-17
6863.014707466506,5.983906846025322e-17
6863.770287199369,6.013070111959893e-17
6864.525866932231,6.127887138111619e-17
6865.281446665094,6.257767219159208e-17
6866.037026397958,6.094730190036798e-17
6866.79260613082,5.934601598350577e-17
6867.548185863683,5.065526290658916e-17
6868.303765596546,4.240408982137463e-17
6869.059345329408,4.198885672806467e-17
6869.814925062272,4.5397898461441994e-17
6870.570504795134,4.8357721910652466e-17
6871.326084527998,4.748539518619997e-17
6872.08166426086,5.134927845022226e-17
6872.837243993723,4.994060555198524e-17
6873.592823726586,5.1573589141661144e-17
6874.3484034594485,5.148484470090127e-17
6875.103983192312,5.312831756122794e-17
6875.859562925175,5.4035349787291303e-17
6876.615142658037,5.483836168967666e-17
6877.3707223909005,5.5510291051132016e-17
6878.126302123764,5.979004176050913e-17
6878.881881856625,5.723540295146758e-17
6879.637461589489,5.770429195278527e-17
6880.393041322352,6.102539693597352e-17
6881.148621055214,6.24837059966298e-17
6881.904200788077,6.127285477645655e-17
6882.65978052094,5.994753280674714e-17
6883.415360253803,5.518532625913347e-17
6884.170939986666,5.606185724396111e-17
6884.926519719529,5.717742834931379e-17
6885.682099452392,5.3872535193491335e-17
6886.437679185255,4.920555916641799e-17
6887.193258918118,5.4065821358515007e-17
6887.948838650981,6.059517709536346e-17
6888.7044183838425,5.693436324583728e-17
6889.459998116707,4.8310170943117845e-17
6890.215577849569,5.0968330415782314e-17
6890.971157582431,5.678953328739095e-17
6891.7267373152945,5.763849793085075e-17
6892.482317048158,5.3119853159908725e-17
6893.23789678102,5.022490344519202e-17
6893.993476513883,5.561034766158116e-17
6894.7490562467465,5.878671952103852e-17
6895.50463597961,5.801147398919796e-17
6896.260215712472,4.91417274424511e-17
6897.015795445335,4.812109774805682e-17
6897.7713751781985,5.477161946105193e-17
6898.52695491106,5.980111220574112e-17
6899.282534643924,5.59024774799487e-17
6900.038114376786,5.1308230375022435e-17
6900.793694109649,4.643950895933966e-17
6901.549273842512,5.1891022721833164e-17
6902.304853575375,5.799900442894063e-17
6903.060433308237,5.792250225050461e-17
6903.816013041101,5.387829956300738e-17
6904.571592773964,5.0725761627210333e-17
6905.327172506826,5.275182325507137e-17
6906.082752239689,5.951810235837411e-17
6906.838331972553,6.201824256802617e-17
6907.593911705415,6.054119975844453e-17
6908.349491438277,5.3082594517173245e-17
6909.105071171141,5.00000135656323e-17
6909.860650904004,5.155951041924274e-17
6910.616230636866,5.599723571203372e-17
6911.371810369729,5.704668913979521e-17
6912.1273901025925,5.775328711252087e-17
6912.882969835455,5.598012965336604e-17
6913.638549568318,5.1586995210190955e-17
6914.394129301181,5.031441551693221e-17
6915.149709034044,5.516757117337393e-17
6915.905288766907,5.554113079051601e-17
6916.66086849977,5.629248054709273e-17
6917.416448232632,5.424831982999582e-17
6918.172027965495,5.305733750432561e-17
6918.927607698359,5.356927817773689e-17
6919.683187431221,5.595887867433232e-17
6920.438767164083,5.735315462603663e-17
6921.194346896947,5.843233477252664e-17
6921.94992662981,5.696156341512031e-17
6922.705506362672,5.4953453201847476e-17
6923.461086095535,5.487549237367141e-17
6924.216665828399,5.3384513583914746e-17
6924.972245561261,5.4564680986494173e-17
6925.727825294124,5.608865575660821e-17
6926.483405026987,5.30973653609087e-17
6927.23898475985,5.1012833880038343e-17
6927.994564492712,5.172363387104343e-17
6928.750144225576,4.997950741871124e-17
6929.505723958438,4.9862968551900276e-17
6930.261303691301,4.927240154522825e-17
6931.016883424164,5.0930500689172e-17
6931.772463157026,4.8538567257498415e-17
6932.52804288989,5.0135018807401343e-17
6933.283622622753,5.110978432095394e-17
6934.039202355616,4.919820321427027e-17
6934.794782088478,5.040567159788753e-17
6935.5503618213415,4.834837034713718e-17
6936.305941554205,4.943539758216019e-17
6937.061521287067,5.0241996823779793e-17
6937.817101019929,4.863193260164892e-17
6938.5726807527935,4.97149502193394e-17
6939.328260485655,4.955877570979609e-17
6940.083840218518,4.767089000971367e-17
6940.839419951381,4.6991934639640693e-17
6941.594999684244,4.8279793339639567e-17
6942.350579417107,4.801677569948571e-17
6943.10615914997,5.010435935808028e-17
6943.8617388828325,4.953717321012458e-17
6944.617318615696,4.9321147897192245e-17
6945.372898348559,4.9705242574610234e-17
6946.12847808142,5.229948463942518e-17
6946.8840578142845,5.294713817374216e-17
6947.639637547147,5.310411724076239e-17
6948.395217280011,5.191723740768158e-17
6949.150797012872,5.1597874707739234e-17
6949.9063767457355,5.449673381184036e-17
6950.661956478599,5.375896034137824e-17
6951.417536211461,5.30933321709427e-17
6952.173115944324,5.4638730840862486e-17
6952.9286956771875,5.3713175637741284e-17
6953.68427541005,5.0552052292218934e-17
6954.439855142913,5.083226460482502e-17
6955.195434875776,5.519191768062943e-17
6955.951014608638,5.510055698255902e-17
6956.706594341502,5.1746653533431207e-17
6957.462174074364,5.217001018602338e-17
6958.217753807228,5.4746340439633133e-17
6958.97333354009,5.5292193605936287e-17
6959.728913272953,5.3194977117767104e-17
6960.484493005816,5.298324767721751e-17
6961.2400727386785,5.051041020595712e-17
6961.995652471542,4.9689898571650246e-17
6962.751232204405,5.144619901053969e-17
6963.506811937267,5.221536307217079e-17
6964.2623916701305,5.0262092399797885e-17
6965.017971402994,4.9072748597233055e-17
6965.773551135855,5.1393768904927525e-17
6966.529130868719,5.0771706821592734e-17
6967.2847106015815,5.040985186748879e-17
6968.040290334444,5.205689551181278e-17
6968.795870067307,4.905390021315771e-17
6969.55144980017,4.867977659728481e-17
6970.307029533033,5.228046928118996e-17
6971.062609265896,5.507131548721916e-17
6971.818188998759,5.4503272504318996e-17
6972.573768731622,5.378745680664511e-17
6973.329348464485,5.4778660939335766e-17
6974.084928197348,5.382208667293266e-17
6974.840507930211,5.420856915664192e-17
6975.5960876630725,5.376487871048584e-17
6976.351667395937,5.568529292164087e-17
6977.107247128799,5.5130596354123636e-17
6977.862826861661,5.530953054576222e-17
6978.6184065945245,5.671231079218438e-17
6979.373986327388,5.669489682290213e-17
6980.12956606025,5.667351496771057e-17
6980.885145793113,5.631535136266414e-17
6981.640725525976,5.579608586845912e-17
6982.39630525884,5.567674797849039e-17
6983.151884991702,5.434018565948135e-17
6983.907464724565,5.104298811556435e-17
6984.663044457428,4.8908584230497315e-17
6985.41862419029,4.921631909626604e-17
6986.174203923154,4.8951721073301256e-17
6986.929783656016,4.771737463089451e-17
6987.685363388879,4.960501139673938e-17
6988.440943121742,4.7562367775756654e-17
6989.196522854605,4.5497473853836145e-17
6989.952102587467,4.7929784104793155e-17
6990.707682320331,4.835341642316997e-17
6991.463262053194,5.035236890086269e-17
6992.218841786056,4.738896308770841e-17
6992.974421518919,4.627066882358754e-17
6993.730001251783,4.74472180756337e-17
6994.485580984645,4.674516644150791e-17
6995.241160717507,4.7301307273508085e-17
6995.996740450371,4.934907486178571e-17
6996.752320183234,4.989628319520686e-17
6997.507899916096,5.039730554809649e-17
6998.263479648959,4.7094435766468886e-17
6999.019059381822,4.773898726002798e-17
6999.774639114685,4.79786261232055e-17
7000.530218847548,4.815465363986962e-17
7001.285798580411,4.751859715706334e-17
7002.0413783132735,5.098418983797868e-17
7002.796958046137,4.6931630782107407e-17
7003.552537779,4.696288367469379e-17
7004.308117511862,4.434671442370728e-17
7005.063697244725,4.4486573615190115e-17
7005.819276977589,4.588091560509564e-17
7006.574856710451,4.546100058601105e-17
7007.330436443313,4.930568095141644e-17
7008.086016176177,4.821365080052203e-17
7008.841595909039,4.624689679334051e-17
7009.597175641902,4.667541631427796e-17
7010.352755374765,4.894352400202562e-17
7011.108335107629,4.9215882815871176e-17
7011.863914840491,5.13834052006113e-17
7012.619494573354,5.191805915993616e-17
7013.375074306217,5.10888285389047e-17
7014.13065403908,5.248786250528494e-17
7014.886233771942,4.8551191371617486e-17
7015.641813504806,4.586566708784246e-17
7016.3973932376675,4.667044370208878e-17
7017.152972970531,5.0408391572211496e-17
7017.908552703394,5.153220947855045e-17
7018.664132436256,5.5281992548000966e-17
7019.4197121691195,5.406697630473005e-17
7020.175291901983,5.0647347513733345e-17
7020.930871634846,4.914286699777745e-17
7021.686451367708,5.0296032631936584e-17
7022.4420311005715,5.180084360946692e-17
7023.197610833435,5.174401604422541e-17
7023.953190566297,5.437162256853687e-17
7024.708770299159,5.665951756954713e-17
7025.4643500320235,5.607039333145177e-17
7026.219929764885,5.892876735098707e-17
7026.975509497748,5.35781405908899e-17
7027.731089230611,4.7997259753531594e-17
7028.486668963474,4.8999921334659354e-17
7029.242248696337,5.319148130004145e-17
7029.9978284292,5.585063987135147e-17
7030.753408162062,5.802249175307826e-17
7031.508987894926,6.0940046803265e-17
7032.264567627789,6.049940348507352e-17
7033.02014736065,6.056073880932771e-17
7033.775727093514,6.13871244894181e-17
7034.531306826377,5.885677532435501e-17
7035.286886559241,5.4165977829841915e-17
7036.042466292102,5.3553923062649906e-17
7036.7980460249655,5.2664865329557774e-17
7037.553625757829,5.429091224451526e-17
7038.309205490691,5.618417304878913e-17
7039.064785223554,5.792032550522905e-17
7039.8203649564175,5.649381531889964e-17
7040.57594468928,5.736987545377136e-17
7041.331524422143,5.623645899642275e-17
7042.087104155006,5.4343425631271763e-17
7042.842683887868,5.182215820646844e-17
7043.598263620732,5.1509141032127667e-17
7044.353843353594,5.363284165082873e-17
7045.109423086458,5.685366833021765e-17
7045.86500281932,5.723268305577789e-17
7046.620582552183,5.764294525476222e-17
7047.376162285046,5.92618150831305e-17
7048.131742017908,5.696094534667545e-17
7048.887321750772,5.35693777346154e-17
7049.642901483635,5.185658197350766e-17
7050.398481216497,5.149911411138243e-17
7051.15406094936,4.852052900430308e-17
7051.909640682224,4.976306335762351e-17
7052.665220415085,5.215226095762606e-17
7053.420800147949,5.412682817841875e-17
7054.1763798808115,5.74185355677913e-17
7054.931959613674,5.653539595026289e-17
7055.687539346537,5.364262605370818e-17
7056.4431190794,5.0339140756263215e-17
7057.198698812263,4.8933831236483887e-17
7057.954278545126,5.2533632404527504e-17
7058.709858277989,5.2334744924311225e-17
7059.465438010852,5.055729998175465e-17
7060.221017743715,5.4284071213488366e-17
7060.976597476578,5.5072605286874075e-17
7061.732177209441,5.46212178522098e-17
7062.487756942302,5.555168908269519e-17
7063.243336675167,5.654624736907214e-17
7063.998916408029,5.666068439119533e-17
7064.754496140891,5.416778710395144e-17
7065.510075873754,5.322858275390036e-17
7066.265655606618,5.3254474670993176e-17
7067.02123533948,5.070131642128422e-17
7067.776815072343,5.126059153370958e-17
7068.532394805206,5.2709291920507304e-17
7069.28797453807,5.366524687627137e-17
7070.043554270932,5.2125610710741936e-17
7070.799134003795,5.028864414794569e-17
7071.554713736658,4.967926437149751e-17
7072.31029346952,4.893555513449743e-17
7073.065873202384,4.5659640591504e-17
7073.821452935246,4.851266717931309e-17
7074.577032668109,5.065363354566259e-17
7075.332612400972,4.702321011723662e-17
7076.088192133835,4.719820955202513e-17
7076.843771866697,4.9790807887888226e-17
7077.599351599561,4.884694723996863e-17
7078.354931332424,4.828399761526593e-17
7079.110511065286,4.8227458050756773e-17
7079.866090798149,4.90378809822871e-17
7080.621670531013,4.843248997534764e-17
7081.377250263875,4.913703173724215e-17
7082.132829996737,5.173811213844963e-17
7082.888409729601,5.065624395125144e-17
7083.643989462464,5.067973626611588e-17
7084.399569195326,5.450338765765162e-17
7085.155148928189,5.5501437569474045e-17
7085.910728661052,5.5072172268552294e-17
7086.666308393915,5.629702927173334e-17
7087.421888126778,5.525303339212353e-17
7088.177467859641,5.3791863636593435e-17
7088.9330475925035,5.488296011961322e-17
7089.688627325367,5.443146228449127e-17
7090.44420705823,5.224863039440596e-17
7091.199786791092,5.334159162949287e-17
7091.955366523955,5.2325172091760314e-17
7092.710946256819,5.189366353190202e-17
7093.46652598968,5.068358133907883e-17
7094.222105722543,5.1876099934016103e-17
7094.977685455407,5.2743903207230967e-17
7095.73326518827,5.157798049718061e-17
7096.488844921132,5.273285191538462e-17
7097.244424653995,5.257210014683945e-17
7098.000004386859,5.1443435395686943e-17
7098.755584119721,5.148639570381651e-17
7099.511163852584,4.984326515291222e-17
7100.266743585447,4.993827377250101e-17
7101.02232331831,4.944221648252127e-17
7101.777903051172,4.893306684609532e-17
7102.533482784036,4.9119040954426044e-17
7103.2890625168975,5.0961619989642877e-17
7104.044642249761,5.2228983149783105e-17
7104.800221982624,5.080640348347518e-17
7105.555801715486,4.9722496975832796e-17
7106.3113814483495,5.0409344514075176e-17
7107.066961181213,4.993117763419616e-17
7107.822540914076,4.826960704694009e-17
7108.578120646938,4.821236608608975e-17
7109.3337003798015,4.960779772915144e-17
7110.089280112665,4.87197524629972e-17
7110.844859845527,4.832424703809228e-17
7111.600439578389,5.012665589000666e-17
7112.3560193112535,5.0265550695393825e-17
7113.111599044115,4.96415161442533e-17
7113.867178776978,5.0453870709416133e-17
7114.622758509841,5.074065166727859e-17
7115.378338242704,4.903752041882642e-17
7116.133917975567,4.888619373056767e-17
7116.88949770843,4.986161040540222e-17
7117.645077441292,4.988757926682827e-17
7118.400657174156,4.9084615951673466e-17
7119.156236907019,4.929233975762065e-17
7119.91181663988,4.4697919524358076e-17
7120.667396372744,4.631046680762356e-17
7121.422976105607,4.511664342649553e-17
7122.178555838471,4.393531648566992e-17
7122.934135571332,4.776089421904622e-17
7123.6897153041955,4.973559070385118e-17
7124.445295037059,5.0519191714347457e-17
7125.200874769921,5.1489453213563706e-17
7125.956454502784,4.925633760945703e-17
7126.7120342356475,5.07739237435858e-17
7127.46761396851,5.089156745560913e-17
7128.223193701373,4.927286481677335e-17
7128.978773434236,4.935046782157625e-17
7129.734353167098,4.828965549368898e-17
7130.489932899962,4.967252348769563e-17
7131.245512632824,4.781330269192767e-17
7132.001092365688,4.625051665259517e-17
7132.75667209855,4.531284498726582e-17
7133.512251831413,4.6786447078626056e-17
7134.267831564276,4.5732499908357757e-17
7135.023411297138,4.878403511477135e-17
7135.778991030002,4.8500388117569833e-17
7136.534570762865,5.046634210888827e-17
7137.290150495727,4.784172213469918e-17
7138.04573022859,4.553788095473941e-17
7138.801309961454,4.816064112668487e-17
7139.556889694315,5.1686265883414854e-17
7140.312469427179,4.907331788643729e-17
7141.0680491600415,4.989965640089331e-17
7141.823628892904,5.013914616774122e-17
7142.579208625767,4.857646645678734e-17
7143.33478835863,4.8900529764276326e-17
7144.090368091493,4.989940726438982e-17
7144.845947824356,5.193447793118863e-17
7145.601527557219,5.051551868197333e-17
7146.357107290082,5.004998847520287e-17
7147.112687022945,5.0833677676965076e-17
7147.868266755808,4.827999411127034e-17
7148.623846488671,4.7793688331989845e-17
7149.379426221532,4.9216231974656695e-17
7150.135005954397,4.9541405401777274e-17
7150.890585687259,4.909597726664878e-17
7151.646165420121,4.9963656671713284e-17
7152.401745152984,4.772140094467691e-17
7153.157324885848,4.656403531609565e-17
7153.91290461871,4.805724349201643e-17
7154.668484351573,4.994175624787787e-17
7155.424064084436,5.0258384612645695e-17
7156.179643817299,5.258315407924552e-17
7156.935223550162,5.195447111295014e-17
7157.690803283025,5.100501794941191e-17
7158.446383015888,5.097159782926101e-17
7159.20196274875,4.9522702120322043e-17
7159.957542481614,5.2344659700672094e-17
7160.713122214476,5.1798417676551576e-17
7161.468701947339,5.2428846807450285e-17
7162.224281680202,4.984719211243716e-17
7162.979861413065,4.830752102714138e-17
7163.735441145927,4.744978908516031e-17
7164.491020878791,4.7654352901331396e-17
7165.246600611654,4.865246119426062e-17
7166.002180344516,4.8582713057774805e-17
7166.757760077379,4.9776668043337514e-17
7167.5133398102425,4.6604793528992126e-17
7168.268919543105,4.666137677056798e-17
7169.024499275967,4.942163235827649e-17
7169.780079008831,4.6077894624827914e-17
7170.535658741694,4.260936615062261e-17
7171.291238474556,4.3743380341849716e-17
7172.046818207419,4.645540823727594e-17
7172.802397940282,4.325932260190509e-17
7173.557977673145,4.3706100413577197e-17
7174.313557406008,4.4811894848787394e-17
7175.069137138871,4.7184153994086273e-17
7175.8247168717335,4.4002421564567705e-17
7176.580296604597,4.385885733342402e-17
7177.33587633746,3.781408578431582e-17
7178.091456070322,4.143224582477267e-17
7178.847035803185,4.675065018002992e-17
7179.602615536049,4.552170260429194e-17
7180.35819526891,4.704611935959205e-17
7181.113775001773,4.44622401548513e-17
7181.8693547346365,4.003206483487632e-17
7182.624934467499,4.299484100280578e-17
7183.380514200362,4.5192583893229053e-17
7184.136093933225,4.189746637185165e-17
7184.8916736660885,3.8209058170244747e-17
7185.647253398951,4.460471173648576e-17
7186.402833131814,4.0424806758172334e-17
7187.158412864677,3.844491301683452e-17
7187.91399259754,4.246329405963064e-17
7188.669572330402,4.8120423773458915e-17
7189.425152063266,4.732188877057093e-17
7190.1807317961275,4.585127922919095e-17
7190.936311528991,4.217949342775116e-17
7191.691891261854,3.591616465855732e-17
7192.447470994716,4.0150055335396804e-17
7193.2030507275795,4.4653990285730854e-17
7193.958630460443,4.192598245790568e-17
7194.714210193306,4.695886274596645e-17
7195.469789926168,4.4156518176507425e-17
7196.2253696590315,4.565756755480693e-17
7196.980949391895,4.646703095159677e-17
7197.736529124757,4.233585567179047e-17
7198.492108857619,4.3946690789617974e-17
7199.247688590483,4.7842187678510236e-17
7200.003268323345,4.916741030640956e-17
7200.758848056208,4.1969509885631177e-17
7201.514427789071,4.322543983010664e-17
7202.270007521934,4.961947140327951e-17
7203.025587254797,4.8314139628881314e-17
7203.78116698766,4.324811703123268e-17
7204.536746720522,3.9889300290108703e-17
7205.292326453386,4.506687390934636e-17
7206.047906186249,4.485979236760796e-17
7206.80348591911,4.14716794932749e-17
7207.559065651974,4.874312806010291e-17
7208.314645384837,5.0439432802440036e-17
7209.070225117701,5.0952697251818383e-17
7209.825804850562,4.8214855532503236e-17
7210.5813845834255,4.8862987791759206e-17
7211.336964316289,4.851042368030168e-17
7212.092544049151,4.712756420276069e-17
7212.848123782014,4.8806323947262405e-17
7213.603703514877,5.151874174035352e-17
7214.35928324774,5.2008291524911535e-17
7215.114862980603,5.2725818350459125e-17
7215.870442713466,5.308654543427758e-17
7216.626022446328,5.202372286051432e-17
7217.381602179192,5.5378478358900275e-17
7218.137181912054,5.504034280776583e-17
7218.892761644918,5.2351631780959095e-17
7219.64834137778,5.347944277919918e-17
7220.403921110643,5.071174362344284e-17
7221.159500843506,5.126655110238721e-17
7221.915080576368,5.230910889601187e-17
7222.670660309232,5.0700255225299e-17
7223.426240042095,4.8451090024263424e-17
7224.181819774957,4.924609525027708e-17
7224.93739950782,5.243675471460801e-17
7225.692979240684,5.065313600808013e-17
7226.448558973545,4.888740267703521e-17
7227.204138706409,4.679120848755591e-17
7227.9597184392715,4.258262309816621e-17
7228.715298172134,4.700070919034805e-17
7229.470877904997,4.907964058409466e-17
7230.22645763786,5.217404897183453e-17
7230.9820373707225,5.2159838736533027e-17
7231.737617103586,5.157218877299128e-17
7232.493196836449,4.622164103436207e-17
7233.248776569312,4.43501337808112e-17
7234.0043563021745,4.68917448399567e-17
7234.759936035038,4.0464813604323206e-17
7235.515515767901,4.383489304192944e-17
7236.271095500762,4.534750079420185e-17
7237.0266752336265,4.99096841635613e-17
7237.782254966489,5.1357753998664607e-17
7238.537834699351,5.177700863476873e-17
7239.293414432214,5.2625825657776694e-17
7240.048994165078,4.9876778830625655e-17
7240.80457389794,4.8843154111420286e-17
7241.560153630803,4.6908590350627936e-17
7242.315733363666,5.2641683999024556e-17
7243.071313096529,4.666351962672195e-17
7243.826892829392,4.061231318745027e-17
7244.582472562255,4.7304529117091804e-17
7245.338052295118,4.840938668011412e-17
7246.09363202798,4.544685964996504e-17
7246.849211760844,4.786234891881816e-17
7247.604791493706,4.6660137254974284e-17
7248.3603712265685,4.7663906826519616e-17
7249.115950959432,4.7646175485747814e-17
7249.871530692295,4.779928690580557e-17
7250.627110425157,4.5918710466177703e-17
7251.3826901580205,4.646145930186342e-17
7252.138269890884,4.557148696829515e-17
7252.893849623746,4.0606559126563393e-17
7253.649429356609,4.276027292691287e-17
7254.4050090894725,4.733026796617019e-17
7255.160588822335,5.2005980102299214e-17
7255.916168555197,5.0932278495185644e-17
7256.671748288061,5.011596830101252e-17
7257.427328020924,4.9954621245707694e-17
7258.182907753786,5.0411917691207307e-17
7258.938487486649,5.2809385568765516e-17
7259.694067219512,5.2126279017752414e-17
7260.449646952375,4.974823251781325e-17
7261.205226685238,4.8766955455800985e-17
7261.960806418101,4.772657316157091e-17
7262.716386150963,4.8704207421713655e-17
7263.471965883827,4.7440953608377405e-17
7264.22754561669,4.727362162135537e-17
7264.983125349552,4.196700280115689e-17
7265.7387050824145,4.1428779145929664e-17
7266.494284815279,4.6079556589929015e-17
7267.24986454814,4.911990879353364e-17
7268.005444281003,5.013390135421109e-17
7268.7610240138665,4.975345187371292e-17
7269.516603746729,4.670783131297133e-17
7270.272183479592,4.533393281374647e-17
7271.027763212455,4.6083921507973877e-17
7271.7833429453185,4.481391328517835e-17
7272.538922678181,4.0310329236197956e-17
7273.294502411044,3.779856365343261e-17
7274.050082143907,4.2793749186852204e-17
7274.80566187677,4.293386975509662e-17
7275.561241609632,4.121082733864548e-17
7276.316821342496,4.053166791461851e-17
7277.072401075357,3.682697311726733e-17
7277.827980808221,3.8731990110563295e-17
7278.583560541084,4.5086770796820005e-17
7279.339140273946,4.794212347365375e-17
7280.094720006809,4.667047057132968e-17
7280.850299739673,4.485815894356035e-17
7281.605879472536,4.5262648074008504e-17
7282.361459205398,4.7198116035496815e-17
7283.117038938261,4.813568750391875e-17
7283.872618671125,5.140605701033848e-17
7284.628198403987,5.0949538951000937e-17
7285.383778136849,4.984677186290497e-17
7286.139357869713,5.0197231030958965e-17
7286.894937602575,4.8328561161365476e-17
7287.650517335438,4.443512396480134e-17
7288.406097068301,4.646574209357883e-17
7289.161676801164,5.113824136363837e-17
7289.917256534027,4.7052688137952466e-17
7290.67283626689,4.0299739337586867e-17
7291.428415999752,4.6289777099735686e-17
7292.183995732616,5.165889243718207e-17
7292.939575465479,4.8921492951824556e-17
7293.69515519834,4.845634643304597e-17
7294.450734931204,4.7139745050399525e-17
7295.206314664067,4.538173271605388e-17
7295.961894396931,4.7133682066741534e-17
7296.717474129792,4.9397625515388204e-17
7297.473053862655,4.9445457672484023e-17
7298.228633595519,4.9208293628592484e-17
7298.984213328381,4.910009068092614e-17
7299.739793061244,4.6713098147156103e-17
7300.495372794107,4.767995742668872e-17
7301.25095252697,4.8153368013482765e-17
7302.006532259833,4.762627811716448e-17
7302.762111992696,4.6218067581876593e-17
7303.517691725558,4.52413571246537e-17
7304.273271458422,4.685353695282531e-17
7305.028851191284,4.8951963061760734e-17
7305.784430924146,4.634727517930143e-17
7306.54001065701,4.5299177812575864e-17
7307.295590389873,4.5057969298619407e-17
7308.051170122736,4.532308061464774e-17
7308.806749855598,4.4417673443631886e-17
7309.562329588462,4.386128848322346e-17
7310.317909321325,4.6572481781762583e-17
7311.073489054187,4.6142029587230874e-17
7311.82906878705,4.672361106383248e-17
7312.584648519914,4.631901904591331e-17
7313.340228252775,4.58240580852333e-17
7314.095807985639,4.685177096535852e-17
7314.851387718501,4.8346143920691766e-17
7315.606967451364,4.783817702903218e-17
7316.362547184227,4.837825996195547e-17
7317.11812691709,4.754746947002471e-17
7317.8737066499525,4.845720534486391e-17
7318.629286382816,4.761454954693952e-17
7319.384866115679,5.0803407627198654e-17
7320.140445848542,5.2201499101487716e-17
7320.8960255814045,5.2220946281350057e-17
7321.651605314268,5.230477521071986e-17
7322.407185047131,5.1456683893075556e-17
7323.162764779992,5.151979147428369e-17
7323.9183445128565,5.226200686453625e-17
7324.673924245719,5.515876411703744e-17
7325.429503978581,5.554725391975148e-17
7326.185083711444,5.306177427461951e-17
7326.940663444308,5.169206102433581e-17
7327.69624317717,5.251575293167283e-17
7328.451822910033,5.185103168908089e-17
7329.207402642896,5.214265542709897e-17
7329.962982375759,5.486556845704014e-17
7330.718562108622,5.4010591518980695e-17
7331.474141841485,5.2796699532111706e-17
7332.229721574348,5.18837464465554e-17
7332.98530130721,5.099633214286374e-17
7333.740881040074,5.029478275320032e-17
7334.496460772936,5.2578997603413826e-17
7335.2520405057985,5.181043302855156e-17
7336.007620238662,5.315297704605667e-17
7336.763199971525,5.4942526155634394e-17
7337.518779704387,5.376773525721124e-17
7338.2743594372505,5.018352703744862e-17
7339.029939170114,4.9992185448042624e-17
7339.785518902976,4.928438436570888e-17
7340.541098635839,5.041907094450906e-17
7341.2966783687025,5.361943763072627e-17
7342.052258101565,5.2226285779664535e-17
7342.807837834427,5.2824750788186616e-17
7343.563417567291,5.181224070085227e-17
7344.318997300154,4.85851804654946e-17
7345.074577033016,4.9999090228172467e-17
7345.830156765879,5.024720425086546e-17
7346.585736498742,5.019407809161165e-17
7347.341316231605,5.2704724584978513e-17
7348.096895964468,5.217191812877971e-17
7348.852475697331,5.26399493218994e-17
7349.608055430193,5.29034945212556e-17
7350.363635163057,5.4846972782680863e-17
7351.11921489592,5.29025950857353e-17
7351.874794628782,5.142299371161795e-17
7352.6303743616445,5.284122758100495e-17
7353.385954094509,5.469994517999803e-17
7354.14153382737,5.516253418300025e-17
7354.897113560233,5.528406174968877e-17
7355.6526932930965,5.576326225501075e-17
7356.408273025959,5.3653592567258004e-17
7357.163852758822,5.494829923101777e-17
7357.919432491685,5.4131774209418286e-17
7358.6750122245485,5.24598905057421e-17
7359.430591957411,5.3148016161922334e-17
7360.186171690274,5.1586458895957245e-17
7360.941751423137,5.3899167470766054e-17
7361.697331156,5.5430724880625285e-17
7362.452910888862,5.4752629113642996e-17
7363.208490621726,5.4357460017565675e-17
7363.964070354587,5.2195416594798026e-17
7364.719650087451,5.300980572678169e-17
7365.475229820314,5.380091204746708e-17
7366.230809553176,5.2573521986540554e-17
7366.986389286039,5.2938851237289375e-17
7367.741969018903,5.307241444062176e-17
7368.497548751765,5.187133240613188e-17
7369.253128484628,5.157637124413722e-17
7370.008708217491,5.316522171733609e-17
7370.764287950355,5.248017789627006e-17
7371.519867683217,4.886359365511902e-17
7372.275447416079,4.7909052484877595e-17
7373.031027148943,5.1319713140221266e-17
7373.786606881805,5.105068524027115e-17
7374.542186614668,4.8369734463080963e-17
7375.297766347531,4.7240359781822596e-17
7376.053346080394,4.9684494027384515e-17
7376.808925813257,5.3589791125252266e-17
7377.56450554612,5.2497823229388663e-17
7378.320085278982,5.084682358955369e-17
7379.075665011846,4.981513123994251e-17
7379.831244744709,4.959696169383474e-17
7380.58682447757,5.2733971557690434e-17
7381.342404210434,5.242158644371277e-17
7382.097983943297,5.247169154260069e-17
7382.853563676161,5.346230848771951e-17
7383.609143409022,5.3037441797330647e-17
7384.364723141885,5.407780095269423e-17
7385.120302874749,5.438165138539584e-17
7385.875882607611,5.631718542857547e-17
7386.631462340474,5.882115799483689e-17
7387.387042073337,5.708487176010017e-17
7388.1426218062,5.363935219234843e-17
7388.898201539063,5.427621305883819e-17
7389.653781271926,5.517067658989926e-17
7390.409361004788,5.461786459774061e-17
7391.164940737652,5.281336508392936e-17
7391.920520470514,5.377509712313129e-17
7392.676100203376,5.472762513052965e-17
7393.43167993624,5.34935455246541e-17
7394.187259669103,5.523181581256552e-17
7394.942839401966,5.555093624856127e-17
7395.698419134828,5.154990685491432e-17
7396.453998867692,4.837114580287385e-17
7397.209578600555,4.71869351941122e-17
7397.965158333417,4.960582690614511e-17
7398.72073806628,4.8721842844380156e-17
7399.4763177991435,4.986051615135485e-17
7400.231897532005,5.1212431133481384e-17
7400.987477264869,5.176060202076876e-17
7401.743056997731,5.094071389716515e-17
7402.498636730594,5.229556832611475e-17
7403.254216463457,5.371755752506948e-17
7404.00979619632,4.998683964380538e-17
7404.7653759291825,4.9629149898516943e-17
7405.520955662046,4.9639139824173294e-17
7406.276535394909,5.101700870602013e-17
7407.032115127772,5.086171599825099e-17
7407.7876948606345,5.154150223858191e-17
7408.543274593498,5.466662138824973e-17
7409.298854326361,5.614097039140565e-17
7410.054434059222,5.46339502848112e-17
7410.8100137920865,5.368305430673905e-17
7411.565593524949,5.316652397759813e-17
7412.321173257811,5.2959283329060716e-17
7413.076752990674,5.2247046413592366e-17
7413.832332723538,5.1947304826486645e-17
7414.5879124564,5.277800862075897e-17
7415.343492189263,5.599569686182051e-17
7416.099071922126,5.774506405453566e-17
7416.854651654989,5.796546266984406e-17
7417.610231387852,5.71922542620999e-17
7418.365811120715,5.595726003206319e-17
7419.121390853578,5.439048768055501e-17
7419.87697058644,5.4977129623308947e-17
7420.632550319304,5.57694564760466e-17
7421.388130052166,5.5157252892831044e-17
7422.1437097850285,5.4443867208928e-17
7422.899289517892,5.4930370220208963e-17
7423.654869250755,5.538298579799783e-17
7424.410448983617,5.460460491386795e-17
7425.1660287164805,5.46194608066192e-17
7425.921608449344,5.594127680037497e-17
7426.677188182206,5.569423657961269e-17
7427.432767915069,5.3250925266908544e-17
7428.1883476479325,5.283022730200851e-17
7428.943927380795,5.323557929888438e-17
7429.699507113657,5.2830489965534024e-17
7430.455086846521,5.0908359296281645e-17
7431.2106665793835,5.175700050765014e-17
7431.966246312246,5.194217809451444e-17
7432.721826045109,5.317669096489513e-17
7433.477405777972,5.3528771828014117e-17
7434.232985510835,5.2244905035302195e-17
7434.988565243698,5.375092128304196e-17
7435.744144976561,5.2418541310534845e-17
7436.499724709423,5.574353364118901e-17
7437.255304442287,5.69252267744163e-17
7438.01088417515,5.5016982425614225e-17
7438.766463908012,5.4043529657215536e-17
7439.5220436408745,5.444447698931756e-17
7440.277623373739,5.292165464845568e-17
7441.0332031066,5.370287298699105e-17
7441.788782839463,5.470918353675204e-17
7442.5443625723265,5.426830101489154e-17
7443.299942305189,5.477417530567366e-17
7444.055522038052,5.486462472908216e-17
7444.811101770915,5.344402338255093e-17
7445.566681503778,5.2906210884636555e-17
7446.322261236641,5.1888135378161226e-17
7447.077840969504,5.4479875206644053e-17
7447.833420702367,5.642590942074429e-17
7448.5890004352295,5.4953171046964534e-17
7449.344580168092,5.434323046072805e-17
7450.100159900956,5.4054023250656595e-17
7450.855739633817,5.2426306039581086e-17
7451.611319366681,5.239520689970364e-17
7452.366899099544,5.4220589570920467e-17
7453.122478832406,5.579510996393072e-17
7453.878058565269,5.565710067506646e-17
7454.633638298133,5.705825154475492e-17
7455.389218030995,5.69614216209029e-17
7456.144797763858,5.569975332286949e-17
7456.900377496721,5.4860793460313634e-17
7457.655957229585,5.61206214430785e-17
7458.411536962447,5.857978104717461e-17
7459.167116695309,5.81364740760231e-17
7459.922696428173,5.60444510503354e-17
7460.678276161035,5.430131024732025e-17
7461.433855893898,5.4007572963230175e-17
7462.189435626761,5.631037332763286e-17
7462.9450153596235,5.715474966080104e-17
7463.700595092487,5.628728292644166e-17
7464.45617482535,5.475466407688892e-17
7465.211754558212,5.306482142798247e-17
7465.9673342910755,5.2062820244919876e-17
7466.722914023939,5.2589192758761253e-17
7467.4784937568,5.3599895181932345e-17
7468.234073489664,5.369525961664405e-17
7468.989653222527,5.387016127523423e-17
7469.745232955391,5.398117892166038e-17
7470.500812688252,5.3562106455681884e-17
7471.256392421115,5.378991467868948e-17
7472.011972153979,5.3701554023936874e-17
7472.767551886841,5.4098889602156704e-17
7473.523131619704,5.3533288581554085e-17
7474.278711352567,5.600242996191767e-17
7475.03429108543,5.4117278617888005e-17
7475.789870818293,5.3380470626250264e-17
7476.545450551156,5.301183783245114e-17
7477.3010302840175,5.1870598203463387e-17
7478.056610016882,5.357359267339865e-17
7478.812189749744,5.39159046856496e-17
7479.567769482606,5.497829465144644e-17
7480.3233492154695,5.4493373624700904e-17
7481.078928948333,5.390013783505056e-17
7481.834508681196,5.253184666070552e-17
7482.590088414058,5.320131300999971e-17
7483.3456681469215,5.4330965830259424e-17
7484.101247879785,5.339351909521088e-17
7484.856827612647,5.4979441051813554e-17
7485.61240734551,5.777408292488114e-17
7486.3679870783735,5.727254234434761e-17
7487.123566811235,5.826713356553524e-17
7487.879146544099,5.711671095544345e-17
7488.634726276961,5.5884052690128e-17
7489.390306009824,5.613807878980342e-17
7490.145885742687,5.67313442393856e-17
7490.90146547555,5.821512522429779e-17
7491.6570452084125,5.672168791290459e-17
7492.412624941276,5.53148577882945e-17
7493.168204674139,5.602259172601483e-17
7493.923784407002,5.709592559198448e-17
7494.679364139864,5.50010524230198e-17
7495.434943872728,5.317200358212446e-17
7496.190523605591,5.2379727587739704e-17
7496.946103338452,5.3265562301373494e-17
7497.701683071316,5.4488296892320246e-17
7498.457262804179,5.5084700991289113e-17
7499.212842537041,5.4828208383857074e-17
7499.968422269904,5.364913815043637e-17
7500.7240020027675,5.298693040673298e-17
7501.47958173563,5.812741464329458e-17
7502.235161468493,5.847324174627823e-17
7502.990741201356,5.733580008001204e-17
7503.746320934219,5.634170317790636e-17
7504.501900667082,5.690263604717179e-17
7505.257480399945,5.728266298806239e-17
7506.013060132807,5.702157824066423e-17
7506.76863986567,5.684485972097763e-17
7507.524219598534,5.502444398642233e-17
7508.279799331396,5.5068203143999453e-17
7509.035379064258,5.573192377565597e-17
7509.790958797122,5.553279078412419e-17
7510.546538529985,5.427447118907314e-17
7511.302118262847,5.601585314749154e-17
7512.05769799571,5.5369029025956416e-17
7512.813277728574,5.4996329412548394e-17
7513.568857461436,5.5158880066432976e-17
7514.324437194299,5.466963208772734e-17
7515.080016927162,5.584996828284536e-17
7515.835596660025,5.677245963621802e-17
7516.591176392887,5.791245433713553e-17
7517.346756125751,5.819812560120071e-17
7518.1023358586135,5.787301323398702e-17
7518.857915591476,5.708927563731002e-17
7519.613495324339,5.61502717245248e-17
7520.369075057202,5.691424008965475e-17
7521.124654790065,5.473347208344762e-17
7521.880234522928,5.646788961046183e-17
7522.635814255791,5.844722045685505e-17
7523.391393988653,5.9599587813038e-17
7524.146973721517,5.8276290206533e-17
7524.90255345438,5.959835632566958e-17
7525.658133187242,6.127772359060554e-17
7526.413712920104,6.071160697942026e-17
7527.169292652969,5.93686069712206e-17
7527.92487238583,5.734508244033089e-17
7528.680452118693,5.661604344435258e-17
7529.436031851556,5.923513546631722e-17
7530.191611584419,5.833809277204842e-17
7530.947191317282,5.745751763508146e-17
7531.702771050145,5.825819676001829e-17
7532.458350783008,5.898814763260821e-17
7533.213930515871,6.154669162908597e-17
7533.969510248734,6.113654240336569e-17
7534.725089981597,5.845582534596642e-17
7535.4806697144595,5.629875280693453e-17
7536.236249447322,5.633784971414396e-17
7536.991829180186,5.671374680736721e-17
7537.747408913047,5.962322315771885e-17
7538.502988645911,6.218725874780986e-17
7539.258568378774,6.263550697514698e-17
7540.014148111636,5.968827307300383e-17
7540.769727844499,5.819992839684334e-17
7541.525307577363,5.78850119253618e-17
7542.280887310225,5.817686024632542e-17
7543.036467043088,5.691568150561843e-17
7543.792046775951,5.670869072491637e-17
7544.547626508815,5.778892483840593e-17
7545.303206241677,5.818620260948943e-17
7546.058785974539,5.97919569190756e-17
7546.814365707403,5.86290213990753e-17
7547.569945440265,5.839680627115284e-17
7548.325525173128,5.818335563283668e-17
7549.081104905991,5.826017787955089e-17
7549.8366846388535,5.778997552976642e-17
7550.592264371717,5.807874194393666e-17
7551.34784410458,5.797250322732724e-17
7552.103423837442,5.634259431218087e-17
7552.8590035703055,5.66752066356778e-17
7553.614583303169,5.777265572873567e-17
7554.37016303603,5.941518625150228e-17
7555.125742768894,5.761341971196095e-17
7555.881322501757,5.618420250519353e-17
7556.636902234621,5.572089227987653e-17
7557.392481967482,5.842402065891243e-17
7558.148061700345,5.883174489851332e-17
7558.903641433209,5.763991157165193e-17
7559.659221166071,5.809346013977441e-17
7560.414800898934,5.807380908142938e-17
7561.170380631797,5.816019207185714e-17
7561.92596036466,5.911024209046173e-17
7562.681540097523,5.98427720020761e-17
7563.437119830386,5.759267114389851e-17
7564.1926995632475,5.721249561749709e-17
7564.948279296112,5.74389040227496e-17
7565.703859028974,5.696145944440123e-17
7566.459438761836,5.783279884392526e-17
7567.2150184946995,5.631189127862684e-17
7567.970598227563,5.592208424511828e-17
7568.726177960425,5.640295591683489e-17
7569.481757693288,5.622480362933678e-17
7570.2373374261515,5.4689009200066976e-17
7570.992917159015,5.439284538121424e-17
7571.748496891877,5.639826502138107e-17
7572.50407662474,5.595163486936667e-17
7573.2596563576035,5.428844011614394e-17
7574.015236090465,5.574824621264215e-17
7574.770815823329,5.751567076425712e-17
7575.526395556191,5.744217522850599e-17
7576.281975289054,5.868002530825443e-17
7577.037555021917,5.984706419054157e-17
7577.79313475478,6.010558830271064e-17
7578.548714487642,6.049051754266569e-17
7579.304294220506,6.032392721411476e-17
7580.059873953369,6.12914312083364e-17
7580.815453686232,6.058426206955725e-17
7581.571033419094,5.982786068142236e-17
7582.326613151958,5.844377736754827e-17
7583.082192884821,6.040187934600174e-17
7583.837772617682,6.054560200942597e-17
7584.593352350546,6.099574346415194e-17
7585.348932083409,6.037118295970707e-17
7586.104511816271,6.157990690842076e-17
7586.860091549134,6.304651821859572e-17
7587.6156712819975,6.340211102219735e-17
7588.37125101486,6.569957295983993e-17
7589.126830747723,6.560973792280813e-17
7589.882410480586,6.339393339177157e-17
7590.637990213449,6.040184347957925e-17
7591.393569946312,5.862316926166888e-17
7592.149149679175,5.886598931584728e-17
7592.904729412037,5.944203065841137e-17
7593.6603091449,5.1529746046039315e-17
7594.415888877764,4.169451460540628e-17
7595.171468610626,3.6391590234442807e-17
7595.927048343488,3.141871447910047e-17
7596.682628076352,3.1512747824832994e-17
7597.438207809215,3.311800181106193e-17
7598.193787542077,3.0938319711381424e-17
7598.94936727494,2.899835920498439e-17
7599.704947007804,2.551903830392823e-17
7600.460526740666,2.1405314114273356e-17
7601.216106473529,2.174550737062071e-17
7601.971686206392,1.9530282699457078e-17
7602.727265939255,2.0339943747703702e-17
7603.482845672117,2.3001425515279444e-17
7604.238425404981,1.6441354886111176e-17
7604.9940051378435,1.8507909045067312e-17
7605.749584870706,2.0371466353012458e-17
7606.505164603569,1.800372112206641e-17
7607.260744336432,1.9927434411558237e-17
7608.016324069295,2.337177643873736e-17
7608.771903802158,2.2309252047429726e-17
7609.527483535021,2.1337728022494426e-17
7610.283063267883,2.0736740883917277e-17
7611.038643000747,2.892441022521074e-17
7611.79422273361,3.099070945334075e-17
7612.549802466472,2.4293641310897723e-17
7613.305382199334,2.942127682137439e-17
7614.060961932199,4.2554204101114024e-17
7614.81654166506,4.0509518134506604e-17
7615.572121397923,3.410114985469597e-17
7616.327701130786,4.1902733823782285e-17
7617.083280863649,5.384429187492891e-17
7617.838860596512,5.939418642210765e-17
7618.594440329375,5.787010557934823e-17
7619.350020062238,5.720462651304292e-17
7620.105599795101,5.250968188584069e-17
7620.861179527964,3.996849483163512e-17
7621.616759260827,3.9951006042064756e-17
7622.3723389936895,5.1381534341346e-17
7623.127918726552,4.006143022313209e-17
7623.883498459416,2.7856864092559627e-17
7624.639078192277,3.3191290953555876e-17
7625.394657925141,4.424482682609583e-17
7626.150237658004,4.584147297444021e-17
7626.905817390866,3.169685544767624e-17
7627.661397123729,2.455442225022169e-17
7628.416976856593,2.8739357941704075e-17
7629.172556589455,4.116045505726127e-17
7629.928136322318,5.1403335529075393e-17
7630.683716055181,3.561521040120633e-17
7631.439295788045,2.281479260892484e-17
7632.194875520907,2.29588601293597e-17
7632.950455253769,3.396775491367135e-17
7633.706034986633,4.660680881674921e-17
7634.461614719495,3.998644462937209e-17
7635.217194452358,2.6184581192232097e-17
7635.972774185221,2.0848937680948495e-17
7636.7283539180835,2.6452658212159512e-17
7637.483933650947,4.997190523907319e-17
7638.23951338381,5.460027922761795e-17
7638.995093116672,4.383872538853684e-17
7639.7506728495355,2.7073355801911714e-17
7640.506252582399,2.4527493292146776e-17
7641.26183231526,3.195848602788549e-17
7642.017412048124,4.773729782062948e-17
7642.772991780987,4.910170221329488e-17
7643.528571513851,4.4842754563386846e-17
7644.284151246712,3.1064885648256595e-17
7645.039730979575,2.600259268505682e-17
7645.795310712439,2.9536704936407405e-17
7646.550890445301,4.5655956018020055e-17
7647.306470178164,4.993974401889402e-17
7648.062049911027,4.73074193959048e-17
7648.81762964389,3.7098389580903144e-17
7649.573209376753,2.6845510520111947e-17
7650.328789109616,3.220053470079221e-17
7651.0843688424775,4.5272188505748364e-17
7651.839948575342,5.4619225314811016e-17
7652.595528308204,5.3158318581632454e-17
7653.351108041066,4.8269354986716296e-17
7654.1066877739295,3.7130222263485254e-17
7654.862267506793,3.5886874095705724e-17
7655.617847239655,4.340946907802397e-17
7656.373426972518,5.869424566576312e-17
7657.1290067053815,6.059823894978894e-17
7657.884586438245,6.132416973867685e-17
7658.640166171107,5.652144338304576e-17
7659.39574590397,4.750679286822495e-17
7660.1513256368335,4.387012643937439e-17
7660.906905369695,4.7981475463206956e-17
7661.662485102559,5.802894884274987e-17
7662.418064835421,5.946991297714867e-17
7663.173644568284,6.076822468269068e-17
7663.929224301147,5.93843302307371e-17
7664.68480403401,5.2226749904632805e-17
7665.440383766872,4.5516644970141736e-17
7666.195963499736,5.031988819991328e-17
7666.951543232599,5.919788230357345e-17
7667.707122965462,6.003363411347889e-17
7668.462702698324,5.944037432190313e-17
7669.218282431188,5.936248753646767e-17
7669.973862164051,5.67816758649122e-17
7670.729441896912,5.164761779222357e-17
7671.485021629776,5.277689369561402e-17
7672.240601362639,5.3628761072351e-17
7672.996181095501,5.909511111723775e-17
7673.751760828364,5.805417348442783e-17
7674.5073405612275,5.873654611710801e-17
7675.26292029409,6.0064026322148e-17
7676.018500026953,5.810178090213015e-17
7676.774079759816,5.212158869784243e-17
7677.529659492679,5.3241180210200943e-17
7678.285239225542,5.414742067104196e-17
7679.040818958405,5.655483921934017e-17
7679.796398691267,5.67673959058879e-17
7680.55197842413,5.639496695663349e-17
7681.307558156994,5.548580839908625e-17
7682.063137889856,5.702375064481883e-17
7682.818717622718,5.291710788276736e-17
7683.574297355582,5.3998745606140364e-17
7684.329877088445,5.557166826359225e-17
7685.085456821307,5.86256673017693e-17
7685.84103655417,5.763308232878595e-17
7686.596616287034,5.680233071900347e-17
7687.352196019896,5.616709582253915e-17
7688.107775752759,5.569216611562587e-17
7688.863355485622,5.612954841625312e-17
7689.618935218485,5.829018956689691e-17
7690.374514951347,5.914579595604511e-17
7691.130094684211,5.983246901510642e-17
7691.885674417073,6.033898502067047e-17
7692.641254149936,6.087627790609986e-17
7693.396833882799,6.008376425149163e-17
7694.152413615662,5.916237244683271e-17
7694.9079933485245,5.62430809104624e-17
7695.663573081388,5.2908429456350516e-17
7696.419152814251,5.398614286225948e-17
7697.174732547113,5.3845910615409e-17
7697.9303122799765,5.4864575901637904e-17
7698.68589201284,5.288540021364663e-17
7699.441471745702,5.2268602389385815e-17
7700.197051478564,5.381169883936473e-17
7700.9526312114285,5.474127094161824e-17
7701.70821094429,5.5181283367264904e-17
7702.463790677153,5.697785908215204e-17
7703.219370410016,5.71693184530043e-17
7703.974950142879,5.581100506466433e-17
7704.730529875742,5.723691762300619e-17
7705.486109608605,5.722000988571596e-17
7706.241689341468,5.577455542640955e-17
7706.997269074331,5.5279846349915586e-17
7707.752848807194,5.724558505225424e-17
7708.508428540057,5.816346544608881e-17
7709.264008272919,5.868307586331955e-17
7710.019588005782,5.862099338237944e-17
7710.775167738646,5.708886700649117e-17
7711.530747471507,5.559228206312208e-17
7712.2863272043705,5.307920902424268e-17
7713.041906937234,5.548546140893271e-17
7713.797486670096,5.683927808069635e-17
7714.553066402959,5.773309252219687e-17
7715.3086461358225,5.953170220845152e-17
7716.064225868685,5.965744454723391e-17
7716.819805601548,5.919198959719365e-17
7717.575385334411,6.101726996329769e-17
7718.3309650672745,6.137644771168467e-17
7719.086544800137,6.023113562067514e-17
7719.842124532999,6.076672329803728e-17
7720.597704265863,6.074074150851379e-17
7721.353283998725,6.194187287399718e-17
7722.108863731588,6.226936062609784e-17
7722.864443464451,6.294159737114761e-17
7723.6200231973135,6.116099911645734e-17
7724.375602930177,6.17787816672034e-17
7725.13118266304,6.114620425190088e-17
7725.886762395902,5.960795934002465e-17
7726.642342128765,5.871605927365445e-17
7727.397921861629,5.978769557057726e-17
7728.15350159449,5.902816388047279e-17
7728.909081327354,5.72328042427781e-17
7729.6646610602165,5.452793206424147e-17
7730.420240793081,5.537168910739579e-17
7731.175820525942,5.764863827963161e-17
7731.931400258805,5.577256156638335e-17
7732.6869799916685,5.63484581888022e-17
7733.442559724531,5.567166313813852e-17
7734.198139457394,5.579035304067873e-17
7734.953719190257,5.564096946641641e-17
7735.70929892312,5.712801301473481e-17
7736.464878655983,5.64992541587271e-17
7737.220458388846,5.756973222328174e-17
7737.9760381217075,5.68660771045434e-17
7738.731617854572,5.942380465384717e-17
7739.487197587434,5.981367165757263e-17
7740.242777320296,5.786546444738519e-17
7740.998357053159,6.110265209198279e-17
7741.753936786023,6.113781096899205e-17
7742.509516518885,6.168299752245149e-17
7743.265096251748,6.437444216807711e-17
7744.020675984611,6.39208046145746e-17
7744.776255717475,6.306748471817607e-17
7745.531835450337,6.194002320600566e-17
7746.2874151832,5.996048688432402e-17
7747.042994916063,6.143246749117094e-17
7747.798574648925,6.315936046494522e-17
7748.554154381789,6.267257136658094e-17
7749.309734114651,6.248959479301403e-17
7750.065313847514,6.094013729573115e-17
7750.820893580377,6.209376388983807e-17
7751.57647331324,6.146905332556517e-17
7752.332053046102,6.31849774787536e-17
7753.087632778966,6.326409449473434e-17
7753.843212511829,6.089611095086193e-17
7754.598792244692,5.96080627274133e-17
7755.354371977554,5.947054082309469e-17
7756.109951710418,5.99884291522013e-17
7756.865531443281,5.933832273838919e-17
7757.621111176142,5.850957556013615e-17
7758.376690909006,5.737223432947438e-17
7759.132270641869,5.806440252030682e-17
7759.887850374731,5.74724990944426e-17
7760.643430107594,5.760637011191259e-17
7761.399009840457,5.545150627564594e-17
7762.15458957332,5.403967796787891e-17
7762.910169306183,5.460479540442567e-17
7763.665749039046,5.73342213223967e-17
7764.4213287719085,5.820085391194316e-17
7765.176908504772,5.980461981483009e-17
7765.932488237635,5.995109821919721e-17
7766.688067970497,6.083904804247139e-17
7767.44364770336,5.88281943144191e-17
7768.199227436224,6.003665531200448e-17
7768.954807169086,5.967582208640532e-17
7769.710386901948,5.711238060973324e-17
7770.465966634812,5.726792205091847e-17
7771.221546367675,6.002336310404547e-17
7771.977126100537,6.085954024633267e-17
7772.7327058334,6.08806289286202e-17
7773.488285566264,6.027922207986704e-17
7774.243865299126,6.05509834453119e-17
7774.999445031989,5.995122617794698e-17
7775.755024764852,5.912291345407989e-17
7776.510604497715,5.879628724857127e-17
7777.266184230577,6.129072429806307e-17
7778.021763963441,6.003719180194117e-17
7778.777343696303,6.113008802943907e-17
7779.532923429166,6.067249041083822e-17
7780.288503162029,6.106280899364272e-17
7781.044082894891,5.953103602196599e-17
7781.7996626277545,5.910566879346538e-17
7782.555242360618,6.234664013735155e-17
7783.310822093481,5.860976771180193e-17
7784.066401826343,5.601053674844041e-17
7784.8219815592065,5.427445603347059e-17
7785.57756129207,5.666587896322873e-17
7786.333141024932,5.437482502059858e-17
7787.088720757794,5.3033141492621885e-17
7787.8443004906585,5.5084478037698207e-17
7788.59988022352,5.662589418942709e-17
7789.355459956383,5.632860601830651e-17
7790.111039689246,5.790497801683114e-17
7790.866619422109,5.690689595451038e-17
7791.622199154972,5.658198386677233e-17
7792.377778887835,5.629713327431291e-17
7793.133358620698,5.60559394918457e-17
7793.888938353561,5.801767905664042e-17
7794.644518086424,5.739031393022031e-17
7795.400097819287,5.626739366000881e-17
7796.155677552149,5.607484068319197e-17
7796.911257285012,5.5205803537272e-17
7797.666837017876,5.4181527640545026e-17
7798.422416750737,5.695945671301347e-17
7799.1779964836005,5.828083958897596e-17
7799.933576216464,5.764196180368833e-17
7800.689155949326,5.712423604678672e-17
7801.444735682189,5.715407908347535e-17
7802.2003154150525,5.787539439057997e-17
7802.955895147915,5.860553996365918e-17
7803.711474880778,5.841250530675953e-17
7804.467054613641,5.867434118287328e-17
7805.222634346503,5.871459835478798e-17
7805.978214079367,5.965999066701209e-17
7806.733793812229,5.906437275471757e-17
7807.489373545093,5.790814831644472e-17
7808.244953277955,5.769478431004148e-17
7809.000533010818,5.736909306618497e-17
7809.756112743681,5.900899008318666e-17
7810.511692476543,5.844153428834617e-17
7811.267272209407,5.851045659656132e-17
7812.02285194227,5.735051826796179e-17
7812.778431675132,5.578685557353429e-17
7813.534011407995,5.679011974242789e-17
7814.289591140859,5.820154717140222e-17
7815.04517087372,5.721857550701304e-17
7815.800750606584,5.565855696728555e-17
7816.5563303394465,5.3568167567992973e-17
7817.311910072311,5.3324223748102013e-17
7818.067489805172,5.428715224227739e-17
7818.823069538035,6.042987369154132e-17
7819.5786492708985,5.977656887511043e-17
7820.334229003761,6.310297130853194e-17
7821.089808736624,6.23614305860282e-17
7821.845388469487,6.299707981930662e-17
7822.60096820235,6.419571133690931e-17
7823.356547935213,6.449379987389565e-17
7824.112127668076,6.163114590906846e-17
7824.867707400937,6.22797297081094e-17
7825.623287133802,6.127140560989781e-17
7826.378866866664,6.033306249661228e-17
7827.134446599526,6.01576450428335e-17
7827.890026332389,6.101982964182854e-17
7828.645606065253,6.258961297454229e-17
7829.401185798115,6.114630564940832e-17
7830.156765530978,5.908947294187507e-17
7830.912345263841,5.726524758769855e-17
7831.667924996705,5.635771112902628e-17
7832.423504729567,5.666132731058714e-17
7833.17908446243,5.63040072276607e-17
7833.934664195293,5.573055077359949e-17
7834.690243928155,5.540806967786093e-17
7835.445823661019,5.581014615253827e-17
7836.201403393881,5.716161772059773e-17
7836.956983126744,5.623829964583849e-17
7837.712562859607,5.61048027870004e-17
7838.46814259247,5.718736535252165e-17
7839.223722325332,5.570127875035225e-17
7839.979302058196,5.68891168430789e-17
7840.734881791059,5.864932254718451e-17
7841.490461523922,5.772488285630081e-17
7842.246041256784,5.734853515353686e-17
7843.001620989648,5.840787813247684e-17
7843.757200722511,5.905608020172409e-17
7844.512780455372,5.7213006363319e-17
7845.268360188236,5.73172885547546e-17
7846.023939921099,5.813485442846848e-17
7846.779519653961,5.888431662212725e-17
7847.535099386824,5.914144982851479e-17
7848.290679119687,5.944240590840286e-17
7849.04625885255,5.918190070629809e-17
7849.801838585413,5.912740274585656e-17
7850.557418318276,5.893445127865655e-17
7851.3129980511385,5.915090881330497e-17
7852.068577784002,5.824414164387239e-17
7852.824157516865,5.865121873420347e-17
7853.579737249727,5.605379527780094e-17
7854.33531698259,5.567685042415159e-17
7855.090896715454,5.463954465968799e-17
7855.846476448316,5.517005912669466e-17
7856.602056181178,5.43619683156176e-17
7857.357635914042,5.41829565802689e-17
7858.113215646905,5.48493249106603e-17
7858.868795379767,5.421341544365403e-17
7859.62437511263,5.502255957242285e-17
7860.379954845494,5.586703866498204e-17
7861.135534578356,5.451801574109154e-17
7861.891114311219,5.198605611173859e-17
7862.646694044082,5.214385818561091e-17
7863.402273776945,5.149275765440469e-17
7864.157853509807,5.308752574749776e-17
7864.913433242671,5.3052970863286673e-17
7865.6690129755325,5.2578463245670076e-17
7866.424592708396,5.154364076646153e-17
7867.180172441259,5.234248536732676e-17
7867.935752174121,5.227930035593641e-17
7868.6913319069845,5.2051758040250147e-17
7869.446911639848,5.3000760398555773e-17
7870.202491372711,5.1124410440349744e-17
7870.958071105573,5.191423022185966e-17
7871.7136508384365,5.30339017062038e-17
7872.4692305713,5.5067326281681697e-17
7873.224810304162,5.4675770380547954e-17
7873.980390037024,5.32870148022511e-17
7874.7359697698885,5.10845056741879e-17
7875.49154950275,5.088094534723739e-17
7876.247129235613,4.9505188166977754e-17
7877.002708968476,4.9553405939925133e-17
7877.758288701339,4.933458128814419e-17
7878.513868434202,4.928646544718987e-17
7879.269448167065,4.9131634695033336e-17
7880.025027899928,4.944484439943348e-17
7880.780607632791,4.907324211169707e-17
7881.536187365654,4.8729898005681933e-17
7882.291767098517,4.9587580503011197e-17
7883.047346831379,5.0553539070692635e-17
7883.802926564242,4.5913446816771913e-17
7884.558506297106,4.62277025234371e-17
7885.314086029967,5.030292906842605e-17
7886.0696657628305,5.0845088832130484e-17
7886.825245495694,5.21922368908938e-17
7887.580825228556,5.30139007921339e-17
7888.336404961419,5.2853294292961125e-17
7889.0919846942825,5.1819661758707755e-17
7889.847564427145,5.150971864264913e-17
7890.603144160008,5.206868064599459e-17
7891.358723892871,5.306249402699774e-17
7892.114303625733,5.3312610654438676e-17
7892.869883358597,5.130568352713742e-17
7893.625463091459,4.8219488096082273e-17
7894.381042824323,4.849457013897624e-17
7895.136622557185,5.1106643869401784e-17
7895.892202290048,4.8572484493121316e-17
7896.647782022911,4.7918866522628497e-17
7897.403361755773,4.830674483785439e-17
7898.158941488637,4.767745626870971e-17
7898.9145212215,4.843260067340903e-17
7899.670100954362,5.0779871571555175e-17
7900.425680687225,5.1232685873761055e-17
7901.181260420089,4.7788758343656716e-17
7901.93684015295,4.7369695645330424e-17
7902.692419885814,5.020707984594505e-17
7903.4479996186765,5.139678800858593e-17
7904.203579351541,4.9968537063235394e-17
7904.959159084402,5.033230306877138e-17
7905.714738817265,5.287021247280066e-17
7906.4703185501285,5.107238678841605e-17
7907.225898282991,5.0283805583759325e-17
7907.981478015854,5.1833420333606075e-17
7908.737057748717,5.2356899174494656e-17
7909.49263748158,5.0691477328715325e-17
7910.248217214443,5.2331518052931913e-17
7911.003796947306,5.0159462432706667e-17
7911.759376680167,5.1795894290054156e-17
7912.5149564130315,5.361294427942252e-17
7913.270536145894,5.225313728310694e-17
7914.026115878756,5.316857359238448e-17
7914.781695611619,5.3746154133836717e-17
7915.537275344483,5.1774187578305463e-17
7916.292855077345,5.26166007885055e-17
7917.048434810208,5.0755647384900225e-17
7917.804014543071,4.9203627093387874e-17
7918.559594275935,4.940803502904116e-17
7919.315174008797,4.7147503254792245e-17
7920.07075374166,4.6915220752143686e-17
7920.826333474523,4.649020394466678e-17
7921.581913207385,4.7601219094949555e-17
7922.337492940249,4.507196254321875e-17
7923.093072673111,4.704650151352103e-17
7923.848652405974,4.57955323876098e-17
7924.604232138837,4.419931530789752e-17
7925.3598118717,4.467854548736239e-17
7926.115391604562,4.5340006377677556e-17
7926.8709713374255,4.48370342603745e-17
7927.626551070289,4.740773913663596e-17
7928.382130803152,4.897422604010139e-17
7929.137710536014,4.672022525040125e-17
7929.8932902688775,4.566277471106549e-17
7930.648870001741,4.5147080046539607e-17
7931.404449734602,4.5567405423925357e-17
7932.160029467466,4.5174444582341954e-17
7932.915609200329,4.663967597720883e-17
7933.671188933191,4.849653849658283e-17
7934.426768666054,4.770991271764806e-17
7935.182348398917,4.9224700392564365e-17
7935.93792813178,5.0432221553116926e-17
7936.693507864643,5.0402830390748197e-17
7937.449087597506,4.8556226268226436e-17
7938.2046673303685,4.7957005218969166e-17
7938.960247063232,4.91587457966921e-17
7939.715826796095,5.0912121243559984e-17
7940.471406528957,4.997166249223091e-17
7941.22698626182,5.082997509358677e-17
7941.982565994684,5.310367843133062e-17
7942.738145727546,5.247447851533163e-17
7943.493725460408,5.031401083930392e-17
7944.2493051932715,5.0401908433067956e-17
7945.004884926135,4.978056400139572e-17
7945.760464658997,4.9361480772027976e-17
7946.51604439186,5.1009772431089166e-17
7947.2716241247235,5.153344839838176e-17
7948.027203857586,5.2602150240573895e-17
7948.782783590449,5.151337603905903e-17
7949.538363323312,5.086710941797828e-17
7950.293943056175,4.9655110045244737e-17
7951.049522789037,4.957848401349797e-17
7951.805102521901,4.8367169300062327e-17
7952.5606822547625,4.885093137170484e-17
7953.316261987626,5.0148939063076194e-17
7954.071841720489,4.9309049898968265e-17
7954.827421453351,4.9020057847095774e-17
7955.5830011862145,5.209860899636461e-17
7956.338580919078,5.427325347852556e-17
7957.094160651941,5.529389046991188e-17
7957.849740384803,5.3128832488879533e-17
7958.605320117666,4.9876425878799016e-17
7959.36089985053,5.127200804660686e-17
7960.116479583392,5.0208442934498026e-17
7960.872059316254,4.7393665474124174e-17
7961.627639049118,4.7222356348655014e-17
7962.38321878198,5.0316989063635655e-17
7963.138798514843,5.135353007234522e-17
7963.894378247706,5.36334555545022e-17
7964.649957980569,5.3061532160507967e-17
7965.405537713432,5.1678411590874746e-17
7966.161117446295,5.150184964279261e-17
7966.916697179158,5.0494779919204876e-17
7967.672276912021,4.738450808677588e-17
7968.427856644884,4.756211503862193e-17
7969.183436377747,5.1111865385131425e-17
7969.939016110609,5.393920851561916e-17
7970.694595843472,5.4217682378724574e-17
7971.450175576336,5.241736032394721e-17
7972.205755309197,5.293595147588769e-17
7972.96133504206,5.4684286232570415e-17
7973.716914774924,5.592417800784254e-17
7974.472494507786,5.433212541780678e-17
7975.228074240649,5.125919400200949e-17
7975.983653973512,5.057781833754276e-17
7976.739233706375,5.171704645776676e-17
7977.494813439238,5.472416821432097e-17
7978.250393172101,5.637209139200143e-17
7979.005972904963,5.372468974227876e-17
7979.761552637827,5.1493304353727795e-17
7980.517132370689,5.1089123811918086e-17
7981.272712103553,5.2665883013689714e-17
7982.028291836415,5.17073708977868e-17
7982.783871569278,4.9650952119328944e-17
7983.539451302141,4.6335784612671094e-17
7984.295031035003,4.6614509184509156e-17
7985.050610767867,5.0576720277279215e-17
7985.80619050073,5.321308671605955e-17
7986.561770233592,5.4412523413594255e-17
7987.317349966455,5.2701365855223464e-17
7988.072929699319,5.1208133341815216e-17
7988.82850943218,5.1199501799443096e-17
7989.584089165044,5.245953953207102e-17
7990.339668897906,5.3386540149990485e-17
7991.095248630771,5.2055007959834856e-17
7991.850828363632,5.178418413290161e-17
7992.606408096495,5.065237095325406e-17
7993.361987829358,5.351470083685281e-17
7994.117567562221,5.745982250541142e-17
7994.873147295084,5.920546689627584e-17
7995.628727027947,5.75054379745323e-17
7996.3843067608095,5.468492952098832e-17
7997.139886493673,5.3133056719086916e-17
7997.895466226536,5.3303401094968706e-17
7998.651045959397,5.373613313895574e-17
7999.4066256922615,5.5286866553282466e-17
8000.162205425124,5.431387713651212e-17
8000.917785157986,5.117840476243214e-17
8001.673364890849,5.2266773720871303e-17
8002.428944623713,5.5165670214393204e-17
8003.184524356575,5.591579379222561e-17
8003.940104089438,5.4198647399856427e-17
8004.695683822301,5.216639359925379e-17
8005.451263555165,5.1708201553706965e-17
8006.206843288027,5.1179502307767814e-17
8006.96242302089,4.951966489218762e-17
8007.718002753753,5.059614487775302e-17
8008.473582486615,5.050088685092765e-17
8009.229162219479,5.056725041484998e-17
8009.984741952341,5.042465981320778e-17
8010.7403216852035,5.0430379796931604e-17
8011.495901418067,5.1307962635137055e-17
8012.25148115093,5.1201267033050346e-17
8013.007060883792,4.776940048391722e-17
8013.7626406166555,4.909031697707348e-17
8014.518220349519,4.943641662909421e-17
8015.273800082381,5.005510127455702e-17
8016.029379815244,5.336071054198953e-17
8016.7849595481075,5.525123128988875e-17
8017.54053928097,5.727177615494239e-17
8018.296119013832,5.62921090528773e-17
8019.051698746696,5.556601320501009e-17
8019.807278479559,5.399718373572171e-17
8020.562858212421,5.350969767403467e-17
8021.318437945284,5.2946714987781194e-17
8022.074017678147,5.4769545460863224e-17
8022.82959741101,5.5367127504620525e-17
8023.585177143873,5.5237198567016765e-17
8024.340756876736,5.116438186939543e-17
8025.096336609598,5.0978951397750143e-17
8025.851916342462,5.153661381494931e-17
8026.607496075325,5.1241282911905976e-17
8027.363075808187,4.88288373795023e-17
8028.1186555410495,4.897619887448647e-17
8028.874235273914,4.881494788980614e-17
8029.629815006776,4.830541297088314e-17
8030.385394739638,4.597147724607997e-17
8031.1409744725015,4.469453815415474e-17
8031.896554205365,4.614556856220821e-17
8032.652133938227,4.7673711276540095e-17
8033.40771367109,4.7017819024831376e-17
8034.1632934039535,4.7674857561270057e-17
8034.918873136816,4.7887554664370595e-17
8035.674452869679,5.1510075261400194e-17
8036.430032602542,5.14908193072884e-17
8037.185612335405,5.117168816828495e-17
8037.941192068267,5.4081993629504763e-17
8038.696771801131,5.508134656707784e-17
8039.452351533992,5.362397283952848e-17
8040.207931266856,5.300051383211703e-17
8040.963510999719,5.19714433507589e-17
8041.719090732581,5.327098285873335e-17
8042.474670465444,5.218004106675264e-17
8043.230250198308,5.1859155640833096e-17
8043.985829931171,5.179534484861853e-17
8044.741409664033,5.26968832186482e-17
8045.496989396896,5.384926278158236e-17
8046.25256912976,5.4310199371321267e-17
8047.008148862622,5.437675534923458e-17
8047.763728595484,5.1925267574984503e-17
8048.519308328348,4.562920052095966e-17
8049.27488806121,4.5477076877521635e-17
8050.030467794073,4.5558320518589654e-17
8050.786047526936,4.647623987574172e-17
8051.541627259799,4.462633343822522e-17
8052.297206992662,4.4353637428288224e-17
8053.052786725525,4.5875630585737305e-17
8053.808366458388,4.900298780084067e-17
8054.563946191251,4.8757494394147205e-17
8055.319525924114,4.665547950274829e-17
8056.075105656975,4.698165331514654e-17
8056.830685389839,4.736067461971934e-17
8057.586265122702,4.6278299659676976e-17
8058.341844855566,4.673403940135902e-17
8059.097424588427,4.746328098962944e-17
8059.85300432129,4.878662787738986e-17
8060.608584054154,4.894817912571646e-17
8061.364163787016,4.747554271434069e-17
8062.119743519879,4.7993588102553486e-17
8062.875323252742,4.688261312009719e-17
8063.630902985605,4.873712545233865e-17
8064.386482718468,4.7964463411758814e-17
8065.142062451331,5.0208706686260645e-17
8065.897642184193,4.8849174059800945e-17
8066.653221917057,5.1559338111235205e-17
8067.408801649919,5.313351043162911e-17
8068.164381382783,5.222580379292074e-17
8068.919961115645,5.051836278676402e-17
8069.675540848508,4.7341878718602236e-17
8070.431120581371,4.7188705717828863e-17
8071.186700314233,4.71942111656348e-17
8071.942280047097,4.6860982268462675e-17
8072.69785977996,4.732956031056452e-17
8073.453439512822,4.572754491725711e-17
8074.209019245685,4.748994316470914e-17
8074.964598978549,5.0402572177527364e-17
8075.72017871141,5.007452263191068e-17
8076.475758444274,4.88531853419786e-17
8077.231338177136,4.744398030281124e-17
8077.986917910001,4.831788015555314e-17
8078.742497642862,4.665256959140759e-17
8079.498077375725,4.776582042220695e-17
8080.2536571085875,4.505687098934381e-17
8081.009236841451,4.627755852510476e-17
8081.764816574314,4.5744407830273406e-17
8082.520396307177,4.716456700586342e-17
8083.2759760400395,4.800280566439901e-17
8084.031555772903,4.845378266898942e-17
8084.787135505766,4.49579907386878e-17
8085.542715238627,4.418936683057641e-17
8086.2982949714915,4.598174213220281e-17
8087.053874704354,4.7319585282563276e-17
8087.809454437216,4.691175152238832e-17
8088.565034170079,4.899603384251838e-17
8089.320613902943,4.89910124046886e-17
8090.076193635805,4.7335474664017396e-17
8090.831773368668,4.812698325442112e-17
8091.587353101531,4.929066324557338e-17
8092.342932834395,5.0120860200397504e-17
8093.098512567257,4.903630659585738e-17
8093.85409230012,4.642154984221485e-17
8094.609672032983,4.5847433529915993e-17
8095.365251765845,4.6391533208434147e-17
8096.120831498709,4.791213339802592e-17
8096.876411231571,4.735532404893967e-17
8097.6319909644335,4.9790613973749744e-17
8098.387570697297,4.9158968962452914e-17
8099.14315043016,4.875140765342213e-17
8099.898730163022,4.962316905809522e-17
8100.6543098958855,4.793105685197357e-17
8101.409889628749,4.788433447568682e-17
8102.165469361612,4.841698680956095e-17
8102.921049094474,4.8407512212066927e-17
8103.6766288273375,4.793919914695609e-17
8104.4322085602,4.9487393303032784e-17
8105.187788293062,4.683635113954542e-17
8105.943368025926,4.51373273160362e-17
8106.698947758789,4.600220504124111e-17
8107.454527491651,4.7158246966765995e-17
8108.210107224514,4.692054790696474e-17
8108.965686957377,4.8313898530989487e-17
8109.72126669024,5.021558077176608e-17
8110.476846423103,4.8244758455300476e-17
8111.232426155966,4.661617211259765e-17
8111.988005888828,4.801345722901879e-17
8112.743585621692,4.969755406511466e-17
8113.499165354555,4.7115021738895916e-17
8114.254745087417,4.7003660284191646e-17
8115.0103248202795,4.819857291806871e-17
8115.765904553144,4.900383349545413e-17
8116.521484286006,4.8561573134893377e-17
8117.277064018868,4.8605577065691166e-17
8118.0326437517315,5.010058515090764e-17
8118.788223484595,5.086603031901361e-17
8119.543803217457,5.0451380347074556e-17
8120.29938295032,4.9320879799836506e-17
8121.0549626831835,4.995795168365047e-17
8121.810542416046,4.790527584942751e-17
8122.566122148909,4.789177396607631e-17
8123.321701881772,4.769051429813979e-17
8124.077281614635,4.808190571263646e-17
8124.832861347497,4.8635124918064755e-17
8125.588441080361,4.9311022796330885e-17
8126.344020813223,4.866190617954013e-17
8127.099600546086,4.8823186964775086e-17
8127.855180278949,4.91140949557445e-17
8128.610760011811,4.863810433660483e-17
8129.366339744674,4.733805505660624e-17
8130.121919477538,4.4163990336455926e-17
8130.877499210401,4.564964025900599e-17
8131.633078943263,4.9573557888592713e-17
8132.388658676126,4.911715016702409e-17
8133.14423840899,4.5740944939308667e-17
8133.899818141852,4.322657503195561e-17
8134.655397874714,4.437784733558377e-17
8135.410977607578,4.6790747535957987e-17
8136.16655734044,4.912792880480271e-17
8136.922137073303,4.984627745343265e-17
8137.677716806166,5.0132047621596895e-17
8138.433296539029,5.044703348602562e-17
8139.188876271892,5.015980001525295e-17
8139.944456004755,5.031919765493662e-17
8140.700035737618,4.819187011425409e-17
8141.455615470481,4.452026724875134e-17
8142.211195203344,4.587403934071261e-17
8142.966774936205,4.927470166625045e-17
8143.722354669069,4.7397065642535603e-17
8144.477934401932,4.746992338704079e-17
8145.233514134796,5.0393428650694544e-17
8145.989093867657,4.816280088361363e-17
8146.74467360052,4.716980297133237e-17
8147.500253333384,4.642035638313955e-17
8148.255833066246,4.492827058970615e-17
8149.011412799109,4.4269807165225366e-17
8149.766992531972,4.3183135656549644e-17
8150.522572264835,4.620287256254902e-17
8151.278151997698,5.05741615676447e-17
8152.033731730561,4.9433657659490564e-17
8152.789311463423,4.759022515480447e-17
8153.544891196287,4.689421105409373e-17
8154.300470929149,4.172685413249892e-17
8155.056050662013,4.247620188732993e-17
8155.811630394875,4.8723395821865624e-17
8156.567210127738,4.991297239970659e-17
8157.322789860601,4.7563152862718394e-17
8158.078369593463,4.45608854749188e-17
8158.833949326327,4.641464685455336e-17
8159.58952905919,5.02037993415902e-17
8160.345108792052,4.8684490433157035e-17
8161.100688524915,4.2099905511666345e-17
8161.8562682577785,3.661857260195102e-17
8162.61184799064,3.9413839369240244e-17
8163.367427723504,4.479352874200272e-17
8164.123007456366,4.05318454813311e-17
8164.8785871892305,3.799825708238164e-17
8165.634166922092,4.442420397179022e-17
8166.389746654955,4.7942681848972773e-17
8167.1453263878175,4.856883723951779e-17
8167.900906120681,4.676362750880384e-17
8168.656485853544,4.4140540863080214e-17
8169.412065586407,4.0619970966478953e-17
8170.1676453192695,4.3417194901550416e-17
8170.923225052133,5.149858735932433e-17
8171.678804784996,5.247957697949281e-17
8172.434384517857,4.979276241604498e-17
8173.1899642507215,5.1278152790853784e-17
8173.945543983584,5.2025090474584416e-17
8174.701123716446,4.888178566862162e-17
8175.456703449309,4.798914432045187e-17
8176.2122831821725,4.606443885258701e-17
8176.967862915035,3.9306301551995896e-17
8177.723442647898,3.957104208308821e-17
8178.479022380761,4.219986613699807e-17
8179.2346021136245,4.406375092447227e-17
8179.990181846487,4.892984405692128e-17
8180.74576157935,4.7994727424551646e-17
8181.501341312213,4.2850179855552876e-17
8182.256921045075,4.09997601158023e-17
8183.012500777939,4.4533326290533243e-17
8183.768080510801,4.4240646647761226e-17
8184.5236602436635,4.734689938504408e-17
8185.279239976527,4.7543681249412035e-17
8186.03481970939,4.438539586664042e-17
8186.790399442252,4.1934259973883664e-17
8187.5459791751155,4.4997199633050494e-17
8188.301558907979,4.3474701280130276e-17
8189.057138640842,4.119084529515355e-17
8189.812718373704,4.0496508126137924e-17
8190.568298106567,5.0992207529478106e-17
8191.32387783943,5.1978254373704545e-17
8192.079457572292,4.8996711489211705e-17
8192.835037305156,4.304484039264799e-17
8193.590617038019,3.9336852348397995e-17
8194.34619677088,4.79961411342592e-17
8195.101776503745,4.960911042166461e-17
8195.857356236607,5.0660365212763504e-17
8196.61293596947,5.083773407835732e-17
8197.368515702332,4.744921997265473e-17
8198.124095435196,4.290772580969508e-17
8198.879675168058,5.108964737484938e-17
8199.63525490092,4.6935200115499756e-17
8200.390834633785,4.290420302030036e-17
8201.146414366647,4.0512498421176457e-17
8201.90199409951,4.430238493733634e-17
8202.657573832374,4.598358230118222e-17
8203.413153565236,4.6955974945645795e-17
8204.168733298098,4.9784136680100974e-17
8204.924313030962,5.180089102151247e-17
8205.679892763825,5.345047823180404e-17
8206.435472496687,5.404664134661684e-17
8207.191052229551,5.140354193882543e-17
8207.946631962413,4.9177315725204435e-17
8208.702211695276,4.9528066674477626e-17
8209.457791428138,5.2081447110471515e-17
8210.213371161002,5.3506938753459496e-17
8210.968950893865,5.4552331707549074e-17
8211.724530626727,5.1394709496845025e-17
8212.480110359591,5.0655648417260184e-17
8213.235690092453,5.3623572169743364e-17
8213.991269825316,5.3104557707519674e-17
8214.74684955818,5.291955844323797e-17
8215.502429291042,5.332282498974334e-17
8216.258009023904,5.2051225291094726e-17
8217.013588756767,5.1150432773179923e-17
8217.76916848963,4.9567183538247706e-17
8218.524748222493,4.7407688103933235e-17
8219.280327955355,5.448919605988436e-17
8220.03590768822,5.384630424128382e-17
8220.791487421082,5.204963011847549e-17
8221.547067153944,4.8261737354837935e-17
8222.302646886808,5.027492624995928e-17
8223.05822661967,5.180822013803534e-17
8223.813806352533,4.790099886027162e-17
8224.569386085397,5.109173211590317e-17
8225.324965818258,5.27238945238712e-17
8226.080545551122,4.959682099873401e-17
8226.836125283986,4.186337110298311e-17
8227.591705016848,3.821839413753684e-17
8228.34728474971,3.090439532218911e-17
8229.102864482573,4.1683880144467085e-17
8229.858444215435,4.5898310357279566e-17
8230.6140239483,4.440153671577753e-17
8231.369603681162,3.613621174613617e-17
8232.125183414026,4.1818292497909266e-17
8232.880763146888,4.936941227875317e-17
8233.63634287975,4.635242734290841e-17
8234.391922612615,4.585987590779031e-17
8235.147502345477,5.005862996925805e-17
8235.90308207834,4.9345295220676535e-17
8236.658661811201,4.942071387319174e-17
8237.414241544064,4.683591784184764e-17
8238.169821276928,4.9638119437956724e-17
8238.92540100979,5.3071577816999174e-17
8239.680980742653,5.295853280400989e-17
8240.436560475517,5.611863110338645e-17
8241.192140208379,5.577441213472131e-17
8241.947719941243,5.5110719269038616e-17
8242.703299674105,5.232824400129418e-17
8243.458879406968,4.410770229681208e-17
8244.214459139832,5.010096668677449e-17
8244.970038872692,5.40404036535633e-17
8245.725618605557,5.4186957539366666e-17
8246.48119833842,5.1966436453384246e-17
8247.236778071281,5.189137984439655e-17
8247.992357804145,5.486431290489685e-17
8248.747937537008,5.761789848098484e-17
8249.50351726987,5.820414641615429e-17
8250.259097002734,5.595833151840903e-17
8251.014676735596,5.3829442501161154e-17
8251.77025646846,5.183847892507525e-17
8252.525836201323,4.912472135867618e-17
8253.281415934185,4.89405923331607e-17
8254.036995667047,5.2009380728153554e-17
8254.792575399912,5.265697668978238e-17
8255.548155132774,5.121632494640901e-17
8256.303734865636,4.3773331402111154e-17
8257.059314598499,4.6977030676885335e-17
8257.814894331363,5.294303140882151e-17
8258.570474064225,5.3997410651445403e-17
8259.326053797087,5.1212873279626874e-17
8260.081633529951,5.1297861075919586e-17
8260.837213262814,5.324239129873727e-17
8261.592792995676,5.388938183230567e-17
8262.34837272854,5.1330688030692245e-17
8263.103952461403,4.972125242025745e-17
8263.859532194265,5.1827001047649875e-17
8264.615111927127,5.311485832949755e-17
8265.370691659991,5.418086438264869e-17
8266.126271392855,5.5211910598374856e-17
8266.881851125716,5.565048358499849e-17
8267.63743085858,5.521172540302947e-17
8268.393010591442,5.405865768004745e-17
8269.148590324305,5.254576630653349e-17
8269.904170057169,5.318052257129967e-17
8270.659749790031,5.3892848610799266e-17
8271.415329522893,5.1975844120072066e-17
8272.170909255758,5.113073881160645e-17
8272.92648898862,5.367574843265686e-17
8273.682068721482,5.058767380899517e-17
8274.437648454346,4.4366518514164774e-17
8275.193228187209,4.735678190788041e-17
8275.948807920071,4.91804374475976e-17
8276.704387652933,4.5327435319293985e-17
8277.459967385797,4.655730224383507e-17
8278.21554711866,5.1255269184293574e-17
8278.971126851522,4.9415375380154084e-17
8279.726706584386,4.9005466035606246e-17
8280.482286317249,5.268793292356634e-17
8281.23786605011,5.265216075990766e-17
8281.993445782975,4.56049852048271e-17
8282.749025515837,4.804444351155683e-17
8283.5046052487,5.268901888588906e-17
8284.260184981562,5.192754053239369e-17
8285.015764714426,5.1854692069841526e-17
8285.771344447288,5.0323651535210564e-17
8286.52692418015,5.0213049233110374e-17
8287.282503913015,4.7012860152665134e-17
8288.038083645877,4.3629091518419164e-17
8288.79366337874,4.6344001075702236e-17
8289.549243111604,4.787392082280976e-17
8290.304822844466,4.78650539258231e-17
8291.060402577328,5.0982129550017146e-17
8291.815982310192,5.186110369868035e-17
8292.571562043053,5.1733104126591294e-17
8293.327141775917,4.855201053726089e-17
8294.082721508781,4.247603877211087e-17
8294.838301241643,4.201934293880039e-17
8295.593880974506,4.778079804530181e-17
8296.349460707368,5.0557730718433133e-17
8297.105040440232,5.3972220215649075e-17
8297.860620173095,5.4376379534768986e-17
8298.616199905957,5.3631196962411886e-17
8299.371779638821,5.1641877780976817e-17
8300.127359371683,4.625205297517851e-17
8300.882939104546,4.6664696676218295e-17
8301.63851883741,5.299963419356865e-17
8302.394098570272,5.355182794019187e-17
8303.149678303134,5.314155405602268e-17
8303.905258035997,5.2452945403636706e-17
8304.66083776886,4.750980683217066e-17
8305.416417501723,4.6317115988212954e-17
8306.171997234585,4.992912020327854e-17
8306.92757696745,5.075405727594237e-17
8307.683156700312,5.158506658395704e-17
8308.438736433174,5.173033433102416e-17
8309.194316166038,5.0884028552058543e-17
8309.9498958989,4.807273734960086e-17
8310.705475631763,4.8373818118046863e-17
8311.461055364627,4.7797629131066523e-17
8312.216635097488,4.625477650054233e-17
8312.972214830352,4.83939701071774e-17
8313.727794563216,4.63173251560324e-17
8314.483374296078,4.7132351244473644e-17
8315.23895402894,4.786087252376714e-17
8315.994533761803,4.6248401136678514e-17
8316.750113494665,4.877298213087622e-17
8317.50569322753,4.946727575582095e-17
8318.261272960392,4.494671465915506e-17
8319.016852693256,4.8998736212977686e-17
8319.772432426118,5.353436507168281e-17
8320.52801215898,5.272861774374397e-17
8321.283591891844,4.596298148631245e-17
8322.039171624707,4.40681927936231e-17
8322.79475135757,5.082923464773509e-17
8323.550331090431,5.1504425524523856e-17
8324.305910823294,5.4499260533952e-17
8325.061490556158,5.289285012784548e-17
8325.81707028902,5.246772150876267e-17
8326.572650021883,5.0685185432549735e-17
8327.328229754747,5.164990463302264e-17
8328.083809487609,5.119650175264871e-17
8328.839389220473,4.921541516362064e-17
8329.594968953335,4.781831855360341e-17
8330.350548686198,4.916158485947191e-17
8331.106128419062,5.2258952565307176e-17
8331.861708151922,5.032003598611981e-17
8332.617287884786,5.056066400839331e-17
8333.37286761765,5.106611851089994e-17
8334.128447350511,4.933711291553422e-17
8334.884027083375,4.84188858997771e-17
8335.639606816238,4.90723844484656e-17
8336.3951865491,5.2576500535579927e-17
8337.150766281964,5.271892192410603e-17
8337.906346014826,5.1612039727579864e-17
8338.66192574769,5.0017803398093056e-17
8339.417505480553,4.89793413440911e-17
8340.173085213415,5.698917472568145e-17
8340.928664946277,5.625099466711566e-17
8341.684244679142,5.3315889993168696e-17
8342.439824412004,5.295824903075515e-17
8343.195404144866,5.296286573371245e-17
8343.950983877729,5.389271548736358e-17
8344.706563610593,5.5285753119002304e-17
8345.462143343455,5.248019809931064e-17
8346.217723076317,5.3741156511122747e-17
8346.973302809181,5.5479639038609995e-17
8347.728882542044,5.796968322208593e-17
8348.484462274906,5.690558056430109e-17
8349.24004200777,5.271705885679775e-17
8349.995621740632,5.313706366956689e-17
8350.751201473495,5.353056463883157e-17
8351.506781206357,5.427735031811703e-17
8352.262360939221,5.217892194610327e-17
8353.017940672085,5.438987328796965e-17
8353.773520404946,5.5049695953880686e-17
8354.52910013781,5.773212015627818e-17
8355.284679870672,5.759798916662754e-17
8356.040259603535,5.740551334319168e-17
8356.795839336399,5.35965373861556e-17
8357.551419069261,5.258587381404697e-17
8358.306998802123,5.4400988103664475e-17
8359.062578534988,5.733841892167368e-17
8359.81815826785,5.808188153051384e-17
8360.573738000712,5.954272443904322e-17
8361.329317733576,5.515233465821731e-17
8362.084897466439,5.029482859751306e-17
8362.840477199301,4.965695331899921e-17
8363.596056932163,5.0792689753600736e-17
8364.351636665027,5.1964476876253086e-17
8365.10721639789,5.2288613583731767e-17
8365.862796130752,5.09742987546793e-17
8366.618375863616,4.947288881124646e-17
8367.373955596478,5.0275061352946856e-17
8368.12953532934,5.241283633115008e-17
8368.885115062205,5.175643241070063e-17
8369.640694795067,4.9561684642489695e-17
8370.39627452793,4.6520629311340755e-17
8371.151854260792,4.839483723024705e-17
8371.907433993656,5.4044544303751304e-17
8372.663013726518,5.741505450538797e-17
8373.41859345938,5.594566508863392e-17
8374.174173192245,5.5266170424437916e-17
8374.929752925107,5.563647733507578e-17
8375.68533265797,5.344554372233746e-17
8376.440912390834,4.947786517171772e-17
8377.196492123696,5.062561408865452e-17
8377.952071856558,5.259933803907094e-17
8378.707651589422,5.401233798180816e-17
8379.463231322283,5.692677580636815e-17
8380.218811055147,5.84462792078842e-17
8380.974390788011,5.672654044235107e-17
8381.729970520873,5.731011226103523e-17
8382.485550253736,5.879988447513981e-17
8383.241129986598,5.753835370176814e-17
8383.996709719462,5.5200387984432777e-17
8384.752289452324,5.320591441629864e-17
8385.507869185187,5.526068190010602e-17
8386.263448918051,5.745236048804573e-17
8387.019028650913,5.643585875688258e-17
8387.774608383776,5.691130370035379e-17
8388.53018811664,5.852704615808566e-17
8389.285767849502,5.74242464446208e-17
8390.041347582364,5.670849508404575e-17
8390.796927315227,5.664985622591574e-17
8391.55250704809,5.52134080894624e-17
8392.308086780953,5.5264113582992134e-17
8393.063666513815,5.483702505301999e-17
8393.81924624668,5.606449419734225e-17
8394.574825979542,6.023498422609592e-17
8395.330405712404,6.176927921021246e-17
8396.085985445268,6.072369267429694e-17
8396.84156517813,5.95730668862433e-17
8397.597144910993,5.908699459197028e-17
8398.352724643857,5.746887663961137e-17
8399.108304376718,5.613910049849818e-17
8399.863884109582,5.615112135714177e-17
8400.619463842446,5.543914372347886e-17
8401.375043575308,5.730675435815123e-17
8402.13062330817,5.851924744090648e-17
8402.886203041033,6.051908928121434e-17
8403.641782773895,6.300614781205447e-17
8404.39736250676,6.237052206800682e-17
8405.152942239622,5.561924980206809e-17
8405.908521972486,5.2412396050945585e-17
8406.664101705348,5.4788145905809873e-17
8407.41968143821,5.863326401747258e-17
8408.175261171074,5.905385973443457e-17
8408.930840903937,5.770066310252056e-17
8409.686420636799,5.889526567007598e-17
8410.442000369661,6.024131672403441e-17
8411.197580102524,6.022627843429922e-17
8411.953159835388,6.071703005980455e-17
8412.70873956825,5.839993496843976e-17
8413.464319301112,5.590079683570245e-17
8414.219899033977,5.162539012795841e-17
8414.975478766839,5.035042986936742e-17
8415.731058499703,5.392044766940071e-17
8416.486638232565,5.707918807579348e-17
8417.242217965428,5.924327727263879e-17
8417.997797698292,5.725514402823359e-17
8418.753377431152,5.537673020268933e-17
8419.508957164016,5.626809870109306e-17
8420.26453689688,5.575499355709905e-17
8421.020116629741,5.585221523247321e-17
8421.775696362605,5.707999385970264e-17
8422.531276095468,5.589325114276527e-17
8423.28685582833,5.316864635763507e-17
8424.042435561194,5.3480227269544373e-17
8424.798015294056,5.59429538697279e-17
8425.55359502692,5.771839296354172e-17
8426.309174759783,5.761028732426544e-17
8427.064754492645,5.760483596009804e-17
8427.820334225507,5.973400868541622e-17
8428.575913958372,6.060415012960349e-17
8429.331493691234,5.843672453417281e-17
8430.087073424096,6.006857476653904e-17
8430.842653156958,6.441473571715963e-17
8431.598232889823,6.443263582103488e-17
8432.353812622685,6.463118674201897e-17
8433.109392355547,6.300081978060891e-17
8433.864972088411,6.188081998481148e-17
8434.620551821274,5.672937991860167e-17
8435.376131554136,5.667913779525764e-17
8436.131711287,5.860316700019379e-17
8436.887291019862,6.009564036675355e-17
8437.642870752725,6.056421612813016e-17
8438.398450485587,5.969401816027206e-17
8439.154030218451,5.939328440371804e-17
8439.909609951315,6.264713649537525e-17
8440.665189684176,6.666076121835989e-17
8441.42076941704,6.754275307394892e-17
8442.176349149902,6.646907211863104e-17
8442.931928882765,6.439445579367538e-17
8443.687508615629,6.350581669372808e-17
8444.443088348491,5.897185088000568e-17
8445.198668081353,5.794331229752664e-17
8445.954247814218,5.968580690582868e-17
8446.70982754708,5.906907228963416e-17
8447.465407279942,5.721414232817175e-17
8448.220987012806,5.631443757720643e-17
8448.976566745669,5.719364311910418e-17
8449.732146478531,5.852385443422718e-17
8450.487726211393,5.633413066767876e-17
8451.243305944257,5.654905287303036e-17
8451.99888567712,5.737548103107048e-17
8452.754465409982,6.210396627135051e-17
8453.510045142846,6.309899752836803e-17
8454.265624875708,6.306799496431742e-17
8455.02120460857,6.097016211840332e-17
8455.776784341435,5.788918046857447e-17
8456.532364074297,5.730826580506786e-17
8457.28794380716,5.91007168357587e-17
8458.043523540022,6.278518142579521e-17
8458.799103272886,6.190449480073097e-17
8459.554683005748,6.104511763794407e-17
8460.31026273861,6.023292708184106e-17
8461.065842471475,6.107295674281346e-17
8461.821422204337,6.211509795712408e-17
8462.5770019372,6.330278578119785e-17
8463.332581670064,6.42149451406935e-17
8464.088161402926,6.225412988446831e-17
8464.843741135788,6.159777771524656e-17
8465.599320868652,6.281810828364078e-17
8466.354900601513,6.168684767955834e-17
8467.110480334377,6.065994146386e-17
8467.866060067241,6.031358123495176e-17
8468.621639800103,6.269478423815142e-17
8469.377219532966,6.293157035364116e-17
8470.132799265828,6.157401361526176e-17
8470.888378998692,6.248381263187563e-17
8471.643958731554,6.187108662903928e-17
8472.399538464417,6.223681523231386e-17
8473.15511819728,6.330044940246785e-17
8473.910697930143,6.161759702570186e-17
8474.666277663006,5.946650186690805e-17
8475.42185739587,5.599561549924048e-17
8476.177437128732,4.9934823754622705e-17
8476.933016861594,4.8926508705325766e-17
8477.688596594457,4.9417384229958345e-17
8478.44417632732,5.0872415865685947e-17
8479.199756060183,4.941193909055339e-17
8479.955335793045,4.97011907907192e-17
8480.71091552591,5.0171840706290667e-17
8481.466495258772,4.891282463711596e-17
8482.222074991634,4.78092841999334e-17
8482.977654724498,4.66852624378539e-17
8483.73323445736,4.7943340271520363e-17
8484.488814190223,4.9345353070417397e-17
8485.244393923087,4.530823718636538e-17
8485.999973655948,4.342633937903539e-17
8486.755553388812,5.009122409278409e-17
8487.511133121676,5.597669094855288e-17
8488.266712854538,5.95305368305333e-17
8489.0222925874,5.83809023201185e-17
8489.777872320263,5.710261119973999e-17
8490.533452053125,5.654857588192402e-17
8491.28903178599,5.811512816206606e-17
8492.044611518852,5.805250948080547e-17
8492.800191251716,5.604185274997209e-17
8493.555770984578,5.569528987457122e-17
8494.31135071744,5.5181481930089025e-17
8495.066930450304,5.722015638708293e-17
8495.822510183167,5.721105751814141e-17
8496.578089916029,5.61855043606229e-17
8497.333669648891,5.615582554064701e-17
8498.089249381754,5.756719597677787e-17
8498.844829114618,5.814683292894369e-17
8499.60040884748,5.829411505701793e-17
8500.355988580342,5.552911294297998e-17
8501.111568313207,5.583328607028923e-17
8501.867148046069,5.430523899646332e-17
8502.622727778933,5.541059341757316e-17
8503.378307511795,5.845865450081257e-17
8504.133887244658,5.989815185777783e-17
8504.889466977522,5.998533885156117e-17
8505.645046710382,5.97753018820726e-17
8506.400626443246,6.067783917244978e-17
8507.15620617611,6.048403267938722e-17
8507.911785908971,6.090177409140077e-17
8508.667365641835,6.016719070560335e-17
8509.422945374698,6.089998404297164e-17
8510.17852510756,5.996349411040657e-17
8510.934104840424,5.817255834276068e-17
8511.689684573286,5.808488181736269e-17
8512.44526430615,5.791466442491188e-17
8513.200844039013,5.856032818639608e-17
8513.956423771875,5.813349701495565e-17
8514.712003504737,5.695092604805908e-17
8515.467583237602,5.0393985613265264e-17
8516.223162970464,5.000366669309852e-17
8516.978742703326,4.846815613656889e-17
8517.734322436188,4.7590255942166566e-17
8518.489902169053,4.48086352403966e-17
8519.245481901915,4.183314408571705e-17
8520.001061634777,3.8985413588040736e-17
8520.756641367641,3.8651326517545613e-17
8521.512221100504,4.118617697907514e-17
8522.267800833366,4.1503842501899165e-17
8523.02338056623,4.095647767636932e-17
8523.778960299092,4.134368915688225e-17
8524.534540031955,4.0760370240661405e-17
8525.290119764817,3.9966290959767776e-17
8526.045699497681,3.943084766432064e-17
8526.801279230545,3.942797521450502e-17
8527.556858963406,3.9323543310135714e-17
8528.31243869627,3.9028557574359086e-17
8529.068018429132,3.595707856494059e-17
8529.823598161995,3.2875972435218596e-17
8530.579177894859,3.674823124439752e-17
8531.334757627721,4.2798505085156775e-17
8532.090337360583,4.7396924680719694e-17
8532.845917093447,4.8221282141713546e-17
8533.60149682631,4.6773729410464333e-17
8534.357076559172,4.7005014323249495e-17
8535.112656292036,4.961025900609927e-17
8535.868236024899,5.296555513117914e-17
8536.62381575776,5.5430900523616126e-17
8537.379395490623,5.950054760697985e-17
8538.134975223487,5.952611829488461e-17
8538.89055495635,5.851833240498317e-17
8539.646134689212,5.777293624736926e-17
8540.401714422076,5.83865556216002e-17
8541.157294154938,6.059593633330382e-17
8541.9128738878,6.202263641395983e-17
8542.668453620665,6.016560894133844e-17
8543.424033353527,5.839114486964864e-17
8544.17961308639,6.019512905776798e-17
8544.935192819252,6.083187085926424e-17
8545.690772552116,6.226203149954723e-17
8546.446352284978,6.308216941035485e-17
8547.20193201784,6.317429356482781e-17
8547.957511750705,6.242427516671267e-17
8548.713091483567,6.317933135285386e-17
8549.46867121643,6.615542151399862e-17
8550.224250949293,6.611256127594481e-17
8550.979830682156,6.750856967738367e-17
8551.735410415018,6.701646683065253e-17
8552.490990147882,6.670580629676405e-17
8553.246569880743,6.657478767687363e-17
8554.002149613607,6.382295015858155e-17
8554.757729346471,6.452133003990631e-17
8555.513309079333,6.522638184921312e-17
8556.268888812196,6.509580236081331e-17
8557.024468545058,6.622000417690335e-17
8557.780048277922,6.730845157876404e-17
8558.535628010784,7.003587990211553e-17
8559.291207743647,7.260754155153748e-17
8560.04678747651,7.043272448034824e-17
8560.802367209373,6.711010258688204e-17
8561.557946942236,6.556107226993984e-17
8562.3135266751,6.537550451335598e-17
8563.069106407962,6.450648832454995e-17
8563.824686140824,6.472759994642297e-17
8564.580265873687,6.607926197323087e-17
8565.33584560655,6.629236786483645e-17
8566.091425339413,6.642023359215344e-17
8566.847005072275,6.703222344314153e-17
8567.60258480514,6.544528327116262e-17
8568.358164538002,6.467478388799174e-17
8569.113744270864,6.617549323228303e-17
8569.869324003728,6.569135739803156e-17
8570.62490373659,6.624413407084551e-17
8571.380483469453,6.908059823564886e-17
8572.136063202317,6.979660896231707e-17
8572.891642935178,7.012959319566679e-17
8573.647222668042,7.128484766054939e-17
8574.402802400906,7.168346234471789e-17
8575.158382133768,6.99615415563537e-17
8575.91396186663,6.780352496058699e-17
8576.669541599493,6.825628175995208e-17
8577.425121332355,6.995423086326996e-17
8578.18070106522,7.320943776632959e-17
8578.936280798081,7.443547717472977e-17
8579.691860530946,7.45171807082126e-17
8580.447440263808,7.420830301231695e-17
8581.20301999667,6.95719738550265e-17
8581.958599729534,6.706107424346297e-17
8582.714179462397,6.70103754864714e-17
8583.469759195259,6.593346977969804e-17
8584.225338928121,6.555604545444273e-17
8584.980918660984,6.642152959506163e-17
8585.736498393848,6.837406779300119e-17
8586.49207812671,6.978274372489267e-17
8587.247657859572,6.735571484734821e-17
8588.003237592437,6.708125307665246e-17
8588.758817325299,6.472968328845909e-17
8589.514397058163,6.37989118874213e-17
8590.269976791025,6.223446207995e-17
8591.025556523888,6.097114016881891e-17
8591.781136256752,6.124122743726841e-17
8592.536715989612,6.230018754052605e-17
8593.292295722476,6.187212617044423e-17
8594.04787545534,6.382248910614696e-17
8594.803455188201,6.483621188681629e-17
8595.559034921065,6.467210106323713e-17
8596.314614653927,6.641760150731955e-17
8597.07019438679,6.416968419392135e-17
8597.825774119654,6.073228490093433e-17
8598.581353852516,6.208918490299559e-17
8599.336933585379,6.376154032022107e-17
8600.092513318243,6.227525224280914e-17
8600.848093051105,6.136190290335065e-17
8601.603672783967,6.188393149653856e-17
8602.359252516831,6.444589018010978e-17
8603.114832249694,6.668065863905089e-17
8603.870411982556,6.864284634069983e-17
8604.625991715418,6.608917014561034e-17
8605.381571448283,6.560534455184085e-17
8606.137151181145,6.583141718097372e-17
8606.892730914007,6.57737851686247e-17
8607.648310646871,6.423559175103327e-17
8608.403890379734,6.410182710325627e-17
8609.159470112596,6.41335486054531e-17
8609.91504984546,6.294919137612527e-17
8610.670629578322,6.333812950877646e-17
8611.426209311185,6.644990250196795e-17
8612.181789044047,6.76591879498559e-17
8612.937368776911,6.774142978236197e-17
8613.692948509775,6.675239066034213e-17
8614.448528242636,6.908666869233365e-17
8615.2041079755,6.934732194555605e-17
8615.959687708362,7.017257394229134e-17
8616.715267441225,6.926079916570764e-17
8617.470847174089,7.014555312431507e-17
8618.226426906951,6.927159467460952e-17
8618.982006639813,7.048608093008411e-17
8619.737586372677,6.864724261357613e-17
8620.49316610554,6.618653304447872e-17
8621.248745838402,6.679064161032207e-17
8622.004325571266,6.558797683541329e-17
8622.759905304129,6.716820572716039e-17
8623.51548503699,7.020185244179149e-17
8624.271064769853,7.076242905860316e-17
8625.026644502717,6.975954179145714e-17
8625.78222423558,6.879152419112992e-17
8626.537803968442,6.85036118396448e-17
8627.293383701306,6.418989717224145e-17
8628.048963434168,6.339320144644826e-17
8628.80454316703,6.591039895165766e-17
8629.560122899895,6.663715154923913e-17
8630.315702632757,6.365074897371836e-17
8631.07128236562,6.477060776157646e-17
8631.826862098482,6.441258068833413e-17
8632.582441831346,6.450325855423533e-17
8633.338021564208,6.296191299805339e-17
8634.09360129707,6.277613568854144e-17
8634.849181029935,6.374323982890843e-17
8635.604760762797,6.215442394542477e-17
8636.36034049566,6.024643400096004e-17
8637.115920228523,5.878823699215569e-17
8637.871499961386,5.741553044729679e-17
8638.627079694248,5.5239464219665174e-17
8639.382659427112,5.0401350198271554e-17
8640.138239159973,4.959895847487689e-17
8640.893818892837,4.851960642650567e-17
8641.649398625701,4.6410131881666435e-17
8642.404978358563,4.5688889701882813e-17
8643.160558091426,4.5579388476019294e-17
8643.916137824288,4.612717286754461e-17
8644.671717557152,4.723362651174556e-17
8645.427297290014,4.708414308056504e-17
8646.182877022877,4.75911179855286e-17
8646.93845675574,4.8458586166871543e-17
8647.694036488603,4.8768269869895616e-17
8648.449616221465,4.8079152110718863e-17
8649.20519595433,4.4392326666521306e-17
8649.960775687192,4.242438600387858e-17
8650.716355420054,4.449118884847278e-17
8651.471935152917,4.5831802012405955e-17
8652.22751488578,4.768916621655143e-17
8652.983094618643,4.9850254158997733e-17
8653.738674351505,5.358451804357211e-17
8654.49425408437,5.776914327741803e-17
8655.249833817232,5.97838301291539e-17
8656.005413550094,6.176470714968491e-17
8656.760993282958,6.201234146278049e-17
8657.51657301582,6.218436993200402e-17
8658.272152748683,6.218685298011563e-17
8659.027732481547,6.40817658619556e-17
8659.783312214407,6.397828931970072e-17
8660.538891947272,6.192824237336839e-17
8661.294471680136,6.10698091928239e-17
8662.050051412998,6.177033113457417e-17
8662.80563114586,6.36624086043312e-17
8663.561210878723,6.86236741938938e-17
8664.316790611585,7.133357279839781e-17
8665.07237034445,6.999921815077477e-17
8665.827950077311,6.784881801801609e-17
8666.583529810176,6.3850383392362e-17
8667.339109543038,6.137287526528267e-17
8668.0946892759,6.226854010729926e-17
8668.850269008764,6.402845740746077e-17
8669.605848741627,6.56324973968137e-17
8670.361428474489,6.314432442296479e-17
8671.117008207351,6.408183229113178e-17
8671.872587940214,6.732556798363429e-17
8672.628167673078,6.905675030744308e-17
8673.38374740594,6.799150565514581e-17
8674.139327138802,6.681265824304805e-17
8674.894906871667,6.79519101235507e-17
8675.650486604529,6.651767323163048e-17
8676.406066337393,6.657190111509871e-17
8677.161646070255,6.770715939633573e-17
8677.917225803118,6.972270977578203e-17
8678.67280553598,7.318263309950157e-17
8679.428385268842,7.165992160219244e-17
8680.183965001706,6.992618802414866e-17
8680.93954473457,6.860874635652278e-17
8681.695124467431,6.808284029856058e-17
8682.450704200295,6.858874273665716e-17
8683.206283933157,6.91044147202332e-17
8683.96186366602,7.135533974296665e-17
8684.717443398884,7.078624308132569e-17
8685.473023131746,7.057361949152551e-17
8686.22860286461,7.161077249017066e-17
8686.984182597473,7.11176181258642e-17
8687.739762330335,6.849346687280752e-17
8688.495342063197,7.415674127533749e-17
8689.250921796061,7.565319963324605e-17
8690.006501528924,7.645661038652551e-17
8690.762081261786,7.194420913214727e-17
8691.517660994648,0.0
8692.273240727513,0.0
8693.028820460375,0.0
