wav,flam
6220.599904219163,6.546263196960427e-17
6221.355676241861,6.586875346336274e-17
6222.111448264558,6.436923512490273e-17
6222.867220287255,6.42043865226255e-17
6223.622992309953,6.5210837397231e-17
6224.3787643326505,6.280460295290786e-17
6225.134536355346,6.250215650556614e-17
6225.890308378044,6.295620079273136e-17
6226.646080400742,6.310992894286623e-17
6227.401852423438,6.352468645026988e-17
6228.157624446136,6.262166092628489e-17
6228.9133964688335,6.027572297133406e-17
6229.6691684915295,6.039774247613095e-17
6230.424940514227,5.859914595460494e-17
6231.180712536925,5.9434324294426e-17
6231.936484559623,6.000940405289189e-17
6232.692256582319,6.093361561748267e-17
6233.448028605017,6.107721272744606e-17
6234.203800627714,5.94856089583819e-17
6234.95957265041,6.01983717507619e-17
6235.715344673108,5.988357336559815e-17
6236.471116695806,5.76590587437729e-17
6237.226888718504,6.050727454028966e-17
6237.9826607412,5.993056163059327e-17
6238.738432763897,5.868930251343589e-17
6239.494204786595,6.116486040428059e-17
6240.249976809291,6.308968976339906e-17
6241.005748831989,6.316880408469694e-17
6241.761520854687,6.354991062298526e-17
6242.517292877383,6.199408662375733e-17
6243.2730649000805,6.239617890364046e-17
6244.028836922778,6.355575969665766e-17
6244.784608945474,6.461605504874794e-17
6245.540380968172,6.348435154122222e-17
6246.29615299087,6.420290255262668e-17
6247.051925013567,6.475550785883312e-17
6247.807697036264,6.329778275960182e-17
6248.563469058961,6.387843197428337e-17
6249.319241081658,6.325940038085002e-17
6250.075013104356,6.318264741003528e-17
6250.830785127053,6.35615828125842e-17
6251.58655714975,6.398862117065014e-17
6252.3423291724475,6.379694373955097e-17
6253.098101195144,6.360419763369226e-17
6253.853873217841,6.44423002030208e-17
6254.609645240539,6.450858472132354e-17
6255.365417263236,6.451161721179205e-17
6256.121189285933,6.465314447100679e-17
6256.876961308631,6.502418712055035e-17
6257.6327333313275,6.546536364060586e-17
6258.388505354024,6.583792245963921e-17
6259.144277376722,6.591977881297023e-17
6259.90004939942,6.632728000357604e-17
6260.655821422116,6.667043260557634e-17
6261.411593444814,6.574613099859865e-17
6262.167365467511,6.576411427622582e-17
6262.923137490207,6.608621182090573e-17
6263.678909512905,6.50987686247948e-17
6264.434681535603,6.295705614163395e-17
6265.1904535583,6.204453083722193e-17
6265.946225580997,6.23783894864287e-17
6266.7019976036945,6.412833064233821e-17
6267.457769626391,6.50755890522031e-17
6268.213541649088,6.558005435412609e-17
6268.969313671786,6.619273101630549e-17
6269.725085694483,6.408635355789803e-17
6270.48085771718,6.262806970976036e-17
6271.236629739878,6.289335031729612e-17
6271.992401762574,6.52916226624338e-17
6272.748173785271,6.64250867394717e-17
6273.503945807969,6.72134113055083e-17
6274.259717830666,6.688485742933499e-17
6275.015489853364,6.596070745097169e-17
6275.771261876061,6.501445841483586e-17
6276.5270338987575,6.394104633519338e-17
6277.282805921455,6.168794340789978e-17
6278.038577944153,6.101354502592873e-17
6278.794349966849,6.27010583601392e-17
6279.550121989547,6.350787354725836e-17
6280.305894012245,6.291318535031139e-17
6281.061666034941,6.160765126561131e-17
6281.817438057638,6.025815812090516e-17
6282.573210080336,6.108865462226589e-17
6283.328982103032,6.10709955463576e-17
6284.08475412573,6.163635290559803e-17
6284.840526148428,6.217449850282818e-17
6285.596298171124,6.103312739867519e-17
6286.352070193821,5.895201334596978e-17
6287.107842216519,6.03399627864321e-17
6287.863614239217,6.162580903532863e-17
6288.619386261913,6.343132331962249e-17
6289.375158284611,6.311855911290448e-17
6290.1309303073085,6.225703502363405e-17
6290.886702330006,6.222182935149688e-17
6291.642474352702,6.065822122816955e-17
6292.3982463754,6.11257689621485e-17
6293.154018398098,6.282174700204971e-17
6293.909790420794,6.440012928061858e-17
6294.665562443492,6.45817019317655e-17
6295.421334466189,6.19229549869552e-17
6296.177106488885,6.28935543170247e-17
6296.932878511583,6.367625056740307e-17
6297.688650534281,6.476306296845189e-17
6298.444422556977,6.345875328900275e-17
6299.200194579675,6.114573442931915e-17
6299.955966602372,6.13761335389062e-17
6300.711738625069,5.978159289441327e-17
6301.467510647766,6.40548686778634e-17
6302.223282670464,6.147024536982251e-17
6302.979054693161,6.113345544286913e-17
6303.734826715858,6.322531920023107e-17
6304.4905987385555,6.299072601546457e-17
6305.246370761252,6.27944064416076e-17
6306.00214278395,6.203185026451002e-17
6306.757914806647,6.195506792450796e-17
6307.513686829344,6.280611707203797e-17
6308.269458852042,6.263626696779641e-17
6309.025230874739,6.140740096016035e-17
6309.781002897435,6.411582123490024e-17
6310.536774920133,6.404970030691365e-17
6311.29254694283,6.15190901364981e-17
6312.048318965527,6.328262353217621e-17
6312.804090988225,6.462325055348532e-17
6313.559863010922,6.499975068475736e-17
6314.3156350336185,6.526623366353671e-17
6315.071407056316,6.448595513220972e-17
6315.827179079014,6.557103975936557e-17
6316.58295110171,6.645087823045222e-17
6317.338723124408,6.60844163066429e-17
6318.094495147106,6.461270639744161e-17
6318.8502671698025,6.288300331597339e-17
6319.606039192499,6.27283197544481e-17
6320.361811215197,6.244560835495963e-17
6321.117583237894,6.2297462254397e-17
6321.873355260591,6.395981896430135e-17
6322.629127283289,6.350913430290532e-17
6323.3848993059855,6.32039406303031e-17
6324.140671328682,6.386422406884434e-17
6324.89644335138,6.533890242937288e-17
6325.652215374077,6.367452252221342e-17
6326.407987396774,6.407663529696652e-17
6327.163759419472,6.421519723925253e-17
6327.919531442169,6.333937284026225e-17
6328.675303464866,6.352413225035416e-17
6329.431075487563,6.436122701493373e-17
6330.18684751026,6.411660178629756e-17
6330.942619532958,6.4246145307662e-17
6331.698391555656,6.482878931997532e-17
6332.454163578352,6.33580626275577e-17
6333.209935601049,6.354691880179513e-17
6333.965707623747,6.4545978362795e-17
6334.721479646443,6.36630130831558e-17
6335.477251669141,6.375929077376056e-17
6336.233023691839,6.56942833234921e-17
6336.988795714535,6.37590530405721e-17
6337.7445677372325,6.0790215889375e-17
6338.50033975993,6.227565009176254e-17
6339.256111782626,6.405192260686509e-17
6340.011883805324,6.468515482713835e-17
6340.767655828022,6.595879089242492e-17
6341.52342785072,6.529378310240304e-17
6342.279199873416,6.407155227816443e-17
6343.034971896113,6.293606300272954e-17
6343.790743918811,6.395439038144097e-17
6344.546515941507,6.406560745370374e-17
6345.302287964205,6.463643976342148e-17
6346.058059986903,6.349185603253277e-17
6346.8138320096,6.311430575264228e-17
6347.569604032296,6.386705872318789e-17
6348.325376054994,6.28919207206681e-17
6349.081148077692,6.366697958058807e-17
6349.836920100388,6.249397495368308e-17
6350.592692123086,6.382697451502204e-17
6351.3484641457835,6.413153042324302e-17
6352.1042361684795,6.444135282751405e-17
6352.860008191177,6.440332547303776e-17
6353.615780213875,6.379048707440734e-17
6354.371552236571,6.296395033762628e-17
6355.127324259269,6.364784333850718e-17
6355.883096281967,6.359322756167427e-17
6356.638868304663,6.323242298217989e-17
6357.39464032736,6.422296731205289e-17
6358.150412350058,6.524451443157714e-17
6358.906184372755,6.421763924524751e-17
6359.661956395453,6.288452725201014e-17
6360.41772841815,6.477154979790568e-17
6361.1735004408465,6.261518036997925e-17
6361.929272463544,6.063625003583025e-17
6362.685044486241,6.215441454725979e-17
6363.440816508938,6.502161945587386e-17
6364.196588531636,6.56703702350574e-17
6364.952360554333,6.494542468456447e-17
6365.70813257703,6.47908739411452e-17
6366.463904599727,6.526177355670205e-17
6367.219676622424,6.49327988974967e-17
6367.975448645121,6.451950474552587e-17
6368.731220667819,6.415821883126757e-17
6369.486992690517,6.534344983079932e-17
6370.242764713213,6.369787241987714e-17
6370.99853673591,6.389667765878935e-17
6371.754308758608,6.415565814814441e-17
6372.510080781305,6.41070779394172e-17
6373.265852804002,6.35739092010932e-17
6374.0216248267,6.319536197955559e-17
6374.777396849397,6.279165745310983e-17
6375.5331688720935,6.335691533328696e-17
6376.288940894791,6.329765629263622e-17
6377.044712917488,6.169127716324965e-17
6377.800484940185,6.146661169972193e-17
6378.556256962883,6.287968200821528e-17
6379.31202898558,6.444274883915917e-17
6380.067801008277,6.448243566507483e-17
6380.823573030974,6.239648050521245e-17
6381.579345053671,6.281826582733474e-17
6382.335117076369,6.433673421973595e-17
6383.090889099066,6.493661092229506e-17
6383.846661121763,6.259667066354359e-17
6384.6024331444605,6.133529774437736e-17
6385.358205167157,6.243229571690282e-17
6386.113977189854,6.408139079180241e-17
6386.869749212552,6.450222496799633e-17
6387.62552123525,6.478654485610151e-17
6388.381293257946,6.469914964562087e-17
6389.137065280644,6.463127210053042e-17
6389.892837303341,6.41820039800268e-17
6390.648609326037,6.394711328033547e-17
6391.404381348735,6.423780834253725e-17
6392.160153371433,6.381288326695988e-17
6392.915925394129,6.370454336569772e-17
6393.671697416827,6.389532174027806e-17
6394.427469439524,6.423060836921121e-17
6395.18324146222,6.444911280722037e-17
6395.939013484918,6.406264830010828e-17
6396.694785507616,6.210438062155879e-17
6397.450557530314,6.274041682772751e-17
6398.20632955301,6.32572788355242e-17
6398.9621015757075,6.290192840679637e-17
6399.717873598405,6.319505153064357e-17
6400.473645621103,6.373496903177654e-17
6401.229417643799,6.36238083606065e-17
6401.985189666497,6.379412503522653e-17
6402.740961689195,6.32541292781939e-17
6403.496733711891,6.256142350911252e-17
6404.252505734588,6.307739491243419e-17
6405.008277757286,6.175009411046267e-17
6405.764049779982,6.040489718809952e-17
6406.51982180268,6.145014833271978e-17
6407.275593825378,6.077005836520102e-17
6408.031365848074,6.161076384599721e-17
6408.787137870771,6.347718372953583e-17
6409.542909893469,6.44856332935285e-17
6410.298681916166,6.369262876692822e-17
6411.054453938863,6.36368282897619e-17
6411.810225961561,6.230875457975401e-17
6412.565997984258,6.372035281568007e-17
6413.3217700069545,6.583148081176773e-17
6414.077542029652,6.573277550456905e-17
6414.833314052349,6.373056936855055e-17
6415.589086075047,6.252210817522323e-17
6416.344858097744,6.151497958968386e-17
6417.100630120441,6.138938527711959e-17
6417.856402143138,6.287762579420897e-17
6418.612174165835,6.326581339347517e-17
6419.367946188532,6.309734741772405e-17
6420.12371821123,6.393533193598685e-17
6420.879490233927,6.354812386001635e-17
6421.635262256624,6.311412118729676e-17
6422.3910342793215,6.245140752906771e-17
6423.146806302019,6.024188714329715e-17
6423.902578324715,6.110150166274451e-17
6424.658350347413,6.324000214638231e-17
6425.414122370111,6.460539462019995e-17
6426.169894392807,6.470527935971923e-17
6426.925666415505,6.393289920863036e-17
6427.681438438202,6.260031567485267e-17
6428.437210460899,6.202377249384465e-17
6429.192982483596,6.183802622385453e-17
6429.948754506294,6.237859848435798e-17
6430.704526528991,6.407807426765496e-17
6431.460298551688,6.579299767080603e-17
6432.216070574385,6.606156587740552e-17
6432.971842597082,6.436237905421213e-17
6433.727614619779,6.277155123280854e-17
6434.483386642477,6.145966534140816e-17
6435.239158665174,6.196479092551532e-17
6435.994930687871,6.32492452230026e-17
6436.7507027105685,6.36152100364769e-17
6437.506474733265,6.360902137275571e-17
6438.262246755963,6.497638398563677e-17
6439.01801877866,6.428995496217116e-17
6439.773790801357,6.213808479140252e-17
6440.529562824055,6.252486315675649e-17
6441.285334846752,6.192440132360263e-17
6442.041106869448,6.200583987495675e-17
6442.796878892146,6.312729572344648e-17
6443.552650914844,6.289927198607851e-17
6444.30842293754,6.323054855111042e-17
6445.064194960238,6.230797576440433e-17
6445.8199669829355,6.055059981613323e-17
6446.5757390056315,5.679351964123262e-17
6447.331511028329,5.66323276343611e-17
6448.087283051027,5.989156916284254e-17
6448.843055073723,6.305405656181084e-17
6449.598827096421,6.283141456523756e-17
6450.354599119119,6.357712359442046e-17
6451.110371141816,6.379172628925435e-17
6451.866143164512,6.376431763710714e-17
6452.62191518721,6.275042448309716e-17
6453.377687209908,6.059797057295833e-17
6454.133459232604,6.244737016784294e-17
6454.889231255302,6.31847909134145e-17
6455.645003277999,6.254196910710075e-17
6456.400775300697,6.2861905238049e-17
6457.156547323393,6.387206440632665e-17
6457.912319346091,6.364537223795544e-17
6458.668091368789,6.3573296697171e-17
6459.423863391485,6.35226445334393e-17
6460.1796354141825,6.36012953188718e-17
6460.93540743688,6.377671977375487e-17
6461.691179459576,6.321527040403275e-17
6462.446951482274,6.268461326014124e-17
6463.202723504972,6.273976644585084e-17
6463.958495527669,6.402479679297927e-17
6464.714267550366,6.490268963103739e-17
6465.470039573063,6.359562956283744e-17
6466.22581159576,6.197117932872412e-17
6466.981583618457,6.153868672270025e-17
6467.737355641155,6.353441826983322e-17
6468.493127663852,6.467037623528649e-17
6469.2488996865495,6.293830111916635e-17
6470.004671709246,6.430697653152493e-17
6470.760443731943,6.35360553681082e-17
6471.516215754641,6.537971566668583e-17
6472.271987777338,6.429964504172378e-17
6473.027759800035,6.245582844135071e-17
6473.783531822733,6.446197226141548e-17
6474.5393038454295,6.324488035103708e-17
6475.295075868126,6.143897693300712e-17
6476.050847890824,6.180415456667532e-17
6476.806619913521,6.200754017501112e-17
6477.562391936218,5.98508313368014e-17
6478.318163958916,5.963350187003509e-17
6479.073935981613,5.836676540697671e-17
6479.829708004309,5.748981382277839e-17
6480.585480027007,5.775522999695907e-17
6481.341252049705,5.682338357924865e-17
6482.097024072402,5.551266885700233e-17
6482.852796095099,5.611070096197871e-17
6483.6085681177965,5.713016104144027e-17
6484.364340140493,5.745860761515888e-17
6485.12011216319,5.78969650554441e-17
6485.875884185888,5.80411271240234e-17
6486.631656208585,5.847142382850143e-17
6487.387428231282,5.719666467581396e-17
6488.14320025398,5.964561489734206e-17
6488.898972276676,6.206678276199826e-17
6489.654744299373,6.264575780295824e-17
6490.410516322071,6.333745998769314e-17
6491.166288344768,6.379487495970678e-17
6491.922060367466,6.41704506184434e-17
6492.677832390163,6.356035821614248e-17
6493.4336044128595,6.387640163212191e-17
6494.189376435557,6.612089806198389e-17
6494.945148458254,6.46688162956366e-17
6495.700920480951,6.360164330693434e-17
6496.456692503649,6.438078257738175e-17
6497.212464526347,6.392353387562127e-17
6497.968236549043,6.423609752626946e-17
6498.72400857174,6.415500876531078e-17
6499.479780594438,6.330478213706157e-17
6500.235552617134,6.233498068457993e-17
6500.991324639832,6.184118156709156e-17
6501.74709666253,6.225685423323193e-17
6502.502868685226,6.16271912612714e-17
6503.258640707923,6.213145153507096e-17
6504.014412730621,6.218210813632432e-17
6504.770184753319,6.304173177444911e-17
6505.525956776015,6.261228855098614e-17
6506.281728798713,6.082212572205899e-17
6507.0375008214105,6.07223347912214e-17
6507.7932728441065,6.271611297056754e-17
6508.549044866804,6.442209140216162e-17
6509.304816889502,6.39422716151577e-17
6510.0605889122,6.40792507673864e-17
6510.816360934896,6.245385425085176e-17
6511.572132957594,6.296888295989312e-17
6512.327904980291,6.430284372427775e-17
6513.083677002987,6.389249686437761e-17
6513.839449025685,6.291758536337079e-17
6514.595221048383,6.440365831449009e-17
6515.350993071079,6.419300764522429e-17
6516.106765093777,6.407565271694352e-17
6516.862537116474,6.217786540770552e-17
6517.61830913917,6.13503949776219e-17
6518.374081161868,6.285530168999618e-17
6519.129853184566,6.436840775315592e-17
6519.885625207263,6.433424057829846e-17
6520.64139722996,6.449036899845626e-17
6521.3971692526575,6.491400980704957e-17
6522.152941275354,6.55624684547739e-17
6522.908713298052,6.473880354930195e-17
6523.664485320749,6.483639482729721e-17
6524.420257343446,6.380319947184923e-17
6525.176029366144,6.490536143904286e-17
6525.9318013888405,6.436147886683585e-17
6526.687573411537,6.475413608099008e-17
6527.443345434235,6.442865491037692e-17
6528.199117456932,6.461455976537055e-17
6528.954889479629,6.384250690312506e-17
6529.710661502327,6.216533056639914e-17
6530.466433525024,6.16116958257951e-17
6531.2222055477205,6.18517918271097e-17
6531.977977570418,6.329489072397751e-17
6532.733749593116,6.336657908404176e-17
6533.489521615812,6.431404383483171e-17
6534.24529363851,6.463296571812143e-17
6535.001065661208,6.411670955664726e-17
6535.7568376839035,6.337799308368031e-17
6536.512609706601,6.223653279280086e-17
6537.268381729299,6.327818977436178e-17
6538.024153751996,6.283064492918745e-17
6538.779925774693,6.405247692916118e-17
6539.535697797391,6.298415453806124e-17
6540.2914698200875,6.207309984564159e-17
6541.047241842784,6.26400394521708e-17
6541.803013865482,6.320114281737678e-17
6542.558785888179,6.318862058744742e-17
6543.314557910876,6.275426613661631e-17
6544.070329933574,6.26263138541418e-17
6544.826101956271,6.370831032553956e-17
6545.581873978968,6.490199347332527e-17
6546.337646001665,6.475088661500736e-17
6547.093418024362,6.616307921157622e-17
6547.84919004706,6.950128383968168e-17
6548.604962069757,7.184786041988708e-17
6549.360734092454,7.236650725555073e-17
6550.116506115151,7.501507436832488e-17
6550.872278137849,8.135424244021909e-17
6551.628050160545,8.067730895743352e-17
6552.383822183243,5.824645371714182e-17
6553.139594205941,3.5558788692660506e-17
6553.895366228637,5.170424642446982e-17
6554.6511382513345,6.909427534874962e-17
6555.406910274032,6.950844027163669e-17
6556.162682296728,6.790993320773516e-17
6556.918454319426,6.623409892259948e-17
6557.674226342124,6.574866898578784e-17
6558.42999836482,6.50376811617118e-17
6559.185770387518,6.388030748218158e-17
6559.941542410215,6.296063758382954e-17
6560.697314432913,6.310273360969178e-17
6561.453086455609,6.525626881777118e-17
6562.208858478307,6.567171623835554e-17
6562.964630501005,6.497185549539714e-17
6563.720402523702,6.405866439578872e-17
6564.476174546398,6.324768809278293e-17
6565.231946569096,6.27886962420959e-17
6565.987718591794,6.327894573115944e-17
6566.74349061449,6.399158115840062e-17
6567.499262637188,6.469718037807564e-17
6568.2550346598855,6.450351119164602e-17
6569.0108066825815,6.357732643675649e-17
6569.766578705279,6.352451075367958e-17
6570.522350727977,6.478469441253025e-17
6571.278122750673,6.283712646639456e-17
6572.033894773371,6.279006596445366e-17
6572.789666796069,6.347224061445673e-17
6573.545438818765,6.417292295005153e-17
6574.301210841462,6.424135111057666e-17
6575.05698286416,6.384316727703537e-17
6575.812754886857,6.282148602405877e-17
6576.568526909554,6.046778964627764e-17
6577.324298932252,5.955532123506612e-17
6578.0800709549485,6.037578983970342e-17
6578.835842977646,5.993065404263069e-17
6579.591615000343,6.189814843769456e-17
6580.34738702304,6.267397021525737e-17
6581.103159045738,6.2952416632565e-17
6581.858931068435,6.32018875933794e-17
6582.614703091132,6.231306724975322e-17
6583.370475113829,6.254486767063383e-17
6584.126247136526,6.278920367938612e-17
6584.882019159223,6.38087854142219e-17
6585.637791181921,6.407362122036884e-17
6586.393563204618,6.472837756828888e-17
6587.149335227315,6.405401325594383e-17
6587.905107250012,6.322845034446463e-17
6588.66087927271,6.20581871776269e-17
6589.416651295406,6.169211791126093e-17
6590.172423318104,6.136764344288514e-17
6590.928195340802,6.221065451188848e-17
6591.683967363499,6.151458608089494e-17
6592.4397393861955,6.027630206518898e-17
6593.195511408893,6.007125022233455e-17
6593.95128343159,6.136421367315645e-17
6594.707055454287,6.08742789332508e-17
6595.462827476985,6.28284669059219e-17
6596.218599499682,6.268653540392142e-17
6596.9743715223785,6.278527010463036e-17
6597.730143545076,6.253231912629422e-17
6598.485915567773,6.240295440069805e-17
6599.24168759047,6.243268156831687e-17
6599.997459613168,6.393413264046008e-17
6600.753231635865,6.300659033282676e-17
6601.5090036585625,6.380607632585094e-17
6602.264775681259,6.407940131685384e-17
6603.020547703956,6.359817424131899e-17
6603.776319726654,6.170503096706175e-17
6604.532091749352,6.060199090985385e-17
6605.287863772048,6.251864936823795e-17
6606.043635794746,6.490618448439986e-17
6606.799407817443,6.374953845337537e-17
6607.555179840139,6.40940052701753e-17
6608.310951862837,6.282055886493691e-17
6609.066723885535,6.269776227375686e-17
6609.822495908231,6.382510846132958e-17
6610.578267930929,6.38224195139284e-17
6611.334039953626,6.389354648585403e-17
6612.089811976322,6.406897872686507e-17
6612.84558399902,6.298617096488749e-17
6613.601356021718,6.300751944499123e-17
6614.357128044416,6.349923175832371e-17
6615.112900067112,6.28593441890176e-17
6615.8686720898095,6.24898660994125e-17
6616.624444112507,6.269470249883803e-17
6617.380216135203,6.285216420646686e-17
6618.135988157901,6.333358007757438e-17
6618.891760180599,6.347904784177479e-17
6619.647532203297,6.36657426328905e-17
6620.4033042259925,6.307628938012599e-17
6621.15907624869,6.311157252348765e-17
6621.914848271388,6.24755950276619e-17
6622.670620294084,6.257304635790653e-17
6623.426392316782,6.293712705171022e-17
6624.18216433948,6.276425625288715e-17
6624.937936362176,6.376791895691138e-17
6625.693708384873,6.362453591341871e-17
6626.449480407571,6.23724032884944e-17
6627.205252430267,6.149394943377453e-17
6627.961024452965,6.243076114422786e-17
6628.716796475663,6.14166723109526e-17
6629.47256849836,6.179078556463421e-17
6630.228340521056,6.348584408947364e-17
6630.984112543754,6.298772146575668e-17
6631.739884566451,6.23547660735028e-17
6632.495656589149,6.289912018977423e-17
6633.251428611846,6.285989621754252e-17
6634.007200634543,6.279890455428444e-17
6634.76297265724,6.223378244968423e-17
6635.518744679937,6.128657459036506e-17
6636.274516702634,6.245488835298837e-17
6637.030288725332,6.357833989358303e-17
6637.786060748029,6.311386245423328e-17
6638.541832770726,6.243786230667112e-17
6639.2976047934235,6.320108309847513e-17
6640.05337681612,6.373851150093367e-17
6640.809148838817,6.350235136937555e-17
6641.564920861515,6.374779030899789e-17
6642.320692884213,6.376248284403486e-17
6643.076464906909,6.423792889655926e-17
6643.832236929607,6.442945770909077e-17
6644.588008952304,6.435340624730758e-17
6645.343780975001,6.407612275680053e-17
6646.099552997698,6.303001565730072e-17
6646.855325020396,6.238846519950335e-17
6647.611097043093,6.271123844322512e-17
6648.36686906579,6.261270785501959e-17
6649.122641088487,6.36205734320086e-17
6649.878413111184,6.403997339576216e-17
6650.634185133881,6.318088833407598e-17
6651.389957156579,6.330987979508787e-17
6652.145729179276,6.260990642090344e-17
6652.901501201973,6.352147755213606e-17
6653.6572732246705,6.265620137979614e-17
6654.413045247367,6.389719558356777e-17
6655.168817270065,6.405466788184861e-17
6655.924589292762,6.421139737100175e-17
6656.680361315459,6.387604783304424e-17
6657.436133338157,6.411112060964767e-17
6658.1919053608535,6.268087469234599e-17
6658.94767738355,6.457378249050414e-17
6659.703449406248,6.405122030510681e-17
6660.459221428946,6.342414010131346e-17
6661.214993451642,6.235801610662812e-17
6661.97076547434,6.151057639558399e-17
6662.7265374970375,6.108159728193299e-17
6663.4823095197335,6.199962798872429e-17
6664.238081542431,6.307120792316347e-17
6664.993853565129,6.167166283669013e-17
6665.749625587825,6.350695871842097e-17
6666.505397610523,6.533842639101391e-17
6667.261169633221,6.560604608180046e-17
6668.0169416559165,6.363199077995434e-17
6668.772713678614,6.309950672735451e-17
6669.528485701312,6.328772801081914e-17
6670.28425772401,6.255462991557315e-17
6671.040029746706,6.338406745378296e-17
6671.795801769404,6.444448614993133e-17
6672.551573792101,6.580019469030545e-17
6673.307345814799,6.550140028591249e-17
6674.063117837495,6.502361199061551e-17
6674.818889860193,6.470310462124407e-17
6675.574661882891,6.522915517551558e-17
6676.330433905587,6.444110275139815e-17
6677.0862059282845,6.425126873857425e-17
6677.841977950982,6.512294722566139e-17
6678.597749973678,6.435100486545904e-17
6679.353521996376,6.366550848861111e-17
6680.109294019074,6.388266295630555e-17
6680.86506604177,6.362008434983764e-17
6681.6208380644675,6.479362984581266e-17
6682.376610087165,6.466710184084023e-17
6683.132382109862,6.455276443828526e-17
6683.888154132559,6.436674085333663e-17
6684.643926155257,6.474182416961103e-17
6685.399698177954,6.580445111971546e-17
6686.1554702006515,6.46313380975474e-17
6686.911242223348,6.453293350889756e-17
6687.667014246045,6.441015644771706e-17
6688.422786268743,6.443439834926359e-17
6689.17855829144,6.407093782308875e-17
6689.934330314137,6.45135393881327e-17
6690.690102336835,6.54252466299525e-17
6691.445874359531,6.508537243457817e-17
6692.201646382228,6.456680079729117e-17
6692.957418404926,6.493190752069344e-17
6693.713190427623,6.415514812976568e-17
6694.46896245032,6.37697345456511e-17
6695.224734473018,6.541109166412096e-17
6695.980506495715,6.526959212608596e-17
6696.736278518411,6.511972330067343e-17
6697.492050541109,6.458997291262028e-17
6698.247822563807,6.35321077309776e-17
6699.003594586503,6.417847089321688e-17
6699.759366609201,6.435697075866256e-17
6700.5151386318985,6.34504111995237e-17
6701.270910654595,6.355778947886987e-17
6702.026682677292,6.369321799956427e-17
6702.78245469999,6.419781488991398e-17
6703.538226722687,6.3792324377488e-17
6704.293998745384,6.387554209697054e-17
6705.0497707680815,6.382145087022283e-17
6705.805542790778,6.410749504465764e-17
6706.561314813475,6.341261852519514e-17
6707.317086836173,6.202898129698826e-17
6708.07285885887,6.16955355929354e-17
6708.828630881567,6.405187506705874e-17
6709.584402904265,6.469697956192495e-17
6710.3401749269615,6.465537818079345e-17
6711.095946949659,6.413707420738163e-17
6711.851718972356,6.444934819844873e-17
6712.607490995053,6.332408304718276e-17
6713.363263017751,6.373154074791855e-17
6714.119035040449,6.610982852838856e-17
6714.8748070631445,6.492102154236726e-17
6715.630579085842,6.482279388761243e-17
6716.38635110854,6.429956166961689e-17
6717.142123131236,6.39782471252394e-17
6717.897895153934,6.412280212230751e-17
6718.653667176632,6.458809154205616e-17
6719.409439199328,6.505111582420658e-17
6720.165211222025,6.557755097368888e-17
6720.920983244723,6.519842945094125e-17
6721.676755267419,6.450825635904678e-17
6722.432527290117,6.410268754958525e-17
6723.188299312815,6.28121574294588e-17
6723.9440713355125,6.371274148105378e-17
6724.699843358208,6.349456900911616e-17
6725.455615380906,6.329591571937658e-17
6726.211387403604,6.41840685400913e-17
6726.9671594263,6.527159075320647e-17
6727.722931448998,6.455685828454842e-17
6728.478703471696,6.437403758221856e-17
6729.234475494393,6.418386630180882e-17
6729.990247517089,6.38230665500677e-17
6730.746019539787,6.474218642939827e-17
6731.501791562485,6.483579489735353e-17
6732.257563585181,6.440683971912314e-17
6733.013335607879,6.382772525909572e-17
6733.769107630576,6.330114039679176e-17
6734.524879653272,6.280040454294065e-17
6735.28065167597,6.45677058563547e-17
6736.036423698668,6.559183359314269e-17
6736.792195721365,6.498904242461249e-17
6737.547967744062,6.44975937760039e-17
6738.3037397667595,6.393924357953614e-17
6739.059511789456,6.26208048380277e-17
6739.815283812153,6.488952122505541e-17
6740.571055834851,6.563657586667346e-17
6741.326827857548,6.571106498556792e-17
6742.082599880246,6.638463136039842e-17
6742.8383719029425,6.650426833983593e-17
6743.594143925639,6.609977014477858e-17
6744.349915948337,6.655378261967047e-17
6745.105687971034,6.537253543256017e-17
6745.861459993731,6.5388575987403e-17
6746.617232016429,6.573906439556889e-17
6747.373004039126,6.432829119882075e-17
6748.1287760618225,6.518788421150829e-17
6748.88454808452,6.636185108062712e-17
6749.640320107217,6.671493589691915e-17
6750.396092129914,6.49052470317827e-17
6751.151864152612,6.427165130089232e-17
6751.90763617531,6.473837554658167e-17
6752.6634081980055,6.49507789081531e-17
6753.419180220703,6.522551169935747e-17
6754.174952243401,6.539244116319403e-17
6754.930724266098,6.57519719015923e-17
6755.686496288795,6.539502153830684e-17
6756.442268311493,6.511874859844396e-17
6757.1980403341895,6.400792525720788e-17
6757.953812356886,6.297261734852956e-17
6758.709584379584,6.386025103254912e-17
6759.465356402281,6.533213155995613e-17
6760.221128424978,6.643731630556966e-17
6760.976900447676,6.620243409513635e-17
6761.732672470373,6.623192935270465e-17
6762.488444493069,6.65939050495893e-17
6763.244216515767,6.601801862621679e-17
6763.999988538464,6.494903425449856e-17
6764.755760561162,6.413739324002415e-17
6765.511532583859,6.560188947252729e-17
6766.267304606556,6.61688578534855e-17
6767.023076629253,6.657561140080753e-17
6767.77884865195,6.667483684843264e-17
6768.534620674647,6.632691820148094e-17
6769.290392697345,6.614780312596698e-17
6770.046164720043,6.578476626124019e-17
6770.801936742739,6.535390638611029e-17
6771.5577087654365,6.55264091620589e-17
6772.313480788134,6.590381972831487e-17
6773.06925281083,6.555467551143727e-17
6773.825024833528,6.561143952519026e-17
6774.580796856226,6.448484151075163e-17
6775.336568878922,6.537678576911659e-17
6776.0923409016195,6.628289557131297e-17
6776.848112924317,6.579972793703216e-17
6777.603884947015,6.478439153709698e-17
6778.359656969711,6.461410292672037e-17
6779.115428992409,6.454030560823299e-17
6779.871201015107,6.410829685218175e-17
6780.626973037803,6.482977242583425e-17
6781.3827450605,6.661493061796404e-17
6782.138517083198,6.749478746302163e-17
6782.894289105896,6.610486471167262e-17
6783.650061128592,6.558791037861955e-17
6784.40583315129,6.585830156156562e-17
6785.1616051739875,6.429353101304924e-17
6785.917377196683,6.413442684906909e-17
6786.673149219381,6.592714466432312e-17
6787.428921242079,6.663236274880405e-17
6788.184693264775,6.771115844810766e-17
6788.940465287473,6.708537667041743e-17
6789.6962373101705,6.652547631457313e-17
6790.452009332867,6.635669148560031e-17
6791.207781355564,6.586608400142717e-17
6791.963553378262,6.539584034708375e-17
6792.719325400959,6.625712707456231e-17
6793.475097423656,6.573843458543895e-17
6794.230869446354,6.534797885638e-17
6794.9866414690505,6.634733410017748e-17
6795.742413491747,6.721386105338003e-17
6796.498185514445,6.777573344507701e-17
6797.253957537142,6.744581201984325e-17
6798.00972955984,6.631683451369462e-17
6798.765501582537,6.595082114216446e-17
6799.521273605234,6.542160763812885e-17
6800.277045627931,6.611409809897605e-17
6801.032817650628,6.649474188442932e-17
6801.788589673325,6.6613168987559e-17
6802.544361696023,6.627900102726583e-17
6803.30013371872,6.71551968030478e-17
6804.055905741417,6.705583838527016e-17
6804.811677764114,6.732656532732067e-17
6805.567449786812,6.729918153883541e-17
6806.323221809508,6.842110680181552e-17
6807.078993832206,6.890011664567789e-17
6807.834765854904,6.853411864851438e-17
6808.5905378776,6.627897350878856e-17
6809.3463099002975,6.66049948361135e-17
6810.102081922995,6.788816774993829e-17
6810.857853945692,6.624655196430391e-17
6811.613625968389,6.59153241892595e-17
6812.369397991087,6.66191594868557e-17
6813.125170013784,6.589303129799069e-17
6813.8809420364805,6.653886366576308e-17
6814.636714059178,6.60397501027216e-17
6815.392486081875,6.764522468057937e-17
6816.148258104572,6.761356839961894e-17
6816.90403012727,6.657112405035107e-17
6817.659802149967,6.423256555421475e-17
6818.4155741726645,6.444963061096816e-17
6819.171346195361,6.754197810671933e-17
6819.927118218058,6.652063459857413e-17
6820.682890240756,6.669222625736773e-17
6821.438662263453,6.712372424783673e-17
6822.19443428615,6.649874537580636e-17
6822.950206308848,6.474229593614411e-17
6823.705978331545,6.4930050036568e-17
6824.461750354241,6.475744989190932e-17
6825.217522376939,6.589019790151027e-17
6825.973294399637,6.436996787496678e-17
6826.729066422333,6.381343312144801e-17
6827.484838445031,6.559912239914765e-17
6828.240610467728,6.60529427225723e-17
6828.996382490424,6.589395415443511e-17
6829.752154513122,6.53126421641382e-17
6830.50792653582,6.465552024626987e-17
6831.263698558518,6.569957319445336e-17
6832.019470581214,6.507368599564633e-17
6832.7752426039115,6.661151270881085e-17
6833.531014626609,6.713340048403652e-17
6834.286786649305,6.665528803602899e-17
6835.042558672003,6.575891088778551e-17
6835.798330694701,6.744329316485752e-17
6836.554102717397,6.713777446475421e-17
6837.3098747400945,6.560538104053985e-17
6838.065646762792,6.47384318910352e-17
6838.82141878549,6.441240946938591e-17
6839.577190808186,6.437735532056138e-17
6840.332962830884,6.408852742462479e-17
6841.088734853582,6.526680255345739e-17
6841.844506876278,6.544081846663916e-17
6842.600278898975,6.554546767376384e-17
6843.356050921673,6.51468668211707e-17
6844.111822944369,6.508249606637891e-17
6844.867594967067,6.381346966297413e-17
6845.623366989765,6.273683288890067e-17
6846.379139012462,6.343679777662487e-17
6847.134911035158,6.550132212898063e-17
6847.890683057856,6.489336949875062e-17
6848.646455080553,6.475408366592271e-17
6849.40222710325,6.577925779522284e-17
6850.157999125948,6.530131935043745e-17
6850.913771148645,6.515886633599246e-17
6851.669543171342,6.5439553038506e-17
6852.425315194039,6.531997294757096e-17
6853.181087216736,6.553119528319471e-17
6853.936859239434,6.58091450734719e-17
6854.692631262131,6.567244324859351e-17
6855.448403284828,6.540973089596097e-17
6856.2041753075255,6.462916489992674e-17
6856.959947330222,6.445064516274845e-17
6857.715719352919,6.4789277647983e-17
6858.471491375617,6.408733114521465e-17
6859.227263398315,6.508907472184532e-17
6859.983035421011,6.451913750962253e-17
6860.7388074437085,6.501108587959502e-17
6861.494579466406,6.54428088461768e-17
6862.250351489102,6.543258283283518e-17
6863.0061235118,6.530415725318929e-17
6863.761895534498,6.395697832605838e-17
6864.517667557195,6.364330772983935e-17
6865.273439579892,6.485474537891779e-17
6866.029211602589,6.466004688336585e-17
6866.784983625286,6.001722454139346e-17
6867.540755647983,4.977828492978749e-17
6868.296527670681,4.2987879776659047e-17
6869.052299693378,4.391407801276033e-17
6869.808071716075,4.833476739783003e-17
6870.563843738772,4.9578018190447724e-17
6871.319615761469,4.835770302584699e-17
6872.075387784166,5.141373399584291e-17
6872.831159806864,5.06171235386111e-17
6873.586931829561,5.2653791264765064e-17
6874.342703852259,5.3348975513850774e-17
6875.0984758749555,5.438916531141545e-17
6875.854247897652,5.4931190164529743e-17
6876.61001992035,5.533616633478686e-17
6877.365791943047,5.593603517912908e-17
6878.121563965744,5.859881222729676e-17
6878.877335988442,5.67043083383503e-17
6879.6331080111395,5.699012624439319e-17
6880.388880033835,6.086310399246966e-17
6881.144652056533,6.347744555742604e-17
6881.900424079231,6.458182860791041e-17
6882.656196101927,6.288795023959048e-17
6883.411968124625,5.880407247507204e-17
6884.167740147323,5.805615390566229e-17
6884.9235121700185,6.013693184014504e-17
6885.679284192716,5.5165994834289424e-17
6886.435056215414,5.3133919644992874e-17
6887.190828238112,5.733477671028382e-17
6887.946600260808,6.183757190707678e-17
6888.702372283506,5.773054233161466e-17
6889.458144306203,5.164062214328424e-17
6890.213916328899,5.4459757730806226e-17
6890.969688351597,6.246807610666821e-17
6891.725460374295,6.04130233468208e-17
6892.481232396993,5.391982645932272e-17
6893.237004419689,5.2941001899366645e-17
6893.9927764423865,5.854791326963236e-17
6894.748548465084,6.248024266094806e-17
6895.50432048778,5.949355633191144e-17
6896.260092510478,5.288258876450741e-17
6897.015864533176,5.2877802119516e-17
6897.771636555872,5.923948575084654e-17
6898.5274085785695,6.341707545137588e-17
6899.283180601267,6.090397102479074e-17
6900.038952623964,5.38894117040584e-17
6900.794724646661,5.2772458046027085e-17
6901.550496669359,5.833218296708513e-17
6902.306268692056,6.331304288542522e-17
6903.062040714753,6.34114869416431e-17
6903.81781273745,5.90211910569421e-17
6904.573584760147,5.4309873835831813e-17
6905.329356782845,5.825480007158265e-17
6906.085128805542,6.278812619247025e-17
6906.840900828239,6.275769584949967e-17
6907.596672850937,6.190134248456098e-17
6908.352444873633,5.802878569940953e-17
6909.10821689633,5.5410184007361194e-17
6909.863988919028,5.801197548483577e-17
6910.619760941725,6.202851699046243e-17
6911.375532964422,6.381150046030571e-17
6912.13130498712,6.273861034156335e-17
6912.8870770098165,5.959336690752709e-17
6913.642849032513,5.731302166622479e-17
6914.398621055211,5.841664756868709e-17
6915.154393077909,6.241423107244023e-17
6915.910165100605,6.246789340724234e-17
6916.665937123303,6.288893180457781e-17
6917.4217091460005,6.134746553936868e-17
6918.177481168696,5.85545398344445e-17
6918.933253191394,5.915520213902903e-17
6919.689025214092,6.095025572263592e-17
6920.444797236789,6.327677727380192e-17
6921.200569259486,6.326582099235274e-17
6921.9563412821835,6.226727281582876e-17
6922.71211330488,6.173133884904645e-17
6923.467885327577,6.033141262580006e-17
6924.223657350275,5.943918894142714e-17
6924.979429372972,6.132146864249714e-17
6925.735201395669,6.228869950610931e-17
6926.490973418367,6.204222361130975e-17
6927.2467454410635,6.166778387371595e-17
6928.002517463761,6.031954905571542e-17
6928.758289486458,5.886343827128091e-17
6929.514061509155,5.87953958575438e-17
6930.269833531853,6.116601919230638e-17
6931.02560555455,6.156900179067287e-17
6931.7813775772465,6.154469115695301e-17
6932.537149599944,6.200099314185021e-17
6933.292921622642,6.174716886111666e-17
6934.048693645338,6.017523702214285e-17
6934.804465668036,5.882702174641083e-17
6935.560237690734,5.835638456656077e-17
6936.31600971343,5.983260070102879e-17
6937.071781736127,6.092214482840235e-17
6937.827553758825,6.107494666863105e-17
6938.583325781521,6.033270043553009e-17
6939.339097804219,6.000144902130397e-17
6940.094869826917,5.999544259272664e-17
6940.8506418496145,6.002154627036403e-17
6941.60641387231,6.013226972199648e-17
6942.362185895008,5.990335183676242e-17
6943.117957917706,5.96431822368609e-17
6943.873729940402,5.994779876397846e-17
6944.6295019631,6.090814948745407e-17
6945.3852739857975,6.103816782424147e-17
6946.141046008495,6.208725276879861e-17
6946.896818031191,6.139413711721077e-17
6947.652590053889,6.090090825364578e-17
6948.408362076587,6.132055781550231e-17
6949.164134099283,6.151262185952485e-17
6949.919906121981,6.130308757775827e-17
6950.675678144678,6.163921116627067e-17
6951.431450167374,6.228771371393548e-17
6952.187222190072,6.278121181397597e-17
6952.94299421277,6.132766943144364e-17
6953.698766235466,6.073117265971733e-17
6954.454538258164,6.162636427986578e-17
6955.210310280861,6.328246033230993e-17
6955.966082303558,6.179568351862847e-17
6956.721854326255,6.129894830874396e-17
6957.477626348953,6.190944181758639e-17
6958.23339837165,6.153705592672297e-17
6958.989170394347,6.14852218555356e-17
6959.7449424170445,6.071768641915425e-17
6960.500714439741,6.022873178545962e-17
6961.256486462439,5.959651335438278e-17
6962.012258485136,6.045157170471927e-17
6962.768030507833,6.034481747563637e-17
6963.523802530531,6.050541558108942e-17
6964.279574553228,5.988999292554261e-17
6965.035346575924,6.032950855453839e-17
6965.791118598622,6.066490979075583e-17
6966.546890621319,6.028434075845404e-17
6967.302662644016,6.111922244055143e-17
6968.058434666714,6.087258833377005e-17
6968.814206689412,5.990453952793686e-17
6969.5699787121075,6.053848471257717e-17
6970.325750734805,6.192088375445374e-17
6971.081522757503,6.106200720724384e-17
6971.837294780199,5.977225163019107e-17
6972.593066802897,6.129637065747552e-17
6973.348838825595,6.128196299065181e-17
6974.1046108482915,6.194278542063871e-17
6974.860382870988,6.090632537780977e-17
6975.616154893686,6.150672159336064e-17
6976.371926916383,6.171159772878785e-17
6977.12769893908,6.169462378763738e-17
6977.883470961778,6.226275699718508e-17
6978.639242984475,6.252936111348623e-17
6979.395015007171,6.121565517801222e-17
6980.150787029869,6.134747100958912e-17
6980.906559052566,6.041563408167254e-17
6981.662331075264,6.108849762489237e-17
6982.418103097961,5.929532545401548e-17
6983.173875120658,5.88079337330351e-17
6983.929647143355,5.885677829877947e-17
6984.685419166052,5.94524819088661e-17
6985.441191188749,6.033252085143939e-17
6986.196963211447,5.996892275114676e-17
6986.952735234145,5.977259856005261e-17
6987.708507256841,5.830924879087487e-17
6988.4642792795385,5.49107824692555e-17
6989.220051302236,5.567343968360088e-17
6989.975823324932,5.863725060143858e-17
6990.73159534763,5.909530615591561e-17
6991.487367370328,5.896910452885167e-17
6992.243139393024,5.936112567228447e-17
6992.9989114157215,5.901446448587736e-17
6993.754683438419,5.725787092891208e-17
6994.510455461115,5.711819182720586e-17
6995.266227483813,5.83344320005475e-17
6996.021999506511,6.00642350315025e-17
6996.777771529209,6.016698684691655e-17
6997.533543551905,6.056288407228884e-17
6998.289315574602,5.949367269924336e-17
6999.0450875973,5.789244443630234e-17
6999.800859619996,5.767504203764798e-17
7000.556631642694,5.774631775524329e-17
7001.312403665392,5.882626429129467e-17
7002.0681756880895,5.850591089199494e-17
7002.823947710785,5.793420797371698e-17
7003.579719733483,5.84442018324599e-17
7004.335491756181,5.832717254027546e-17
7005.091263778877,5.849702459819617e-17
7005.847035801575,5.86270163148738e-17
7006.6028078242725,5.806073650219204e-17
7007.3585798469685,5.726126889883877e-17
7008.114351869666,5.798520308813206e-17
7008.870123892364,6.013209972850097e-17
7009.625895915061,5.943653445002883e-17
7010.381667937758,5.859199512707389e-17
7011.137439960456,5.921341016680913e-17
7011.8932119831525,5.993970528679785e-17
7012.648984005849,5.995374054680987e-17
7013.404756028547,5.936413871233586e-17
7014.160528051244,5.897181139809505e-17
7014.916300073942,5.876178611793017e-17
7015.672072096639,5.876481624953698e-17
7016.4278441193355,5.873895354334879e-17
7017.183616142033,5.892718577087266e-17
7017.93938816473,5.920139080231698e-17
7018.695160187427,5.965748081523365e-17
7019.450932210125,5.883704380021282e-17
7020.206704232822,5.817746124982954e-17
7020.962476255519,5.782043807540042e-17
7021.718248278216,5.85706106118747e-17
7022.474020300914,5.821030279296822e-17
7023.22979232361,5.947420275767381e-17
7023.985564346308,6.047926960080943e-17
7024.741336369006,6.058524937678792e-17
7025.497108391702,6.079649296382212e-17
7026.252880414399,5.977159713209613e-17
7027.008652437097,5.947959810974811e-17
7027.764424459794,5.796598118227876e-17
7028.520196482491,5.925610892743546e-17
7029.275968505189,5.986125479320511e-17
7030.031740527886,5.991119403845449e-17
7030.7875125505825,5.956210676387228e-17
7031.54328457328,6.17186488525958e-17
7032.299056595977,5.997617804547425e-17
7033.054828618674,5.993839914709027e-17
7033.810600641372,6.04237814964263e-17
7034.566372664069,5.916261748731064e-17
7035.322144686766,5.80963478790691e-17
7036.077916709463,5.872065452176353e-17
7036.83368873216,6.026267865761001e-17
7037.589460754858,6.016960537554362e-17
7038.345232777555,6.127880076602957e-17
7039.101004800252,6.075139495527687e-17
7039.8567768229495,6.055110476238592e-17
7040.612548845646,6.027092097093157e-17
7041.368320868343,6.072075340196639e-17
7042.124092891041,5.853838462344864e-17
7042.879864913739,5.937077867799613e-17
7043.635636936435,6.032087821967783e-17
7044.391408959133,5.934157403043343e-17
7045.14718098183,5.855924316060062e-17
7045.902953004526,6.002960906911313e-17
7046.658725027224,6.101268321548399e-17
7047.414497049922,6.176751878706526e-17
7048.170269072618,5.98739347477047e-17
7048.926041095316,5.854710414879956e-17
7049.681813118013,5.83616130836207e-17
7050.437585140711,5.736809711794946e-17
7051.193357163407,5.795776639876132e-17
7051.949129186105,6.06395757844365e-17
7052.704901208803,6.155335320621313e-17
7053.460673231499,6.148334425498896e-17
7054.2164452541965,5.917964254394452e-17
7054.972217276894,5.871518933445418e-17
7055.727989299592,5.743652754484561e-17
7056.483761322288,5.5402155520350746e-17
7057.239533344986,5.958783742520659e-17
7057.995305367684,6.042009203377516e-17
7058.75107739038,6.022506130776633e-17
7059.506849413077,5.956311148166857e-17
7060.262621435775,5.987549110771447e-17
7061.018393458471,5.95323582466454e-17
7061.774165481169,6.061003863306015e-17
7062.529937503867,6.038065137969344e-17
7063.285709526564,5.970088049960212e-17
7064.04148154926,6.04893190167298e-17
7064.797253571958,5.903395628931567e-17
7065.553025594655,5.758812829216737e-17
7066.308797617352,5.65820267058593e-17
7067.06456964005,5.607948865226459e-17
7067.820341662747,5.769417112293166e-17
7068.5761136854435,5.762404567604093e-17
7069.331885708141,5.823231165022518e-17
7070.087657730838,5.950265403632236e-17
7070.843429753536,5.789842084186994e-17
7071.599201776233,5.951679933730033e-17
7072.35497379893,5.79501011769318e-17
7073.1107458216275,5.674404445990741e-17
7073.866517844324,5.742806161022485e-17
7074.622289867021,5.824805900008119e-17
7075.378061889719,5.873720204567446e-17
7076.133833912416,5.901565912667202e-17
7076.889605935113,5.962711840634128e-17
7077.6453779578105,5.752273347507268e-17
7078.401149980508,5.828985842697366e-17
7079.156922003204,5.95635758033816e-17
7079.912694025902,5.873207624319048e-17
7080.6684660486,5.856739034545973e-17
7081.424238071296,5.994685227114929e-17
7082.180010093994,6.065015926502714e-17
7082.935782116691,5.92302136423876e-17
7083.691554139388,5.860396232022006e-17
7084.447326162085,5.940657244685942e-17
7085.203098184783,5.898422528600336e-17
7085.95887020748,5.980622368099807e-17
7086.714642230177,5.960573332519321e-17
7087.470414252874,6.041409084800942e-17
7088.226186275571,5.955913837834911e-17
7088.981958298268,5.89203347529368e-17
7089.737730320966,5.943921137549858e-17
7090.493502343663,5.934184558732148e-17
7091.249274366361,5.876831326339908e-17
7092.0050463890575,5.891728725881988e-17
7092.760818411754,5.978263119041216e-17
7093.516590434452,5.983249775052638e-17
7094.272362457149,5.915331421239595e-17
7095.028134479846,5.903167436724192e-17
7095.783906502544,5.858431081867452e-17
7096.5396785252415,5.859403752179832e-17
7097.295450547937,5.912695517773713e-17
7098.051222570635,5.894343640541398e-17
7098.806994593333,5.722742668260145e-17
7099.562766616029,5.764014479887828e-17
7100.318538638727,5.826454416672279e-17
7101.0743106614245,5.843337676937897e-17
7101.8300826841205,5.765594398920453e-17
7102.585854706818,5.700596930790781e-17
7103.341626729516,5.762357985814692e-17
7104.097398752214,5.791969495449954e-17
7104.85317077491,5.647365795734198e-17
7105.608942797608,5.596741556687798e-17
7106.364714820305,5.659155517654743e-17
7107.120486843001,5.719412553508151e-17
7107.876258865699,5.755284419020889e-17
7108.632030888397,5.786382580174426e-17
7109.387802911093,5.688914155541766e-17
7110.143574933791,5.697894627531708e-17
7110.899346956488,5.857662942610802e-17
7111.655118979186,5.744215392958627e-17
7112.410891001882,5.657855126788191e-17
7113.16666302458,5.595295700877122e-17
7113.922435047278,5.769476742711021e-17
7114.678207069974,5.779102472621345e-17
7115.4339790926715,5.755800208644843e-17
7116.189751115369,5.870749907695359e-17
7116.945523138065,5.81412935837053e-17
7117.701295160763,5.712718538796122e-17
7118.457067183461,5.784081838773872e-17
7119.212839206158,5.647832865649257e-17
7119.968611228855,5.718371244111667e-17
7120.724383251552,5.676230752129552e-17
7121.480155274249,5.784172694072882e-17
7122.235927296946,5.644275144436811e-17
7122.991699319644,5.883538793953006e-17
7123.747471342341,5.786236306298366e-17
7124.5032433650385,5.764294672891865e-17
7125.259015387735,5.719399645636227e-17
7126.014787410432,5.827290489726025e-17
7126.77055943313,5.720841749339228e-17
7127.526331455827,5.861029747733361e-17
7128.282103478524,5.885671295130643e-17
7129.037875501222,5.766433654638153e-17
7129.7936475239185,5.685979228814773e-17
7130.549419546615,5.649978502136299e-17
7131.305191569313,5.573802106245179e-17
7132.060963592011,5.606073312813753e-17
7132.816735614707,5.470789289638223e-17
7133.572507637405,5.60797184721197e-17
7134.328279660102,5.719697316372273e-17
7135.084051682798,5.695456872156548e-17
7135.839823705496,5.710286324171925e-17
7136.595595728194,5.800851763089613e-17
7137.351367750891,5.536563751574936e-17
7138.107139773588,5.4085497460419463e-17
7138.8629117962855,5.56178654202324e-17
7139.618683818982,5.745307807888032e-17
7140.374455841679,5.732918366814549e-17
7141.130227864377,5.82528540993056e-17
7141.885999887074,5.841366664198629e-17
7142.641771909771,5.716910843389992e-17
7143.397543932469,5.847119610812685e-17
7144.153315955165,5.776514508723971e-17
7144.909087977863,5.764067358017457e-17
7145.66486000056,5.667115810352062e-17
7146.420632023257,5.606280933749782e-17
7147.176404045955,5.635356507164885e-17
7147.932176068652,5.577558841661801e-17
7148.6879480913485,5.64397886373938e-17
7149.443720114046,5.602969641264369e-17
7150.199492136743,5.640262085559875e-17
7150.95526415944,5.663086682358791e-17
7151.711036182138,5.786460348685119e-17
7152.466808204836,5.781828282139826e-17
7153.222580227532,5.670543269305667e-17
7153.978352250229,5.63826527968736e-17
7154.734124272927,5.668308917200917e-17
7155.489896295623,5.618489998756289e-17
7156.245668318321,5.705349171413939e-17
7157.001440341019,5.724162991254488e-17
7157.757212363715,5.780774185435795e-17
7158.512984386412,5.675961005272881e-17
7159.26875640911,5.655452048168801e-17
7160.024528431808,5.80351793891631e-17
7160.780300454504,5.712448184967155e-17
7161.536072477202,5.656679417908608e-17
7162.2918444998995,5.579610948978212e-17
7163.0476165225955,5.5475484272259794e-17
7163.803388545293,5.534228221504498e-17
7164.559160567991,5.588063076369824e-17
7165.314932590689,5.662372130446177e-17
7166.070704613385,5.724939896601794e-17
7166.826476636083,5.654712105578557e-17
7167.58224865878,5.625715562468844e-17
7168.338020681476,5.58739931535828e-17
7169.093792704174,5.577967229225836e-17
7169.849564726872,5.377211426873055e-17
7170.605336749568,5.3537773775458807e-17
7171.361108772266,5.358532526345639e-17
7172.116880794963,5.429685332179606e-17
7172.87265281766,5.521020260493101e-17
7173.628424840357,5.4877707012768355e-17
7174.384196863055,5.507676121259087e-17
7175.139968885752,5.476141749240261e-17
7175.895740908449,5.439930091317626e-17
7176.6515129311465,5.389555529156055e-17
7177.407284953843,5.3645215119798043e-17
7178.163056976541,5.542825972356793e-17
7178.918828999238,5.4879211513937375e-17
7179.674601021935,5.53539756423966e-17
7180.430373044633,5.5499396254667277e-17
7181.18614506733,5.4798815740558485e-17
7181.941917090026,5.3644897281864454e-17
7182.697689112724,5.560963372524241e-17
7183.453461135421,5.451263526554743e-17
7184.209233158118,5.2608461469029405e-17
7184.965005180816,5.234508916092128e-17
7185.7207772035135,5.5484356431572696e-17
7186.4765492262095,5.501816845622094e-17
7187.232321248907,5.462361876379065e-17
7187.988093271605,5.557438146185389e-17
7188.743865294301,5.5089357236463004e-17
7189.499637316999,5.478233770693423e-17
7190.255409339697,5.44290196535655e-17
7191.011181362393,5.281757871601424e-17
7191.76695338509,5.055941875475746e-17
7192.522725407788,5.422872900007246e-17
7193.278497430485,5.5326083560219677e-17
7194.034269453182,5.572480312991682e-17
7194.79004147588,5.593697344034333e-17
7195.5458134985765,5.513737862230373e-17
7196.301585521273,5.579872714395951e-17
7197.057357543971,5.40705193639597e-17
7197.813129566668,5.3490450466940514e-17
7198.568901589365,5.48704119946716e-17
7199.324673612063,5.643786991769648e-17
7200.08044563476,5.4623323154346433e-17
7200.836217657457,5.328773597345863e-17
7201.591989680154,5.472857625535079e-17
7202.347761702851,5.554780094783256e-17
7203.103533725549,5.475716643240606e-17
7203.859305748246,5.29724035942113e-17
7204.615077770943,5.2551842856346454e-17
7205.37084979364,5.447446255184792e-17
7206.126621816338,5.262269286435822e-17
7206.882393839034,5.272524534742256e-17
7207.638165861732,5.461326591288262e-17
7208.39393788443,5.541420344909383e-17
7209.149709907126,5.566840429298465e-17
7209.9054819298235,5.576898014715791e-17
7210.661253952521,5.479903518436739e-17
7211.417025975217,5.380084821405316e-17
7212.172797997915,5.534763828627635e-17
7212.928570020613,5.608082149727175e-17
7213.684342043311,5.668855851961462e-17
7214.440114066007,5.685831930923059e-17
7215.195886088704,5.70502450361759e-17
7215.951658111402,5.627521831326629e-17
7216.707430134098,5.642967675299587e-17
7217.463202156796,5.721733527652645e-17
7218.218974179494,5.554810919012216e-17
7218.974746202191,5.5072756925833984e-17
7219.730518224887,5.588829324711131e-17
7220.486290247585,5.617131973314149e-17
7221.242062270283,5.682949345010488e-17
7221.997834292979,5.703526023321503e-17
7222.753606315677,5.67429661984588e-17
7223.5093783383745,5.676183062341658e-17
7224.2651503610705,5.666002659873838e-17
7225.020922383768,5.589988112294054e-17
7225.776694406466,5.600093985687386e-17
7226.532466429163,5.499236270250275e-17
7227.28823845186,5.4543932010777755e-17
7228.044010474558,5.5437448270112305e-17
7228.7997824972545,5.4811576030196836e-17
7229.555554519951,5.692472771397514e-17
7230.311326542649,5.640148406441667e-17
7231.067098565346,5.734783946875406e-17
7231.822870588043,5.682903083676312e-17
7232.578642610741,5.4981294032923685e-17
7233.3344146334375,5.467837253602468e-17
7234.090186656135,5.556755406495082e-17
7234.845958678832,5.3702637514764286e-17
7235.601730701529,5.574398690658576e-17
7236.357502724227,5.5343327388747534e-17
7237.113274746924,5.763878227755185e-17
7237.869046769621,5.696584009764193e-17
7238.624818792318,5.76556679403801e-17
7239.380590815015,5.796512796428024e-17
7240.136362837712,5.607852908144644e-17
7240.89213486041,5.456027181104758e-17
7241.647906883108,5.671515301014613e-17
7242.403678905804,5.611395511576916e-17
7243.159450928501,5.559567194898162e-17
7243.915222951199,5.3348213654140576e-17
7244.670994973895,5.56964498209441e-17
7245.426766996593,5.464711769339267e-17
7246.182539019291,5.463477909633284e-17
7246.938311041988,5.605620202638374e-17
7247.6940830646845,5.482022272152303e-17
7248.449855087382,5.669806807150704e-17
7249.205627110079,5.644707348084502e-17
7249.961399132776,5.783572685515304e-17
7250.717171155474,5.625731278914062e-17
7251.472943178171,5.63133657047643e-17
7252.228715200868,5.460180857771167e-17
7252.984487223565,5.4217134246957183e-17
7253.740259246262,5.3781815358087244e-17
7254.49603126896,5.58485429332423e-17
7255.251803291657,5.716639709130275e-17
7256.007575314354,5.836634688461282e-17
7256.7633473370515,5.624877216347064e-17
7257.519119359748,5.635673699713078e-17
7258.274891382445,5.690730218694581e-17
7259.030663405143,5.681284003838879e-17
7259.78643542784,5.654244061252415e-17
7260.542207450537,5.641341158456394e-17
7261.297979473235,5.620520419763295e-17
7262.053751495932,5.787515918575137e-17
7262.809523518628,5.73250316160815e-17
7263.565295541326,5.614728368844023e-17
7264.321067564024,5.429424270095271e-17
7265.07683958672,5.26771553722751e-17
7265.832611609418,5.25593147768279e-17
7266.588383632115,5.514271417220281e-17
7267.344155654813,5.629476328880904e-17
7268.099927677509,5.704702678291518e-17
7268.855699700207,5.676785072781386e-17
7269.611471722905,5.59768517670968e-17
7270.367243745601,5.584260152661599e-17
7271.1230157682985,5.3468929091468395e-17
7271.878787790996,5.075144113608171e-17
7272.634559813692,5.199559148396665e-17
7273.39033183639,5.184726436284673e-17
7274.146103859088,5.4513205202057704e-17
7274.901875881786,5.455396215268797e-17
7275.657647904482,5.439465862366987e-17
7276.413419927179,5.4714195940392e-17
7277.169191949877,5.29438867268574e-17
7277.924963972573,5.342680555860035e-17
7278.680735995271,5.494863198483306e-17
7279.436508017969,5.579904310593207e-17
7280.192280040665,5.645387549977795e-17
7280.948052063362,5.581239269772507e-17
7281.70382408606,5.636367725053661e-17
7282.459596108757,5.656387696975302e-17
7283.215368131454,5.649776372099698e-17
7283.971140154152,5.631762062914644e-17
7284.726912176849,5.657776153993481e-17
7285.4826841995455,5.641042430333909e-17
7286.238456222243,5.586052365962336e-17
7286.99422824494,5.671878977695161e-17
7287.750000267638,5.555812739525404e-17
7288.505772290335,5.601565053407055e-17
7289.261544313032,5.543122140441261e-17
7290.017316335729,5.3298888084514883e-17
7290.773088358426,5.1994595854694423e-17
7291.528860381123,5.392905272791071e-17
7292.284632403821,5.4495600066409536e-17
7293.040404426518,5.490278084346481e-17
7293.796176449215,5.489787629052609e-17
7294.5519484719125,5.435901225530971e-17
7295.30772049461,5.414384790559562e-17
7296.063492517306,5.605585137144415e-17
7296.819264540004,5.584257458915416e-17
7297.575036562702,5.477932261332185e-17
7298.330808585398,5.5454939712784944e-17
7299.086580608096,5.55721704094461e-17
7299.842352630793,5.516585406720963e-17
7300.598124653489,5.631707811064059e-17
7301.353896676187,5.58514702030565e-17
7302.109668698885,5.569498118145011e-17
7302.865440721582,5.591600717552506e-17
7303.621212744279,5.573530056607619e-17
7304.376984766976,5.595283554212662e-17
7305.132756789673,5.563708647157352e-17
7305.88852881237,5.4367700304914564e-17
7306.644300835068,5.515670778937281e-17
7307.400072857765,5.501513253202299e-17
7308.155844880463,5.3749920555375476e-17
7308.9116169031595,5.420657132334944e-17
7309.667388925856,5.506838856296893e-17
7310.423160948554,5.606478053792342e-17
7311.178932971251,5.543104542310046e-17
7311.934704993948,5.606601674735643e-17
7312.690477016646,5.555512547199163e-17
7313.446249039343,5.508826063747289e-17
7314.202021062039,5.675102675513834e-17
7314.957793084737,5.679023766959706e-17
7315.713565107435,5.595449617676349e-17
7316.469337130131,5.67024520421691e-17
7317.225109152829,5.665667608900314e-17
7317.9808811755265,5.720771288397688e-17
7318.7366531982225,5.676052611455576e-17
7319.49242522092,5.693652262341395e-17
7320.248197243618,5.573149467616065e-17
7321.003969266314,5.702164466505681e-17
7321.759741289012,5.777649418663152e-17
7322.51551331171,5.724878523013656e-17
7323.271285334407,5.739717152932946e-17
7324.027057357103,5.763138770752701e-17
7324.782829379801,5.821157142399358e-17
7325.538601402499,5.790459035687582e-17
7326.294373425195,5.736611392224386e-17
7327.050145447893,5.65114362126285e-17
7327.80591747059,5.742001251736554e-17
7328.561689493288,5.72738728912437e-17
7329.317461515984,5.675560407966558e-17
7330.073233538682,5.72579992405758e-17
7330.82900556138,5.758907346370605e-17
7331.584777584076,5.766510459407513e-17
7332.3405496067735,5.710308349562711e-17
7333.096321629471,5.660661966080529e-17
7333.852093652167,5.650707378937721e-17
7334.607865674865,5.682258739770808e-17
7335.363637697563,5.627318538672932e-17
7336.11940972026,5.65074296147863e-17
7336.875181742957,5.584291767601594e-17
7337.630953765654,5.559053149677685e-17
7338.386725788351,5.4913787471576316e-17
7339.142497811048,5.4917027166892765e-17
7339.898269833746,5.544488478666628e-17
7340.654041856443,5.559106070988964e-17
7341.40981387914,5.728799360365408e-17
7342.165585901837,5.652353736232861e-17
7342.921357924534,5.565780059824007e-17
7343.677129947232,5.59101039468251e-17
7344.432901969929,5.540423856483188e-17
7345.188673992626,5.4915856640097697e-17
7345.944446015324,5.652786227857895e-17
7346.7002180380205,5.693078200548173e-17
7347.455990060717,5.785857899909791e-17
7348.211762083415,5.796346216132419e-17
7348.967534106113,5.802264761607407e-17
7349.723306128809,5.733927142410162e-17
7350.479078151507,5.748223560653172e-17
7351.234850174204,5.751796221583744e-17
7351.9906221969,5.65228512754224e-17
7352.746394219598,5.724527053884785e-17
7353.502166242296,5.685524695821613e-17
7354.257938264992,5.691143453207121e-17
7355.01371028769,5.732099574827606e-17
7355.7694823103875,5.73167107021647e-17
7356.525254333084,5.690021883633081e-17
7357.281026355781,5.708286709830911e-17
7358.036798378479,5.697333999434581e-17
7358.792570401176,5.65335800062547e-17
7359.548342423873,5.566430593010849e-17
7360.304114446571,5.731404724258665e-17
7361.059886469267,5.822482914415267e-17
7361.815658491964,5.867336082569692e-17
7362.571430514662,5.810365393103223e-17
7363.327202537359,5.732532165378875e-17
7364.082974560057,5.663261673735314e-17
7364.838746582754,5.66367806159262e-17
7365.5945186054505,5.685202490267474e-17
7366.350290628148,5.697073884480335e-17
7367.106062650845,5.669617101461399e-17
7367.861834673542,5.549953023456974e-17
7368.61760669624,5.607559550258826e-17
7369.373378718938,5.766779108449722e-17
7370.129150741634,5.621413164900943e-17
7370.884922764331,5.471581200642756e-17
7371.640694787029,5.562157115658264e-17
7372.396466809725,5.524946020199431e-17
7373.152238832423,5.589149769793654e-17
7373.908010855121,5.688422220524144e-17
7374.663782877817,5.580433729458137e-17
7375.419554900514,5.531345010692284e-17
7376.175326923212,5.3545728859211926e-17
7376.93109894591,5.453492451496169e-17
7377.686870968606,5.617694326770642e-17
7378.442642991304,5.619560268079686e-17
7379.1984150140015,5.544780572455541e-17
7379.9541870366975,5.718318622387473e-17
7380.709959059395,5.762660870685379e-17
7381.465731082093,5.698145371501997e-17
7382.221503104789,5.649821064758544e-17
7382.977275127487,5.536972274257239e-17
7383.733047150185,5.638020100603995e-17
7384.488819172882,5.830891431422855e-17
7385.244591195578,5.771864218823452e-17
7386.000363218276,5.80416808750914e-17
7386.756135240974,5.756113258252467e-17
7387.51190726367,5.810435462659029e-17
7388.267679286368,5.722659089387234e-17
7389.023451309065,5.644943440671368e-17
7389.779223331762,5.643955994371051e-17
7390.534995354459,5.585432819274032e-17
7391.290767377157,5.578914475198013e-17
7392.046539399854,5.502291530102298e-17
7392.802311422551,5.555389104996355e-17
7393.5580834452485,5.623922630649165e-17
7394.313855467945,5.62094487709929e-17
7395.069627490642,5.485294838531223e-17
7395.82539951334,5.604553806596687e-17
7396.581171536037,5.5487158444524224e-17
7397.336943558735,5.562221293702013e-17
7398.092715581432,5.409427344244992e-17
7398.848487604128,5.365817492137798e-17
7399.604259626826,5.466971425058951e-17
7400.360031649523,5.565161509599728e-17
7401.11580367222,5.595513829069045e-17
7401.871575694918,5.647607704126031e-17
7402.627347717615,5.760625755176135e-17
7403.3831197403115,5.728346880685091e-17
7404.138891763009,5.440620654283698e-17
7404.894663785707,5.171719238079137e-17
7405.650435808403,5.37478068470931e-17
7406.406207831101,5.680729172182552e-17
7407.161979853799,5.515371154674293e-17
7407.917751876495,5.644554563831039e-17
7408.673523899192,5.818542871176124e-17
7409.42929592189,5.578996972527887e-17
7410.185067944587,5.662289118348239e-17
7410.940839967284,5.691961948287571e-17
7411.696611989982,5.6372980290722e-17
7412.4523840126785,5.594156331624436e-17
7413.208156035375,5.446846626711257e-17
7413.963928058073,5.637996648486059e-17
7414.71970008077,5.641224318068608e-17
7415.475472103467,5.606597409693716e-17
7416.231244126165,5.649411220713451e-17
7416.987016148862,5.820601941632296e-17
7417.742788171559,5.79053934226531e-17
7418.498560194256,5.811217474914773e-17
7419.254332216953,5.75358296413074e-17
7420.010104239651,5.760051771855445e-17
7420.765876262348,5.791678645028343e-17
7421.521648285045,5.661528953652513e-17
7422.277420307742,5.559428243358277e-17
7423.033192330439,5.733582375572863e-17
7423.788964353136,5.689085758413622e-17
7424.544736375834,5.673461272861898e-17
7425.300508398532,5.72007604653575e-17
7426.056280421228,5.732647561987792e-17
7426.8120524439255,5.656756909402823e-17
7427.567824466623,5.565922652687105e-17
7428.323596489319,5.575236880573175e-17
7429.079368512017,5.58575440631432e-17
7429.835140534715,5.738154381562363e-17
7430.590912557411,5.665774423343697e-17
7431.346684580109,5.50902624948601e-17
7432.102456602806,5.431452357667837e-17
7432.858228625504,5.554810733690676e-17
7433.6140006482,5.573085249764118e-17
7434.369772670898,5.580114480029384e-17
7435.125544693596,5.580810569161595e-17
7435.881316716292,5.716260875896141e-17
7436.637088738989,5.706092676213427e-17
7437.392860761687,5.694048259441209e-17
7438.148632784385,5.591316000863188e-17
7438.904404807081,5.641944854163845e-17
7439.660176829779,5.665783232968584e-17
7440.4159488524765,5.808154591649445e-17
7441.1717208751725,5.778603366374094e-17
7441.92749289787,5.763706394739252e-17
7442.683264920568,5.646491805311647e-17
7443.439036943264,5.670734490953873e-17
7444.194808965962,5.655906396558334e-17
7444.95058098866,5.632604357019756e-17
7445.706353011356,5.582927347554692e-17
7446.462125034053,5.720066797546829e-17
7447.217897056751,5.766179963923547e-17
7447.973669079448,5.777443175004684e-17
7448.729441102145,5.823838344280468e-17
7449.485213124843,5.723242838167287e-17
7450.2409851475395,5.785426215993418e-17
7450.996757170236,5.553384758501684e-17
7451.752529192934,5.580037572262142e-17
7452.508301215631,5.762670888769661e-17
7453.264073238329,5.717155288078665e-17
7454.019845261026,5.758613534183383e-17
7454.775617283723,5.814045065555115e-17
7455.53138930642,5.722007907597935e-17
7456.287161329117,5.79969708355324e-17
7457.042933351814,5.694046290817167e-17
7457.798705374512,5.677645134517648e-17
7458.55447739721,5.713718650621161e-17
7459.310249419906,5.779342868644064e-17
7460.066021442603,5.72109837748732e-17
7460.821793465301,5.638526311335596e-17
7461.577565487997,5.670686945671016e-17
7462.333337510695,5.75053201509842e-17
7463.089109533393,5.664066793100415e-17
7463.844881556089,5.753722721849638e-17
7464.6006535787865,5.592859388652989e-17
7465.356425601484,5.4722399966946615e-17
7466.112197624181,5.600844318432687e-17
7466.867969646878,5.719331069029111e-17
7467.623741669576,5.77594888636912e-17
7468.379513692273,5.743234454256036e-17
7469.1352857149695,5.778282572193292e-17
7469.891057737667,5.778902058572137e-17
7470.646829760364,5.634093000598504e-17
7471.402601783061,5.626006172667814e-17
7472.158373805759,5.5200277953655123e-17
7472.914145828456,5.329885938667707e-17
7473.6699178511535,5.61184828583057e-17
7474.42568987385,5.742256786183665e-17
7475.181461896547,5.745847951226524e-17
7475.937233919245,5.720823546880796e-17
7476.693005941942,5.738032726807744e-17
7477.448777964639,5.620864444103852e-17
7478.204549987337,5.645520532308729e-17
7478.960322010034,5.760150391672561e-17
7479.71609403273,5.750406840594875e-17
7480.471866055428,5.726596511365762e-17
7481.227638078126,5.640224674190268e-17
7481.983410100822,5.675709606913895e-17
7482.73918212352,5.735918766263804e-17
7483.494954146217,5.702694416052356e-17
7484.250726168913,5.625658360076528e-17
7485.006498191611,5.835674867896116e-17
7485.762270214309,5.848541449043222e-17
7486.518042237007,5.887097644051955e-17
7487.273814259703,5.781208791360387e-17
7488.0295862824005,5.835759220289807e-17
7488.785358305098,5.866059666841687e-17
7489.541130327794,5.817589537226915e-17
7490.296902350492,5.802457035659227e-17
7491.05267437319,5.874836607904511e-17
7491.808446395886,5.751761307119544e-17
7492.564218418584,5.629501447948542e-17
7493.319990441281,5.671920431309566e-17
7494.075762463979,5.675624196046759e-17
7494.831534486675,5.695034166345224e-17
7495.587306509373,5.596084032678771e-17
7496.343078532071,5.602547504573088e-17
7497.098850554767,5.592461949675216e-17
7497.854622577464,5.625978073468676e-17
7498.610394600162,5.637148826965941e-17
7499.366166622859,5.704093827085772e-17
7500.121938645556,5.582440527682702e-17
7500.877710668254,5.686524460646368e-17
7501.633482690951,5.700606032685739e-17
7502.3892547136475,5.847578679096713e-17
7503.145026736345,5.786452308606612e-17
7503.900798759042,5.561899231230295e-17
7504.656570781739,5.559270243953436e-17
7505.412342804437,5.685692403307145e-17
7506.168114827134,5.770983721620208e-17
7506.923886849831,5.737113319384304e-17
7507.679658872528,5.752552896125474e-17
7508.435430895225,5.723227901158539e-17
7509.191202917923,5.746469243364291e-17
7509.94697494062,5.760580353244962e-17
7510.702746963317,5.723376921221333e-17
7511.4585189860145,5.708374181619132e-17
7512.214291008711,5.605385983086102e-17
7512.970063031408,5.713276226659383e-17
7513.725835054106,5.659444303815464e-17
7514.481607076804,5.572364544161527e-17
7515.2373790995,5.685298364267081e-17
7515.993151122198,5.68730797582415e-17
7516.748923144895,5.698501672975391e-17
7517.504695167591,5.77154924106701e-17
7518.260467190289,5.755206796236923e-17
7519.016239212987,5.752840326567558e-17
7519.772011235684,5.646412462718484e-17
7520.527783258381,5.658784284925043e-17
7521.283555281078,5.644155457801889e-17
7522.039327303775,5.604078023765399e-17
7522.795099326472,5.714763389394615e-17
7523.55087134917,5.79310619409985e-17
7524.306643371867,5.803958731948608e-17
7525.062415394564,5.771145179403754e-17
7525.8181874172615,5.912317527211606e-17
7526.573959439958,5.843723694924718e-17
7527.329731462656,5.744327355293426e-17
7528.085503485353,5.73212333817234e-17
7528.84127550805,5.78292818259588e-17
7529.597047530748,5.761629949606594e-17
7530.3528195534445,5.740451397225616e-17
7531.108591576141,5.877799606040998e-17
7531.864363598839,5.884566048671234e-17
7532.620135621536,5.849405201062494e-17
7533.375907644233,5.929937831494793e-17
7534.131679666931,5.846623664652107e-17
7534.8874516896285,5.813812004527943e-17
7535.6432237123245,5.687540410867446e-17
7536.398995735022,5.637460058153378e-17
7537.15476775772,5.659403379548662e-17
7537.910539780416,5.765024411761011e-17
7538.666311803114,5.817729800940428e-17
7539.422083825812,5.760129853396454e-17
7540.177855848509,5.772846922324664e-17
7540.933627871205,5.817346992093803e-17
7541.689399893903,5.775314066697301e-17
7542.445171916601,5.874487987269713e-17
7543.200943939297,5.727006710261591e-17
7543.956715961995,5.715749095862328e-17
7544.712487984692,5.753218207488332e-17
7545.468260007388,5.748011625852013e-17
7546.224032030086,5.758155832055384e-17
7546.979804052784,5.74341324345791e-17
7547.735576075482,5.806629912316073e-17
7548.491348098178,5.796496018711642e-17
7549.2471201208755,5.71331768386486e-17
7550.002892143573,5.686605025844617e-17
7550.758664166269,5.688759118931107e-17
7551.514436188967,5.741393176304166e-17
7552.270208211665,5.776770898051282e-17
7553.025980234361,5.65063230736551e-17
7553.7817522570585,5.640293082996845e-17
7554.537524279756,5.714703591807333e-17
7555.293296302453,5.702218565974637e-17
7556.04906832515,5.660731768012703e-17
7556.804840347848,5.723470143379167e-17
7557.560612370545,5.714283362007761e-17
7558.316384393242,5.734774589078444e-17
7559.072156415939,5.803603422753234e-17
7559.827928438636,5.812881913967143e-17
7560.583700461334,5.712491258512207e-17
7561.339472484031,5.792584330032491e-17
7562.095244506728,5.810455451692858e-17
7562.851016529426,5.713243555919565e-17
7563.606788552122,5.757631328859941e-17
7564.362560574819,5.647539184153504e-17
7565.118332597517,5.727780804613603e-17
7565.874104620214,5.769953261166164e-17
7566.629876642911,5.617798631186145e-17
7567.385648665609,5.573398677866288e-17
7568.141420688306,5.610421355983354e-17
7568.897192711002,5.656469122046075e-17
7569.6529647337,5.706568293376239e-17
7570.408736756398,5.719541071713477e-17
7571.164508779094,5.699264598634375e-17
7571.920280801792,5.82064462454917e-17
7572.6760528244895,5.890391181847768e-17
7573.431824847185,5.783124398279121e-17
7574.187596869883,5.802415898044554e-17
7574.943368892581,5.736244944524324e-17
7575.699140915278,5.824796407857978e-17
7576.454912937975,5.850799094285027e-17
7577.210684960673,5.8502496797075e-17
7577.966456983369,5.823687254466742e-17
7578.722229006066,5.864318588812401e-17
7579.478001028764,5.885039243462416e-17
7580.233773051461,5.882635832718731e-17
7580.989545074159,5.914335499323571e-17
7581.745317096856,5.772295427617055e-17
7582.5010891195525,5.82878308845003e-17
7583.25686114225,5.756439506442573e-17
7584.012633164947,5.846108432459283e-17
7584.768405187644,5.769206180678502e-17
7585.524177210342,5.738549375557242e-17
7586.279949233039,5.761075272288554e-17
7587.035721255736,5.803184193785946e-17
7587.791493278433,5.778950388013235e-17
7588.547265301131,5.829540934502329e-17
7589.303037323827,5.746119104130597e-17
7590.058809346525,5.734932530690537e-17
7590.814581369223,5.79632784896989e-17
7591.570353391919,5.773773441505379e-17
7592.326125414616,5.822678806515165e-17
7593.081897437314,5.464723954296129e-17
7593.83766946001,4.412428244806618e-17
7594.593441482708,3.69689223334579e-17
7595.349213505406,3.2893202607422634e-17
7596.1049855281035,2.8245963297065826e-17
7596.8607575507995,3.0826239148052045e-17
7597.616529573497,3.3431520793957796e-17
7598.372301596195,2.798643275037832e-17
7599.128073618891,2.796276054367902e-17
7599.883845641589,2.2442771209467345e-17
7600.639617664287,2.2785961362978255e-17
7601.395389686984,2.292822989939657e-17
7602.15116170968,1.7533576300310096e-17
7602.906933732378,2.181996538711332e-17
7603.662705755076,2.0107046920426907e-17
7604.418477777772,1.796281314052028e-17
7605.17424980047,2.0286324822447524e-17
7605.930021823167,2.078841634095983e-17
7606.685793845863,1.9176354522211153e-17
7607.441565868561,2.003442752937626e-17
7608.197337891259,2.5104849823763943e-17
7608.953109913956,2.255605020651369e-17
7609.708881936653,2.0520972920871353e-17
7610.4646539593505,2.442831216226344e-17
7611.220425982047,3.221029546131126e-17
7611.976198004744,2.7301875740064625e-17
7612.731970027442,2.3265021680554147e-17
7613.487742050139,3.375410801526838e-17
7614.243514072836,4.1786131551542467e-17
7614.9992860955335,3.452723851430852e-17
7615.75505811823,3.168218906948677e-17
7616.510830140928,4.3709679824703565e-17
7617.266602163625,5.450778109964105e-17
7618.022374186322,5.694601078435985e-17
7618.77814620902,5.704932962133586e-17
7619.533918231717,5.4754040664503685e-17
7620.2896902544135,4.565236142484729e-17
7621.045462277111,3.6046351160995553e-17
7621.801234299808,4.384313046258014e-17
7622.557006322505,4.447629743723126e-17
7623.312778345203,3.1746978846975373e-17
7624.068550367901,2.5335496686778838e-17
7624.8243223905965,3.27508363877912e-17
7625.580094413294,4.6124085751472346e-17
7626.335866435992,4.024781758264636e-17
7627.091638458688,2.6529341139569687e-17
7627.847410481386,2.0425274212031364e-17
7628.603182504084,3.024149964652187e-17
7629.3589545267805,4.645903982283375e-17
7630.114726549477,4.461729648589996e-17
7630.870498572175,2.8671251820493134e-17
7631.626270594872,2.082732580120248e-17
7632.382042617569,2.9503728736966076e-17
7633.137814640267,4.569102952364885e-17
7633.893586662964,5.274212025319124e-17
7634.64935868566,3.8293166336775586e-17
7635.405130708358,2.4948578380912996e-17
7636.160902731055,2.3705221454468674e-17
7636.916674753753,3.5519958102670957e-17
7637.67244677645,5.119506263692461e-17
7638.428218799147,5.0299170067514143e-17
7639.183990821844,3.5749501126037774e-17
7639.939762844541,2.39476565133015e-17
7640.695534867238,2.7289842068438983e-17
7641.451306889936,3.9881981664293706e-17
7642.207078912634,5.198448576450253e-17
7642.96285093533,5.2023291479652544e-17
7643.7186229580275,3.939850242830617e-17
7644.474394980725,2.6717037721467618e-17
7645.230167003421,2.8464160057585584e-17
7645.985939026119,3.9012229496994045e-17
7646.741711048817,5.1202639515220566e-17
7647.497483071513,5.148214032373677e-17
7648.2532550942105,4.541576921197744e-17
7649.009027116908,3.443337326067437e-17
7649.764799139606,2.984579326259777e-17
7650.520571162302,3.8557755012320284e-17
7651.276343185,5.181799115400007e-17
7652.032115207698,5.589293188252776e-17
7652.787887230394,5.5010482758679353e-17
7653.543659253091,4.412204394887108e-17
7654.299431275789,3.480994851029421e-17
7655.055203298485,3.82338533025869e-17
7655.810975321183,4.73138240089953e-17
7656.566747343881,5.804297300361065e-17
7657.3225193665785,5.786850410289618e-17
7658.078291389274,5.743704138985528e-17
7658.834063411972,5.0321632324518384e-17
7659.58983543467,4.16592036251447e-17
7660.345607457366,4.2881594518415556e-17
7661.101379480064,4.929873565748836e-17
7661.857151502762,5.704955241658582e-17
7662.6129235254575,5.705880476978797e-17
7663.368695548155,5.768071909994279e-17
7664.124467570853,5.367626306048705e-17
7664.88023959355,4.794219134193883e-17
7665.636011616247,4.6259368357113997e-17
7666.391783638945,5.060081599289725e-17
7667.1475556616415,5.814772746982954e-17
7667.903327684338,5.789919750925114e-17
7668.659099707036,5.802474695624872e-17
7669.414871729733,5.661998282554718e-17
7670.170643752431,5.2420069139524567e-17
7670.926415775128,4.808572185305628e-17
7671.682187797825,5.039066484417542e-17
7672.437959820522,5.484227089062083e-17
7673.193731843219,5.756911375182819e-17
7673.949503865916,5.734976429056345e-17
7674.705275888614,5.84235525842203e-17
7675.461047911311,5.780915713450513e-17
7676.216819934008,5.533104215589574e-17
7676.972591956705,5.1447364821058474e-17
7677.728363979403,5.2724630416916657e-17
7678.484136002099,5.577132944275121e-17
7679.239908024797,5.647969572680148e-17
7679.995680047495,5.527874647779105e-17
7680.751452070191,5.5056500554213005e-17
7681.5072240928885,5.563357647768558e-17
7682.262996115586,5.5028296467335015e-17
7683.018768138283,5.3717006582381616e-17
7683.77454016098,5.4634584131992754e-17
7684.530312183678,5.571682366916583e-17
7685.286084206375,5.74277134252411e-17
7686.0418562290715,5.66063000169915e-17
7686.797628251769,5.664846548718643e-17
7687.553400274466,5.4996606194258917e-17
7688.309172297163,5.5183790783051807e-17
7689.064944319861,5.526638634512873e-17
7689.820716342558,5.615840552241801e-17
7690.5764883652555,5.649554882288568e-17
7691.332260387952,5.865755004125533e-17
7692.088032410649,5.75361449241811e-17
7692.843804433347,5.63331988023492e-17
7693.599576456044,5.71263342485842e-17
7694.355348478741,5.640354088015332e-17
7695.111120501439,5.486590993688847e-17
7695.866892524135,5.442756062131733e-17
7696.622664546832,5.550525681588384e-17
7697.37843656953,5.555586083185057e-17
7698.134208592228,5.631533447619692e-17
7698.889980614924,5.671222565158572e-17
7699.645752637622,5.574927888140653e-17
7700.401524660319,5.598848287359918e-17
7701.157296683015,5.660324972172031e-17
7701.913068705713,5.771880587505113e-17
7702.668840728411,5.798677317358579e-17
7703.424612751107,5.667230473126827e-17
7704.180384773805,5.529865892565048e-17
7704.9361567965025,5.676250625016494e-17
7705.6919288192,5.753860094515087e-17
7706.447700841896,5.743347400322523e-17
7707.203472864594,5.687686622520781e-17
7707.959244887292,5.727275939949276e-17
7708.715016909988,5.739015903601952e-17
7709.4707889326855,5.721103658566025e-17
7710.226560955383,5.700207470060501e-17
7710.982332978081,5.757137703193715e-17
7711.738105000777,5.755698648421492e-17
7712.493877023475,5.774578869648204e-17
7713.249649046173,5.817032803086812e-17
7714.005421068869,5.782322297398481e-17
7714.761193091566,5.839895847258549e-17
7715.516965114264,5.850081911394792e-17
7716.27273713696,5.742545309473e-17
7717.028509159658,5.737984317437284e-17
7717.784281182356,5.752187467478096e-17
7718.540053205053,5.75852069429102e-17
7719.295825227749,5.943925860380238e-17
7720.051597250447,5.89575821995957e-17
7720.807369273144,5.804044854644603e-17
7721.563141295841,5.909715800267724e-17
7722.318913318539,5.803591718460792e-17
7723.074685341236,5.851279342903587e-17
7723.830457363933,5.808971725793611e-17
7724.58622938663,5.815700277453912e-17
7725.342001409327,5.728605044751231e-17
7726.097773432025,5.768854132040575e-17
7726.853545454722,5.887400999917123e-17
7727.609317477419,5.815960473215387e-17
7728.3650895001165,5.629898060788473e-17
7729.120861522813,5.546215915390697e-17
7729.87663354551,5.55508817868609e-17
7730.632405568208,5.581382755808855e-17
7731.388177590906,5.571181359621703e-17
7732.143949613602,5.613352307165155e-17
7732.8997216363,5.701535525348432e-17
7733.655493658997,5.71915251681237e-17
7734.411265681693,5.68295195593198e-17
7735.167037704391,5.801991398489068e-17
7735.922809727089,5.737542119159967e-17
7736.678581749785,5.809689018185474e-17
7737.434353772483,5.806619013920399e-17
7738.19012579518,5.781707154459995e-17
7738.945897817877,5.756596342441628e-17
7739.701669840574,5.711867197920092e-17
7740.457441863272,5.766440244438294e-17
7741.213213885969,5.895124195803635e-17
7741.968985908666,5.909819898445702e-17
7742.7247579313635,5.94036538567026e-17
7743.48052995406,5.823975053988187e-17
7744.236301976757,5.903282564193073e-17
7744.992073999455,5.887950527976812e-17
7745.747846022152,5.817253574732048e-17
7746.50361804485,5.857393877174869e-17
7747.2593900675465,5.863465058657887e-17
7748.015162090243,5.838402527327636e-17
7748.770934112941,5.884717417724994e-17
7749.526706135638,5.876129483088483e-17
7750.282478158335,5.787519739860733e-17
7751.038250181033,5.760851410713606e-17
7751.7940222037305,5.748288300576789e-17
7752.5497942264265,5.689880982500837e-17
7753.305566249124,5.551768909692362e-17
7754.061338271822,5.468470974263262e-17
7754.817110294518,5.32564558821384e-17
7755.572882317216,5.24650842960074e-17
7756.328654339914,5.217773979146882e-17
7757.0844263626095,5.1308554928026115e-17
7757.840198385307,5.1882934769984196e-17
7758.595970408005,5.223283587438151e-17
7759.351742430703,5.145067934515555e-17
7760.107514453399,4.7365370699824e-17
7760.863286476097,4.5864886179293925e-17
7761.619058498794,5.1858120902531804e-17
7762.37483052149,4.673352213052574e-17
7763.130602544188,4.7504114343313904e-17
7763.886374566886,4.8628487349124937e-17
7764.642146589584,5.5260485077509413e-17
7765.39791861228,5.857732141657352e-17
7766.1536906349775,5.799698156740807e-17
7766.909462657675,5.808905245226398e-17
7767.665234680371,5.841016873636983e-17
7768.421006703069,5.739472096430792e-17
7769.176778725767,5.613090455954511e-17
7769.932550748463,5.623603842033171e-17
7770.6883227711605,5.569733135477719e-17
7771.444094793858,5.805147477127973e-17
7772.199866816554,5.920965948205708e-17
7772.955638839252,5.874762360154555e-17
7773.71141086195,5.771244157676171e-17
7774.467182884647,5.877990927493235e-17
7775.222954907344,5.802847448545572e-17
7775.978726930041,5.760104182164314e-17
7776.734498952738,5.835960612120883e-17
7777.490270975435,5.76449033108235e-17
7778.246042998133,5.747542925348132e-17
7779.00181502083,5.745949700721446e-17
7779.757587043528,5.748904957258881e-17
7780.513359066224,5.81057658999462e-17
7781.269131088921,5.693452072913771e-17
7782.024903111619,5.835310332300733e-17
7782.780675134316,5.781496775023867e-17
7783.536447157013,5.991421357472607e-17
7784.292219179711,5.830165815552308e-17
7785.0479912024075,5.708181264855794e-17
7785.803763225104,5.650850685214069e-17
7786.559535247802,5.616988407941184e-17
7787.3153072705,5.725875777177474e-17
7788.071079293196,5.67148263291156e-17
7788.826851315894,5.673450640529891e-17
7789.5826233385915,5.674238239108613e-17
7790.338395361287,5.823041431021238e-17
7791.094167383985,5.715034427715684e-17
7791.849939406683,5.737544379132745e-17
7792.60571142938,5.763829849970305e-17
7793.361483452077,5.710473638765831e-17
7794.1172554747745,5.8042850146799e-17
7794.873027497471,5.746696933160707e-17
7795.628799520168,5.798857710148044e-17
7796.384571542866,5.795771483725985e-17
7797.140343565563,5.65184514193713e-17
7797.89611558826,5.751706839744563e-17
7798.651887610958,5.724326744818319e-17
7799.4076596336545,5.767142220793245e-17
7800.163431656352,5.71332121881904e-17
7800.919203679049,5.710303007889505e-17
7801.674975701746,5.788680323644546e-17
7802.430747724444,5.719945529600257e-17
7803.186519747141,5.855835587102333e-17
7803.9422917698375,5.798465654367228e-17
7804.698063792535,5.812944640312741e-17
7805.453835815233,5.859367231166184e-17
7806.209607837929,5.75885411953894e-17
7806.965379860627,5.696086462735883e-17
7807.721151883325,5.719604032645305e-17
7808.476923906021,5.7813152374972e-17
7809.232695928718,5.78238213262698e-17
7809.988467951416,5.801652665483073e-17
7810.744239974112,5.897563517621206e-17
7811.50001199681,5.763990047935321e-17
7812.255784019508,5.64720859958674e-17
7813.011556042204,5.647501982667239e-17
7813.767328064901,5.586222663322087e-17
7814.523100087599,5.652485302908376e-17
7815.278872110297,5.690281287142856e-17
7816.034644132993,5.641253331555587e-17
7816.790416155691,5.660593892474754e-17
7817.546188178389,5.715985767360341e-17
7818.3019602010845,5.640038647435517e-17
7819.057732223782,5.675302054146971e-17
7819.81350424648,5.73314485075603e-17
7820.569276269178,5.59947780479781e-17
7821.325048291874,5.583824983223882e-17
7822.080820314572,5.685092619451392e-17
7822.836592337269,5.718612584988322e-17
7823.592364359965,5.668638443768892e-17
7824.348136382663,5.637389697792547e-17
7825.103908405361,5.735923180723088e-17
7825.859680428057,5.668963029268892e-17
7826.615452450755,5.608208172850473e-17
7827.3712244734525,5.65524686550637e-17
7828.126996496149,5.658602622812369e-17
7828.882768518846,5.583558038071134e-17
7829.638540541544,5.5474864922089494e-17
7830.394312564241,5.572843145276391e-17
7831.150084586938,5.551645028509591e-17
7831.9058566096355,5.563119637945243e-17
7832.661628632332,5.647208014384109e-17
7833.41740065503,5.724348952091875e-17
7834.173172677727,5.719267136031581e-17
7834.928944700424,5.65699556339156e-17
7835.684716723122,5.63986013324241e-17
7836.440488745819,5.704969232536799e-17
7837.1962607685155,5.731815000111948e-17
7837.952032791213,5.689408664035944e-17
7838.70780481391,5.637310691683492e-17
7839.463576836607,5.574814049343713e-17
7840.219348859305,5.593806675929776e-17
7840.975120882003,5.676380716102173e-17
7841.7308929046985,5.626925269698256e-17
7842.486664927396,5.620007815121905e-17
7843.242436950094,5.649108809189217e-17
7843.99820897279,5.61390264970024e-17
7844.753980995488,5.645941788227341e-17
7845.509753018186,5.575513450719921e-17
7846.2655250408825,5.670924595889276e-17
7847.021297063579,5.75083342366208e-17
7847.777069086277,5.735024154503672e-17
7848.532841108974,5.714362951761062e-17
7849.288613131671,5.683899272578976e-17
7850.044385154369,5.732079389732623e-17
7850.800157177066,5.781630563284009e-17
7851.555929199762,5.719980347567307e-17
7852.31170122246,5.646084948507057e-17
7853.067473245157,5.671881602634127e-17
7853.823245267854,5.689404915229855e-17
7854.579017290552,5.655499425851402e-17
7855.334789313249,5.609242936576689e-17
7856.090561335946,5.621200642577268e-17
7856.846333358643,5.581565185361892e-17
7857.60210538134,5.662876507637602e-17
7858.357877404038,5.682157527820929e-17
7859.113649426735,5.689647619312803e-17
7859.869421449432,5.650375155812057e-17
7860.6251934721295,5.605341593234425e-17
7861.380965494827,5.5273481793655546e-17
7862.136737517523,5.4321565342248e-17
7862.892509540221,5.4672296334688664e-17
7863.648281562919,5.4893673238415125e-17
7864.404053585615,5.574080023269718e-17
7865.1598256083125,5.486526718131016e-17
7865.91559763101,5.4442051032038746e-17
7866.671369653706,5.583747480163674e-17
7867.427141676404,5.552895747445295e-17
7868.182913699102,5.535261987749411e-17
7868.9386857218,5.618380002201117e-17
7869.694457744496,5.4437412972943406e-17
7870.450229767193,5.308624416569887e-17
7871.206001789891,5.485912217810026e-17
7871.961773812587,5.56292679348974e-17
7872.717545835285,5.607023999232347e-17
7873.473317857983,5.623318853811972e-17
7874.2290898806805,5.554083131347729e-17
7874.984861903376,5.486155354436506e-17
7875.740633926074,5.517945450019994e-17
7876.496405948772,5.542918709821349e-17
7877.252177971468,5.499174996574271e-17
7878.007949994166,5.4890886115460824e-17
7878.7637220168635,5.460249116959314e-17
7879.5194940395595,5.4634359586912565e-17
7880.275266062257,5.4940187109809313e-17
7881.031038084955,5.4752471623115025e-17
7881.786810107652,5.4922299446635515e-17
7882.542582130349,5.493351993424721e-17
7883.298354153047,5.459631688448353e-17
7884.0541261757435,5.32014769833799e-17
7884.80989819844,5.2352538254862493e-17
7885.565670221138,5.29193031166971e-17
7886.321442243835,5.4587919204235084e-17
7887.077214266533,5.585761876176258e-17
7887.83298628923,5.486997677565634e-17
7888.5887583119265,5.461855169247596e-17
7889.344530334624,5.4273870270212974e-17
7890.100302357321,5.5342596391653754e-17
7890.856074380018,5.448317744496377e-17
7891.611846402716,5.526907097751525e-17
7892.367618425413,5.518478195416224e-17
7893.12339044811,5.455570537722316e-17
7893.879162470807,5.3234045178620194e-17
7894.634934493504,5.3915541266507375e-17
7895.390706516201,5.4050510432990706e-17
7896.146478538899,5.529236401709493e-17
7896.902250561597,5.4385831493884465e-17
7897.658022584293,5.3066126247105114e-17
7898.41379460699,5.316670455467981e-17
7899.169566629688,5.426816350451934e-17
7899.925338652384,5.401890391298701e-17
7900.681110675082,5.392785636612551e-17
7901.43688269778,5.408004383439824e-17
7902.192654720477,5.3667463487375305e-17
7902.9484267431735,5.477459004380542e-17
7903.704198765871,5.4405453603296707e-17
7904.459970788568,5.470668232928686e-17
7905.215742811265,5.553353211501813e-17
7905.971514833963,5.393695356637586e-17
7906.72728685666,5.2887988910351294e-17
7907.483058879357,5.41913436930359e-17
7908.238830902054,5.409670261981011e-17
7908.994602924751,5.3955755313434344e-17
7909.750374947449,5.478657062106142e-17
7910.506146970146,5.494349573861779e-17
7911.261918992843,5.376888782418628e-17
7912.017691015541,5.4312919811806316e-17
7912.773463038237,5.359280431414488e-17
7913.529235060934,5.345175072802005e-17
7914.285007083632,5.5019679126425085e-17
7915.04077910633,5.466410054706428e-17
7915.796551129026,5.4364085803543124e-17
7916.552323151724,5.407617758785912e-17
7917.308095174421,5.256390574966908e-17
7918.063867197117,5.2957096942986714e-17
7918.819639219815,5.273982042564952e-17
7919.575411242513,5.186381048930101e-17
7920.331183265209,5.2743339691109647e-17
7921.086955287907,5.2710867652232826e-17
7921.8427273106045,5.3020043755131726e-17
7922.598499333302,5.363071009041473e-17
7923.354271355998,5.309306906415933e-17
7924.110043378696,5.336656485460505e-17
7924.865815401394,5.2785425980677335e-17
7925.62158742409,5.151337848705085e-17
7926.3773594467875,5.0807750994116866e-17
7927.133131469485,5.236553250361514e-17
7927.888903492183,5.28548200711113e-17
7928.644675514879,5.3666633499928043e-17
7929.400447537577,5.400014818445397e-17
7930.156219560275,5.419067746971671e-17
7930.911991582971,5.403546654335006e-17
7931.667763605668,5.183886568118197e-17
7932.423535628366,5.123728111742254e-17
7933.179307651062,5.290422130264287e-17
7933.93507967376,5.3239723358369545e-17
7934.690851696458,5.36102078523165e-17
7935.446623719154,5.377247297130081e-17
7936.202395741851,5.4046239415740515e-17
7936.958167764549,5.318976198363787e-17
7937.713939787246,5.3405915429194336e-17
7938.469711809943,5.330940738224217e-17
7939.225483832641,5.499292269913255e-17
7939.981255855338,5.51276628648769e-17
7940.7370278780345,5.4661624007933906e-17
7941.492799900732,5.504558546950974e-17
7942.248571923429,5.392042912347298e-17
7943.004343946127,5.413792098392897e-17
7943.760115968824,5.511592976639565e-17
7944.515887991521,5.390015049451047e-17
7945.2716600142185,5.392530425606705e-17
7946.027432036915,5.308021689708654e-17
7946.783204059612,5.494901145866334e-17
7947.53897608231,5.515438608066972e-17
7948.294748105007,5.497801381765796e-17
7949.050520127704,5.597148131089376e-17
7949.8062921504015,5.4683893295783065e-17
7950.562064173099,5.453563157436606e-17
7951.317836195795,5.412955850852345e-17
7952.073608218493,5.3795527848600757e-17
7952.829380241191,5.4234020209915294e-17
7953.585152263887,5.453502080950256e-17
7954.340924286585,5.4650988992495367e-17
7955.096696309282,5.3889709441831595e-17
7955.852468331979,5.564400258979978e-17
7956.608240354676,5.5129240176862125e-17
7957.364012377374,5.5456558137792504e-17
7958.119784400071,5.4126748028789135e-17
7958.875556422768,5.4605978048741794e-17
7959.631328445465,5.4934146589089357e-17
7960.387100468162,5.4607861005025395e-17
7961.142872490859,5.2984491113051965e-17
7961.898644513557,5.347755963146942e-17
7962.654416536254,5.4393130787547746e-17
7963.410188558952,5.392995983453127e-17
7964.1659605816485,5.401372381310039e-17
7964.921732604345,5.481499434567826e-17
7965.677504627043,5.390090936739323e-17
7966.43327664974,5.465119719451279e-17
7967.189048672437,5.428972196123487e-17
7967.944820695135,5.281087837433232e-17
7968.7005927178325,5.266163492128631e-17
7969.456364740528,5.48385143803001e-17
7970.212136763226,5.465172999957267e-17
7970.967908785924,5.4753912317627204e-17
7971.72368080862,5.528463071076565e-17
7972.479452831318,5.57070779681371e-17
7973.2352248540155,5.545241166518306e-17
7973.9909968767115,5.403884291992252e-17
7974.746768899409,5.3885222004787134e-17
7975.502540922107,5.411915998708543e-17
7976.258312944803,5.423767618435902e-17
7977.014084967501,5.433275313301007e-17
7977.769856990199,5.552664730378989e-17
7978.525629012896,5.474321383337732e-17
7979.281401035592,5.359529250920847e-17
7980.03717305829,5.254683840656284e-17
7980.792945080988,5.2972603258020925e-17
7981.548717103684,5.3751174265820143e-17
7982.304489126382,5.400899954666756e-17
7983.060261149079,5.3442407763217366e-17
7983.816033171777,5.379557526734964e-17
7984.571805194473,5.4156111841720065e-17
7985.327577217171,5.425377675574104e-17
7986.083349239869,5.424739631071302e-17
7986.839121262565,5.4767571186736955e-17
7987.5948932852625,5.421622758423397e-17
7988.35066530796,5.28539567997196e-17
7989.106437330656,5.330385630998464e-17
7989.862209353354,5.4316616880441075e-17
7990.617981376052,5.4448376535587614e-17
7991.373753398749,5.423167085588072e-17
7992.129525421446,5.3581178620594256e-17
7992.885297444143,5.4504845254971765e-17
7993.64106946684,5.602159827967909e-17
7994.396841489537,5.5431587944641584e-17
7995.152613512235,5.542934569587086e-17
7995.908385534932,5.538866943618316e-17
7996.66415755763,5.464099358844238e-17
7997.419929580326,5.482896287836906e-17
7998.175701603023,5.443102445805282e-17
7998.931473625721,5.389789111432162e-17
7999.687245648418,5.4102927101279226e-17
8000.443017671115,5.394542158774452e-17
8001.198789693813,5.4609312136373766e-17
8001.9545617165095,5.498503229089684e-17
8002.710333739206,5.486409042691946e-17
8003.466105761904,5.526583666881925e-17
8004.221877784602,5.489120462672277e-17
8004.977649807298,5.33246763579638e-17
8005.733421829996,5.250788081604345e-17
8006.4891938526935,5.238775534857631e-17
8007.244965875389,5.259945155367346e-17
8008.000737898087,5.328450030403617e-17
8008.756509920785,5.369747853188631e-17
8009.512281943481,5.337658952173947e-17
8010.268053966179,5.294572474361803e-17
8011.0238259888765,5.4099830188609684e-17
8011.779598011573,5.388893591955661e-17
8012.53537003427,5.365117806047163e-17
8013.291142056968,5.300730575883145e-17
8014.046914079665,5.1284630758409e-17
8014.802686102362,5.187984237732529e-17
8015.55845812506,5.3927317260819485e-17
8016.3142301477565,5.516286274464806e-17
8017.070002170453,5.5018945398794897e-17
8017.825774193151,5.4773919748070494e-17
8018.581546215848,5.47505531190462e-17
8019.337318238546,5.459493384588393e-17
8020.093090261243,5.427582739323399e-17
8020.8488622839395,5.4144672626291423e-17
8021.604634306637,5.409262071177232e-17
8022.360406329334,5.532933434487082e-17
8023.116178352031,5.4805959230663085e-17
8023.871950374729,5.353281945977051e-17
8024.627722397427,5.351812933528866e-17
8025.383494420123,5.3733441886179025e-17
8026.13926644282,5.39568795527616e-17
8026.895038465518,5.262840360080843e-17
8027.650810488214,5.32641423245878e-17
8028.406582510912,5.26933683344025e-17
8029.16235453361,5.263426839292341e-17
8029.918126556306,5.346497411407174e-17
8030.673898579003,5.400323879260033e-17
8031.429670601701,5.418824115653066e-17
8032.185442624399,5.3555835365701784e-17
8032.941214647095,5.2556164012498475e-17
8033.696986669793,5.245712130001369e-17
8034.4527586924905,5.400794627063175e-17
8035.2085307151865,5.4934145398233045e-17
8035.964302737884,5.4879089424260384e-17
8036.720074760582,5.470411348718067e-17
8037.47584678328,5.5147515507035094e-17
8038.231618805976,5.4118719440417346e-17
8038.987390828674,5.3584959171357734e-17
8039.743162851371,5.3003996017019515e-17
8040.498934874067,5.345528270759362e-17
8041.254706896765,5.370761598274304e-17
8042.010478919463,5.312249116668543e-17
8042.766250942159,5.3430023462692195e-17
8043.522022964857,5.436973047430255e-17
8044.277794987554,5.426588050281965e-17
8045.03356701025,5.371216771767164e-17
8045.789339032948,5.391578514698344e-17
8046.545111055646,5.3592985365048285e-17
8047.300883078343,5.2380076669550525e-17
8048.05665510104,5.2126756117070966e-17
8048.8124271237375,5.1895025529452e-17
8049.568199146434,5.311248600553463e-17
8050.323971169132,5.287067685788395e-17
8051.079743191829,5.344905635783207e-17
8051.835515214526,5.3555611552841215e-17
8052.591287237224,5.375094795586593e-17
8053.347059259921,5.355708575283838e-17
8054.102831282617,5.3663019077210794e-17
8054.858603305315,5.3143948270609145e-17
8055.614375328012,5.267688792383904e-17
8056.370147350709,5.417630591041922e-17
8057.125919373407,5.328138807774454e-17
8057.881691396104,5.349970444446233e-17
8058.6374634188005,5.4339359933870545e-17
8059.393235441498,5.4450944793505056e-17
8060.149007464196,5.313475804864288e-17
8060.904779486892,5.266825503307663e-17
8061.66055150959,5.297451323215077e-17
8062.416323532288,5.3814212244129254e-17
8063.172095554984,5.306013436044683e-17
8063.927867577681,5.400139428756414e-17
8064.683639600379,5.308476317549078e-17
8065.439411623076,5.3155786363231096e-17
8066.195183645773,5.282957706873206e-17
8066.950955668471,5.254460446133743e-17
8067.7067276911675,5.406461593136511e-17
8068.462499713864,5.407422506086604e-17
8069.218271736562,5.337041969304297e-17
8069.974043759259,5.233842498092504e-17
8070.729815781956,5.317224769854065e-17
8071.485587804654,5.2667715710598637e-17
8072.241359827351,5.246543052971015e-17
8072.997131850048,5.171677114186113e-17
8073.752903872745,5.198130424435208e-17
8074.508675895442,5.238413317953055e-17
8075.26444791814,5.35340914986376e-17
8076.020219940837,5.329203285671526e-17
8076.775991963534,5.325186174860509e-17
8077.531763986231,5.295642478366905e-17
8078.287536008929,5.3248536602164993e-17
8079.043308031625,5.2186116455549055e-17
8079.799080054323,5.264573365655686e-17
8080.554852077021,5.280106150657903e-17
8081.310624099717,5.244761445425908e-17
8082.0663961224145,5.309989982626897e-17
8082.822168145112,5.3365806654161713e-17
8083.577940167808,5.323926372678189e-17
8084.333712190506,5.235361235230712e-17
8085.089484213204,5.223679397364017e-17
8085.8452562359,5.246688762072871e-17
8086.601028258598,5.1991740276766656e-17
8087.356800281295,5.263247066707675e-17
8088.112572303993,5.4459824659139855e-17
8088.868344326689,5.32855573108174e-17
8089.624116349387,5.3002753069420104e-17
8090.379888372085,5.386785443747029e-17
8091.1356603947825,5.257865266586063e-17
8091.891432417478,5.2889384053890645e-17
8092.647204440176,5.345714807018256e-17
8093.402976462874,5.3112423711850745e-17
8094.15874848557,5.330373094548655e-17
8094.914520508268,5.2366960311487577e-17
8095.6702925309655,5.2913532693503246e-17
8096.4260645536615,5.3218383545403335e-17
8097.181836576359,5.2482982046485083e-17
8097.937608599057,5.354283969251271e-17
8098.693380621753,5.163059751993078e-17
8099.449152644451,5.19631036711424e-17
8100.204924667149,5.3251378861788987e-17
8100.9606966898455,5.36423823300705e-17
8101.716468712542,5.242351900115089e-17
8102.47224073524,5.3085245536864906e-17
8103.228012757937,5.233403504100048e-17
8103.983784780634,5.2980407335952345e-17
8104.739556803332,5.2808884103006337e-17
8105.4953288260285,5.288650428933435e-17
8106.251100848726,5.276646631144012e-17
8107.006872871423,5.285163639852353e-17
8107.76264489412,5.2158929547744873e-17
8108.518416916818,5.3832040144044744e-17
8109.274188939515,5.4180368486865844e-17
8110.029960962212,5.331729777094261e-17
8110.785732984909,5.268741142707507e-17
8111.541505007606,5.2909545962310114e-17
8112.297277030303,5.304976827553914e-17
8113.053049053001,5.367108844531062e-17
8113.808821075699,5.281978316212468e-17
8114.564593098395,5.3976988483473505e-17
8115.320365121092,5.3310673597986965e-17
8116.07613714379,5.248102603308095e-17
8116.831909166486,5.3491453709592306e-17
8117.587681189184,5.3566139710884203e-17
8118.343453211882,5.4177934915594375e-17
8119.099225234579,5.21189422820381e-17
8119.8549972572755,5.234280469421629e-17
8120.610769279973,5.322377014337568e-17
8121.36654130267,5.268242024940714e-17
8122.122313325367,5.285212231327847e-17
8122.878085348065,5.328581419712473e-17
8123.633857370762,5.2599655504764256e-17
8124.389629393459,5.239076262748814e-17
8125.145401416156,5.2487312591553145e-17
8125.901173438853,5.323693444108491e-17
8126.65694546155,5.268450059015518e-17
8127.412717484248,5.2945263176820506e-17
8128.168489506945,5.292962606018463e-17
8128.9242615296425,5.2462892545217196e-17
8129.680033552339,5.224376141872403e-17
8130.435805575036,5.2457824088077e-17
8131.191577597734,5.366050396763078e-17
8131.947349620432,5.343912129707106e-17
8132.703121643128,5.3424925016887474e-17
8133.458893665826,5.27553884425764e-17
8134.214665688523,5.289941066443319e-17
8134.970437711219,5.215945854648153e-17
8135.726209733917,5.231483228708876e-17
8136.481981756615,5.289618836781487e-17
8137.237753779311,5.3794427692327153e-17
8137.993525802009,5.339572802238681e-17
8138.749297824706,5.411575146983719e-17
8139.505069847402,5.417163499243462e-17
8140.2608418701,5.2845624748952046e-17
8141.016613892798,5.149345816816989e-17
8141.772385915496,5.132944964211566e-17
8142.528157938192,5.365302022391469e-17
8143.2839299608895,5.361602211200254e-17
8144.039701983587,5.3321163667376647e-17
8144.795474006283,5.351526580938861e-17
8145.551246028981,5.37315687172278e-17
8146.307018051679,5.298669961585932e-17
8147.062790074377,5.230966650152986e-17
8147.818562097073,5.2183159198393465e-17
8148.57433411977,5.269055702224851e-17
8149.330106142468,5.272526128691112e-17
8150.085878165164,5.15230447437832e-17
8150.841650187862,5.234542320788206e-17
8151.59742221056,5.338771184585852e-17
8152.353194233256,5.3362748452319896e-17
8153.108966255953,5.298679576617471e-17
8153.864738278651,5.143700448108762e-17
8154.620510301347,5.067275464312208e-17
8155.376282324045,5.258488496661112e-17
8156.132054346743,5.3178146854238435e-17
8156.88782636944,5.2917953479641095e-17
8157.6435983921365,5.214592131832863e-17
8158.399370414834,5.187316969909733e-17
8159.155142437531,5.3940039303503034e-17
8159.910914460229,5.387804545963581e-17
8160.666686482926,5.1592258173009105e-17
8161.422458505623,4.993598514457272e-17
8162.1782305283205,4.8724110143576456e-17
8162.934002551017,4.9080850681417503e-17
8163.689774573714,4.884528410912295e-17
8164.445546596412,4.856377146603284e-17
8165.201318619109,4.959090064357881e-17
8165.957090641806,5.1803100156726054e-17
8166.7128626645035,5.247740579624092e-17
8167.4686346872,5.183949330007368e-17
8168.224406709897,5.083497284566349e-17
8168.980178732595,5.0602489189472784e-17
8169.735950755293,5.087126333893109e-17
8170.491722777989,5.1465789623623974e-17
8171.247494800687,5.083869497117564e-17
8172.003266823384,5.136251115739957e-17
8172.759038846081,5.1497268696106697e-17
8173.514810868778,5.1088581275617104e-17
8174.270582891476,5.0713889889984027e-17
8175.026354914173,5.161893621869404e-17
8175.78212693687,5.014240856335454e-17
8176.537898959567,4.8236294181915685e-17
8177.293670982264,4.874800124603902e-17
8178.049443004961,5.0757541097425565e-17
8178.805215027659,5.087911899854281e-17
8179.560987050356,5.1228189525753546e-17
8180.316759073053,5.193031384271384e-17
8181.0725310957505,5.117164003334095e-17
8181.828303118447,4.9785101277577787e-17
8182.584075141145,4.7407332670301495e-17
8183.339847163842,4.789366694919261e-17
8184.095619186539,5.050646909733737e-17
8184.851391209237,5.212047099412455e-17
8185.607163231934,5.3324682113809536e-17
8186.36293525463,5.215324180571705e-17
8187.118707277328,5.2392579983784647e-17
8187.874479300026,5.1810542785219414e-17
8188.630251322722,4.988611191100671e-17
8189.38602334542,4.716762338671504e-17
8190.1417953681175,4.964427625496928e-17
8190.8975673908135,5.379968427427089e-17
8191.653339413511,5.3361563851589774e-17
8192.409111436209,5.10401540510496e-17
8193.164883458905,5.041791208156133e-17
8193.920655481603,5.211213849047227e-17
8194.6764275043,5.3092753663178456e-17
8195.432199526997,5.325103253064089e-17
8196.187971549694,5.3458969377912e-17
8196.943743572392,5.302432059624667e-17
8197.69951559509,5.114359382897646e-17
8198.455287617786,5.1657502791532783e-17
8199.211059640484,5.3077164159845957e-17
8199.966831663181,5.1885863021147025e-17
8200.72260368588,5.0581081777155255e-17
8201.478375708575,4.9935581705638557e-17
8202.234147731273,5.147721572195463e-17
8202.98991975397,5.3000588561296864e-17
8203.745691776667,5.202815164881036e-17
8204.501463799365,5.2238947457984077e-17
8205.257235822062,5.37335897752864e-17
8206.013007844758,5.366449229138359e-17
8206.768779867456,5.3576185362631417e-17
8207.524551890154,5.266733272931809e-17
8208.28032391285,5.1920237035076975e-17
8209.036095935548,5.289235873047048e-17
8209.791867958245,5.4211780954972206e-17
8210.547639980943,5.265051389495077e-17
8211.30341200364,5.186865522357205e-17
8212.059184026337,5.295364840971713e-17
8212.814956049035,5.313411308718293e-17
8213.570728071732,5.3415788179194486e-17
8214.326500094428,5.47992609261239e-17
8215.082272117126,5.51055823174757e-17
8215.838044139822,5.3605402509483094e-17
8216.59381616252,5.2865433341109985e-17
8217.349588185218,5.295570324501728e-17
8218.105360207916,5.2289479694434195e-17
8218.861132230611,5.3091123627742495e-17
8219.61690425331,5.325574499533645e-17
8220.372676276005,5.344874820309081e-17
8221.128448298703,5.3256794409285374e-17
8221.8842203214,5.3151454089192084e-17
8222.639992344099,5.213421711104982e-17
8223.395764366795,5.252776201659337e-17
8224.151536389492,5.276141029741797e-17
8224.907308412188,5.380196976971283e-17
8225.663080434886,5.255882284163934e-17
8226.418852457584,5.205998634954247e-17
8227.174624480282,5.0055613047613196e-17
8227.930396502978,4.949841466884089e-17
8228.686168525675,4.83014859006662e-17
8229.441940548371,5.057147060873771e-17
8230.19771257107,4.9764423553638443e-17
8230.953484593767,4.922138636800004e-17
8231.709256616465,4.991802500995929e-17
8232.46502863916,5.247499144215544e-17
8233.220800661858,5.275788723416185e-17
8233.976572684554,5.2702134727601555e-17
8234.732344707252,5.3688987410969485e-17
8235.48811672995,5.388279097047598e-17
8236.243888752648,5.227503977515957e-17
8236.999660775344,5.0454854479793244e-17
8237.755432798042,5.2112267171852786e-17
8238.51120482074,5.414128676636754e-17
8239.266976843435,5.40405430190249e-17
8240.022748866133,5.432672575482941e-17
8240.77852088883,5.457336112653829e-17
8241.534292911529,5.568098538967498e-17
8242.290064934225,5.4051021952886085e-17
8243.045836956922,5.219425809514066e-17
8243.80160897962,5.367310502277728e-17
8244.557381002316,5.464998551232525e-17
8245.313153025014,5.451580738318013e-17
8246.068925047712,5.355621246078761e-17
8246.824697070408,5.3402268509350635e-17
8247.580469093105,5.4749500232033285e-17
8248.336241115803,5.4563337006609673e-17
8249.0920131385,5.5033623084129226e-17
8249.847785161197,5.503356665747187e-17
8250.603557183895,5.608039990581931e-17
8251.359329206593,5.5275355200728055e-17
8252.115101229288,5.370836321021758e-17
8252.870873251986,5.4101443391973505e-17
8253.626645274684,5.5339191878506765e-17
8254.38241729738,5.573242396929869e-17
8255.138189320078,5.391340424848825e-17
8255.893961342776,5.3252685930633193e-17
8256.649733365473,5.283685298965076e-17
8257.40550538817,5.5119529842138907e-17
8258.161277410867,5.627522004479325e-17
8258.917049433565,5.527170104235634e-17
8259.67282145626,5.423589359463699e-17
8260.428593478959,5.545342211231152e-17
8261.184365501656,5.5053976177892235e-17
8261.940137524352,5.4070500257248224e-17
8262.69590954705,5.424229838461381e-17
8263.451681569748,5.42265397662237e-17
8264.207453592446,5.39626170320907e-17
8264.963225615142,5.434942555020078e-17
8265.71899763784,5.597038548101515e-17
8266.474769660537,5.65736366762757e-17
8267.230541683233,5.631383433921098e-17
8267.986313705931,5.472236380990894e-17
8268.742085728629,5.345136526540526e-17
8269.497857751325,5.409910575841121e-17
8270.253629774023,5.49768368172893e-17
8271.00940179672,5.62552849320333e-17
8271.765173819418,5.5401318734969834e-17
8272.520945842114,5.535892553941256e-17
8273.276717864812,5.448881433475218e-17
8274.032489887508,5.1507652392106645e-17
8274.788261910206,5.244260685830153e-17
8275.544033932903,5.4710458333291145e-17
8276.299805955601,5.4252774877412685e-17
8277.055577978297,5.463000598334157e-17
8277.811350000995,5.5459169073690054e-17
8278.56712202369,5.56745167585909e-17
8279.322894046389,5.472737817355731e-17
8280.078666069086,5.343093143911307e-17
8280.834438091784,5.439319428814903e-17
8281.59021011448,5.517634201269743e-17
8282.345982137178,5.4308467850928126e-17
8283.101754159874,5.54264656624859e-17
8283.857526182572,5.638496242568452e-17
8284.61329820527,5.615691548272685e-17
8285.369070227967,5.579205308282985e-17
8286.124842250663,5.4096891889170714e-17
8286.880614273361,5.2546390853620094e-17
8287.636386296057,5.2128166948967776e-17
8288.392158318755,5.369932309288435e-17
8289.147930341453,5.4377652443543683e-17
8289.90370236415,5.541317237309087e-17
8290.659474386846,5.622449302444541e-17
8291.415246409544,5.598315658884197e-17
8292.171018432242,5.546326513766664e-17
8292.926790454938,5.498875036366207e-17
8293.682562477636,5.235762205065195e-17
8294.438334500333,5.257430797192476e-17
8295.19410652303,5.370033797601495e-17
8295.949878545727,5.523892888351606e-17
8296.705650568425,5.665060453679813e-17
8297.461422591123,5.660396659104518e-17
8298.217194613819,5.595355654123913e-17
8298.972966636517,5.620556251026999e-17
8299.728738659214,5.585953368675688e-17
8300.48451068191,5.4239458934351986e-17
8301.240282704608,5.4025627730646404e-17
8301.996054727306,5.363016609107061e-17
8302.751826750002,5.443211574727717e-17
8303.5075987727,5.5415918690305297e-17
8304.263370795397,5.5996537789159e-17
8305.019142818095,5.438117134569345e-17
8305.774914840791,5.4374235270391275e-17
8306.530686863489,5.4329648135242424e-17
8307.286458886187,5.453622952634937e-17
8308.042230908883,5.509994465144174e-17
8308.79800293158,5.570908191929607e-17
8309.553774954278,5.39837949032338e-17
8310.309546976976,5.274667957615137e-17
8311.065318999672,5.157475913865125e-17
8311.82109102237,5.103527578491388e-17
8312.576863045068,5.2334812621600586e-17
8313.332635067763,5.3722608757078485e-17
8314.088407090461,5.4029346318932133e-17
8314.844179113159,5.28974485923485e-17
8315.599951135855,5.29697056604292e-17
8316.355723158553,5.46046945876557e-17
8317.11149518125,5.586176513278905e-17
8317.867267203947,5.408966074545918e-17
8318.623039226644,5.3957721328902666e-17
8319.378811249342,5.454300661133347e-17
8320.13458327204,5.4947062739504466e-17
8320.890355294736,5.2692156080239894e-17
8321.646127317434,5.0712723347552285e-17
8322.401899340131,5.1335356700495676e-17
8323.157671362827,5.2433921432781727e-17
8323.913443385525,5.509502340001926e-17
8324.669215408223,5.652095946876193e-17
8325.42498743092,5.682513887314496e-17
8326.180759453617,5.706306148608848e-17
8326.936531476314,5.610996105364431e-17
8327.69230349901,5.670108023079118e-17
8328.448075521708,5.72540247958871e-17
8329.203847544406,5.713061952331103e-17
8329.959619567104,5.772897276082555e-17
8330.7153915898,5.720993435651008e-17
8331.471163612498,5.641222399427347e-17
8332.226935635194,5.588924732879825e-17
8332.982707657891,5.4213793324629e-17
8333.738479680589,5.2626058483366184e-17
8334.494251703287,5.476420014116678e-17
8335.250023725983,5.62923919608287e-17
8336.00579574868,5.723393758046076e-17
8336.761567771377,5.815006696879864e-17
8337.517339794074,5.868245252363373e-17
8338.273111816772,5.787403306408658e-17
8339.02888383947,5.782740988675152e-17
8339.784655862166,5.799794221205433e-17
8340.540427884864,5.888854214192817e-17
8341.29619990756,5.735135420256526e-17
8342.051971930257,5.63751679192076e-17
8342.807743952955,5.730059962751793e-17
8343.563515975653,5.727332147371842e-17
8344.319287998349,5.685158929482649e-17
8345.075060021047,5.812411376114828e-17
8345.830832043745,5.4905800222275907e-17
8346.58660406644,5.4117088528033806e-17
8347.342376089138,5.405061536959102e-17
8348.098148111836,5.721504173247208e-17
8348.853920134532,5.77271261887903e-17
8349.60969215723,5.751185658642649e-17
8350.365464179928,5.77048977967457e-17
8351.121236202625,5.846871225870457e-17
8351.877008225321,5.864008049650382e-17
8352.63278024802,5.891902374415871e-17
8353.388552270717,6.052531952957946e-17
8354.144324293413,5.904153966163303e-17
8354.90009631611,5.837490400333346e-17
8355.655868338808,5.831695886571336e-17
8356.411640361504,5.79624728063502e-17
8357.167412384202,5.710494851518482e-17
8357.9231844069,5.67080640607045e-17
8358.678956429596,5.767229765096726e-17
8359.434728452294,5.803377709219848e-17
8360.190500474991,5.856069767167547e-17
8360.94627249769,5.70704948588018e-17
8361.702044520385,5.3538693699602713e-17
8362.457816543083,5.181222882332718e-17
8363.21358856578,5.4602739588497465e-17
8363.969360588479,5.610590501727394e-17
8364.725132611175,5.85452558815727e-17
8365.480904633872,5.89605457962494e-17
8366.23667665657,5.781410667781736e-17
8366.992448679266,5.663941868637089e-17
8367.748220701964,5.683102376585801e-17
8368.503992724662,5.87334282631473e-17
8369.259764747358,5.888656390238698e-17
8370.015536770055,5.691913964637709e-17
8370.771308792753,5.715589148311358e-17
8371.52708081545,5.806291365375464e-17
8372.282852838147,5.906129301297522e-17
8373.038624860845,5.86154753770757e-17
8373.794396883543,5.827358532538506e-17
8374.550168906238,5.831022556580377e-17
8375.305940928936,5.704244609689563e-17
8376.061712951634,5.664846493207656e-17
8376.81748497433,5.839882345135183e-17
8377.573256997028,5.85269868212738e-17
8378.329029019726,5.789112473433532e-17
8379.084801042423,5.734036965439366e-17
8379.84057306512,5.427047495511358e-17
8380.596345087817,5.448530784410588e-17
8381.352117110513,5.605379204841054e-17
8382.10788913321,5.822086661281156e-17
8382.863661155909,5.912762931594825e-17
8383.619433178606,5.953586478799034e-17
8384.375205201302,5.9928592782216e-17
8385.130977224,6.008267433263164e-17
8385.886749246696,6.068990823331409e-17
8386.642521269394,6.036765464423492e-17
8387.398293292092,6.045208502880408e-17
8388.15406531479,6.173793550928322e-17
8388.909837337485,6.141143706601104e-17
8389.665609360183,6.001359782600327e-17
8390.42138138288,6.008993613953208e-17
8391.177153405577,5.900337277722425e-17
8391.932925428275,5.906274355682929e-17
8392.688697450973,5.900540053788123e-17
8393.444469473669,5.963617360279075e-17
8394.200241496366,6.073871770774874e-17
8394.956013519062,6.087507903215816e-17
8395.71178554176,5.98444115813143e-17
8396.467557564458,5.862815777635224e-17
8397.223329587156,5.97558581841503e-17
8397.979101609852,5.915777115606386e-17
8398.73487363255,5.965417699356158e-17
8399.490645655245,5.847597551215445e-17
8400.246417677943,5.514259829812735e-17
8401.00218970064,5.396837189375483e-17
8401.757961723339,5.608338966670216e-17
8402.513733746035,5.847763285832839e-17
8403.269505768732,5.891909248092814e-17
8404.02527779143,6.12210860379131e-17
8404.781049814128,6.02040302864376e-17
8405.536821836824,5.891153421749723e-17
8406.292593859522,5.942077613871528e-17
8407.04836588222,5.98374743890866e-17
8407.804137904915,6.162595036107201e-17
8408.559909927613,6.096151868602255e-17
8409.315681950311,6.186686330906332e-17
8410.071453973007,6.315348101031137e-17
8410.827225995705,6.263649119693512e-17
8411.582998018403,6.195444469608144e-17
8412.338770041099,6.301373470355892e-17
8413.094542063796,6.082142542758705e-17
8413.850314086494,5.884686245861592e-17
8414.606086109192,5.753956537907558e-17
8415.361858131888,5.915720550458469e-17
8416.117630154586,6.032095665659734e-17
8416.873402177283,6.139268859273288e-17
8417.62917419998,6.047517052637404e-17
8418.384946222677,6.010517369812723e-17
8419.140718245375,6.007479821787407e-17
8419.896490268073,5.980159009101821e-17
8420.652262290769,5.98339580513712e-17
8421.408034313466,6.026730998031996e-17
8422.163806336164,5.928360182265073e-17
8422.91957835886,5.793094767894102e-17
8423.675350381558,5.702319369343876e-17
8424.431122404256,5.566859658343724e-17
8425.186894426952,5.240097965028758e-17
8425.94266644965,5.1472411758191466e-17
8426.698438472347,5.551561408759698e-17
8427.454210495045,5.722740124658971e-17
8428.209982517741,5.786564475734005e-17
8428.965754540439,5.728403990906354e-17
8429.721526563137,5.911890841770501e-17
8430.477298585833,6.081766086546532e-17
8431.23307060853,5.981769317253315e-17
8431.988842631228,5.864423038437255e-17
8432.744614653926,5.746071418687024e-17
8433.500386676622,5.089727094092037e-17
8434.25615869932,4.752201415833486e-17
8435.011930722016,5.663498726626396e-17
8435.767702744713,6.282965187202e-17
8436.523474767411,6.303859037501768e-17
8437.279246790109,6.232824034529529e-17
8438.035018812805,6.280279712303311e-17
8438.790790835503,6.307710817653511e-17
8439.546562858199,6.394244412608064e-17
8440.302334880897,6.488110879293188e-17
8441.058106903594,6.555175011417867e-17
8441.813878926292,6.449269571646101e-17
8442.569650948988,6.368256932986603e-17
8443.325422971686,6.286412103393485e-17
8444.081194994382,6.258039747128216e-17
8444.83696701708,6.301942706236997e-17
8445.592739039777,6.255134096478106e-17
8446.348511062475,6.1521113728957e-17
8447.104283085171,6.05578800711311e-17
8447.860055107869,5.975957909487735e-17
8448.615827130565,6.079803999228705e-17
8449.371599153263,6.090648015670305e-17
8450.12737117596,6.079000738924148e-17
8450.883143198658,6.14487801811707e-17
8451.638915221354,6.093249918911107e-17
8452.394687244052,6.032932783318928e-17
8453.150459266748,5.980694844076513e-17
8453.906231289446,5.839469559365886e-17
8454.662003312143,5.5316054843437124e-17
8455.417775334841,5.607102450611362e-17
8456.173547357537,5.922749989423918e-17
8456.929319380235,6.076417942660687e-17
8457.685091402933,6.347087419767254e-17
8458.440863425629,6.296891220699291e-17
8459.196635448327,6.240253526420055e-17
8459.952407471024,6.280145066552583e-17
8460.708179493722,6.347761075637079e-17
8461.463951516418,6.356724174409557e-17
8462.219723539116,6.45333764278925e-17
8462.975495561814,6.3955239544702e-17
8463.73126758451,6.348434882288069e-17
8464.487039607207,6.270984122622187e-17
8465.242811629905,6.416909621768088e-17
8465.998583652601,6.41653567260817e-17
8466.754355675299,6.355420018547088e-17
8467.510127697997,6.336531956324212e-17
8468.265899720693,6.375678542524534e-17
8469.02167174339,6.464319572312576e-17
8469.777443766088,6.345028508847908e-17
8470.533215788786,6.467158283785618e-17
8471.288987811482,6.392500702733239e-17
8472.04475983418,6.40119895906247e-17
8472.800531856878,6.325348214891185e-17
8473.556303879575,6.25260113907533e-17
8474.312075902271,6.240611655477823e-17
8475.06784792497,6.202987097757778e-17
8475.823619947667,6.17217664356721e-17
8476.579391970363,6.077460081195465e-17
8477.33516399306,6.042353381879575e-17
8478.090936015758,6.185356981757684e-17
8478.846708038454,6.150049993226455e-17
8479.602480061152,5.937669448802717e-17
8480.35825208385,6.00650449005846e-17
8481.114024106546,6.054597914214425e-17
8481.869796129244,5.931311571792207e-17
8482.625568151941,5.938915230353035e-17
8483.38134017464,5.757403734627493e-17
8484.137112197335,5.3935408771402575e-17
8484.892884220033,4.433593356380615e-17
8485.64865624273,3.950322876184566e-17
8486.404428265429,5.020024254862178e-17
8487.160200288125,5.656910295206277e-17
8487.915972310822,5.925602385717193e-17
8488.671744333518,5.863321943778603e-17
8489.427516356216,5.5171326816556796e-17
8490.183288378914,5.4305975605397046e-17
8490.939060401612,5.856498603431102e-17
8491.694832424308,6.106608183363657e-17
8492.450604447005,6.097940898553404e-17
8493.206376469701,6.217982901145518e-17
8493.9621484924,6.21374044907667e-17
8494.717920515097,6.265519131692271e-17
8495.473692537795,6.336405691251398e-17
8496.22946456049,6.440071121078577e-17
8496.985236583188,6.577698423977916e-17
8497.741008605884,6.451554898606497e-17
8498.496780628582,6.420656516508179e-17
8499.25255265128,6.439147572801111e-17
8500.008324673978,6.449946389885017e-17
8500.764096696674,6.538329044819041e-17
8501.519868719372,6.47269403039812e-17
8502.275640742067,6.513548703903349e-17
8503.031412764765,6.465896272010127e-17
8503.787184787463,6.414068672171042e-17
8504.54295681016,6.450609271499505e-17
8505.298728832857,6.558025364430616e-17
8506.054500855555,6.484066225194104e-17
8506.81027287825,6.435500973551262e-17
8507.566044900948,6.495257489437296e-17
8508.321816923646,6.509632160274186e-17
8509.077588946344,6.397112351168549e-17
8509.83336096904,6.53470826974947e-17
8510.589132991738,6.443826221845835e-17
8511.344905014435,6.350183951074298e-17
8512.100677037131,6.353279731243186e-17
8512.85644905983,6.332952837752916e-17
8513.612221082527,6.282017067119869e-17
8514.367993105225,6.227375312385737e-17
8515.12376512792,6.248625556072097e-17
8515.879537150618,6.172098123848435e-17
8516.635309173316,6.093882185385163e-17
8517.391081196012,5.991004953961173e-17
8518.14685321871,5.925490767038562e-17
8518.902625241408,5.985386823377503e-17
8519.658397264104,5.869219399971313e-17
8520.414169286802,5.751006011402231e-17
8521.1699413095,5.860350997627985e-17
8521.925713332195,5.928250083102064e-17
8522.681485354893,5.793498209584818e-17
8523.43725737759,5.4635650357848014e-17
8524.193029400289,5.306353812502863e-17
8524.948801422985,5.226520972626097e-17
8525.704573445682,5.0813983868340313e-17
8526.46034546838,4.732412589213469e-17
8527.216117491078,4.3733165809358594e-17
8527.971889513774,3.8889490761313514e-17
8528.727661536472,2.9612727906791093e-17
8529.48343355917,2.7816949839812495e-17
8530.239205581865,3.761523219354824e-17
8530.994977604563,4.568755370849879e-17
8531.750749627261,4.8068605666253625e-17
8532.506521649957,4.556277751011838e-17
8533.262293672655,4.5589775743198557e-17
8534.018065695353,5.038567727795951e-17
8534.773837718049,5.586041102190912e-17
8535.529609740746,5.94394582816601e-17
8536.285381763444,5.866221406145609e-17
8537.041153786142,5.883714639334962e-17
8537.796925808838,5.986713627183977e-17
8538.552697831536,6.087158357656335e-17
8539.308469854233,6.352638747163719e-17
8540.06424187693,6.565992812488753e-17
8540.820013899627,6.526166225126881e-17
8541.575785922325,6.625024340110707e-17
8542.33155794502,6.496889559936298e-17
8543.087329967719,6.39773479810069e-17
8543.843101990416,6.299735347880543e-17
8544.598874013114,6.409253165816738e-17
8545.35464603581,6.514159458113353e-17
8546.110418058508,6.729526569624291e-17
8546.866190081204,6.847427927165496e-17
8547.621962103902,6.839049046235897e-17
8548.3777341266,6.821030449941108e-17
8549.133506149297,6.760725930430956e-17
8549.889278171993,6.904640571628409e-17
8550.645050194691,6.913454197557565e-17
8551.400822217387,6.835861867559732e-17
8552.156594240085,6.817215819250326e-17
8552.912366262783,6.759461100299799e-17
8553.66813828548,6.806139487296038e-17
8554.423910308176,6.732136665162334e-17
8555.179682330874,6.692036213276701e-17
8555.93545435357,6.860733734146725e-17
8556.691226376268,6.938016692475035e-17
8557.446998398966,6.92717305141239e-17
8558.202770421663,7.053895763713793e-17
8558.95854244436,7.059254739073786e-17
8559.714314467057,6.915463540018585e-17
8560.470086489753,6.77147468730824e-17
8561.225858512451,6.803134906164035e-17
8561.981630535149,6.838199371451292e-17
8562.737402557847,6.924738105181468e-17
8563.493174580542,6.927920093664459e-17
8564.24894660324,7.01599286261761e-17
8565.004718625938,7.012691662004881e-17
8565.760490648634,6.921864253939362e-17
8566.516262671332,6.986285568354851e-17
8567.27203469403,6.977968396904576e-17
8568.027806716726,6.922543460035031e-17
8568.783578739423,6.902722127772908e-17
8569.539350762121,7.009276027518195e-17
8570.295122784819,6.997413677696532e-17
8571.050894807515,6.999081377452684e-17
8571.806666830213,7.038580511583454e-17
8572.56243885291,6.96528128881748e-17
8573.318210875606,6.896337985192372e-17
8574.073982898304,6.904214715481819e-17
8574.829754921002,6.90052823304654e-17
8575.585526943698,6.91410308252288e-17
8576.341298966396,6.864055383425345e-17
8577.097070989093,6.774278470264249e-17
8577.852843011791,6.818493086007272e-17
8578.608615034487,6.877795037591322e-17
8579.364387057185,6.818078704956121e-17
8580.120159079883,6.782258666504811e-17
8580.875931102579,6.653803506213352e-17
8581.631703125277,6.53692550853892e-17
8582.387475147974,6.608520565835933e-17
8583.143247170672,6.656614882814835e-17
8583.899019193368,6.567901150293312e-17
8584.654791216066,6.38133368273868e-17
8585.410563238764,6.070112211707384e-17
8586.16633526146,6.22811064938073e-17
8586.922107284157,6.791849158838266e-17
8587.677879306855,6.783214216411667e-17
8588.433651329551,6.929777273894171e-17
8589.189423352249,6.922592870678424e-17
8589.945195374947,6.700658349245762e-17
8590.700967397643,6.620128611048954e-17
8591.45673942034,6.691444214556063e-17
8592.212511443038,6.809939145765499e-17
8592.968283465736,6.754287170574399e-17
8593.724055488432,6.835265653292853e-17
8594.47982751113,6.900032846302003e-17
8595.235599533828,6.89935466940305e-17
8595.991371556524,6.938725561867614e-17
8596.747143579221,6.940327719743546e-17
8597.502915601919,6.899703830500989e-17
8598.258687624617,6.960723331382369e-17
8599.014459647313,6.934708426647081e-17
8599.77023167001,6.774761114979274e-17
8600.526003692707,6.879080938260912e-17
8601.281775715404,6.999332935304954e-17
8602.037547738102,7.161487588526813e-17
8602.7933197608,7.269085738127166e-17
8603.549091783496,7.109226692155024e-17
8604.304863806194,6.995495708016967e-17
8605.06063582889,7.062737340544258e-17
8605.816407851587,7.20650699530749e-17
8606.572179874285,7.198720505253873e-17
8607.327951896983,7.177836391502272e-17
8608.083723919679,7.154088687464385e-17
8608.839495942377,7.17533587296879e-17
8609.595267965073,7.13214516721076e-17
8610.35103998777,7.068582744237459e-17
8611.106812010468,7.208109532238102e-17
8611.862584033166,7.142818079998285e-17
8612.618356055862,7.230848798526533e-17
8613.37412807856,7.284305596946691e-17
8614.129900101256,7.251587811273237e-17
8614.885672123954,7.301013359055196e-17
8615.641444146651,7.226917821130538e-17
8616.39721616935,7.156236140696279e-17
8617.152988192045,7.090470921775874e-17
8617.908760214743,7.161765018385313e-17
8618.66453223744,7.213552033393488e-17
8619.420304260137,7.17425928027139e-17
8620.176076282834,7.086641625908506e-17
8620.931848305532,7.120803903687739e-17
8621.687620328228,7.22696097605802e-17
8622.443392350926,7.15063310332102e-17
8623.199164373624,7.181312823757379e-17
8623.954936396322,7.293176474355309e-17
8624.710708419017,7.276934230595198e-17
8625.466480441715,7.296389525311007e-17
8626.222252464413,7.311474919026242e-17
8626.978024487109,6.992673159257186e-17
8627.733796509807,6.96488407591477e-17
8628.489568532505,7.209144691739922e-17
8629.2453405552,7.096300541116214e-17
8630.001112577898,7.10422313988554e-17
8630.756884600596,7.023460900451888e-17
8631.512656623292,7.056980614106319e-17
8632.26842864599,7.090848117905999e-17
8633.024200668688,6.987067203313478e-17
8633.779972691385,7.08961757779337e-17
8634.535744714081,6.990172110020585e-17
8635.29151673678,6.838354571816641e-17
8636.047288759477,6.638618932695944e-17
8636.803060782175,6.704624882599939e-17
8637.55883280487,6.620568912398747e-17
8638.314604827568,6.562562292142001e-17
8639.070376850266,6.597738193258813e-17
8639.826148872962,6.615199208893077e-17
8640.58192089566,6.682088724596624e-17
8641.337692918358,6.684460938403044e-17
8642.093464941054,6.567338945801823e-17
8642.849236963752,6.520128231345756e-17
8643.60500898645,6.400354857352613e-17
8644.360781009145,6.506395075462616e-17
8645.116553031843,6.141531167026725e-17
8645.87232505454,5.886463138224511e-17
8646.628097077239,5.684599761316022e-17
8647.383869099935,5.4849115981621396e-17
8648.139641122632,4.7030856756362127e-17
8648.89541314533,3.653414284764491e-17
8649.651185168026,3.9081219346577983e-17
8650.406957190724,4.893303629136802e-17
8651.162729213422,5.047296853348311e-17
8651.91850123612,4.9463332687463375e-17
8652.674273258815,5.468181317351479e-17
8653.430045281513,6.348506083408444e-17
8654.18581730421,6.531780977199708e-17
8654.941589326907,6.595237019773648e-17
8655.697361349605,6.616490938811618e-17
8656.453133372303,6.910375543645793e-17
8657.208905394999,7.056344760590798e-17
8657.964677417696,7.036861998407137e-17
8658.720449440392,7.006522066950118e-17
8659.47622146309,7.114335509326855e-17
8660.231993485788,7.162843301394515e-17
8660.987765508486,7.075384884567803e-17
8661.743537531182,7.304764903983136e-17
8662.49930955388,7.370100603622354e-17
8663.255081576575,7.38782639811669e-17
8664.010853599273,7.375859483972184e-17
8664.76662562197,7.38775765765565e-17
8665.522397644669,7.330610343989883e-17
8666.278169667365,7.084941946556466e-17
8667.033941690062,6.677119397186084e-17
8667.789713712758,6.502011720691078e-17
8668.545485735456,6.867191275744603e-17
8669.301257758154,7.195313011393902e-17
8670.057029780852,7.163940444007856e-17
8670.812801803548,7.06183591577868e-17
8671.568573826245,7.269668492600086e-17
8672.324345848941,7.441610745137637e-17
8673.08011787164,7.202806714257665e-17
8673.835889894337,7.172296450924313e-17
8674.591661917035,7.339117802390818e-17
8675.34743393973,7.162720406194731e-17
8676.103205962429,7.13595561624099e-17
8676.858977985126,7.432528922284136e-17
8677.614750007824,7.65710190317893e-17
8678.37052203052,7.514780497458926e-17
8679.126294053218,7.528954468991628e-17
8679.882066075916,7.59319956720745e-17
8680.637838098612,7.484166082546264e-17
8681.39361012131,7.339883759521415e-17
8682.149382144007,7.325389356996668e-17
8682.905154166703,7.492992334257187e-17
8683.660926189401,7.773893008021704e-17
8684.416698212099,7.680135999517565e-17
8685.172470234795,7.635142762785169e-17
8685.928242257492,7.667779061160953e-17
8686.68401428019,7.714258563135422e-17
8687.439786302886,7.793782768893759e-17
8688.195558325584,7.799411102402389e-17
8688.951330348282,7.86553089335438e-17
8689.70710237098,7.657522093403255e-17
8690.462874393677,7.607144223331733e-17
8691.218646416373,7.85831871137292e-17
8691.974418439071,0.0
8692.730190461769,0.0
8693.485962484465,0.0
