wav,flam
4918.877200172,6.6176545e-16
4920.1347096887075,1.3978446e-15
4921.392219205414,2.5090042e-16
4922.649728722122,-1.530796e-15
4923.907238238829,1.4780975e-15
4925.164747755536,6.6392035e-18
4926.422257272244,6.078052e-17
4927.679766788951,-5.3541106e-16
4928.937276305658,6.913772e-16
4930.194785822366,2.4070275e-15
4931.452295339073,7.395814e-17
4932.70980485578,-9.35355e-16
4933.967314372488,1.0955498e-16
4935.224823889195,7.313731e-16
4936.482333405902,2.468263e-15
4937.73984292261,1.937745e-15
4938.997352439316,-2.0912454e-15
4940.254861956024,-1.1663935e-15
4941.5123714727315,1.0255137e-15
4942.769880989438,2.2766886e-15
4944.027390506146,1.3233545e-15
4945.284900022853,-1.9989587e-16
4946.54240953956,7.033144e-17
4947.799919056268,1.8327159e-15
4949.057428572975,6.6985737e-16
4950.314938089682,-8.60412e-16
4951.57244760639,1.4481731e-15
4952.829957123097,2.4988963e-15
4954.087466639804,1.949464e-15
4955.344976156512,-8.096042e-16
4956.602485673219,-1.7824123e-17
4957.859995189926,1.1044926e-15
4959.117504706634,2.3128633e-15
4960.375014223341,-6.141761e-16
4961.632523740048,-4.8170944e-16
4962.8900332567555,-2.1233875e-16
4964.147542773463,1.5624511e-15
4965.40505229017,1.4591332e-15
4966.662561806877,-3.9418221e-16
4967.920071323585,-2.9833673e-16
4969.177580840292,1.7919038e-16
4970.435090356999,7.7189673e-16
4971.692599873706,-1.2700084e-15
4972.950109390414,-4.969288e-16
4974.207618907121,2.7560582e-15
4975.465128423828,1.966555e-15
4976.722637940536,-1.1317759e-16
4977.980147457243,1.1367316e-15
4979.23765697395,-1.0475128e-15
4980.4951664906575,1.4245347e-16
4981.752676007365,-8.507511e-16
4983.010185524072,-1.549894e-15
4984.2676950407795,1.2547181e-15
4985.525204557487,-4.6592974e-16
4986.782714074194,-4.7322884e-16
4988.040223590901,-3.191884e-17
4989.297733107609,6.040079e-16
4990.555242624316,9.135128e-16
4991.812752141023,-1.1177146e-15
4993.070261657731,1.3135558e-16
4994.327771174438,7.081842e-17
4995.585280691145,1.6752047e-15
4996.842790207853,-6.8310846e-16
4998.10029972456,-6.0808516e-16
4999.357809241267,1.6815849e-16
5000.615318757975,2.5139e-15
5001.8728282746815,-3.9872128e-16
5003.130337791389,-6.029895e-16
5004.387847308097,3.7448708e-16
5005.6453568248035,9.4415745e-17
5006.902866341511,4.813101e-16
5008.160375858218,-5.111399e-16
5009.417885374925,1.03870704e-16
5010.675394891633,1.7308909e-15
5011.93290440834,1.8407227e-15
5013.190413925047,-3.4884083e-16
5014.447923441755,1.4826898e-15
5015.705432958462,1.6816125e-15
5016.962942475169,2.7607711e-15
5018.220451991877,4.497267e-16
5019.477961508584,1.054462e-16
5020.735471025291,-2.38871e-16
5021.992980541999,8.7017436e-16
5023.2504900587055,-5.7864346e-16
5024.507999575413,-6.529214e-16
5025.765509092121,-1.9878276e-16
5027.023018608827,1.575154e-15
5028.280528125535,2.8190868e-16
5029.538037642243,8.476358e-16
5030.795547158949,2.2070926e-15
5032.053056675657,6.3301996e-16
5033.310566192365,-1.1406653e-16
5034.568075709071,4.1975978e-16
5035.825585225779,-1.2496092e-15
5037.0830947424865,-6.4918167e-16
5038.340604259193,-1.3470602e-15
5039.598113775901,-7.158587e-16
5040.855623292608,-9.612725e-17
5042.113132809315,-4.696325e-16
5043.370642326023,8.5812103e-16
5044.6281518427295,1.6038245e-15
5045.885661359437,1.9506688e-15
5047.143170876145,8.2256587e-16
5048.400680392851,-9.559417e-17
5049.658189909559,1.245909e-15
5050.915699426267,1.2915951e-16
5052.173208942973,-7.4222526e-17
5053.430718459681,8.704754e-16
5054.688227976389,1.4851518e-15
5055.945737493095,1.3325164e-15
5057.203247009803,2.2889332e-16
5058.4607565265105,-2.9067055e-16
5059.718266043217,6.9310165e-16
5060.975775559925,-1.7478096e-16
5062.2332850766325,1.5177756e-16
5063.490794593339,-2.270476e-16
5064.748304110047,7.578304e-16
5066.005813626754,1.7404363e-16
5067.263323143461,-7.2163766e-16
5068.520832660169,-8.3292365e-16
5069.778342176876,1.1886579e-16
5071.035851693583,1.3247799e-16
5072.293361210291,-9.538439e-17
5073.550870726998,5.4159906e-16
5074.808380243705,-5.903125e-17
5076.065889760413,9.51173e-17
5077.323399277119,3.32906e-16
5078.580908793827,-8.1772264e-16
5079.8384183105345,1.0042522e-15
5081.095927827241,4.945908e-17
5082.353437343949,2.0663093e-16
5083.610946860656,7.335121e-16
5084.868456377363,1.8074622e-15
5086.125965894071,2.5377994e-16
5087.383475410778,-5.191841e-16
5088.640984927485,3.823276e-16
5089.898494444193,2.3047706e-16
5091.1560039609,-4.956614e-16
5092.413513477607,4.3364437e-16
5093.671022994315,5.3624184e-16
5094.928532511022,7.7889265e-17
5096.186042027729,-7.063435e-17
5097.443551544437,2.541078e-18
5098.701061061144,-6.569467e-17
5099.958570577851,-3.6199933e-16
5101.2160800945585,1.1773963e-16
5102.473589611266,7.618603e-16
5103.731099127973,6.9591803e-16
5104.98860864468,-2.2709867e-16
5106.246118161388,3.0811502e-17
5107.503627678095,7.636374e-16
5108.761137194802,-1.8724622e-16
5110.018646711509,-3.8444983e-16
5111.276156228217,-4.2937307e-16
5112.533665744924,2.813369e-16
5113.791175261631,2.9024135e-16
5115.048684778339,-1.5064038e-16
5116.306194295046,3.2908556e-16
5117.563703811753,5.509515e-16
5118.8212133284605,-2.414512e-16
5120.078722845168,2.9656865e-16
5121.336232361875,4.1656924e-16
5122.5937418785825,9.138964e-16
5123.85125139529,-5.8692e-17
5125.108760911997,-5.290695e-16
5126.366270428704,4.2664756e-16
5127.623779945412,6.976105e-16
5128.881289462119,3.298237e-16
5130.138798978826,-7.495924e-17
5131.396308495534,-5.7489704e-19
5132.653818012241,2.8454968e-16
5133.911327528948,-8.602248e-17
5135.168837045656,8.663942e-17
5136.426346562363,-8.625942e-17
5137.68385607907,9.1451434e-18
5138.941365595778,7.3788e-16
5140.1988751124845,-4.2147276e-18
5141.456384629192,2.6278842e-16
5142.7138941459,1.2626604e-16
5143.9714036626065,2.5011202e-16
5145.228913179314,6.7172243e-16
5146.486422696021,9.768673e-16
5147.743932212728,5.401941e-16
5149.001441729436,6.4288244e-16
5150.258951246143,7.1297415e-16
5151.51646076285,2.1846797e-16
5152.773970279558,4.9893195e-16
5154.031479796265,1.4378565e-17
5155.288989312972,5.3541025e-17
5156.54649882968,1.3384007e-16
5157.804008346387,3.6600027e-15
5159.061517863094,6.1257857e-16
5160.319027379802,8.1787024e-16
5161.5765368965085,1.3842985e-15
5162.834046413216,1.4996324e-15
5164.091555929924,3.6888814e-16
5165.34906544663,8.5811637e-16
5166.606574963338,1.0589327e-15
5167.864084480046,1.3827047e-15
5169.121593996752,1.5849831e-15
5170.37910351346,1.4474665e-15
5171.636613030168,1.8455965e-15
5172.894122546874,2.6441709e-15
5174.151632063582,1.7578643e-15
5175.409141580289,1.773953e-15
5176.666651096996,2.1747817e-15
5177.924160613704,2.8971161e-15
5179.181670130411,2.1155105e-15
5180.439179647118,2.2416985e-15
5181.696689163826,2.0677527e-15
5182.9541986805325,2.5228593e-15
5184.21170819724,2.6347455e-15
5185.469217713948,3.6849893e-15
5186.726727230654,3.713292e-15
5187.984236747362,3.0069884e-15
5189.24174626407,3.166059e-15
5190.499255780776,4.0363585e-15
5191.756765297484,4.201982e-15
5193.014274814192,4.0119936e-15
5194.271784330898,4.2136077e-15
5195.529293847606,3.811917e-15
5196.7868033643135,4.1400552e-15
5198.04431288102,4.936673e-15
5199.301822397728,4.685946e-15
5200.5593319144355,4.3955614e-15
5201.816841431142,4.5646923e-15
5203.07435094785,4.32647e-15
5204.331860464557,5.217036e-15
5205.589369981264,4.5635357e-15
5206.846879497972,4.198865e-15
5208.104389014679,4.7685964e-15
5209.361898531386,5.187538e-15
5210.619408048094,5.1925665e-15
5211.876917564801,3.914717e-15
5213.134427081508,4.299501e-15
5214.391936598216,4.5859287e-15
5215.649446114923,4.7633097e-15
5216.90695563163,4.5902088e-15
5218.1644651483375,4.468895e-15
5219.421974665044,4.2227837e-15
5220.679484181752,4.2495922e-15
5221.936993698459,4.468472e-15
5223.194503215166,4.753525e-15
5224.452012731874,4.0820826e-15
5225.709522248581,4.3661453e-15
5226.967031765288,4.4978487e-15
5228.224541281996,3.879891e-15
5229.482050798703,4.3903793e-15
5230.73956031541,4.8989934e-15
5231.997069832118,4.2339636e-15
5233.254579348825,4.1923447e-15
5234.512088865532,4.292728e-15
5235.76959838224,4.071476e-15
5237.027107898947,3.742379e-15
5238.284617415654,3.3242191e-15
5239.5421269323615,3.705305e-15
5240.799636449069,3.5987935e-15
5242.057145965776,3.4122777e-15
5243.314655482483,3.8178024e-15
5244.57216499919,4.1613395e-15
5245.829674515898,4.323935e-15
5247.087184032605,4.151967e-15
5248.344693549312,3.6117705e-15
5249.60220306602,3.4285425e-15
5250.859712582727,3.6831237e-15
5252.117222099434,3.9600895e-15
5253.374731616142,3.714103e-15
5254.632241132849,3.2731534e-15
5255.889750649556,3.736975e-15
5257.147260166264,3.6970087e-15
5258.404769682971,3.1618723e-15
5259.662279199678,3.7711787e-15
5260.9197887163855,3.5656635e-15
5262.177298233093,3.3254187e-15
5263.4348077498,3.2058844e-15
5264.692317266507,3.7843526e-15
5265.949826783215,3.4062979e-15
5267.207336299922,3.649302e-15
5268.464845816629,3.615198e-15
5269.722355333337,3.3922626e-15
5270.979864850044,3.394716e-15
5272.237374366751,3.576443e-15
5273.494883883459,3.3882934e-15
5274.752393400166,3.3022405e-15
5276.009902916873,3.3507478e-15
5277.267412433581,3.7644186e-15
5278.5249219502875,3.612519e-15
5279.782431466995,3.7431987e-15
5281.039940983703,3.6614435e-15
5282.2974505004095,3.453403e-15
5283.554960017117,3.6110264e-15
5284.812469533825,3.8369847e-15
5286.069979050531,3.4511985e-15
5287.327488567239,3.378877e-15
5288.584998083946,3.804419e-15
5289.842507600653,3.6032972e-15
5291.100017117361,3.5064434e-15
5292.357526634068,3.562643e-15
5293.615036150775,3.4739284e-15
5294.872545667483,3.273186e-15
5296.13005518419,3.6107473e-15
5297.387564700897,3.2775853e-15
5298.645074217605,3.2001354e-15
5299.9025837343115,3.1150056e-15
5301.160093251019,3.4105578e-15
5302.417602767727,3.359826e-15
5303.675112284433,3.4140245e-15
5304.932621801141,3.2664972e-15
5306.190131317849,3.6263e-15
5307.447640834555,3.4036249e-15
5308.705150351263,2.9892295e-15
5309.962659867971,3.4566271e-15
5311.220169384677,3.6324813e-15
5312.477678901385,3.427773e-15
5313.735188418092,3.1757078e-15
5314.992697934799,3.1552265e-15
5316.250207451507,3.2499585e-15
5317.507716968214,3.3067398e-15
5318.765226484921,3.5088793e-15
5320.022736001629,3.172153e-15
5321.2802455183355,3.346549e-15
5322.537755035043,3.0480038e-15
5323.795264551751,3.2152498e-15
5325.052774068457,3.2181198e-15
5326.310283585165,2.976542e-15
5327.567793101873,2.8900508e-15
5328.825302618579,3.3713415e-15
5330.082812135287,2.9415938e-15
5331.340321651995,3.1007115e-15
5332.597831168701,3.1213386e-15
5333.855340685409,3.1055504e-15
5335.1128502021165,3.2064777e-15
5336.370359718823,3.2571595e-15
5337.627869235531,3.3572017e-15
5338.8853787522385,3.1657183e-15
5340.142888268945,3.0697905e-15
5341.400397785653,3.3182056e-15
5342.65790730236,3.1469904e-15
5343.915416819067,3.3849262e-15
5345.172926335775,3.4681063e-15
5346.430435852482,3.3908054e-15
5347.687945369189,3.683152e-15
5348.945454885897,3.5501004e-15
5350.202964402604,3.1107605e-15
5351.460473919311,3.3918642e-15
5352.717983436019,2.9743437e-15
5353.975492952726,3.1117214e-15
5355.233002469433,3.2028014e-15
5356.4905119861405,3.403089e-15
5357.748021502847,2.6921225e-15
5359.005531019555,2.8942925e-15
5360.263040536262,3.1005607e-15
5361.520550052969,3.0710304e-15
5362.778059569677,3.0183953e-15
5364.035569086384,3.030684e-15
5365.293078603091,3.149344e-15
5366.550588119799,3.2404042e-15
5367.808097636506,3.0096053e-15
5369.065607153213,3.3592185e-15
5370.323116669921,3.3993459e-15
5371.580626186628,3.1958094e-15
5372.838135703335,2.9935275e-15
5374.095645220043,3.2329221e-15
5375.35315473675,3.064535e-15
5376.610664253457,3.1831507e-15
5377.8681737701645,2.9656112e-15
5379.125683286872,3.1872787e-15
5380.383192803579,3.1154418e-15
5381.640702320286,2.96158e-15
5382.898211836993,3.2280542e-15
5384.155721353701,2.9845187e-15
5385.413230870408,2.7648322e-15
5386.670740387115,3.1272236e-15
5387.928249903823,3.090237e-15
5389.18575942053,3.1404657e-15
5390.443268937237,3.0315565e-15
5391.700778453945,3.030866e-15
5392.958287970652,2.9330595e-15
5394.215797487359,3.4137935e-15
5395.473307004067,3.3592365e-15
5396.730816520774,3.235107e-15
5397.988326037481,2.934256e-15
5399.2458355541885,2.9721632e-15
5400.503345070896,3.1270601e-15
5401.760854587603,3.1464364e-15
5403.01836410431,3.0888047e-15
5404.275873621018,3.0247015e-15
5405.533383137725,3.3535728e-15
5406.790892654432,3.0839352e-15
5408.04840217114,3.405627e-15
5409.305911687847,2.9334185e-15
5410.563421204554,3.093258e-15
5411.820930721262,3.1850724e-15
5413.078440237969,3.5009545e-15
5414.335949754676,3.1678924e-15
5415.593459271384,2.8789146e-15
5416.8509687880905,2.9821965e-15
5418.108478304798,3.148468e-15
5419.365987821506,2.8336702e-15
5420.6234973382125,2.8771812e-15
5421.88100685492,3.1233495e-15
5423.138516371628,3.0440418e-15
5424.396025888334,2.9423201e-15
5425.653535405042,2.8728833e-15
5426.911044921749,3.1274625e-15
5428.168554438456,3.1545675e-15
5429.426063955164,2.7495045e-15
5430.683573471871,3.1061765e-15
5431.941082988578,3.1117661e-15
5433.198592505286,3.0407265e-15
5434.456102021993,3.0982892e-15
5435.7136115387,3.0629607e-15
5436.971121055408,3.0939968e-15
5438.2286305721145,3.3179248e-15
5439.486140088822,3.095987e-15
5440.74364960553,2.980171e-15
5442.0011591222365,2.8289513e-15
5443.258668638944,2.9159518e-15
5444.516178155652,3.1700335e-15
5445.773687672358,3.183433e-15
5447.031197189066,2.8015255e-15
5448.288706705773,2.9371626e-15
5449.54621622248,3.0708055e-15
5450.803725739188,3.0740308e-15
5452.061235255895,3.2174013e-15
5453.318744772602,2.9933554e-15
5454.57625428931,3.1213427e-15
5455.833763806017,3.4582784e-15
5457.091273322724,2.842405e-15
5458.348782839432,2.945882e-15
5459.6062923561385,3.0891088e-15
5460.863801872846,3.0853637e-15
5462.121311389554,2.8258304e-15
5463.37882090626,2.7326668e-15
5464.636330422968,3.1768072e-15
5465.893839939676,2.8970005e-15
5467.151349456382,3.1499777e-15
5468.40885897309,3.1314005e-15
5469.666368489798,2.6833159e-15
5470.923878006504,2.9418346e-15
5472.181387523212,2.9087537e-15
5473.4388970399195,2.894342e-15
5474.696406556626,3.1219947e-15
5475.953916073334,2.6382245e-15
5477.2114255900415,2.849697e-15
5478.468935106748,3.3969816e-15
5479.726444623456,3.0049229e-15
5480.983954140163,3.0445835e-15
5482.24146365687,3.075273e-15
5483.498973173578,3.0769918e-15
5484.756482690285,3.104729e-15
5486.013992206992,3.0364617e-15
5487.2715017237,3.0254782e-15
5488.529011240407,3.069449e-15
5489.786520757114,3.035995e-15
5491.044030273822,2.8532563e-15
5492.301539790529,2.9739437e-15
5493.559049307236,3.3847862e-15
5494.8165588239435,2.9407726e-15
5496.07406834065,2.8483029e-15
5497.331577857358,2.959004e-15
5498.5890873740655,2.9776757e-15
5499.846596890772,2.9339277e-15
5501.10410640748,3.2325494e-15
5502.361615924187,3.0540338e-15
5503.619125440894,2.9807875e-15
5504.876634957602,3.0754364e-15
5506.134144474309,3.0278262e-15
5507.391653991016,2.8900328e-15
5508.649163507724,3.1622677e-15
5509.906673024431,2.9204688e-15
5511.164182541138,2.8556079e-15
5512.421692057846,3.0378108e-15
5513.679201574553,3.0552766e-15
5514.93671109126,2.758459e-15
5516.1942206079675,2.8526354e-15
5517.451730124674,2.8241584e-15
5518.709239641382,2.7339214e-15
5519.966749158089,3.0635346e-15
5521.224258674796,3.1153753e-15
5522.481768191504,3.0023979e-15
5523.739277708211,3.2168518e-15
5524.996787224918,3.0453594e-15
5526.254296741626,2.9947862e-15
5527.511806258333,2.9920962e-15
5528.76931577504,2.930992e-15
5530.026825291748,2.925756e-15
5531.284334808455,2.9469113e-15
5532.541844325162,3.1279927e-15
5533.79935384187,2.9741798e-15
5535.056863358577,2.943287e-15
5536.314372875284,2.8700784e-15
5537.5718823919915,3.0260523e-15
5538.829391908699,2.7605378e-15
5540.086901425406,2.9530635e-15
5541.344410942113,3.1524241e-15
5542.601920458821,2.9636239e-15
5543.859429975528,2.889574e-15
5545.116939492235,2.9297955e-15
5546.374449008943,2.9399154e-15
5547.63195852565,2.7191653e-15
5548.889468042357,2.6912899e-15
5550.146977559065,2.9657973e-15
5551.404487075772,3.126483e-15
5552.661996592479,3.201797e-15
5553.919506109187,3.0942482e-15
5555.177015625894,2.8126947e-15
5556.434525142601,2.9911488e-15
5557.692034659309,3.0157246e-15
5558.9495441760155,3.0878857e-15
5560.207053692723,3.0750009e-15
5561.464563209431,2.870326e-15
5562.722072726137,2.9160094e-15
5563.979582242845,2.9809199e-15
5565.237091759552,2.509861e-15
5566.494601276259,3.0276115e-15
5567.752110792967,3.2381487e-15
5569.009620309674,2.9590063e-15
5570.267129826381,2.9434304e-15
5571.524639343089,3.5503714e-15
5572.782148859796,2.958665e-15
5574.039658376503,3.282878e-15
5575.297167893211,3.947979e-15
5576.5546774099175,2.961756e-15
5577.812186926625,3.2600168e-15
5579.069696443333,2.9491502e-15
5580.3272059600395,3.3697088e-15
5581.584715476747,3.095921e-15
5582.842224993455,2.2484127e-15
5584.099734510161,2.6544727e-15
5585.357244026869,2.9615863e-15
5586.614753543576,3.0157873e-15
5587.872263060283,3.0390236e-15
5589.129772576991,3.0339903e-15
5590.387282093698,2.912054e-15
5591.644791610405,2.840276e-15
5592.902301127113,2.7704504e-15
5594.15981064382,2.7896386e-15
5595.417320160527,3.044419e-15
5596.674829677235,2.8471117e-15
5597.9323391939415,2.8074759e-15
5599.189848710649,3.0666046e-15
5600.447358227357,2.8956834e-15
5601.704867744063,3.0141835e-15
5602.962377260771,2.9046623e-15
5604.219886777479,2.7576708e-15
5605.477396294185,2.9986588e-15
5606.734905810893,3.0904294e-15
5607.992415327601,2.9256258e-15
5609.249924844307,2.8593505e-15
5610.507434361015,2.7229875e-15
5611.7649438777225,2.92846e-15
5613.022453394429,3.1034927e-15
5614.279962911137,2.855195e-15
5615.5374724278445,2.7013198e-15
5616.794981944551,2.9248177e-15
5618.052491461259,2.9217332e-15
5619.310000977966,2.7805144e-15
5620.567510494673,2.9820134e-15
5621.825020011381,2.7438245e-15
5623.082529528088,2.9328514e-15
5624.340039044795,2.7776468e-15
5625.597548561503,2.711966e-15
5626.85505807821,3.0175045e-15
5628.112567594917,2.9692446e-15
5629.370077111625,2.954628e-15
5630.627586628332,2.8556685e-15
5631.885096145039,2.9040662e-15
5633.1426056617465,3.20544e-15
5634.400115178453,2.9477863e-15
5635.657624695161,2.896297e-15
5636.9151342118685,2.7995426e-15
5638.172643728575,2.6735928e-15
5639.430153245283,2.8647182e-15
5640.68766276199,2.9183955e-15
5641.945172278697,2.8520156e-15
5643.202681795405,2.7407667e-15
5644.460191312112,2.8332223e-15
5645.717700828819,2.8621809e-15
5646.975210345527,2.8532468e-15
5648.232719862234,2.912648e-15
5649.490229378941,2.708552e-15
5650.747738895649,2.8340742e-15
5652.005248412356,2.8087555e-15
5653.262757929063,2.8015583e-15
5654.5202674457705,2.727751e-15
5655.777776962477,2.9704376e-15
5657.035286479185,2.84054e-15
5658.292795995892,3.0942785e-15
5659.550305512599,2.849851e-15
5660.807815029307,3.0676226e-15
5662.065324546014,2.996752e-15
5663.322834062721,2.8382401e-15
5664.580343579429,2.7772457e-15
5665.837853096136,2.9163812e-15
5667.095362612843,2.9122456e-15
5668.352872129551,2.7518605e-15
5669.610381646258,2.8028579e-15
5670.867891162965,2.8084726e-15
5672.125400679673,2.7679057e-15
5673.38291019638,2.654474e-15
5674.640419713087,2.940521e-15
5675.8979292297945,3.0121375e-15
5677.155438746502,2.8709868e-15
5678.412948263209,2.7906373e-15
5679.670457779916,2.900788e-15
5680.927967296624,2.9501065e-15
5682.185476813331,2.7935543e-15
5683.442986330038,2.7810184e-15
5684.700495846746,2.8934504e-15
5685.958005363453,2.871669e-15
5687.21551488016,2.907342e-15
5688.473024396868,3.0411443e-15
5689.730533913575,2.9689646e-15
5690.988043430282,2.7429606e-15
5692.24555294699,2.8445232e-15
5693.503062463697,2.5705292e-15
5694.760571980404,2.5482952e-15
5696.018081497112,2.7001413e-15
5697.2755910138185,2.940862e-15
5698.533100530526,2.7803062e-15
5699.790610047234,2.9762267e-15
5701.04811956394,2.6103758e-15
5702.305629080648,2.5256238e-15
5703.563138597355,2.863991e-15
5704.820648114062,2.8338828e-15
5706.07815763077,2.7962353e-15
5707.335667147477,2.5970771e-15
5708.593176664184,2.7345925e-15
5709.850686180892,2.6123883e-15
5711.108195697599,2.7731348e-15
5712.365705214306,2.7946804e-15
5713.623214731014,2.747334e-15
5714.8807242477205,2.817001e-15
5716.138233764428,2.6982199e-15
5717.395743281136,2.9036647e-15
5718.6532527978425,2.7560868e-15
5719.91076231455,2.8253885e-15
5721.168271831258,2.7011514e-15
5722.425781347964,2.6436466e-15
5723.683290864672,2.7422291e-15
5724.940800381379,2.7069746e-15
5726.198309898086,2.6909642e-15
5727.455819414794,2.5678547e-15
5728.713328931501,2.8344882e-15
5729.970838448208,2.5923282e-15
5731.228347964916,2.571602e-15
5732.485857481623,2.7072117e-15
5733.74336699833,2.5016906e-15
5735.000876515038,2.673664e-15
5736.2583860317445,2.6447458e-15
5737.515895548452,2.6698997e-15
5738.77340506516,2.7407187e-15
5740.030914581866,2.493498e-15
5741.288424098574,2.5530335e-15
5742.545933615282,2.4957396e-15
5743.803443131988,2.5539687e-15
5745.060952648696,2.668179e-15
5746.318462165404,2.4994653e-15
5747.57597168211,2.714864e-15
5748.833481198818,2.7940784e-15
5750.090990715526,2.5154803e-15
5751.348500232232,2.5941074e-15
5752.60600974894,2.561515e-15
5753.8635192656475,2.690195e-15
5755.121028782354,2.7066597e-15
5756.378538299062,2.8746206e-15
5757.636047815769,2.7030253e-15
5758.893557332476,2.7509347e-15
5760.151066849184,2.5109307e-15
5761.408576365891,2.785612e-15
5762.666085882598,2.6917231e-15
5763.923595399306,2.7085528e-15
5765.181104916013,2.7210207e-15
5766.43861443272,2.6447066e-15
5767.696123949428,2.6869278e-15
5768.953633466135,2.4181065e-15
5770.211142982842,2.5675652e-15
5771.4686524995495,2.7023377e-15
5772.726162016256,2.685991e-15
5773.983671532964,2.5719558e-15
5775.2411810496715,2.9245782e-15
5776.498690566378,2.6694997e-15
5777.756200083086,2.390665e-15
5779.013709599793,2.7538566e-15
5780.2712191165,2.6753716e-15
5781.528728633208,2.6814573e-15
5782.786238149915,2.6464157e-15
5784.043747666622,2.6009688e-15
5785.30125718333,2.5886246e-15
5786.558766700037,2.686675e-15
5787.816276216744,2.648397e-15
5789.073785733452,2.7088283e-15
5790.331295250159,2.7194147e-15
5791.588804766866,2.6217167e-15
5792.8463142835735,2.5878398e-15
5794.10382380028,2.7380454e-15
5795.361333316988,2.7714816e-15
5796.618842833695,2.7147912e-15
5797.876352350402,2.485316e-15
5799.13386186711,2.8388572e-15
5800.391371383817,2.7114511e-15
5801.648880900524,2.6603672e-15
5802.906390417232,2.514571e-15
5804.163899933939,2.6137603e-15
5805.421409450646,2.5253857e-15
5806.678918967354,2.4850394e-15
5807.936428484061,2.508391e-15
5809.193938000768,2.589945e-15
5810.451447517476,2.8720784e-15
5811.708957034183,2.795018e-15
5812.96646655089,2.677391e-15
5814.2239760675975,2.72019e-15
5815.481485584305,2.5471543e-15
5816.738995101012,2.7102272e-15
5817.996504617719,2.7754962e-15
5819.254014134427,2.8272516e-15
5820.511523651134,2.7780997e-15
5821.769033167841,2.790556e-15
5823.026542684549,2.562746e-15
5824.284052201256,2.4846068e-15
5825.541561717963,2.4499668e-15
5826.799071234671,2.4061095e-15
5828.056580751378,2.5029353e-15
5829.314090268085,2.6963913e-15
5830.571599784793,2.7015517e-15
5831.8291093015,2.9353522e-15
5833.086618818207,2.741566e-15
5834.344128334915,2.7501531e-15
5835.6016378516215,2.7870137e-15
5836.859147368329,2.5341549e-15
5838.116656885037,2.5699498e-15
5839.374166401743,2.6930206e-15
5840.631675918451,2.562174e-15
5841.889185435158,2.6525718e-15
5843.146694951865,2.6208565e-15
5844.404204468573,2.5688855e-15
5845.66171398528,2.7449623e-15
5846.919223501987,2.689768e-15
5848.176733018695,2.719142e-15
5849.434242535402,2.6733925e-15
5850.691752052109,3.1540945e-15
5851.949261568817,2.859794e-15
5853.2067710855235,2.3574142e-15
5854.464280602231,2.7020423e-15
5855.721790118939,2.5326664e-15
5856.9792996356455,2.3624215e-15
5858.236809152353,2.4086837e-15
5859.494318669061,2.7334162e-15
5860.751828185767,2.5406294e-15
5862.009337702475,2.531586e-15
5863.266847219182,2.7268212e-15
5864.524356735889,2.8891404e-15
5865.781866252597,2.8131226e-15
5867.039375769304,2.8259063e-15
5868.296885286011,2.6079325e-15
5869.554394802719,2.617668e-15
5870.811904319426,2.5973833e-15
5872.069413836133,2.6617991e-15
5873.326923352841,2.710374e-15
5874.5844328695475,2.7145661e-15
5875.841942386255,2.7157998e-15
5877.099451902963,2.493684e-15
5878.3569614196695,2.520081e-15
5879.614470936377,2.4252745e-15
5880.871980453085,2.6382755e-15
5882.129489969791,2.5636405e-15
5883.386999486499,2.3130987e-15
5884.644509003207,2.3444385e-15
5885.902018519913,2.2277432e-15
5887.159528036621,2.3274003e-15
5888.417037553329,2.273174e-15
5889.674547070035,2.53435e-15
5890.932056586743,2.393001e-15
5892.1895661034505,2.613839e-15
5893.447075620157,2.6323626e-15
5894.704585136865,2.6033196e-15
5895.962094653572,2.5767767e-15
5897.219604170279,2.6321706e-15
5898.477113686987,2.5028127e-15
5899.734623203694,2.570905e-15
5900.992132720401,2.5981075e-15
5902.249642237109,2.55206e-15
5903.507151753816,2.6105136e-15
5904.764661270523,2.665153e-15
5906.022170787231,2.5722366e-15
5907.279680303938,2.93148e-15
5908.537189820645,2.889153e-15
5909.7946993373525,2.832333e-15
5911.052208854059,2.7383557e-15
5912.309718370767,2.6121905e-15
5913.5672278874745,2.6190102e-15
5914.824737404181,2.5872986e-15
5916.082246920889,2.4994062e-15
5917.339756437596,2.5382592e-15
5918.597265954303,2.589367e-15
5919.854775471011,2.6893955e-15
5921.112284987718,2.5315219e-15
5922.369794504425,2.643215e-15
5923.627304021133,2.5498337e-15
5924.88481353784,2.5753918e-15
5926.142323054547,2.566186e-15
5927.399832571255,2.6426467e-15
5928.657342087962,2.5289786e-15
5929.914851604669,2.4727825e-15
5931.1723611213765,2.6447507e-15
5932.429870638083,2.7082784e-15
5933.687380154791,2.6552734e-15
5934.9448896714985,2.5899794e-15
5936.202399188205,2.4540815e-15
5937.459908704913,2.5705616e-15
5938.71741822162,2.579205e-15
5939.974927738327,2.5060956e-15
5941.232437255035,2.6835414e-15
5942.489946771742,2.5159693e-15
5943.747456288449,2.5376963e-15
5945.004965805157,2.6127593e-15
5946.262475321864,2.5455045e-15
5947.519984838571,2.6267654e-15
5948.777494355279,2.450415e-15
5950.035003871986,2.3336581e-15
5951.292513388693,2.6562803e-15
5952.5500229054005,2.6892127e-15
5953.807532422108,2.4631396e-15
5955.065041938815,2.6189024e-15
5956.322551455522,2.7057864e-15
5957.58006097223,2.4560089e-15
5958.837570488937,2.408418e-15
5960.095080005644,2.656881e-15
5961.352589522352,2.5984082e-15
5962.610099039059,2.4871121e-15
5963.867608555766,2.69725e-15
5965.125118072474,2.6909102e-15
5966.382627589181,2.6111923e-15
5967.640137105888,2.5119357e-15
5968.897646622596,2.5508607e-15
5970.155156139303,2.5776032e-15
5971.41266565601,2.6678457e-15
5972.670175172718,2.679126e-15
5973.9276846894245,2.843165e-15
5975.185194206132,2.6375621e-15
5976.44270372284,2.564074e-15
5977.700213239546,2.6823725e-15
5978.957722756254,2.6672741e-15
5980.215232272962,2.5936793e-15
5981.472741789668,2.550318e-15
5982.730251306376,2.358611e-15
5983.987760823084,2.5696498e-15
5985.24527033979,2.5507508e-15
5986.502779856498,2.6017585e-15
5987.760289373205,2.4549573e-15
5989.017798889912,2.566856e-15
5990.27530840662,2.4549213e-15
5991.532817923327,2.5167884e-15
5992.790327440034,2.4689376e-15
5994.047836956742,2.5920574e-15
5995.3053464734485,2.4452473e-15
5996.562855990156,2.360841e-15
5997.820365506863,2.417808e-15
5999.07787502357,2.5878563e-15
6000.335384540278,2.5507813e-15
6001.592894056985,2.631801e-15
6002.850403573692,2.692562e-15
6004.1079130904,2.6411989e-15
6005.365422607107,2.428093e-15
6006.622932123814,2.5552036e-15
6007.880441640522,2.5084324e-15
6009.137951157229,2.451745e-15
6010.395460673936,2.5683066e-15
6011.652970190644,2.5971472e-15
6012.9104797073505,2.7486507e-15
6014.167989224058,2.5687746e-15
6015.425498740766,2.5660848e-15
6016.6830082574725,2.4425434e-15
6017.94051777418,2.3093826e-15
6019.198027290888,2.4100853e-15
6020.455536807594,2.6030057e-15
6021.713046324302,2.4623174e-15
6022.97055584101,2.4614377e-15
6024.228065357716,2.5627878e-15
6025.485574874424,2.4130245e-15
6026.743084391132,2.3665048e-15
6028.000593907838,2.6061258e-15
6029.258103424546,2.5002e-15
6030.5156129412535,2.4153375e-15
6031.77312245796,2.5121885e-15
6033.030631974668,2.5705197e-15
6034.288141491375,2.4918894e-15
6035.545651008082,2.4715744e-15
6036.80316052479,2.349362e-15
6038.060670041497,2.3933558e-15
6039.318179558204,2.4165191e-15
6040.575689074912,2.4824763e-15
6041.833198591619,2.3798337e-15
6043.090708108326,2.273986e-15
6044.348217625034,2.619343e-15
6045.605727141741,2.6122867e-15
6046.863236658448,2.5350877e-15
6048.120746175156,2.703364e-15
6049.378255691863,2.5225698e-15
6050.63576520857,2.3291318e-15
6051.8932747252775,2.3401873e-15
6053.150784241985,2.431278e-15
6054.408293758692,2.2838602e-15
6055.665803275399,2.3695393e-15
6056.923312792106,2.536645e-15
6058.180822308814,2.454389e-15
6059.438331825521,2.4304556e-15
6060.695841342228,2.41942e-15
6061.953350858936,2.5053807e-15
6063.210860375643,2.4607855e-15
6064.46836989235,2.3868762e-15
6065.725879409058,2.5451074e-15
6066.983388925764,2.4738313e-15
6068.240898442472,2.421856e-15
6069.4984079591795,2.498859e-15
6070.755917475886,2.3522446e-15
6072.013426992594,2.4079654e-15
6073.2709365093015,2.4926378e-15
6074.528446026008,2.5908328e-15
6075.785955542716,2.4633603e-15
6077.043465059423,2.6318188e-15
6078.30097457613,2.4345576e-15
6079.558484092838,2.3854366e-15
6080.815993609545,2.5837448e-15
6082.073503126252,2.500985e-15
6083.33101264296,2.5539676e-15
6084.588522159667,2.5947956e-15
6085.846031676374,2.2938088e-15
6087.103541193082,2.4406174e-15
6088.361050709789,2.3927095e-15
6089.618560226496,2.4218813e-15
6090.8760697432035,2.3348605e-15
6092.133579259911,2.3688032e-15
6093.391088776618,2.3397426e-15
6094.648598293325,2.2624472e-15
6095.906107810033,2.2873854e-15
6097.16361732674,2.3211564e-15
6098.421126843447,2.4756742e-15
6099.678636360155,2.456773e-15
6100.936145876862,2.5868825e-15
6102.193655393569,2.5113754e-15
6103.451164910277,2.5113045e-15
6104.708674426984,2.5453018e-15
6105.966183943691,2.500291e-15
6107.223693460399,2.3192501e-15
6108.481202977106,2.2999376e-15
6109.738712493813,2.534851e-15
6110.996222010521,2.4851045e-15
6112.2537315272275,2.6234093e-15
6113.511241043935,2.522732e-15
6114.768750560643,2.4522417e-15
6116.026260077349,2.4397715e-15
6117.283769594057,2.4023244e-15
6118.541279110765,2.3387664e-15
6119.798788627471,2.5535521e-15
6121.056298144179,2.488239e-15
6122.313807660887,2.7790855e-15
6123.571317177593,2.6904746e-15
6124.828826694301,2.3237127e-15
6126.086336211008,2.2663747e-15
6127.343845727715,2.3131756e-15
6128.601355244423,2.232078e-15
6129.85886476113,2.2449846e-15
6131.116374277837,2.1875896e-15
6132.373883794545,2.2998967e-15
6133.6313933112515,2.4082311e-15
6134.888902827959,2.3244348e-15
6136.146412344666,2.2249965e-15
6137.403921861373,2.268036e-15
6138.661431378081,2.4212217e-15
6139.918940894788,2.4205123e-15
6141.176450411495,2.4005617e-15
6142.433959928203,2.2970862e-15
6143.69146944491,2.196302e-15
6144.948978961617,2.0767833e-15
6146.206488478325,2.3601927e-15
6147.463997995032,2.4025897e-15
6148.721507511739,2.2797758e-15
6149.979017028447,2.4806993e-15
6151.2365265451535,2.3323133e-15
6152.494036061861,2.3434731e-15
6153.751545578569,2.3543018e-15
6155.0090550952755,2.41759e-15
6156.266564611983,2.30617e-15
6157.524074128691,2.331933e-15
6158.781583645397,2.3641083e-15
6160.039093162105,2.4144628e-15
6161.296602678813,2.3867305e-15
6162.554112195519,2.3787019e-15
6163.811621712227,2.2939736e-15
6165.069131228935,2.282853e-15
6166.326640745641,2.290723e-15
6167.584150262349,2.2993753e-15
6168.8416597790565,2.2898278e-15
6170.099169295763,2.2543583e-15
6171.356678812471,2.2688148e-15
6172.614188329178,2.2809005e-15
6173.871697845885,2.2691392e-15
6175.129207362593,2.3125134e-15
6176.3867168793,2.45493e-15
6177.644226396007,2.5087695e-15
6178.901735912715,2.3268882e-15
6180.159245429422,2.3123413e-15
6181.416754946129,2.3497173e-15
6182.674264462837,2.3988435e-15
6183.931773979544,2.3427271e-15
6185.189283496251,2.2701205e-15
6186.446793012959,2.4261088e-15
6187.704302529666,2.3323698e-15
6188.961812046373,2.322956e-15
6190.2193215630805,2.2243812e-15
6191.476831079788,2.3074355e-15
6192.734340596495,2.3697227e-15
6193.991850113202,2.411048e-15
6195.249359629909,2.534111e-15
6196.506869146617,2.3288402e-15
6197.764378663324,2.5288501e-15
6199.021888180031,2.4705927e-15
6200.279397696739,2.2077594e-15
6201.536907213446,2.1839802e-15
6202.794416730153,2.1286444e-15
6204.051926246861,2.1984264e-15
6205.309435763567,2.3064758e-15
6206.566945280275,2.3683647e-15
6207.8244547969825,2.2557652e-15
6209.081964313689,2.1633389e-15
6210.339473830397,2.3216934e-15
6211.5969833471045,2.3568743e-15
6212.854492863811,2.3360182e-15
6214.112002380519,2.2554037e-15
6215.369511897226,2.264448e-15
6216.627021413933,2.3430992e-15
6217.884530930641,2.1465433e-15
6219.142040447348,2.24954e-15
6220.399549964055,2.2518578e-15
6221.657059480763,2.1901197e-15
6222.91456899747,2.1561526e-15
6224.172078514177,2.1935595e-15
6225.429588030885,2.224628e-15
6226.687097547592,2.0015325e-15
6227.944607064299,2.2821422e-15
6229.2021165810065,2.3086694e-15
6230.459626097714,2.0764983e-15
6231.717135614421,2.0746088e-15
6232.974645131128,2.1171923e-15
6234.232154647836,2.0039933e-15
6235.489664164543,2.147891e-15
6236.74717368125,2.174918e-15
6238.004683197958,2.2545916e-15
6239.262192714665,2.0632255e-15
6240.519702231372,2.1828719e-15
6241.77721174808,2.2402243e-15
6243.034721264787,2.1531514e-15
6244.292230781494,2.2158772e-15
6245.549740298202,2.336121e-15
6246.807249814909,2.2453653e-15
6248.064759331616,2.1070321e-15
6249.322268848324,2.1334293e-15
6250.5797783650305,2.2937563e-15
6251.837287881738,2.4132144e-15
6253.094797398446,2.2818712e-15
6254.352306915152,2.3530577e-15
6255.60981643186,2.4740441e-15
6256.867325948568,2.3817071e-15
6258.124835465274,2.3357768e-15
6259.382344981982,2.1742082e-15
6260.63985449869,2.2151726e-15
6261.897364015396,2.182917e-15
6263.154873532104,2.1766307e-15
6264.412383048811,2.2360943e-15
6265.669892565518,2.1203947e-15
6266.927402082226,2.0610224e-15
6268.184911598933,2.0064413e-15
6269.44242111564,2.043239e-15
6270.699930632348,2.1167684e-15
6271.9574401490545,2.2547924e-15
6273.214949665762,2.3200232e-15
6274.472459182469,2.1500343e-15
6275.729968699176,2.1111009e-15
6276.987478215884,2.2328047e-15
6278.244987732591,2.0469576e-15
6279.502497249298,1.9395297e-15
6280.760006766006,2.0429162e-15
6282.017516282713,2.1453214e-15
6283.27502579942,2.232652e-15
6284.532535316128,2.117382e-15
6285.790044832835,2.1631909e-15
6287.047554349542,2.0389415e-15
6288.30506386625,2.1610233e-15
6289.5625733829565,2.2643588e-15
6290.820082899664,2.0951131e-15
6292.077592416372,2.238113e-15
6293.3351019330785,2.1977555e-15
6294.592611449786,2.2265438e-15
6295.850120966494,2.083017e-15
6297.1076304832,2.1830864e-15
6298.365139999908,2.1043619e-15
6299.622649516616,2.1252669e-15
6300.880159033322,2.2565983e-15
6302.13766855003,2.2779075e-15
6303.395178066738,2.10118e-15
6304.652687583444,2.1946518e-15
6305.910197100152,2.2835799e-15
6307.1677066168595,2.082546e-15
6308.425216133566,2.0921242e-15
6309.682725650274,2.2961746e-15
6310.940235166981,2.2308648e-15
6312.197744683688,2.032989e-15
6313.455254200396,2.1597115e-15
6314.712763717103,2.3852043e-15
6315.97027323381,2.3285158e-15
6317.227782750518,2.1839675e-15
6318.485292267225,2.0646392e-15
6319.742801783932,2.1122401e-15
6321.00031130064,2.1149483e-15
6322.257820817347,2.226233e-15
6323.515330334054,2.3205999e-15
6324.772839850762,2.2294068e-15
6326.030349367469,2.1716989e-15
6327.287858884176,2.1717563e-15
6328.5453684008835,2.2070744e-15
6329.802877917591,2.3427654e-15
6331.060387434298,2.0508114e-15
6332.317896951005,2.1524016e-15
6333.575406467712,2.0832007e-15
6334.83291598442,1.9984717e-15
6336.090425501127,2.0284559e-15
6337.347935017834,2.1741066e-15
6338.605444534542,2.1537371e-15
6339.862954051249,2.1259087e-15
6341.120463567956,2.2453056e-15
6342.377973084664,2.1945501e-15
6343.63548260137,2.155316e-15
6344.892992118078,2.061841e-15
6346.1505016347855,2.2323191e-15
6347.408011151492,2.230341e-15
6348.6655206682,2.0191595e-15
6349.9230301849075,2.1282097e-15
6351.180539701614,2.2410952e-15
6352.438049218322,2.2369825e-15
6353.695558735029,2.144545e-15
6354.953068251736,2.0512815e-15
6356.210577768444,2.0069927e-15
6357.468087285151,2.1008374e-15
6358.725596801858,2.1983387e-15
6359.983106318566,1.9552225e-15
6361.240615835273,2.1213847e-15
6362.49812535198,2.219715e-15
6363.755634868688,2.3224985e-15
6365.013144385395,2.2806241e-15
6366.270653902102,2.2216198e-15
6367.5281634188095,2.1720745e-15
6368.785672935517,2.2149918e-15
6370.043182452224,1.999441e-15
6371.3006919689315,2.1498677e-15
6372.558201485639,2.158802e-15
6373.815711002346,2.0516913e-15
6375.073220519053,2.0581516e-15
6376.330730035761,2.1869542e-15
6377.588239552468,2.3175194e-15
6378.845749069175,2.153923e-15
6380.103258585883,2.138533e-15
6381.36076810259,2.2027824e-15
6382.618277619297,2.080618e-15
6383.875787136005,2.155236e-15
6385.133296652712,2.0518528e-15
6386.390806169419,2.1334039e-15
6387.648315686127,2.2271016e-15
6388.9058252028335,1.954943e-15
6390.163334719541,2.0462165e-15
6391.420844236249,2.173716e-15
6392.678353752955,2.1496125e-15
6393.935863269663,2.0716793e-15
6395.193372786371,2.2499795e-15
6396.450882303077,2.175293e-15
6397.708391819785,2.1716781e-15
6398.965901336493,2.1230368e-15
6400.223410853199,2.2019557e-15
6401.480920369907,2.1597206e-15
6402.738429886614,2.1311722e-15
6403.995939403321,2.0416785e-15
6405.253448920029,2.1616215e-15
6406.510958436736,2.0664544e-15
6407.768467953443,2.1596075e-15
6409.025977470151,2.117661e-15
6410.2834869868575,2.2128905e-15
6411.540996503565,2.462694e-15
6412.798506020272,2.246786e-15
6414.056015536979,2.2260729e-15
6415.313525053687,2.1190124e-15
6416.571034570394,2.2263308e-15
6417.828544087101,2.210034e-15
6419.086053603809,2.1510925e-15
6420.343563120516,2.2062544e-15
6421.601072637223,2.0733827e-15
6422.858582153931,2.2194857e-15
6424.116091670638,2.144566e-15
6425.373601187345,2.224472e-15
6426.631110704053,2.0464178e-15
6427.88862022076,1.9901664e-15
6429.146129737467,2.2315204e-15
6430.403639254175,2.1914735e-15
6431.6611487708815,2.1301902e-15
6432.918658287589,2.1205686e-15
6434.176167804297,2.1880856e-15
6435.433677321003,2.1864747e-15
6436.691186837711,2.1461594e-15
6437.948696354419,2.1715782e-15
6439.206205871125,2.2381088e-15
6440.463715387833,2.0798608e-15
6441.721224904541,1.978923e-15
6442.978734421247,2.1732784e-15
6444.236243937955,2.040735e-15
6445.4937534546625,1.8777084e-15
6446.751262971369,2.0884317e-15
6448.008772488077,2.081203e-15
6449.266282004784,1.9924593e-15
6450.523791521491,1.9066438e-15
6451.781301038199,2.0662272e-15
6453.038810554906,2.0983467e-15
6454.296320071613,2.159178e-15
6455.553829588321,2.1785499e-15
6456.811339105028,2.1089767e-15
6458.068848621735,2.1907686e-15
6459.326358138443,2.0993326e-15
6460.58386765515,2.027787e-15
6461.841377171857,2.061291e-15
6463.098886688565,1.9365373e-15
6464.356396205272,1.9564392e-15
6465.613905721979,2.1374387e-15
6466.8714152386865,2.0172685e-15
6468.128924755394,1.8915717e-15
6469.386434272101,1.9756082e-15
6470.643943788808,2.007408e-15
6471.901453305515,1.9837692e-15
6473.158962822223,2.001573e-15
6474.41647233893,2.0198913e-15
6475.673981855637,2.0065956e-15
6476.931491372345,1.9825194e-15
6478.189000889052,1.9274914e-15
6479.446510405759,1.8375677e-15
6480.704019922467,1.8683268e-15
6481.961529439173,2.0030995e-15
6483.219038955881,2.1717558e-15
6484.476548472589,2.1585578e-15
6485.734057989295,2.1339231e-15
6486.991567506003,2.105706e-15
6488.2490770227105,1.9444906e-15
6489.506586539417,2.0576184e-15
6490.764096056125,2.0494813e-15
6492.021605572832,2.0590742e-15
6493.279115089539,1.9922535e-15
6494.536624606247,1.9742657e-15
6495.794134122954,2.0643887e-15
6497.051643639661,2.0223498e-15
6498.309153156369,2.0740152e-15
6499.566662673076,2.016819e-15
6500.824172189783,2.1431075e-15
6502.081681706491,2.0704422e-15
6503.339191223198,2.0390478e-15
6504.596700739905,2.0095158e-15
6505.8542102566125,2.1025577e-15
6507.11171977332,2.1109653e-15
6508.369229290027,2.0230988e-15
6509.6267388067345,2.264617e-15
6510.884248323442,2.0322946e-15
6512.141757840149,2.0530099e-15
6513.399267356856,2.086696e-15
6514.656776873564,2.0707594e-15
6515.914286390271,2.0207767e-15
6517.171795906978,2.0262208e-15
6518.429305423686,2.1967175e-15
6519.686814940393,2.1927174e-15
6520.9443244571,2.0991168e-15
6522.201833973808,1.9036263e-15
6523.459343490515,2.1336787e-15
6524.716853007222,2.10369e-15
6525.97436252393,1.997567e-15
6527.2318720406365,2.0812876e-15
6528.489381557344,2.0810788e-15
6529.746891074052,2.14534e-15
6531.004400590758,2.1979315e-15
6532.261910107466,2.1366105e-15
6533.519419624174,2.1507232e-15
6534.77692914088,2.0844594e-15
6536.034438657588,2.1163567e-15
6537.291948174296,2.2798946e-15
6538.549457691002,2.2805752e-15
6539.80696720771,2.1928688e-15
6541.064476724417,2.2050497e-15
6542.321986241124,2.3456555e-15
6543.579495757832,2.4782183e-15
6544.837005274539,2.5371822e-15
6546.094514791246,2.608529e-15
6547.352024307954,2.6015518e-15
6548.6095338246605,2.6106225e-15
6549.867043341368,2.6824968e-15
6551.124552858075,2.5765442e-15
6552.382062374782,2.7706507e-15
6553.63957189149,2.7017539e-15
6554.897081408197,2.4834072e-15
6556.154590924904,2.3786038e-15
6557.412100441612,2.3902598e-15
6558.669609958319,2.3801685e-15
6559.927119475026,2.2808812e-15
6561.184628991734,2.187898e-15
6562.442138508441,2.1688492e-15
6563.699648025148,2.2410588e-15
6564.957157541856,2.154307e-15
6566.214667058563,2.1410992e-15
6567.47217657527,2.0794138e-15
6568.729686091978,2.0290083e-15
6569.9871956086845,2.1258575e-15
6571.244705125392,2.1352138e-15
6572.5022146421,2.0240037e-15
6573.759724158806,1.9603006e-15
6575.017233675514,2.0320155e-15
6576.274743192222,2.1230957e-15
6577.532252708928,2.0733636e-15
6578.789762225636,2.0946456e-15
6580.047271742344,2.0932795e-15
6581.30478125905,2.0050805e-15
6582.562290775758,2.008579e-15
6583.8198002924655,2.0718769e-15
6585.077309809172,2.0555387e-15
6586.33481932588,2.0278742e-15
6587.592328842587,2.1024334e-15
6588.849838359294,2.182292e-15
6590.107347876002,2.0193274e-15
6591.364857392709,2.0243607e-15
6592.622366909416,2.0363293e-15
6593.879876426124,1.9223226e-15
6595.137385942831,1.98755e-15
6596.394895459538,2.1277129e-15
6597.652404976246,2.0593927e-15
6598.909914492953,1.949375e-15
6600.16742400966,1.9913798e-15
6601.424933526368,1.9965674e-15
6602.682443043075,1.9701972e-15
6603.939952559782,2.1012723e-15
6605.1974620764895,2.0843495e-15
6606.454971593197,2.0382889e-15
6607.712481109904,1.9410205e-15
6608.969990626611,2.0090935e-15
6610.227500143318,1.9154797e-15
6611.485009660026,1.9528586e-15
6612.742519176733,1.9307769e-15
6614.00002869344,1.9749964e-15
6615.257538210148,2.0612246e-15
6616.515047726855,2.1342797e-15
6617.772557243562,2.0060764e-15
6619.03006676027,1.8903626e-15
6620.287576276976,1.8442203e-15
6621.545085793684,1.9446638e-15
6622.802595310392,2.0029477e-15
6624.060104827098,1.937845e-15
6625.317614343806,2.0396833e-15
6626.5751238605135,1.8502226e-15
6627.83263337722,2.0314866e-15
6629.090142893928,1.9500786e-15
6630.347652410635,1.7911928e-15
6631.605161927342,1.952457e-15
6632.86267144405,1.9821488e-15
6634.120180960757,1.9573328e-15
6635.377690477464,1.9243585e-15
6636.635199994172,1.902679e-15
6637.892709510879,1.9220001e-15
6639.150219027586,2.0215358e-15
6640.407728544294,2.0142026e-15
6641.665238061001,1.9110694e-15
6642.922747577708,1.9939816e-15
6644.1802570944155,1.921912e-15
6645.437766611123,1.8695838e-15
6646.69527612783,1.8981377e-15
6647.9527856445375,1.9360698e-15
6649.210295161245,1.995507e-15
6650.467804677952,1.9178656e-15
6651.725314194659,1.9518557e-15
6652.982823711367,2.0104837e-15
6654.240333228074,2.0704407e-15
6655.497842744781,2.011762e-15
6656.755352261489,1.9482014e-15
6658.012861778196,1.935052e-15
6659.270371294903,1.8849515e-15
6660.527880811611,1.9042622e-15
6661.785390328318,1.9896959e-15
6663.042899845025,1.946603e-15
6664.300409361733,2.0951536e-15
6665.5579188784395,1.9268951e-15
6666.815428395147,1.886071e-15
6668.072937911855,1.9702636e-15
6669.3304474285615,1.8317028e-15
6670.587956945269,1.9858556e-15
6671.845466461977,1.9342533e-15
6673.102975978683,2.1050569e-15
6674.360485495391,1.820455e-15
6675.617995012099,1.8658317e-15
6676.875504528805,1.8426785e-15
6678.133014045513,1.8334922e-15
6679.39052356222,1.867911e-15
6680.648033078927,1.9568102e-15
6681.905542595635,1.930337e-15
6683.163052112342,1.9819887e-15
6684.420561629049,2.151043e-15
6685.678071145757,2.0720645e-15
6686.9355806624635,1.9367336e-15
6688.193090179171,1.9105084e-15
6689.450599695878,1.866207e-15
6690.708109212585,1.952061e-15
6691.965618729293,1.9355332e-15
6693.223128246,1.9741613e-15
6694.480637762707,2.0478618e-15
6695.738147279415,1.9008743e-15
6696.995656796122,1.901645e-15
6698.253166312829,1.8785721e-15
6699.510675829537,1.815741e-15
6700.768185346244,1.816738e-15
6702.025694862951,1.9618958e-15
6703.283204379659,2.0004079e-15
6704.540713896366,1.9227083e-15
6705.798223413073,1.8944413e-15
6707.055732929781,1.8946892e-15
6708.3132424464875,2.0013864e-15
6709.570751963195,1.9968336e-15
6710.828261479903,1.9588166e-15
6712.085770996609,1.8953377e-15
6713.343280513317,1.9740584e-15
6714.600790030025,1.8417323e-15
6715.858299546731,1.980669e-15
6717.115809063439,1.7472856e-15
6718.373318580147,1.8085591e-15
6719.630828096853,1.6686059e-15
6720.888337613561,1.7020129e-15
6722.1458471302685,1.7456962e-15
6723.403356646975,1.9806265e-15
6724.660866163683,1.93206e-15
6725.91837568039,1.8358814e-15
6727.175885197097,1.9718703e-15
6728.433394713805,1.9980251e-15
6729.690904230512,2.021675e-15
6730.948413747219,2.038793e-15
6732.205923263927,2.1005803e-15
6733.463432780634,1.9600861e-15
6734.720942297341,1.9680251e-15
6735.978451814049,1.9903032e-15
6737.235961330756,1.7316078e-15
6738.493470847463,1.919901e-15
6739.750980364171,1.903204e-15
6741.008489880878,1.9494802e-15
6742.265999397585,2.0289541e-15
6743.5235089142925,2.1906652e-15
6744.781018431,1.8624582e-15
6746.038527947707,1.874864e-15
6747.296037464414,2.227628e-15
6748.553546981121,2.0764346e-15
6749.811056497829,2.166166e-15
6751.068566014536,2.3497357e-15
6752.326075531243,2.1498046e-15
6753.583585047951,2.216147e-15
6754.841094564658,2.1943509e-15
6756.098604081365,2.2145744e-15
6757.356113598073,2.1325886e-15
6758.613623114779,2.222798e-15
6759.871132631487,2.2430042e-15
6761.128642148195,2.0320528e-15
6762.386151664901,2.0309608e-15
6763.643661181609,1.8893072e-15
6764.9011706983165,2.2733445e-15
6766.158680215023,2.476708e-15
6767.416189731731,1.9269227e-15
6768.673699248438,1.7557456e-15
6769.931208765145,1.9398408e-15
6771.188718281853,2.0115063e-15
6772.44622779856,2.0076616e-15
6773.703737315267,1.6831055e-15
6774.961246831975,1.948047e-15
6776.218756348682,1.8644504e-15
6777.476265865389,1.7355547e-15
6778.733775382097,1.6740984e-15
6779.991284898804,1.9630476e-15
6781.248794415511,1.6048566e-15
6782.5063039322185,1.647513e-15
6783.763813448926,1.8622396e-15
6785.021322965633,1.9963372e-15
6786.2788324823405,1.6771233e-15
6787.536341999048,1.6794246e-15
6788.793851515755,1.7953628e-15
6790.051361032462,1.9175208e-15
6791.30887054917,1.6438354e-15
6792.566380065877,1.489474e-15
6793.823889582584,1.6302909e-15
6795.081399099292,1.7177233e-15
6796.338908615999,1.6704703e-15
6797.596418132706,1.7961139e-15
6798.853927649414,1.9100612e-15
6800.111437166121,1.83669e-15
6801.368946682828,1.8195913e-15
6802.626456199536,1.9328045e-15
6803.8839657162425,2.008664e-15
6805.14147523295,1.9233126e-15
6806.398984749658,1.7852469e-15
6807.6564942663645,1.7497072e-15
6808.914003783072,1.7192069e-15
6810.17151329978,1.6951728e-15
6811.429022816486,1.9184883e-15
6812.686532333194,1.8928334e-15
6813.944041849902,1.978753e-15
6815.201551366608,2.0657067e-15
6816.459060883316,1.8980592e-15
6817.716570400023,1.829353e-15
6818.97407991673,1.8763268e-15
6820.231589433438,1.8999406e-15
6821.489098950145,1.883376e-15
6822.746608466852,1.9413538e-15
6824.00411798356,1.9238354e-15
6825.2616275002665,1.821214e-15
6826.519137016974,1.8735191e-15
6827.776646533681,1.968049e-15
6829.034156050388,1.8650202e-15
6830.291665567096,1.882746e-15
6831.549175083803,2.0149834e-15
6832.80668460051,1.6933017e-15
6834.064194117218,1.8509781e-15
6835.321703633925,1.8384372e-15
6836.579213150632,1.8182172e-15
6837.83672266734,1.8775445e-15
6839.094232184047,1.7783887e-15
6840.351741700754,1.8963086e-15
6841.609251217462,1.7541575e-15
6842.866760734169,1.7894407e-15
6844.124270250876,1.7635011e-15
6845.381779767584,1.9891205e-15
6846.6392892842905,1.801982e-15
6847.896798800998,1.7720735e-15
6849.154308317706,1.7458457e-15
6850.411817834412,1.8362817e-15
6851.66932735112,1.8095372e-15
6852.926836867828,1.9034484e-15
6854.184346384534,1.8514876e-15
6855.441855901242,1.853309e-15
6856.69936541795,1.8745396e-15
6857.956874934656,1.763769e-15
6859.214384451364,1.8700353e-15
6860.4718939680715,1.8680685e-15
6861.729403484778,1.666928e-15
6862.986913001486,1.4784269e-15
6864.2444225181935,1.5551549e-15
6865.5019320349,1.5388906e-15
6866.759441551608,1.4740409e-15
6868.016951068315,1.4528653e-15
6869.274460585022,1.4799388e-15
6870.53197010173,1.4699304e-15
6871.789479618437,1.5338501e-15
6873.046989135144,1.6140449e-15
6874.304498651852,1.6579208e-15
6875.562008168559,1.7022694e-15
6876.819517685266,1.605374e-15
6878.077027201974,1.6346333e-15
6879.334536718681,1.6551629e-15
6880.592046235388,1.6882206e-15
6881.8495557520955,1.6663542e-15
6883.107065268803,1.5963942e-15
6884.36457478551,1.6629707e-15
6885.622084302217,1.6641378e-15
6886.879593818924,1.6661826e-15
6888.137103335632,1.6781959e-15
6889.394612852339,1.6378539e-15
6890.652122369046,1.6138432e-15
6891.909631885754,1.598828e-15
6893.167141402461,1.6441061e-15
6894.424650919168,1.6907299e-15
6895.682160435876,1.6286297e-15
6896.939669952582,1.710009e-15
6898.19717946929,1.8365146e-15
6899.454688985998,1.6987759e-15
6900.712198502704,1.6340729e-15
6901.969708019412,1.8854295e-15
6903.2272175361195,1.7580728e-15
6904.484727052826,1.7431252e-15
6905.742236569534,1.8363094e-15
6906.999746086241,1.6836721e-15
6908.257255602948,1.6375512e-15
6909.514765119656,1.6433169e-15
6910.772274636363,1.784391e-15
6912.02978415307,1.6499265e-15
6913.287293669778,1.7109856e-15
6914.544803186485,1.7220274e-15
6915.802312703192,1.7338882e-15
6917.0598222199,1.7527616e-15
6918.317331736607,1.824174e-15
6919.574841253314,1.8284824e-15
6920.832350770022,1.8299226e-15
6922.089860286729,1.7705343e-15
6923.347369803436,1.689787e-15
6924.6048793201435,1.8011787e-15
6925.862388836851,1.6321287e-15
6927.119898353558,1.5973107e-15
6928.377407870265,1.7465097e-15
6929.634917386973,1.5605247e-15
6930.89242690368,1.7262661e-15
6932.149936420387,1.7977902e-15
6933.407445937095,1.7039406e-15
6934.664955453802,1.7456789e-15
6935.922464970509,1.6589194e-15
6937.179974487217,1.7571916e-15
6938.437484003924,1.8844734e-15
6939.694993520631,1.6888416e-15
6940.952503037339,1.7386332e-15
6942.2100125540455,1.8127354e-15
6943.467522070753,1.8191566e-15
6944.725031587461,1.9273754e-15
6945.9825411041675,1.8265503e-15
6947.240050620875,1.9293956e-15
6948.497560137583,1.8113365e-15
6949.755069654289,1.7433666e-15
6951.012579170997,1.7484885e-15
6952.270088687705,1.8158366e-15
6953.527598204411,1.8085676e-15
6954.785107721119,1.8605644e-15
6956.042617237826,1.8374737e-15
6957.300126754533,1.7582334e-15
6958.557636271241,1.7874176e-15
6959.815145787948,1.7626312e-15
6961.072655304655,1.772576e-15
6962.330164821363,1.8852592e-15
6963.5876743380695,1.8612554e-15
6964.845183854777,1.7203405e-15
6966.102693371484,1.7517731e-15
6967.360202888191,1.7093164e-15
6968.617712404899,1.7648325e-15
6969.875221921606,1.6432935e-15
6971.132731438313,1.7719077e-15
6972.390240955021,1.7825347e-15
6973.647750471728,1.7584419e-15
6974.905259988435,1.7319067e-15
6976.162769505143,1.6935816e-15
6977.42027902185,1.7203419e-15
6978.677788538557,1.7854495e-15
6979.935298055265,1.8223916e-15
6981.192807571972,1.7574412e-15
6982.450317088679,1.7390465e-15
6983.707826605387,1.7600391e-15
6984.9653361220935,1.7259073e-15
6986.222845638801,1.7796656e-15
6987.480355155509,1.6856321e-15
6988.737864672215,1.6850619e-15
6989.995374188923,1.838569e-15
6991.252883705631,1.7873841e-15
6992.510393222337,1.8726361e-15
6993.767902739045,1.853444e-15
6995.025412255753,1.8240855e-15
6996.282921772459,1.752642e-15
6997.540431289167,1.7019677e-15
6998.7979408058745,1.7128994e-15
7000.055450322581,1.7439549e-15
7001.312959839289,1.796578e-15
7002.5704693559965,1.7645446e-15
7003.827978872703,1.6936576e-15
7005.085488389411,1.7307005e-15
7006.342997906118,1.7360372e-15
7007.600507422825,1.6987322e-15
7008.858016939533,1.7171529e-15
7010.11552645624,1.7460476e-15
7011.373035972947,1.8968577e-15
7012.630545489655,1.7725776e-15
7013.888055006362,1.6968814e-15
7015.145564523069,1.7220539e-15
7016.403074039777,1.7283902e-15
7017.660583556484,1.7149825e-15
7018.918093073191,1.7459164e-15
7020.175602589898,1.8151162e-15
7021.433112106606,1.6924882e-15
7022.690621623313,1.6969653e-15
7023.9481311400195,1.7188926e-15
7025.205640656728,1.6846832e-15
7026.463150173435,1.6648752e-15
7027.7206596901415,1.6411775e-15
7028.97816920685,1.7464682e-15
7030.235678723557,1.7115215e-15
7031.493188240263,1.8263773e-15
7032.750697756972,1.7755634e-15
7034.008207273679,1.7368531e-15
7035.265716790385,1.7616919e-15
7036.523226307093,1.7087824e-15
7037.780735823801,1.5613511e-15
7039.038245340507,1.6885772e-15
7040.295754857215,1.6541848e-15
7041.5532643739225,1.8358999e-15
7042.810773890629,1.7721479e-15
7044.068283407337,1.7371735e-15
7045.325792924044,1.7101125e-15
7046.583302440751,1.8067295e-15
7047.840811957459,1.8051452e-15
7049.098321474166,1.8648216e-15
7050.355830990873,1.7436327e-15
7051.613340507581,1.6808631e-15
7052.870850024288,1.834233e-15
7054.128359540995,1.6677957e-15
7055.385869057703,1.6060527e-15
7056.64337857441,1.827497e-15
7057.900888091117,1.8673843e-15
7059.158397607825,1.6891482e-15
7060.415907124532,1.748477e-15
7061.673416641239,1.6836321e-15
7062.9309261579465,1.5906929e-15
7064.188435674654,1.6264787e-15
7065.445945191361,1.7077841e-15
7066.703454708068,1.8152033e-15
7067.960964224776,1.8924264e-15
7069.218473741483,1.8846112e-15
7070.47598325819,1.8028031e-15
7071.733492774898,1.710646e-15
7072.991002291605,1.7149081e-15
7074.248511808312,1.7547003e-15
7075.50602132502,1.773537e-15
7076.763530841727,1.7523423e-15
7078.021040358434,1.7432735e-15
7079.278549875142,1.739039e-15
7080.5360593918485,1.8889756e-15
7081.793568908556,1.7660289e-15
7083.051078425264,1.7967852e-15
7084.3085879419705,1.8022085e-15
7085.566097458678,1.8012065e-15
7086.823606975386,1.7955036e-15
7088.081116492092,1.772063e-15
7089.338626008799,1.7024904e-15
7090.596135525508,1.6753347e-15
7091.853645042214,1.767234e-15
7093.111154558921,1.6787411e-15
7094.36866407563,1.6701726e-15
7095.626173592336,1.6085924e-15
7096.883683109043,1.6725058e-15
7098.1411926257515,1.7314761e-15
7099.398702142458,1.737647e-15
7100.656211659165,1.682943e-15
7101.913721175873,1.7189049e-15
7103.17123069258,1.7598052e-15
7104.428740209287,1.732048e-15
7105.6862497259945,1.7591595e-15
7106.943759242702,1.7323931e-15
7108.201268759409,1.7212635e-15
7109.458778276116,1.7107047e-15
7110.716287792824,1.7356018e-15
7111.973797309531,1.7424032e-15
7113.231306826238,1.6179932e-15
7114.488816342946,1.664377e-15
7115.746325859653,1.6968916e-15
7117.00383537636,1.741198e-15
7118.261344893068,1.7793591e-15
7119.518854409775,1.6848306e-15
7120.776363926482,1.6112263e-15
7122.03387344319,1.6088411e-15
7123.2913829598965,1.6316692e-15
7124.548892476604,1.6441933e-15
7125.806401993312,1.6944481e-15
7127.063911510018,1.7206558e-15
7128.321421026726,1.7416094e-15
7129.578930543434,1.8034678e-15
7130.83644006014,1.7583514e-15
7132.093949576848,1.7892256e-15
7133.351459093556,1.8311827e-15
7134.608968610262,1.7097926e-15
7135.86647812697,1.6538687e-15
7137.1239876436775,1.6523611e-15
7138.381497160384,1.820998e-15
7139.639006677092,1.7526949e-15
7140.8965161937995,1.7292336e-15
7142.154025710506,1.7842258e-15
7143.411535227214,1.765435e-15
7144.669044743921,1.7436848e-15
7145.926554260628,1.7017899e-15
7147.184063777336,1.6792122e-15
7148.441573294043,1.7086711e-15
7149.69908281075,1.841285e-15
7150.956592327458,1.6763173e-15
7152.214101844165,1.7169836e-15
7153.471611360872,1.7160197e-15
7154.72912087758,1.623016e-15
7155.986630394287,1.663169e-15
7157.244139910994,1.6982639e-15
7158.501649427701,1.6448169e-15
7159.759158944409,1.728758e-15
7161.016668461116,1.771359e-15
7162.274177977823,1.6082119e-15
7163.531687494531,1.6951901e-15
7164.789197011238,1.7067731e-15
7166.0467065279445,1.7337007e-15
7167.304216044653,1.8035248e-15
7168.56172556136,1.6937006e-15
7169.819235078066,1.6432709e-15
7171.076744594775,1.7150302e-15
7172.334254111482,1.713598e-15
7173.591763628188,1.7039034e-15
7174.849273144896,1.5806009e-15
7176.106782661604,1.7095105e-15
7177.36429217831,1.7935256e-15
7178.621801695018,1.7997078e-15
7179.8793112117255,1.7403867e-15
7181.136820728432,1.6524633e-15
7182.39433024514,1.6202388e-15
7183.651839761847,1.7700559e-15
7184.909349278554,1.6693433e-15
7186.166858795262,1.7299246e-15
7187.424368311969,1.7487515e-15
7188.681877828676,1.697554e-15
7189.939387345384,1.7383684e-15
7191.196896862091,1.6824018e-15
7192.454406378798,1.6853946e-15
7193.711915895506,1.6416963e-15
7194.969425412213,1.6359758e-15
7196.22693492892,1.6796647e-15
7197.484444445628,1.6505291e-15
7198.741953962335,1.6366265e-15
7199.999463479042,1.6230137e-15
7201.2569729957495,1.5892943e-15
7202.514482512457,1.6258235e-15
7203.771992029164,1.723783e-15
7205.029501545871,1.7057554e-15
7206.287011062579,1.6612447e-15
7207.544520579286,1.7165792e-15
7208.802030095993,1.6961864e-15
7210.059539612701,1.6121381e-15
7211.317049129408,1.6688618e-15
7212.574558646115,1.7560378e-15
7213.832068162823,1.6489844e-15
7215.08957767953,1.6725359e-15
7216.347087196237,1.8084926e-15
7217.604596712945,1.7681111e-15
7218.8621062296515,1.7145377e-15
7220.119615746359,1.6676183e-15
7221.377125263067,1.7739412e-15
7222.6346347797735,1.7762864e-15
7223.892144296481,1.6606792e-15
7225.149653813189,1.5998878e-15
7226.407163329895,1.6137978e-15
7227.664672846602,1.718397e-15
7228.922182363311,1.7139747e-15
7230.179691880017,1.6164496e-15
7231.437201396724,1.6490727e-15
7232.694710913433,1.7260601e-15
7233.952220430139,1.6127246e-15
7235.209729946846,1.5672286e-15
7236.4672394635545,1.7051001e-15
7237.724748980261,1.82705e-15
7238.982258496968,1.7253497e-15
7240.239768013676,1.6929072e-15
7241.497277530383,1.6747885e-15
7242.75478704709,1.7519001e-15
7244.0122965637975,1.7798172e-15
7245.269806080505,1.7150292e-15
7246.527315597212,1.6696805e-15
7247.784825113919,1.7767907e-15
7249.042334630627,1.6993707e-15
7250.299844147334,1.6802049e-15
7251.557353664041,1.6629763e-15
7252.814863180749,1.6022853e-15
7254.072372697456,1.7028582e-15
7255.329882214163,1.67923e-15
7256.587391730871,1.7362542e-15
7257.844901247578,1.780938e-15
7259.102410764285,1.7975263e-15
7260.359920280993,1.7516912e-15
7261.6174297976995,1.6949658e-15
7262.874939314407,1.7593622e-15
7264.132448831115,1.7802337e-15
7265.389958347821,1.5816949e-15
7266.647467864529,1.6099985e-15
7267.904977381237,1.6788902e-15
7269.162486897943,1.7064793e-15
7270.419996414651,1.7952345e-15
7271.677505931359,1.742031e-15
7272.935015448065,1.7351224e-15
7274.192524964773,1.7604832e-15
7275.4500344814805,1.6793184e-15
7276.707543998187,1.6925267e-15
7277.965053514895,1.7224516e-15
7279.2225630316025,1.7027911e-15
7280.480072548309,1.7163905e-15
7281.737582065017,1.7272446e-15
7282.995091581724,1.7946665e-15
7284.252601098431,1.6524885e-15
7285.510110615139,1.6901261e-15
7286.767620131846,1.6957551e-15
7288.025129648553,1.7055108e-15
7289.282639165261,1.7119244e-15
7290.540148681968,1.6511887e-15
7291.797658198675,1.6584292e-15
7293.055167715383,1.5122971e-15
7294.31267723209,1.6653428e-15
7295.570186748797,1.6877201e-15
7296.827696265504,1.6825792e-15
7298.085205782212,1.6670678e-15
7299.342715298919,1.6964224e-15
7300.600224815626,1.7543595e-15
7301.857734332334,1.752409e-15
7303.115243849041,1.7074907e-15
7304.3727533657475,1.5719291e-15
7305.630262882456,1.59314e-15
7306.887772399163,1.6643122e-15
7308.145281915869,1.6603257e-15
7309.402791432578,1.6536189e-15
7310.660300949285,1.6907952e-15
7311.917810465991,1.737181e-15
7313.175319982699,1.6385587e-15
7314.432829499407,1.5351412e-15
7315.690339016113,1.6173835e-15
7316.947848532821,1.7090311e-15
7318.2053580495285,1.6258456e-15
7319.462867566235,1.6723414e-15
7320.720377082943,1.7579426e-15
7321.97788659965,1.7057611e-15
7323.235396116357,1.7037731e-15
7324.492905633065,1.6495816e-15
7325.750415149772,1.6271073e-15
7327.007924666479,1.6716115e-15
7328.265434183187,1.7215677e-15
7329.522943699894,1.7864785e-15
7330.780453216601,1.6324681e-15
7332.037962733309,1.6157332e-15
7333.295472250016,1.6403224e-15
7334.552981766723,1.6542455e-15
7335.810491283431,1.6168584e-15
7337.068000800138,1.675295e-15
7338.325510316845,1.6024421e-15
7339.5830198335525,1.7443018e-15
7340.84052935026,1.7118769e-15
7342.098038866967,1.6259138e-15
7343.355548383674,1.6101151e-15
7344.613057900382,1.7839507e-15
7345.870567417089,1.7867281e-15
7347.128076933796,1.6745958e-15
7348.385586450504,1.7443933e-15
7349.643095967211,1.8217531e-15
7350.900605483918,1.7784151e-15
7352.158115000626,1.494956e-15
7353.415624517333,1.5651626e-15
7354.67313403404,1.6927955e-15
7355.930643550748,1.668632e-15
7357.188153067455,1.7179647e-15
7358.445662584162,1.7159329e-15
7359.70317210087,1.6707238e-15
7360.9606816175765,1.6222392e-15
7362.218191134284,1.6899909e-15
7363.475700650992,1.7357756e-15
7364.733210167698,1.6778731e-15
7365.990719684405,1.7168148e-15
7367.248229201114,1.6985128e-15
7368.50573871782,1.597841e-15
7369.763248234527,1.6566776e-15
7371.020757751236,1.7509269e-15
7372.278267267942,1.6686337e-15
7373.535776784649,1.6423882e-15
7374.7932863013575,1.6792427e-15
7376.050795818064,1.6302293e-15
7377.308305334771,1.7302116e-15
7378.565814851479,1.7274642e-15
7379.823324368186,1.7376595e-15
7381.080833884893,1.7016803e-15
7382.3383434016005,1.5499389e-15
7383.595852918308,1.5968755e-15
7384.853362435015,1.6047715e-15
7386.110871951722,1.5250899e-15
7387.36838146843,1.4829903e-15
7388.625890985137,1.364398e-15
7389.883400501844,1.4771994e-15
7391.140910018552,1.5186668e-15
7392.398419535259,1.6340974e-15
7393.655929051966,1.5938078e-15
7394.913438568674,1.6049491e-15
7396.170948085381,1.6294796e-15
7397.428457602088,1.6638723e-15
7398.685967118796,1.6939854e-15
7399.9434766355025,1.6848796e-15
7401.20098615221,1.7194293e-15
7402.458495668918,1.7395744e-15
7403.716005185624,1.6271648e-15
7404.973514702332,1.6155286e-15
7406.23102421904,1.7107685e-15
7407.488533735746,1.6715045e-15
7408.746043252454,1.6368963e-15
7410.003552769162,1.5723019e-15
7411.261062285868,1.6314443e-15
7412.518571802576,1.697211e-15
7413.776081319284,1.6517367e-15
7415.03359083599,1.7434187e-15
7416.291100352698,1.5826252e-15
7417.5486098694055,1.6201285e-15
7418.806119386112,1.6716748e-15
7420.06362890282,1.6479495e-15
7421.321138419527,1.6827597e-15
7422.578647936234,1.6717331e-15
7423.836157452942,1.6156976e-15
7425.093666969649,1.5786259e-15
7426.351176486356,1.716567e-15
7427.608686003064,1.7062871e-15
7428.866195519771,1.6214665e-15
7430.123705036478,1.5928285e-15
7431.381214553186,1.5431081e-15
7432.638724069893,1.6421425e-15
7433.8962335866,1.803043e-15
7435.153743103307,1.8758044e-15
7436.411252620015,1.7376408e-15
7437.668762136722,1.6336036e-15
7438.926271653429,1.6586653e-15
7440.183781170137,1.5667934e-15
7441.441290686844,1.6520473e-15
7442.6988002035505,1.7748176e-15
7443.956309720259,1.6082714e-15
7445.213819236966,1.5437833e-15
7446.471328753672,1.5294184e-15
7447.728838270381,1.6490036e-15
7448.986347787088,1.6785606e-15
7450.243857303794,1.6617465e-15
7451.501366820502,1.5869916e-15
7452.75887633721,1.7675524e-15
7454.016385853916,1.6725314e-15
7455.273895370624,1.6582251e-15
7456.5314048873315,1.6875861e-15
7457.788914404038,1.5942505e-15
7459.046423920746,1.6341578e-15
7460.303933437453,1.6337256e-15
7461.56144295416,1.7380244e-15
7462.818952470868,1.5598655e-15
7464.076461987575,1.506836e-15
7465.333971504282,1.5609842e-15
7466.59148102099,1.5806357e-15
7467.848990537697,1.6518039e-15
7469.106500054404,1.6439073e-15
7470.364009571112,1.6015092e-15
7471.621519087819,1.7172585e-15
7472.879028604526,1.722919e-15
7474.136538121234,1.6103148e-15
7475.394047637941,1.7099553e-15
7476.651557154648,1.6770598e-15
7477.9090666713555,1.5717101e-15
7479.166576188063,1.6036844e-15
7480.42408570477,1.6339421e-15
7481.681595221477,1.7188912e-15
7482.939104738185,1.6710807e-15
7484.196614254892,1.7675952e-15
7485.454123771599,1.7082906e-15
7486.711633288307,1.5609539e-15
7487.969142805014,1.7669328e-15
7489.226652321721,1.6846488e-15
7490.484161838429,1.6192853e-15
7491.741671355136,1.6623186e-15
7492.999180871843,1.5604952e-15
7494.256690388551,1.5348443e-15
7495.514199905258,1.5086139e-15
7496.771709421965,1.5206965e-15
7498.029218938673,1.5382991e-15
7499.2867284553795,1.5636185e-15
7500.544237972087,1.5526905e-15
7501.801747488795,1.5730792e-15
7503.059257005501,1.6084258e-15
7504.316766522208,1.5225969e-15
7505.574276038917,1.5713757e-15
7506.831785555623,1.632916e-15
7508.08929507233,1.6045783e-15
7509.346804589039,1.693132e-15
7510.604314105745,1.6392399e-15
7511.861823622452,1.5995336e-15
7513.1193331391605,1.5684465e-15
7514.376842655867,1.5672429e-15
7515.634352172574,1.5408724e-15
7516.891861689282,1.6402849e-15
7518.149371205989,1.7345938e-15
7519.406880722696,1.5642161e-15
7520.6643902394035,1.7025947e-15
7521.921899756111,1.7333234e-15
7523.179409272818,1.6509472e-15
7524.436918789525,1.6592254e-15
7525.694428306233,1.648763e-15
7526.95193782294,1.615149e-15
7528.209447339647,1.630417e-15
7529.466956856355,1.7153674e-15
7530.724466373062,1.6323794e-15
7531.981975889769,1.5060109e-15
7533.239485406477,1.591594e-15
7534.496994923184,1.6251692e-15
7535.754504439891,1.6580627e-15
7537.012013956599,1.6370505e-15
7538.2695234733055,1.5839827e-15
7539.527032990013,1.6191363e-15
7540.784542506721,1.5750025e-15
7542.0420520234275,1.631721e-15
7543.299561540135,1.5590953e-15
7544.557071056843,1.612243e-15
7545.814580573549,1.5373272e-15
7547.072090090257,1.5501503e-15
7548.329599606965,1.5273382e-15
7549.587109123671,1.5249201e-15
7550.844618640379,1.6624102e-15
7552.102128157087,1.6138832e-15
7553.359637673793,1.4740804e-15
7554.617147190501,1.4933831e-15
7555.8746567072085,1.5790486e-15
7557.132166223915,1.5404938e-15
7558.389675740623,1.4866488e-15
7559.64718525733,1.561701e-15
7560.904694774037,1.6546765e-15
7562.162204290745,1.6431363e-15
7563.419713807452,1.5264177e-15
7564.677223324159,1.5515747e-15
7565.934732840867,1.5973087e-15
7567.192242357574,1.5945623e-15
7568.449751874281,1.6707847e-15
7569.707261390989,1.6666514e-15
7570.964770907696,1.6484357e-15
7572.222280424403,1.6687082e-15
7573.47978994111,1.6123243e-15
7574.737299457818,1.6505035e-15
7575.994808974525,1.5088634e-15
7577.252318491232,1.6314766e-15
7578.50982800794,1.5838528e-15
7579.767337524647,1.6270798e-15
7581.0248470413535,1.7179528e-15
7582.282356558062,1.5972006e-15
7583.539866074769,1.5472848e-15
7584.797375591475,1.576105e-15
7586.054885108184,1.5568785e-15
7587.312394624891,1.4592617e-15
7588.569904141597,1.2963668e-15
7589.827413658305,1.1474554e-15
7591.084923175013,1.0834932e-15
7592.342432691719,9.917283e-16
7593.599942208427,8.450307e-16
7594.8574517251345,7.958078e-16
7596.114961241841,6.6877857e-16
7597.372470758549,5.559302e-16
7598.6299802752565,5.783537e-16
7599.887489791963,6.2851745e-16
7601.144999308671,4.829985e-16
7602.402508825378,5.5003784e-16
7603.660018342085,6.3825537e-16
7604.917527858793,6.022574e-16
7606.1750373755,6.2126124e-16
7607.432546892207,7.1338857e-16
7608.690056408915,7.428873e-16
7609.947565925622,7.638936e-16
7611.205075442329,9.598155e-16
7612.462584959037,1.1514945e-15
7613.720094475744,1.2001673e-15
7614.977603992451,1.2136445e-15
7616.2351135091585,1.1034121e-15
7617.492623025866,1.1665787e-15
7618.750132542573,1.155406e-15
7620.00764205928,1.0883188e-15
7621.265151575988,9.81351e-16
7622.522661092695,8.965184e-16
7623.780170609402,9.7407e-16
7625.03768012611,8.443966e-16
7626.295189642817,7.8243896e-16
7627.552699159524,9.336915e-16
7628.810208676232,8.818655e-16
7630.067718192939,8.971274e-16
7631.325227709646,9.67527e-16
7632.582737226354,9.452079e-16
7633.840246743061,1.023799e-15
7635.097756259768,1.003221e-15
7636.355265776476,9.571542e-16
7637.6127752931825,1.0592739e-15
7638.87028480989,1.0253822e-15
7640.127794326598,1.1223655e-15
7641.385303843304,1.1681741e-15
7642.642813360011,1.2592489e-15
7643.90032287672,1.2593662e-15
7645.157832393426,1.2067606e-15
7646.415341910133,1.2338828e-15
7647.672851426842,1.2716108e-15
7648.930360943548,1.3261293e-15
7650.187870460255,1.305736e-15
7651.4453799769635,1.3165743e-15
7652.70288949367,1.3865629e-15
7653.960399010377,1.3923362e-15
7655.2179085270855,1.3698026e-15
7656.475418043792,1.5136645e-15
7657.732927560499,1.4903866e-15
7658.9904370772065,1.3835344e-15
7660.247946593914,1.5662303e-15
7661.505456110621,1.4853108e-15
7662.762965627328,1.5845747e-15
7664.020475144036,1.379334e-15
7665.277984660743,1.3319461e-15
7666.53549417745,1.4562636e-15
7667.793003694158,1.5593766e-15
7669.050513210865,1.6236027e-15
7670.308022727572,1.6214652e-15
7671.56553224428,1.6035761e-15
7672.823041760987,1.5486094e-15
7674.080551277694,1.5119194e-15
7675.338060794402,1.5483091e-15
7676.5955703111085,1.5584199e-15
7677.853079827816,1.6019489e-15
7679.110589344524,1.5721479e-15
7680.3680988612305,1.4613015e-15
7681.625608377938,1.4972404e-15
7682.883117894646,1.5622498e-15
7684.140627411352,1.641899e-15
7685.39813692806,1.5536821e-15
7686.655646444768,1.5212506e-15
7687.913155961474,1.6922254e-15
7689.170665478182,1.6300807e-15
7690.42817499489,1.5489137e-15
7691.685684511596,1.6080781e-15
7692.943194028304,1.5556214e-15
7694.2007035450115,1.5374951e-15
7695.458213061718,1.6508273e-15
7696.715722578426,1.6835796e-15
7697.973232095133,1.6625892e-15
7699.23074161184,1.6281943e-15
7700.488251128548,1.6977487e-15
7701.745760645255,1.799891e-15
7703.003270161962,1.6885499e-15
7704.26077967867,1.6292877e-15
7705.518289195377,1.6504737e-15
7706.775798712084,1.6029801e-15
7708.033308228792,1.7361727e-15
7709.290817745499,1.6663709e-15
7710.548327262206,1.6399091e-15
7711.805836778913,1.680006e-15
7713.063346295621,1.5859813e-15
7714.320855812328,1.5712186e-15
7715.578365329035,1.7102005e-15
7716.835874845743,1.7537915e-15
7718.09338436245,1.7071044e-15
7719.3508938791565,1.593975e-15
7720.608403395865,1.4986759e-15
7721.865912912572,1.4573763e-15
7723.123422429278,1.5488343e-15
7724.380931945987,1.5748413e-15
7725.638441462694,1.4595877e-15
7726.8959509794,1.7237963e-15
7728.153460496108,1.5718265e-15
7729.410970012816,1.5471492e-15
7730.668479529522,1.652683e-15
7731.92598904623,1.6710534e-15
7733.1834985629375,1.633227e-15
7734.441008079644,1.5566527e-15
7735.698517596352,1.5516494e-15
7736.9560271130595,1.6165578e-15
7738.213536629766,1.6184971e-15
7739.471046146474,1.6880112e-15
7740.728555663181,1.6213413e-15
7741.986065179888,1.5005866e-15
7743.243574696596,1.6040391e-15
7744.501084213303,1.6593779e-15
7745.75859373001,1.5898141e-15
7747.016103246718,1.570926e-15
7748.273612763425,1.6801787e-15
7749.531122280132,1.6855695e-15
7750.78863179684,1.5269598e-15
7752.046141313547,1.6327977e-15
7753.303650830254,1.4224299e-15
7754.5611603469615,1.5114003e-15
7755.818669863669,1.5206119e-15
7757.076179380376,1.3544187e-15
7758.333688897083,1.3299233e-15
7759.591198413791,1.3421506e-15
7760.848707930498,1.5080062e-15
7762.106217447205,1.5256478e-15
7763.363726963913,1.3982226e-15
7764.62123648062,1.5469623e-15
7765.878745997327,1.5695748e-15
7767.136255514035,1.5779938e-15
7768.393765030742,1.530516e-15
7769.651274547449,1.4783945e-15
7770.908784064157,1.5612005e-15
7772.166293580864,1.541342e-15
7773.423803097571,1.6168645e-15
7774.681312614279,1.6865596e-15
7775.9388221309855,1.6695291e-15
7777.196331647693,1.5263754e-15
7778.453841164401,1.6333708e-15
7779.711350681107,1.6668029e-15
7780.968860197814,1.5481496e-15
7782.226369714523,1.5903156e-15
7783.483879231229,1.5617575e-15
7784.741388747936,1.4744285e-15
7785.998898264645,1.6184741e-15
7787.256407781351,1.7901446e-15
7788.513917298058,1.7384057e-15
7789.7714268147665,1.8085316e-15
7791.028936331473,1.5044696e-15
7792.28644584818,1.4829653e-15
7793.5439553648885,1.7372175e-15
7794.801464881595,1.6884334e-15
7796.058974398302,1.4906028e-15
7797.3164839150095,1.485743e-15
7798.573993431717,1.6199849e-15
7799.831502948424,1.5463173e-15
7801.089012465131,1.4782705e-15
7802.346521981839,1.6072863e-15
7803.604031498546,1.619158e-15
7804.861541015253,1.5513831e-15
7806.119050531961,1.4608191e-15
7807.376560048668,1.5842938e-15
7808.634069565375,1.5663035e-15
7809.891579082083,1.6406122e-15
7811.14908859879,1.5560574e-15
7812.406598115497,1.5982999e-15
7813.664107632205,1.6675742e-15
7814.9216171489115,1.5967398e-15
7816.179126665619,1.5932693e-15
7817.436636182327,1.6929342e-15
7818.6941456990335,1.6571483e-15
7819.951655215741,1.6100845e-15
7821.209164732449,1.7008154e-15
7822.466674249155,1.7390089e-15
7823.724183765863,1.7394644e-15
7824.981693282571,1.690784e-15
7826.239202799277,1.5871376e-15
7827.496712315985,1.488116e-15
7828.754221832693,1.4272533e-15
7830.011731349399,1.5091632e-15
7831.269240866107,1.4967791e-15
7832.5267503828145,1.5535376e-15
7833.784259899521,1.5746964e-15
7835.041769416229,1.6436583e-15
7836.299278932936,1.5993077e-15
7837.556788449643,1.440181e-15
7838.814297966351,1.4933504e-15
7840.071807483058,1.6909619e-15
7841.329316999765,1.7220608e-15
7842.586826516473,1.538472e-15
7843.84433603318,1.5346557e-15
7845.101845549887,1.4923077e-15
7846.359355066595,1.6472319e-15
7847.616864583302,1.6647958e-15
7848.874374100009,1.6244386e-15
7850.131883616716,1.5577671e-15
7851.389393133424,1.5205564e-15
7852.646902650131,1.6350824e-15
7853.904412166838,1.6986384e-15
7855.161921683546,1.6186462e-15
7856.419431200253,1.6863896e-15
7857.6769407169595,1.7240298e-15
7858.934450233668,1.5731894e-15
7860.191959750375,1.6148833e-15
7861.449469267081,1.4835095e-15
7862.70697878379,1.5691662e-15
7863.964488300497,1.5184776e-15
7865.221997817203,1.3835492e-15
7866.479507333911,1.4463083e-15
7867.737016850619,1.4633872e-15
7868.994526367325,1.5043663e-15
7870.252035884033,1.5863023e-15
7871.5095454007405,1.5122186e-15
7872.767054917447,1.5640853e-15
7874.024564434155,1.5977235e-15
7875.2820739508625,1.4772035e-15
7876.539583467569,1.596957e-15
7877.797092984277,1.555696e-15
7879.054602500984,1.5800934e-15
7880.312112017691,1.5121023e-15
7881.569621534399,1.4072138e-15
7882.827131051106,1.5838221e-15
7884.084640567813,1.6284952e-15
7885.342150084521,1.5934372e-15
7886.599659601228,1.5697826e-15
7887.857169117935,1.5909702e-15
7889.114678634643,1.6270106e-15
7890.37218815135,1.6149294e-15
7891.629697668057,1.6110803e-15
7892.8872071847645,1.5819391e-15
7894.144716701472,1.4987923e-15
7895.402226218179,1.5177927e-15
7896.659735734886,1.4405253e-15
7897.917245251594,1.3677272e-15
7899.174754768301,1.4277677e-15
7900.432264285008,1.3820525e-15
7901.689773801716,1.4362916e-15
7902.947283318423,1.5606369e-15
7904.20479283513,1.5001216e-15
7905.462302351838,1.382029e-15
7906.719811868545,1.4479778e-15
7907.977321385252,1.5006606e-15
7909.23483090196,1.4839928e-15
7910.492340418667,1.510364e-15
7911.749849935374,1.390178e-15
7913.007359452082,1.5122062e-15
7914.2648689687885,1.7402786e-15
7915.522378485496,1.6999211e-15
7916.779888002204,1.5922826e-15
7918.03739751891,1.5860362e-15
7919.294907035617,1.6200398e-15
7920.552416552326,1.5656815e-15
7921.809926069032,1.4637546e-15
7923.067435585739,1.5899079e-15
7924.324945102448,1.6861293e-15
7925.582454619154,1.6007942e-15
7926.839964135861,1.6332358e-15
7928.0974736525695,1.6014823e-15
7929.354983169276,1.6047e-15
7930.612492685983,1.5146568e-15
7931.8700022026915,1.6446778e-15
7933.127511719398,1.6316187e-15
7934.385021236105,1.5917788e-15
7935.6425307528125,1.7260075e-15
7936.90004026952,1.6099035e-15
7938.157549786227,1.5069729e-15
7939.415059302934,1.5244298e-15
7940.672568819642,1.4665927e-15
7941.930078336349,1.4582422e-15
7943.187587853056,1.4949278e-15
7944.445097369764,1.5341083e-15
7945.702606886471,1.5813336e-15
7946.960116403178,1.578403e-15
7948.217625919886,1.5123574e-15
7949.475135436593,1.402089e-15
7950.7326449533,1.3939881e-15
7951.990154470008,1.489806e-15
7953.2476639867145,1.4211212e-15
7954.505173503422,1.4668656e-15
7955.76268302013,1.4671251e-15
7957.0201925368365,1.4107968e-15
7958.277702053544,1.4516403e-15
7959.535211570252,1.3841051e-15
7960.792721086958,1.5537592e-15
7962.050230603666,1.5396791e-15
7963.307740120374,1.6086514e-15
7964.56524963708,1.6952478e-15
7965.822759153788,1.6337613e-15
7967.080268670496,1.5528113e-15
7968.337778187202,1.3930347e-15
7969.59528770391,1.4627586e-15
7970.8527972206175,1.5285985e-15
7972.110306737324,1.3550478e-15
7973.367816254032,1.3956679e-15
7974.625325770739,1.5519874e-15
7975.882835287446,1.4660188e-15
7977.140344804154,1.5831631e-15
7978.397854320861,1.5637606e-15
7979.655363837568,1.4656611e-15
7980.912873354276,1.4333429e-15
7982.170382870983,1.5303813e-15
7983.42789238769,1.5333212e-15
7984.685401904398,1.5331601e-15
7985.942911421105,1.5931008e-15
7987.200420937812,1.5669537e-15
7988.457930454519,1.4539977e-15
7989.715439971227,1.4069109e-15
7990.972949487934,1.4555273e-15
7992.230459004641,1.5746407e-15
7993.487968521349,1.7003658e-15
7994.745478038056,1.5383305e-15
7996.0029875547625,1.4744827e-15
7997.260497071471,1.4544292e-15
7998.518006588178,1.5942464e-15
7999.775516104884,1.5540569e-15
8001.033025621593,1.3905789e-15
8002.2905351383,1.4474838e-15
8003.548044655006,1.4125329e-15
8004.805554171714,1.4150078e-15
8006.063063688422,1.6670462e-15
8007.320573205128,1.5130767e-15
8008.578082721836,1.5741905e-15
8009.8355922385435,1.5617514e-15
8011.09310175525,1.5145132e-15
8012.350611271958,1.6191721e-15
8013.6081207886655,1.5939174e-15
8014.865630305372,1.4625482e-15
8016.12313982208,1.4633224e-15
8017.380649338787,1.5084856e-15
8018.638158855494,1.5389743e-15
8019.895668372202,1.6592147e-15
8021.153177888909,1.637941e-15
8022.410687405616,1.4210182e-15
8023.668196922324,1.5185231e-15
8024.925706439031,1.5854259e-15
8026.183215955738,1.6676624e-15
8027.440725472446,1.5325534e-15
8028.698234989153,1.4231515e-15
8029.95574450586,1.5014885e-15
8031.2132540225675,1.5992199e-15
8032.470763539275,1.5846033e-15
8033.728273055982,1.5213751e-15
8034.9857825726895,1.4594398e-15
8036.243292089397,1.3818017e-15
8037.500801606104,1.3998148e-15
8038.758311122811,1.5354973e-15
8040.015820639519,1.517425e-15
8041.273330156226,1.4387346e-15
8042.530839672933,1.4624786e-15
8043.788349189641,1.4792552e-15
8045.045858706348,1.5054837e-15
8046.303368223055,1.4693501e-15
8047.560877739763,1.4225228e-15
8048.81838725647,1.4037035e-15
8050.075896773177,1.4285468e-15
8051.333406289885,1.4776704e-15
8052.5909158065915,1.3806875e-15
8053.848425323299,1.4736672e-15
8055.105934840007,1.3095544e-15
8056.363444356713,1.5015855e-15
8057.62095387342,1.5091456e-15
8058.878463390129,1.3458137e-15
8060.135972906835,1.3019944e-15
8061.393482423542,1.3549498e-15
8062.650991940251,1.4227077e-15
8063.908501456957,1.4515831e-15
8065.166010973664,1.4172366e-15
8066.4235204903725,1.4003173e-15
8067.681030007079,1.3851016e-15
8068.938539523786,1.3367959e-15
8070.1960490404945,1.4674039e-15
8071.453558557201,1.4842639e-15
8072.711068073908,1.4824327e-15
8073.9685775906155,1.4016416e-15
8075.226087107323,1.391611e-15
8076.48359662403,1.4195333e-15
8077.741106140737,1.3712015e-15
8078.998615657445,1.4232481e-15
8080.256125174152,1.5180393e-15
8081.513634690859,1.4720429e-15
8082.771144207567,1.4831387e-15
8084.028653724274,1.501896e-15
8085.286163240981,1.5219557e-15
8086.543672757689,1.4057995e-15
8087.801182274396,1.3384932e-15
8089.058691791103,1.4296682e-15
8090.316201307811,1.3341894e-15
8091.573710824518,1.2508662e-15
8092.831220341225,1.3693674e-15
8094.088729857933,1.3187674e-15
8095.3462393746395,1.3240627e-15
8096.603748891347,1.3989237e-15
8097.861258408055,1.3403118e-15
8099.118767924761,1.4157773e-15
8100.376277441469,1.4137486e-15
8101.633786958177,1.5523172e-15
8102.891296474883,1.6106302e-15
8104.148805991591,1.4934616e-15
8105.406315508299,1.4307314e-15
8106.663825025005,1.4494883e-15
8107.921334541713,1.4329811e-15
8109.1788440584205,1.4160436e-15
8110.436353575127,1.5524178e-15
8111.693863091835,1.6182956e-15
8112.951372608542,1.4967843e-15
8114.208882125249,1.4887004e-15
8115.466391641957,1.4050077e-15
8116.723901158664,1.3620006e-15
8117.981410675371,1.4840047e-15
8119.238920192079,1.4913085e-15
8120.496429708786,1.4393861e-15
8121.753939225493,1.4779218e-15
8123.011448742201,1.3363249e-15
8124.268958258908,1.3037874e-15
8125.526467775615,1.3597556e-15
8126.783977292322,1.3542325e-15
8128.04148680903,1.3402269e-15
8129.298996325737,1.3191078e-15
8130.556505842444,1.3955326e-15
8131.814015359152,1.462641e-15
8133.071524875859,1.4725802e-15
8134.3290343925655,1.4719519e-15
8135.586543909274,1.3613812e-15
8136.844053425981,1.2680336e-15
8138.101562942687,1.4001874e-15
8139.359072459396,1.5318745e-15
8140.616581976103,1.4438552e-15
8141.874091492809,1.4651938e-15
8143.131601009517,1.4329231e-15
8144.389110526225,1.3848331e-15
8145.646620042931,1.4182384e-15
8146.904129559639,1.4296017e-15
8148.161639076347,1.3538045e-15
8149.419148593053,1.2510028e-15
8150.676658109761,1.2792128e-15
8151.9341676264685,1.4535481e-15
8153.191677143175,1.5241238e-15
8154.449186659883,1.4150702e-15
8155.70669617659,1.435288e-15
8156.964205693297,1.3689534e-15
8158.221715210005,1.3021724e-15
8159.479224726712,1.2778264e-15
8160.736734243419,1.2810959e-15
8161.994243760127,1.3258114e-15
8163.251753276834,1.2389585e-15
8164.509262793541,1.2726261e-15
8165.766772310249,1.4055105e-15
8167.024281826956,1.2074606e-15
8168.281791343663,1.1979167e-15
8169.5393008603705,1.3028366e-15
8170.796810377078,1.2780501e-15
8172.054319893785,1.1837143e-15
8173.3118294104925,1.2782083e-15
8174.5693389272,1.3292149e-15
8175.826848443907,1.195496e-15
8177.084357960614,1.3167991e-15
8178.341867477322,1.2188007e-15
8179.599376994029,1.2135042e-15
8180.856886510736,1.2746082e-15
8182.114396027444,1.2999818e-15
8183.371905544151,1.3997062e-15
8184.629415060858,1.3775078e-15
8185.886924577566,1.3554422e-15
8187.144434094273,1.3605369e-15
8188.40194361098,1.2467986e-15
8189.659453127688,1.279232e-15
8190.9169626443945,1.3582284e-15
8192.174472161103,1.3698442e-15
8193.43198167781,1.2858186e-15
8194.689491194516,1.2971895e-15
8195.947000711223,1.3095129e-15
8197.204510227932,1.233212e-15
8198.462019744638,1.2373411e-15
8199.719529261345,1.2651838e-15
8200.977038778054,1.2224877e-15
8202.23454829476,1.3051077e-15
8203.492057811467,1.4090438e-15
8204.749567328176,1.3608533e-15
8206.007076844882,1.4562413e-15
8207.264586361589,1.4180171e-15
8208.522095878297,1.4297936e-15
8209.779605395004,1.507765e-15
8211.03711491171,1.4722595e-15
8212.294624428418,1.4578313e-15
8213.552133945126,1.51709e-15
8214.809643461833,1.4875255e-15
8216.06715297854,1.4407644e-15
8217.324662495248,1.3514981e-15
8218.582172011955,1.297787e-15
8219.839681528661,1.2029137e-15
8221.09719104537,1.2419116e-15
8222.354700562077,1.3356116e-15
8223.612210078783,1.3022334e-15
8224.869719595492,1.249331e-15
8226.127229112199,1.3187558e-15
8227.384738628905,1.3545576e-15
8228.642248145614,1.2945439e-15
8229.89975766232,1.3811973e-15
8231.157267179027,1.3839886e-15
8232.414776695736,1.3333894e-15
8233.672286212442,1.3119902e-15
8234.92979572915,1.4550884e-15
8236.187305245858,1.547511e-15
8237.444814762564,1.5352435e-15
8238.702324279271,1.3899347e-15
8239.95983379598,1.2352187e-15
8241.217343312686,1.3896049e-15
8242.474852829393,1.3606393e-15
8243.732362346102,1.3942804e-15
8244.989871862808,1.2794212e-15
8246.247381379515,1.3630916e-15
8247.504890896224,1.3294865e-15
8248.76240041293,1.391428e-15
8250.019909929637,1.4182441e-15
8251.277419446345,1.3157925e-15
8252.534928963052,1.3781034e-15
8253.792438479759,1.3091412e-15
8255.049947996467,1.3465753e-15
8256.307457513174,1.3387224e-15
8257.56496702988,1.4548584e-15
8258.82247654659,1.43628e-15
8260.079986063296,1.4941658e-15
8261.337495580003,1.5408349e-15
8262.595005096711,1.4660961e-15
8263.852514613418,1.3794698e-15
8265.110024130125,1.3498239e-15
8266.367533646833,1.4082697e-15
8267.62504316354,1.3509101e-15
8268.882552680247,1.5258103e-15
8270.140062196955,1.4357053e-15
8271.397571713662,1.4453611e-15
8272.655081230369,1.4515202e-15
8273.912590747077,1.4086402e-15
8275.170100263784,1.4368189e-15
8276.42760978049,1.5184099e-15
8277.685119297199,1.4926331e-15
8278.942628813906,1.2663415e-15
8280.200138330612,1.417877e-15
8281.457647847321,1.4206205e-15
8282.715157364028,1.3916501e-15
8283.972666880734,1.4921008e-15
8285.230176397443,1.4116679e-15
8286.48768591415,1.3729794e-15
8287.745195430856,1.4914356e-15
8289.002704947565,1.5783992e-15
8290.260214464271,1.6199725e-15
8291.517723980978,1.4103333e-15
8292.775233497687,1.5980838e-15
8294.032743014393,1.5922716e-15
8295.2902525311,1.4029366e-15
8296.547762047809,1.3959482e-15
8297.805271564515,1.5091553e-15
8299.062781081222,1.6179129e-15
8300.32029059793,1.5716101e-15
8301.577800114637,1.4666184e-15
8302.835309631344,1.6160597e-15
8304.092819148053,1.5379026e-15
8305.35032866476,1.5304035e-15
8306.607838181466,1.4649603e-15
8307.865347698174,1.4592315e-15
8309.122857214881,1.5107871e-15
8310.380366731588,1.4744673e-15
8311.637876248296,1.5662589e-15
8312.895385765003,1.7205541e-15
8314.15289528171,1.5980876e-15
8315.410404798418,1.6058385e-15
8316.667914315125,1.5827054e-15
8317.925423831832,1.3959439e-15
8319.18293334854,1.4233133e-15
8320.440442865247,1.6630627e-15
8321.697952381954,1.7616264e-15
8322.955461898662,1.7129584e-15
8324.212971415369,1.6632596e-15
8325.470480932076,1.5569738e-15
8326.727990448784,1.5002775e-15
8327.98549996549,1.6112199e-15
8329.243009482198,1.5212009e-15
8330.500518998906,1.5579199e-15
8331.758028515613,1.6127351e-15
8333.01553803232,1.7084151e-15
8334.273047549026,1.8369987e-15
8335.530557065735,1.830375e-15
8336.788066582441,1.6230472e-15
8338.045576099148,1.4563587e-15
8339.303085615857,1.6338163e-15
8340.560595132563,1.6606907e-15
8341.81810464927,1.643351e-15
8343.075614165979,1.7891881e-15
8344.333123682685,1.8529174e-15
8345.590633199392,1.7943072e-15
8346.8481427161,1.7888398e-15
8348.105652232807,1.8511888e-15
8349.363161749514,1.8960034e-15
8350.62067126622,1.8283043e-15
8351.87818078293,1.6289542e-15
8353.135690299636,1.5641299e-15
8354.393199816343,1.5948454e-15
8355.650709333051,1.5933732e-15
8356.908218849758,1.6583282e-15
8358.165728366464,1.6538225e-15
8359.423237883173,1.6089216e-15
8360.68074739988,1.7420716e-15
8361.938256916586,1.814466e-15
8363.195766433295,1.8159484e-15
8364.453275950002,1.6446145e-15
8365.710785466708,2.2088663e-15
8366.968294983417,2.174301e-15
8368.225804500124,1.8806008e-15
8369.48331401683,1.9452385e-15
8370.740823533539,1.9391555e-15
8371.998333050245,1.9092781e-15
8373.255842566952,2.0267732e-15
8374.51335208366,1.9671713e-15
8375.770861600367,1.9233175e-15
8377.028371117074,2.0326307e-15
8378.285880633783,1.9275738e-15
8379.54339015049,1.9809064e-15
8380.800899667196,2.0584637e-15
8382.058409183905,1.8889955e-15
8383.315918700611,1.8464433e-15
8384.573428217318,2.007798e-15
8385.830937734027,2.1515672e-15
8387.088447250733,1.9927416e-15
8388.34595676744,2.0937166e-15
8389.603466284148,2.303834e-15
8390.860975800855,1.9667152e-15
8392.118485317562,1.7436003e-15
8393.37599483427,2.0658663e-15
8394.633504350977,2.07035e-15
8395.891013867684,1.7467591e-15
8397.148523384392,1.910114e-15
8398.406032901099,2.1328376e-15
8399.663542417806,2.1900935e-15
8400.921051934514,1.9936837e-15
8402.178561451221,1.9638321e-15
8403.436070967928,2.237145e-15
8404.693580484636,2.44051e-15
8405.951090001343,2.3352946e-15
8407.20859951805,2.1274257e-15
8408.466109034758,2.116486e-15
8409.723618551465,2.003368e-15
8410.981128068172,2.159375e-15
8412.23863758488,2.1336375e-15
8413.496147101587,2.3222833e-15
8414.753656618293,2.4479955e-15
8416.011166135002,2.2446494e-15
8417.268675651709,2.2954178e-15
8418.526185168415,2.32603e-15
8419.783694685124,2.2257373e-15
8421.04120420183,2.198673e-15
8422.298713718537,1.884765e-15
8423.556223235246,1.9876344e-15
8424.813732751953,2.4084668e-15
8426.07124226866,2.3073972e-15
8427.328751785368,1.8609223e-15
8428.586261302074,1.9244932e-15
8429.843770818781,2.4444083e-15
8431.10128033549,2.7577102e-15
8432.358789852196,2.5076353e-15
8433.616299368903,2.3975899e-15
8434.873808885612,2.7669178e-15
8436.131318402318,2.7062307e-15
8437.388827919025,2.2346574e-15
8438.646337435734,2.2828364e-15
8439.90384695244,2.6156962e-15
8441.161356469147,2.601735e-15
8442.418865985856,2.586658e-15
8443.676375502562,2.4357385e-15
8444.933885019269,2.4920184e-15
8446.191394535977,2.819324e-15
8447.448904052684,2.805602e-15
8448.70641356939,2.4073238e-15
8449.9639230861,2.3709543e-15
8451.221432602806,2.740575e-15
8452.478942119513,2.7838324e-15
8453.736451636221,2.677092e-15
8454.993961152928,2.7897771e-15
8456.251470669635,2.850733e-15
8457.508980186343,2.705381e-15
8458.76648970305,2.9356373e-15
8460.023999219757,3.297571e-15
8461.281508736465,3.152671e-15
8462.539018253172,3.1037407e-15
8463.796527769879,3.0153985e-15
8465.054037286587,3.1837502e-15
8466.311546803294,3.56117e-15
8467.56905632,3.1462556e-15
8468.826565836709,3.043705e-15
8470.084075353416,3.278856e-15
8471.341584870122,3.1690164e-15
8472.59909438683,3.3339793e-15
8473.856603903538,3.038461e-15
8475.114113420244,3.3199952e-15
8476.371622936951,3.5093689e-15
8477.62913245366,2.9378853e-15
8478.886641970366,2.984758e-15
8480.144151487073,3.273357e-15
8481.401661003782,3.2448456e-15
8482.659170520488,3.398386e-15
8483.916680037195,3.0917456e-15
8485.174189553903,2.9819988e-15
8486.43169907061,3.2221237e-15
8487.689208587317,3.4917917e-15
8488.946718104024,3.3059412e-15
8490.204227620732,3.3741566e-15
8491.461737137439,3.439428e-15
8492.719246654146,3.3769681e-15
8493.976756170854,3.9817837e-15
8495.23426568756,3.9312e-15
8496.491775204267,3.494962e-15
8497.749284720976,3.658889e-15
8499.006794237683,4.0730723e-15
8500.26430375439,3.66509e-15
8501.521813271098,3.8812803e-15
8502.779322787805,4.444766e-15
8504.036832304511,3.9334584e-15
8505.29434182122,4.300841e-15
8506.551851337927,4.198639e-15
8507.809360854633,3.8038352e-15
8509.066870371342,3.899901e-15
8510.324379888048,4.6922224e-15
8511.581889404755,4.5309605e-15
8512.839398921464,3.871178e-15
8514.09690843817,4.1958908e-15
8515.354417954877,4.363698e-15
8516.611927471586,4.2601374e-15
8517.869436988292,4.286865e-15
8519.126946504999,4.468227e-15
8520.384456021708,4.864631e-15
8521.641965538414,4.2652386e-15
8522.899475055121,3.742247e-15
8524.15698457183,4.0854135e-15
8525.414494088536,3.889127e-15
8526.672003605243,4.017165e-15
8527.929513121951,3.883567e-15
8529.187022638658,3.721043e-15
8530.444532155365,3.4307225e-15
8531.702041672073,4.0514623e-15
8532.95955118878,5.1466006e-15
8534.217060705487,5.3530157e-15
8535.474570222195,5.237083e-15
8536.732079738902,5.6611057e-15
8537.989589255609,5.4816173e-15
8539.247098772317,5.3122455e-15
8540.504608289024,5.4246184e-15
8541.76211780573,5.6167017e-15
8543.01962732244,6.063804e-15
8544.277136839146,6.1989484e-15
8545.534646355853,5.6296194e-15
8546.792155872561,5.429613e-15
8548.049665389268,5.6570938e-15
8549.307174905975,6.2882976e-15
8550.564684422683,6.3717698e-15
8551.82219393939,5.821972e-15
8553.079703456096,5.5765706e-15
8554.337212972805,6.154508e-15
8555.594722489512,6.6213493e-15
8556.852232006218,6.196517e-15
8558.109741522927,6.1275566e-15
8559.367251039634,6.433999e-15
8560.62476055634,6.748942e-15
8561.882270073049,6.956523e-15
8563.139779589756,7.333322e-15
8564.397289106462,7.7909896e-15
8565.65479862317,7.804062e-15
8566.912308139877,7.262549e-15
8568.169817656584,6.8491766e-15
8569.427327173293,7.369589e-15
8570.68483669,7.1513e-15
8571.942346206706,6.9148488e-15
8573.199855723415,7.962186e-15
8574.457365240121,8.142655e-15
8575.714874756828,7.533707e-15
8576.972384273537,8.954435e-15
8578.229893790243,9.188052e-15
8579.48740330695,8.145377e-15
8580.744912823659,8.034205e-15
8582.002422340365,8.37029e-15
8583.259931857072,8.8718595e-15
8584.51744137378,9.036139e-15
8585.774950890487,9.29175e-15
8587.032460407194,1.0636999e-14
8588.289969923902,1.0372871e-14
8589.54747944061,8.232248e-15
8590.804988957316,9.263972e-15
8592.062498474024,1.0520966e-14
8593.320007990731,1.0090164e-14
8594.577517507438,9.9176115e-15
8595.835027024146,1.13042705e-14
8597.092536540853,1.2762768e-14
8598.35004605756,1.190213e-14
8599.607555574268,1.0585263e-14
8600.865065090975,1.057795e-14
8602.122574607682,1.1809554e-14
8603.38008412439,1.2693802e-14
8604.637593641097,1.1821344e-14
8605.895103157804,1.1390011e-14
8607.152612674512,1.31168905e-14
8608.410122191219,1.2955096e-14
8609.667631707925,1.3681576e-14
8610.925141224632,1.3438631e-14
8612.18265074134,1.3389768e-14
8613.440160258047,1.5261807e-14
8614.697669774754,1.6278682e-14
8615.955179291463,1.5469142e-14
8617.21268880817,1.5797842e-14
8618.470198324876,1.5023124e-14
8619.727707841585,1.4096766e-14
8620.985217358291,1.545689e-14
8622.242726874998,1.5610792e-14
8623.500236391706,1.5440135e-14
8624.757745908413,1.673346e-14
8626.01525542512,1.684527e-14
8627.272764941827,1.6422188e-14
8628.530274458535,1.8489042e-14
8629.787783975242,1.5027369e-14
8631.045293491949,1.6156659e-14
8632.302803008657,1.8922001e-14
8633.560312525364,1.906891e-14
8634.81782204207,1.9574538e-14
8636.075331558779,2.1231423e-14
8637.332841075486,2.2297497e-14
8638.590350592192,2.3163717e-14
8639.847860108901,2.2148658e-14
8641.105369625608,2.1682915e-14
8642.362879142314,1.972297e-14
8643.620388659023,1.8022456e-14
8644.87789817573,2.053816e-14
8646.135407692436,2.3447627e-14
8647.392917209145,2.1533168e-14
8648.650426725852,2.0079333e-14
8649.907936242558,2.3469741e-14
8651.165445759267,2.6557151e-14
8652.422955275973,2.840154e-14
8653.68046479268,3.2850418e-14
8654.937974309389,3.6632142e-14
8656.195483826095,3.4167757e-14
8657.452993342802,3.1201553e-14
8658.71050285951,3.0005502e-14
8659.968012376217,3.685174e-14
8661.225521892924,3.2629156e-14
8662.483031409633,2.9204924e-14
8663.74054092634,3.5654453e-14
8664.998050443046,4.0018146e-14
8666.255559959754,4.133841e-14
8667.513069476461,3.3249076e-14
8668.770578993168,3.7289457e-14
8670.028088509876,4.231461e-14
8671.285598026583,4.397733e-14
8672.54310754329,4.4037043e-14
8673.800617059998,4.5674547e-14
8675.058126576705,5.2814422e-14
8676.315636093412,5.6626694e-14
8677.57314561012,4.766013e-14
8678.830655126827,4.3993048e-14
8680.088164643534,5.3536294e-14
8681.345674160242,5.875226e-14
8682.603183676949,5.468113e-14
8683.860693193656,5.2009886e-14
8685.118202710364,5.314944e-14
8686.37571222707,5.8512555e-14
8687.633221743778,6.222525e-14
8688.890731260486,5.8803636e-14
8690.148240777193,6.5600574e-14
8691.4057502939,7.480568e-14
8692.663259810608,7.301646e-14
8693.920769327315,7.10347e-14
8695.178278844021,7.1245425e-14
8696.43578836073,6.2424485e-14
8697.693297877437,6.944812e-14
8698.950807394143,7.956252e-14
8700.208316910852,8.2138906e-14
8701.465826427559,8.8176896e-14
8702.723335944265,8.822416e-14
8703.980845460974,7.813531e-14
8705.23835497768,9.645152e-14
8706.495864494387,9.683358e-14
8707.753374011096,9.484602e-14
8709.010883527802,1.0478209e-13
8710.26839304451,1.0857757e-13
8711.525902561218,1.03445674e-13
8712.783412077924,1.0881839e-13
8714.040921594631,1.1622458e-13
8715.29843111134,1.0611799e-13
8716.555940628046,1.1857643e-13
8717.813450144753,1.2533967e-13
8719.070959661462,1.4828853e-13
8720.328469178168,1.5533664e-13
8721.585978694875,1.4103332e-13
8722.843488211583,1.6586484e-13
8724.10099772829,1.5754492e-13
8725.358507244997,1.4010055e-13
8726.616016761705,1.6165079e-13
8727.873526278412,1.7168622e-13
8729.131035795119,1.4793536e-13
8730.388545311827,1.3529556e-13
8731.646054828534,1.545189e-13
8732.90356434524,1.7408054e-13
8734.16107386195,1.8059489e-13
8735.418583378656,1.9725054e-13
8736.676092895363,1.9818586e-13
8737.933602412071,2.2231117e-13
8739.191111928778,2.499281e-13
8740.448621445485,2.4111494e-13
8741.706130962193,2.5060132e-13
8742.9636404789,2.7427e-13
8744.221149995607,2.9873405e-13
8745.478659512315,3.040288e-13
8746.736169029022,3.3895104e-13
8747.993678545728,3.4856303e-13
8749.251188062435,3.3781276e-13
8750.508697579144,3.8289508e-13
8751.76620709585,3.6699815e-13
8753.023716612557,3.5682077e-13
8754.281226129266,4.961582e-13
8755.538735645972,5.096708e-13
8756.796245162679,4.2412403e-13
8758.053754679388,4.222363e-13
8759.311264196094,5.1046114e-13
8760.568773712801,6.436132e-13
8761.82628322951,6.033829e-13
8763.083792746216,5.871322e-13
8764.341302262923,6.204528e-13
8765.59881177963,6.899367e-13
8766.856321296338,8.009034e-13
8768.113830813045,8.0505795e-13
8769.371340329752,6.845175e-13
8770.62884984646,8.2539384e-13
8771.886359363167,8.835283e-13
8773.143868879873,7.2898854e-13
8774.401378396582,7.7025864e-13
8775.658887913289,8.57694e-13
8776.916397429995,8.123316e-13
8778.173906946704,9.0573577e-13
8779.43141646341,9.348785e-13
8780.688925980117,1.1617857e-12
8781.946435496826,1.1922889e-12
8783.203945013533,1.1490061e-12
8784.46145453024,1.1993872e-12
8785.718964046948,1.2072984e-12
8786.976473563655,1.1772822e-12
8788.233983080361,1.2924484e-12
8789.49149259707,1.4351127e-12
8790.749002113776,1.6238693e-12
8792.006511630483,1.5938546e-12
8793.264021147192,1.3386794e-12
8794.521530663898,1.4159679e-12
8795.779040180605,1.8872304e-12
8797.036549697314,1.9269844e-12
8798.29405921402,1.7061018e-12
8799.551568730727,1.7621544e-12
8800.809078247436,2.1908172e-12
8802.066587764142,2.3856063e-12
8803.324097280849,2.3705157e-12
8804.581606797557,2.4614004e-12
8805.839116314264,2.4563047e-12
8807.09662583097,2.8809231e-12
8808.35413534768,3.0852708e-12
8809.611644864386,3.2367067e-12
8810.869154381093,3.5768198e-12
8812.126663897801,4.079322e-12
8813.384173414508,4.4062085e-12
8814.641682931215,4.221569e-12
8815.899192447923,3.9232354e-12
8817.15670196463,3.5282552e-12
8818.414211481337,4.13241e-12
8819.671720998045,4.740129e-12
8820.929230514752,4.557136e-12
8822.186740031459,4.1088907e-12
8823.444249548167,4.253354e-12
8824.701759064874,6.314128e-12
8825.95926858158,8.239117e-12
8827.216778098289,7.3363e-12
8828.474287614996,6.617018e-12
8829.731797131702,7.918625e-12
8830.989306648411,8.3732144e-12
8832.246816165118,7.057536e-12
8833.504325681824,7.821896e-12
8834.761835198533,1.0265592e-11
8836.01934471524,1.0783334e-11
8837.276854231946,1.12328645e-11
8838.534363748655,1.19928425e-11
8839.791873265362,1.2617142e-11
8841.049382782068,1.34597064e-11
8842.306892298777,1.1028388e-11
8843.564401815484,1.21357065e-11
8844.82191133219,1.141925e-11
8846.079420848899,1.2603665e-11
8847.336930365605,1.5932328e-11
8848.594439882312,1.8087924e-11
8849.85194939902,2.0314464e-11
8851.109458915727,1.936186e-11
8852.366968432434,2.067773e-11
8853.624477949143,2.1884184e-11
8854.88198746585,2.6628507e-11
8856.139496982556,2.9043707e-11
8857.397006499265,2.4656855e-11
8858.654516015971,2.5611242e-11
8859.912025532678,3.4466263e-11
8861.169535049386,4.0063636e-11
8862.427044566093,3.9947372e-11
8863.6845540828,4.5838992e-11
8864.942063599508,5.7662625e-11
8866.199573116215,6.326559e-11
8867.457082632922,5.9773436e-11
8868.71459214963,5.4578113e-11
8869.972101666337,5.8050603e-11
8871.229611183044,6.857411e-11
8872.487120699752,8.3793646e-11
8873.744630216459,8.124845e-11
8875.002139733166,5.925949e-11
8876.259649249874,6.063525e-11
8877.51715876658,8.60823e-11
8878.774668283288,9.6913304e-11
8880.032177799996,9.3588165e-11
8881.289687316703,1.0297609e-10
8882.54719683341,1.3743232e-10
8883.804706350118,1.6546423e-10
8885.062215866825,1.5208929e-10
8886.319725383531,1.3870217e-10
8887.577234900238,1.6189139e-10
8888.834744416947,1.8053271e-10
8890.092253933653,2.0657812e-10
8891.34976345036,2.013059e-10
8892.607272967069,1.564315e-10
8893.864782483775,1.9011873e-10
8895.122292000482,2.2177316e-10
8896.37980151719,2.156076e-10
8897.637311033897,2.5216684e-10
8898.894820550604,2.8908495e-10
8900.152330067313,3.2623212e-10
8901.40983958402,3.8060194e-10
8902.667349100726,3.4390818e-10
8903.924858617433,4.073729e-10
8905.182368134141,5.5461e-10
8906.439877650848,6.092046e-10
8907.697387167555,5.0488763e-10
8908.954896684263,4.510962e-10
8910.21240620097,5.8362903e-10
8911.469915717676,6.61696e-10
8912.727425234385,6.8673345e-10
8913.984934751092,6.192893e-10
8915.242444267798,6.319834e-10
8916.499953784507,7.8546397e-10
8917.757463301214,1.0545465e-09
8919.01497281792,1.2841604e-09
8920.272482334629,1.1616567e-09
8921.529991851336,1.4176651e-09
8922.787501368042,1.7578963e-09
8924.04501088475,1.8815225e-09
8925.302520401458,1.8020488e-09
8926.560029918164,1.7981677e-09
8927.817539434873,2.0415605e-09
8929.07504895158,2.0536448e-09
8930.332558468286,2.303381e-09
8931.590067984995,2.7455265e-09
8932.847577501701,3.2559342e-09
8934.105087018408,3.8088834e-09
8935.362596535117,4.0643195e-09
8936.620106051823,3.869263e-09
8937.87761556853,4.1664956e-09
8939.135125085239,4.445898e-09
8940.392634601945,5.912871e-09
8941.650144118652,6.20244e-09
8942.90765363536,5.8646763e-09
8944.165163152067,7.613589e-09
8945.422672668774,7.077588e-09
8946.680182185482,7.594527e-09
8947.93769170219,1.1260258e-08
8949.195201218896,1.2362328e-08
8950.452710735604,1.1882101e-08
8951.710220252311,1.2165231e-08
8952.967729769018,1.160421e-08
8954.225239285726,1.7141826e-08
8955.482748802433,1.890939e-08
8956.74025831914,2.0211875e-08
8957.997767835848,1.9506812e-08
8959.255277352555,2.144558e-08
8960.512786869262,2.8916086e-08
8961.77029638597,2.8573327e-08
8963.027805902677,2.8382065e-08
8964.285315419384,3.6740374e-08
8965.542824936092,3.906591e-08
8966.800334452799,4.3495465e-08
8968.057843969505,5.064361e-08
8969.315353486214,4.7351538e-08
8970.57286300292,5.2815267e-08
8971.830372519627,4.8500432e-08
8973.087882036336,5.189521e-08
8974.345391553043,7.294711e-08
8975.60290106975,8.499611e-08
8976.860410586458,9.4958445e-08
8978.117920103165,1.2853471e-07
8979.375429619871,1.19126035e-07
8980.63293913658,1.3275883e-07
8981.890448653287,1.5568207e-07
8983.147958169993,1.6189608e-07
8984.405467686702,1.7933657e-07
8985.662977203408,2.1514833e-07
8986.920486720115,2.087385e-07
8988.177996236824,1.825234e-07
8989.43550575353,2.5295188e-07
8990.693015270237,3.1391002e-07
8991.950524786946,3.2121147e-07
8993.208034303652,3.8292504e-07
8994.465543820359,4.7603282e-07
8995.723053337068,4.4661294e-07
8996.980562853774,4.6275528e-07
8998.238072370481,5.4468575e-07
8999.49558188719,5.1665955e-07
9000.753091403896,5.1587153e-07
9002.010600920603,7.0078175e-07
9003.268110437311,7.8593166e-07
9004.525619954018,9.0978193e-07
9005.783129470725,1.0440313e-06
9007.040638987433,1.2427806e-06
9008.29814850414,1.632356e-06
9009.555658020847,1.8536081e-06
9010.813167537555,1.7217824e-06
9012.070677054262,2.2799338e-06
9013.328186570969,3.048742e-06
9014.585696087677,2.743458e-06
9015.843205604382,2.7702404e-06
9017.10071512109,3.0717015e-06
9018.3582246378,3.1113307e-06
9019.615734154504,4.5817014e-06
9020.873243671213,4.090159e-06
9022.130753187921,5.973875e-06
9023.388262704626,6.1362834e-06
9024.645772221334,5.8281876e-06
9025.903281738043,8.347956e-06
9027.160791254748,9.293813e-06
9028.418300771456,9.246201e-06
9029.675810288165,1.1801271e-05
9030.93331980487,1.6338534e-05
9032.190829321578,1.8784878e-05
9033.448338838287,1.924409e-05
9034.705848354992,2.0344512e-05
9035.9633578717,2.0715011e-05
9037.220867388409,2.2066772e-05
9038.478376905114,2.479724e-05
9039.735886421822,3.542197e-05
9040.99339593853,4.2770498e-05
9042.250905455236,4.123258e-05
9043.508414971944,4.8644506e-05
9044.765924488653,6.105931e-05
9046.023434005358,8.2225124e-05
9047.280943522066,9.0682624e-05
9048.538453038775,9.446032e-05
9049.79596255548,0.00011720825
9051.053472072188,0.00015261368
9052.310981588895,0.00017406145
9053.568491105601,0.00017327719
9054.82600062231,0.00019012934
9056.083510139017,0.00025038217
9057.341019655723,0.000300757
9058.598529172432,0.00033482627
9059.856038689139,0.0003861182
9061.113548205845,0.0002883027
9062.371057722554,0.00032468353
9063.62856723926,0.0005873578
9064.886076755967,0.0007017514
9066.143586272676,0.0006626655
9067.401095789382,0.0009008866
9068.65860530609,0.0010943452
9069.916114822798,0.0011446262
9071.173624339504,0.0012127259
9072.431133856211,0.0017835972
9073.68864337292,0.0022881608
9074.946152889626,0.0020624148
9076.203662406333,0.0023948965
9077.461171923042,0.0032436175
9078.718681439748,0.0030659994
9079.976190956455,0.0032837235
9081.233700473163,0.0042071803
9082.49120998987,0.0051131463
9083.748719506577,0.007180659
9085.006229023285,0.008391763
9086.263738539992,0.007484115
9087.521248056699,0.011437083
9088.778757573407,0.014581474
9090.036267090114,0.012518862
9091.29377660682,0.01565103
9092.55128612353,0.020904727
9093.808795640236,0.026057055
9095.066305156943,0.038793005
9096.323814673651,0.044157792
9097.581324190358,0.043708738
9098.838833707065,0.054494567
9100.096343223773,0.0569356
9101.35385274048,0.07609902
9102.611362257187,0.10281015
9103.868871773895,0.11082128
9105.126381290602,0.13509245
9106.383890807308,0.1796966
9107.641400324017,0.16379012
9108.898909840724,0.19237109
9110.15641935743,0.24552324
9111.413928874139,0.32245898
9112.671438390846,0.39631793
9113.928947907552,0.45627123
9115.18645742426,0.5435167
9116.443966940968,0.5749064
9117.701476457674,0.62717354
9118.958985974383,1.0054884
9120.21649549109,1.1699998
9121.474005007796,1.018104
9122.731514524505,1.3878082
9123.989024041211,1.7655385
9125.246533557918,2.5717278
9126.504043074627,2.8425112
9127.761552591333,2.8576794
9129.01906210804,3.5628753
9130.276571624749,4.920078
9131.534081141455,7.0584874
9132.791590658162,9.701237
9134.04910017487,10.653216
9135.306609691577,10.437861
9136.564119208284,10.670353
9137.821628724992,18.476994
9139.0791382417,37.574905
9140.336647758406,33.023273
9141.594157275114,29.419722
9142.851666791821,36.31234
9144.109176308528,38.87002
9145.366685825236,39.435417
9146.624195341943,56.417
9147.88170485865,74.38904
9149.139214375358,77.53723
9150.396723892065,104.48156
9151.654233408772,126.91025
9152.91174292548,123.07555
9154.169252442185,176.7906
9155.426761958894,227.22714
9156.684271475602,319.6477
9157.941780992307,432.05627
9159.199290509016,577.042
9160.456800025724,737.22424
9161.714309542429,828.74805
9162.971819059137,993.9304
9164.229328575846,1177.6064
9165.48683809255,1570.9099
9166.74434760926,2115.394
9168.001857125968,2649.7622
9169.259366642673,3304.9302
9170.516876159381,3957.8997
9171.77438567609,4397.329
9173.031895192795,5303.387
9174.289404709503,6282.554
9175.546914226212,8280.256
9176.804423742917,12181.961
9178.061933259625,12795.234
9179.319442776334,14306.277
9180.576952293039,20045.748
9181.834461809747,25758.113
9183.091971326456,30776.66
9184.34948084316,40721.77
9185.606990359869,51963.22
9186.864499876578,68519.48
9188.122009393282,75480.7
9189.379518909991,113365.63
9190.637028426698,172039.69
9191.894537943404,167005.3
9193.152047460113,161889.72
9194.40955697682,240614.1
9195.667066493526,360933.1
9196.924576010235,442025.56
9198.182085526942,528194.56
9199.439595043648,727488.4
9200.697104560357,924637.7
9201.954614077064,931680.0
9203.21212359377,1356748.2
9204.469633110479,2083526.9
9205.727142627185,2336691.0
9206.984652143892,2291709.0
9208.2421616606,3167929.0
9209.499671177307,4700825.5
9210.757180694014,5937083.0
9212.014690210723,6439834.0
9213.27219972743,7377850.5
9214.529709244136,10285919.0
9215.787218760845,14201993.0
9217.044728277551,18181468.0
9218.302237794258,28600624.0
9219.559747310966,30826054.0
9220.817256827673,32521806.0
9222.07476634438,52792256.0
9223.332275861088,44476710.0
9224.589785377795,66299040.0
9225.847294894502,101387570.0
9227.10480441121,113775976.0
9228.362313927917,150365250.0
9229.619823444624,232999700.0
9230.877332961332,223364300.0
9232.134842478039,272023100.0
9233.392351994746,378664100.0
9234.649861511454,537420600.0
9235.907371028161,786838460.0
9237.164880544868,1006475840.0
9238.422390061576,1111976000.0
9239.679899578283,1872323600.0
9240.93740909499,2336021000.0
9242.194918611698,1516340700.0
9243.452428128405,488420160.0
9244.709937645111,1326300400.0
9245.96744716182,3868928500.0
9247.224956678527,6630252500.0
9248.482466195233,7800260000.0
9249.739975711942,10390200000.0
9250.997485228649,13954991000.0
9252.254994745355,11213383000.0
9253.512504262064,16205760000.0
9254.77001377877,62981444000.0
9256.027523295477,61958513000.0
9257.285032812186,24825750000.0
9258.542542328893,46778730000.0
9259.8000518456,70680510000.0
9261.057561362308,58997785000.0
9262.315070879014,118537140000.0
9263.572580395721,239566400000.0
9264.83008991243,230637080000.0
9266.087599429136,85343860000.0
9267.345108945843,128475570000.0
9268.602618462552,283704560000.0
9269.860127979258,527374680000.0
9271.117637495965,521322600000.0
9272.375147012674,18816496000.0
9273.63265652938,-268519340000.0
9274.890166046087,1156830600000.0
9276.147675562795,3947605500000.0
9277.405185079502,3517330000000.0
9278.662694596209,2406942500000.0
9279.920204112917,2541476600000.0
9281.177713629624,1322838500000.0
9282.43522314633,3244657700000.0
9283.69273266304,7491471500000.0
9284.950242179746,6342862000000.0
9286.207751696453,-2042932800000.0
9287.465261213161,-4903582300000.0
9288.722770729868,8111817000000.0
9289.980280246575,21158232000000.0
9291.237789763283,44904466000000.0
9292.495299279988,206818040000000.0
9293.752808796697,235458900000000.0
9295.010318313405,25661131000000.0
9296.26782783011,11837126000000.0
9297.525337346819,24328209000000.0
9298.782846863527,514710500000000.0
9300.040356380232,1089331150000000.0
9301.29786589694,544903140000000.0
9302.555375413649,-307660600000000.0
9303.812884930354,1238783200000000.0
9305.070394447062,2616543500000000.0
9306.327903963771,1187707000000000.0
9307.585413480476,3323606800000000.0
9308.842922997184,2076037100000000.0
9310.100432513893,-9525730000000000.0
9311.357942030598,-6026775000000000.0
9312.615451547306,1.2117877e+16
9313.872961064015,3.0949264e+16
9315.13047058072,2.5182454e+16
9316.387980097428,-2.9341196e+16
9317.645489614137,-9.090409e+16
9318.902999130842,-6.5200455e+16
