wav,flam
3088.1492,6.06569e-17
3090.1074,-1.92947e-17
3092.0664,3.83689e-17
3094.0259,4.35347e-17
3095.9858,1.13775e-17
3097.9465,-4.23573e-17
3099.9077,4.23829e-17
3101.8696,-1.27235e-17
3103.832,7.65532e-18
3105.7949,2.74091e-17
3107.7585,-1.28223e-17
3109.7229,-5.35948e-17
3111.6875,-2.89627e-17
3113.6531,1.83903e-17
3115.6189,-4.56309e-19
3117.5854,2.5231e-17
3119.5527,5.98504e-17
3121.5205,4.33952e-18
3123.4888,-5.50713e-18
3125.4575,1.36501e-17
3127.427,-2.1827e-17
3129.3972,1.13156e-17
3131.3677,3.7619e-17
3133.3391,-2.49733e-17
3135.3108,-3.57896e-17
3137.2832,-7.6432e-18
3139.2561,-1.72943e-17
3141.2295,-2.71103e-17
3143.2036,1.41507e-17
3145.1782,2.17526e-17
3147.1536,-2.0149e-18
3149.1294,1.02232e-17
3151.1057,-1.02405e-17
3153.0825,-1.25872e-17
3155.0601,1.37295e-18
3157.0381,-4.4933e-18
3159.0168,-1.57262e-18
3160.9961,-1.76169e-17
3162.9758,-6.31776e-18
3164.9563,-8.61054e-19
3166.937,-7.04203e-18
3168.9185,1.74861e-17
3170.9004,-4.47561e-18
3172.8831,4.08179e-18
3174.8662,3.17052e-17
3176.8499,8.92588e-18
3178.8342,3.93042e-18
3180.8191,-7.24847e-18
3182.8042,2.45537e-17
3184.7903,7.46785e-19
3186.7766,-1.6964e-18
3188.7637,5.51303e-18
3190.7512,1.15621e-17
3192.7395,-8.65098e-19
3194.728,-1.68102e-17
3196.7173,-1.28513e-17
3198.707,-8.94121e-19
3200.6975,1.05813e-17
3202.6882,3.21653e-18
3204.6797,1.42554e-17
3206.6716,-3.66434e-18
3208.6641,1.17768e-17
3210.657,2.2333e-17
3212.6506,-3.19335e-18
3214.6448,6.77827e-20
3216.6394,8.75034e-18
3218.6348,-1.22036e-17
3220.6304,2.25059e-17
3222.6267,4.5606e-18
3224.6235,-1.55436e-18
3226.6208,1.41131e-18
3228.6187,6.27033e-18
3230.6172,4.84353e-18
3232.616,-1.79874e-17
3234.6155,-7.61161e-18
3236.6155,-1.82436e-19
3238.616,4.76331e-18
3240.6172,-2.753e-18
3242.6187,2.0839e-18
3244.6208,4.35734e-18
3246.6233,3.08366e-18
3248.6265,9.46355e-18
3250.6301,9.05733e-18
3252.6345,1.03503e-17
3254.6392,1.15899e-18
3256.6443,-1.05645e-18
3258.6501,-1.71954e-18
3260.6565,-1.11146e-18
3262.6633,-1.59369e-18
3264.6707,2.9733e-18
3266.6785,-6.6096e-18
3268.6868,1.27377e-17
3270.6958,-1.65864e-18
3272.7051,-1.14058e-18
3274.7151,8.94084e-18
3276.7253,-4.4631e-18
3278.7363,-5.73118e-18
3280.7478,-2.08048e-18
3282.7598,-2.95968e-18
3284.7722,-1.11635e-19
3286.7852,4.0019e-19
3288.7986,6.79931e-18
3290.8127,-2.66705e-19
3292.8271,-4.47777e-18
3294.842,6.11782e-18
3296.8577,-7.44397e-18
3298.8735,-1.54692e-18
3300.8901,1.70736e-17
3302.9072,8.1319e-18
3304.9248,3.7839e-18
3306.9426,1.23188e-17
3308.9612,5.20893e-18
3310.9802,-8.70821e-18
3312.9998,-3.39846e-18
3315.0198,5.36964e-18
3317.0403,-3.28311e-18
3319.0613,1.34601e-17
3321.0825,-2.20685e-18
3323.1045,8.66567e-19
3325.1272,-4.12234e-18
3327.1499,8.70278e-19
3329.1736,7.41776e-18
3331.1975,-1.22524e-17
3333.2217,2.98216e-19
3335.2466,-1.0486e-18
3337.2722,2.06547e-18
3339.2981,9.29057e-18
3341.3245,-1.08221e-18
3343.3513,4.75082e-18
3345.3787,-3.16219e-18
3347.4065,5.7374e-18
3349.4348,-1.50805e-18
3351.4634,-4.37996e-18
3353.4929,-4.20706e-19
3355.5225,9.0184e-18
3357.5527,1.32149e-17
3359.5835,-9.4294e-19
3361.6145,3.25328e-18
3363.6462,-3.27931e-18
3365.6785,3.94082e-18
3367.7109,4.5898e-18
3369.7441,-5.05965e-19
3371.7776,3.98947e-18
3373.8118,5.4461e-18
3375.8462,4.9984e-18
3377.8811,-3.13598e-18
3379.9165,-6.03981e-18
3381.9524,4.4911e-18
3383.9888,5.85384e-18
3386.0256,-3.53962e-18
3388.063,4.88899e-18
3390.1006,3.82109e-19
3392.1389,-5.2687e-18
3394.1777,6.84757e-18
3396.2168,7.43187e-18
3398.2563,-6.10917e-18
3400.2964,5.24575e-18
3402.3372,2.36593e-18
3404.3782,2.74586e-18
3406.4194,-4.23911e-18
3408.4614,7.68665e-19
3410.5039,4.5978e-18
3412.5466,6.64224e-19
3414.5901,-3.48414e-18
3416.6338,-8.68329e-19
3418.678,-1.47919e-18
3420.7224,-3.10738e-19
3422.7676,-1.91398e-18
3424.8132,2.47523e-18
3426.8591,5.63843e-18
3428.9058,7.14512e-19
3430.9526,5.35809e-18
3433.0,-1.03204e-18
3435.0476,-3.02052e-18
3437.0959,2.60165e-18
3439.1448,1.4689e-18
3441.1938,2.767e-18
3443.2434,4.38916e-18
3445.2935,1.32509e-18
3447.344,1.14144e-18
3449.3948,3.62302e-18
3451.4463,1.33974e-18
3453.498,-9.26844e-19
3455.5503,1.40832e-18
3457.6028,-4.67246e-18
3459.656,2.12616e-18
3461.7095,2.05515e-18
3463.7634,1.46353e-18
3465.8179,1.70779e-18
3467.8728,1.73068e-18
3469.928,3.48217e-18
3471.9839,-2.4617e-18
3474.0398,1.23143e-18
3476.0964,-3.61576e-18
3478.1536,-2.14197e-18
3480.2109,4.86474e-18
3482.2688,1.40637e-18
3484.3271,3.54185e-19
3486.386,2.94732e-18
3488.4451,-1.15077e-18
3490.5046,2.6054e-18
3492.5647,6.41458e-18
3494.625,-2.04577e-19
3496.686,2.54125e-18
3498.7473,1.52031e-18
3500.8091,-2.67222e-19
3502.8711,1.12906e-18
3504.9336,-3.7567e-18
3506.9966,2.65362e-18
3509.0601,1.32688e-18
3511.1238,-8.87466e-19
3513.188,-3.67888e-19
3515.2527,3.35099e-18
3517.3176,4.40063e-18
3519.3833,4.82983e-18
3521.4492,-1.38499e-18
3523.5154,-1.98678e-18
3525.582,5.93846e-19
3527.6492,1.87139e-19
3529.7168,5.85283e-18
3531.7847,5.48766e-18
3533.853,1.81094e-18
3535.9219,3.34177e-18
3537.9912,2.56202e-18
3540.0605,6.75627e-18
3542.1306,3.34008e-18
3544.2009,2.11927e-18
3546.2717,5.45886e-18
3548.343,8.52632e-19
3550.4148,7.39107e-19
3552.4868,6.4467e-19
3554.5591,3.59432e-18
3556.6318,3.26928e-18
3558.7051,1.87292e-18
3560.7788,3.5628e-18
3562.8528,6.90778e-18
3564.9272,-2.581e-18
3567.0022,6.57844e-19
3569.0774,4.22981e-18
3571.1528,1.88176e-18
3573.229,-9.34052e-20
3575.3054,6.23034e-18
3577.3821,-3.38802e-18
3579.4595,2.87843e-18
3581.5369,3.73094e-18
3583.615,1.47965e-18
3585.6934,2.30607e-19
3587.7722,6.35343e-18
3589.8513,6.04654e-19
3591.9309,1.60633e-18
3594.0107,3.00661e-18
3596.0911,1.58315e-18
3598.1716,1.85892e-18
3600.2527,2.52438e-18
3602.3342,2.56079e-18
3604.4163,2.55866e-18
3606.4983,3.24379e-18
3608.5811,3.62764e-18
3610.6641,6.66397e-18
3612.7476,1.20719e-18
3614.8313,-7.92565e-19
3616.9153,5.88867e-18
3619.0,3.85995e-18
3621.085,1.00825e-19
3623.1702,1.27644e-18
3625.2559,-8.30413e-19
3627.3418,-2.34464e-19
3629.4282,2.52505e-18
3631.5151,-9.7548e-20
3633.6023,3.92574e-18
3635.6899,1.87176e-18
3637.7778,2.43408e-18
3639.8662,-3.3946e-19
3641.9548,2.60594e-18
3644.0437,1.30357e-18
3646.1333,1.4717e-18
3648.2229,6.98998e-18
3650.3132,3.00007e-18
3652.4038,1.66865e-18
3654.4946,2.79519e-18
3656.5859,6.76108e-18
3658.6775,3.22605e-18
3660.7695,4.60615e-18
3662.8618,3.08391e-19
3664.9546,4.39449e-18
3667.0476,3.38349e-18
3669.1411,5.66001e-18
3671.2349,4.97536e-18
3673.3291,1.94871e-18
3675.4236,2.55424e-18
3677.5186,3.54861e-18
3679.6138,3.54817e-18
3681.7092,1.35839e-18
3683.8054,-2.8372e-19
3685.9016,4.50367e-18
3687.9983,3.09601e-18
3690.0952,5.80615e-18
3692.1926,3.2532e-18
3694.2903,3.18211e-18
3696.3884,1.24194e-18
3698.4871,3.53121e-18
3700.5857,2.06314e-18
3702.6848,1.07601e-18
3704.7844,2.98685e-18
3706.8843,5.1027e-18
3708.9846,4.743e-18
3711.0852,2.34566e-18
3713.186,4.69664e-18
3715.2871,-4.12864e-20
3717.3889,1.83647e-18
3719.4907,1.45625e-18
3721.593,3.35055e-18
3723.6958,5.48675e-18
3725.7986,2.29141e-18
3727.9021,2.47785e-18
3730.0056,6.98571e-19
3732.1096,8.12099e-20
3734.2141,1.58119e-18
3736.3186,2.46452e-18
3738.4236,1.51077e-18
3740.5291,3.92119e-18
3742.6348,2.44511e-18
3744.7407,3.1977e-18
3746.8472,1.63571e-18
3748.9539,-2.37207e-18
3751.0608,3.24835e-18
3753.1682,1.51127e-18
3755.2759,4.33327e-18
3757.384,1.59513e-18
3759.4924,3.18914e-18
3761.6013,4.58114e-18
3763.7102,4.02538e-18
3765.8196,3.33416e-18
3767.9292,7.43303e-18
3770.0393,3.29986e-18
3772.1499,4.54677e-18
3774.2605,4.71421e-18
3776.3716,3.84831e-18
3778.4829,6.69479e-18
3780.5945,1.91009e-18
3782.7065,3.83508e-18
3784.8188,-8.82936e-20
3786.9314,5.99507e-19
3789.0444,4.2872e-18
3791.1577,1.69057e-18
3793.2715,4.45402e-18
3795.3855,4.20606e-18
3797.4995,-6.11116e-19
3799.6143,4.17722e-18
3801.729,1.46223e-18
3803.8445,3.96191e-18
3805.96,2.31021e-18
3808.0757,4.26992e-18
3810.1919,4.21588e-18
3812.3086,1.08317e-18
3814.4253,2.93823e-18
3816.5425,5.5856e-18
3818.6599,7.14708e-19
3820.7776,2.94627e-18
3822.8958,1.35601e-18
3825.0142,2.84084e-18
3827.1328,4.35829e-18
3829.2517,2.9563e-18
3831.3711,1.82204e-18
3833.4907,3.7406e-18
3835.6106,5.04663e-18
3837.731,5.12541e-18
3839.8516,4.08279e-18
3841.9724,5.4931e-18
3844.0935,2.17736e-18
3846.2151,1.51999e-18
3848.3367,2.27169e-18
3850.4587,8.87236e-19
3852.5813,3.23217e-18
3854.7039,4.11106e-18
3856.8269,2.53911e-18
3858.9502,4.05033e-18
3861.0737,2.59153e-18
3863.1978,3.51888e-18
3865.322,4.39367e-18
3867.4463,3.42755e-18
3869.5713,2.90094e-18
3871.6963,4.97807e-18
3873.8218,2.44819e-18
3875.9475,3.32089e-18
3878.0735,4.2782e-18
3880.1997,1.83543e-18
3882.3262,1.48752e-18
3884.4531,4.26611e-18
3886.5803,4.4123e-18
3888.7078,1.90885e-18
3890.8354,1.15587e-18
3892.9634,4.2729e-18
3895.0918,4.08166e-18
3897.2205,4.28739e-18
3899.3494,4.86831e-18
3901.4785,3.3735e-18
3903.6082,6.91624e-18
3905.7378,4.94352e-18
3907.8679,7.38916e-18
3909.9983,2.90104e-18
3912.1289,5.74692e-18
3914.26,5.63139e-18
3916.3911,2.56075e-18
3918.5227,3.39656e-18
3920.6543,4.65076e-18
3922.7866,9.62181e-19
3924.9187,2.5561e-18
3927.0515,1.53739e-18
3929.1843,-4.44216e-19
3931.3176,5.33215e-19
3933.4509,1.80292e-19
3935.5847,2.07003e-18
3937.7188,3.014e-18
3939.853,3.65268e-18
3941.9878,5.14127e-18
3944.1226,3.79294e-18
3946.2578,3.75923e-18
3948.3931,6.14673e-18
3950.5288,3.79624e-18
3952.6648,5.35801e-18
3954.801,5.60759e-18
3956.9375,1.71405e-18
3959.0745,3.21082e-18
3961.2114,2.06086e-18
3963.3486,9.07467e-19
3965.4863,6.79496e-19
3967.6243,2.58279e-18
3969.7625,1.36391e-20
3971.9009,3.34434e-18
3974.0396,3.71651e-18
3976.1785,4.9163e-18
3978.3176,4.52956e-18
3980.457,5.89195e-18
3982.5967,5.45811e-18
3984.7368,4.38571e-18
3986.8772,6.0017e-18
3989.0176,6.21977e-18
3991.1584,4.3077e-18
3993.2996,4.51289e-18
3995.4409,5.46813e-18
3997.5825,2.6098e-18
3999.7244,8.25281e-18
4001.8665,6.51583e-18
4004.0088,4.17705e-18
4006.1514,6.09525e-18
4008.2942,5.46423e-18
4010.4375,4.68603e-18
4012.5808,6.10391e-18
4014.7246,7.64123e-18
4016.8684,4.55971e-18
4019.0127,7.05741e-18
4021.157,5.26025e-18
4023.3018,4.63054e-18
4025.4468,8.64147e-18
4027.5918,6.75451e-18
4029.7373,8.22484e-18
4031.8831,5.12909e-18
4034.0291,2.93208e-18
4036.1753,6.06202e-18
4038.3218,6.52477e-18
4040.4685,7.17952e-18
4042.6152,9.57703e-18
4044.7625,7.20273e-18
4046.9099,4.82958e-18
4049.0576,9.8452e-18
4051.2056,9.39195e-18
4053.3538,7.64633e-18
4055.5022,6.59097e-18
4057.6509,7.8658e-18
4059.7998,7.59651e-18
4061.949,7.65483e-18
4064.0984,5.67156e-18
4066.248,7.26826e-18
4068.3979,4.95905e-18
4070.5481,8.37908e-18
4072.6985,5.97013e-18
4074.8491,8.24552e-18
4077.0,7.56221e-18
4079.1509,6.41878e-18
4081.3022,4.56473e-18
4083.4539,7.00878e-18
4085.6057,7.77052e-18
4087.7578,8.88515e-18
4089.9102,1.00031e-17
4092.0625,9.12204e-18
4094.2153,4.44201e-18
4096.3682,6.8214e-18
4098.5215,7.22659e-18
4100.6748,7.29988e-18
4102.8286,7.87704e-18
4104.9824,1.01326e-17
4107.1367,8.06451e-18
4109.291,7.48107e-18
4111.4458,8.06963e-18
4113.6006,6.29616e-18
4115.7559,7.65688e-18
4117.9111,6.48532e-18
4120.0664,8.25832e-18
4122.2222,7.55333e-18
4124.3784,5.40743e-18
4126.5347,6.44198e-18
4128.6909,7.75827e-18
4130.8477,7.30519e-18
4133.0044,7.96381e-18
4135.1616,6.37467e-18
4137.3188,6.8374e-18
4139.4766,9.83449e-18
4141.6343,7.19643e-18
4143.792,6.70958e-18
4145.9507,8.07975e-18
4148.1089,7.1513e-18
4150.2676,9.66181e-18
4152.4263,8.72051e-18
4154.5854,7.09969e-18
4156.7451,8.51349e-18
4158.9043,8.98915e-18
4161.064,1.03436e-17
4163.2241,8.93619e-18
4165.3843,9.17704e-18
4167.5449,8.11968e-18
4169.7056,7.03101e-18
4171.8662,6.70379e-18
4174.0273,7.59931e-18
4176.1885,9.25582e-18
4178.3501,1.08526e-17
4180.5117,8.77234e-18
4182.6738,8.57921e-18
4184.8359,6.99218e-18
4186.998,9.34426e-18
4189.1606,6.95723e-18
4191.3232,7.34741e-18
4193.4863,8.92053e-18
4195.6494,6.85995e-18
4197.813,6.50839e-18
4199.9761,7.05949e-18
4202.1401,8.95897e-18
4204.3042,1.11712e-17
4206.4683,6.40072e-18
4208.6328,5.22655e-18
4210.7974,1.00634e-17
4212.9619,8.45671e-18
4215.127,9.77355e-18
4217.2925,7.34112e-18
4219.4575,1.02022e-17
4221.6235,7.45005e-18
4223.7891,1.06166e-17
4225.9551,8.61445e-18
4228.1216,8.82586e-18
4230.2876,7.29698e-18
4232.4546,7.81197e-18
4234.6211,1.06991e-17
4236.7881,1.06066e-17
4238.9556,1.05634e-17
4241.123,9.95507e-18
4243.2905,1.08012e-17
4245.4585,7.95137e-18
4247.626,7.51397e-18
4249.7944,7.70968e-18
4251.9629,9.09952e-18
4254.1313,1.06148e-17
4256.3003,1.0835e-17
4258.4692,1.23455e-17
4260.6382,1.12735e-17
4262.8076,1.26786e-17
4264.9771,1.07428e-17
4267.147,7.42406e-18
4269.3169,9.29453e-18
4271.4868,8.34471e-18
4273.6572,1.07757e-17
4275.8276,1.0242e-17
4277.9985,1.13156e-17
4280.1694,8.76456e-18
4282.3403,9.52911e-18
4284.5112,6.3199e-18
4286.6826,7.79167e-18
4288.8545,8.84983e-18
4291.0264,9.20556e-18
4293.1982,8.76773e-18
4295.3701,9.34126e-18
4297.5425,7.44347e-18
4299.7153,7.97088e-18
4301.8877,7.98223e-18
4304.0605,9.17346e-18
4306.2339,1.03408e-17
4308.4072,1.13186e-17
4310.5806,1.26294e-17
4312.7539,1.11476e-17
4314.9277,1.21504e-17
4317.1016,9.52003e-18
4319.2759,1.16777e-17
4321.4502,1.07492e-17
4323.6245,1.35058e-17
4325.7993,1.39404e-17
4327.9741,1.33019e-17
4330.1489,1.34579e-17
4332.3242,9.89437e-18
4334.4995,1.23235e-17
4336.6753,1.0535e-17
4338.8506,1.09777e-17
4341.0269,1.09471e-17
4343.2026,1.04007e-17
4345.3789,1.25066e-17
4347.5552,1.24774e-17
4349.7319,1.36194e-17
4351.9087,1.30858e-17
4354.0854,1.37719e-17
4356.2627,1.2816e-17
4358.4399,1.41757e-17
4360.6172,1.52925e-17
4362.7949,1.41808e-17
4364.9722,1.36627e-17
4367.1504,9.91549e-18
4369.3281,1.12197e-17
4371.5068,1.25791e-17
4373.6851,1.29044e-17
4375.8633,1.20327e-17
4378.042,1.24895e-17
4380.2212,1.25704e-17
4382.3999,1.0441e-17
4384.5791,1.38586e-17
4386.7588,1.05706e-17
4388.938,1.15618e-17
4391.1177,1.315e-17
4393.2974,1.40832e-17
4395.4775,1.103e-17
4397.6577,1.15032e-17
4399.8379,1.22769e-17
4402.0186,9.97445e-18
4404.1992,1.30442e-17
4406.3799,1.07906e-17
4408.561,1.34363e-17
4410.7417,1.03581e-17
4412.9233,1.07323e-17
4415.1045,1.4121e-17
4417.2861,1.1052e-17
4419.4678,1.28191e-17
4421.6499,1.12268e-17
4423.8315,1.24309e-17
4426.0137,1.26939e-17
4428.1963,8.74438e-18
4430.3784,1.38574e-17
4432.561,1.29461e-17
4434.7441,1.31254e-17
4436.9268,1.18765e-17
4439.1099,1.22019e-17
4441.293,1.49074e-17
4443.4766,1.07622e-17
4445.6597,1.23455e-17
4447.8438,1.29144e-17
4450.0273,1.41012e-17
4452.2114,1.43262e-17
4454.3955,1.22001e-17
4456.5796,1.23642e-17
4458.7637,1.23974e-17
4460.9482,1.29488e-17
4463.1333,1.28392e-17
4465.3179,1.46357e-17
4467.5029,1.68454e-17
4469.688,1.63897e-17
4471.873,1.52792e-17
4474.0586,1.54204e-17
4476.2441,1.50962e-17
4478.4297,1.42365e-17
4480.6152,1.75507e-17
4482.8013,1.54328e-17
4484.9873,1.7072e-17
4487.1733,1.53565e-17
4489.3599,1.35199e-17
4491.5464,1.47386e-17
4493.7329,1.64219e-17
4495.9194,1.75682e-17
4498.1064,1.84043e-17
4500.2935,1.85597e-17
4502.4805,1.84551e-17
4504.6675,1.51117e-17
4506.855,1.75314e-17
4509.0425,1.77991e-17
4511.2305,1.85572e-17
4513.418,1.67069e-17
4515.606,1.51738e-17
4517.7939,1.54838e-17
4519.9824,1.39499e-17
4522.1704,1.52281e-17
4524.3589,1.33599e-17
4526.5474,1.63596e-17
4528.7363,1.42366e-17
4530.9248,1.54249e-17
4533.1138,1.44361e-17
4535.3027,1.90107e-17
4537.4922,1.69199e-17
4539.6816,1.35993e-17
4541.8711,1.95438e-17
4544.0605,1.40995e-17
4546.25,1.50616e-17
4548.4399,1.37247e-17
4550.6299,1.82112e-17
4552.8198,1.77602e-17
4555.0098,1.77324e-17
4557.2002,1.73822e-17
4559.3906,1.83425e-17
4561.5811,1.67385e-17
4563.772,1.80356e-17
4565.9629,1.96189e-17
4568.1533,1.64634e-17
4570.3447,2.07349e-17
4572.5356,1.81539e-17
4574.7271,1.60294e-17
4576.918,1.82195e-17
4579.1099,1.83726e-17
4581.3013,1.83292e-17
4583.4932,1.79405e-17
4585.6846,1.6642e-17
4587.8765,1.75358e-17
4590.0688,1.78209e-17
4592.2607,1.84518e-17
4594.4531,1.99158e-17
4596.6455,1.81426e-17
4598.8379,1.87544e-17
4601.0308,1.9272e-17
4603.2231,2.06056e-17
4605.416,2.04384e-17
4607.6089,2.25386e-17
4609.8018,1.98163e-17
4611.9951,2.3443e-17
4614.1885,2.23275e-17
4616.3818,2.27537e-17
4618.5752,2.15837e-17
4620.769,1.98831e-17
4622.9624,2.06262e-17
4625.1562,2.19878e-17
4627.3501,1.96207e-17
4629.5439,2.25799e-17
4631.7383,1.81564e-17
4633.9321,1.95386e-17
4636.1265,2.24724e-17
4638.3208,2.07427e-17
4640.5156,2.04132e-17
4642.71,1.95511e-17
4644.9048,1.86258e-17
4647.0996,2.00214e-17
4649.2944,1.98291e-17
4651.4893,2.18745e-17
4653.6846,2.49042e-17
4655.8799,2.22209e-17
4658.0752,2.13387e-17
4660.2705,2.07498e-17
4662.4658,2.0238e-17
4664.6616,1.93861e-17
4666.8574,1.67933e-17
4669.0527,2.20429e-17
4671.249,1.97041e-17
4673.4448,1.82801e-17
4675.6406,2.02043e-17
4677.8369,2.21426e-17
4680.0332,2.16473e-17
4682.2295,2.14983e-17
4684.4258,1.94756e-17
4686.6226,2.32093e-17
4688.8188,2.49132e-17
4691.0156,2.2095e-17
4693.2124,2.24265e-17
4695.4092,2.18406e-17
4697.6064,2.03312e-17
4699.8032,2.08166e-17
4702.0005,2.00892e-17
4704.1978,1.9267e-17
4706.395,2.09901e-17
4708.5923,2.30574e-17
4710.79,2.19479e-17
4712.9873,2.34827e-17
4715.1851,2.38076e-17
4717.3828,2.22528e-17
4719.5806,2.1412e-17
4721.7783,2.23757e-17
4723.9766,2.28385e-17
4726.1748,2.21297e-17
4728.3726,2.37287e-17
4730.5708,2.12582e-17
4732.769,2.29068e-17
4734.9678,2.27342e-17
4737.166,2.44382e-17
4739.3647,2.42023e-17
4741.5635,2.41186e-17
4743.7622,2.4917e-17
4745.9609,2.56582e-17
4748.1597,2.61829e-17
4750.3584,2.44187e-17
4752.5576,2.19568e-17
4754.7568,2.10474e-17
4756.9556,2.15787e-17
4759.1548,2.36114e-17
4761.3545,2.04317e-17
4763.5537,2.16332e-17
4765.7529,2.46619e-17
4767.9526,2.47128e-17
4770.1523,2.63911e-17
4772.3521,2.58715e-17
4774.5518,2.46039e-17
4776.7515,2.31496e-17
4778.9512,2.57291e-17
4781.1514,2.33881e-17
4783.3516,2.32903e-17
4785.5513,2.65376e-17
4787.7515,2.33727e-17
4789.9517,2.63099e-17
4792.1523,2.40023e-17
4794.3525,2.40757e-17
4796.5527,2.3364e-17
4798.7534,2.32162e-17
4800.9541,2.27352e-17
4803.1548,2.22894e-17
4805.3555,2.19393e-17
4807.5562,2.3776e-17
4809.7568,2.61373e-17
4811.9575,2.61108e-17
4814.1587,2.63239e-17
4816.3599,2.35869e-17
4818.5605,2.51524e-17
4820.7617,2.53706e-17
4822.9629,2.64371e-17
4825.1641,2.44079e-17
4827.3657,2.60665e-17
4829.5669,2.48428e-17
4831.7686,2.58302e-17
4833.9697,2.54115e-17
4836.1714,2.49997e-17
4838.373,2.62245e-17
4840.5747,2.43344e-17
4842.7764,2.25464e-17
4844.978,2.58265e-17
4847.1802,2.38012e-17
4849.3818,2.37449e-17
4851.584,2.44059e-17
4853.7856,2.48913e-17
4855.9878,2.39745e-17
4858.1899,2.35864e-17
4860.3921,2.48841e-17
4862.5942,2.56421e-17
4864.7964,2.5299e-17
4866.9985,2.54616e-17
4869.2012,2.53928e-17
4871.4033,2.66336e-17
4873.606,2.38346e-17
4875.8086,2.52481e-17
4878.0107,2.59999e-17
4880.2134,2.36438e-17
4882.416,2.31396e-17
4884.6187,2.2227e-17
4886.8218,2.6152e-17
4889.0244,2.70056e-17
4891.2271,2.88321e-17
4893.4302,2.79668e-17
4895.6328,2.77485e-17
4897.8359,2.79967e-17
4900.0391,2.85138e-17
4902.2417,3.00759e-17
4904.4448,2.76826e-17
4906.6479,2.74049e-17
4908.8511,2.84567e-17
4911.0547,2.63404e-17
4913.2578,2.48367e-17
4915.4609,2.54766e-17
4917.6641,2.65726e-17
4919.8677,2.84645e-17
4922.0713,2.84591e-17
4924.2744,3.01824e-17
4926.478,2.8493e-17
4928.6816,2.8646e-17
4930.8853,2.95287e-17
4933.0889,2.55879e-17
4935.2925,2.76568e-17
4937.4961,3.24706e-17
4939.6997,3.16102e-17
4941.9033,3.16097e-17
4944.1069,3.19513e-17
4946.311,3.20841e-17
4948.5146,3.21262e-17
4950.7188,2.7644e-17
4952.9224,2.76715e-17
4955.1265,2.73192e-17
4957.3301,2.8744e-17
4959.5342,2.75785e-17
4961.7383,2.74619e-17
4963.9424,2.72198e-17
4966.1465,2.71684e-17
4968.3506,2.68174e-17
4970.5547,2.82414e-17
4972.7588,2.68793e-17
4974.9629,2.29663e-17
4977.167,2.44962e-17
4979.3716,2.48584e-17
4981.5757,2.75839e-17
4983.7798,2.55556e-17
4985.9844,2.58075e-17
4988.1885,2.53262e-17
4990.3931,2.45777e-17
4992.5972,2.51582e-17
4994.8018,2.37407e-17
4997.0059,2.75367e-17
4999.2104,2.61729e-17
5001.415,2.437e-17
5003.6196,2.58009e-17
5005.8242,2.54381e-17
5008.0283,2.56186e-17
5010.2329,2.62376e-17
5012.4375,2.49018e-17
5014.6421,2.56236e-17
5016.8467,2.42435e-17
5019.0513,2.75382e-17
5021.2559,2.76598e-17
5023.4609,2.92873e-17
5025.6655,2.92817e-17
5027.8701,2.87461e-17
5030.0747,2.64645e-17
5032.2793,2.78766e-17
5034.4839,2.77184e-17
5036.689,2.83184e-17
5038.8936,3.08963e-17
5041.0981,3.00693e-17
5043.3032,3.03502e-17
5045.5078,3.35215e-17
5047.7124,3.16667e-17
5049.9175,3.09104e-17
5052.1221,3.70644e-17
5054.3271,3.32247e-17
5056.5317,3.43618e-17
5058.7368,2.85113e-17
5060.9414,2.97468e-17
5063.1465,2.99433e-17
5065.3511,3.01323e-17
5067.5562,3.10883e-17
5069.7607,3.15575e-17
5071.9658,2.93248e-17
5074.1709,2.6924e-17
5076.3755,3.03065e-17
5078.5806,3.06401e-17
5080.7852,3.17607e-17
5082.9902,3.2491e-17
5085.1953,3.39585e-17
5087.3999,3.29991e-17
5089.605,3.18595e-17
5091.8096,3.24771e-17
5094.0146,3.12822e-17
5096.2197,3.13967e-17
5098.4243,3.05444e-17
5100.6294,3.21377e-17
5102.834,2.87198e-17
5105.0391,2.84421e-17
5107.2441,3.29664e-17
5109.4487,3.24698e-17
5111.6538,3.30815e-17
5113.8584,3.18802e-17
5116.0635,2.98309e-17
5118.2686,3.07985e-17
5120.4731,2.96389e-17
5122.6782,3.20305e-17
5124.8828,3.22482e-17
5127.0879,3.42265e-17
5129.2925,3.33729e-17
5131.4976,3.4139e-17
5133.7021,3.18453e-17
5135.9072,3.11386e-17
5138.1118,3.04835e-17
5140.3164,3.11438e-17
5142.5215,2.84724e-17
5144.7261,3.14879e-17
5146.9307,3.03267e-17
5149.1357,3.17457e-17
5151.3403,3.45647e-17
5153.5449,3.48309e-17
5155.7495,3.18106e-17
5157.9546,3.00706e-17
5160.1592,2.68549e-17
5162.3638,2.47965e-17
5164.5684,2.08352e-17
5166.7729,2.33374e-17
5168.9775,2.73527e-17
5171.1821,3.10432e-17
5173.3867,3.09428e-17
5175.5913,2.94987e-17
5177.7959,2.88348e-17
5180.0005,2.76766e-17
5182.2051,2.75145e-17
5184.4092,2.97945e-17
5186.6138,2.85396e-17
5188.8184,3.08582e-17
5191.0225,2.76785e-17
5193.2271,2.92753e-17
5195.4316,2.95688e-17
5197.6357,2.83784e-17
5199.8398,2.74379e-17
5202.0444,2.46812e-17
5204.2485,3.11638e-17
5206.4531,3.40242e-17
5208.6572,3.05681e-17
5210.8613,3.32354e-17
5213.0654,3.20923e-17
5215.2695,3.0524e-17
5217.4736,2.70461e-17
5219.6777,2.92927e-17
5221.8818,2.93548e-17
5224.0859,3.16787e-17
5226.29,3.1931e-17
5228.4937,3.19154e-17
5230.6978,3.36077e-17
5232.9019,3.87598e-17
5235.1055,3.82193e-17
5237.3096,3.56006e-17
5239.5132,3.25628e-17
5241.7168,3.08766e-17
5243.9209,3.00286e-17
5246.1245,2.80623e-17
5248.3281,3.3056e-17
5250.5317,3.25161e-17
5252.7354,3.30631e-17
5254.939,3.24942e-17
5257.1426,3.31427e-17
5259.3457,2.59494e-17
5261.5493,2.69785e-17
5263.7529,3.18989e-17
5265.9561,3.07922e-17
5268.1597,3.28671e-17
5270.3628,3.63884e-17
5272.5659,3.47859e-17
5274.7695,3.755e-17
5276.9727,3.79864e-17
5279.1758,3.68083e-17
5281.3789,3.73759e-17
5283.5815,3.99189e-17
5285.7847,3.72747e-17
5287.9878,3.82026e-17
5290.1904,3.72718e-17
5292.3936,3.44526e-17
5294.5962,3.66093e-17
5296.7993,3.62921e-17
5299.002,3.92182e-17
5301.2046,3.96768e-17
5303.4072,3.90837e-17
5305.6099,4.04987e-17
5307.8125,3.66332e-17
5310.0146,3.64638e-17
5312.2173,3.97525e-17
5314.4194,3.93754e-17
5316.6221,3.61137e-17
5318.8242,3.53799e-17
5321.0264,3.08836e-17
5323.2285,3.33044e-17
5325.4307,3.42631e-17
5327.6328,3.72811e-17
5329.835,3.80512e-17
5332.0371,3.81689e-17
5334.2388,3.43131e-17
5336.4409,3.86915e-17
5338.6426,3.78396e-17
5340.8442,3.77961e-17
5343.0459,3.70742e-17
5345.2476,3.88928e-17
5347.4492,4.44383e-17
5349.6509,4.05986e-17
5351.8525,4.62716e-17
5354.0537,4.21385e-17
5356.2549,4.34442e-17
5358.4565,4.20637e-17
5360.6577,3.70203e-17
5362.8589,3.9322e-17
5365.0596,3.77571e-17
5367.2607,3.90153e-17
5369.4619,4.10392e-17
5371.6626,3.99175e-17
5373.8638,4.19099e-17
5376.0645,4.11305e-17
5378.2651,4.29381e-17
5380.4658,4.1354e-17
5382.6665,4.35328e-17
5384.8667,3.7023e-17
5387.0674,3.66586e-17
5389.2676,3.54798e-17
5391.4683,3.65007e-17
5393.6685,4.01682e-17
5395.8687,3.84094e-17
5398.0688,3.67355e-17
5400.2686,3.71903e-17
5402.4688,3.64702e-17
5404.6685,3.76616e-17
5406.8687,3.85728e-17
5409.0684,4.00356e-17
5411.2681,4.02649e-17
5413.4673,4.30108e-17
5415.667,4.05183e-17
5417.8667,3.65784e-17
5420.0659,3.74331e-17
5422.2651,3.86134e-17
5424.4644,3.74266e-17
5426.6636,3.56877e-17
5428.8628,3.89682e-17
5431.062,4.20855e-17
5433.2607,4.5936e-17
5435.4595,4.27599e-17
5437.6582,4.20499e-17
5439.8569,4.397e-17
5442.0557,4.09025e-17
5444.2544,3.87476e-17
5446.4526,4.16457e-17
5448.6509,3.75996e-17
5450.8496,3.83436e-17
5453.0474,3.9397e-17
5455.2456,4.45369e-17
5457.4438,3.82133e-17
5459.6416,3.97477e-17
5461.8398,4.14262e-17
5464.0376,3.92495e-17
5466.2349,3.68875e-17
5468.4326,3.87436e-17
5470.6304,3.72984e-17
5472.8276,3.83453e-17
5475.0249,3.81942e-17
5477.2222,3.81086e-17
5479.4194,4.37849e-17
5481.6167,4.02934e-17
5483.8135,4.43576e-17
5486.0107,4.31829e-17
5488.2075,4.02354e-17
5490.4038,4.24282e-17
5492.6006,4.48228e-17
5494.7974,3.927e-17
5496.9937,3.90361e-17
5499.1899,3.90349e-17
5501.3862,4.01171e-17
5503.5825,3.8295e-17
5505.7783,3.77751e-17
5507.9746,3.98035e-17
5510.1704,4.22028e-17
5512.3662,4.42305e-17
5514.562,4.20201e-17
5516.7573,4.33282e-17
5518.9531,4.36789e-17
5521.1484,4.17417e-17
5523.3433,4.38222e-17
5525.5386,4.26879e-17
5527.7339,4.36275e-17
5529.9287,4.22369e-17
5532.1235,4.65751e-17
5534.3184,4.49359e-17
5536.5132,4.70611e-17
5538.7075,4.63597e-17
5540.9023,4.49272e-17
5543.0967,4.854e-17
5545.291,4.50588e-17
5547.4849,4.58147e-17
5549.6792,4.87438e-17
5551.873,4.3968e-17
5554.0669,4.28062e-17
5556.2607,4.67666e-17
5558.4541,4.38614e-17
5560.6475,4.54758e-17
5562.8408,4.31231e-17
5565.0342,4.49513e-17
5567.2275,4.15954e-17
5569.4204,4.71576e-17
5571.6133,5.12467e-17
5573.8062,3.79129e-17
5575.999,4.69354e-17
5578.1919,3.27913e-17
5580.3843,4.0703e-17
5582.5767,3.96176e-17
5584.769,4.32852e-17
5586.9609,4.63656e-17
5589.1528,4.16628e-17
5591.3452,4.18501e-17
5593.5366,4.56834e-17
5595.7285,4.2923e-17
5597.9199,4.37834e-17
5600.1113,4.50313e-17
5602.3027,4.68771e-17
5604.4941,4.44881e-17
5606.6851,3.95112e-17
5608.876,4.41261e-17
5611.0669,3.90074e-17
5613.2578,4.57173e-17
5615.4482,4.33985e-17
5617.6387,4.23504e-17
5619.8291,4.9208e-17
5622.0195,4.74771e-17
5624.2095,4.73052e-17
5626.3994,5.1176e-17
5628.5894,4.58332e-17
5630.7788,4.81818e-17
5632.9688,4.54371e-17
5635.1582,4.32419e-17
5637.3477,4.73641e-17
5639.5366,4.36906e-17
5641.7256,4.91464e-17
5643.9146,4.42527e-17
5646.1035,4.73873e-17
5648.292,4.64041e-17
5650.481,5.14428e-17
5652.6694,4.12135e-17
5654.8574,4.26454e-17
5657.0459,4.53642e-17
5659.2339,4.53956e-17
5661.4214,4.42695e-17
5663.6094,4.80984e-17
5665.7969,4.5203e-17
5667.9844,4.60886e-17
5668.6743,5.19926e-17
5669.8179,4.59468e-17
5670.9619,4.6833e-17
5672.106,4.86295e-17
5673.25,4.68388e-17
5674.394,3.72573e-17
5675.5381,4.62706e-17
5676.6821,4.78769e-17
5677.8262,4.58551e-17
5678.9707,4.82734e-17
5680.1147,4.49762e-17
5681.2593,4.57509e-17
5682.4033,4.41759e-17
5683.5479,4.26718e-17
5684.6924,4.5076e-17
5685.8369,4.92176e-17
5686.981,4.57053e-17
5688.126,4.50727e-17
5689.2705,4.68516e-17
5690.415,4.49482e-17
5691.5596,4.74556e-17
5692.7046,4.43008e-17
5693.8491,3.85198e-17
5694.9941,4.46895e-17
5696.1387,4.44441e-17
5697.2837,4.45481e-17
5698.4287,3.95309e-17
5699.5737,4.4347e-17
5700.7183,4.44055e-17
5701.8638,4.46135e-17
5703.0088,4.36357e-17
5704.1538,4.46595e-17
5705.2988,4.74281e-17
5706.4443,4.75389e-17
5707.5894,5.00424e-17
5708.7349,4.95693e-17
5709.8799,4.55378e-17
5711.0254,4.83066e-17
5712.1709,4.42566e-17
5713.3164,5.00049e-17
5714.4619,4.78134e-17
5715.6074,5.10695e-17
5716.7529,5.11697e-17
5717.8984,4.80734e-17
5719.0444,4.77467e-17
5720.1899,4.59506e-17
5721.3359,4.66669e-17
5722.4814,4.69332e-17
5723.6274,4.96281e-17
5724.7729,4.47447e-17
5725.9189,4.84261e-17
5727.0649,5.17568e-17
5728.2109,5.00633e-17
5729.3569,4.90031e-17
5730.5029,5.02068e-17
5731.6494,4.82629e-17
5732.7954,4.93812e-17
5733.9414,5.03262e-17
5735.0879,5.12622e-17
5736.2339,4.71529e-17
5737.3804,4.9767e-17
5738.5269,5.36383e-17
5739.6733,4.87415e-17
5740.8198,4.88934e-17
5741.9663,5.27019e-17
5743.1128,5.19053e-17
5744.2593,5.31153e-17
5745.4058,4.83821e-17
5746.5522,4.81282e-17
5747.6992,5.02086e-17
5748.8457,4.89462e-17
5749.9927,4.84604e-17
5751.1392,5.20278e-17
5752.2861,4.80468e-17
5753.4331,4.6147e-17
5754.5801,5.0959e-17
5755.7271,4.98528e-17
5756.874,5.25594e-17
5758.021,5.31095e-17
5759.1685,4.71925e-17
5760.3154,5.26036e-17
5761.4624,5.16492e-17
5762.6099,4.97705e-17
5763.7568,5.58142e-17
5764.9043,4.96633e-17
5766.0518,5.01467e-17
5767.1992,5.37956e-17
5768.3467,5.25814e-17
5769.4941,5.08697e-17
5770.6416,4.78778e-17
5771.7891,4.80141e-17
5772.9365,5.25426e-17
5774.084,4.87664e-17
5775.2319,5.10366e-17
5776.3794,4.66503e-17
5777.5273,4.69916e-17
5778.6753,4.66562e-17
5779.8232,5.03901e-17
5780.9707,4.95061e-17
5782.1187,4.92854e-17
5783.2666,5.45481e-17
5784.4146,5.51182e-17
5785.5625,5.20502e-17
5786.7109,5.22481e-17
5787.8589,4.96739e-17
5789.0073,5.43287e-17
5790.1553,4.44317e-17
5791.3037,4.88632e-17
5792.4517,5.20586e-17
5793.6001,5.29599e-17
5794.7485,5.03704e-17
5795.897,4.98399e-17
5797.0454,4.95337e-17
5798.1938,5.08248e-17
5799.3423,4.93694e-17
5800.4907,5.33837e-17
5801.6392,5.10404e-17
5802.7881,5.19652e-17
5803.937,4.99719e-17
5805.0854,5.18794e-17
5806.2344,5.0576e-17
5807.3828,4.89161e-17
5808.5317,5.06375e-17
5809.6807,5.51166e-17
5810.8296,5.45234e-17
5811.9785,5.18966e-17
5813.1279,5.69736e-17
5814.2769,5.12743e-17
5815.4258,5.20713e-17
5816.5747,5.2532e-17
5817.7241,5.52487e-17
5818.8735,5.03816e-17
5820.0225,5.30707e-17
5821.1719,5.36628e-17
5822.3213,5.09106e-17
5823.4707,5.59383e-17
5824.6201,5.41799e-17
5825.7695,5.37797e-17
5826.9189,5.66959e-17
5828.0684,5.5579e-17
5829.2178,5.30454e-17
5830.3677,5.43402e-17
5831.5171,5.14218e-17
5832.667,5.14577e-17
5833.8164,5.35728e-17
5834.9663,5.09663e-17
5836.1162,5.18682e-17
5837.2661,4.94497e-17
5838.416,4.99994e-17
5839.5659,5.31021e-17
5840.7158,4.87486e-17
5841.8657,4.75257e-17
5843.0161,4.83989e-17
5844.166,4.65181e-17
5845.3159,4.66506e-17
5846.4663,4.76409e-17
5847.6167,4.69817e-17
5848.7666,4.42672e-17
5849.917,4.95295e-17
5851.0674,5.21538e-17
5852.2178,4.90238e-17
5853.3682,5.32114e-17
5854.5186,5.01354e-17
5855.6689,4.94245e-17
5856.8198,5.20929e-17
5857.9702,4.69036e-17
5859.1206,4.91865e-17
5860.2715,5.38809e-17
5861.4219,5.05064e-17
5862.5728,5.1616e-17
5863.7236,5.51292e-17
5864.8745,5.46731e-17
5866.0254,5.30625e-17
5867.1763,4.72814e-17
5868.3271,5.47353e-17
5869.478,4.75947e-17
5870.6289,5.0245e-17
5871.7803,4.93043e-17
5872.9312,4.97765e-17
5874.0825,4.89933e-17
5875.2334,5.13276e-17
5876.3848,5.0959e-17
5877.5361,4.41293e-17
5878.6875,4.36882e-17
5879.8384,4.05667e-17
5880.9902,4.11717e-17
5882.1416,4.26099e-17
5883.293,3.675e-17
5884.4443,3.42318e-17
5885.5957,3.39572e-17
5886.7476,3.61827e-17
5887.8989,3.66966e-17
5889.0508,3.84188e-17
5890.2026,4.01856e-17
5891.354,4.24981e-17
5892.5059,4.75874e-17
5893.6577,4.42222e-17
5894.8096,4.53286e-17
5895.9614,4.4643e-17
5897.1133,4.45733e-17
5898.2651,5.25173e-17
5899.4175,4.75807e-17
5900.5693,5.04614e-17
5901.7212,4.93591e-17
5902.8735,4.99503e-17
5904.0259,4.78464e-17
5905.1777,4.97725e-17
5906.3301,5.0703e-17
5907.4824,5.57888e-17
5908.6348,4.97004e-17
5909.7871,4.61928e-17
5910.9395,4.63879e-17
5912.0918,4.74376e-17
5913.2446,4.51865e-17
5914.397,5.18274e-17
5915.5493,5.10237e-17
5916.7021,5.47406e-17
5917.8545,4.79029e-17
5919.0073,5.1893e-17
5920.1602,5.07373e-17
5921.313,4.95932e-17
5922.4658,5.37511e-17
5923.6187,4.68001e-17
5924.7715,5.04069e-17
5925.9243,5.16595e-17
5927.0771,4.92378e-17
5928.23,5.06213e-17
5929.3833,4.99586e-17
5930.5361,4.87979e-17
5931.6895,4.83587e-17
5932.8423,5.23964e-17
5933.9956,4.61349e-17
5935.1489,4.994e-17
5936.3022,4.8426e-17
5937.4556,4.99366e-17
5938.6089,4.9582e-17
5939.7622,4.72892e-17
5940.9155,4.8718e-17
5942.0693,5.01744e-17
5943.2227,4.87909e-17
5944.376,4.91571e-17
5945.5298,4.94503e-17
5946.6831,4.82007e-17
5947.8369,4.77167e-17
5948.9907,4.75083e-17
5950.1445,5.42245e-17
5951.2983,4.75485e-17
5952.4521,5.27037e-17
5953.606,5.65416e-17
5954.7598,5.43701e-17
5955.9136,5.17617e-17
5957.0679,4.95776e-17
5958.2217,4.58147e-17
5959.3755,5.49054e-17
5960.5298,4.99686e-17
5961.6841,5.34435e-17
5962.8379,5.06615e-17
5963.9922,5.50886e-17
5965.1465,5.43312e-17
5966.3008,5.09303e-17
5967.4551,5.12148e-17
5968.6094,4.82468e-17
5969.7637,5.52054e-17
5970.9185,4.86002e-17
5972.0728,5.37559e-17
5973.2275,5.54294e-17
5974.3818,5.14291e-17
5975.5366,5.49864e-17
5976.6909,5.22616e-17
5977.8457,5.02812e-17
5979.0005,4.9443e-17
5980.1553,5.38447e-17
5981.3101,4.97766e-17
5982.4648,5.26421e-17
5983.6196,5.05484e-17
5984.7744,
5985.9297,
5987.0845,
5988.2397,
5989.3945,5.4517e-17
5990.5498,5.16967e-17
5991.7051,5.49282e-17
5992.8599,5.30617e-17
5994.0151,5.63344e-17
5995.1704,5.80267e-17
5996.3257,5.51512e-17
5997.481,5.16873e-17
5998.6367,5.31425e-17
5999.792,5.28236e-17
6000.9473,4.96422e-17
6002.103,5.26515e-17
6003.2583,5.48325e-17
6004.4141,5.18404e-17
6005.5698,5.39693e-17
6006.7251,5.48901e-17
6007.8809,5.17274e-17
6009.0366,5.09653e-17
6010.1924,5.37167e-17
6011.3481,5.48032e-17
6012.5039,5.37689e-17
6013.6597,5.38368e-17
6014.8159,5.13024e-17
6015.9717,5.52436e-17
6017.1279,5.63244e-17
6018.2837,5.56213e-17
6019.4399,5.61251e-17
6020.5957,5.32218e-17
6021.752,5.3605e-17
6022.9082,5.43515e-17
6024.0645,5.51264e-17
6025.2207,5.53301e-17
6026.377,5.20987e-17
6027.5332,5.40517e-17
6028.6899,5.42165e-17
6029.8462,5.52967e-17
6031.0024,5.88185e-17
6032.1592,5.83724e-17
6033.3154,5.81077e-17
6034.4722,5.61578e-17
6035.6289,5.77248e-17
6036.7852,5.86765e-17
6037.9419,5.7924e-17
6039.0986,5.7109e-17
6040.2554,5.90217e-17
6041.4121,5.81412e-17
6042.5693,5.70602e-17
6043.7261,5.87684e-17
6044.8828,5.48481e-17
6046.04,5.73772e-17
6047.1968,5.6611e-17
6048.354,5.94812e-17
6049.5112,5.63358e-17
6050.668,5.40477e-17
6051.8252,5.35826e-17
6052.9824,5.77465e-17
6054.1396,5.29391e-17
6055.2969,5.71399e-17
6056.4541,5.31351e-17
6057.6113,5.87149e-17
6058.769,5.96073e-17
6059.9263,5.69621e-17
6061.0835,6.26697e-17
6062.2412,5.7716e-17
6063.3989,5.52973e-17
6064.5562,6.08643e-17
6065.7139,6.37833e-17
6066.8716,5.91422e-17
6068.0293,5.71023e-17
6069.187,5.22873e-17
6070.3447,5.82539e-17
6071.5024,5.6345e-17
6072.6602,5.45714e-17
6073.8179,5.58185e-17
6074.9761,5.67449e-17
6076.1338,5.61385e-17
6077.292,5.86183e-17
6078.4497,5.51635e-17
6079.6079,5.38225e-17
6080.7661,5.92592e-17
6081.9243,6.01307e-17
6083.0825,5.74598e-17
6084.2407,5.62623e-17
6085.3989,5.69566e-17
6086.5571,5.57514e-17
6087.7153,5.48101e-17
6088.8735,5.96957e-17
6090.0322,5.7106e-17
6091.1904,5.79739e-17
6092.3491,5.72289e-17
6093.5073,5.17766e-17
6094.666,5.39243e-17
6095.8247,5.9407e-17
6096.9834,6.07899e-17
6098.1421,5.58337e-17
6099.3008,5.84144e-17
6100.4595,5.72252e-17
6101.6182,5.8285e-17
6102.7769,5.55223e-17
6103.936,5.82126e-17
6105.0947,5.72748e-17
6106.2534,6.06583e-17
6107.4126,5.83569e-17
6108.5718,6.08558e-17
6109.7305,5.79875e-17
6110.8896,5.40103e-17
6112.0488,5.35575e-17
6113.208,6.07709e-17
6114.3672,5.72746e-17
6115.5264,5.94314e-17
6116.6855,6.04455e-17
6117.8447,5.44385e-17
6119.0044,5.86035e-17
6120.1636,5.36803e-17
6121.3232,5.73765e-17
6122.4824,5.93433e-17
6123.6421,5.49485e-17
6124.8013,5.72469e-17
6125.9609,5.53487e-17
6127.1206,5.19614e-17
6128.2803,5.21578e-17
6129.4399,4.96843e-17
6130.5996,4.89362e-17
6131.7593,5.39283e-17
6132.9194,5.60527e-17
6134.0791,5.43872e-17
6135.2388,5.32683e-17
6136.3989,6.02088e-17
6137.5586,5.57145e-17
6138.7188,6.03711e-17
6139.8784,5.34478e-17
6141.0386,5.48821e-17
6142.1987,5.80373e-17
6143.3589,
6144.519,
6145.6792,
6146.8394,5.47029e-17
6147.9995,5.89461e-17
6149.1602,5.32292e-17
6150.3203,5.07419e-17
6151.481,5.66616e-17
6152.6411,5.35772e-17
6153.8018,5.16792e-17
6154.9619,5.27914e-17
6156.1226,5.35106e-17
6157.2832,5.53129e-17
6158.4438,5.29177e-17
6159.6045,5.0134e-17
6160.7651,5.12639e-17
6161.9258,5.13678e-17
6163.0864,4.91866e-17
6164.2476,5.37914e-17
6165.4082,5.59002e-17
6166.5693,5.52541e-17
6167.73,5.79346e-17
6168.8911,5.36168e-17
6170.0518,5.52044e-17
6171.2129,5.55269e-17
6172.374,5.86018e-17
6173.5352,5.60966e-17
6174.6963,5.46912e-17
6175.8574,5.68348e-17
6177.0186,5.38691e-17
6178.1797,5.68172e-17
6179.3413,5.0699e-17
6180.5024,5.53114e-17
6181.6636,5.3696e-17
6182.8252,4.9046e-17
6183.9863,5.24984e-17
6185.1479,5.47532e-17
6186.3096,5.41863e-17
6187.4712,5.66129e-17
6188.6323,5.4564e-17
6189.7939,5.42505e-17
6190.9556,5.57836e-17
6192.1177,5.16405e-17
6193.2793,5.70916e-17
6194.4409,4.99129e-17
6195.6025,5.77246e-17
6196.7646,5.52456e-17
6197.9263,5.91393e-17
6199.0884,5.63445e-17
6200.25,5.69279e-17
6201.4121,5.67739e-17
6202.5742,5.14663e-17
6203.7363,5.4571e-17
6204.8984,4.95806e-17
6206.0605,5.21319e-17
6207.2227,4.92543e-17
6208.3848,4.94816e-17
6209.5469,5.04068e-17
6210.7095,5.43217e-17
6211.8716,5.02186e-17
6213.0337,4.68394e-17
6214.1963,4.8838e-17
6215.3589,5.48028e-17
6216.521,5.15687e-17
6217.6836,5.16576e-17
6218.8462,4.90699e-17
6220.0088,5.01322e-17
6221.1714,4.50139e-17
6222.334,4.95652e-17
6223.4966,4.72332e-17
6224.6592,5.13135e-17
6225.8218,4.98804e-17
6226.9849,5.12549e-17
6228.1475,5.33373e-17
6229.3105,5.33833e-17
6230.4731,4.85803e-17
6231.6362,4.99514e-17
6232.7993,4.71287e-17
6233.9624,4.72341e-17
6235.125,4.73397e-17
6236.2881,4.72081e-17
6237.4512,4.69255e-17
6238.6143,4.75393e-17
6239.7778,5.05874e-17
6240.9409,5.16219e-17
6242.104,5.16229e-17
6243.2676,4.71227e-17
6244.4307,5.15643e-17
6245.5942,4.68036e-17
6246.7573,4.83905e-17
6247.9209,4.46752e-17
6249.0845,4.79111e-17
6250.248,4.95363e-17
6251.4116,4.90099e-17
6252.5752,4.92496e-17
6253.7388,5.05897e-17
6254.9023,5.19754e-17
6256.0659,5.17157e-17
6257.2295,5.5992e-17
6258.3936,5.26467e-17
6259.5571,5.58779e-17
6260.7212,5.23256e-17
6261.8848,5.45032e-17
6263.0488,5.18119e-17
6264.2129,5.37748e-17
6265.3765,5.33981e-17
6266.5405,5.85778e-17
6267.7046,5.41776e-17
6268.8687,5.34459e-17
6270.0327,5.21332e-17
6271.1968,5.25834e-17
6272.3613,5.03286e-17
6273.5254,4.97629e-17
6274.6899,5.0473e-17
6275.854,5.51908e-17
6277.0181,5.54483e-17
6278.1826,5.5016e-17
6279.3472,5.42895e-17
6280.5117,5.44136e-17
6281.6758,5.36061e-17
6282.8403,5.22015e-17
6284.0049,5.48875e-17
6285.1694,5.25265e-17
6286.334,5.09289e-17
6287.499,5.35378e-17
6288.6636,5.25644e-17
6289.8281,4.94758e-17
6290.9932,5.15974e-17
6292.1577,5.23182e-17
6293.3228,5.63106e-17
6294.4873,5.27234e-17
6295.6523,5.7833e-17
6296.8174,6.06325e-17
6297.9824,5.26445e-17
6299.1475,6.58265e-17
6300.3125,5.81427e-17
6301.4775,5.4095e-17
6302.6426,4.98011e-17
6303.8076,4.66748e-17
6304.9727,5.33351e-17
6306.1382,5.64268e-17
6307.3032,5.82358e-17
6308.4688,5.42039e-17
6309.6338,5.34375e-17
6310.7993,5.10255e-17
6311.9648,5.61423e-17
6313.1304,5.57155e-17
6314.2959,5.66212e-17
6315.4614,5.79086e-17
6316.6265,5.64967e-17
6317.7925,5.61413e-17
6318.958,6.02166e-17
6320.1235,5.71538e-17
6321.2891,6.2174e-17
6322.4551,5.94077e-17
6323.6206,5.79854e-17
6324.7866,5.93942e-17
6325.9521,5.94501e-17
6327.1182,6.02457e-17
6328.2842,5.60195e-17
6329.4502,5.77911e-17
6330.6162,5.90303e-17
6331.7822,6.1771e-17
6332.9482,5.39364e-17
6334.1143,5.86588e-17
6335.2803,5.51595e-17
6336.4463,5.74941e-17
6337.6123,6.35608e-17
6338.7788,6.08884e-17
6339.9448,5.74292e-17
6341.1113,5.85853e-17
6342.2778,5.92859e-17
6343.4438,6.05764e-17
6344.6104,6.01166e-17
6345.7769,5.63638e-17
6346.9434,5.64405e-17
6348.1099,5.63784e-17
6349.2764,5.6465e-17
6350.4429,5.58357e-17
6351.6094,5.29691e-17
6352.7759,5.31551e-17
6353.9429,5.41886e-17
6355.1094,5.81993e-17
6356.2759,5.65094e-17
6357.4429,5.70037e-17
6358.6099,5.83855e-17
6359.7764,5.96685e-17
6360.9434,5.87104e-17
6362.1104,6.09753e-17
6363.2773,6.28337e-17
6364.4443,6.37375e-17
6365.6113,6.22474e-17
6366.7783,6.29473e-17
6367.9453,5.65006e-17
6369.1123,6.64274e-17
6370.2798,6.15347e-17
6371.4468,6.24009e-17
6372.6143,6.01245e-17
6373.7812,5.95907e-17
6374.9487,6.1928e-17
6376.1162,6.04873e-17
6377.2832,5.7837e-17
6378.4507,6.14311e-17
6379.6182,6.10525e-17
6380.7856,6.01467e-17
6381.9531,5.85258e-17
6383.1206,5.75133e-17
6384.2881,5.76812e-17
6385.4561,6.10469e-17
6386.6235,6.54362e-17
6387.791,6.18475e-17
6388.959,6.09338e-17
6390.1265,6.20686e-17
6391.2944,6.05494e-17
6392.4624,5.95778e-17
6393.6299,6.19502e-17
6394.7979,6.4846e-17
6395.9658,6.27479e-17
6397.1338,6.1335e-17
6398.3018,6.67088e-17
6399.4697,6.51514e-17
6400.6377,6.32558e-17
6401.8062,6.0459e-17
6402.9741,5.99516e-17
6404.1421,6.27853e-17
6405.3105,6.00126e-17
6406.4785,6.0432e-17
6407.647,6.50595e-17
6408.8154,5.84904e-17
6409.9834,5.94138e-17
6411.1519,5.93592e-17
6412.3203,5.74435e-17
6413.4888,5.80118e-17
6414.6572,6.20174e-17
6415.8257,6.02767e-17
6416.9941,6.24456e-17
6418.1631,6.26933e-17
6419.3315,6.25008e-17
6420.5,5.90788e-17
6421.6689,5.85116e-17
6422.8374,5.65376e-17
6424.0063,6.07263e-17
6425.1748,6.12285e-17
6426.3438,6.06911e-17
6427.5127,5.98902e-17
6428.6816,6.15815e-17
6429.8506,6.34865e-17
6431.0195,6.12858e-17
6432.1885,6.43892e-17
6433.3574,6.57903e-17
6434.5264,6.73325e-17
6435.6958,6.8857e-17
6436.8647,6.66855e-17
6438.0337,6.0741e-17
6439.2031,6.33152e-17
6440.3721,6.37462e-17
6441.5415,5.9865e-17
6442.7109,6.39209e-17
6443.8799,6.16825e-17
6445.0493,6.40896e-17
6446.2188,6.24974e-17
6447.3882,6.33182e-17
6448.5576,6.3379e-17
6449.7275,6.38234e-17
6450.897,6.96813e-17
6452.0664,6.33907e-17
6453.2358,6.38305e-17
6454.4058,6.17142e-17
6455.5752,6.18876e-17
6456.7451,6.31284e-17
6457.9146,6.65326e-17
6459.0845,6.60524e-17
6460.2544,6.15827e-17
6461.4238,6.65918e-17
6462.5938,6.33471e-17
6463.7637,6.25714e-17
6464.9336,6.36696e-17
6466.1035,6.39015e-17
6467.2739,6.64761e-17
6468.4438,6.27885e-17
6469.6138,6.48527e-17
6470.7837,6.46577e-17
6471.9541,6.10962e-17
6473.124,6.03334e-17
6474.2944,5.87439e-17
6475.4648,6.1056e-17
6476.6348,6.11737e-17
6477.8052,6.45047e-17
6478.9756,6.56844e-17
6480.146,6.13477e-17
6481.3164,6.12339e-17
6482.4868,6.04134e-17
6483.6572,5.66888e-17
6484.8276,5.33827e-17
6485.9985,5.26273e-17
6487.1689,5.34998e-17
6488.3394,4.92768e-17
6489.5103,5.32101e-17
6490.6807,5.56667e-17
6491.8516,5.96037e-17
6493.022,6.30684e-17
6494.1929,6.20213e-17
6495.3638,6.34165e-17
6496.5347,6.55845e-17
6497.7056,6.71363e-17
6498.8765,6.77299e-17
6500.0474,6.44854e-17
6501.2183,6.56002e-17
6502.3892,6.26168e-17
6503.5601,6.80299e-17
6504.7314,6.43943e-17
6505.9023,6.14986e-17
6507.0737,6.40692e-17
6508.2446,6.26629e-17
6509.416,5.99846e-17
6510.5874,6.03732e-17
6511.7583,6.55585e-17
6512.9297,6.59541e-17
6514.1011,6.7704e-17
6515.2725,6.54493e-17
6516.4438,6.61924e-17
6517.6152,6.63681e-17
6518.7866,6.22424e-17
6519.9585,6.45991e-17
6521.1299,6.70252e-17
6522.3013,6.93477e-17
6523.4731,6.71788e-17
6524.6445,6.6238e-17
6525.8164,6.93805e-17
6526.9878,7.21809e-17
6528.1597,6.93096e-17
6529.3315,6.68268e-17
6530.5034,6.57826e-17
6531.6753,6.6391e-17
6532.8472,6.8893e-17
6534.019,6.67124e-17
6535.1909,6.65071e-17
6536.3628,6.21626e-17
6537.5347,6.53969e-17
6538.707,6.31745e-17
6539.8789,6.50334e-17
6541.0508,6.75017e-17
6542.2231,6.10911e-17
6543.395,6.13637e-17
6544.5674,6.23612e-17
6545.7397,6.57276e-17
6546.9121,6.11316e-17
6548.084,5.98049e-17
6549.2563,6.15065e-17
6550.4287,5.55934e-17
6551.6011,6.31373e-17
6552.7739,5.55254e-17
6553.9463,6.05906e-17
6555.1187,5.66039e-17
6556.291,5.95055e-17
6557.4639,6.0737e-17
6558.6362,6.39857e-17
6559.8091,6.42412e-17
6560.9814,6.47907e-17
6562.1543,6.30858e-17
6563.3267,6.31591e-17
6564.4995,6.35234e-17
6565.6724,6.54768e-17
6566.8452,6.68554e-17
6568.0181,6.46503e-17
6569.1909,6.52629e-17
6570.3638,6.57665e-17
6571.5366,6.73943e-17
6572.71,6.79411e-17
6573.8828,6.73501e-17
6575.0557,6.62629e-17
6576.229,6.62984e-17
6577.4019,6.19996e-17
6578.5752,6.68217e-17
6579.7485,6.72949e-17
6580.9214,6.73686e-17
6582.0947,6.50757e-17
6583.2681,6.27546e-17
6584.4414,6.52079e-17
6585.6147,6.45258e-17
6586.7881,6.62075e-17
6587.9614,6.46397e-17
6589.1348,6.62071e-17
6590.3081,6.8115e-17
6591.4819,6.76827e-17
6592.6553,6.69597e-17
6593.8286,6.46503e-17
6595.0024,6.32413e-17
6596.1758,6.58505e-17
6597.3496,5.97589e-17
6598.5234,6.24852e-17
6599.6968,6.452e-17
6600.8706,6.35618e-17
6602.0444,6.38628e-17
6603.2183,6.73272e-17
6604.3921,6.84665e-17
6605.5659,6.74569e-17
6606.7402,6.51955e-17
6607.9141,6.91079e-17
6609.0879,6.61784e-17
6610.2617,6.83928e-17
6611.436,6.99231e-17
6612.6099,6.74651e-17
6613.7842,6.5869e-17
6614.958,6.60093e-17
6616.1323,6.6723e-17
6617.3066,6.47501e-17
6618.481,6.71023e-17
6619.6548,7.10089e-17
6620.8291,6.53838e-17
6622.0034,6.47879e-17
6623.1782,6.72542e-17
6624.3525,6.50528e-17
6625.5269,6.59966e-17
6626.7012,6.77214e-17
6627.8755,6.73771e-17
6629.0503,6.29564e-17
6630.2246,6.65187e-17
6631.3994,6.78284e-17
6632.5737,6.39806e-17
6633.7485,6.32325e-17
6634.9233,6.33898e-17
6636.0977,6.62958e-17
6637.2725,6.67706e-17
6638.4473,6.51838e-17
6639.6221,6.72394e-17
6640.7969,6.4408e-17
6641.9717,6.53925e-17
6643.147,6.19149e-17
6644.3218,6.57806e-17
6645.4966,6.62333e-17
6646.6714,6.41667e-17
6647.8467,6.30483e-17
6649.0215,6.49961e-17
6650.1968,6.89416e-17
6651.3716,6.41535e-17
6652.5469,6.43032e-17
6653.7222,5.95418e-17
6654.8975,6.45513e-17
6656.0728,6.3897e-17
6657.2476,6.52052e-17
6658.4233,6.52955e-17
6659.5986,6.51801e-17
6660.7739,6.75773e-17
6661.9492,6.58107e-17
6663.1245,6.48105e-17
6664.3003,6.77476e-17
6665.4756,6.51369e-17
6666.6509,6.56712e-17
6667.8267,6.04279e-17
6669.0024,6.44035e-17
6670.1777,6.06011e-17
6671.3535,6.49993e-17
6672.5293,6.36279e-17
6673.7046,6.25812e-17
6674.8804,6.70594e-17
6676.0562,6.39809e-17
6677.2319,6.4864e-17
6678.4077,6.66105e-17
6679.584,6.49583e-17
6680.7598,6.44894e-17
6681.9355,6.53943e-17
6683.1113,6.38956e-17
6684.2876,6.50954e-17
6685.4634,6.49355e-17
6686.6396,6.61723e-17
6687.8154,6.59747e-17
6688.9917,6.45186e-17
6690.168,6.51104e-17
6691.3442,6.79973e-17
6692.52,6.76593e-17
6693.6963,7.02798e-17
6694.8726,6.47644e-17
6696.0488,6.43394e-17
6697.2251,6.62749e-17
6698.4014,6.22292e-17
6699.5781,6.50618e-17
6700.7544,6.46492e-17
6701.9307,6.40287e-17
6703.1074,6.64652e-17
6704.2837,6.45071e-17
6705.4604,5.90992e-17
6706.6367,6.28786e-17
6707.8135,6.36539e-17
6708.9902,5.94653e-17
6710.167,6.29946e-17
6711.3433,6.28014e-17
6712.52,6.39881e-17
6713.6968,6.127e-17
6714.8735,6.19394e-17
6716.0503,6.57213e-17
6717.2275,6.44609e-17
6718.4043,6.13445e-17
6719.5811,6.40245e-17
6720.7578,6.47704e-17
6721.9351,6.68591e-17
6723.1118,6.51152e-17
6724.2891,6.54148e-17
6725.4663,6.52315e-17
6726.6431,6.45799e-17
6727.8203,6.41458e-17
6728.9976,6.35127e-17
6730.1748,6.07776e-17
6731.3516,6.31338e-17
6732.5288,6.42992e-17
6733.7065,6.51003e-17
6734.8838,6.35886e-17
6736.061,6.23695e-17
6737.2383,6.32587e-17
6738.4155,6.48609e-17
6739.5928,6.47634e-17
6740.7705,6.28601e-17
6741.9478,6.25336e-17
6743.1255,6.34671e-17
6744.3032,6.30875e-17
6745.4805,6.59895e-17
6746.6582,6.44777e-17
6747.8359,6.73007e-17
6749.0132,7.20073e-17
6750.1909,6.87092e-17
6751.3687,6.96547e-17
6752.5464,6.7958e-17
6753.7241,7.03581e-17
6754.9023,6.54049e-17
6756.0801,6.59198e-17
6757.2578,6.46199e-17
6758.4355,6.25179e-17
6759.6138,6.66069e-17
6760.7915,6.54008e-17
6761.9697,6.42649e-17
6763.1475,6.43224e-17
6764.3257,6.34932e-17
6765.5039,6.78931e-17
6766.6816,6.92995e-17
6767.8599,6.76657e-17
6769.0381,6.79942e-17
6770.2163,7.11134e-17
6771.3945,6.67054e-17
6772.5728,6.55741e-17
6773.751,6.62889e-17
6774.9292,6.58708e-17
6776.1079,6.38671e-17
6777.2861,6.47172e-17
6778.4644,6.30228e-17
6779.6431,6.93116e-17
6780.8213,6.6435e-17
6782.0,6.5354e-17
6783.1782,6.52903e-17
6784.3569,6.5412e-17
6785.5356,6.81957e-17
6786.7139,6.63651e-17
6787.8926,6.69081e-17
6789.0713,6.74557e-17
6790.25,6.82218e-17
6791.4287,6.96531e-17
6792.6074,6.76753e-17
6793.7861,6.73811e-17
6794.9653,6.55356e-17
6796.144,6.56744e-17
6797.3228,6.85747e-17
6798.502,6.85365e-17
6799.6807,6.64759e-17
6800.8599,6.51311e-17
6802.0386,6.77492e-17
6803.2178,6.8368e-17
6804.3965,6.79792e-17
6805.5757,6.78892e-17
6806.7549,6.89428e-17
6807.9341,7.10092e-17
6809.1133,6.78247e-17
6810.2925,6.98836e-17
6811.4717,6.82351e-17
6812.6509,6.9707e-17
6813.8301,7.08684e-17
6815.0093,6.73599e-17
6816.189,7.04131e-17
6817.3682,6.8475e-17
6818.5474,6.95569e-17
6819.7271,6.84598e-17
6820.9062,6.86193e-17
6822.0859,6.98865e-17
6823.2656,6.78676e-17
6824.4448,6.68479e-17
6825.6245,6.77417e-17
6826.8042,6.96901e-17
6827.9839,6.94545e-17
6829.1636,6.77107e-17
6830.3433,6.80412e-17
6831.5229,7.1935e-17
6832.7026,7.23229e-17
6833.8823,6.50107e-17
6835.062,6.5834e-17
6836.2422,6.51357e-17
6837.4219,6.71072e-17
6838.6016,6.85238e-17
6839.7817,6.93738e-17
6840.9614,6.8213e-17
6842.1416,6.74381e-17
6843.3218,6.57619e-17
6844.5015,6.87701e-17
6845.6816,7.0121e-17
6846.8618,6.98939e-17
6848.042,6.56917e-17
6849.2222,6.90013e-17
6850.4023,6.96279e-17
6851.5825,6.72153e-17
6852.7627,6.82301e-17
6853.9429,7.0493e-17
6855.123,7.06353e-17
6856.3037,7.27904e-17
6857.4839,6.88122e-17
6858.6641,7.14912e-17
6859.8447,7.3127e-17
6861.0249,7.59015e-17
6862.2056,7.14428e-17
6863.3862,7.29159e-17
6864.5664,7.39756e-17
6865.7471,6.98391e-17
6866.9277,7.61335e-17
6868.1084,7.92249e-17
6869.2891,7.9302e-17
6870.4697,7.61635e-17
6871.6504,7.81647e-17
6872.8311,7.61076e-17
6874.0117,7.05512e-17
6875.1924,7.75264e-17
6876.373,7.68612e-17
6877.5542,7.45814e-17
6878.7349,7.81123e-17
6879.916,7.43923e-17
6881.0967,7.59773e-17
6882.2778,7.46152e-17
6883.4585,7.80206e-17
6884.6396,7.58072e-17
6885.8208,7.53331e-17
6887.0015,7.78348e-17
6888.1826,7.42403e-17
6889.3638,7.61643e-17
6890.5449,7.45209e-17
6891.7261,7.24902e-17
6892.9072,7.49009e-17
6894.0884,7.90452e-17
6895.27,7.67295e-17
6896.4512,7.44575e-17
6897.6323,7.75732e-17
6898.814,7.93243e-17
6899.9951,7.66249e-17
6901.1763,7.19824e-17
6902.3579,7.31954e-17
6903.5396,7.34635e-17
6904.7207,7.57488e-17
6905.9023,7.18273e-17
6907.084,7.44002e-17
6908.2656,7.63736e-17
6909.4468,7.82876e-17
6910.6284,7.52419e-17
6911.8101,7.55993e-17
6912.9922,7.32447e-17
6914.1738,7.54976e-17
6915.3555,7.26422e-17
6916.5371,7.48732e-17
6917.7188,7.01739e-17
6918.9009,6.93765e-17
6920.0825,6.96915e-17
6921.2642,7.4288e-17
6922.4463,7.44536e-17
6923.6284,7.29389e-17
6924.8101,7.36742e-17
6925.9922,7.48899e-17
6927.1743,7.70508e-17
6928.356,7.29959e-17
6929.5381,7.22464e-17
6930.7202,7.41352e-17
6931.9023,7.43193e-17
6933.0845,7.03123e-17
6934.2666,7.07694e-17
6935.4487,7.0846e-17
6936.6309,7.48618e-17
6937.8135,7.18176e-17
6938.9956,7.34582e-17
6940.1777,7.34458e-17
6941.3604,7.69738e-17
6942.5425,7.07793e-17
6943.7251,7.1257e-17
6944.9072,7.33735e-17
6946.0898,7.35081e-17
6947.2725,7.18013e-17
6948.4546,7.29939e-17
6949.6372,7.58872e-17
6950.8198,7.71184e-17
6952.0024,7.77422e-17
6953.1851,7.77738e-17
6954.3677,7.95539e-17
6955.5503,7.76546e-17
6956.7329,7.7961e-17
6957.9155,7.65959e-17
6959.0986,7.74852e-17
6960.2812,7.77918e-17
6961.4639,7.80302e-17
6962.6465,7.76088e-17
6963.8296,8.0581e-17
6965.0127,7.64509e-17
6966.1953,7.4502e-17
6967.3784,7.42358e-17
6968.561,7.27896e-17
6969.7441,7.47136e-17
6970.9272,7.55619e-17
6972.1104,7.59928e-17
6973.2935,7.92686e-17
6974.4766,8.04855e-17
6975.6597,7.99117e-17
6976.8428,7.77956e-17
6978.0259,7.75529e-17
6979.209,7.77223e-17
6980.3921,7.99028e-17
6981.5752,8.14224e-17
6982.7588,8.02897e-17
6983.9419,7.57457e-17
6985.1255,7.78795e-17
6986.3086,7.62161e-17
6987.4922,7.78519e-17
6988.6753,7.73273e-17
6989.8589,7.86029e-17
6991.0425,7.39636e-17
6992.2256,7.93675e-17
6993.4092,7.81601e-17
6994.5928,7.59021e-17
6995.7764,7.7363e-17
6996.96,7.92366e-17
6998.1436,7.95784e-17
6999.3271,8.1492e-17
7000.5107,7.96466e-17
7001.6948,7.65128e-17
7002.8784,8.04663e-17
7004.062,7.75612e-17
7005.2461,7.88479e-17
7006.4297,7.83206e-17
7007.6133,7.83718e-17
7008.7974,7.88696e-17
7009.981,8.06412e-17
7011.165,7.79315e-17
7012.3491,7.83432e-17
7013.5332,7.66772e-17
7014.7168,7.90696e-17
7015.9009,7.96555e-17
7017.085,8.12014e-17
7018.269,8.18502e-17
7019.4531,8.34597e-17
7020.6372,7.93471e-17
7021.8213,8.10796e-17
7023.0054,8.26002e-17
7024.1899,8.07264e-17
7025.374,8.11939e-17
7026.5581,8.1365e-17
7027.7427,8.06451e-17
7028.9268,8.04049e-17
7030.1113,7.88855e-17
7031.2954,8.10371e-17
7032.48,8.07799e-17
7033.6641,8.57531e-17
7034.8486,8.84518e-17
7036.0332,8.14071e-17
7037.2178,8.32792e-17
7038.4023,8.61899e-17
7039.5869,8.27543e-17
7040.771,8.20131e-17
7041.9556,7.74091e-17
7043.1406,7.60973e-17
7044.3252,7.52587e-17
7045.5098,7.27698e-17
7046.6943,7.03441e-17
7047.8789,7.11042e-17
7049.064,6.87942e-17
7050.2485,6.95959e-17
7051.4336,6.87041e-17
7052.6182,7.23986e-17
7053.8032,6.59374e-17
7054.9878,6.8384e-17
7056.1729,6.78912e-17
7057.3579,6.87841e-17
7058.5425,6.7896e-17
7059.7275,6.88115e-17
7060.9126,6.84286e-17
7062.0977,7.55068e-17
7063.2827,7.47988e-17
7064.4678,7.15818e-17
7065.6528,7.16846e-17
7066.8379,7.53179e-17
7068.0229,7.48189e-17
7069.208,7.41549e-17
7070.3936,7.30072e-17
7071.5786,7.31241e-17
7072.7637,7.25045e-17
7073.9492,7.02341e-17
7075.1343,6.77963e-17
7076.3198,6.88478e-17
7077.5049,6.46306e-17
7078.6904,6.60762e-17
7079.876,6.18875e-17
7081.0615,6.63134e-17
7082.2466,6.61108e-17
7083.4321,7.24858e-17
7084.6177,6.65943e-17
7085.8032,6.67528e-17
7086.9888,6.78161e-17
7088.1743,6.48773e-17
7089.3599,6.65759e-17
7090.5454,6.86784e-17
7091.731,6.85816e-17
7092.917,6.5582e-17
7094.1025,6.71876e-17
7095.2881,6.76875e-17
7096.4741,6.72818e-17
7097.6597,6.78268e-17
7098.8457,6.84998e-17
7100.0312,6.59119e-17
7101.2173,6.97235e-17
7102.4033,6.79165e-17
7103.5889,6.7047e-17
7104.7749,7.01016e-17
7105.9609,6.6811e-17
7107.147,6.93198e-17
7108.333,7.00519e-17
7109.519,6.97871e-17
7110.7051,6.80611e-17
7111.8911,6.71944e-17
7113.0771,6.55424e-17
7114.2632,6.68062e-17
7115.4492,6.40559e-17
7116.6357,6.44933e-17
7117.8218,6.19348e-17
7119.0078,6.35775e-17
7120.1943,6.21686e-17
7121.3804,6.31305e-17
7122.5669,6.58175e-17
7123.7529,6.93551e-17
7124.9395,6.5342e-17
7126.126,6.55139e-17
7127.312,6.52811e-17
7128.4985,6.62746e-17
7129.6851,6.47058e-17
7130.8716,6.6082e-17
7132.0581,6.64173e-17
7133.2446,6.43941e-17
7134.4312,6.65331e-17
7135.6177,6.67711e-17
7136.8042,6.78472e-17
7137.9907,6.65845e-17
7139.1772,6.41988e-17
7140.3638,6.65703e-17
7141.5508,6.52708e-17
7142.7373,6.77199e-17
7143.9243,6.85509e-17
7145.1108,6.73209e-17
7146.2974,6.76584e-17
7147.4844,6.81937e-17
7148.6714,6.68393e-17
7149.8579,6.85275e-17
7151.0449,6.81718e-17
7152.2319,6.814e-17
7153.4189,6.90455e-17
7154.6055,6.65295e-17
7155.7925,6.92125e-17
7156.9795,6.86949e-17
7158.1665,7.16101e-17
7159.354,7.08182e-17
7160.541,6.62268e-17
7161.728,6.93586e-17
7162.915,7.17057e-17
7164.1021,6.8538e-17
7165.2891,6.97267e-17
7166.4766,6.99006e-17
7167.6636,7.31975e-17
7168.8511,6.98871e-17
7170.0381,6.96813e-17
7171.2256,7.06724e-17
7172.4126,7.09634e-17
7173.6001,7.26334e-17
7174.7876,7.27777e-17
7175.9746,6.79867e-17
7177.1621,6.87851e-17
7178.3496,6.96844e-17
7179.5371,6.89045e-17
7180.7246,6.67853e-17
7181.9121,6.98481e-17
7183.0996,7.11192e-17
7184.2871,7.29242e-17
7185.4746,7.169e-17
7186.6621,7.2695e-17
7187.8501,7.05424e-17
7189.0376,7.36291e-17
7190.2251,7.06145e-17
7191.4126,7.17782e-17
7192.6006,6.97948e-17
7193.7881,7.35739e-17
7194.9761,7.22855e-17
7196.1636,7.17467e-17
7197.3516,6.91688e-17
7198.5396,7.05828e-17
7199.7271,6.96742e-17
7200.915,6.81118e-17
7202.103,7.24887e-17
7203.291,7.36508e-17
7204.479,7.02335e-17
7205.667,7.22956e-17
7206.855,7.32906e-17
7208.043,7.08435e-17
7209.231,7.09183e-17
7210.4189,7.30578e-17
7211.6069,7.13164e-17
7212.7949,7.3609e-17
7213.9834,7.4027e-17
7215.1714,7.2309e-17
7216.3594,7.56913e-17
7217.5479,7.35403e-17
7218.7358,7.56966e-17
7219.9243,7.47025e-17
7221.1123,7.47753e-17
7222.3008,7.48446e-17
7223.4888,7.55925e-17
7224.6772,7.49593e-17
7225.8657,7.6539e-17
7227.0542,6.9918e-17
7228.2422,7.61839e-17
7229.4307,7.15144e-17
7230.6191,7.53476e-17
7231.8076,7.45273e-17
7232.9961,8.0157e-17
7234.1846,7.92541e-17
7235.373,7.91099e-17
7236.562,7.93542e-17
7237.7505,8.03362e-17
7238.939,7.44264e-17
7240.1274,7.6448e-17
7241.3164,7.58047e-17
7242.5049,7.38333e-17
7243.6934,7.65826e-17
7244.8823,7.59216e-17
7246.0708,7.77851e-17
7247.2598,7.68757e-17
7248.4487,7.40078e-17
7249.6372,7.55273e-17
7250.8262,7.79885e-17
7252.0151,7.55048e-17
7253.2041,7.8784e-17
7254.3926,7.89067e-17
7255.5815,8.18461e-17
7256.7705,7.86978e-17
7257.9595,7.72183e-17
7259.1484,8.17217e-17
7260.3374,8.18484e-17
7261.5269,7.79253e-17
7262.7158,7.88531e-17
7263.9048,8.17975e-17
7265.0938,8.24728e-17
7266.2832,7.90919e-17
7267.4722,8.11621e-17
7268.6611,7.7871e-17
7269.8506,7.94276e-17
7271.0396,7.50792e-17
7272.229,7.59305e-17
7273.418,7.90348e-17
7274.6074,7.94792e-17
7275.7969,7.11429e-17
7276.9858,8.22117e-17
7278.1753,7.45085e-17
7279.3647,7.13398e-17
7280.5542,7.53564e-17
7281.7437,7.42678e-17
7282.9331,7.60887e-17
7284.1226,7.81847e-17
7285.312,7.90131e-17
7286.5015,8.08299e-17
7287.6909,8.30556e-17
7288.8804,8.15954e-17
7290.0698,8.10056e-17
7291.2593,8.30478e-17
7292.4492,8.43712e-17
7293.6387,8.08721e-17
7294.8286,8.24472e-17
7296.0181,8.31799e-17
7297.2075,8.41171e-17
7298.3975,8.15273e-17
7299.5874,8.26462e-17
7300.7769,8.02609e-17
7301.9668,8.45282e-17
7303.1567,8.6603e-17
7304.3462,8.38673e-17
7305.5361,8.23674e-17
7306.7261,8.23024e-17
7307.916,8.15162e-17
7309.106,8.431e-17
7310.2959,7.90099e-17
7311.4858,7.99038e-17
7312.6758,7.95675e-17
7313.8657,8.15308e-17
7315.0557,8.20596e-17
7316.2456,8.41685e-17
7317.4355,8.50495e-17
7318.626,8.55207e-17
7319.8159,8.31697e-17
7321.0059,8.90823e-17
7322.1963,8.32196e-17
7323.3862,8.53979e-17
7324.5767,8.95437e-17
7325.7666,9.12366e-17
7326.957,8.92764e-17
7328.147,8.78314e-17
7329.3374,8.8842e-17
7330.5278,8.90399e-17
7331.7178,8.71538e-17
7332.9082,8.70926e-17
7334.0986,8.68661e-17
7335.2891,8.52875e-17
7336.4795,8.90899e-17
7337.6699,8.66308e-17
7338.8604,9.09684e-17
7340.0508,8.56804e-17
7341.2412,8.4475e-17
7342.4316,8.78386e-17
7343.6221,8.54587e-17
7344.8125,8.31759e-17
7346.0034,8.45025e-17
7347.1938,8.76696e-17
7348.3843,8.7042e-17
7349.5752,8.76269e-17
7350.7656,8.6891e-17
7351.9565,8.95268e-17
7353.147,8.50251e-17
7354.3379,9.11734e-17
7355.5283,8.92594e-17
7356.7192,9.15972e-17
7357.9102,8.96364e-17
7359.1006,9.08952e-17
7360.2915,9.0904e-17
7361.4824,9.39714e-17
7362.6733,9.17394e-17
7363.8643,9.36353e-17
7365.0552,9.25176e-17
7366.2461,9.43013e-17
7367.437,9.29644e-17
7368.6279,9.31284e-17
7369.8188,9.73704e-17
7371.0098,9.17239e-17
7372.2007,9.11828e-17
7373.3921,9.20862e-17
7374.583,9.07763e-17
7375.7739,9.00093e-17
7376.9653,9.38137e-17
7378.1562,8.97445e-17
7379.3472,8.96102e-17
7380.5386,9.18078e-17
7381.7295,9.00213e-17
7382.9209,9.37856e-17
7384.1123,9.24016e-17
7385.3032,9.38559e-17
7386.4946,9.01786e-17
7387.686,9.47544e-17
7388.8774,9.25457e-17
7390.0684,8.81277e-17
7391.2598,9.29138e-17
7392.4512,9.32165e-17
7393.6426,9.58785e-17
7394.834,9.71949e-17
7396.0254,9.62842e-17
7397.2168,9.13886e-17
7398.4082,9.13733e-17
7399.5996,9.16262e-17
7400.7915,9.15435e-17
7401.9829,8.96988e-17
7403.1743,9.0467e-17
7404.3657,9.38728e-17
7405.5576,9.21625e-17
7406.749,9.03917e-17
7407.9409,9.23304e-17
7409.1323,8.8335e-17
7410.3242,9.10445e-17
7411.5156,8.89755e-17
7412.7075,9.05637e-17
7413.8989,9.51122e-17
7415.0908,9.78853e-17
7416.2827,9.66863e-17
7417.4741,9.51674e-17
7418.666,9.54157e-17
7419.8579,9.60035e-17
7421.0498,9.75901e-17
7422.2417,9.60475e-17
7423.4336,9.70546e-17
7424.6255,9.65315e-17
7425.8174,9.68001e-17
7427.0093,9.60658e-17
7428.2012,9.46308e-17
7429.3931,9.49636e-17
7430.585,9.78288e-17
7431.7773,9.6172e-17
7432.9692,9.62232e-17
7434.1611,9.6524e-17
7435.3535,9.70958e-17
7436.5454,9.6804e-17
7437.7373,9.57546e-17
7438.9297,9.68402e-17
7440.1216,9.80129e-17
7441.314,9.74943e-17
7442.5059,9.68673e-17
7443.6982,9.76247e-17
7444.8906,9.9841e-17
7446.083,9.83089e-17
7447.2749,9.82402e-17
7448.4673,9.82818e-17
7449.6597,9.44271e-17
7450.8521,9.57937e-17
7452.0444,9.76408e-17
7453.2368,9.58828e-17
7454.4292,9.96155e-17
7455.6216,9.83718e-17
7456.814,1.00058e-16
7458.0063,1.00004e-16
7459.1987,9.81097e-17
7460.3911,9.88189e-17
7461.5835,9.8048e-17
7462.7764,9.76529e-17
7463.9688,9.90971e-17
7465.1611,1.00147e-16
7466.354,9.91985e-17
7467.5464,1.01818e-16
7468.7388,9.59783e-17
7469.9316,1.00219e-16
7471.1245,9.85149e-17
7472.3169,1.0145e-16
7473.5098,9.95636e-17
7474.7021,9.84186e-17
7475.895,9.79183e-17
7477.0879,1.02519e-16
7478.2803,1.00527e-16
7479.4731,9.99125e-17
7480.666,9.57388e-17
7481.8589,9.61829e-17
7483.0518,9.56344e-17
7484.2446,9.49329e-17
7485.4375,9.83018e-17
7486.6304,9.74384e-17
7487.8232,1.01746e-16
7489.0161,1.0255e-16
7490.209,1.01456e-16
7491.4023,1.00671e-16
7492.5952,1.02322e-16
7493.7881,1.00955e-16
7494.981,1.02299e-16
7496.1743,1.03918e-16
7497.3672,1.03858e-16
7498.5601,9.83265e-17
7499.7534,1.01483e-16
7500.9463,1.02738e-16
7502.1396,1.0046e-16
7503.3325,1.04297e-16
7504.5259,1.02705e-16
7505.7192,1.01392e-16
7506.9121,1.04022e-16
7508.1055,1.04555e-16
7509.2988,1.0456e-16
7510.4917,1.0305e-16
7511.6851,1.0375e-16
7512.8784,1.05742e-16
7514.0718,1.03753e-16
7515.2651,1.03498e-16
7516.4585,1.0342e-16
7517.6519,1.02843e-16
7518.8452,1.04648e-16
7520.0386,1.02671e-16
7521.2319,1.02449e-16
7522.4253,1.07144e-16
7523.6187,1.05995e-16
7524.8125,1.04277e-16
7526.0059,1.05884e-16
7527.1992,1.091e-16
7528.3926,1.08388e-16
7529.5864,1.03806e-16
7530.7798,1.03177e-16
7531.9736,1.08568e-16
7533.167,1.03659e-16
7534.3608,1.04715e-16
7535.5542,1.06067e-16
7536.748,1.07668e-16
7537.9414,1.06548e-16
7539.1353,1.08802e-16
7540.3291,1.09544e-16
7541.5225,1.09949e-16
7542.7163,1.03653e-16
7543.9102,1.07628e-16
7545.104,1.06961e-16
7546.2979,1.0582e-16
7547.4917,1.07642e-16
7548.6851,1.11846e-16
7549.8789,1.10219e-16
7551.0732,1.09052e-16
7552.2671,1.06115e-16
7553.4609,1.06385e-16
7554.6548,1.07091e-16
7555.8486,1.04743e-16
7557.0425,1.0603e-16
7558.2363,1.07458e-16
7559.4302,1.07945e-16
7560.6245,1.04703e-16
7561.8184,1.06105e-16
7563.0127,1.05417e-16
7564.2065,1.05382e-16
7565.4004,1.10046e-16
7566.5947,1.05267e-16
7567.7886,1.07243e-16
7568.9829,1.08862e-16
7570.1768,1.05534e-16
7571.3711,1.01255e-16
7572.5654,1.05847e-16
7573.7593,1.00257e-16
7574.9536,9.90381e-17
7576.1479,9.5192e-17
7577.3423,9.07962e-17
7578.5366,9.43786e-17
7579.7305,9.21815e-17
7580.9248,9.22335e-17
7582.1191,9.24023e-17
7583.3135,8.90697e-17
7584.5078,9.19709e-17
7585.7021,8.93355e-17
7586.8965,9.3123e-17
7588.0908,9.0574e-17
7589.2852,8.90772e-17
7590.48,9.22214e-17
7591.6743,9.2875e-17
7592.8687,9.69461e-17
7594.063,1.0379e-16
7595.2578,1.08398e-16
7596.4521,1.13758e-16
7597.6465,1.18085e-16
7598.8413,1.20438e-16
7600.0356,1.27651e-16
7601.23,1.48248e-16
7602.4248,1.59201e-16
7603.6196,1.59173e-16
7604.814,1.54992e-16
7606.0088,1.46636e-16
7607.2031,1.4585e-16
7608.3979,1.30847e-16
7609.5928,1.43276e-16
7610.7876,1.35988e-16
7611.9819,1.24438e-16
7613.1768,1.18599e-16
7614.3716,1.08049e-16
7615.5664,1.00063e-16
7616.7612,9.67654e-17
7617.9561,9.60162e-17
7619.1509,9.26313e-17
7620.3457,9.84584e-17
7621.5405,1.00546e-16
7622.7354,9.88157e-17
7623.9302,1.03512e-16
7625.125,1.04736e-16
7626.3198,1.03292e-16
7627.5146,9.69409e-17
7628.71,9.70542e-17
7629.9048,1.00261e-16
7631.0996,9.83103e-17
7632.2949,9.96354e-17
7633.4897,1.01444e-16
7634.6846,1.02203e-16
7635.8799,9.88362e-17
7637.0747,9.43814e-17
7638.27,9.64758e-17
7639.4648,9.68487e-17
7640.6602,9.56746e-17
7641.855,9.06236e-17
7643.0503,9.25317e-17
7644.2456,9.1849e-17
7645.4404,9.04171e-17
7646.6357,9.41121e-17
7647.8311,9.34521e-17
7649.0264,9.51831e-17
7650.2212,8.75116e-17
7651.4165,8.4568e-17
7652.6118,8.39038e-17
7653.8071,8.25338e-17
7655.0024,8.32269e-17
7656.1978,8.06809e-17
7657.3931,8.71655e-17
7658.5884,8.82105e-17
7659.7837,8.82376e-17
7660.979,8.5697e-17
7662.1743,8.50434e-17
7663.3701,8.68567e-17
7664.5654,8.60253e-17
7665.7607,8.63226e-17
7666.9561,8.48436e-17
7668.1514,8.65952e-17
7669.3472,8.41764e-17
7670.5425,8.5132e-17
7671.7383,8.84104e-17
7672.9336,8.52444e-17
7674.1294,8.52636e-17
7675.3247,8.76084e-17
7676.5205,8.8229e-17
7677.7158,8.5826e-17
7678.9116,8.50869e-17
7680.1069,8.53971e-17
7681.3027,8.68033e-17
7682.4985,8.58431e-17
7683.6938,8.18214e-17
7684.8896,8.23302e-17
7686.0854,7.83098e-17
7687.2808,7.89179e-17
7688.4766,8.39998e-17
7689.6724,8.08308e-17
7690.8682,8.23554e-17
7692.064,8.66748e-17
7693.2598,8.72716e-17
7694.4556,8.56571e-17
7695.6514,8.58891e-17
7696.8472,8.75588e-17
7698.043,8.1782e-17
7699.2388,8.09078e-17
7700.4346,7.8929e-17
7701.6304,7.88331e-17
7702.8267,8.21574e-17
7704.0225,8.18238e-17
7705.2183,8.2153e-17
7706.4141,8.19881e-17
7707.6104,8.64597e-17
7708.8062,8.38624e-17
7710.0024,8.67518e-17
7711.1982,8.61074e-17
7712.394,8.3632e-17
7713.5903,8.92493e-17
7714.7861,8.23122e-17
7715.9824,8.44149e-17
7717.1782,8.6911e-17
7718.3745,8.80916e-17
7719.5708,8.77236e-17
7720.7666,8.88201e-17
7721.9629,8.76667e-17
7723.1587,8.66494e-17
7724.355,9.0623e-17
7725.5513,8.78537e-17
7726.7476,9.03708e-17
7727.9434,8.78409e-17
7729.1401,8.91034e-17
7730.3359,8.82821e-17
7731.5322,8.7135e-17
7732.7285,8.64271e-17
7733.9248,8.474e-17
7735.1211,8.41774e-17
7736.3174,8.42004e-17
7737.5137,8.07648e-17
7738.71,8.03762e-17
7739.9062,8.28344e-17
7741.103,8.3777e-17
7742.2993,8.48103e-17
7743.4956,8.59235e-17
7744.6919,8.38094e-17
7745.8882,8.63164e-17
7747.085,8.9573e-17
7748.2812,8.75545e-17
7749.4775,8.80156e-17
7750.6743,9.15838e-17
7751.8706,8.40787e-17
7753.0669,8.75762e-17
7754.2637,8.47344e-17
7755.46,8.84246e-17
7756.6567,8.7535e-17
7757.853,8.97525e-17
7759.0498,8.77452e-17
7760.2461,8.96953e-17
7761.4429,8.87455e-17
7762.6396,8.81899e-17
7763.8364,8.57714e-17
7765.0327,8.83363e-17
7766.2295,8.88659e-17
7767.4263,8.4887e-17
7768.6226,8.64763e-17
7769.8193,8.8733e-17
7771.0161,8.65563e-17
7772.2129,8.53211e-17
7773.4097,8.68567e-17
7774.6064,8.64408e-17
7775.8032,8.24083e-17
7777.0,8.69313e-17
7778.1968,8.27387e-17
7779.3936,8.85883e-17
7780.5903,8.73895e-17
7781.7871,8.60195e-17
7782.9839,8.68632e-17
7784.1807,8.78004e-17
7785.3774,8.85723e-17
7786.5747,8.79756e-17
7787.7715,8.7059e-17
7788.9683,8.89529e-17
7790.165,9.2187e-17
7791.3623,9.26787e-17
7792.5591,9.52165e-17
7793.7559,9.40245e-17
7794.9531,8.95019e-17
7796.1499,9.32546e-17
7797.3467,9.06888e-17
7798.5439,9.40033e-17
7799.7407,8.96091e-17
7800.938,9.17166e-17
7802.1348,9.12127e-17
7803.332,9.33175e-17
7804.5293,9.11571e-17
7805.7261,9.27797e-17
7806.9233,8.95105e-17
7808.1206,9.27637e-17
7809.3174,8.9379e-17
7810.5146,8.95173e-17
7811.7119,9.22027e-17
7812.9092,9.24755e-17
7814.106,9.30671e-17
7815.3032,9.15491e-17
7816.5005,8.52125e-17
7817.6978,8.90083e-17
7818.895,8.90787e-17
7820.0923,9.09892e-17
7821.2896,8.32258e-17
7822.4868,8.74987e-17
7823.6841,8.51424e-17
7824.8813,8.71718e-17
7826.0786,8.53196e-17
7827.2759,8.7771e-17
7828.4731,9.32309e-17
7829.6704,8.9239e-17
7830.8677,9.05862e-17
7832.0654,9.01371e-17
7833.2627,9.0805e-17
7834.46,9.1802e-17
7835.6572,8.96022e-17
7836.855,8.76205e-17
7838.0522,9.12011e-17
7839.2495,8.85903e-17
7840.4473,8.81766e-17
7841.6445,8.80607e-17
7842.8423,8.7315e-17
7844.0396,8.8197e-17
7845.2373,8.93074e-17
7846.4346,9.46175e-17
7847.6323,9.03891e-17
7848.8296,9.48136e-17
7850.0273,9.51989e-17
7851.2246,9.12673e-17
7852.4224,9.24873e-17
7853.6201,9.28e-17
7854.8174,8.85434e-17
7856.0151,8.96893e-17
7857.2129,9.95651e-17
7858.4102,8.92206e-17
7859.6079,8.76391e-17
7860.8057,9.18323e-17
7862.0034,8.5963e-17
7863.2012,8.77494e-17
7864.3989,8.86086e-17
7865.5962,8.7944e-17
7866.7939,8.6968e-17
7867.9917,8.67193e-17
7869.1895,8.84925e-17
7870.3872,9.07611e-17
7871.585,9.0661e-17
7872.7827,9.23265e-17
7873.9805,9.05589e-17
7875.1782,8.56204e-17
7876.376,9.06079e-17
7877.5742,9.39863e-17
7878.772,9.22493e-17
7879.9697,9.24987e-17
7881.1675,8.9505e-17
7882.3652,8.71504e-17
7883.5635,8.7301e-17
7884.7612,8.63274e-17
7885.959,8.60076e-17
7887.1572,8.80647e-17
7888.355,8.64274e-17
7889.5527,9.07455e-17
7890.751,8.6745e-17
7891.9487,8.89221e-17
7893.1465,8.52112e-17
7894.3447,8.83376e-17
7895.5425,8.91695e-17
7896.7407,8.81273e-17
7897.9385,8.49559e-17
7899.1367,8.53621e-17
7900.335,8.54902e-17
7901.5327,8.37499e-17
7902.731,8.42868e-17
7903.9292,8.20432e-17
7905.127,8.43139e-17
7906.3252,8.60791e-17
7907.5234,8.46962e-17
7908.7212,8.76835e-17
7909.9194,8.77596e-17
7911.1177,8.70965e-17
7912.3159,9.17955e-17
7913.5137,9.08131e-17
7914.7119,8.16315e-17
7915.9102,8.81487e-17
7917.1084,9.0675e-17
7918.3066,9.07604e-17
7919.5049,9.17938e-17
7920.7031,9.14073e-17
7921.9014,9.34565e-17
7923.0996,9.34708e-17
7924.2979,8.67601e-17
7925.4961,8.71041e-17
7926.6943,8.57842e-17
7927.8926,8.50109e-17
7929.0908,8.38041e-17
7930.2891,8.66518e-17
7931.4878,8.83229e-17
7932.686,8.67897e-17
7933.8843,8.4916e-17
7935.0825,8.76271e-17
7936.2808,8.59609e-17
7937.4795,8.83194e-17
7938.6777,8.95209e-17
7939.876,8.74061e-17
7941.0747,8.88848e-17
7942.2729,9.1068e-17
7943.4712,9.06232e-17
7944.6699,9.04347e-17
7945.8682,9.34771e-17
7947.0669,9.17591e-17
7948.2651,9.20076e-17
7949.4639,8.73099e-17
7950.6621,9.30269e-17
7951.8608,8.82078e-17
7953.0591,9.13655e-17
7954.2578,8.94678e-17
7955.4561,9.19391e-17
7956.6548,9.35345e-17
7957.8535,9.47374e-17
7959.0518,9.16801e-17
7960.2505,9.28445e-17
7961.4492,9.25351e-17
7962.6475,9.20469e-17
7963.8462,9.2188e-17
7965.0449,9.25216e-17
7966.2432,9.33651e-17
7967.4419,8.93628e-17
7968.6406,9.40474e-17
7969.8394,8.94701e-17
7971.0381,8.93767e-17
7972.2368,9.1551e-17
7973.4351,9.1297e-17
7974.6338,8.78054e-17
7975.8325,9.56691e-17
7977.0312,9.11401e-17
7978.23,9.68295e-17
7979.4287,9.27149e-17
7980.6274,8.96632e-17
7981.8262,9.33541e-17
7983.0249,8.9111e-17
7984.2241,8.78058e-17
7985.4229,8.96621e-17
7986.6216,8.9501e-17
7987.8203,8.96701e-17
7989.019,8.94616e-17
7990.2178,9.39582e-17
7991.4165,9.3757e-17
7992.6157,9.55194e-17
7993.8145,9.37053e-17
7995.0132,9.09016e-17
7996.2119,9.73698e-17
7997.4111,9.36479e-17
7998.6099,9.90505e-17
7999.8086,9.85548e-17
8001.0078,9.89049e-17
8002.2065,9.61846e-17
8003.4053,9.6526e-17
8004.6045,9.84595e-17
8005.8032,9.85081e-17
8007.0024,9.46637e-17
8008.2012,9.68579e-17
8009.4004,9.76083e-17
8010.5991,9.62124e-17
8011.7983,9.24477e-17
8012.9971,8.92795e-17
8014.1963,8.90942e-17
8015.395,8.80185e-17
8016.5942,9.13168e-17
8017.7935,9.39234e-17
8018.9922,9.44329e-17
8020.1914,9.72246e-17
8021.3906,9.69169e-17
8022.5894,1.01932e-16
8023.7886,1.02543e-16
8024.9878,1.00022e-16
8026.187,1.00313e-16
8027.3857,1.00247e-16
8028.585,9.88413e-17
8029.7842,9.78864e-17
8030.9834,1.00718e-16
8032.1826,9.54402e-17
8033.3813,9.57633e-17
8034.5806,9.19681e-17
8035.7798,9.27615e-17
8036.979,9.28217e-17
8038.1782,9.6583e-17
8039.3774,9.7137e-17
8040.5767,9.87281e-17
8041.7759,1.00012e-16
8042.9751,1.02978e-16
8044.1743,1.03922e-16
8045.3735,1.03401e-16
8046.5728,1.02744e-16
8047.772,1.05149e-16
8048.9712,1.01201e-16
8050.1704,1.02074e-16
8051.3696,1.09838e-16
8052.5693,1.04955e-16
8053.7686,1.04952e-16
8054.9678,1.04284e-16
8056.167,1.03125e-16
8057.3662,9.87298e-17
8058.5654,1.01145e-16
8059.7651,9.98899e-17
8060.9644,1.00228e-16
8062.1636,9.99427e-17
8063.3628,1.03963e-16
8064.5625,1.01264e-16
8065.7617,9.98116e-17
8066.9609,1.03113e-16
8068.1606,1.04902e-16
8069.3599,1.04232e-16
8070.5596,1.05478e-16
8071.7588,1.0317e-16
8072.958,1.04788e-16
8074.1577,1.09464e-16
8075.3569,1.0801e-16
8076.5566,1.07858e-16
8077.7559,1.05528e-16
8078.9556,1.06004e-16
8080.1548,1.01271e-16
8081.3545,1.04127e-16
8082.5537,1.01602e-16
8083.7534,1.03487e-16
8084.9531,1.05256e-16
8086.1523,1.06675e-16
8087.3521,1.07132e-16
8088.5513,1.03449e-16
8089.751,1.08053e-16
8090.9507,1.07473e-16
8092.1499,1.07544e-16
8093.3496,1.09232e-16
8094.5493,1.05065e-16
8095.749,1.08761e-16
8096.9482,1.10185e-16
8098.1479,1.11266e-16
8099.3477,1.10798e-16
8100.5474,1.06645e-16
8101.7466,1.10223e-16
8102.9463,1.08377e-16
8104.146,1.06888e-16
8105.3457,1.07036e-16
8106.5454,1.0804e-16
8107.7451,1.12308e-16
8108.9448,1.10405e-16
8110.1445,1.10556e-16
8111.3442,1.1334e-16
8112.5435,1.14723e-16
8113.7432,1.16444e-16
8114.9429,1.16269e-16
8116.1426,1.17127e-16
8117.3423,1.14519e-16
8118.542,1.14196e-16
8119.7422,1.17144e-16
8120.9419,1.19436e-16
8122.1416,1.18632e-16
8123.3413,1.1704e-16
8124.541,1.20496e-16
8125.7407,1.17454e-16
8126.9404,1.18752e-16
8128.1401,1.21215e-16
8129.3398,1.19155e-16
8130.54,1.1971e-16
8131.7397,1.19249e-16
8132.9395,1.17935e-16
8134.1392,1.20116e-16
8135.3389,1.20452e-16
8136.5391,1.21246e-16
8137.7388,1.22244e-16
8138.9385,1.2127e-16
8140.1382,1.23245e-16
8141.3384,1.21485e-16
8142.5381,1.25398e-16
8143.7378,1.24473e-16
8144.938,1.26711e-16
8146.1377,1.27026e-16
8147.3374,1.24791e-16
8148.5376,1.20911e-16
8149.7373,1.1999e-16
8150.9375,1.22956e-16
8152.1372,1.22126e-16
8153.3374,1.21136e-16
8154.5371,1.27945e-16
8155.7368,1.25998e-16
8156.937,1.27596e-16
8158.1367,1.23431e-16
8159.3369,1.22805e-16
8160.5366,1.23989e-16
8161.7368,1.29185e-16
8162.937,1.30896e-16
8164.1367,1.31357e-16
8165.3369,1.25309e-16
8166.5366,1.28595e-16
8167.7368,1.27575e-16
8168.9365,1.25222e-16
8170.1367,1.21094e-16
8171.3369,1.21254e-16
8172.5366,1.19443e-16
8173.7368,1.17383e-16
8174.937,1.20443e-16
8176.1367,1.2386e-16
8177.3369,1.34164e-16
8178.5371,1.30349e-16
8179.7373,1.29292e-16
8180.937,1.24288e-16
8182.1372,1.21426e-16
8183.3374,1.20697e-16
8184.5376,1.14798e-16
8185.7373,1.14292e-16
8186.9375,1.13395e-16
8188.1377,1.09482e-16
8189.3379,1.05227e-16
8190.5381,1.02177e-16
8191.7378,1.00379e-16
8192.9385,1.00401e-16
8194.1387,1.00351e-16
8195.3389,9.76675e-17
8196.5391,1.01603e-16
8197.7393,1.01036e-16
8198.9385,1.00751e-16
8200.1387,1.02457e-16
8201.3389,1.07804e-16
8202.5391,1.09e-16
8203.7393,1.08606e-16
8204.9395,1.1008e-16
8206.1396,1.06343e-16
8207.3398,1.08051e-16
8208.54,1.09037e-16
8209.7402,1.09626e-16
8210.9404,1.09366e-16
8212.1406,1.11497e-16
8213.3408,1.12037e-16
8214.541,1.12008e-16
8215.7422,1.1538e-16
8216.9424,1.14379e-16
8218.1426,1.11719e-16
8219.3428,1.12716e-16
8220.543,1.14921e-16
8221.7432,1.13376e-16
8222.9434,1.12038e-16
8224.1436,1.0631e-16
8225.3438,1.05319e-16
8226.5439,9.93722e-17
8227.7441,9.92869e-17
8228.9443,9.65249e-17
8230.1445,1.00529e-16
8231.3457,1.01779e-16
8232.5459,1.05915e-16
8233.7461,1.07704e-16
8234.9463,1.12108e-16
8236.1465,1.10973e-16
8237.3467,1.12741e-16
8238.5469,1.09718e-16
8239.748,1.09192e-16
8240.9482,1.07374e-16
8242.1484,1.05177e-16
8243.3486,1.07022e-16
8244.5488,1.09565e-16
8245.749,1.10125e-16
8246.9502,1.13948e-16
8248.1504,1.15197e-16
8249.3506,1.1467e-16
8250.5508,1.1804e-16
8251.751,1.15145e-16
8252.9521,1.13738e-16
8254.1523,1.16926e-16
8255.3525,1.10437e-16
8256.5527,1.12073e-16
8257.7529,1.10834e-16
8258.9541,1.0799e-16
8260.1543,1.07604e-16
8261.3545,1.08093e-16
8262.5547,1.07856e-16
8263.7559,1.09141e-16
8264.9561,1.09663e-16
8266.1562,1.11153e-16
8267.3564,1.13436e-16
8268.5576,1.12187e-16
8269.7578,1.1164e-16
8270.958,1.09992e-16
8272.1592,1.07684e-16
8273.3594,1.08553e-16
8274.5596,1.07423e-16
8275.7598,1.03748e-16
8276.9609,1.0793e-16
8278.1611,1.06863e-16
8279.3613,1.01569e-16
8280.5625,1.02983e-16
8281.7627,1.07891e-16
8282.9629,1.05762e-16
8284.1641,1.05702e-16
8285.3643,1.04889e-16
8286.5645,1.0305e-16
8287.7656,1.02604e-16
8288.9658,1.03732e-16
8290.166,1.02067e-16
8291.3672,9.93379e-17
8292.5674,9.94055e-17
8293.7686,9.64318e-17
8294.9688,9.64591e-17
8296.1689,9.75996e-17
8297.3701,9.40267e-17
8298.5703,9.98523e-17
8299.7705,1.04109e-16
8300.9717,1.01704e-16
8302.1719,1.02165e-16
8303.373,1.04977e-16
8304.5732,1.07155e-16
8305.7734,1.0485e-16
8306.9746,1.12798e-16
8308.1748,1.11805e-16
8309.376,1.10388e-16
8310.5762,1.06994e-16
8311.7764,1.04125e-16
8312.9775,1.04624e-16
8314.1777,1.04075e-16
8315.3789,1.00479e-16
8316.5791,9.83859e-17
8317.7803,1.00346e-16
8318.9805,1.00155e-16
8320.1816,1.00456e-16
8321.3818,1.02949e-16
8322.582,1.04733e-16
8323.7832,1.0501e-16
8324.9834,1.06375e-16
8326.1846,1.08797e-16
8327.3848,1.05917e-16
8328.5859,1.05857e-16
8329.7861,1.0589e-16
8330.9873,1.05241e-16
8332.1875,1.03938e-16
8333.3887,1.00318e-16
8334.5889,9.82084e-17
8335.79,1.02422e-16
8336.9902,1.01219e-16
8338.1914,1.01116e-16
8339.3916,1.00796e-16
8340.5928,1.10478e-16
8341.793,1.13859e-16
8342.9941,1.20925e-16
8344.1943,1.18222e-16
8345.3955,1.08795e-16
8346.5957,1.18768e-16
8347.7969,1.25804e-16
8348.998,1.12481e-16
8350.1982,1.0658e-16
8351.3994,1.11187e-16
8352.5996,1.00663e-16
8353.8008,1.07092e-16
8355.001,1.07627e-16
8356.2021,1.08353e-16
8357.4023,1.10174e-16
8358.6035,1.0656e-16
8359.8047,1.08652e-16
8361.0049,1.08293e-16
8362.2061,1.04294e-16
8363.4062,1.04266e-16
8364.6074,1.04089e-16
8365.8076,1.02836e-16
8367.0088,1.01975e-16
8368.21,1.00782e-16
8369.4102,1.01051e-16
8370.6113,1.00504e-16
8371.8115,9.80768e-17
8373.0127,9.79643e-17
8374.2139,9.53415e-17
8375.4141,9.52669e-17
8376.6152,9.63292e-17
8377.8154,9.73872e-17
8379.0166,1.02111e-16
8380.2178,1.07104e-16
8381.418,1.06246e-16
8382.6191,1.07724e-16
8383.8193,1.04366e-16
8385.0205,1.04085e-16
8386.2217,1.06055e-16
8387.4219,1.03746e-16
8388.623,1.06045e-16
8389.8242,1.06827e-16
8391.0244,1.10143e-16
8392.2256,1.10041e-16
8393.4258,1.07385e-16
8394.627,1.11482e-16
8395.8281,1.12798e-16
8397.0283,1.13358e-16
8398.2295,1.13079e-16
8399.4307,1.06084e-16
8400.6309,1.01025e-16
8401.832,1.02154e-16
8403.0332,1.06325e-16
8404.2334,1.06523e-16
8405.4346,1.07126e-16
8406.6357,1.10221e-16
8407.8359,1.04471e-16
8409.0371,1.06019e-16
8410.2383,1.07722e-16
8411.4385,1.02364e-16
8412.6396,9.725e-17
8413.8408,1.05313e-16
8415.041,1.02058e-16
8416.2422,1.01404e-16
8417.4434,1.02716e-16
8418.6436,1.03826e-16
8419.8447,1.00158e-16
8421.0459,9.61509e-17
8422.2471,9.23823e-17
8423.4473,8.78502e-17
8424.6484,9.28319e-17
8425.8496,9.4309e-17
8427.0498,9.56531e-17
8428.251,9.8193e-17
8429.4521,9.89248e-17
8430.6523,9.8906e-17
8431.8535,9.82848e-17
8433.0547,9.7444e-17
8434.2559,9.28817e-17
8435.4561,9.60186e-17
8436.6572,9.61578e-17
8437.8584,9.63846e-17
8439.0586,9.40551e-17
8440.2598,9.3944e-17
8441.4609,9.35257e-17
8442.6611,9.59388e-17
8443.8623,9.55526e-17
8445.0635,9.33909e-17
8446.2646,9.24119e-17
8447.4648,9.46461e-17
8448.666,9.99477e-17
8449.8672,9.9041e-17
8451.0684,9.39276e-17
8452.2686,9.39186e-17
8453.4697,9.42671e-17
8454.6709,8.78316e-17
8455.8721,8.70226e-17
8457.0723,8.62745e-17
8458.2734,8.75593e-17
8459.4746,9.003e-17
8460.6758,9.49359e-17
8461.876,
8463.0771,
8464.2783,
8465.4785,
8466.6797,9.5636e-17
8467.8809,9.09472e-17
8469.082,9.10578e-17
8470.2822,9.44628e-17
8471.4834,9.56818e-17
8472.6846,9.58538e-17
8473.8857,9.68162e-17
8475.0859,9.49382e-17
8476.2871,9.91174e-17
8477.4883,9.48411e-17
8478.6895,9.76578e-17
8479.8896,9.40044e-17
8481.0908,9.00558e-17
8482.292,8.6321e-17
8483.4932,8.00261e-17
8484.6943,7.66319e-17
8485.8945,7.38637e-17
8487.0957,7.35897e-17
8488.2969,7.76433e-17
8489.498,8.19653e-17
8490.6982,8.83112e-17
8491.8994,8.97374e-17
8493.1006,9.47393e-17
8494.3018,9.42664e-17
8495.502,9.47251e-17
8496.7031,9.58618e-17
8497.9043,9.44721e-17
8499.1055,9.30949e-17
8500.3057,9.06867e-17
8501.5068,8.85423e-17
8502.708,8.56219e-17
8503.9092,9.05384e-17
8505.1104,8.82222e-17
8506.3105,9.29267e-17
8507.5117,9.34374e-17
8508.7129,9.32674e-17
8509.9141,9.65231e-17
8511.1143,9.53958e-17
8512.3154,9.07707e-17
8513.5166,9.38993e-17
8514.7178,9.39619e-17
8515.9189,9.3638e-17
8517.1191,9.11328e-17
8518.3203,9.15147e-17
8519.5215,9.24621e-17
8520.7227,9.24525e-17
8521.9229,9.06293e-17
8523.124,8.40002e-17
8524.3252,8.5288e-17
8525.5264,7.5487e-17
8526.7266,6.95622e-17
8527.9277,6.39315e-17
8529.1289,6.11031e-17
8530.3301,6.03539e-17
8531.5312,6.06986e-17
8532.7314,6.69362e-17
8533.9326,7.58583e-17
8535.1338,8.00918e-17
8536.335,8.30289e-17
8537.5352,8.55807e-17
8538.7363,9.39445e-17
8539.9375,9.36555e-17
8541.1387,9.89838e-17
8542.3398,9.61878e-17
8543.54,9.86648e-17
8544.7412,9.69779e-17
8545.9424,9.93789e-17
8547.1436,9.77203e-17
8548.3438,1.01181e-16
8549.5449,9.95886e-17
8550.7461,9.94445e-17
8551.9473,9.93269e-17
8553.1475,9.94061e-17
8554.3486,1.00263e-16
8555.5498,9.96024e-17
8556.751,1.03525e-16
8557.9521,1.02611e-16
8559.1523,1.02854e-16
8560.3535,1.01317e-16
8561.5547,1.0319e-16
8562.7559,1.02025e-16
8563.9561,1.02256e-16
8565.1572,9.98385e-17
8566.3584,1.01906e-16
8567.5596,1.02268e-16
8568.7598,1.00905e-16
8569.9609,1.0274e-16
8571.1621,1.00118e-16
8572.3633,1.0115e-16
8573.5635,1.01252e-16
8574.7646,1.03263e-16
8575.9658,1.02371e-16
8577.167,1.03596e-16
8578.3672,1.03442e-16
8579.5684,1.01114e-16
8580.7695,1.00606e-16
8581.9707,1.0106e-16
8583.1709,1.00436e-16
8584.3721,1.05543e-16
8585.5732,1.015e-16
8586.7744,1.06453e-16
8587.9746,1.04849e-16
8589.1758,1.05525e-16
8590.377,1.05262e-16
8591.5781,1.04929e-16
8592.7783,1.07832e-16
8593.9795,1.08844e-16
8595.1807,1.03346e-16
8596.3818,1.03316e-16
8597.582,1.02239e-16
8598.7832,1.00256e-16
8599.9844,1.03943e-16
8601.1855,1.04937e-16
8602.3857,1.02547e-16
8603.5869,1.04635e-16
8604.7881,1.07011e-16
8605.9893,1.04864e-16
8607.1895,
8608.3906,
8609.5918,
8610.792,
8611.9932,1.08862e-16
8613.1943,1.07202e-16
8614.3945,1.13443e-16
8615.5957,1.08387e-16
8616.7969,1.09807e-16
8617.998,1.06911e-16
8619.1982,1.10636e-16
8620.3994,1.13248e-16
8621.6006,1.0837e-16
8622.8018,1.10054e-16
8624.002,1.12851e-16
8625.2031,1.08998e-16
8626.4043,1.08627e-16
8627.6045,1.0764e-16
8628.8057,1.07234e-16
8630.0068,1.10044e-16
8631.207,1.12351e-16
8632.4082,1.09461e-16
8633.6094,1.06771e-16
8634.8096,1.06864e-16
8636.0107,1.0945e-16
8637.2119,1.05327e-16
8638.4131,1.06716e-16
8639.6133,1.04548e-16
8640.8145,1.05002e-16
8642.0156,1.00208e-16
8643.2158,1.01323e-16
8644.417,9.56009e-17
8645.6182,8.99522e-17
8646.8184,8.34126e-17
8648.0195,7.80379e-17
8649.2197,7.18591e-17
8650.4209,7.28044e-17
8651.6221,7.6163e-17
8652.8232,8.2426e-17
8654.0234,8.82751e-17
8655.2246,9.53433e-17
8656.4258,1.04196e-16
8657.626,1.05026e-16
8658.8271,1.04245e-16
8660.0273,1.09991e-16
8661.2285,1.07144e-16
8662.4297,1.03393e-16
8663.6299,1.06203e-16
8664.8311,1.0652e-16
8666.0322,1.04712e-16
8667.2324,1.10438e-16
8668.4336,1.12662e-16
8669.6338,1.10141e-16
8670.835,1.08068e-16
8672.0361,1.09315e-16
8673.2363,1.08706e-16
8674.4375,1.0554e-16
8675.6387,1.03102e-16
8676.8389,1.01132e-16
8678.04,1.05995e-16
8679.2402,1.07171e-16
8680.4414,1.11509e-16
8681.6426,1.14113e-16
8682.8428,1.16168e-16
8684.0439,1.14533e-16
8685.2441,1.17266e-16
8686.4453,1.15537e-16
8687.6465,1.18848e-16
8688.8467,1.15817e-16
8690.0479,1.16234e-16
8691.248,1.15739e-16
8692.4492,1.18349e-16
8693.6494,1.18586e-16
8694.8506,1.19397e-16
8696.0508,1.18535e-16
8697.252,1.17525e-16
8698.4531,1.17939e-16
8699.6533,1.19514e-16
8700.8545,1.18174e-16
8702.0547,1.17732e-16
8703.2559,1.20206e-16
8704.4561,1.18755e-16
8705.6572,1.22604e-16
8706.8574,1.21037e-16
8708.0586,1.21792e-16
8709.2588,1.21883e-16
8710.46,1.21562e-16
8711.6602,1.22802e-16
8712.8613,1.21899e-16
8714.0615,1.22952e-16
8715.2627,1.21256e-16
8716.4639,1.21901e-16
8717.6641,1.23742e-16
8718.8652,1.23031e-16
8720.0654,1.20696e-16
8721.2656,1.23842e-16
8722.4668,1.21706e-16
8723.668,1.19196e-16
8724.8682,1.20145e-16
8726.0684,1.22034e-16
8727.2695,1.20675e-16
8728.4697,1.24307e-16
8729.6709,1.25939e-16
8730.8711,1.24692e-16
8732.0723,1.22615e-16
8733.2725,1.2184e-16
8734.4736,1.23974e-16
8735.6738,1.23567e-16
8736.875,1.22726e-16
8738.0752,1.25274e-16
8739.2764,1.19071e-16
8740.4766,1.26281e-16
8741.6768,1.24849e-16
8742.8779,1.26648e-16
8744.0781,1.22119e-16
8745.2793,1.2579e-16
8746.4795,1.23777e-16
8747.6797,1.28128e-16
8748.8809,1.29513e-16
8750.0811,1.24975e-16
8751.2822,1.22658e-16
8752.4824,1.25704e-16
8753.6826,1.22467e-16
8754.8838,1.23625e-16
8756.084,1.28088e-16
8757.2852,1.22299e-16
8758.4854,1.24203e-16
8759.6855,1.29647e-16
8760.8867,1.253e-16
8762.0869,1.2319e-16
8763.2881,1.28293e-16
8764.4883,1.31322e-16
8765.6885,1.3072e-16
8766.8896,1.34419e-16
8768.0898,1.25237e-16
8769.29,1.30271e-16
8770.4912,1.34169e-16
8771.6914,1.31412e-16
8772.8916,1.28972e-16
8774.0928,1.30681e-16
8775.293,1.34143e-16
8776.4932,1.31904e-16
8777.6934,1.33017e-16
8778.8945,1.32249e-16
8780.0947,1.30223e-16
8781.2949,1.36576e-16
8782.4961,1.27821e-16
8783.6963,1.32159e-16
8784.8965,1.35166e-16
8786.0977,1.36275e-16
8787.2979,1.37214e-16
8788.498,1.36693e-16
8789.6982,1.30611e-16
8790.8994,1.28641e-16
8792.0996,1.24887e-16
8793.2998,1.23627e-16
8794.5,1.28861e-16
8795.7012,1.23613e-16
8796.9014,1.32048e-16
8798.1016,1.32953e-16
8799.3018,1.36271e-16
8800.502,1.39061e-16
8801.7031,1.40574e-16
8802.9033,1.40276e-16
8804.1035,1.40528e-16
8805.3037,1.41029e-16
8806.5049,1.3923e-16
8807.7051,1.33716e-16
8808.9053,1.33222e-16
8810.1055,1.27314e-16
8811.3057,1.31102e-16
8812.5059,1.30612e-16
8813.707,1.29605e-16
8814.9072,1.36789e-16
8816.1074,1.43438e-16
8817.3076,1.43253e-16
8818.5078,1.42695e-16
8819.708,1.45008e-16
8820.9092,1.43156e-16
8822.1094,1.39417e-16
8823.3096,1.34767e-16
8824.5098,1.40865e-16
8825.71,1.28611e-16
8826.9102,1.29348e-16
8828.1104,1.36833e-16
8829.3105,1.49729e-16
8830.5107,1.40416e-16
8831.7119,1.40887e-16
8832.9121,1.37902e-16
8834.1123,1.45695e-16
8835.3125,1.46039e-16
8836.5127,1.47611e-16
8837.7129,1.46623e-16
8838.9131,1.4437e-16
8840.1133,1.44989e-16
8841.3135,1.47582e-16
8842.5137,1.48759e-16
8843.7139,1.43427e-16
8844.9141,1.40567e-16
8846.1143,1.33773e-16
8847.3145,1.27884e-16
8848.5146,1.18794e-16
8849.7148,1.17379e-16
8850.915,1.12948e-16
8852.1152,1.12525e-16
8853.3154,1.14497e-16
8854.5156,1.12801e-16
8855.7158,1.14252e-16
8856.916,1.08907e-16
8858.1162,1.12997e-16
8859.3164,1.11569e-16
8860.5166,1.10251e-16
8861.7168,1.11392e-16
8862.917,1.10259e-16
8864.1172,1.10152e-16
8865.3174,1.14243e-16
8866.5176,1.10051e-16
8867.7178,1.17015e-16
8868.918,1.14187e-16
8870.1182,1.11828e-16
8871.3174,1.12039e-16
8872.5176,1.13236e-16
8873.7178,1.16369e-16
8874.918,1.14964e-16
8876.1182,1.17952e-16
8877.3184,1.18752e-16
8878.5186,1.16532e-16
8879.7188,1.19465e-16
8880.918,1.15779e-16
8882.1182,1.17547e-16
8883.3184,1.20351e-16
8884.5186,1.27432e-16
8885.7188,1.16516e-16
8886.9189,1.21182e-16
8888.1182,1.26968e-16
8889.3184,1.19624e-16
8890.5186,1.24823e-16
8891.7188,1.25406e-16
8892.9189,1.26296e-16
8894.1182,1.22191e-16
8895.3184,1.24309e-16
8896.5186,1.22763e-16
8897.7188,1.22634e-16
8898.9189,1.20142e-16
8900.1182,1.24215e-16
8901.3184,1.24576e-16
8902.5186,1.24462e-16
8903.7188,1.15598e-16
8904.918,1.23857e-16
8906.1182,1.20777e-16
8907.3184,1.20446e-16
8908.5176,1.2072e-16
8909.7178,1.23472e-16
8910.918,1.20331e-16
8912.1172,1.2389e-16
8913.3174,1.26303e-16
8914.5176,1.24639e-16
8915.7178,1.27813e-16
8916.917,1.2947e-16
8918.1172,1.30816e-16
8919.3164,1.26094e-16
8920.5166,1.23304e-16
8921.7168,1.23731e-16
8922.916,1.23992e-16
8924.1162,1.26418e-16
8925.3164,1.21448e-16
8926.5156,1.24949e-16
8927.7158,1.21312e-16
8928.915,1.1932e-16
8930.1152,1.17339e-16
8931.3154,1.15728e-16
8932.5146,1.18418e-16
8933.7148,1.19866e-16
8934.9141,1.19336e-16
8936.1143,1.1764e-16
8937.3135,1.19796e-16
8938.5137,1.19619e-16
8939.7129,1.23428e-16
8940.9131,1.27621e-16
8942.1123,1.19374e-16
8943.3125,1.29527e-16
8944.5117,1.28573e-16
8945.7119,1.21626e-16
8946.9111,1.219e-16
8948.1113,1.25517e-16
8949.3105,1.22612e-16
8950.5107,1.2518e-16
8951.71,1.26956e-16
8952.9102,1.23338e-16
8954.1094,1.28809e-16
8955.3096,1.22758e-16
8956.5088,1.26488e-16
8957.709,1.29849e-16
8958.9082,1.27977e-16
8960.1074,1.26837e-16
8961.3076,1.24968e-16
8962.5068,1.26758e-16
8963.7061,1.24765e-16
8964.9062,1.27787e-16
8966.1055,1.29147e-16
8967.3057,1.28888e-16
8968.5049,1.32125e-16
8969.7041,1.28413e-16
8970.9043,1.34096e-16
8972.1035,1.34303e-16
8973.3027,1.35855e-16
8974.5029,1.29963e-16
8975.7021,1.30598e-16
8976.9014,1.2949e-16
8978.1016,1.28822e-16
8979.3008,1.32291e-16
8980.5,1.32669e-16
8981.6992,1.34394e-16
8982.8994,1.35874e-16
8984.0986,1.32486e-16
8985.2979,1.33177e-16
8986.4971,1.37761e-16
8987.6973,1.34948e-16
8988.8965,1.42253e-16
8990.0957,1.42516e-16
8991.2949,1.43403e-16
8992.4941,1.45612e-16
8993.6943,1.42529e-16
8994.8936,1.37528e-16
8996.0928,1.32276e-16
8997.292,1.32325e-16
8998.4912,1.35438e-16
8999.6904,1.31915e-16
9000.8906,1.34457e-16
9002.0898,1.31757e-16
9003.2891,1.29451e-16
9004.4883,1.31177e-16
9005.6875,1.35779e-16
9006.8867,1.32465e-16
9008.0859,1.32536e-16
9009.2852,1.30634e-16
9010.4844,1.3049e-16
9011.6836,1.31283e-16
9012.8828,1.33216e-16
9014.083,1.35928e-16
9015.2822,1.34166e-16
9016.4814,1.36113e-16
9017.6807,1.36001e-16
9018.8799,1.38007e-16
9020.0791,1.38797e-16
9021.2783,1.35908e-16
9022.4775,1.40861e-16
9023.6768,1.39726e-16
9024.876,1.39677e-16
9026.0752,1.42267e-16
9027.2744,1.42892e-16
9028.4736,1.42209e-16
9029.6719,1.46765e-16
9030.8711,1.42828e-16
9032.0703,1.4162e-16
9033.2695,1.39163e-16
9034.4688,1.4186e-16
9035.668,1.43493e-16
9036.8672,1.4372e-16
9038.0664,1.4571e-16
9039.2656,1.44917e-16
9040.4648,1.44837e-16
9041.6631,1.44901e-16
9042.8623,1.43675e-16
9044.0615,1.46257e-16
9045.2607,1.44387e-16
9046.46,1.45769e-16
9047.6592,1.4457e-16
9048.8574,1.44692e-16
9050.0566,1.46444e-16
9051.2559,1.4511e-16
9052.4551,1.45548e-16
9053.6533,1.45365e-16
9054.8525,1.45699e-16
9056.0518,1.47876e-16
9057.251,1.49713e-16
9058.4492,1.46708e-16
9059.6484,1.45549e-16
9060.8477,1.49026e-16
9062.0469,1.51775e-16
9063.2451,1.52838e-16
9064.4443,1.49627e-16
9065.6436,1.47647e-16
9066.8418,1.51204e-16
9068.041,1.50577e-16
9069.2402,1.53008e-16
9070.4385,1.49089e-16
9071.6377,1.49233e-16
9072.8359,1.46079e-16
9074.0352,1.38576e-16
9075.2344,1.37233e-16
9076.4326,1.34604e-16
9077.6318,1.38297e-16
9078.8301,1.44208e-16
9080.0293,1.48508e-16
9081.2275,1.57742e-16
9082.4268,1.5758e-16
9083.626,1.53347e-16
9084.8242,1.52892e-16
9086.0234,1.52324e-16
9087.2217,1.58012e-16
9088.4209,1.55387e-16
9089.6191,1.54623e-16
9090.8184,1.51639e-16
9092.0166,1.53748e-16
9093.2158,1.49486e-16
9094.4141,1.50086e-16
9095.6123,1.48497e-16
9096.8115,1.48103e-16
9098.0098,1.47845e-16
9099.209,1.56819e-16
9100.4072,1.50112e-16
9101.6055,1.51165e-16
9102.8047,1.48293e-16
9104.0029,1.49648e-16
9105.2021,1.44337e-16
9106.4004,1.45543e-16
9107.5986,1.45757e-16
9108.7979,1.52328e-16
9109.9961,1.54902e-16
9111.1943,1.56185e-16
9112.3936,1.60616e-16
9113.5918,1.55123e-16
9114.79,1.5646e-16
9115.9883,1.56788e-16
9117.1875,1.59668e-16
9118.3857,1.60305e-16
9119.584,1.56578e-16
9120.7822,1.55544e-16
9121.9814,1.55984e-16
9123.1797,1.55402e-16
9124.3779,1.54369e-16
9125.5762,1.52223e-16
9126.7744,1.50076e-16
9127.9736,1.49194e-16
9129.1719,1.51298e-16
9130.3701,1.50229e-16
9131.5684,1.46485e-16
9132.7666,1.48063e-16
9133.9648,1.51651e-16
9135.1631,1.53994e-16
9136.3613,1.57554e-16
9137.5605,1.58171e-16
9138.7588,1.56399e-16
9139.957,1.5643e-16
9141.1553,1.54176e-16
9142.3535,1.52274e-16
9143.5518,1.53017e-16
9144.75,1.58442e-16
9145.9482,1.51735e-16
9147.1465,1.5505e-16
9148.3447,1.52385e-16
9149.543,1.5053e-16
9150.7412,1.54383e-16
9151.9395,1.58345e-16
9153.1377,1.54752e-16
9154.3359,1.564e-16
9155.5342,1.54476e-16
9156.7324,1.49104e-16
9157.9307,1.402e-16
9159.1279,1.47935e-16
9160.3262,1.48089e-16
9161.5244,1.45143e-16
9162.7227,1.46938e-16
9163.9209,1.51004e-16
9165.1191,1.48863e-16
9166.3174,1.56288e-16
9167.5146,1.53426e-16
9168.7129,1.57104e-16
9169.9111,1.57547e-16
9171.1094,1.55517e-16
9172.3076,1.576e-16
9173.5049,1.59528e-16
9174.7031,1.65227e-16
9175.9014,1.5675e-16
9177.0996,1.55758e-16
9178.2969,1.51171e-16
9179.4951,1.50444e-16
9180.6934,1.47317e-16
9181.8916,1.4724e-16
9183.0889,1.4944e-16
9184.2871,1.51156e-16
9185.4854,1.50032e-16
9186.6826,1.48166e-16
9187.8809,1.47273e-16
9189.0791,1.47655e-16
9190.2764,1.45631e-16
9191.4746,1.46297e-16
9192.6719,1.41159e-16
9193.8701,1.36053e-16
9195.0684,1.35321e-16
9196.2656,1.32068e-16
9197.4639,1.29683e-16
9198.6611,1.34651e-16
9199.8594,1.33579e-16
9201.0566,1.39912e-16
9202.2549,1.38369e-16
9203.4521,1.38376e-16
9204.6504,1.34884e-16
9205.8477,1.30962e-16
9207.0459,1.31361e-16
9208.2432,1.3346e-16
9209.4414,1.30024e-16
9210.6387,1.33276e-16
9211.8359,1.30338e-16
9213.0342,1.3313e-16
9214.2314,1.31311e-16
9215.4297,1.25036e-16
9216.627,1.23328e-16
9217.8242,1.23557e-16
9219.0225,1.2532e-16
9220.2197,1.25593e-16
9221.417,1.28232e-16
9222.6152,1.30009e-16
9223.8125,1.28889e-16
9225.0098,1.29037e-16
9226.208,1.28242e-16
9227.4053,1.28604e-16
9228.6025,1.29183e-16
9229.7998,1.28494e-16
9230.998,1.25339e-16
9232.1953,1.26943e-16
9233.3926,1.2614e-16
9234.5898,1.23478e-16
9235.7871,1.24037e-16
9236.9854,1.26524e-16
9238.1826,1.26532e-16
9239.3799,1.28599e-16
9240.5771,1.25473e-16
9241.7744,1.25304e-16
9242.9717,1.24481e-16
9244.1689,1.25834e-16
9245.3662,1.25157e-16
9246.5645,1.27938e-16
9247.7617,1.29439e-16
9248.959,1.26697e-16
9250.1562,1.31961e-16
9251.3535,1.32812e-16
9252.5508,1.34185e-16
9253.748,1.33068e-16
9254.9453,1.36088e-16
9256.1426,1.36333e-16
9257.3398,1.35599e-16
9258.5371,1.35191e-16
9259.7344,1.2801e-16
9260.9316,1.24711e-16
9262.1279,1.27904e-16
9263.3252,1.22836e-16
9264.5225,1.25735e-16
9265.7197,1.23757e-16
9266.917,1.28823e-16
9268.1143,1.3017e-16
9269.3115,1.33369e-16
9270.5088,1.32111e-16
9271.7051,1.30658e-16
9272.9023,1.28239e-16
9274.0996,1.28e-16
9275.2969,1.25782e-16
9276.4941,1.22284e-16
9277.6904,1.24167e-16
9278.8877,1.31096e-16
9280.085,1.2601e-16
9281.2822,1.26134e-16
9282.4785,1.27234e-16
9283.6758,1.26242e-16
9284.873,1.21738e-16
9286.0693,1.234e-16
9287.2666,1.25011e-16
9288.4639,1.24036e-16
9289.6602,1.23529e-16
9290.8574,1.24018e-16
9292.0547,1.28057e-16
9293.251,1.32052e-16
9294.4482,1.27197e-16
9295.6445,1.30066e-16
9296.8418,1.32214e-16
9298.0381,1.32829e-16
9299.2354,1.31034e-16
9300.4316,1.30718e-16
9301.6289,1.26428e-16
9302.8262,1.25448e-16
9304.0225,1.20628e-16
9305.2188,1.24799e-16
9306.416,1.27462e-16
9307.6123,1.21171e-16
9308.8096,1.26721e-16
9310.0059,1.25651e-16
9311.2031,1.30051e-16
9312.3994,1.15694e-16
9313.5957,1.19554e-16
9314.793,1.32299e-16
9315.9893,1.38881e-16
9317.1855,1.31954e-16
9318.3828,1.29379e-16
9319.5791,1.29231e-16
9320.7754,1.24866e-16
9321.9727,1.3522e-16
9323.1689,1.33625e-16
9324.3652,1.41505e-16
9325.5625,1.41225e-16
9326.7588,1.41681e-16
9327.9551,1.3376e-16
9329.1514,1.20645e-16
9330.3477,1.22386e-16
9331.5449,1.23493e-16
9332.7412,1.24318e-16
9333.9375,1.27285e-16
9335.1338,1.29548e-16
9336.3301,1.33737e-16
9337.5264,1.32146e-16
9338.7227,1.31784e-16
9339.9199,1.34235e-16
9341.1162,1.38464e-16
9342.3125,1.40605e-16
9343.5088,1.47807e-16
9344.7051,1.38321e-16
9345.9014,1.29032e-16
9347.0977,1.2117e-16
9348.2939,1.15219e-16
9349.4902,1.13877e-16
9350.6865,1.16665e-16
9351.8828,1.21788e-16
9353.0791,1.38243e-16
9354.2754,1.43155e-16
9355.4717,1.39583e-16
9356.668,1.33374e-16
9357.8633,1.32278e-16
9359.0596,1.26508e-16
9360.2559,1.23779e-16
9361.4521,1.25122e-16
9362.6484,1.24484e-16
9363.8447,1.26685e-16
9365.04,1.34147e-16
9366.2363,1.35373e-16
9367.4326,1.3358e-16
9368.6289,1.32392e-16
9369.8252,1.32081e-16
9371.0205,1.34779e-16
9372.2168,1.29257e-16
9373.4131,1.35729e-16
9374.6094,1.20926e-16
9375.8047,1.26309e-16
9377.001,1.20933e-16
9378.1973,1.45423e-16
9379.3926,1.26633e-16
9380.5889,1.2357e-16
9381.7842,1.37388e-16
9382.9805,1.30496e-16
9384.1768,1.20643e-16
9385.3721,1.23818e-16
9386.5684,1.2934e-16
9387.7637,1.32365e-16
9388.96,1.29834e-16
9390.1553,1.20453e-16
9391.3516,1.19947e-16
9392.5469,1.22428e-16
9393.7432,1.21478e-16
9394.9385,1.21135e-16
9396.1348,1.24663e-16
9397.3301,1.22122e-16
9398.5264,1.2043e-16
9399.7217,1.21353e-16
9400.917,1.21657e-16
9402.1133,1.21228e-16
9403.3086,1.25615e-16
9404.5049,1.2384e-16
9405.7002,1.21517e-16
9406.8955,1.23333e-16
9408.0908,1.28465e-16
9409.2871,1.32314e-16
9410.4824,1.34732e-16
9411.6777,1.37832e-16
9412.874,1.27385e-16
9414.0693,1.30467e-16
9415.2646,1.25054e-16
9416.46,1.27277e-16
9417.6562,1.34015e-16
9418.8516,1.27623e-16
9420.0469,1.22548e-16
9421.2422,1.2802e-16
9422.4375,1.24942e-16
9423.6328,1.22763e-16
9424.8281,1.2517e-16
9426.0234,1.33626e-16
9427.2197,1.44684e-16
9428.415,1.52056e-16
9429.6104,1.36327e-16
9430.8057,1.3515e-16
9432.001,1.26071e-16
9433.1963,1.22097e-16
9434.3916,1.21578e-16
9435.5869,1.24728e-16
9436.7822,1.41317e-16
9437.9775,1.5709e-16
9439.1729,1.52808e-16
9440.3682,1.52593e-16
9441.5625,1.65706e-16
9442.7578,1.55002e-16
9443.9531,1.2758e-16
9445.1484,1.31867e-16
9446.3438,1.35205e-16
9447.5391,1.32365e-16
9448.7344,1.30569e-16
9449.9287,1.30988e-16
9451.124,1.34636e-16
9452.3193,1.33051e-16
9453.5146,1.34894e-16
9454.709,1.44026e-16
9455.9043,1.4725e-16
9457.0996,1.47936e-16
9458.2939,1.4065e-16
9459.4893,1.48598e-16
9460.6846,1.49156e-16
9461.8799,1.42087e-16
9463.0742,1.36666e-16
9464.2695,1.32102e-16
9465.4639,1.35213e-16
9466.6592,1.37586e-16
9467.8545,1.40903e-16
9469.0488,1.43475e-16
9470.2441,1.41861e-16
9471.4385,1.35714e-16
9472.6338,1.29963e-16
9473.8281,1.40223e-16
9475.0234,1.53939e-16
9476.2178,1.4167e-16
9477.4131,1.49109e-16
9478.6074,1.45809e-16
9479.8018,1.54016e-16
9480.9971,1.47144e-16
9482.1914,1.5388e-16
9483.3867,1.50215e-16
9484.5811,1.45213e-16
9485.7754,1.41106e-16
9486.9707,1.4214e-16
9488.165,1.4121e-16
9489.3594,1.35317e-16
9490.5547,1.42208e-16
9491.749,1.42524e-16
9492.9434,1.49892e-16
9494.1377,1.56201e-16
9495.333,1.53917e-16
9496.5273,1.54395e-16
9497.7217,1.56532e-16
9498.916,1.51054e-16
9500.1104,1.69135e-16
9501.3057,1.6462e-16
9502.5,1.52593e-16
9503.6943,1.46232e-16
9504.8887,1.41429e-16
9506.083,1.42817e-16
9507.2773,1.39861e-16
9508.4717,1.40617e-16
9509.666,1.4283e-16
9510.8604,1.44478e-16
9512.0547,1.46644e-16
9513.249,1.48043e-16
9514.4434,1.45119e-16
9515.6377,1.52201e-16
9516.832,1.67589e-16
9518.0264,1.66351e-16
9519.2207,1.5665e-16
9520.415,1.51058e-16
9521.6094,1.5675e-16
9522.8037,1.52979e-16
9523.9971,1.46336e-16
9525.1914,1.5479e-16
9526.3857,1.52015e-16
9527.5801,1.53466e-16
9528.7744,1.50704e-16
9529.9678,1.40261e-16
9531.1621,1.32572e-16
9532.3564,1.38078e-16
9533.5508,1.33556e-16
9534.7441,1.40384e-16
9535.9385,1.51874e-16
9537.1328,1.50229e-16
9538.3262,1.50616e-16
9539.5205,1.45842e-16
9540.7148,1.53595e-16
9541.9082,1.52469e-16
9543.1025,1.58533e-16
9544.2969,1.65645e-16
9545.4902,1.64129e-16
9546.6846,1.58607e-16
9547.8779,1.53553e-16
9549.0723,1.51934e-16
9550.2656,1.51247e-16
9551.46,1.50539e-16
9552.6533,1.5948e-16
9553.8477,1.70249e-16
9555.041,1.60752e-16
9556.2344,1.52594e-16
9557.4287,1.5589e-16
9558.6221,1.46209e-16
9559.8164,1.44719e-16
9561.0098,1.47426e-16
9562.2031,1.51863e-16
9563.3975,1.52637e-16
9564.5908,1.4624e-16
9565.7842,1.78088e-16
9566.9775,1.54886e-16
9568.1719,1.58808e-16
9569.3652,1.56313e-16
9570.5586,1.58613e-16
9571.752,1.46849e-16
9572.9463,1.46922e-16
9574.1396,1.4408e-16
9575.333,1.4506e-16
9576.5264,1.51576e-16
9577.7197,1.54698e-16
9578.9131,1.52943e-16
9580.1064,1.58945e-16
9581.3008,1.61229e-16
9582.4941,1.53858e-16
9583.6875,1.50168e-16
9584.8809,1.4734e-16
9586.0742,1.46025e-16
9587.2676,1.46854e-16
9588.4609,1.54054e-16
9589.6543,1.59603e-16
9590.8477,1.63822e-16
9592.04,1.60421e-16
9593.2334,1.55869e-16
9594.4268,1.54855e-16
9595.6201,1.52093e-16
9596.8135,1.55026e-16
9598.0068,1.60562e-16
9599.2002,1.59844e-16
9600.3926,1.56677e-16
9601.5859,1.55701e-16
9602.7793,1.53012e-16
9603.9727,1.62623e-16
9605.165,1.66156e-16
9606.3584,1.60898e-16
9607.5518,1.63037e-16
9608.7451,1.55988e-16
9609.9375,1.54415e-16
9611.1309,1.56521e-16
9612.3242,1.49873e-16
9613.5166,1.57259e-16
9614.71,1.5961e-16
9615.9023,1.61579e-16
9617.0957,1.61396e-16
9618.2891,1.57887e-16
9619.4814,1.58791e-16
9620.6748,1.55035e-16
9621.8672,1.53752e-16
9623.0605,1.46178e-16
9624.2529,1.41794e-16
9625.4453,1.42757e-16
9626.6387,1.42501e-16
9627.8311,1.51681e-16
9629.0244,1.58271e-16
9630.2168,1.56786e-16
9631.4102,1.46891e-16
9632.6025,1.44897e-16
9633.7949,1.4537e-16
9634.9883,1.45255e-16
9636.1807,1.50526e-16
9637.373,1.54146e-16
9638.5654,1.52151e-16
9639.7588,1.44189e-16
9640.9512,1.50214e-16
9642.1436,1.44871e-16
9643.3359,1.52364e-16
9644.5283,1.53336e-16
9645.7217,1.55147e-16
9646.9141,1.55063e-16
9648.1064,1.54083e-16
9649.2988,1.54905e-16
9650.4912,1.53386e-16
9651.6836,1.48697e-16
9652.876,1.4585e-16
9654.0684,1.47968e-16
9655.2607,1.52572e-16
9656.4531,1.4977e-16
9657.6455,1.42463e-16
9658.8379,1.46742e-16
9660.0303,1.44684e-16
9661.2227,1.47305e-16
9662.415,1.491e-16
9663.6074,1.50065e-16
9664.7998,1.5224e-16
9665.9922,1.55987e-16
9667.1846,1.54672e-16
9668.376,1.62717e-16
9669.5684,1.56485e-16
9670.7607,1.6014e-16
9671.9531,1.55758e-16
9673.1445,1.48195e-16
9674.3369,1.41698e-16
9675.5293,1.41986e-16
9676.7217,1.46003e-16
9677.9131,1.43862e-16
9679.1055,1.53552e-16
9680.2979,1.55363e-16
9681.4893,1.62768e-16
9682.6816,1.59703e-16
9683.874,1.56227e-16
9685.0654,1.58512e-16
9686.2578,1.58939e-16
9687.4492,1.55686e-16
9688.6416,1.58881e-16
9689.833,1.53854e-16
9691.0254,1.45617e-16
9692.2168,1.45224e-16
9693.4092,1.4762e-16
9694.6006,1.50752e-16
9695.793,1.62145e-16
9696.9844,1.60655e-16
9698.1758,1.66882e-16
9699.3682,1.64782e-16
9700.5596,1.63523e-16
9701.751,1.57879e-16
9702.9434,1.53264e-16
9704.1348,1.54381e-16
9705.3262,1.53336e-16
9706.5186,1.5482e-16
9707.71,1.5696e-16
9708.9014,1.62089e-16
9710.0928,1.63502e-16
9711.2842,1.57909e-16
9712.4766,1.51601e-16
9713.668,1.41428e-16
9714.8594,1.38264e-16
9716.0508,1.4159e-16
9717.2422,1.42017e-16
9718.4336,1.41392e-16
9719.625,1.4747e-16
9720.8164,1.51155e-16
9722.0078,1.45424e-16
9723.1992,1.46118e-16
9724.3906,1.39945e-16
9725.582,1.43882e-16
9726.7734,1.44159e-16
9727.9648,1.44072e-16
9729.1562,1.43939e-16
9730.3477,1.40674e-16
9731.5391,1.37406e-16
9732.7305,1.37429e-16
9733.9209,1.38908e-16
9735.1123,1.38527e-16
9736.3037,1.44277e-16
9737.4951,1.39443e-16
9738.6865,1.43505e-16
9739.877,1.41459e-16
9741.0684,1.44212e-16
9742.2598,1.42093e-16
9743.4502,1.50351e-16
9744.6416,1.51012e-16
9745.833,1.48299e-16
9747.0234,1.50656e-16
9748.2148,1.52797e-16
9749.4062,1.48885e-16
9750.5967,1.45759e-16
9751.7881,1.46852e-16
9752.9785,1.50701e-16
9754.1699,1.45591e-16
9755.3604,1.41122e-16
9756.5518,1.37707e-16
9757.7422,1.40644e-16
9758.9336,1.45263e-16
9760.124,1.49308e-16
9761.3154,1.53042e-16
9762.5059,1.51278e-16
9763.6963,1.53399e-16
9764.8877,1.53374e-16
9766.0781,1.47914e-16
9767.2686,1.46412e-16
9768.46,1.43676e-16
9769.6504,1.43345e-16
9770.8408,1.41703e-16
9772.0312,1.40784e-16
9773.2227,1.47711e-16
9774.4131,1.48812e-16
9775.6035,1.48508e-16
9776.7939,1.48131e-16
9777.9844,1.53899e-16
9779.1758,1.58555e-16
9780.3662,1.57364e-16
9781.5566,1.56464e-16
9782.7471,1.58265e-16
9783.9375,1.56212e-16
9785.1279,1.57917e-16
9786.3184,1.65217e-16
9787.5088,1.66732e-16
9788.6992,1.7588e-16
9789.8896,1.59397e-16
9791.0801,1.66369e-16
9792.2705,1.47127e-16
9793.4609,1.58093e-16
9794.6504,1.4648e-16
9795.8408,1.59235e-16
9797.0312,1.5905e-16
9798.2217,1.55924e-16
9799.4121,1.53832e-16
9800.6025,1.4095e-16
9801.792,1.45138e-16
9802.9824,1.42679e-16
9804.1729,1.45436e-16
9805.3633,1.52404e-16
9806.5527,1.54268e-16
9807.7432,1.5499e-16
9808.9326,1.57452e-16
9810.123,1.5376e-16
9811.3135,1.55372e-16
9812.5029,1.5635e-16
9813.6934,1.54807e-16
9814.8828,1.49861e-16
9816.0732,1.46719e-16
9817.2637,1.49424e-16
9818.4531,1.4691e-16
9819.6436,1.49078e-16
9820.833,1.51004e-16
9822.0225,1.49687e-16
9823.2129,1.51821e-16
9824.4023,1.49192e-16
9825.5928,1.56197e-16
9826.7822,1.53445e-16
9827.9717,1.51035e-16
9829.1621,1.55352e-16
9830.3516,1.5556e-16
9831.541,1.5629e-16
9832.7314,1.51364e-16
9833.9209,1.57606e-16
9835.1104,1.58846e-16
9836.2998,1.54935e-16
9837.4893,1.56971e-16
9838.6797,1.60079e-16
9839.8691,1.60112e-16
9841.0586,1.59419e-16
9842.248,1.62959e-16
9843.4375,1.57483e-16
9844.627,1.61828e-16
9845.8164,1.63199e-16
9847.0059,1.51484e-16
9848.1953,1.55484e-16
9849.3848,1.5597e-16
9850.5742,1.63716e-16
9851.7637,1.60935e-16
9852.9531,1.63143e-16
9854.1426,1.64972e-16
9855.332,1.609e-16
9856.5215,1.62274e-16
9857.7109,1.59352e-16
9858.8994,1.60723e-16
9860.0889,1.62907e-16
9861.2783,1.66349e-16
9862.4678,1.62985e-16
9863.6562,1.62921e-16
9864.8457,1.65263e-16
9866.0352,1.59811e-16
9867.2246,1.65536e-16
9868.4131,1.61548e-16
9869.6025,1.74905e-16
9870.792,1.66606e-16
9871.9805,1.62232e-16
9873.1699,1.65954e-16
9874.3584,1.66033e-16
9875.5479,1.59844e-16
9876.7363,1.63624e-16
9877.9258,1.65605e-16
9879.1143,1.65624e-16
9880.3037,1.67603e-16
9881.4922,1.65228e-16
9882.6816,1.63839e-16
9883.8701,1.57491e-16
9885.0596,1.55514e-16
9886.248,1.55112e-16
9887.4365,1.54809e-16
9888.626,1.50447e-16
9889.8145,1.50039e-16
9891.0029,1.57672e-16
9892.1924,1.54215e-16
9893.3809,1.58636e-16
9894.5693,1.60444e-16
9895.7578,1.62247e-16
9896.9463,1.60038e-16
9898.1357,1.54394e-16
9899.3242,1.53618e-16
9900.5127,1.54582e-16
9901.7012,1.56606e-16
9902.8896,1.54902e-16
9904.0781,1.58477e-16
9905.2666,1.59656e-16
9906.4551,1.58816e-16
9907.6436,1.57776e-16
9908.832,1.56899e-16
9910.0205,1.54398e-16
9911.209,1.60757e-16
9912.3975,1.6558e-16
9913.5859,1.54299e-16
9914.7744,1.60311e-16
9915.9629,1.69389e-16
9917.1514,1.67028e-16
9918.3389,1.49009e-16
9919.5273,1.57631e-16
9920.7158,1.60813e-16
9921.9043,1.61971e-16
9923.0928,1.6405e-16
9924.2803,1.6761e-16
9925.4688,1.6158e-16
9926.6572,1.58923e-16
9927.8447,1.59122e-16
9929.0332,1.63684e-16
9930.2217,1.62608e-16
9931.4092,1.6191e-16
9932.5977,1.59048e-16
9933.7852,1.62008e-16
9934.9736,1.62931e-16
9936.1611,1.6347e-16
9937.3496,1.67074e-16
9938.5371,1.71627e-16
9939.7256,1.75428e-16
9940.9131,1.67612e-16
9942.1016,1.75389e-16
9943.2891,1.79021e-16
9944.4766,1.6765e-16
9945.665,1.64671e-16
9946.8525,1.73555e-16
9948.04,1.64028e-16
9949.2285,1.62288e-16
9950.416,1.57523e-16
9951.6035,1.59086e-16
9952.791,1.67585e-16
9953.9795,1.77403e-16
9955.167,1.73397e-16
9956.3545,1.70393e-16
9957.542,1.71213e-16
9958.7295,1.6666e-16
9959.918,1.65191e-16
9961.1055,1.7479e-16
9962.293,1.75292e-16
9963.4805,1.66269e-16
9964.668,1.63553e-16
9965.8555,1.72768e-16
9967.043,1.70063e-16
9968.2305,1.72152e-16
9969.418,1.72474e-16
9970.6055,1.66761e-16
9971.792,1.669e-16
9972.9795,1.69785e-16
9974.167,1.65885e-16
9975.3545,1.65558e-16
9976.542,1.70396e-16
9977.7295,1.68875e-16
9978.916,1.66286e-16
9980.1035,1.69389e-16
9981.291,1.68464e-16
9982.4775,1.60898e-16
9983.665,1.63541e-16
9984.8525,1.60624e-16
9986.04,1.58333e-16
9987.2266,1.61578e-16
9988.4141,1.62577e-16
9989.6006,1.61931e-16
9990.7881,1.63134e-16
9991.9746,1.61224e-16
9993.1621,1.68876e-16
9994.3486,1.62076e-16
9995.5361,1.63314e-16
9996.7227,1.67284e-16
9997.9102,1.70311e-16
9999.0967,1.68281e-16
10000.284,1.69344e-16
10001.471,1.69084e-16
10002.658,1.70968e-16
10003.844,1.71447e-16
10005.031,1.73021e-16
10006.218,1.70562e-16
10007.405,1.66361e-16
10008.592,1.68667e-16
10009.778,1.84251e-16
10010.965,1.69195e-16
10012.152,1.639e-16
10013.338,1.62728e-16
10014.525,1.74295e-16
10015.712,1.59591e-16
10016.898,1.47143e-16
10018.085,1.48976e-16
10019.271,1.49165e-16
10020.458,1.48205e-16
10021.645,1.50789e-16
10022.831,1.52917e-16
10024.018,1.51542e-16
10025.204,1.52845e-16
10026.39,1.68056e-16
10027.577,1.65843e-16
10028.763,1.57855e-16
10029.95,1.67204e-16
10031.136,1.62421e-16
10032.322,1.56569e-16
10033.509,1.56383e-16
10034.695,1.57846e-16
10035.881,1.59304e-16
10037.067,1.60808e-16
10038.254,1.63679e-16
10039.44,1.59516e-16
10040.626,1.64089e-16
10041.812,1.54075e-16
10042.998,1.47337e-16
10044.185,1.50532e-16
10045.371,1.54913e-16
10046.557,1.50427e-16
10047.743,1.53638e-16
10048.929,1.57126e-16
10050.115,1.61853e-16
10051.301,1.61921e-16
10052.487,1.65598e-16
10053.673,1.61645e-16
10054.859,1.6396e-16
10056.045,1.60927e-16
10057.231,1.69005e-16
10058.417,1.68678e-16
10059.602,1.65892e-16
10060.788,1.67691e-16
10061.974,1.62036e-16
10063.16,1.66632e-16
10064.346,1.57003e-16
10065.531,1.66591e-16
10066.717,1.6544e-16
10067.903,1.63194e-16
10069.088,1.61659e-16
10070.274,1.64395e-16
10071.46,1.66068e-16
10072.645,1.65678e-16
10073.831,1.64611e-16
10075.017,1.68565e-16
10076.202,1.641e-16
10077.388,1.65162e-16
10078.573,1.68072e-16
10079.759,1.73869e-16
10080.944,1.77658e-16
10082.13,1.7436e-16
10083.315,1.74849e-16
10084.5,1.79218e-16
10085.686,1.67604e-16
10086.871,1.71276e-16
10088.056,1.73399e-16
10089.242,1.68205e-16
10090.427,1.68856e-16
10091.612,1.70707e-16
10092.798,1.73749e-16
10093.983,1.73405e-16
10095.168,1.71024e-16
10096.353,1.73567e-16
10097.538,1.7334e-16
10098.724,1.67716e-16
10099.909,1.76119e-16
10101.094,1.68667e-16
10102.279,1.76418e-16
10103.464,1.69892e-16
10104.649,1.7451e-16
10105.834,1.69944e-16
10107.019,1.66676e-16
10108.204,1.66359e-16
10109.389,1.6474e-16
10110.574,1.73279e-16
10111.759,1.73338e-16
10112.944,1.74513e-16
10114.129,1.74478e-16
10115.313,1.76554e-16
10116.498,1.78074e-16
10117.683,1.68829e-16
10118.868,1.70711e-16
10120.053,1.73804e-16
10121.237,1.75409e-16
10122.422,1.69966e-16
10123.607,1.67845e-16
10124.791,1.63438e-16
10125.976,1.55831e-16
10127.161,1.58081e-16
10128.345,1.58652e-16
10129.53,1.61263e-16
10130.714,1.59203e-16
10131.899,1.59463e-16
10133.083,1.58622e-16
10134.268,1.66753e-16
10135.452,1.6661e-16
10136.637,1.67384e-16
10137.821,1.59989e-16
10139.006,1.59498e-16
10140.19,1.63821e-16
10141.374,1.57028e-16
10142.559,1.63559e-16
10143.743,1.63554e-16
10144.927,1.65954e-16
10146.112,1.69634e-16
10147.296,1.67116e-16
10148.48,1.70986e-16
10149.664,1.7333e-16
10150.848,1.68462e-16
10152.033,1.69066e-16
10153.217,1.55505e-16
10154.401,1.61837e-16
10155.585,1.59777e-16
10156.769,1.62601e-16
10157.953,1.6526e-16
10159.137,1.69296e-16
10160.321,1.66801e-16
10161.505,1.68991e-16
10162.689,1.65402e-16
10163.873,1.65117e-16
10165.057,1.69582e-16
10166.241,1.66354e-16
10167.425,1.68867e-16
10168.609,1.80005e-16
10169.792,1.73033e-16
10170.976,1.73919e-16
10172.16,1.72802e-16
10173.344,1.6791e-16
10174.528,1.7125e-16
10175.711,1.58186e-16
10176.895,1.57754e-16
10178.079,1.64822e-16
10179.262,1.65142e-16
10180.446,1.67353e-16
10181.63,1.73602e-16
10182.813,1.72546e-16
10183.997,1.74503e-16
10185.18,1.59591e-16
10186.364,1.76809e-16
10187.547,1.70759e-16
10188.731,1.57777e-16
10189.914,1.64863e-16
10191.098,1.66506e-16
10192.281,1.78414e-16
10193.464,1.63483e-16
10194.648,1.74934e-16
10195.831,1.70309e-16
10197.014,1.7273e-16
10198.198,1.74e-16
10199.381,1.77003e-16
10200.564,1.68933e-16
10201.747,1.83816e-16
10202.931,1.78902e-16
10204.114,1.73181e-16
10205.297,1.75575e-16
10206.48,1.74682e-16
10207.663,1.95161e-16
10208.846,1.95899e-16
10210.029,1.63911e-16
10211.212,1.69255e-16
10212.396,1.83194e-16
10213.579,1.68657e-16
10214.761,1.78172e-16
10215.944,1.76637e-16
10217.127,1.76054e-16
10218.31,1.83836e-16
10219.493,1.76296e-16
10220.676,1.77252e-16
10221.859,1.87347e-16
10223.042,1.83514e-16
10224.225,1.86814e-16
10225.407,1.81078e-16
10226.59,1.75719e-16
10227.773,1.76513e-16
10228.955,1.80876e-16
10230.138,1.73024e-16
10231.321,1.84725e-16
10232.503,1.84303e-16
10233.686,1.81792e-16
10234.869,1.73795e-16
10236.051,1.6766e-16
10237.234,1.74048e-16
10238.416,1.70104e-16
10239.599,1.71208e-16
10240.781,1.76237e-16
10241.964,1.70492e-16
10243.146,1.62104e-16
10244.329,1.68193e-16
10245.511,1.71267e-16
10246.693,1.65114e-16
10247.876,1.64732e-16
10249.058,1.60041e-16
10250.24,1.56978e-16
10251.423,1.6725e-16
10252.605,1.57728e-16
10253.787,1.65569e-16
10254.969,1.56817e-16
10256.151,1.61485e-16
10257.334,1.61347e-16
10258.516,1.57775e-16
10259.698,1.58828e-16
10260.88,1.61935e-16
10262.062,1.57913e-16
10263.244,1.64399e-16
10264.426,1.5691e-16
10265.608,1.54062e-16
10266.79,1.53119e-16
10267.972,1.54463e-16
10269.154,1.58806e-16
10270.336,1.55595e-16
10271.518,1.53637e-16
10272.7,1.55862e-16
10273.882,1.58531e-16
10275.063,1.52543e-16
10276.245,1.56615e-16
10277.427,1.48765e-16
10278.609,1.59078e-16
10279.79,1.6103e-16
10280.972,1.56821e-16
10282.154,1.7258e-16
10283.335,1.5939e-16
