wav,flam
4374.922886320031,8.73719610773224e-18
4375.446526014005,8.746697376116493e-18
4375.9701657079795,8.358466337766636e-18
4376.493805401954,6.6264950372810636e-18
4377.017445095928,7.722740762110242e-18
4377.541084789903,8.022326187575729e-18
4378.064724483877,6.542407516847455e-18
4378.588364177852,7.339004445404133e-18
4379.112003871826,7.778372996615926e-18
4379.635643565801,7.879088823605636e-18
4380.159283259775,8.053356917803797e-18
4380.68292295375,8.775326870231597e-18
4381.206562647724,9.210621672562535e-18
4381.730202341699,9.773099379519283e-18
4382.253842035673,8.805459230112452e-18
4382.777481729648,8.42022583037638e-18
4383.301121423622,9.126959514371471e-18
4383.824761117597,8.577269017368422e-18
4384.348400811571,8.489166465954466e-18
4384.872040505546,9.06415274214919e-18
4385.39568019952,9.124685335580015e-18
4385.9193198934945,9.970551396843238e-18
4386.442959587468,1.0025134711987902e-17
4386.9665992814425,8.417222343603314e-18
4387.490238975417,8.425171075974264e-18
4388.0138786693915,7.965822294304921e-18
4388.537518363366,7.052381938578992e-18
4389.06115805734,8.251611135974029e-18
4389.584797751315,9.100434277130523e-18
4390.108437445289,8.982039858739058e-18
4390.632077139264,9.733338528265975e-18
4391.155716833238,9.151530536844185e-18
4391.679356527213,8.48025603450268e-18
4392.202996221187,8.644028341552836e-18
4392.726635915162,8.123430430241509e-18
4393.250275609136,7.520004738557921e-18
4393.773915303111,8.005849437790542e-18
4394.297554997085,8.56244722543727e-18
4394.82119469106,9.26243341619552e-18
4395.344834385034,1.0216527595272438e-17
4395.868474079009,1.02864644670869e-17
4396.392113772983,9.512516392003986e-18
4396.9157534669575,8.875839268708725e-18
4397.439393160932,8.235656968769497e-18
4397.9630328549065,7.367005791653226e-18
4398.486672548881,7.903639592605733e-18
4399.010312242855,8.571725523086589e-18
4399.53395193683,8.631858310770604e-18
4400.057591630804,9.256944790118127e-18
4400.581231324779,9.048788947747048e-18
4401.104871018753,8.299422826901272e-18
4401.628510712728,8.827377401231437e-18
4402.152150406702,8.897158639237974e-18
4402.675790100677,8.63379922547409e-18
4403.199429794651,9.263854862200622e-18
4403.723069488626,9.394881444393987e-18
4404.2467091826,8.94647906178097e-18
4404.770348876575,9.018825859248294e-18
4405.293988570549,8.921988402367354e-18
4405.817628264524,9.332682871701043e-18
4406.341267958498,8.931465245226126e-18
4406.8649076524725,8.856126099509879e-18
4407.388547346447,9.138342084249877e-18
4407.9121870404215,9.072391648201711e-18
4408.435826734396,7.484414221475193e-18
4408.95946642837,7.69603009429062e-18
4409.483106122345,7.600879930154078e-18
4410.006745816319,7.668730979061008e-18
4410.530385510294,8.035974344343674e-18
4411.054025204268,7.442023314228808e-18
4411.577664898243,7.480377813476869e-18
4412.101304592217,8.997373048894262e-18
4412.624944286192,9.043323406477284e-18
4413.148583980166,9.466672431529541e-18
4413.672223674141,9.755319449664644e-18
4414.195863368115,8.976721506655762e-18
4414.71950306209,7.97297356814444e-18
4415.243142756064,8.89001688531117e-18
4415.766782450039,8.206091403747023e-18
4416.290422144013,8.627528535995301e-18
4416.8140618379875,8.936860191413036e-18
4417.337701531962,8.937693880904845e-18
4417.8613412259365,9.451282172281875e-18
4418.384980919911,9.57884067482375e-18
4418.908620613885,9.894291116843986e-18
4419.43226030786,8.931445573963773e-18
4419.955900001834,1.0037497779116907e-17
4420.479539695809,9.169355499110397e-18
4421.003179389783,7.615290062423451e-18
4421.526819083758,7.864772582424554e-18
4422.050458777732,7.88987499758496e-18
4422.574098471707,8.19569479230267e-18
4423.097738165681,8.676705006460943e-18
4423.621377859656,8.613897413878712e-18
4424.14501755363,8.73260290708508e-18
4424.668657247605,9.836284935147003e-18
4425.192296941579,9.01667192697222e-18
4425.715936635554,8.811748330579632e-18
4426.239576329528,9.438432485308077e-18
4426.7632160235025,9.6054749880337e-18
4427.286855717477,8.8194051137492e-18
4427.8104954114515,8.923776611430812e-18
4428.334135105426,9.153015147819047e-18
4428.8577747994,9.305542695139083e-18
4429.381414493375,1.0094902527458929e-17
4429.905054187349,1.093947798684738e-17
4430.428693881324,1.141914612641882e-17
4430.952333575298,1.1553959936332908e-17
4431.475973269273,1.0979442272772153e-17
4431.999612963247,1.0863759838586386e-17
4432.523252657222,9.63840596603538e-18
4433.046892351196,9.686998566478391e-18
4433.570532045171,9.672555732895691e-18
4434.094171739145,9.296050103759345e-18
4434.61781143312,8.959401032028682e-18
4435.141451127094,8.228503875281555e-18
4435.665090821069,7.813245018271719e-18
4436.188730515043,7.637582907472595e-18
4436.7123702090175,7.800471998583866e-18
4437.236009902992,7.871474886596991e-18
4437.7596495969665,8.65503267419263e-18
4438.283289290941,9.494735439602649e-18
4438.806928984915,9.36873128948677e-18
4439.33056867889,9.524666658316486e-18
4439.854208372864,9.934030007092288e-18
4440.377848066839,1.0195437892755303e-17
4440.901487760813,1.0365067942137298e-17
4441.425127454788,1.022886300381635e-17
4441.948767148762,9.781761518439509e-18
4442.472406842737,9.410680790841368e-18
4442.996046536711,8.68372536195115e-18
4443.519686230686,7.823568702014936e-18
4444.04332592466,7.935185934786373e-18
4444.566965618635,8.435776965389068e-18
4445.090605312609,9.15066012456763e-18
4445.614245006584,9.356997765557318e-18
4446.137884700558,9.200926326549542e-18
4446.6615243945325,9.042187494528635e-18
4447.185164088507,9.134244610624634e-18
4447.7088037824815,8.720266085937591e-18
4448.232443476456,8.43395103814611e-18
4448.75608317043,8.478167199296838e-18
4449.279722864405,8.700109178273028e-18
4449.803362558379,8.776009834123336e-18
4450.327002252354,8.834807701834229e-18
4450.850641946328,8.82807119104818e-18
4451.374281640303,8.69273278446239e-18
4451.897921334277,9.2306777679219e-18
4452.421561028252,9.51549287611284e-18
4452.945200722226,8.978350141710467e-18
4453.468840416201,8.663664320958495e-18
4453.992480110175,8.682105665645348e-18
4454.51611980415,8.916107655045993e-18
4455.039759498124,8.225969399914779e-18
4455.563399192099,8.168413010555611e-18
4456.087038886073,8.68194722135689e-18
4456.6106785800475,8.776773716919512e-18
4457.134318274022,8.824311305105431e-18
4457.6579579679965,9.08439162172552e-18
4458.181597661971,9.293959784681314e-18
4458.705237355945,9.205412217996487e-18
4459.22887704992,9.17264620576493e-18
4459.752516743894,8.487412980089758e-18
4460.276156437869,7.808843435462296e-18
4460.799796131843,8.199343771396423e-18
4461.323435825818,8.257091078872953e-18
4461.847075519792,8.379670679989715e-18
4462.370715213767,9.500914144465513e-18
4462.894354907741,1.0065000102050999e-17
4463.417994601716,1.1384138150239002e-17
4463.94163429569,1.2709623077501604e-17
4464.465273989665,1.2368870674852984e-17
4464.988913683639,1.1710288820433813e-17
4465.512553377614,1.1999168623044625e-17
4466.036193071588,1.2034666474495842e-17
4466.5598327655625,1.216917139317237e-17
4467.083472459537,1.2985802122422886e-17
4467.6071121535115,1.2579011897608638e-17
4468.130751847486,1.2680556162139495e-17
4468.65439154146,1.2780674074292813e-17
4469.178031235435,1.2553969058005683e-17
4469.701670929409,1.2313719509258802e-17
4470.225310623384,1.2275610473972426e-17
4470.748950317358,1.0985923096708476e-17
4471.272590011333,1.1185541888699562e-17
4471.796229705307,1.1479537106884827e-17
4472.319869399282,1.0791287223450964e-17
4472.843509093256,1.0109293611383505e-17
4473.367148787231,1.1004712952019882e-17
4473.890788481205,1.1626127696933442e-17
4474.41442817518,1.1042355443499514e-17
4474.938067869154,1.1336808014731312e-17
4475.461707563129,1.0774352374925451e-17
4475.985347257103,1.0329991772199387e-17
4476.5089869510775,1.1624219300504262e-17
4477.032626645052,1.2016392777382808e-17
4477.5562663390265,1.1257092571231502e-17
4478.079906033001,1.0781249528882844e-17
4478.603545726975,1.090379016273279e-17
4479.12718542095,1.1900144059256525e-17
4479.650825114924,1.1656998829669073e-17
4480.174464808899,1.110406377180113e-17
4480.698104502873,1.1333549035635432e-17
4481.221744196848,1.0978829775051327e-17
4481.745383890822,9.91894505521012e-18
4482.269023584797,1.036784958073816e-17
4482.792663278771,1.0456757656523508e-17
4483.316302972746,1.0296696093828608e-17
4483.83994266672,1.0552913762666369e-17
4484.363582360695,1.0776036984695534e-17
4484.887222054669,1.0878442232327906e-17
4485.410861748644,1.0658830795670197e-17
4485.934501442618,1.0777898811927993e-17
4486.4581411365925,1.0457461070650092e-17
4486.981780830567,1.0252715412044055e-17
4487.5054205245415,1.0227368889347487e-17
4488.029060218516,1.0341260863752326e-17
4488.55269991249,9.964996845918733e-18
4489.076339606465,1.0024606572406824e-17
4489.599979300439,9.758750869630474e-18
4490.123618994414,9.410048549171531e-18
4490.647258688388,1.0515837392277082e-17
4491.170898382363,1.1308520747400241e-17
4491.694538076337,1.1995320751397834e-17
4492.218177770312,1.2634888909456859e-17
4492.741817464286,1.3301167406924743e-17
4493.265457158261,1.3045739895023009e-17
4493.789096852235,1.2129689707848038e-17
4494.31273654621,1.1914722244122717e-17
4494.836376240184,1.2930502773693612e-17
4495.360015934159,1.3551303243293103e-17
4495.883655628133,1.4972620318907063e-17
4496.4072953221075,1.604233484237448e-17
4496.930935016082,1.596014168019512e-17
4497.4545747100565,1.5585350230393708e-17
4497.978214404031,1.5286861336854278e-17
4498.501854098005,1.4163413268094127e-17
4499.02549379198,1.3732486936287185e-17
4499.549133485954,1.3556502033736687e-17
4500.072773179929,1.2826549589697497e-17
4500.596412873903,1.2315982547780362e-17
4501.120052567878,1.1971191800153034e-17
4501.643692261852,1.2242869332078972e-17
4502.167331955827,1.2344028797987992e-17
4502.690971649801,1.210085965816638e-17
4503.214611343776,1.2570251103032882e-17
4503.73825103775,1.2843115008923653e-17
4504.261890731725,1.2457969495180962e-17
4504.785530425699,1.2304187944228848e-17
4505.309170119674,1.238358316347989e-17
4505.832809813648,1.2266714980542988e-17
4506.3564495076225,1.2081935078277201e-17
4506.880089201597,1.1751352856075826e-17
4507.4037288955715,1.1606940593534377e-17
4507.927368589546,1.203412556218139e-17
4508.45100828352,1.1651926187201765e-17
4508.974647977495,1.17928731001569e-17
4509.498287671469,1.258055888514407e-17
4510.021927365444,1.3382782609277708e-17
4510.545567059418,1.3416894475956327e-17
4511.069206753393,1.2445013973786131e-17
4511.592846447367,1.2076371477286255e-17
4512.116486141342,1.2703756213978957e-17
4512.640125835316,1.3405292259434602e-17
4513.163765529291,1.2804784638006332e-17
4513.687405223265,1.257674970579609e-17
4514.21104491724,1.3149920292188712e-17
4514.734684611214,1.270264508969319e-17
4515.258324305189,1.2155604516486518e-17
4515.781963999163,1.0195224978023587e-17
4516.3056036931375,9.746710888653275e-18
4516.829243387112,1.0369052600054526e-17
4517.3528830810865,1.1093066575975417e-17
4517.876522775061,1.1114002275206408e-17
4518.400162469035,1.0423900385554206e-17
4518.92380216301,1.0760745607974552e-17
4519.447441856984,1.0413901633567765e-17
4519.971081550959,1.015783156955911e-17
4520.494721244933,1.0959710678970048e-17
4521.018360938908,1.0478402271202434e-17
4521.542000632882,1.0038911587563078e-17
4522.065640326857,1.0285001009480828e-17
4522.589280020831,1.0806299513093695e-17
4523.112919714806,1.0800313491146948e-17
4523.63655940878,1.085842428864169e-17
4524.160199102755,1.0774098096015834e-17
4524.683838796729,1.1383775659132601e-17
4525.207478490704,1.1823595358548686e-17
4525.731118184678,1.2184816435890603e-17
4526.2547578786525,1.1760820946993389e-17
4526.778397572627,1.1229228261704882e-17
4527.3020372666015,1.024763052335958e-17
4527.825676960576,1.110236329288894e-17
4528.34931665455,1.1221894707661257e-17
4528.872956348525,1.1699255761565305e-17
4529.396596042499,1.2833969713362414e-17
4529.920235736474,1.3089312210770857e-17
4530.443875430448,1.3266526210640823e-17
4530.967515124423,1.3609060107355619e-17
4531.491154818397,1.3103707205699601e-17
4532.014794512372,1.2849676248589054e-17
4532.538434206346,1.2424213060481585e-17
4533.062073900321,1.1702012432466397e-17
4533.585713594295,1.1302603861044583e-17
4534.10935328827,1.1750661357259673e-17
4534.632992982244,1.2095838862205856e-17
4535.156632676219,1.2478577471704171e-17
4535.680272370193,1.2808416211325101e-17
4536.2039120641675,1.262095565073325e-17
4536.727551758142,1.2044094429778447e-17
4537.2511914521165,1.0892912736467054e-17
4537.774831146091,1.0833472147994774e-17
4538.298470840065,1.1178277943774702e-17
4538.82211053404,1.2016827195117553e-17
4539.345750228014,1.2695001385950432e-17
4539.869389921989,1.321928353339426e-17
4540.393029615963,1.307560056276076e-17
4540.916669309938,1.1780408379429341e-17
4541.440309003912,1.1743779591287304e-17
4541.963948697887,1.1303355898285903e-17
4542.487588391861,9.731136180204807e-18
4543.011228085836,9.277160348005902e-18
4543.53486777981,1.0887958913350995e-17
4544.058507473785,1.1720900096554503e-17
4544.582147167759,1.0999208568801156e-17
4545.105786861734,1.1855604164764527e-17
4545.629426555708,1.1686002185964033e-17
4546.1530662496825,1.1247223834544713e-17
4546.676705943657,1.096212964574781e-17
4547.2003456376315,1.0122666337169624e-17
4547.723985331606,1.03415554766906e-17
4548.24762502558,1.1100000153403065e-17
4548.771264719555,1.1489719927407133e-17
4549.294904413529,1.219497140313532e-17
4549.818544107504,1.3031834783659322e-17
4550.342183801478,1.314548640563642e-17
4550.865823495453,1.3401682658016201e-17
4551.389463189427,1.2535900427177192e-17
4551.913102883402,1.1395079240200545e-17
4552.436742577376,1.163412922951751e-17
4552.960382271351,1.2312651272353392e-17
4553.484021965325,1.2139534003500944e-17
4554.0076616593,1.1763147639013584e-17
4554.531301353274,1.1994763964751434e-17
4555.054941047249,1.1781871170072435e-17
4555.578580741223,1.1584846526528213e-17
4556.1022204351975,1.1835969784458224e-17
4556.625860129172,1.1399529417375848e-17
4557.1494998231465,1.1132292755037233e-17
4557.673139517121,1.2158682304611104e-17
4558.196779211095,1.3555829905267648e-17
4558.72041890507,1.3649470726188386e-17
4559.244058599044,1.3036105913746483e-17
4559.767698293019,1.362823534652416e-17
4560.291337986993,1.3947244459376563e-17
4560.814977680968,1.3514818439099468e-17
4561.338617374942,1.394916241853594e-17
4561.862257068917,1.4752144242456418e-17
4562.385896762891,1.5098127251860175e-17
4562.909536456866,1.4782577862789782e-17
4563.43317615084,1.3972430077981186e-17
4563.956815844815,1.282779533221612e-17
4564.480455538789,1.2094716382848344e-17
4565.004095232764,1.1944673487382949e-17
4565.527734926738,1.2578594542337184e-17
4566.0513746207125,1.4134089148497796e-17
4566.575014314687,1.4767797018766726e-17
4567.0986540086615,1.5243418915047438e-17
4567.622293702636,1.494928998209247e-17
4568.14593339661,1.3819629927538253e-17
4568.669573090585,1.361378318061579e-17
4569.193212784559,1.4100310992505955e-17
4569.716852478534,1.3769691337005575e-17
4570.240492172508,1.3800584707470849e-17
4570.764131866483,1.4159469788177968e-17
4571.287771560457,1.3312841693530497e-17
4571.811411254432,1.251321973542845e-17
4572.335050948406,1.266458445628806e-17
4572.858690642381,1.3060316747976652e-17
4573.382330336355,1.303207446935285e-17
4573.90597003033,1.347335834688924e-17
4574.429609724304,1.327028669677898e-17
4574.953249418279,1.2538124304211075e-17
4575.476889112253,1.2737884074848438e-17
4576.0005288062275,1.276500944081678e-17
4576.524168500202,1.2727414835923892e-17
4577.0478081941765,1.2706564984529336e-17
4577.571447888151,1.4230221514626752e-17
4578.095087582125,1.5164408703615796e-17
4578.6187272761,1.578316871544749e-17
4579.142366970074,1.6034911862947954e-17
4579.666006664049,1.5251655639132833e-17
4580.189646358023,1.4163273001350254e-17
4580.713286051998,1.4628447447275337e-17
4581.236925745972,1.4145148809158094e-17
4581.760565439947,1.3675220890148373e-17
4582.284205133921,1.3157880564176775e-17
4582.807844827896,1.2820575281866936e-17
4583.33148452187,1.3009747830522327e-17
4583.855124215845,1.2840158405272928e-17
4584.378763909819,1.276086896815592e-17
4584.902403603794,1.2670035172635277e-17
4585.426043297768,1.3193788380915704e-17
4585.9496829917425,1.3287648376544538e-17
4586.473322685717,1.2858035684672459e-17
4586.9969623796915,1.3335364644211302e-17
4587.520602073666,1.3233136504228702e-17
4588.04424176764,1.3785427871513423e-17
4588.567881461615,1.4198306462687107e-17
4589.091521155589,1.4147443166612487e-17
4589.615160849564,1.5117681389034286e-17
4590.138800543538,1.4626664269542824e-17
4590.662440237513,1.448089230570182e-17
4591.186079931487,1.4299786672013296e-17
4591.709719625462,1.3973861271904138e-17
4592.233359319435,1.4226461999155306e-17
4592.75699901341,1.3545624444830502e-17
4593.280638707384,1.3312365478610304e-17
4593.804278401359,1.3300820323054107e-17
4594.327918095333,1.2728237258468977e-17
4594.851557789308,1.3325054065142962e-17
4595.375197483282,1.382036008964387e-17
4595.898837177257,1.3801006571582759e-17
4596.422476871231,1.3730728451156275e-17
4596.946116565206,1.484915557531273e-17
4597.46975625918,1.490098301148705e-17
4597.9933959531545,1.5104268905355842e-17
4598.517035647129,1.590761761886801e-17
4599.040675341103,1.5635948464568485e-17
4599.564315035078,1.4781662631614052e-17
4600.087954729052,1.492843763556681e-17
4600.611594423027,1.5740957600648228e-17
4601.135234117001,1.687051804117283e-17
4601.658873810976,1.6593465414963424e-17
4602.18251350495,1.654299463400774e-17
4602.706153198925,1.6446928316724785e-17
4603.229792892899,1.681142767685593e-17
4603.753432586874,1.696260758817107e-17
4604.277072280848,1.6251163619248683e-17
4604.800711974823,1.5166100531585573e-17
4605.324351668797,1.450162499244719e-17
4605.847991362772,1.5135383921932922e-17
4606.371631056746,1.5319293538182338e-17
4606.895270750721,1.5559540402681885e-17
4607.418910444695,1.5490080115816753e-17
4607.9425501386695,1.5402743019399782e-17
4608.466189832644,1.551970382954732e-17
4608.989829526618,1.503264605118057e-17
4609.513469220593,1.577836931994039e-17
4610.037108914567,1.592752167403708e-17
4610.560748608542,1.6859201190334274e-17
4611.084388302516,1.6614618794718325e-17
4611.608027996491,1.5980039939636584e-17
4612.131667690465,1.599371253660072e-17
4612.65530738444,1.632901240763156e-17
4613.178947078414,1.6583373824628552e-17
4613.702586772389,1.701654884118917e-17
4614.226226466363,1.7832782722896922e-17
4614.749866160338,1.80630476385214e-17
4615.273505854312,1.7762865750261978e-17
4615.797145548287,1.7829450830955878e-17
4616.320785242261,1.7674546170528458e-17
4616.844424936236,1.757701111144031e-17
4617.36806463021,1.6741015467214178e-17
4617.8917043241845,1.542297332125705e-17
4618.415344018159,1.5236145423715015e-17
4618.938983712133,1.5827326700927962e-17
4619.462623406108,1.6266424419196826e-17
4619.986263100082,1.5885577051419425e-17
4620.509902794057,1.550302500677698e-17
4621.033542488031,1.5036834146316958e-17
4621.557182182006,1.468224494371754e-17
4622.08082187598,1.4403592119601827e-17
4622.604461569955,1.4677197850918094e-17
4623.128101263929,1.5527199316792812e-17
4623.651740957904,1.644555594128119e-17
4624.175380651878,1.748593442045293e-17
4624.699020345853,1.7521666983056464e-17
4625.222660039827,1.6948421862270913e-17
4625.746299733802,1.5785036191798268e-17
4626.269939427776,1.4816719554050726e-17
4626.793579121751,1.504675106487713e-17
4627.317218815725,1.5496806001627413e-17
4627.8408585096995,1.528539186166793e-17
4628.364498203674,1.4512721324580553e-17
4628.888137897648,1.4139230899274583e-17
4629.411777591623,1.4625718397577198e-17
4629.935417285597,1.54853757493493e-17
4630.459056979572,1.586377667087875e-17
4630.982696673546,1.5560092584234024e-17
4631.506336367521,1.5785421874078036e-17
4632.029976061495,1.596574641069867e-17
4632.55361575547,1.601532992521141e-17
4633.077255449444,1.611422409899864e-17
4633.600895143419,1.6287543391493367e-17
4634.124534837393,1.6393024447571525e-17
4634.648174531368,1.6703585957599273e-17
4635.171814225342,1.645509520606036e-17
4635.695453919317,1.5855262775421716e-17
4636.219093613291,1.5891040473197532e-17
4636.742733307266,1.5725517602192858e-17
4637.26637300124,1.4940886720722047e-17
4637.7900126952145,1.460993037196426e-17
4638.313652389189,1.4595757828955175e-17
4638.837292083163,1.3588444539615735e-17
4639.360931777138,1.3025521774457392e-17
4639.884571471112,1.3039519722645676e-17
4640.408211165087,1.3068734745014602e-17
4640.931850859061,1.3330226973065847e-17
4641.455490553036,1.3892930894083094e-17
4641.97913024701,1.4328720329370948e-17
4642.502769940985,1.4674658045673684e-17
4643.026409634959,1.5092622667961948e-17
4643.550049328934,1.5181320676012144e-17
4644.073689022908,1.496668777454715e-17
4644.597328716883,1.481666716352285e-17
4645.120968410857,1.407841900041577e-17
4645.644608104832,1.4433977187855588e-17
4646.168247798806,1.4485659317040002e-17
4646.691887492781,1.4061837886428555e-17
4647.215527186755,1.3573817640093578e-17
4647.7391668807295,1.2821147268020311e-17
4648.262806574704,1.2890390070243041e-17
4648.786446268678,1.3385796421420127e-17
4649.310085962653,1.4264758986385935e-17
4649.833725656627,1.4985595819918312e-17
4650.357365350602,1.5272039275185232e-17
4650.881005044576,1.67857458154344e-17
4651.404644738551,1.6997105884254954e-17
4651.928284432525,1.7438803944538784e-17
4652.4519241265,1.7355045788372016e-17
4652.975563820474,1.7062073726021183e-17
4653.499203514449,1.6608162439841345e-17
4654.022843208423,1.603257690815829e-17
4654.546482902398,1.5591906260223816e-17
4655.070122596372,1.4905221295841927e-17
4655.593762290347,1.3608969291511795e-17
4656.117401984321,1.3458317649251804e-17
4656.641041678296,1.3596581435975605e-17
4657.16468137227,1.4077451013182975e-17
4657.6883210662445,1.4229479150447637e-17
4658.211960760219,1.3720369082000784e-17
4658.735600454193,1.3926731941871766e-17
4659.259240148168,1.318747992758852e-17
4659.782879842142,1.2960668357749204e-17
4660.306519536117,1.2714290286784466e-17
4660.830159230091,1.2212243181056951e-17
4661.353798924066,1.2676239866694985e-17
4661.87743861804,1.2867655387092746e-17
4662.401078312015,1.2273381751755647e-17
4662.924718005989,1.2625423234755206e-17
4663.448357699964,1.3105004880222e-17
4663.971997393938,1.3677073414229566e-17
4664.495637087913,1.5068344770744735e-17
4665.019276781887,1.510278007067198e-17
4665.542916475862,1.5802433414478628e-17
4666.066556169836,1.591515737263291e-17
4666.590195863811,1.584303685619766e-17
4667.113835557785,1.5798859734614337e-17
4667.6374752517595,1.5528854399622656e-17
4668.161114945734,1.504874394466768e-17
4668.684754639708,1.5598132509345454e-17
4669.208394333683,1.6157089003162678e-17
4669.732034027657,1.601227660666579e-17
4670.255673721632,1.4897078787328363e-17
4670.779313415606,1.438652403815909e-17
4671.302953109581,1.417088824897354e-17
4671.826592803555,1.44268857584816e-17
4672.35023249753,1.3992174125643327e-17
4672.873872191504,1.3938252383986296e-17
4673.397511885479,1.4305271073143427e-17
4673.921151579453,1.341219751971607e-17
4674.444791273428,1.3625537953607528e-17
4674.968430967402,1.4800736902628314e-17
4675.492070661377,1.417572341835403e-17
4676.015710355351,1.4911607873958022e-17
4676.539350049326,1.5666103954527973e-17
4677.0629897433,1.5394417946100462e-17
4677.5866294372745,1.575440495117855e-17
4678.110269131249,1.594585135605648e-17
4678.633908825223,1.6003204023761057e-17
4679.157548519198,1.616568068722222e-17
4679.681188213172,1.6210175588608985e-17
4680.204827907147,1.5067439403381705e-17
4680.728467601121,1.4918580604743094e-17
4681.252107295096,1.5630635742914466e-17
4681.77574698907,1.542930489213821e-17
4682.299386683045,1.5407560652671785e-17
4682.823026377019,1.6093282204231303e-17
4683.346666070994,1.542209158151692e-17
4683.870305764968,1.5756994099672662e-17
4684.393945458943,1.59754819904486e-17
4684.917585152917,1.6520792760773047e-17
4685.441224846892,1.7075323934624694e-17
4685.964864540866,1.7627896555302753e-17
4686.488504234841,1.7737628749651787e-17
4687.012143928815,1.7363102974430442e-17
4687.5357836227895,1.770983527658819e-17
4688.059423316764,1.7806602197928647e-17
4688.583063010738,1.810076307530593e-17
4689.106702704713,1.7725018668055444e-17
4689.630342398687,1.6888675984008373e-17
4690.153982092662,1.6204013101239955e-17
4690.677621786636,1.5839605605241727e-17
4691.201261480611,1.5116430281640197e-17
4691.724901174585,1.4534207845670882e-17
4692.24854086856,1.4775260807734353e-17
4692.772180562534,1.514883267183804e-17
4693.295820256509,1.5580554078533025e-17
4693.819459950483,1.5730562525104068e-17
4694.343099644458,1.4543740824442285e-17
4694.866739338432,1.406596279020588e-17
4695.390379032407,1.3673651544567146e-17
4695.914018726381,1.3139043872278746e-17
4696.437658420356,1.2923682090945934e-17
4696.96129811433,1.3488923365325148e-17
4697.4849378083045,1.3714602888936071e-17
4698.008577502279,1.436308504440091e-17
4698.532217196253,1.3888446932358312e-17
4699.055856890228,1.3206887825104314e-17
4699.579496584202,1.2799820601523544e-17
4700.103136278177,1.283220976026048e-17
4700.626775972151,1.2492402285473533e-17
4701.150415666126,1.2953170560440803e-17
4701.6740553601,1.3433844212403712e-17
4702.197695054075,1.3975495706914218e-17
4702.721334748049,1.4616903086801966e-17
4703.244974442024,1.4442771711123475e-17
4703.768614135998,1.513518623582704e-17
4704.292253829973,1.595583037740081e-17
4704.815893523947,1.6420627131830698e-17
4705.339533217922,1.6259339121759167e-17
4705.863172911896,1.5923828218092335e-17
4706.386812605871,1.4721996391116267e-17
4706.910452299845,1.458030716130706e-17
4707.4340919938195,1.456287482858079e-17
4707.957731687794,1.4227922720560813e-17
4708.481371381768,1.4677552335141043e-17
4709.005011075743,1.5079303286099226e-17
4709.528650769717,1.538185986528254e-17
4710.052290463692,1.5936225332003833e-17
4710.575930157666,1.5706134237963108e-17
4711.099569851641,1.4979661886249487e-17
4711.623209545615,1.5250071563218662e-17
4712.14684923959,1.5833119759631764e-17
4712.670488933564,1.5871606938622707e-17
4713.194128627539,1.5855328812774294e-17
4713.717768321513,1.6423471581549442e-17
4714.241408015488,1.6499891809206952e-17
4714.765047709462,1.6461460021946486e-17
4715.288687403437,1.658881826128576e-17
4715.812327097411,1.5917223000886374e-17
4716.3359667913855,1.600644054450176e-17
4716.85960648536,1.59872387833734e-17
4717.3832461793345,1.621746900856768e-17
4717.906885873309,1.6394353804341822e-17
4718.430525567283,1.6202960864067795e-17
4718.954165261258,1.5840269497889648e-17
4719.477804955232,1.537135194479297e-17
4720.001444649207,1.545279800528626e-17
4720.525084343181,1.5423212455177127e-17
4721.048724037156,1.5030010720573422e-17
4721.57236373113,1.4682243200078467e-17
4722.096003425105,1.449227334642056e-17
4722.619643119079,1.4704018276183536e-17
4723.143282813054,1.445004764859909e-17
4723.666922507028,1.43067944166551e-17
4724.190562201003,1.435494458056588e-17
4724.714201894977,1.4290188191560654e-17
4725.237841588952,1.4400876956397574e-17
4725.761481282926,1.5129046824959537e-17
4726.2851209769005,1.6348587181811695e-17
4726.808760670875,1.602517528904714e-17
4727.3324003648495,1.5855734821791358e-17
4727.856040058824,1.6394532606203275e-17
4728.379679752798,1.6872470178427986e-17
4728.903319446773,1.602779215945837e-17
4729.426959140747,1.5401850532987927e-17
4729.950598834722,1.6042413824090486e-17
4730.474238528696,1.6746356441897445e-17
4730.997878222671,1.6976541225490995e-17
4731.521517916645,1.737696031835974e-17
4732.04515761062,1.7039209811042233e-17
4732.568797304594,1.6086644747246747e-17
4733.092436998569,1.5721997506943015e-17
4733.616076692543,1.611586570065961e-17
4734.139716386518,1.6720247086306756e-17
4734.663356080492,1.692063893651273e-17
4735.186995774467,1.6843779344775846e-17
4735.710635468441,1.719983081607963e-17
4736.2342751624155,1.8030407790681202e-17
4736.75791485639,1.8278434639451203e-17
4737.2815545503645,1.7733583015003053e-17
4737.805194244339,1.693597357687814e-17
4738.328833938313,1.7565743986776105e-17
4738.852473632288,1.7996124341891626e-17
4739.376113326262,1.8912699439952492e-17
4739.899753020237,1.8749714770418358e-17
4740.423392714211,1.788747522760925e-17
4740.947032408186,1.838378838028397e-17
4741.47067210216,1.846048282819228e-17
4741.994311796135,1.7881720039423643e-17
4742.517951490109,1.8266100868926887e-17
4743.041591184084,1.8836746519919546e-17
4743.565230878058,1.933535522128013e-17
4744.088870572033,1.8881727886639463e-17
4744.612510266007,1.8717076207486226e-17
4745.136149959982,1.8580888577832067e-17
4745.659789653956,1.77852062686066e-17
4746.1834293479305,1.753472467000743e-17
4746.707069041905,1.7414993151163262e-17
4747.2307087358795,1.72612285331604e-17
4747.754348429854,1.6999666148338996e-17
4748.277988123828,1.7368370001342795e-17
4748.801627817803,1.8000732112737126e-17
4749.325267511777,1.7292525929408824e-17
4749.848907205752,1.756991693447123e-17
4750.372546899726,1.794522103296901e-17
4750.896186593701,1.713273514008691e-17
4751.419826287675,1.7755327554563433e-17
4751.94346598165,1.7202883712978816e-17
4752.467105675624,1.6960533926684017e-17
4752.990745369599,1.7505147149870184e-17
4753.514385063573,1.712979969988621e-17
4754.038024757548,1.5599170975187064e-17
4754.561664451522,1.51292267450651e-17
4755.085304145497,1.5491094615292458e-17
4755.608943839471,1.4825519769470418e-17
4756.1325835334455,1.497197369937867e-17
4756.65622322742,1.5205583702670584e-17
4757.1798629213945,1.5266757490384008e-17
4757.703502615369,1.5869234255361375e-17
4758.227142309343,1.7011421210022462e-17
4758.750782003318,1.6927130534125458e-17
4759.274421697292,1.736796252197992e-17
4759.798061391267,1.7348568354930958e-17
4760.321701085241,1.6849809453245464e-17
4760.845340779216,1.7409148460646468e-17
4761.36898047319,1.747834675598118e-17
4761.892620167165,1.7504313817104632e-17
4762.416259861139,1.8571527101984487e-17
4762.939899555114,1.9231366465593474e-17
4763.463539249088,1.9043626205328438e-17
4763.987178943063,1.9221287590957595e-17
4764.510818637037,1.8548062062969032e-17
4765.034458331012,1.879558640877317e-17
4765.558098024986,1.8565674912652336e-17
4766.0817377189605,1.8256358302096875e-17
4766.605377412935,1.9136505837132412e-17
4767.1290171069095,1.987350009549148e-17
4767.652656800884,1.9253901083465656e-17
4768.176296494858,1.8848229420927336e-17
4768.699936188833,2.0137093525011488e-17
4769.223575882807,2.0062449687768246e-17
4769.747215576782,1.9015807142559767e-17
4770.270855270756,1.988866981021066e-17
4770.794494964731,1.8745574796995485e-17
4771.318134658705,1.781993148271965e-17
4771.84177435268,1.73300194593583e-17
4772.365414046654,1.7579110750906777e-17
4772.889053740629,1.797217653111911e-17
4773.412693434603,1.9143121113998103e-17
4773.936333128578,1.9161454762351196e-17
4774.459972822552,1.8709669927747707e-17
4774.983612516527,1.7441003690900292e-17
4775.507252210501,1.7564938982190127e-17
4776.0308919044755,1.7783945392222478e-17
4776.55453159845,1.725698568246881e-17
4777.0781712924245,1.6992376397132546e-17
4777.601810986399,1.7253588652462314e-17
4778.125450680373,1.7051965390756837e-17
4778.649090374348,1.6956767600806087e-17
4779.172730068322,1.6788892349844835e-17
4779.696369762297,1.659764369670542e-17
4780.220009456271,1.6294619325445862e-17
4780.743649150246,1.7033774704686618e-17
4781.26728884422,1.7552501889979873e-17
4781.790928538195,1.7746970540342777e-17
4782.314568232169,1.7787800593450528e-17
4782.838207926144,1.788976904394316e-17
4783.361847620118,1.906223280770116e-17
4783.885487314093,1.9672287732559984e-17
4784.409127008067,1.8993068980172215e-17
4784.932766702042,1.8658562183055263e-17
4785.456406396016,1.8737127686185342e-17
4785.9800460899905,1.882809879027072e-17
4786.503685783965,1.8826916932441406e-17
4787.0273254779395,1.8805835961851602e-17
4787.550965171914,1.9228244400358118e-17
4788.074604865888,1.859594404885586e-17
4788.598244559863,1.7699403148558184e-17
4789.121884253837,1.7664133964048293e-17
4789.645523947812,1.8049120224595926e-17
4790.169163641786,1.7347602835525926e-17
4790.692803335761,1.7565688548586022e-17
4791.216443029735,1.7213916024763988e-17
4791.740082723709,1.74537660321146e-17
4792.263722417683,1.7672932478063804e-17
4792.787362111658,1.7341835380876717e-17
4793.311001805632,1.855147412741199e-17
4793.834641499607,1.946545550144488e-17
4794.358281193581,1.871587575340817e-17
4794.881920887556,1.8722982783418878e-17
4795.40556058153,1.8702631600920905e-17
4795.929200275505,1.809508985694015e-17
4796.452839969479,1.7391299996846714e-17
4796.976479663454,1.6735722743538545e-17
4797.500119357428,1.682952181681467e-17
4798.0237590514025,1.7744841749742234e-17
4798.547398745377,1.7443950838207865e-17
4799.0710384393515,1.7094739847661278e-17
4799.594678133326,1.7602463324004112e-17
4800.1183178273,1.825629287771806e-17
4800.641957521275,1.8291959119302015e-17
4801.165597215249,1.821905017696352e-17
4801.689236909224,1.8764904640282302e-17
4802.212876603198,1.8134977446922035e-17
4802.736516297173,1.770379973393063e-17
4803.260155991147,1.7681203756962484e-17
4803.783795685122,1.720803628026943e-17
4804.307435379096,1.7846254913578762e-17
4804.831075073071,1.86683985435593e-17
4805.354714767045,1.8570592367340963e-17
4805.87835446102,1.902321513129396e-17
4806.401994154994,1.9685182988954805e-17
4806.925633848969,1.9731598444353128e-17
4807.449273542943,1.935848690038515e-17
4807.9729132369175,1.8510081418614235e-17
4808.496552930892,1.830867344168818e-17
4809.0201926248665,1.8532951315604706e-17
4809.543832318841,1.8950989996589433e-17
4810.067472012815,1.9735277316131318e-17
4810.59111170679,1.9734355342506985e-17
4811.114751400764,1.918512852488712e-17
4811.638391094739,1.8488207494232442e-17
4812.162030788713,1.868559073746298e-17
4812.685670482688,1.893968701302422e-17
4813.209310176662,1.8743987730387435e-17
4813.732949870637,1.8720696880890708e-17
4814.256589564611,1.8743775176477286e-17
4814.780229258586,1.812544855358346e-17
4815.30386895256,1.6428764141471396e-17
4815.827508646535,1.5734947349898796e-17
4816.351148340509,1.566380455823244e-17
4816.874788034484,1.550119072798492e-17
4817.398427728458,1.60532277073351e-17
4817.9220674224325,1.7813512615124918e-17
4818.445707116407,1.8844826934787967e-17
4818.9693468103815,1.901441276486402e-17
4819.492986504356,1.859449072666398e-17
4820.01662619833,1.8015663388013448e-17
4820.540265892305,1.730029341658746e-17
4821.063905586279,1.7216879726789603e-17
4821.587545280254,1.8434571559818462e-17
4822.111184974228,1.9112845399018465e-17
4822.634824668203,1.890749182503497e-17
4823.158464362177,1.892843554336439e-17
4823.682104056152,1.8932852317954065e-17
4824.205743750126,1.8331696926308946e-17
4824.729383444101,1.7847449746837923e-17
4825.253023138075,1.770152646446616e-17
4825.77666283205,1.816106143982689e-17
4826.300302526024,1.8505448185319667e-17
4826.823942219999,1.9200758241139414e-17
4827.347581913973,1.919675633263286e-17
4827.8712216079475,1.7853413824906175e-17
4828.394861301922,1.717661595152935e-17
4828.9185009958965,1.7736137561061607e-17
4829.442140689871,1.8687367680703715e-17
4829.965780383845,1.8747823841879095e-17
4830.48942007782,1.8316456677969208e-17
4831.013059771794,1.8199164154477624e-17
4831.536699465769,1.7893179188693633e-17
4832.060339159743,1.795508612422706e-17
4832.583978853718,1.8374462203290642e-17
4833.107618547692,1.8647814875469164e-17
4833.631258241667,1.9071568067403545e-17
4834.154897935641,1.9887845268007734e-17
4834.678537629616,2.0132549287264872e-17
4835.20217732359,2.0066572861745403e-17
4835.725817017565,1.9626660518900262e-17
4836.249456711539,1.8891930449820858e-17
4836.773096405514,1.8294974407398482e-17
4837.296736099488,1.8696139176693563e-17
4837.8203757934625,1.941273729072078e-17
4838.344015487437,1.954817123899265e-17
4838.8676551814115,1.9092830842914263e-17
4839.391294875386,1.7940848035537294e-17
4839.91493456936,1.7014988600623468e-17
4840.438574263335,1.677746289246926e-17
4840.962213957309,1.676402161777612e-17
4841.485853651284,1.69619856416252e-17
4842.009493345258,1.7476930162920007e-17
4842.533133039233,1.7950950510523417e-17
4843.056772733207,1.8248221598711425e-17
4843.580412427182,1.7900337052358836e-17
4844.104052121156,1.828642669943526e-17
4844.627691815131,1.9319865535769686e-17
4845.151331509105,1.9557880804935746e-17
4845.67497120308,1.9153637653284258e-17
4846.198610897054,1.8357556112240382e-17
4846.722250591029,1.730934435300374e-17
4847.245890285003,1.5878438190515797e-17
4847.7695299789775,1.4936725871643627e-17
4848.293169672952,1.4701941438378295e-17
4848.8168093669265,1.485608663536789e-17
4849.340449060901,1.6685709897459578e-17
4849.864088754875,1.9091092517188176e-17
4850.38772844885,1.9904485474661517e-17
4850.911368142824,2.0524983971808857e-17
4851.435007836799,2.112600053921194e-17
4851.958647530773,2.3574752993997618e-17
4852.482287224748,3.219671415741349e-17
4853.005926918722,5.188650206647781e-17
4853.529566612697,5.573075203384685e-17
4854.053206306671,3.0353385423207066e-17
4854.576846000646,1.7018668109027113e-17
4855.10048569462,2.37490768450646e-17
4855.624125388595,2.7099660238423057e-17
4856.147765082569,2.3990462841549975e-17
4856.671404776544,2.0654078004984858e-17
4857.195044470518,1.881805158388408e-17
4857.7186841644925,1.7851011950950008e-17
4858.242323858467,1.7270012457392195e-17
4858.7659635524415,1.7514864961219813e-17
4859.289603246416,1.7484137299095268e-17
4859.81324294039,1.7950543716834006e-17
4860.336882634365,1.8398487572320576e-17
4860.860522328339,1.8601090230827536e-17
4861.384162022314,1.865846786526686e-17
4861.907801716288,1.8435117618351278e-17
4862.431441410263,1.8041658686747022e-17
4862.955081104237,1.6846045005587264e-17
4863.478720798212,1.5941394430063587e-17
4864.002360492186,1.601988612855092e-17
4864.526000186161,1.6762484788869603e-17
4865.049639880135,1.7476008862975658e-17
4865.57327957411,1.686233384222826e-17
4866.096919268084,1.7151373526239202e-17
4866.620558962059,1.780858861983473e-17
4867.144198656033,1.806417690202426e-17
4867.6678383500075,1.869044574878747e-17
4868.191478043982,1.8355437824682856e-17
4868.7151177379565,1.678188024399579e-17
4869.238757431931,1.6457206545368925e-17
4869.762397125905,1.7536060889674353e-17
4870.28603681988,1.880528705521109e-17
4870.809676513854,1.9328984748147792e-17
4871.333316207829,1.9418937722240634e-17
4871.856955901803,2.007476359733166e-17
4872.380595595778,2.0265187919661976e-17
4872.904235289752,1.923517519884723e-17
4873.427874983727,1.7917818597693224e-17
4873.951514677701,1.656354104485007e-17
4874.475154371676,1.620736839278396e-17
4874.99879406565,1.591457313871256e-17
4875.522433759625,1.683380586918203e-17
4876.046073453599,1.7033670415716614e-17
4876.569713147574,1.6011099695872e-17
4877.093352841548,1.678046042718481e-17
4877.6169925355225,1.7946408423690355e-17
4878.140632229497,1.7371713984191958e-17
4878.6642719234715,1.6060737607315382e-17
4879.187911617446,1.6028563180715654e-17
4879.71155131142,1.7650104100517895e-17
4880.235191005395,1.8290276691543602e-17
4880.758830699369,1.829601408452078e-17
4881.282470393344,1.803035760077823e-17
4881.806110087318,1.720561903202434e-17
4882.329749781293,1.6886152255708154e-17
4882.853389475267,1.7337267179427498e-17
4883.377029169242,1.8065370044242273e-17
4883.900668863216,1.8634256355010447e-17
4884.424308557191,1.9758099733484594e-17
4884.947948251165,2.1212543739187883e-17
4885.47158794514,2.2243693097794245e-17
4885.995227639114,2.2655236570846603e-17
4886.518867333089,2.3071006504153668e-17
4887.042507027063,2.236246934247239e-17
4887.5661467210375,2.1982562524218775e-17
4888.089786415012,2.2287473190122618e-17
4888.6134261089865,2.237913758970848e-17
4889.137065802961,2.225800354687286e-17
4889.660705496935,2.1625674654105982e-17
4890.18434519091,2.15246210824841e-17
4890.707984884884,2.0713679895346108e-17
4891.231624578859,1.9952423265149923e-17
4891.755264272833,1.869165072794117e-17
4892.278903966808,1.7484107899289512e-17
4892.802543660782,1.7184905620964336e-17
4893.326183354757,1.7888021045314808e-17
4893.849823048731,1.9458296351434485e-17
4894.373462742706,2.0103661892136243e-17
4894.89710243668,2.0060065332303928e-17
4895.420742130655,2.0169728684037712e-17
4895.944381824629,2.031457837904669e-17
4896.468021518604,2.038111930695899e-17
4896.991661212578,2.0634991851427117e-17
4897.5153009065525,2.028049880991416e-17
4898.038940600527,2.052611543516232e-17
4898.5625802945015,2.146924037894877e-17
4899.086219988476,2.1917025334926628e-17
4899.60985968245,2.10546397296245e-17
4900.133499376425,2.0276226571455286e-17
4900.657139070399,1.9675739438370842e-17
4901.180778764373,1.9010465330447408e-17
4901.704418458347,1.774300347056546e-17
4902.228058152322,1.6594375269903878e-17
4902.751697846296,1.7038820289470357e-17
4903.275337540271,1.7911615040349983e-17
4903.798977234245,1.898157345180579e-17
4904.32261692822,1.9584186858261654e-17
4904.846256622194,2.022283239244917e-17
4905.369896316169,2.0130957624622782e-17
4905.893536010143,1.983087855941692e-17
4906.417175704118,1.9545303804484404e-17
4906.940815398092,1.9933753384348022e-17
4907.464455092067,2.0439663941779178e-17
4907.988094786041,1.968533364348532e-17
4908.511734480016,1.964318244276071e-17
4909.03537417399,1.9300012508207042e-17
4909.5590138679645,1.8609938663519777e-17
4910.082653561939,1.8146183083025398e-17
4910.606293255913,1.801382137786993e-17
4911.129932949888,1.7315014808965257e-17
4911.653572643862,1.6726319310972366e-17
4912.177212337837,1.6221927941421676e-17
4912.700852031811,1.5857383604869712e-17
4913.224491725786,1.516843032557051e-17
4913.74813141976,1.5958962598644656e-17
4914.271771113735,1.8093769182156488e-17
4914.795410807709,1.8472410732217196e-17
4915.319050501684,1.8451073459947444e-17
4915.842690195658,1.8599728208495943e-17
4916.366329889633,1.896716824945405e-17
4916.889969583607,1.987211098130758e-17
4917.413609277582,2.0333335801823307e-17
4917.937248971556,2.0981763750536882e-17
4918.460888665531,2.2166677270479655e-17
4918.984528359505,2.3635736703659212e-17
4919.5081680534795,2.370148211614958e-17
4920.031807747454,2.2552098483834644e-17
4920.555447441428,2.2252211450036452e-17
4921.079087135403,2.1518246496965736e-17
4921.602726829377,2.1094046629720998e-17
4922.126366523352,2.1591134082885955e-17
4922.650006217326,2.213009057547847e-17
4923.173645911301,2.1003528318174242e-17
4923.697285605275,2.0513381294557287e-17
4924.22092529925,2.1254619623587978e-17
4924.744564993224,2.021394892921132e-17
4925.268204687199,1.8221144021918444e-17
4925.791844381173,1.7034801238283937e-17
4926.315484075148,1.5575627840054545e-17
4926.839123769122,1.4783845424860797e-17
4927.362763463097,1.5149614478600066e-17
4927.886403157071,1.753796346982171e-17
4928.410042851046,1.915063174415908e-17
4928.93368254502,1.8401627535173068e-17
4929.4573222389945,1.86356830834443e-17
4929.980961932969,1.7796264644837082e-17
4930.504601626943,1.695131446587411e-17
4931.028241320918,1.750389139906637e-17
4931.551881014892,1.7864997405616234e-17
4932.075520708867,1.8803357907824412e-17
4932.599160402841,1.9254740269719178e-17
4933.122800096816,2.0462876790965813e-17
4933.64643979079,2.039626721930028e-17
4934.170079484765,2.016012509323614e-17
4934.693719178739,2.0009100773146068e-17
4935.217358872714,2.0292245908433173e-17
4935.740998566688,1.9963179263105768e-17
4936.264638260663,1.9547130159060348e-17
4936.788277954637,1.991095214198178e-17
4937.311917648612,2.0446682805511608e-17
4937.835557342586,2.033405740780159e-17
4938.3591970365605,2.0044811110138022e-17
4938.882836730535,2.0373406144958063e-17
4939.4064764245095,2.0450257594975813e-17
4939.930116118484,2.072051481684027e-17
4940.453755812458,2.1068762471463755e-17
4940.977395506433,2.1340693949511712e-17
4941.501035200407,2.137441421703271e-17
4942.024674894382,2.117447483106714e-17
4942.548314588356,2.133881644579556e-17
4943.071954282331,2.170502924243624e-17
4943.595593976305,2.2626034926001814e-17
4944.11923367028,2.1410485575436798e-17
4944.642873364254,2.0053015938720173e-17
4945.166513058229,1.945937163191496e-17
4945.690152752203,1.9422260616772492e-17
4946.213792446178,1.9862542642385245e-17
4946.737432140152,2.0102985388088995e-17
4947.261071834127,1.980024593369132e-17
4947.784711528101,2.0644770007474647e-17
4948.3083512220755,1.9831354707087542e-17
4948.83199091605,1.8666947476682176e-17
4949.3556306100245,1.7616354643611126e-17
4949.879270303999,1.7583037466007064e-17
4950.402909997973,1.684490715530724e-17
4950.926549691948,1.8996608950751604e-17
4951.450189385922,2.0315464149272826e-17
4951.973829079897,2.0797141551846646e-17
4952.497468773871,2.0168187801870536e-17
4953.021108467846,1.9408215363581814e-17
4953.54474816182,1.956604736972197e-17
4954.068387855795,1.9078383314136784e-17
4954.592027549769,1.8255927851853836e-17
4955.115667243744,1.819493468022873e-17
4955.639306937718,1.9994522646026583e-17
4956.162946631693,1.97325664163619e-17
4956.686586325667,1.9923897728261247e-17
4957.210226019642,1.95434852396883e-17
4957.733865713616,1.7522438868635064e-17
4958.2575054075905,1.7121181012467136e-17
4958.781145101565,1.8456445125158595e-17
4959.3047847955395,1.755558573257821e-17
4959.828424489514,1.7852125718295882e-17
4960.352064183488,1.827574754119348e-17
4960.875703877463,1.8157168509336737e-17
4961.399343571437,1.8685423666209163e-17
4961.922983265412,1.958577275250731e-17
4962.446622959386,1.8470665664269257e-17
4962.970262653361,1.847001022611874e-17
4963.493902347335,1.8690907467594455e-17
4964.01754204131,1.969005829547817e-17
4964.541181735284,1.9837597793957036e-17
4965.064821429259,2.049898863756638e-17
4965.588461123233,2.0479418521378787e-17
4966.112100817208,2.0834217780188892e-17
4966.635740511182,2.0678767256970664e-17
4967.159380205157,2.0598201586386192e-17
4967.683019899131,2.0973552717442877e-17
4968.2066595931055,2.1603984575688618e-17
4968.73029928708,2.0615479583645165e-17
4969.2539389810545,1.954382404343212e-17
4969.777578675029,1.8131621776018574e-17
4970.301218369003,1.8467472177531815e-17
4970.824858062978,1.798821368176246e-17
4971.348497756952,1.7047499230193892e-17
4971.872137450927,1.663792427916657e-17
4972.395777144901,1.7446476108266546e-17
4972.919416838876,1.598199621418308e-17
4973.44305653285,1.438473439192887e-17
4973.966696226825,1.426202620736034e-17
4974.490335920799,1.343744815826898e-17
4975.013975614774,1.3487292988732876e-17
4975.537615308748,1.4169380938037336e-17
4976.061255002723,1.517458226045327e-17
4976.584894696697,1.5879076594922037e-17
4977.108534390672,1.6150056385212818e-17
4977.632174084646,1.7450689924770882e-17
4978.1558137786205,1.644939756739624e-17
4978.679453472595,1.6434501594973773e-17
4979.2030931665695,1.6866472813351718e-17
4979.726732860544,1.726175008658127e-17
4980.250372554518,1.817853126544093e-17
4980.774012248493,1.8091324320172075e-17
4981.297651942467,1.715132083220068e-17
4981.821291636442,1.739468019726937e-17
4982.344931330416,1.6906479311112318e-17
4982.868571024391,1.677055380346716e-17
4983.392210718365,1.8344262479901454e-17
4983.91585041234,1.869072286835633e-17
4984.439490106314,1.7842714754336424e-17
4984.963129800289,1.9081667947299986e-17
4985.486769494263,1.9709403949979118e-17
4986.010409188238,1.8170148328325138e-17
4986.534048882212,1.7539976898006363e-17
4987.057688576187,1.6795160769224856e-17
4987.581328270161,1.7526965940908146e-17
4988.1049679641355,1.7944060800759184e-17
4988.62860765811,1.8352524645774213e-17
4989.1522473520845,1.872052156243352e-17
4989.675887046059,1.722123270087615e-17
4990.199526740033,1.680815094384535e-17
4990.723166434008,1.7136614314021726e-17
4991.246806127982,1.6524242043993677e-17
4991.770445821957,1.6222430850745088e-17
4992.294085515931,1.5868527707263185e-17
4992.817725209906,1.6107617814108597e-17
4993.34136490388,1.5501037010636714e-17
4993.865004597855,1.6071164118400266e-17
4994.388644291829,1.6529606161582258e-17
4994.912283985804,1.6381032096785153e-17
4995.435923679778,1.749155424004171e-17
4995.959563373753,1.840851782342854e-17
4996.483203067727,1.8385741802144918e-17
4997.006842761702,1.6491316694708038e-17
4997.530482455676,1.6956058377412582e-17
4998.0541221496505,1.7327128113041404e-17
4998.577761843625,1.7412761516766477e-17
4999.1014015375995,1.7271826695021072e-17
4999.625041231574,1.8112277912895098e-17
5000.148680925548,1.854570022222229e-17
5000.672320619523,1.983722928642964e-17
5001.195960313497,1.845008422234895e-17
5001.719600007472,1.7481312300934442e-17
5002.243239701446,1.7297113735472924e-17
5002.766879395421,1.6215496435458024e-17
5003.290519089395,1.6167073114665808e-17
5003.81415878337,1.5939746659709095e-17
5004.337798477344,1.5234856981085772e-17
5004.861438171319,1.4117753172669126e-17
5005.385077865293,1.445707789694764e-17
5005.908717559268,1.534940044211718e-17
5006.432357253242,1.5807978870067396e-17
5006.955996947217,1.582896059124082e-17
5007.479636641191,1.6373900660289137e-17
5008.0032763351655,1.7308427359431597e-17
5008.52691602914,1.7792898350391286e-17
5009.0505557231145,1.7018575537819303e-17
5009.574195417089,1.64417701341988e-17
5010.097835111063,1.7000782411764684e-17
5010.621474805038,1.711825854659831e-17
5011.145114499012,1.6283214049652975e-17
5011.668754192987,1.6759801101476713e-17
5012.192393886961,1.7819257641968154e-17
5012.716033580936,1.7708751357257456e-17
5013.23967327491,1.8706942029034008e-17
5013.763312968885,1.9180498470804408e-17
5014.286952662859,1.9071576457160677e-17
5014.810592356834,1.790288194598298e-17
5015.334232050808,1.8244899122143737e-17
5015.857871744783,1.83780689545708e-17
5016.381511438757,1.922046911648464e-17
5016.905151132732,1.998610804095635e-17
5017.428790826706,2.0565928650628117e-17
5017.9524305206805,1.9940880327703986e-17
5018.476070214655,1.9673863260345172e-17
5018.9997099086295,1.9863037344815766e-17
5019.523349602604,1.9761428477476178e-17
5020.046989296578,1.9442857765892953e-17
5020.570628990553,1.9770890041592644e-17
5021.094268684527,1.9370941145666977e-17
5021.617908378502,1.984108315557083e-17
5022.141548072476,2.0755458138709486e-17
5022.665187766451,1.8970638945602248e-17
5023.188827460425,1.8349564514859812e-17
5023.7124671544,1.850024805636041e-17
5024.236106848374,1.9367256052597452e-17
5024.759746542349,2.045576643709059e-17
5025.283386236323,1.9586374319506363e-17
5025.807025930298,1.9323918993714496e-17
5026.330665624272,1.8905376658425174e-17
5026.854305318247,1.809593230136901e-17
5027.377945012221,1.6634378567340397e-17
5027.9015847061955,1.5951978368772965e-17
5028.42522440017,1.5470570467874886e-17
5028.9488640941445,1.530350393199815e-17
5029.472503788119,1.5853902692266842e-17
5029.996143482093,1.607601649788322e-17
5030.519783176068,1.6396088801717943e-17
5031.043422870042,1.5827618658895286e-17
5031.567062564017,1.5930291927610632e-17
5032.090702257991,1.581815210666594e-17
5032.614341951966,1.549925699253555e-17
5033.13798164594,1.6181339135336755e-17
5033.661621339915,1.6905430674054647e-17
5034.185261033889,1.7704367084556372e-17
5034.708900727864,1.841313492240434e-17
5035.232540421838,2.0240425102065755e-17
5035.756180115813,2.1453741118388992e-17
5036.279819809787,2.193619059327162e-17
5036.803459503762,2.1218279751903462e-17
5037.327099197736,2.1898831400948217e-17
5037.8507388917105,2.164913766493476e-17
5038.374378585685,2.1093025891440158e-17
5038.8980182796595,2.0815966992387686e-17
5039.421657973634,1.9885587077368942e-17
5039.945297667608,1.8708931066571706e-17
5040.468937361583,1.8594947928316688e-17
5040.992577055557,1.9198623662662095e-17
5041.516216749532,1.8577148301646027e-17
5042.039856443506,1.9127158768603533e-17
5042.563496137481,1.863503417219014e-17
5043.087135831455,1.8652633135569555e-17
5043.61077552543,1.947448315710787e-17
5044.134415219404,1.970598087244912e-17
5044.658054913379,2.0712878794171768e-17
5045.181694607353,2.2081624407683404e-17
5045.705334301328,2.2733706450610086e-17
5046.228973995302,2.316854004039816e-17
5046.752613689277,2.324678067236982e-17
5047.276253383251,2.268997581155906e-17
5047.7998930772255,2.287086322927752e-17
5048.3235327712,2.3410104990228223e-17
5048.8471724651745,2.2738534507961485e-17
5049.370812159149,2.1825348985103304e-17
5049.894451853123,2.2258021057641475e-17
5050.418091547098,2.1820787266542294e-17
5050.941731241072,2.1283526136123806e-17
5051.465370935047,2.1543876072571032e-17
5051.989010629021,2.111194951004384e-17
5052.512650322996,2.0317254060118316e-17
5053.03629001697,2.0183809771806557e-17
5053.559929710945,2.1312542839180132e-17
5054.083569404919,2.1266893963527717e-17
5054.607209098894,2.0344637121206026e-17
5055.130848792868,2.0053050570791346e-17
5055.654488486843,2.0125331315511335e-17
5056.178128180817,1.859302679279516e-17
5056.701767874792,1.7782376550314962e-17
5057.225407568766,1.756985330319869e-17
5057.7490472627405,1.7962076955757153e-17
5058.272686956715,1.9369789883796313e-17
5058.7963266506895,2.004364884454724e-17
5059.319966344664,1.9675585298761337e-17
5059.843606038638,1.9627323349224618e-17
5060.367245732613,1.9181514150189485e-17
5060.890885426587,1.960491625258807e-17
5061.414525120562,2.0361019279437582e-17
5061.938164814536,2.046679245628011e-17
5062.461804508511,2.030623909177311e-17
5062.985444202485,2.0816445770754086e-17
5063.50908389646,2.1001810239804585e-17
5064.032723590434,2.0000569325466944e-17
5064.556363284409,1.8868273229806342e-17
5065.080002978383,1.8818361991661394e-17
5065.603642672358,1.8968465828219917e-17
5066.127282366332,1.908879907265556e-17
5066.650922060307,1.8685484731907533e-17
5067.174561754281,1.7773091308389104e-17
5067.6982014482555,1.6910626054068662e-17
5068.22184114223,1.6710105180296148e-17
5068.7454808362045,1.6905706365180517e-17
5069.269120530179,1.688957314948398e-17
5069.792760224153,1.7266590102809837e-17
5070.316399918128,1.6930346969848997e-17
5070.840039612102,1.643674449531736e-17
5071.363679306077,1.6002855692753357e-17
5071.887319000051,1.571828516186447e-17
5072.410958694026,1.5192532149584344e-17
5072.934598388,1.6462502032744743e-17
5073.458238081975,1.8396693216339364e-17
5073.981877775949,1.8205063322985604e-17
5074.505517469924,1.87390316609375e-17
5075.029157163898,1.8969885754043918e-17
5075.552796857873,1.9428665395357345e-17
5076.076436551847,1.9291019521564846e-17
5076.600076245822,1.949145737537806e-17
5077.123715939796,2.003848261789816e-17
5077.6473556337705,2.1130426216953826e-17
5078.170995327745,2.0417121729879248e-17
5078.6946350217195,1.9327022318201835e-17
5079.218274715694,1.8815674211150862e-17
5079.741914409668,1.8305093793672425e-17
5080.265554103643,1.8955318796948178e-17
5080.789193797617,1.9896321807574693e-17
5081.312833491592,2.0696764815062586e-17
5081.836473185566,2.0399972902757062e-17
5082.360112879541,1.990531087710151e-17
5082.883752573515,2.005700542791935e-17
5083.40739226749,2.086675280255904e-17
5083.931031961464,2.0991887032481313e-17
5084.454671655439,2.0982181473948197e-17
5084.978311349413,2.0933384943585062e-17
5085.501951043388,2.0954680255298074e-17
5086.025590737362,2.106709352100804e-17
5086.549230431337,2.098591686917937e-17
5087.072870125311,2.1869089173543462e-17
5087.5965098192855,2.1276805071864057e-17
5088.12014951326,1.940151291003517e-17
5088.6437892072345,1.9581133383641602e-17
5089.167428901209,1.9836585668689127e-17
5089.691068595183,1.911286109308371e-17
5090.214708289158,1.8781050757087593e-17
5090.738347983132,1.841478264596953e-17
5091.261987677107,1.801074179359683e-17
5091.785627371081,1.8295899414334957e-17
5092.309267065056,1.837568026129983e-17
5092.83290675903,1.9562146146820752e-17
5093.356546453005,2.0135377009805848e-17
5093.880186146979,1.938568813812597e-17
5094.403825840954,1.9144238101345383e-17
5094.927465534928,1.8389478118996155e-17
5095.451105228903,1.7492167275946166e-17
5095.974744922877,1.835624566147575e-17
5096.498384616852,1.7957307673612235e-17
5097.022024310826,1.701824438187255e-17
5097.5456640048005,1.6898739695898685e-17
5098.069303698775,1.6662812441673395e-17
5098.5929433927495,1.6237776803655607e-17
5099.116583086723,1.6951449900799932e-17
5099.6402227806975,1.7318390189321185e-17
5100.163862474672,1.658674498388748e-17
5100.6875021686465,1.6984860104427823e-17
5101.211141862621,1.834560187994542e-17
5101.734781556595,1.8343540904090742e-17
5102.25842125057,1.8285524248966188e-17
5102.782060944544,1.7932233185626864e-17
5103.305700638519,1.7521140865655997e-17
5103.829340332493,1.9190913758854812e-17
5104.352980026468,1.9683259503830956e-17
5104.876619720442,2.068247164635171e-17
5105.400259414417,2.034579301993716e-17
5105.923899108391,1.985187438071314e-17
5106.447538802366,1.9185575732133824e-17
5106.97117849634,1.9788879536330707e-17
5107.494818190315,1.9161689700250208e-17
5108.018457884289,1.9671216480162902e-17
5108.542097578264,2.056115348783397e-17
5109.065737272238,1.9916938094956203e-17
5109.5893769662125,2.0296279235233516e-17
5110.113016660187,2.0406342282117444e-17
5110.6366563541615,1.9522890309567186e-17
5111.160296048136,1.860129917603411e-17
5111.68393574211,1.8640526994739776e-17
5112.207575436085,1.8193331109328873e-17
5112.731215130059,1.7873466716582666e-17
5113.254854824034,1.8027212907136888e-17
5113.778494518008,1.7880983158262245e-17
5114.302134211983,1.698199002026109e-17
5114.825773905957,1.5472767131017004e-17
5115.349413599932,1.4779045857828884e-17
5115.873053293906,1.486866519182008e-17
5116.396692987881,1.4675437177417206e-17
5116.920332681855,1.639579050910428e-17
5117.44397237583,1.715591628349116e-17
5117.967612069804,1.815506813723249e-17
5118.491251763779,1.7652800930665533e-17
5119.014891457753,1.754893426679988e-17
5119.5385311517275,1.7445736450116668e-17
5120.062170845703,1.6529136705286766e-17
5120.585810539677,1.6352253584717257e-17
5121.109450233652,1.6901530677439427e-17
5121.633089927626,1.678445478775909e-17
5122.156729621601,1.6907073675337144e-17
5122.680369315575,1.7489376494528583e-17
5123.20400900955,1.8248776338827423e-17
5123.727648703524,1.837293991098969e-17
5124.251288397499,1.819199079844768e-17
5124.774928091473,1.8265720460855594e-17
5125.298567785448,1.8824473980273902e-17
5125.822207479422,1.9598316900827677e-17
5126.345847173397,1.9418606138493637e-17
5126.869486867371,1.973275176179789e-17
5127.3931265613455,2.1000749325954243e-17
5127.91676625532,2.0618429892466113e-17
5128.4404059492945,1.982829728769786e-17
5128.964045643269,1.913443248120489e-17
5129.487685337243,1.8342475875365803e-17
5130.011325031218,1.8120946433223507e-17
5130.534964725192,1.7900857779180957e-17
5131.058604419167,1.8262337461549913e-17
5131.582244113141,1.853128197015449e-17
5132.105883807116,1.7613996348168048e-17
5132.62952350109,1.8576394227670402e-17
5133.153163195065,1.896583946306975e-17
5133.676802889039,1.811917968741803e-17
5134.200442583014,1.695295388566763e-17
5134.724082276988,1.6567702407032928e-17
5135.247721970963,1.64999157102035e-17
5135.771361664937,1.7097507184533016e-17
5136.295001358912,1.7892389206156887e-17
5136.818641052886,1.8697186335411014e-17
5137.3422807468605,1.8491018867395252e-17
5137.865920440835,1.769371536938667e-17
5138.3895601348095,1.7208475326604504e-17
5138.913199828784,1.748391847830635e-17
5139.436839522758,1.7219026343234286e-17
5139.960479216733,1.7578014525192396e-17
5140.484118910707,1.7885579810515648e-17
5141.007758604682,1.832348722612383e-17
5141.531398298656,1.8532379468994844e-17
5142.055037992631,1.855943891891103e-17
5142.578677686605,1.8079937950350295e-17
5143.10231738058,1.7471655471775008e-17
5143.625957074554,1.6844559268682765e-17
5144.149596768529,1.7383067675071128e-17
5144.673236462503,1.717039752682026e-17
5145.196876156478,1.6623729579429695e-17
5145.720515850452,1.754240950693424e-17
5146.244155544427,1.7667576559848994e-17
5146.7677952384,1.8387834023760776e-17
5147.291434932375,1.9430181824597384e-17
5147.815074626349,1.959748953360028e-17
5148.338714320324,1.991579931075913e-17
5148.862354014298,1.9870959076082893e-17
5149.3859937082725,2.050639225482985e-17
5149.909633402247,2.0555080412664482e-17
5150.4332730962215,2.0453994788566394e-17
5150.956912790196,2.0311667804933033e-17
5151.48055248417,1.9333597769015254e-17
5152.004192178145,1.879917140696175e-17
5152.527831872119,1.9497549115807205e-17
5153.051471566094,1.8975748221997173e-17
5153.575111260068,1.8343208135591617e-17
5154.098750954043,1.7331236056446554e-17
5154.622390648017,1.6881216659403657e-17
5155.146030341992,1.6555512341396112e-17
5155.669670035966,1.6702648590912954e-17
5156.193309729941,1.6340283271211208e-17
5156.716949423915,1.6570549767529517e-17
5157.24058911789,1.684257509266046e-17
5157.764228811864,1.603763915844738e-17
5158.287868505839,1.462433822229412e-17
5158.811508199813,1.3605633940311722e-17
5159.3351478937875,1.3894596715868085e-17
5159.858787587762,1.3298104517820998e-17
5160.382427281736,1.3747911671472603e-17
5160.906066975711,1.549889432705169e-17
5161.429706669685,1.4453731208980887e-17
5161.95334636366,1.6514766250973175e-17
5162.476986057634,1.841279698450513e-17
5163.000625751609,1.7901691836883966e-17
5163.524265445583,1.781919995510769e-17
5164.047905139558,1.7868725926343195e-17
5164.571544833532,1.863279728143011e-17
5165.095184527507,1.8916038903434105e-17
5165.618824221481,2.0382457784299343e-17
5166.142463915456,2.1732114818339692e-17
5166.66610360943,2.2410215047746982e-17
5167.189743303405,2.350496210233607e-17
5167.713382997379,2.3886233408561817e-17
5168.237022691354,2.2992490998214106e-17
5168.760662385328,2.2732452706062653e-17
5169.2843020793025,2.2828303196508657e-17
5169.807941773277,2.2105392455064065e-17
5170.331581467251,2.1507872421362488e-17
5170.855221161226,2.0943047602296328e-17
5171.3788608552,2.0530712193090958e-17
5171.902500549175,2.090420859983787e-17
5172.426140243149,2.0719683180988644e-17
5172.949779937124,2.0816078113059526e-17
5173.473419631098,2.109642143584835e-17
5173.997059325073,2.103726751503374e-17
5174.520699019047,2.011357690294051e-17
5175.044338713022,1.8854734692338508e-17
5175.567978406996,1.7934281932468963e-17
5176.091618100971,1.7208421780067364e-17
5176.615257794945,1.896573395917571e-17
5177.13889748892,2.0848561741032602e-17
5177.662537182894,2.1997193388202107e-17
5178.186176876869,2.0799037011553475e-17
5178.709816570843,1.9004007575411997e-17
5179.2334562648175,1.9002129232384255e-17
5179.757095958792,1.8410360675278413e-17
5180.280735652766,1.807358606470177e-17
5180.804375346741,1.76573876656468e-17
5181.328015040715,1.7425528585814917e-17
5181.85165473469,1.855941824397113e-17
5182.375294428664,1.8845050660800694e-17
5182.898934122639,1.8799627800104833e-17
5183.422573816613,1.8421372976902974e-17
5183.946213510588,1.7372646405423524e-17
5184.469853204562,1.7480165541647752e-17
5184.993492898537,1.72544290777639e-17
5185.517132592511,1.746607687482972e-17
5186.040772286486,1.8498568877194978e-17
5186.56441198046,1.8929136210853996e-17
5187.088051674435,1.8303047285796487e-17
5187.611691368409,1.7740608173899778e-17
5188.135331062384,1.840832289716397e-17
5188.658970756358,1.9567533738319053e-17
5189.1826104503325,1.9042380704560157e-17
5189.706250144307,1.91958238240988e-17
5190.229889838281,1.969083862924046e-17
5190.753529532256,2.028354523181748e-17
5191.27716922623,1.8596907876492793e-17
5191.800808920205,1.8119492831571678e-17
5192.324448614179,1.873127123893238e-17
5192.848088308154,1.7822203358391645e-17
5193.371728002128,1.8317525997352078e-17
5193.895367696103,1.9460619036908042e-17
5194.419007390077,1.9778736731465924e-17
5194.942647084052,1.8090511196091306e-17
5195.466286778026,1.704807632180855e-17
5195.989926472001,1.8208436839206594e-17
5196.513566165975,1.761078959101359e-17
5197.03720585995,1.5291273755663858e-17
5197.560845553924,1.5156349809871253e-17
5198.084485247899,1.6745441970928317e-17
5198.608124941873,1.6580587634415826e-17
5199.1317646358475,1.8081781845821217e-17
5199.655404329822,1.8589865259089402e-17
5200.179044023796,2.000258173318838e-17
5200.702683717771,1.949661795207701e-17
5201.226323411745,1.9989321105289317e-17
5201.74996310572,2.0634939492990302e-17
5202.273602799694,2.0375677273068626e-17
5202.797242493669,1.925951349817812e-17
5203.320882187643,1.932246384278199e-17
5203.844521881618,2.0095021888235227e-17
5204.368161575592,1.9937920794204358e-17
5204.891801269567,2.0121601955701003e-17
5205.415440963541,2.119463840431964e-17
5205.939080657516,2.105807012046461e-17
5206.46272035149,1.949269936768794e-17
5206.986360045465,1.9581028666711198e-17
5207.509999739439,1.9779458488848703e-17
5208.033639433414,1.9554063139294292e-17
5208.557279127388,1.97460316669192e-17
5209.0809188213625,1.9846304676210086e-17
5209.604558515337,2.132563779473936e-17
5210.128198209311,2.3079855417329546e-17
5210.651837903286,2.2373230175567926e-17
5211.17547759726,2.178844265122427e-17
5211.699117291235,2.1609991353687258e-17
5212.222756985209,2.070349179342926e-17
5212.746396679184,2.0396875983591027e-17
5213.270036373158,2.0806428138224114e-17
5213.793676067133,2.0030293019405518e-17
5214.317315761107,1.994293160125116e-17
5214.840955455082,2.0328005056445248e-17
5215.364595149056,2.097729824504995e-17
5215.888234843031,2.1255784638999134e-17
5216.411874537005,1.9809143571168513e-17
5216.93551423098,1.8192056337911373e-17
5217.459153924954,1.7761925239111675e-17
5217.982793618929,1.7820140473865167e-17
5218.506433312903,1.83276852597084e-17
5219.0300730068775,1.8508435498835558e-17
5219.553712700852,1.7905535243634964e-17
5220.077352394826,1.9334708736778054e-17
5220.600992088801,2.097329647661457e-17
5221.124631782775,2.0890872774238295e-17
5221.64827147675,2.1833403790545407e-17
5222.171911170724,2.2190288250066945e-17
5222.695550864699,2.2333101486777658e-17
5223.219190558673,2.3413384485082216e-17
5223.742830252648,2.3014737955384238e-17
5224.266469946622,2.2224362474993622e-17
5224.790109640597,2.234225680382837e-17
5225.313749334571,2.0973099854727266e-17
5225.837389028546,2.083312605747682e-17
5226.36102872252,2.0543473097331656e-17
5226.884668416495,1.992938546839213e-17
5227.408308110469,2.1799148524957903e-17
5227.931947804444,2.3585006369033377e-17
5228.455587498418,2.473740464103387e-17
5228.9792271923925,2.421422131910128e-17
5229.502866886367,2.3894238137030326e-17
5230.026506580341,2.442905691356459e-17
5230.550146274316,2.4352380218125677e-17
5231.07378596829,2.419450834928328e-17
5231.597425662265,2.465934736993954e-17
5232.121065356239,2.5484360906850345e-17
5232.644705050214,2.5153613662868275e-17
5233.168344744188,2.466766929832057e-17
5233.691984438163,2.2690567636032556e-17
5234.215624132137,2.2479056568218124e-17
5234.739263826112,2.253298926354105e-17
5235.262903520086,2.3317794869496727e-17
5235.786543214061,2.4054318148039277e-17
5236.310182908035,2.2640370211806747e-17
5236.83382260201,2.1746989734187092e-17
5237.357462295984,2.131680159215882e-17
5237.881101989959,2.0912107813985558e-17
5238.404741683933,1.9490173361527524e-17
5238.9283813779075,1.8302806667669604e-17
5239.452021071882,1.7344923559474077e-17
5239.975660765856,1.7439817729301776e-17
5240.499300459831,1.8376043444640704e-17
5241.022940153805,1.8617201263070858e-17
5241.54657984778,1.7338792218123362e-17
5242.070219541754,1.6629235534882623e-17
5242.593859235729,1.7298174922292145e-17
5243.117498929703,1.8390841120582692e-17
5243.641138623678,2.0257768324891625e-17
5244.164778317652,2.0271350512370348e-17
5244.688418011627,2.1002472710067435e-17
5245.212057705601,2.194287692289638e-17
5245.735697399576,2.2261270769420174e-17
5246.25933709355,2.1938829842344894e-17
5246.782976787525,2.1664007653511087e-17
5247.306616481499,2.1440816376917995e-17
5247.830256175474,2.1321371961939778e-17
5248.353895869448,2.2250608566130013e-17
5248.8775355634225,2.3365311746914126e-17
5249.401175257397,2.3214126665001035e-17
5249.924814951371,2.2761653370346703e-17
5250.448454645346,2.236979602762456e-17
5250.97209433932,2.1702278862567693e-17
5251.495734033295,2.1923312704436535e-17
5252.019373727269,2.0740509212496095e-17
5252.543013421244,1.9781313254539603e-17
5253.066653115218,1.8691081221586307e-17
5253.590292809193,1.8744062006534198e-17
5254.113932503167,1.8568404216981096e-17
5254.637572197142,1.8518188857317173e-17
5255.161211891116,1.8076592678849823e-17
5255.684851585091,1.734414482843064e-17
5256.208491279065,1.589610117078703e-17
5256.73213097304,1.540172071469677e-17
5257.255770667014,1.5976696053794873e-17
5257.779410360989,1.7271669321158077e-17
5258.303050054963,1.857515436058524e-17
5258.8266897489375,1.9366700019532446e-17
5259.350329442912,2.0264645002451416e-17
5259.873969136886,1.994237483945283e-17
5260.397608830861,1.9565944404166874e-17
5260.921248524835,1.8671105173468142e-17
5261.44488821881,1.744554317673219e-17
5261.968527912784,1.696634784019926e-17
5262.492167606759,1.6627104436186482e-17
5263.015807300733,1.8274778869549064e-17
5263.539446994708,2.062256419248722e-17
5264.063086688682,2.1057552029009756e-17
5264.586726382657,2.087687041512076e-17
5265.110366076631,2.070210247470664e-17
5265.634005770606,2.0946780551107193e-17
5266.15764546458,2.1444163557464992e-17
5266.681285158555,2.1870171967510398e-17
5267.204924852529,2.2212706021109405e-17
5267.728564546504,2.1990956298442304e-17
5268.252204240478,2.1951015340449653e-17
5268.7758439344525,2.258768066434157e-17
5269.299483628427,2.3549210302306622e-17
5269.823123322401,2.3864677039937636e-17
5270.346763016376,2.3332843890658094e-17
5270.87040271035,2.263158847102428e-17
5271.394042404325,2.2827453140933347e-17
5271.917682098299,2.3480136472570376e-17
5272.441321792274,2.34905649622409e-17
5272.964961486248,2.347505847498667e-17
5273.488601180223,2.3851641177168844e-17
5274.012240874197,2.4128158537703355e-17
5274.535880568172,2.3352256255573703e-17
5275.059520262146,2.3518957999518467e-17
5275.583159956121,2.3307625169360716e-17
5276.106799650095,2.3446081464387102e-17
5276.63043934407,2.3791901987815692e-17
5277.154079038044,2.517145069673847e-17
5277.677718732019,2.6269481993315026e-17
5278.201358425993,2.702653149764806e-17
5278.7249981199675,2.6906100114177178e-17
5279.248637813942,2.5338038072511637e-17
5279.772277507916,2.4361657796203305e-17
5280.295917201891,2.3988377785760418e-17
5280.819556895865,2.4131440637520452e-17
5281.34319658984,2.4470927269265133e-17
5281.866836283814,2.4039100066746526e-17
5282.390475977789,2.396543935266168e-17
5282.914115671763,2.262065267492082e-17
5283.437755365738,2.146522016293223e-17
5283.961395059712,2.1409237228990757e-17
5284.485034753687,2.0332313617583388e-17
5285.008674447661,1.9552371969468207e-17
5285.532314141636,2.0780551387421e-17
5286.05595383561,2.2091393759980182e-17
5286.579593529585,2.3136960592025017e-17
5287.103233223559,2.2966961321238668e-17
5287.626872917534,2.2099224380816403e-17
5288.150512611508,2.210849714910423e-17
5288.6741523054825,2.1270133022505243e-17
5289.197791999457,1.9964845526449744e-17
5289.721431693431,2.0242291891849724e-17
5290.245071387406,2.0817272282987705e-17
5290.76871108138,2.2309379401719776e-17
5291.292350775355,2.3843526269935368e-17
5291.815990469329,2.4872413093014936e-17
5292.339630163304,2.467076028399232e-17
5292.863269857278,2.3766084720794236e-17
5293.386909551253,2.278595181718798e-17
5293.910549245227,2.1857800017131188e-17
5294.434188939202,2.159390505718362e-17
5294.957828633176,2.2481097222419215e-17
5295.481468327151,2.363152169251895e-17
5296.005108021125,2.4484387706349753e-17
5296.5287477151,2.5059664374429733e-17
5297.052387409074,2.5455721473198168e-17
5297.576027103049,2.496214922494752e-17
5298.099666797023,2.4554754646246827e-17
5298.6233064909975,2.428692711248424e-17
5299.146946184972,2.4974865490748876e-17
5299.670585878946,2.5016433235388828e-17
5300.194225572921,2.4844378207463452e-17
5300.717865266895,2.499760334665989e-17
5301.24150496087,2.537631715912761e-17
5301.765144654844,2.5734935213076846e-17
5302.288784348819,2.5357762541401115e-17
5302.812424042793,2.5092748083381254e-17
5303.336063736768,2.4981898592974588e-17
5303.859703430742,2.4765722673923975e-17
5304.383343124717,2.5142735495186437e-17
5304.906982818691,2.538212195157224e-17
5305.430622512666,2.5072253964320178e-17
5305.95426220664,2.4385203761461586e-17
5306.477901900615,2.4466523830952416e-17
5307.001541594589,2.4504041980500677e-17
5307.5251812885635,2.3545705707941355e-17
5308.048820982538,2.3023662825193844e-17
5308.5724606765125,2.2288852186394677e-17
5309.096100370487,2.1906549664774387e-17
5309.619740064461,2.312917631517426e-17
5310.143379758436,2.3727883950205485e-17
5310.66701945241,2.2306824093264766e-17
5311.190659146385,2.1986018428819584e-17
5311.714298840359,2.266061464131695e-17
5312.237938534334,2.2836298828813435e-17
5312.761578228308,2.2481303153182768e-17
5313.285217922283,2.268342046240768e-17
5313.808857616257,2.2849006440443125e-17
5314.332497310232,2.1773256487248533e-17
5314.856137004206,2.025708747005586e-17
5315.379776698181,1.9923583492050087e-17
5315.903416392155,2.0479548080891175e-17
5316.42705608613,2.03576570516727e-17
5316.950695780104,2.0779476055007868e-17
5317.4743354740785,2.1294526590852528e-17
5317.997975168053,2.184340765611999e-17
5318.5216148620275,2.237648719565072e-17
5319.045254556002,2.1373732102148186e-17
5319.568894249976,2.004764568482337e-17
5320.092533943951,1.9430698649432878e-17
5320.616173637925,1.901301429994514e-17
5321.1398133319,1.9948698085757337e-17
5321.663453025874,2.1930323034408474e-17
5322.187092719849,2.369321743662699e-17
5322.710732413823,2.470007511480244e-17
5323.234372107798,2.4624355844007332e-17
5323.758011801772,2.408593525736e-17
5324.281651495747,2.4052206147435535e-17
5324.805291189721,2.3634045857803195e-17
5325.328930883696,2.3456653820537173e-17
5325.85257057767,2.397946122639207e-17
5326.376210271645,2.3154073325636628e-17
5326.899849965619,2.252812191666413e-17
5327.4234896595935,2.1943940338168678e-17
5327.947129353568,2.170066958443261e-17
5328.4707690475425,2.1157929696175718e-17
5328.994408741517,2.0946611890470733e-17
5329.518048435491,2.2213856385154772e-17
5330.041688129466,2.3061421430034124e-17
5330.56532782344,2.373311579748239e-17
5331.088967517415,2.434862825082975e-17
5331.612607211389,2.394521907951122e-17
5332.136246905364,2.224428546630328e-17
5332.659886599338,2.1971257233604308e-17
5333.183526293313,2.2083491249820004e-17
5333.707165987287,2.3293415132743874e-17
5334.230805681262,2.4557939039757615e-17
5334.754445375236,2.4426701372637366e-17
5335.278085069211,2.462489578629302e-17
5335.801724763185,2.468274083896606e-17
5336.32536445716,2.3910544514741656e-17
5336.849004151134,2.2995216688647548e-17
5337.3726438451085,2.3541881580633083e-17
5337.896283539083,2.4052949868118933e-17
5338.4199232330575,2.4129875382447638e-17
5338.943562927032,2.4867548729525755e-17
5339.467202621006,2.5252002099000164e-17
5339.990842314981,2.446345880131696e-17
5340.514482008955,2.3915971136312605e-17
5341.03812170293,2.44967113708868e-17
5341.561761396904,2.5453932473877987e-17
5342.085401090879,2.5236077758547906e-17
5342.609040784853,2.5931784139224857e-17
5343.132680478828,2.7320356945316793e-17
5343.656320172802,2.770430351660367e-17
5344.179959866777,2.768869228112234e-17
5344.703599560751,2.763238728619841e-17
5345.227239254726,2.799189525773831e-17
5345.7508789487,2.765652490612071e-17
5346.274518642675,2.83378922715222e-17
5346.798158336649,2.9826299195147266e-17
5347.3217980306235,3.0094570910899723e-17
5347.845437724598,2.898206129558292e-17
5348.369077418571,2.7521976367332814e-17
5348.892717112545,2.742079737326051e-17
5349.41635680652,2.747277805712807e-17
5349.939996500494,2.7335662316515824e-17
5350.463636194469,2.829130535872357e-17
5350.987275888443,2.8533532730345995e-17
5351.5109155824175,2.705955341379436e-17
5352.034555276392,2.6148364114288166e-17
5352.5581949703665,2.5874854805041526e-17
5353.081834664341,2.4910983397054595e-17
5353.605474358315,2.2605015772996065e-17
5354.12911405229,2.265866103086896e-17
5354.652753746264,2.400030303330206e-17
5355.176393440239,2.4657209827249338e-17
5355.700033134213,2.472273450267058e-17
5356.223672828188,2.4226361787174658e-17
5356.747312522162,2.341381495677123e-17
5357.270952216137,2.3081498104577958e-17
5357.794591910111,2.273145540084045e-17
5358.318231604086,2.17290485933989e-17
5358.84187129806,2.25745078889402e-17
5359.365510992035,2.3449966423549686e-17
5359.889150686009,2.3910327407081512e-17
5360.412790379984,2.3941782232271067e-17
5360.936430073958,2.4351366396174476e-17
5361.4600697679325,2.460829939274563e-17
5361.983709461907,2.3771958280485847e-17
5362.5073491558815,2.2861208569397893e-17
5363.030988849856,2.362850064879545e-17
5363.55462854383,2.336688190301837e-17
5364.078268237805,2.354814148093989e-17
5364.601907931779,2.63643587279258e-17
5365.125547625754,2.8137141201673244e-17
5365.649187319728,2.864036352785707e-17
5366.172827013703,2.8841056663493127e-17
5366.696466707677,2.932410974454375e-17
5367.220106401652,2.900803462263824e-17
5367.743746095626,2.817846848683591e-17
5368.267385789601,2.7072420831149683e-17
5368.791025483575,2.626277690122472e-17
5369.31466517755,2.584263424818991e-17
5369.838304871524,2.5468439594013424e-17
5370.361944565499,2.4796421348746256e-17
5370.885584259473,2.5169445485138985e-17
5371.4092239534475,2.4776674234334755e-17
5371.932863647422,2.3863435179859065e-17
5372.4565033413965,2.326464049394631e-17
5372.980143035371,2.3621509928774382e-17
5373.503782729345,2.4083287247456937e-17
5374.02742242332,2.4528347197640536e-17
5374.551062117294,2.507071881390657e-17
5375.074701811269,2.5057653032702425e-17
5375.598341505243,2.4947824772787075e-17
5376.121981199218,2.480018490185953e-17
5376.645620893192,2.5318175738218512e-17
5377.169260587167,2.569979843124721e-17
5377.692900281141,2.545047250543145e-17
5378.216539975116,2.4985600608885868e-17
5378.74017966909,2.6025425177254252e-17
5379.263819363065,2.6000346692263332e-17
5379.787459057039,2.5290423649147052e-17
5380.311098751014,2.430601434862677e-17
5380.834738444988,2.3895675679389556e-17
5381.3583781389625,2.3661426606755785e-17
5381.882017832937,2.2949543726412342e-17
5382.405657526911,2.2826112007439118e-17
5382.929297220886,2.2597680065397668e-17
5383.45293691486,2.1752175548513016e-17
5383.976576608835,2.1648623149705425e-17
5384.500216302809,2.2163869482166377e-17
5385.023855996784,2.2672114551579305e-17
5385.547495690758,2.1571022142397207e-17
5386.071135384733,2.168233652904513e-17
5386.594775078707,2.2806634734967234e-17
5387.118414772682,2.2155473790401718e-17
5387.642054466656,2.2499913030565106e-17
5388.165694160631,2.2728609281628635e-17
5388.689333854605,2.1563084403035447e-17
5389.21297354858,2.0692524943568396e-17
5389.736613242554,2.2530100695312596e-17
5390.260252936529,2.4188845034763402e-17
5390.783892630503,2.4835804714651496e-17
5391.3075323244775,2.4759732932054603e-17
5391.831172018452,2.320181540624612e-17
5392.354811712426,2.2556285615644917e-17
5392.878451406401,2.1723782741592718e-17
5393.402091100375,2.2189631472422036e-17
5393.92573079435,2.1755894909744924e-17
5394.449370488324,2.169979859235276e-17
5394.973010182299,2.0236703733200833e-17
5395.496649876273,2.0948115322599513e-17
5396.020289570248,2.0205645588247732e-17
5396.543929264222,1.982816002795273e-17
5397.067568958197,2.039945084864816e-17
5397.591208652171,2.038958103008661e-17
5398.114848346146,2.0565298067248097e-17
5398.63848804012,2.2408528535123284e-17
5399.162127734095,2.316675528192086e-17
5399.685767428069,2.2622581469714278e-17
5400.209407122044,2.272439116065299e-17
5400.733046816018,2.3731070476536027e-17
5401.2566865099925,2.3083062865438508e-17
5401.780326203967,2.1863403096599047e-17
5402.303965897941,2.3108815657365655e-17
5402.827605591916,2.4245444190647462e-17
5403.35124528589,2.511449371846324e-17
5403.874884979865,2.5550841535121685e-17
5404.398524673839,2.6571900792653104e-17
5404.922164367814,2.5565037859405458e-17
5405.445804061788,2.4107315865875468e-17
5405.969443755763,2.342184641729969e-17
5406.493083449737,2.404442748605843e-17
5407.016723143712,2.3986542475761573e-17
5407.540362837686,2.3399565619875196e-17
5408.064002531661,2.457945382979612e-17
5408.587642225635,2.539720767657939e-17
5409.11128191961,2.5630093021552853e-17
5409.634921613584,2.559815638727004e-17
5410.158561307559,2.435845513844529e-17
5410.682201001533,2.3654247479996428e-17
5411.2058406955075,2.339906110367681e-17
5411.729480389482,2.4222356081236238e-17
5412.253120083456,2.4290554400626468e-17
5412.776759777431,2.3187453905734516e-17
5413.300399471405,2.361747122913866e-17
5413.82403916538,2.4547083918638266e-17
5414.347678859354,2.506618075222713e-17
5414.871318553329,2.4558434421877508e-17
5415.394958247303,2.4072659692410004e-17
5415.918597941278,2.2547089826713493e-17
5416.442237635252,2.2654175190613085e-17
5416.965877329227,2.3570876560423878e-17
5417.489517023201,2.4432416849931535e-17
5418.013156717176,2.5407549800490997e-17
5418.53679641115,2.4188920338730524e-17
5419.060436105125,2.3457701746935428e-17
5419.584075799099,2.3836773879782106e-17
5420.107715493074,2.2420519230387296e-17
5420.631355187048,2.1238510107065368e-17
5421.1549948810225,2.014383427675673e-17
5421.678634574997,1.944227500525557e-17
5422.202274268971,1.9550022021049773e-17
5422.725913962946,2.0623651132013355e-17
5423.24955365692,2.065004991453246e-17
5423.773193350895,2.0946195365653988e-17
5424.296833044869,2.1809291105009235e-17
5424.820472738844,2.098321488756985e-17
5425.344112432818,2.2104072175912494e-17
5425.867752126793,2.3711667382018126e-17
5426.391391820767,2.400596573150516e-17
5426.915031514742,2.376771565067136e-17
5427.438671208716,2.4567296857910966e-17
5427.962310902691,2.6256472519280898e-17
5428.485950596665,2.706527700138686e-17
5429.00959029064,2.7006125380774736e-17
5429.533229984614,2.7750325856126758e-17
5430.056869678589,2.8729612741406625e-17
5430.580509372563,2.867776188452287e-17
5431.1041490665375,2.796029788490922e-17
5431.627788760512,2.782895758620856e-17
5432.151428454486,2.7130518741597102e-17
5432.675068148461,2.6613011521426453e-17
5433.198707842435,2.5183641997246928e-17
5433.72234753641,2.419499366236173e-17
5434.245987230384,2.4224515504316548e-17
5434.769626924359,2.535834089378978e-17
5435.293266618333,2.494292509615883e-17
5435.816906312308,2.5000969399473834e-17
5436.340546006282,2.5309829866437102e-17
5436.864185700257,2.5344723809947872e-17
5437.387825394231,2.4162087090600645e-17
5437.911465088206,2.364778877139893e-17
5438.43510478218,2.289785420948817e-17
5438.958744476155,2.269044281116179e-17
5439.482384170129,2.380367925448348e-17
5440.006023864104,2.5272565912352574e-17
5440.529663558078,2.6412388493464377e-17
5441.0533032520525,2.6368014571271654e-17
5441.576942946027,2.5420826965072814e-17
5442.100582640001,2.4937249386716797e-17
5442.624222333976,2.5196679206574048e-17
5443.14786202795,2.4533911780907262e-17
5443.671501721925,2.5235487045099717e-17
5444.195141415899,2.5957590499330954e-17
5444.718781109874,2.5413782803020763e-17
5445.242420803848,2.5020797927685348e-17
5445.766060497823,2.462336283788444e-17
5446.289700191797,2.3419927297357975e-17
5446.813339885772,2.3551847979511775e-17
5447.336979579746,2.3303796621172335e-17
5447.860619273721,2.3232821975180147e-17
5448.384258967695,2.4990121946647497e-17
5448.90789866167,2.626133347563037e-17
5449.431538355644,2.600874514525017e-17
5449.955178049619,2.5731273362764193e-17
5450.478817743593,2.688858765353156e-17
5451.0024574375675,2.7174282169455462e-17
5451.526097131542,2.638621979662047e-17
5452.049736825516,2.611245682913202e-17
5452.573376519491,2.4871270272278602e-17
5453.097016213465,2.4985941323605752e-17
5453.62065590744,2.5076148907444572e-17
5454.144295601414,2.5254952475267093e-17
5454.667935295389,2.508468964294722e-17
5455.191574989363,2.5015447382289988e-17
5455.715214683338,2.5953311622775416e-17
5456.238854377312,2.6443661764507493e-17
5456.762494071287,2.6333938417547067e-17
5457.286133765261,2.632962178585169e-17
5457.809773459236,2.7237100393526758e-17
5458.33341315321,2.6827143827244125e-17
5458.857052847185,2.6239066295742307e-17
5459.380692541159,2.641314132815088e-17
5459.904332235134,2.6559508041187916e-17
5460.427971929108,2.6203701609282384e-17
5460.9516116230825,2.6616938640805323e-17
5461.475251317057,2.6912933496821337e-17
5461.998891011031,2.6302699547983245e-17
5462.522530705006,2.446782327958829e-17
5463.04617039898,2.3692818649470254e-17
5463.569810092955,2.3926219343601254e-17
5464.093449786929,2.302507064794093e-17
5464.617089480904,2.2649483841650722e-17
5465.140729174878,2.2882091431557922e-17
5465.664368868853,2.320093416010881e-17
5466.188008562827,2.4239235361384613e-17
5466.711648256802,2.4569115603973054e-17
5467.235287950776,2.3529811380877605e-17
5467.758927644751,2.297896504885564e-17
5468.282567338725,2.2610956662252333e-17
5468.8062070327,2.1857898807212163e-17
5469.329846726674,2.224055733742325e-17
5469.853486420649,2.3729340765719413e-17
5470.377126114623,2.511634090888222e-17
5470.9007658085975,2.5878150183311064e-17
5471.424405502572,2.5892085640999865e-17
5471.948045196546,2.5639056717545424e-17
5472.471684890521,2.526991954925366e-17
5472.995324584495,2.5047946551894096e-17
5473.51896427847,2.5376576013174033e-17
5474.042603972444,2.485117378855799e-17
5474.566243666419,2.4864182254224543e-17
5475.089883360393,2.6519770891638874e-17
5475.613523054368,2.6455333269735264e-17
5476.137162748342,2.536535126633235e-17
5476.660802442317,2.5534690756022427e-17
5477.184442136291,2.56358600652513e-17
5477.708081830266,2.573809514630771e-17
5478.23172152424,2.5775896240849277e-17
5478.755361218215,2.601086118089482e-17
5479.279000912189,2.571524993729088e-17
5479.802640606164,2.6085328470248163e-17
5480.326280300138,2.703696867312997e-17
5480.8499199941125,2.7228829161638626e-17
5481.373559688087,2.6996289531266564e-17
5481.897199382061,2.6401453228845408e-17
5482.420839076036,2.5100499355227768e-17
5482.94447877001,2.4255000622851986e-17
5483.468118463985,2.3919180967032104e-17
5483.991758157959,2.4495094959112818e-17
5484.515397851934,2.4323071761567076e-17
5485.039037545908,2.3308723484682977e-17
5485.562677239883,2.3383897731099543e-17
5486.086316933857,2.4144442484105963e-17
5486.609956627832,2.488351402545071e-17
5487.133596321806,2.5036270896702597e-17
5487.657236015781,2.43409565753105e-17
5488.180875709755,2.3978885930466048e-17
5488.70451540373,2.379860742527454e-17
5489.228155097704,2.3184926522859242e-17
5489.751794791679,2.2851527850071482e-17
5490.275434485653,2.377094621799506e-17
5490.7990741796275,2.5229814917835097e-17
5491.322713873602,2.6657122539686244e-17
5491.846353567576,2.6360660503897047e-17
5492.369993261551,2.4258790960799242e-17
5492.893632955525,2.3361169959172613e-17
5493.4172726495,2.3142101454886128e-17
5493.940912343474,2.3575678192997457e-17
5494.464552037449,2.410459784731408e-17
5494.988191731423,2.444615071456539e-17
5495.511831425398,2.5589776546832317e-17
5496.035471119372,2.5648237375033224e-17
5496.559110813347,2.5434034824694312e-17
5497.082750507321,2.4747175630686296e-17
5497.606390201296,2.4017428521311184e-17
5498.13002989527,2.281307356909413e-17
5498.653669589245,2.1519413310408983e-17
5499.177309283219,2.1446038123432737e-17
5499.700948977194,2.3412989503299064e-17
5500.224588671168,2.304222525737406e-17
5500.7482283651425,2.1382843464050767e-17
5501.271868059117,2.1684505693360752e-17
5501.795507753091,2.323498015231462e-17
5502.319147447066,2.3410642617283574e-17
5502.84278714104,2.359553103979517e-17
5503.366426835015,2.501346437593063e-17
5503.890066528989,2.5259559840507805e-17
5504.413706222964,2.4291263103116758e-17
5504.937345916938,2.4644900158158995e-17
5505.460985610913,2.5803784332498092e-17
5505.984625304887,2.662081962599237e-17
5506.508264998862,2.6775676331637948e-17
5507.031904692836,2.6763438310995538e-17
5507.555544386811,2.6835645485971866e-17
5508.079184080785,2.7041932168723805e-17
5508.60282377476,2.7146798006993075e-17
5509.126463468734,2.5914383210592648e-17
5509.650103162709,2.7356096571866216e-17
5510.173742856683,2.6978408601342573e-17
5510.6973825506575,2.593675276822263e-17
5511.221022244632,2.6406096612391237e-17
5511.744661938606,2.6512165268332987e-17
5512.268301632581,2.666579175087915e-17
5512.791941326555,2.5681749549473554e-17
5513.31558102053,2.517726938911895e-17
5513.839220714504,2.4937132202662655e-17
5514.362860408479,2.4649418237123094e-17
5514.886500102453,2.3740458028378313e-17
5515.410139796428,2.3596375291192315e-17
5515.933779490402,2.325896880870329e-17
5516.457419184377,2.2743477584931656e-17
5516.981058878351,2.292128904645347e-17
5517.504698572326,2.3020639350692793e-17
5518.0283382663,2.306048309436389e-17
5518.551977960275,2.1794625929438533e-17
5519.075617654249,2.1943013683879545e-17
5519.599257348224,2.31678767053248e-17
5520.122897042198,2.3474003284863577e-17
5520.6465367361725,2.405825549923045e-17
5521.170176430147,2.560999179601102e-17
5521.693816124121,2.590798791571326e-17
5522.217455818096,2.5471476388794678e-17
5522.74109551207,2.4917694879022047e-17
5523.264735206045,2.5214611092254932e-17
5523.788374900019,2.4372434918042133e-17
5524.312014593994,2.3575716235225135e-17
5524.835654287968,2.3136362353541197e-17
5525.359293981943,2.2149989028091972e-17
5525.882933675917,2.2876280361473923e-17
5526.406573369892,2.2534495763535177e-17
5526.930213063866,2.353820157543878e-17
5527.453852757841,2.3488360372853375e-17
5527.977492451815,2.6002828048469096e-17
5528.50113214579,2.7446517071787047e-17
5529.024771839764,2.790537498400947e-17
5529.5484115337385,2.7475861264765138e-17
5530.072051227713,2.723740252643815e-17
5530.5956909216875,2.6525754544745435e-17
5531.119330615662,2.8096624789837194e-17
5531.642970309636,2.7553586290760992e-17
5532.166610003611,2.814309890815988e-17
5532.690249697585,2.767498953794931e-17
5533.21388939156,2.6918358012092642e-17
5533.737529085534,2.5880827491197462e-17
5534.261168779509,2.517017334095608e-17
5534.784808473483,2.547376631694741e-17
5535.308448167458,2.5485091562011774e-17
5535.832087861432,2.5686532228750064e-17
5536.355727555407,2.5849808392617008e-17
5536.879367249381,2.574498145487213e-17
5537.403006943356,2.5681171575245435e-17
5537.92664663733,2.6207301244701703e-17
5538.450286331305,2.753199776215823e-17
5538.973926025279,2.7890505640312576e-17
5539.4975657192535,2.846933974808334e-17
5540.021205413227,2.8535922186945965e-17
5540.544845107202,2.7871426237150577e-17
5541.068484801176,2.7345311964811188e-17
5541.5921244951505,2.7265133624106053e-17
5542.115764189125,2.7633985208380886e-17
5542.6394038830995,2.782819880007513e-17
5543.163043577074,2.8497286007310464e-17
5543.686683271048,2.853754071725726e-17
5544.210322965023,2.7557108960691776e-17
5544.733962658997,2.7755240914389183e-17
5545.257602352972,2.7472329390373807e-17
5545.781242046946,2.699614291456176e-17
5546.304881740921,2.795022159272672e-17
5546.828521434895,2.845201448415822e-17
5547.35216112887,2.8423361854817894e-17
5547.875800822844,2.791985024698167e-17
5548.399440516819,2.7770159224530386e-17
5548.923080210793,2.800663460647848e-17
5549.446719904768,2.776017311564237e-17
5549.970359598742,2.771693492825245e-17
5550.493999292717,2.871872860865675e-17
5551.017638986691,2.8735902154108064e-17
5551.5412786806655,2.6979005041211314e-17
5552.06491837464,2.629829184327261e-17
5552.5885580686145,2.628997939293148e-17
5553.112197762589,2.6212356293027268e-17
5553.635837456563,2.6546393136040707e-17
5554.159477150538,2.7197130902631185e-17
5554.683116844512,2.6498966185867692e-17
5555.206756538487,2.5850773050995066e-17
5555.730396232461,2.5043555071639698e-17
5556.254035926436,2.5581213553528597e-17
5556.77767562041,2.694975668387474e-17
5557.301315314385,2.6873876186706585e-17
5557.824955008359,2.543007611915114e-17
5558.348594702334,2.540590873600979e-17
5558.872234396308,2.5389598579426384e-17
5559.395874090283,2.5715227931468524e-17
5559.919513784257,2.5842769265480902e-17
5560.443153478232,2.623473069812354e-17
5560.966793172206,2.569754588715968e-17
5561.4904328661805,2.5342811230466477e-17
5562.014072560155,2.5519396366903927e-17
5562.5377122541295,2.6804575329131167e-17
5563.061351948104,2.7718861486296686e-17
5563.584991642078,2.7269914612945557e-17
5564.108631336053,2.6139507739219238e-17
5564.632271030027,2.5158580043115087e-17
5565.155910724002,2.5271571049792316e-17
5565.679550417976,2.6577127357437416e-17
5566.203190111951,2.7257247059730043e-17
5566.726829805925,2.6766377520052977e-17
5567.2504694999,2.6861752946155892e-17
5567.774109193874,2.6354857033037614e-17
5568.297748887849,2.6169466470834457e-17
5568.821388581823,2.6640368594854234e-17
5569.345028275798,2.6844490252233342e-17
5569.868667969772,2.7082304896462344e-17
5570.392307663747,2.6594514674709953e-17
5570.915947357721,2.648440648118442e-17
5571.4395870516955,2.7469738620733897e-17
5571.96322674567,2.806480686220259e-17
5572.4868664396445,2.7537711273283124e-17
5573.010506133619,2.700885811089469e-17
5573.534145827593,2.5886168645916752e-17
5574.057785521568,2.550585769195535e-17
5574.581425215542,2.5762950047702305e-17
5575.105064909517,2.5690612085339553e-17
5575.628704603491,2.525728449902046e-17
5576.152344297466,2.5419752375238317e-17
5576.67598399144,2.3985893097498875e-17
5577.199623685415,2.4572147349600848e-17
5577.723263379389,2.4197141182823114e-17
5578.246903073364,2.3706979835859202e-17
5578.770542767338,2.3260738293050287e-17
5579.294182461313,2.263320510176155e-17
5579.817822155287,2.3211397256413715e-17
5580.341461849262,2.3389932390626798e-17
5580.865101543236,2.3778871704515065e-17
5581.3887412372105,2.5659994503213053e-17
5581.912380931185,2.5762698075207602e-17
5582.4360206251595,2.6485987111461116e-17
5582.959660319134,2.7210139189375216e-17
5583.483300013108,2.7984274924999655e-17
5584.006939707083,2.7325101008074334e-17
5584.530579401057,2.5810464662864022e-17
5585.054219095032,2.5766874988220904e-17
5585.577858789006,2.6657746688715123e-17
5586.101498482981,2.663594128127738e-17
5586.625138176955,2.640029611747602e-17
5587.14877787093,2.6689241899147165e-17
5587.672417564904,2.7372586548887534e-17
5588.196057258879,2.8079851637757306e-17
5588.719696952853,2.6912929550180522e-17
5589.243336646828,2.5761715108862165e-17
5589.766976340802,2.5215090545305052e-17
5590.290616034777,2.5358658252347713e-17
5590.814255728751,2.5714473915660687e-17
5591.3378954227255,2.5919243092747664e-17
5591.8615351167,2.568318116965816e-17
5592.3851748106745,2.5828863718194158e-17
5592.908814504649,2.6402769332404745e-17
5593.432454198623,2.6380193528749296e-17
5593.956093892598,2.658033271111329e-17
5594.479733586572,2.6896048903706814e-17
5595.003373280547,2.7550702288839246e-17
5595.527012974521,2.832875464810269e-17
5596.050652668496,2.890323226393711e-17
5596.57429236247,2.9011061041845136e-17
5597.097932056445,2.9585025777672743e-17
5597.621571750419,2.966107277465106e-17
5598.145211444394,2.8978048072491025e-17
5598.668851138368,2.984582097417937e-17
5599.192490832343,3.07255502633167e-17
5599.716130526317,3.011609626321946e-17
5600.239770220292,2.906445105157107e-17
5600.763409914266,2.866077702985889e-17
5601.2870496082405,2.758895491600794e-17
5601.810689302215,2.6808047251445905e-17
5602.3343289961895,2.6934623840551498e-17
5602.857968690164,2.7529762864929076e-17
5603.381608384138,2.7752896609314106e-17
5603.905248078113,2.6880743027148495e-17
5604.428887772087,2.698615530241919e-17
5604.952527466062,2.6803700038756374e-17
5605.476167160036,2.6355803385705518e-17
5605.999806854011,2.5218389081026667e-17
5606.523446547985,2.479966503403809e-17
5607.04708624196,2.4611688187336888e-17
5607.570725935934,2.482974974904455e-17
5608.094365629909,2.6489843934987513e-17
5608.618005323883,2.7562728606823548e-17
5609.141645017858,2.7305784656435263e-17
5609.665284711832,2.7442431109410086e-17
5610.188924405807,2.6962440238665106e-17
5610.712564099781,2.6192946897005934e-17
5611.2362037937555,2.61944243682368e-17
5611.75984348773,2.6210667573497944e-17
5612.2834831817045,2.625982853093856e-17
5612.807122875679,2.535486552722768e-17
5613.330762569653,2.571223063778723e-17
5613.854402263628,2.538966240182662e-17
5614.378041957602,2.540574114789625e-17
5614.901681651577,2.5129400898971246e-17
5615.425321345551,2.4951882228600868e-17
5615.948961039526,2.5287312989313555e-17
5616.4726007335,2.5164802211262228e-17
5616.996240427475,2.6094502932538177e-17
5617.519880121449,2.6983690567424183e-17
5618.043519815424,2.7114991878921855e-17
5618.567159509398,2.7573190233096632e-17
5619.090799203373,2.8005669877519355e-17
5619.614438897347,2.76517093411355e-17
5620.138078591322,2.851349570247832e-17
5620.661718285296,2.853525024859869e-17
5621.1853579792705,2.908667535566893e-17
5621.708997673245,2.9535422842690126e-17
5622.2326373672195,2.921304093035421e-17
5622.756277061194,2.962777606832158e-17
5623.279916755168,2.9608777901687585e-17
5623.803556449143,2.9375061243873686e-17
5624.327196143117,2.86260847746132e-17
5624.850835837092,2.828269037327246e-17
5625.374475531066,2.79490890289464e-17
5625.898115225041,2.7836675854508585e-17
5626.421754919015,2.7821854989174326e-17
5626.94539461299,2.7286251715394052e-17
5627.469034306964,2.7071733041097414e-17
5627.992674000939,2.660590756310423e-17
5628.516313694913,2.683113637309585e-17
5629.039953388888,2.6889553140714564e-17
5629.563593082862,2.60998317893245e-17
5630.087232776837,2.6894321607201687e-17
5630.610872470811,2.7674347833017876e-17
5631.1345121647855,2.690885623305241e-17
5631.65815185876,2.6167642516311663e-17
5632.1817915527345,2.6305647390657657e-17
5632.705431246709,2.7047680679639044e-17
5633.229070940683,2.755050809221652e-17
5633.752710634658,2.884011301187758e-17
5634.276350328632,2.9664509047964535e-17
5634.799990022607,2.95269392075044e-17
5635.323629716581,2.946525424156025e-17
5635.847269410556,2.923489577131478e-17
5636.37090910453,2.972030343243178e-17
5636.894548798505,3.045692162363277e-17
5637.418188492479,3.092570571383436e-17
5637.941828186454,3.0743508864679155e-17
5638.465467880428,3.0393926643530893e-17
5638.989107574403,3.023895380802742e-17
5639.512747268377,3.0318801447219755e-17
5640.036386962352,3.0596621105028583e-17
5640.560026656326,3.005488864027837e-17
5641.0836663503005,2.978713382188814e-17
5641.607306044275,2.9509418339724066e-17
5642.1309457382495,2.9572405368099845e-17
5642.654585432224,2.9694639155804975e-17
5643.178225126198,2.877911922553938e-17
5643.701864820173,2.7773564432124714e-17
5644.225504514147,2.699897955513353e-17
5644.749144208122,2.7197477074069738e-17
5645.272783902096,2.7183997101633286e-17
5645.796423596071,2.685268642743032e-17
5646.320063290045,2.7219829032773168e-17
5646.84370298402,2.6777979378961833e-17
5647.367342677994,2.6067999096531494e-17
5647.890982371969,2.570653396545921e-17
5648.414622065943,2.445081759812474e-17
5648.938261759918,2.413116840319511e-17
5649.461901453892,2.314667112959617e-17
5649.985541147867,2.3350513495723873e-17
5650.509180841841,2.4482668996943563e-17
5651.0328205358155,2.5967713262917324e-17
5651.55646022979,2.717710335473492e-17
5652.0800999237645,2.8081608858158727e-17
5652.603739617739,2.838818137963649e-17
5653.127379311713,2.7213403348118417e-17
5653.651019005688,2.679658739290738e-17
5654.174658699662,2.6102469644754167e-17
5654.698298393637,2.54777744884581e-17
5655.221938087611,2.7009543855359843e-17
5655.745577781586,2.760274557131496e-17
5656.26921747556,2.7423009664518954e-17
5656.792857169535,2.703533203225194e-17
5657.316496863509,2.5910392006690084e-17
5657.840136557484,2.581828029662638e-17
5658.363776251458,2.6401771341386282e-17
5658.887415945433,2.6629287196498967e-17
5659.411055639407,2.7480349851338833e-17
5659.934695333382,2.825381956595433e-17
5660.458335027356,2.804833385856241e-17
5660.9819747213305,2.799928753782337e-17
5661.505614415305,2.877239503401075e-17
5662.0292541092795,3.0127435112602753e-17
5662.552893803254,3.104455338745757e-17
5663.076533497228,3.068157100004975e-17
5663.600173191203,3.119987713596761e-17
5664.123812885177,3.1635878344845955e-17
5664.647452579152,3.169176012114843e-17
5665.171092273126,3.075642350900159e-17
5665.694731967101,3.02036420079387e-17
5666.218371661075,3.0585210730539174e-17
5666.74201135505,3.047121438928487e-17
5667.265651049024,2.973747457839485e-17
5667.789290742999,2.973462982688509e-17
5668.312930436973,2.927246845148087e-17
5668.836570130948,2.9281319432320175e-17
5669.360209824922,2.88047375001911e-17
5669.883849518897,2.838671536847134e-17
5670.407489212871,2.8164983805136663e-17
5670.9311289068455,2.873020711533122e-17
5671.45476860082,2.842437273724497e-17
5671.9784082947945,2.7410124992055277e-17
5672.502047988769,2.6636739820060952e-17
5673.025687682743,2.7491187135344495e-17
5673.549327376718,2.716959656876562e-17
5674.072967070692,2.603080224494851e-17
5674.596606764667,2.4748963335726648e-17
5675.120246458641,2.5391009355109844e-17
5675.643886152616,2.6270868601006418e-17
5676.16752584659,2.57162297952179e-17
5676.691165540565,2.6718818471728265e-17
5677.214805234539,2.77811323797399e-17
5677.738444928514,2.825659961161256e-17
5678.262084622488,2.8216331564181765e-17
5678.785724316463,2.799214233789653e-17
5679.309364010437,2.792851883306218e-17
5679.833003704412,2.7919680103784804e-17
5680.356643398386,2.6975883211782e-17
5680.8802830923605,2.8586373815616574e-17
5681.403922786335,2.8947095328697367e-17
5681.9275624803095,2.8690328110647705e-17
5682.451202174284,2.8960497668827915e-17
5682.974841868258,2.997974250934563e-17
5683.498481562233,3.0065731736191184e-17
5684.022121256207,2.931242841858264e-17
5684.545760950182,2.9807706727553044e-17
5685.069400644156,2.9523806962274044e-17
5685.593040338131,2.97875585924447e-17
5686.116680032105,2.9043740251526806e-17
5686.64031972608,2.912004480573637e-17
5687.163959420054,2.871850687568868e-17
5687.687599114029,2.7430004293103215e-17
5688.211238808003,2.6470736263369194e-17
5688.734878501978,2.6480060479239504e-17
5689.258518195952,2.7383835927384172e-17
5689.782157889927,2.808822252435619e-17
5690.305797583901,2.7990038724126927e-17
5690.8294372778755,2.769243681176002e-17
5691.35307697185,2.698645436373091e-17
5691.8767166658245,2.6827474982971305e-17
5692.400356359799,2.620945093912615e-17
5692.923996053773,2.5514867638919403e-17
5693.447635747748,2.5947561842067183e-17
5693.971275441722,2.583528806641946e-17
5694.494915135697,2.5826158617275105e-17
5695.018554829671,2.5676484099344063e-17
5695.542194523646,2.6460451208414367e-17
5696.06583421762,2.6994311401429726e-17
5696.589473911595,2.6252618681534766e-17
5697.113113605569,2.4765886798526053e-17
5697.636753299544,2.4013810384125756e-17
5698.160392993518,2.410261176418869e-17
5698.684032687493,2.411804860926548e-17
5699.207672381467,2.4709488814902226e-17
5699.731312075442,2.4920367406838823e-17
5700.254951769416,2.5001376330458547e-17
5700.7785914633905,2.4777595223582542e-17
5701.302231157365,2.5936879737058686e-17
5701.8258708513395,2.723523496936542e-17
5702.349510545314,2.8065083910918494e-17
5702.873150239288,2.8380636494046694e-17
5703.396789933263,2.7474111917411712e-17
5703.920429627237,2.7456921881156733e-17
5704.444069321212,2.853268940831825e-17
5704.967709015186,2.886088288957888e-17
5705.491348709161,2.900905448272409e-17
5706.014988403135,3.001757329594719e-17
5706.53862809711,2.9943882577387406e-17
5707.062267791084,3.031957835163003e-17
5707.585907485059,3.0670740031196377e-17
5708.109547179033,3.094356561496213e-17
5708.633186873008,3.076135855948678e-17
5709.156826566982,3.1205787036984224e-17
5709.680466260957,3.097180419251719e-17
5710.204105954931,3.1196913252096667e-17
5710.7277456489055,3.158209411152667e-17
5711.25138534288,3.109247901599138e-17
5711.7750250368545,3.156081742377626e-17
5712.298664730829,3.1282005460147215e-17
5712.822304424803,3.0567786415337204e-17
5713.345944118778,3.0301683445257997e-17
5713.869583812752,3.086368885932943e-17
5714.393223506727,3.0711178174691323e-17
5714.916863200701,3.0292513557820226e-17
5715.440502894676,3.076984277030543e-17
5715.96414258865,3.026303549054727e-17
5716.487782282625,2.966912359357632e-17
5717.011421976599,2.904391485625593e-17
5717.535061670574,2.886460637109909e-17
5718.058701364548,2.9090642980959e-17
5718.582341058523,2.866421895019058e-17
5719.105980752497,2.827720914559775e-17
5719.629620446472,2.910942148294639e-17
5720.153260140446,2.969314669830522e-17
5720.6768998344205,2.951487978032095e-17
5721.200539528395,3.01522417904341e-17
5721.7241792223695,3.0382520896272264e-17
5722.247818916344,2.9862108394831145e-17
5722.771458610318,2.957700861726819e-17
5723.295098304293,2.942017768990857e-17
5723.818737998267,3.028727841014735e-17
5724.342377692242,3.1280942394368255e-17
5724.866017386216,3.090773917950523e-17
5725.389657080191,3.114765308761185e-17
5725.913296774165,3.160195296567825e-17
5726.43693646814,3.152095013464903e-17
5726.960576162114,3.0887777594582254e-17
5727.484215856089,3.022468656943119e-17
5728.007855550063,3.005486990412968e-17
5728.531495244038,2.981391868534708e-17
5729.055134938012,2.890156578178827e-17
5729.578774631987,2.9428286571222526e-17
5730.102414325961,2.8872241576443256e-17
5730.6260540199355,2.9270938966705794e-17
5731.14969371391,2.8774754525429745e-17
5731.6733334078845,2.9319488019485756e-17
5732.196973101859,2.8901983252277005e-17
5732.720612795833,2.797754462005461e-17
5733.244252489808,2.7637136460448632e-17
5733.767892183782,2.776589972320052e-17
5734.291531877757,2.7883568805973115e-17
5734.815171571731,2.733251071963157e-17
5735.338811265706,2.8042706286288965e-17
5735.86245095968,2.866652750982626e-17
5736.386090653655,2.855245229685013e-17
5736.909730347629,2.938286810566098e-17
5737.433370041604,2.9742533882048885e-17
5737.957009735578,3.014881882952747e-17
5738.480649429553,2.958147543750535e-17
5739.004289123527,2.8798090908436706e-17
5739.527928817502,2.7099259501657692e-17
5740.051568511476,2.7080694372064987e-17
5740.5752082054505,2.702868034110426e-17
5741.098847899425,2.753227802917248e-17
5741.6224875933995,2.940218655512302e-17
5742.146127287374,2.955028335062141e-17
5742.669766981348,2.912886405391112e-17
5743.193406675323,2.848704631609112e-17
5743.717046369297,2.791975716910117e-17
5744.240686063272,2.858934785006371e-17
5744.764325757246,2.8005167849372954e-17
5745.287965451221,2.85106219001656e-17
5745.811605145195,2.8974162115335296e-17
5746.33524483917,2.909695881497753e-17
5746.858884533144,2.9670734640211764e-17
5747.382524227119,2.959449632102125e-17
5747.906163921093,2.974424400861602e-17
5748.429803615068,2.942935175504227e-17
5748.953443309042,2.96153872567527e-17
5749.477083003017,3.0181497513190185e-17
5750.000722696991,2.9793719516279634e-17
5750.5243623909655,2.958967932269443e-17
5751.04800208494,2.897305741395857e-17
5751.571641778914,2.903269960975037e-17
5752.095281472888,2.9438389537607545e-17
5752.6189211668625,2.983226226205765e-17
5753.142560860837,2.9162857653929546e-17
5753.666200554811,2.987241443679545e-17
5754.189840248786,3.024519917825582e-17
5754.71347994276,2.9533235253747284e-17
5755.237119636735,3.088504851943707e-17
5755.760759330709,3.130527731132148e-17
5756.284399024684,3.1322841748976613e-17
5756.808038718658,3.1324612862536244e-17
5757.331678412633,3.0558886816840725e-17
5757.855318106607,3.063027540090808e-17
5758.378957800582,3.134794395134026e-17
5758.902597494556,3.129510699800081e-17
5759.426237188531,3.031784204113479e-17
5759.949876882505,3.003572027733498e-17
5760.47351657648,2.9698910419276224e-17
5760.997156270454,2.92707109240645e-17
5761.5207959644285,3.025682854984245e-17
5762.044435658403,3.036304506747227e-17
5762.5680753523775,3.0384625025298405e-17
5763.091715046352,3.0286044913909155e-17
5763.615354740326,3.023544295256774e-17
5764.138994434301,3.016029712686782e-17
5764.662634128275,3.133143344938301e-17
5765.18627382225,3.145831514175249e-17
5765.709913516224,3.146722543177447e-17
5766.233553210199,3.0412236932541766e-17
5766.757192904173,2.988846863423769e-17
5767.280832598148,3.0025479932275156e-17
5767.804472292122,2.950645498670421e-17
5768.328111986097,2.917268464226519e-17
5768.851751680071,2.929805887609943e-17
5769.375391374046,2.987285840061511e-17
5769.89903106802,2.931556829430478e-17
5770.422670761995,2.786897669575299e-17
5770.946310455969,2.7838840429322854e-17
5771.4699501499435,2.7796004202587986e-17
5771.993589843918,2.7390951987883353e-17
5772.5172295378925,2.731533906102735e-17
5773.040869231867,2.797277291615155e-17
5773.564508925841,2.8270395192691224e-17
5774.088148619816,2.806962912629476e-17
5774.61178831379,2.8535893801819075e-17
5775.135428007765,2.887921009402353e-17
5775.659067701739,2.913520894404525e-17
5776.182707395714,2.8585862234720356e-17
5776.706347089688,2.8389942514037794e-17
5777.229986783663,2.876506784451274e-17
5777.753626477637,2.9609401768517705e-17
5778.277266171612,3.0301272166070155e-17
5778.800905865586,3.0433786572544194e-17
5779.324545559561,2.932022199372665e-17
5779.848185253535,2.970231614777389e-17
5780.37182494751,3.0506868501500974e-17
5780.895464641484,3.0270932222527164e-17
5781.4191043354585,3.0142141318435974e-17
5781.942744029433,3.0864097815239744e-17
5782.4663837234075,2.943192240269433e-17
5782.990023417382,2.9220016698976203e-17
5783.513663111356,2.9234306191249545e-17
5784.037302805331,2.9469771680489845e-17
5784.560942499305,2.994382826743062e-17
5785.08458219328,3.0845241449587625e-17
5785.608221887254,3.0311010078378295e-17
5786.131861581229,2.973143529294828e-17
5786.655501275203,3.025430476040591e-17
5787.179140969178,3.0067817845055685e-17
5787.702780663152,2.985237740716614e-17
5788.226420357127,2.904654318011439e-17
5788.750060051101,2.9524512508997185e-17
5789.273699745076,2.9099053554663506e-17
5789.79733943905,2.8822164304285945e-17
5790.320979133025,2.9962670709844324e-17
5790.844618826999,3.020246868440714e-17
5791.3682585209735,2.9561732510565253e-17
5791.891898214948,2.92658108512847e-17
5792.4155379089225,2.978619753550138e-17
5792.939177602897,2.987230257279392e-17
5793.462817296871,3.025627085638564e-17
5793.986456990846,2.9532851438558304e-17
5794.51009668482,3.033307847365839e-17
5795.033736378795,2.9711145829451426e-17
5795.557376072769,2.8536720991440444e-17
5796.081015766744,2.805622864782196e-17
5796.604655460718,2.7524207844960497e-17
5797.128295154693,2.796261835427796e-17
5797.651934848667,2.895345463532521e-17
5798.175574542642,2.9887257940669434e-17
5798.699214236616,3.043479247951171e-17
5799.222853930591,3.034218603294318e-17
5799.746493624565,3.0073442324395905e-17
5800.27013331854,3.055510934391709e-17
5800.793773012514,3.0510417570959493e-17
5801.3174127064885,3.0555116605463937e-17
5801.841052400463,3.064961346557799e-17
5802.3646920944375,3.0909342721400593e-17
5802.888331788412,3.052904500094165e-17
5803.411971482386,3.0406031595515385e-17
5803.935611176361,3.0327344855774066e-17
5804.459250870335,3.120074453830429e-17
5804.98289056431,3.1518593753088784e-17
5805.506530258284,3.135594237915143e-17
5806.030169952259,3.120824629950831e-17
5806.553809646233,3.09344704379981e-17
5807.077449340208,3.0517371741649023e-17
5807.601089034182,3.094615857941244e-17
5808.124728728157,3.128186025412528e-17
5808.648368422131,3.038890877937049e-17
5809.172008116106,3.081004184986813e-17
5809.69564781008,3.1113989240336314e-17
5810.219287504055,3.134141708440079e-17
5810.742927198029,3.1400248367810284e-17
5811.2665668920035,3.17911543909941e-17
5811.790206585978,3.138160126050141e-17
5812.3138462799525,3.2044200723246223e-17
5812.837485973927,3.209838321777338e-17
5813.361125667901,3.13645208673999e-17
5813.884765361876,3.14106724047657e-17
5814.40840505585,3.108900204210242e-17
5814.932044749825,3.024561715386322e-17
5815.455684443799,3.0283593159430817e-17
5815.979324137774,3.161277120338004e-17
5816.502963831748,3.249182768384729e-17
5817.026603525723,3.228622499118224e-17
5817.550243219697,3.2081685767726336e-17
5818.073882913672,3.2342890951142205e-17
5818.597522607646,3.34715930831933e-17
5819.121162301621,3.275552896845423e-17
5819.644801995595,3.250640739524052e-17
5820.16844168957,3.236996719265676e-17
5820.692081383544,3.2533197532213775e-17
5821.2157210775185,3.3060834917203315e-17
5821.739360771493,3.2563259484727505e-17
5822.2630004654675,3.250614506584927e-17
5822.786640159442,3.244509306716477e-17
5823.310279853416,3.264416494317993e-17
5823.833919547391,3.232864566425421e-17
5824.357559241365,3.2801338626217417e-17
5824.88119893534,3.299661117247236e-17
5825.404838629314,3.31385858030896e-17
5825.928478323289,3.19335211564912e-17
5826.452118017263,3.158666472714114e-17
5826.975757711238,3.1999691119785284e-17
5827.499397405212,3.2523319314344315e-17
5828.023037099187,3.309355229667736e-17
5828.546676793161,3.3127611741245743e-17
5829.070316487136,3.2761540107579773e-17
5829.59395618111,3.2470838707860034e-17
5830.117595875085,3.135161088048184e-17
5830.641235569059,3.119064763136584e-17
5831.1648752630335,3.236802934972338e-17
5831.688514957008,3.1492322236625545e-17
5832.2121546509825,3.094113436404266e-17
5832.735794344957,3.0690877862626343e-17
5833.259434038931,3.140023511676088e-17
5833.783073732906,3.145244734044724e-17
5834.30671342688,3.090662874068842e-17
5834.830353120855,3.121556839369993e-17
5835.353992814829,3.124451053841997e-17
5835.877632508804,3.089834849722447e-17
5836.401272202778,3.1010312875481154e-17
5836.924911896753,3.168378359128956e-17
5837.448551590727,3.186403689053497e-17
5837.972191284702,3.066162961895809e-17
5838.495830978676,2.918509858121816e-17
5839.019470672651,2.882915127673424e-17
5839.543110366625,2.967277722681073e-17
5840.0667500606,3.0060129682012255e-17
5840.590389754574,2.97269497422909e-17
5841.1140294485485,2.9758514279405445e-17
5841.637669142523,2.976131973640426e-17
5842.1613088364975,2.8968997790424166e-17
5842.684948530472,2.800442747630617e-17
5843.208588224446,2.731169431482271e-17
5843.732227918421,2.6774342523937617e-17
5844.255867612395,2.608242527927634e-17
5844.77950730637,2.5250081758939913e-17
5845.303147000344,2.5066402285624014e-17
5845.826786694319,2.7265142511001195e-17
5846.350426388293,2.9208058129973974e-17
5846.874066082268,2.9337432862269234e-17
5847.397705776242,2.8748985303703865e-17
5847.921345470217,2.804828165337584e-17
5848.444985164191,2.8366312423659284e-17
5848.968624858166,2.8099243500235024e-17
5849.49226455214,2.846126755593054e-17
5850.015904246115,2.8785855445134274e-17
5850.539543940089,2.961344756366661e-17
5851.0631836340635,2.912519843770613e-17
5851.586823328038,2.843657143449226e-17
5852.1104630220125,2.8289767219404794e-17
5852.634102715987,2.9313696831349616e-17
5853.157742409961,3.0151342534435257e-17
5853.681382103936,2.977352337366196e-17
5854.20502179791,2.932571550147187e-17
5854.728661491885,2.956079685418631e-17
5855.252301185859,2.9806019564073583e-17
5855.775940879834,3.063286754015412e-17
5856.299580573808,3.079241877040598e-17
5856.823220267783,3.0541699053784907e-17
5857.346859961757,3.100403387334762e-17
5857.870499655732,3.0724290427631316e-17
5858.394139349706,3.061211054932061e-17
5858.917779043681,3.046723534261536e-17
5859.441418737655,3.1014820150559107e-17
5859.96505843163,3.184293255341594e-17
5860.488698125604,3.19640922810644e-17
5861.0123378195785,3.2219939387546575e-17
5861.535977513553,3.252062514039321e-17
5862.0596172075275,3.240090987529166e-17
5862.583256901502,3.235300409602214e-17
5863.106896595476,3.155977548633986e-17
5863.630536289451,3.140408584155448e-17
5864.154175983425,3.155178466531678e-17
5864.6778156774,3.063653646093249e-17
5865.201455371374,3.3008977036002257e-17
5865.725095065349,3.8897295522972244e-17
5866.248734759323,4.3945683869643845e-17
5866.772374453298,4.187902740667973e-17
5867.296014147272,3.622149669293677e-17
5867.819653841247,3.3316610623317007e-17
5868.343293535221,3.1706521087265865e-17
5868.866933229196,3.083724417144753e-17
5869.39057292317,2.954807396758073e-17
5869.914212617145,2.931275320290819e-17
5870.437852311119,2.991943520490307e-17
5870.9614920050935,2.971303701701075e-17
5871.485131699068,2.9350098502741385e-17
5872.0087713930425,2.925352544757786e-17
5872.532411087017,2.9563352054297724e-17
5873.056050780991,2.927928596422869e-17
5873.579690474966,2.909308318798732e-17
5874.10333016894,2.8026234962954047e-17
5874.626969862915,2.686151190884085e-17
5875.150609556889,2.6871824810043564e-17
5875.674249250864,2.7213125198690116e-17
5876.197888944838,2.7461915402081464e-17
5876.721528638813,2.7554031405177766e-17
5877.245168332787,2.7247108916281524e-17
5877.768808026762,2.668043899760581e-17
5878.292447720736,2.646221728685778e-17
5878.816087414711,2.5268224458584054e-17
5879.339727108685,2.372413760857211e-17
5879.86336680266,2.208768735779863e-17
5880.387006496634,1.972385365999308e-17
5880.9106461906085,1.8026929466844482e-17
5881.434285884583,1.8953537101000508e-17
5881.9579255785575,2.0232677448569144e-17
5882.481565272532,2.2393032058485594e-17
5883.005204966506,2.552669471265792e-17
5883.528844660481,2.6845221130573693e-17
5884.052484354455,2.5917729981769692e-17
5884.57612404843,2.599599387193365e-17
5885.099763742404,2.632723732370148e-17
5885.623403436379,2.5334612463740784e-17
5886.147043130353,2.4312433385705073e-17
5886.670682824328,2.2754009743354713e-17
5887.194322518302,2.2201097178409354e-17
5887.717962212277,2.4777187178023525e-17
5888.241601906251,2.6274656213152963e-17
5888.765241600226,2.697864904828684e-17
5889.2888812942,2.7145602686784662e-17
5889.812520988175,2.5223559446880778e-17
5890.336160682149,2.6197294729719493e-17
5890.8598003761235,2.971949002174817e-17
5891.383440070098,3.125391982124337e-17
5891.9070797640725,3.116571617156201e-17
5892.430719458047,3.0761946080577854e-17
5892.954359152021,3.049644012187689e-17
5893.477998845996,3.009915185317641e-17
5894.00163853997,3.020261391962478e-17
5894.525278233945,2.99660152581375e-17
5895.048917927919,2.8891342213064065e-17
5895.572557621894,2.7355510459473372e-17
5896.096197315868,2.6689845506321706e-17
5896.619837009843,2.867334885146034e-17
5897.143476703817,3.000416283717134e-17
5897.667116397792,2.9330118178164e-17
5898.190756091766,2.964716169391132e-17
5898.714395785741,2.9970031320725507e-17
5899.238035479715,3.055432258431456e-17
5899.76167517369,3.045437177565387e-17
5900.285314867664,3.036174697913066e-17
5900.8089545616385,2.9936350555418774e-17
5901.332594255613,2.9131594813101756e-17
5901.8562339495875,2.888992623685804e-17
5902.379873643562,3.0427057284351087e-17
5902.903513337536,3.042673056680767e-17
5903.427153031511,2.9017566237244417e-17
5903.950792725485,2.8891705267834696e-17
5904.47443241946,2.8466104488032646e-17
5904.998072113434,2.875322649429503e-17
5905.521711807409,2.8451294485294914e-17
5906.045351501383,2.886470293209555e-17
5906.568991195358,2.9587521107707575e-17
5907.092630889332,2.9448782230315136e-17
5907.616270583307,2.9426250127970947e-17
5908.139910277281,2.9395320120402206e-17
5908.663549971256,3.0139779596829644e-17
5909.18718966523,2.994183657970661e-17
5909.710829359205,3.0198737624811824e-17
5910.234469053179,3.023839745536185e-17
5910.7581087471535,3.0334309467442356e-17
5911.281748441128,3.101630558516468e-17
5911.8053881351025,3.049216121336327e-17
5912.329027829077,3.048836381129948e-17
5912.852667523051,3.030173646522522e-17
5913.376307217026,3.063151022184868e-17
5913.899946911,3.011652688094229e-17
5914.423586604975,3.020317272728282e-17
5914.947226298949,3.1520615132647817e-17
5915.470865992924,3.017845782085968e-17
5915.994505686898,3.005422179842549e-17
5916.518145380873,3.1372216669406597e-17
5917.041785074847,3.119077567393311e-17
5917.565424768822,3.042499894900231e-17
5918.089064462796,2.977166271232517e-17
5918.612704156771,2.967120791099258e-17
5919.136343850745,2.9195708645503134e-17
5919.65998354472,2.854892515860144e-17
5920.183623238694,2.8612870298425586e-17
5920.7072629326685,2.8562035741092345e-17
5921.230902626643,2.9220358114236006e-17
5921.7545423206175,2.871351272432075e-17
5922.278182014592,2.892315990211901e-17
5922.801821708566,2.9212377807993615e-17
5923.325461402541,2.917565024470887e-17
5923.849101096515,2.9296750070536333e-17
5924.37274079049,2.9324485045794104e-17
5924.896380484464,2.907218070179382e-17
5925.420020178439,2.923845485355706e-17
5925.943659872413,2.868871010698501e-17
5926.467299566388,2.934191179120717e-17
5926.990939260362,2.9353488632747474e-17
5927.514578954337,2.966784810168778e-17
5928.038218648311,2.9633884961647866e-17
5928.561858342286,3.001105608072991e-17
5929.08549803626,3.019475907994927e-17
5929.609137730235,3.0471333052403047e-17
5930.132777424209,3.079042454209799e-17
5930.6564171181835,3.103545355542739e-17
5931.180056812158,3.150412412949484e-17
5931.7036965061325,3.071143471007379e-17
5932.227336200107,3.056195463670048e-17
5932.75097589408,3.123857494934584e-17
5933.274615588054,3.1135962641903386e-17
5933.798255282029,3.109990392130175e-17
5934.321894976003,3.08265224789351e-17
5934.8455346699775,3.076824896918083e-17
5935.369174363952,3.154006139976053e-17
5935.892814057926,3.095268214921966e-17
5936.416453751901,3.052995323428584e-17
5936.940093445875,3.0826905152935936e-17
5937.46373313985,3.086161409973782e-17
5937.987372833824,2.9829640308083623e-17
5938.511012527799,2.941260895898131e-17
5939.034652221773,2.930294052844933e-17
5939.558291915748,2.8443244126391886e-17
5940.081931609722,2.7999419278586645e-17
5940.605571303697,2.8100246408005445e-17
5941.129210997671,2.833432146862787e-17
5941.652850691646,2.873676723096325e-17
5942.17649038562,2.8161428451792686e-17
5942.700130079595,2.809695956139431e-17
5943.223769773569,2.7457072201954927e-17
5943.747409467544,2.8089992300552426e-17
5944.271049161518,2.8375355234027774e-17
5944.7946888554925,2.777277453761095e-17
5945.318328549467,2.903556689292858e-17
5945.841968243441,2.93662920184746e-17
5946.365607937416,2.966716894659123e-17
5946.88924763139,2.970550170037345e-17
5947.412887325365,2.9292780617679656e-17
5947.936527019339,2.924805644658721e-17
5948.460166713314,2.9412046856222665e-17
5948.983806407288,3.0394677820362393e-17
5949.507446101263,3.1318064746107373e-17
5950.031085795237,3.154711155493203e-17
5950.554725489212,3.103782797996306e-17
5951.078365183186,3.101343061840642e-17
5951.602004877161,3.15699519439319e-17
5952.125644571135,3.1353585978308436e-17
5952.64928426511,3.14972754657971e-17
5953.172923959084,3.225988602448076e-17
5953.696563653059,3.2034823221339867e-17
5954.220203347033,3.1929704619202814e-17
5954.7438430410075,3.169736350523491e-17
5955.267482734982,3.1774788511345864e-17
5955.791122428956,3.177499474766878e-17
5956.314762122931,3.197699351481992e-17
5956.838401816905,3.1806157505172013e-17
5957.36204151088,3.070068469342338e-17
5957.885681204854,3.114108475105624e-17
5958.409320898829,3.1981423891093246e-17
5958.932960592803,3.1325506701220824e-17
5959.456600286778,3.209551834877832e-17
5959.980239980752,3.263753567716532e-17
5960.503879674727,3.196959438109471e-17
5961.027519368701,3.1754304621573594e-17
5961.551159062676,3.2657345485228504e-17
5962.07479875665,3.214846085679493e-17
5962.598438450625,3.1106484202062566e-17
5963.122078144599,3.050837110647782e-17
5963.645717838574,3.042580069775124e-17
5964.169357532548,3.0724736454321933e-17
5964.6929972265225,3.021465163613785e-17
5965.216636920497,3.0464960683843033e-17
5965.740276614471,3.032120294012653e-17
5966.263916308446,2.98588972678843e-17
5966.78755600242,2.99175669550377e-17
5967.311195696395,3.025735502430299e-17
5967.834835390369,3.0506271596579704e-17
5968.358475084344,3.001769941071763e-17
5968.882114778318,3.0116105053619444e-17
5969.405754472293,3.0320346286919933e-17
5969.929394166267,2.941509938234063e-17
5970.453033860242,3.0050826931586843e-17
5970.976673554216,3.067905174497325e-17
5971.500313248191,3.0384743074715815e-17
5972.023952942165,3.0199005025078723e-17
5972.54759263614,2.998955120960873e-17
5973.071232330114,2.989861426585454e-17
5973.5948720240885,2.9282689618542224e-17
5974.118511718063,2.958247234797574e-17
5974.6421514120375,2.8921975328581015e-17
5975.165791106012,2.8706249373300516e-17
5975.689430799986,2.87888779317764e-17
5976.213070493961,2.8254134428258747e-17
5976.736710187935,2.909506804947444e-17
5977.26034988191,2.9693220371675607e-17
5977.783989575884,3.05527219835774e-17
5978.307629269859,3.016123033549151e-17
5978.831268963833,2.9602819473243813e-17
5979.354908657808,2.92305746125083e-17
5979.878548351782,2.8995761454537836e-17
5980.402188045757,2.939610005608215e-17
5980.925827739731,2.981615041909822e-17
5981.449467433706,3.0355978159178014e-17
5981.97310712768,3.030348769055282e-17
5982.496746821655,3.022183476595304e-17
5983.020386515629,3.0242654633055805e-17
5983.5440262096035,3.0180344837908224e-17
5984.067665903578,3.038539403489256e-17
5984.5913055975525,3.0948121125039824e-17
5985.114945291527,3.0222383512799544e-17
5985.638584985501,3.0016297708314025e-17
5986.162224679476,3.038684265131102e-17
5986.68586437345,3.039055956930484e-17
5987.209504067425,3.016563039858573e-17
5987.733143761399,3.0227067472425384e-17
5988.256783455374,3.0273020883341607e-17
5988.780423149348,2.9844540118197196e-17
5989.304062843323,2.987617384240351e-17
5989.827702537297,2.9511899073560114e-17
5990.351342231272,2.9426505307135437e-17
5990.874981925246,2.952911620813522e-17
5991.398621619221,2.949430299777569e-17
5991.922261313195,2.923919156962739e-17
5992.44590100717,2.841867986592958e-17
5992.969540701144,2.7905748981079744e-17
5993.4931803951185,2.7589922171833386e-17
5994.016820089093,2.781657431645623e-17
5994.5404597830675,2.844348567608557e-17
5995.064099477042,2.883668280185688e-17
5995.587739171016,2.893291561806744e-17
5996.111378864991,2.880855399987128e-17
5996.635018558965,2.828629728311209e-17
5997.15865825294,2.838162410291805e-17
5997.682297946914,2.792180747428183e-17
5998.205937640889,2.7186010739164432e-17
5998.729577334863,2.7073500035738462e-17
5999.253217028838,2.774346521897014e-17
5999.776856722812,2.80463047734425e-17
6000.300496416787,2.8467418778234305e-17
6000.824136110761,2.859171009672397e-17
6001.347775804736,2.9382858878940423e-17
6001.87141549871,2.8827242912439064e-17
6002.395055192685,2.847668481722272e-17
6002.918694886659,2.8903320025257076e-17
6003.4423345806335,2.87852206460215e-17
6003.965974274608,2.8829795329198963e-17
6004.4896139685825,2.824266679936083e-17
6005.013253662557,2.8387536362698854e-17
6005.536893356531,2.878035999186982e-17
6006.060533050506,2.888063094159963e-17
6006.58417274448,2.861153293565372e-17
6007.107812438455,2.803267036090308e-17
6007.631452132429,2.7755636840044775e-17
6008.155091826404,2.7755550475357342e-17
6008.678731520378,2.7284190380427756e-17
6009.202371214353,2.7161080774455177e-17
6009.726010908327,2.7722744332928596e-17
6010.249650602302,2.831170699876202e-17
6010.773290296276,2.828424709815151e-17
6011.296929990251,2.8176847476680504e-17
6011.820569684225,2.805977091442458e-17
6012.3442093782,2.7909299726802847e-17
6012.867849072174,2.9040239215649203e-17
6013.3914887661485,2.8308924960509704e-17
6013.915128460123,2.9107402703897703e-17
6014.4387681540975,2.973140748064511e-17
6014.962407848072,3.080652525064883e-17
6015.486047542046,3.044660916581721e-17
6016.009687236021,3.0041606873008105e-17
6016.533326929995,2.9623195543347983e-17
6017.05696662397,3.0318338946513136e-17
6017.580606317944,3.085241276833761e-17
6018.104246011919,3.051577662982332e-17
6018.627885705893,3.026139944259318e-17
6019.151525399868,3.0428142934550776e-17
6019.675165093842,3.056288637190273e-17
6020.198804787817,3.134787144490281e-17
6020.722444481791,3.1546550787842813e-17
6021.246084175766,3.1580440974651097e-17
6021.76972386974,3.1383852238002315e-17
6022.293363563715,3.050404195483198e-17
6022.817003257689,3.023894741959856e-17
6023.3406429516635,3.073020085969954e-17
6023.864282645638,3.1755525230282786e-17
6024.3879223396125,3.1247221004447615e-17
6024.911562033587,3.1164545086842565e-17
6025.435201727561,3.1180581096200555e-17
6025.958841421536,3.110390173603694e-17
6026.48248111551,3.11125658753111e-17
6027.006120809485,3.1360914637797555e-17
6027.529760503459,3.2193887235600986e-17
6028.053400197434,3.2400685779892296e-17
6028.577039891408,3.262385937596333e-17
6029.100679585383,3.216373747096994e-17
6029.624319279357,3.164491053073175e-17
6030.147958973332,3.153897854002678e-17
6030.671598667306,3.1504768589509686e-17
6031.195238361281,3.110584449893885e-17
6031.718878055255,3.228501375830731e-17
6032.24251774923,3.2360779691223804e-17
6032.766157443204,3.111234916414028e-17
6033.2897971371785,3.073886174933128e-17
6033.813436831153,3.1001807542331773e-17
6034.3370765251275,3.075118832718099e-17
6034.860716219102,3.086482770124475e-17
6035.384355913076,3.170765199311975e-17
6035.907995607051,3.256389630462523e-17
6036.431635301025,3.218434261602028e-17
6036.955274995,3.1052364319629076e-17
6037.478914688974,3.059068969615495e-17
6038.002554382949,3.064169731749189e-17
6038.526194076923,3.0964418462284316e-17
6039.049833770898,3.097043327185626e-17
6039.573473464872,3.100091879457663e-17
6040.097113158847,3.054021435054821e-17
6040.620752852821,2.97299722824552e-17
6041.144392546796,2.9845798457578296e-17
6041.66803224077,2.950354538156955e-17
6042.191671934745,2.960822818623074e-17
6042.715311628719,2.8436854784493597e-17
6043.2389513226935,2.910219725940657e-17
6043.762591016668,2.920666225563747e-17
6044.2862307106425,2.962509476903629e-17
6044.809870404617,3.133678794193506e-17
6045.333510098591,3.033403295779288e-17
6045.857149792566,3.0275982128404505e-17
6046.38078948654,3.049434616965294e-17
6046.904429180515,3.0836084650151733e-17
6047.428068874489,3.0316795481356776e-17
6047.951708568464,3.152442147223406e-17
6048.475348262438,3.1278061271612414e-17
6048.998987956413,3.093858711580525e-17
6049.522627650387,2.9663936836716935e-17
6050.046267344362,2.8579554869175665e-17
6050.569907038336,2.876553364396383e-17
6051.093546732311,2.988824596967477e-17
6051.617186426285,2.9552724426988716e-17
6052.14082612026,3.007906852226998e-17
6052.664465814234,2.9566853237538815e-17
6053.1881055082085,3.0581698633976875e-17
6053.711745202183,3.0553397548214855e-17
6054.2353848961575,2.990414533845293e-17
6054.759024590132,2.932247286475756e-17
6055.282664284106,2.910705593274946e-17
6055.806303978081,3.008993134627032e-17
6056.329943672055,2.9730066646999876e-17
6056.85358336603,2.955700572199143e-17
6057.377223060004,3.145989666501618e-17
6057.900862753979,3.227411102904705e-17
6058.424502447953,3.2088831453189654e-17
6058.948142141928,3.2814590225211225e-17
6059.471781835902,3.228578651300364e-17
6059.995421529877,3.249785168671203e-17
6060.519061223851,3.240416646814384e-17
6061.042700917826,3.220962248730621e-17
6061.5663406118,3.21188292868318e-17
6062.089980305775,3.197080890685305e-17
6062.613619999749,3.169071024406196e-17
6063.1372596937235,3.161602520987549e-17
6063.660899387698,3.1596589457337106e-17
6064.1845390816725,3.182702777382907e-17
6064.708178775647,3.100784298426182e-17
6065.231818469621,3.131956717818986e-17
6065.755458163596,3.001570942393026e-17
6066.27909785757,2.9839846198223064e-17
6066.802737551545,3.0036253930280435e-17
6067.326377245519,0.0
6067.850016939494,0.0
6068.373656633468,0.0
