wav,flam
4371.956074007241,9.348325749857892e-18
4372.479723404899,8.726711271547204e-18
4373.003372802557,8.847149059088674e-18
4373.527022200215,8.309273049103233e-18
4374.050671597872,7.959323873203436e-18
4374.57432099553,7.655334161414934e-18
4375.097970393188,8.355850617147565e-18
4375.621619790845,7.914456647482311e-18
4376.145269188502,6.771596154858146e-18
4376.6689185861605,6.344448397607865e-18
4377.192567983819,6.41211784707031e-18
4377.716217381475,6.882789267319808e-18
4378.239866779133,7.301273377855697e-18
4378.76351617679,6.965447639905897e-18
4379.287165574448,6.651139907673986e-18
4379.810814972106,7.371862017653377e-18
4380.334464369764,8.120520255393225e-18
4380.858113767421,8.805065029971164e-18
4381.381763165078,9.120441826946339e-18
4381.905412562736,9.161981567159485e-18
4382.4290619603935,8.288965788883102e-18
4382.952711358052,7.933782445202343e-18
4383.476360755709,7.536082102959915e-18
4384.000010153367,7.651334467000472e-18
4384.523659551024,7.95354409744441e-18
4385.047308948682,7.707288337070447e-18
4385.5709583463395,8.940206401013682e-18
4386.094607743998,1.0002971288571094e-17
4386.618257141655,9.252733088797634e-18
4387.141906539312,8.152717410665505e-18
4387.66555593697,8.020846695951122e-18
4388.189205334627,7.71591048783417e-18
4388.712854732285,7.427390548261145e-18
4389.236504129943,7.53089800979568e-18
4389.760153527601,7.951658017176358e-18
4390.283802925258,8.934281906343415e-18
4390.807452322915,9.429963477404734e-18
4391.331101720572,8.948635032981036e-18
4391.8547511182305,8.064707615279799e-18
4392.378400515889,7.724506741758125e-18
4392.902049913546,7.683228943360712e-18
4393.425699311203,7.979836924683367e-18
4393.949348708861,8.095287522934442e-18
4394.472998106519,8.166904651705863e-18
4394.9966475041765,8.838654788628724e-18
4395.520296901834,9.959353224488084e-18
4396.043946299492,9.70181453619635e-18
4396.56759569715,8.015065494266704e-18
4397.091245094806,7.399910808232713e-18
4397.614894492464,7.401349824279094e-18
4398.138543890122,7.379095312340498e-18
4398.66219328778,7.667613210834245e-18
4399.185842685437,7.866312456252187e-18
4399.709492083095,8.231541341808309e-18
4400.233141480752,8.534276951335956e-18
4400.756790878409,8.199824669589186e-18
4401.280440276068,8.340594586714375e-18
4401.804089673725,7.986761858116109e-18
4402.327739071383,8.381499378566298e-18
4402.85138846904,8.833409469321261e-18
4403.375037866698,8.772846257414397e-18
4403.898687264355,8.513004504592701e-18
4404.422336662014,9.087054162667954e-18
4404.945986059671,9.220510958498783e-18
4405.469635457329,9.034388029401394e-18
4405.993284854986,9.033653140526056e-18
4406.516934252643,8.59181287740086e-18
4407.040583650301,8.511946284666648e-18
4407.564233047959,8.581451140268747e-18
4408.087882445617,8.683927870347759e-18
4408.611531843274,7.84164031817663e-18
4409.135181240932,7.596434090210597e-18
4409.658830638589,8.058894462988384e-18
4410.1824800362465,8.020871341774311e-18
4410.706129433904,8.10626418465213e-18
4411.229778831562,7.052007994817065e-18
4411.75342822922,7.369476234901412e-18
4412.277077626877,8.491666163672702e-18
4412.800727024534,9.009210632270155e-18
4413.3243764221925,9.205015017359143e-18
4413.848025819851,8.895246575104545e-18
4414.371675217508,8.52708824839073e-18
4414.895324615165,7.92604099918146e-18
4415.418974012823,9.08981850700375e-18
4415.942623410481,8.057259906532596e-18
4416.466272808138,8.360502302528592e-18
4416.989922205796,8.19596405460063e-18
4417.513571603453,8.710901069923609e-18
4418.037221001111,9.128963221112614e-18
4418.560870398768,9.436463997980788e-18
4419.084519796426,9.10508084101456e-18
4419.6081691940835,8.756097389175983e-18
4420.131818591741,9.164082466788625e-18
4420.655467989399,8.266682638492412e-18
4421.179117387056,7.91965945911281e-18
4421.702766784714,8.594745557602318e-18
4422.226416182371,8.7221909876959e-18
4422.7500655800295,7.633744930276245e-18
4423.273714977687,7.369551644096537e-18
4423.797364375345,7.460241459242936e-18
4424.321013773002,7.848544912095005e-18
4424.84466317066,8.16789155720603e-18
4425.368312568317,8.337003274244051e-18
4425.891961965975,8.709126720467089e-18
4426.415611363633,8.086023098333949e-18
4426.93926076129,7.966188251320333e-18
4427.462910158948,8.15851442797166e-18
4427.986559556605,8.60711595953293e-18
4428.510208954263,8.351259956106652e-18
4429.033858351921,8.503831710837488e-18
4429.557507749578,9.258913341703674e-18
4430.081157147235,9.826686722565748e-18
4430.604806544893,9.6538773764812e-18
4431.128455942551,9.22530664730213e-18
4431.652105340208,9.141947943640136e-18
4432.175754737866,9.28302098269474e-18
4432.699404135524,8.504345462488433e-18
4433.223053533182,8.21538093488318e-18
4433.746702930839,8.356334858849325e-18
4434.270352328496,7.883598943020744e-18
4434.794001726154,7.609527846647093e-18
4435.317651123812,7.596089081103632e-18
4435.841300521469,7.183234179618286e-18
4436.364949919127,7.321137228367278e-18
4436.888599316784,7.364467382782634e-18
4437.412248714442,7.92247237491053e-18
4437.9358981120995,7.916743125021238e-18
4438.459547509758,8.023400759880544e-18
4438.983196907415,8.198446869624073e-18
4439.506846305072,8.04285075146944e-18
4440.03049570273,8.382595157135362e-18
4440.554145100387,9.113879289754377e-18
4441.0777944980455,9.408189996577041e-18
4441.601443895703,9.266245702093753e-18
4442.125093293361,9.241315585755382e-18
4442.648742691018,8.29243964516367e-18
4443.172392088676,7.610979172713102e-18
4443.696041486333,7.220357448417865e-18
4444.2196908839915,7.377978103213561e-18
4444.743340281649,8.528314608354972e-18
4445.266989679306,8.278736066811758e-18
4445.790639076964,7.89272689887469e-18
4446.314288474621,8.336480427855359e-18
4446.837937872279,8.288842110818576e-18
4447.3615872699365,8.469865267472596e-18
4447.885236667595,7.746870120699901e-18
4448.408886065252,7.230418952609444e-18
4448.932535462909,7.788754798946285e-18
4449.456184860566,8.045471414124753e-18
4449.979834258224,7.942211144949244e-18
4450.5034836558825,7.505561423547221e-18
4451.02713305354,7.396898077015324e-18
4451.550782451197,7.338105955701442e-18
4452.074431848855,7.695933042132664e-18
4452.598081246513,8.673329587048162e-18
4453.12173064417,8.057588629770643e-18
4453.645380041828,7.933366985055451e-18
4454.169029439486,7.873546011515819e-18
4454.692678837143,7.515591462505491e-18
4455.2163282348,6.66973506873429e-18
4455.739977632458,7.00541263858869e-18
4456.2636270301155,7.607391376287536e-18
4456.787276427774,7.628039740214612e-18
4457.310925825431,7.386644058358786e-18
4457.834575223089,7.564118572462645e-18
4458.358224620746,7.626348928996699e-18
4458.881874018403,7.83062849779017e-18
4459.405523416061,7.869772541450451e-18
4459.929172813719,7.821837527738146e-18
4460.452822211377,7.207935370730657e-18
4460.976471609034,7.065617669062903e-18
4461.500121006692,7.484487883746143e-18
4462.023770404349,7.749386430054416e-18
4462.547419802007,8.49014780458129e-18
4463.071069199665,9.747563035235822e-18
4463.594718597323,1.0701606347544405e-17
4464.11836799498,1.1153379664519337e-17
4464.642017392637,1.0932095469620227e-17
4465.165666790295,1.0040066135433373e-17
4465.6893161879525,1.10165736398787e-17
4466.212965585611,1.1316935787310667e-17
4466.736614983268,1.141478635007878e-17
4467.260264380926,1.1940614802982511e-17
4467.783913778583,1.1239608904222458e-17
4468.30756317624,1.0765736472901534e-17
4468.831212573898,1.0185074682338565e-17
4469.354861971556,1.0801450132466205e-17
4469.878511369214,1.0819037408227924e-17
4470.402160766871,1.0471518944863484e-17
4470.925810164528,1.0342442443553178e-17
4471.449459562186,1.0285848920023077e-17
4471.9731089598445,1.0445319555171097e-17
4472.496758357502,9.44387631809143e-18
4473.020407755159,9.31441575187297e-18
4473.544057152817,9.287895870798549e-18
4474.067706550474,9.925888123198908e-18
4474.591355948131,1.0228286859271544e-17
4475.1150053457895,1.0295354795360477e-17
4475.638654743447,1.0070054310344505e-17
4476.162304141105,1.0416662952990531e-17
4476.685953538762,1.0610523396782362e-17
4477.20960293642,1.0451014127323375e-17
4477.733252334077,1.0426920606425602e-17
4478.256901731735,1.0064847403155346e-17
4478.780551129393,1.0175305679948383e-17
4479.30420052705,1.0580490357797732e-17
4479.827849924708,1.0247530128985048e-17
4480.351499322365,1.0596824466068356e-17
4480.875148720023,1.0024230311905498e-17
4481.398798117681,9.591538347141126e-18
4481.922447515339,9.369008882451094e-18
4482.446096912996,9.073957486335688e-18
4482.969746310654,8.443100152591292e-18
4483.493395708311,9.40081422034019e-18
4484.0170451059685,1.0068190840418745e-17
4484.540694503627,1.0109892035741625e-17
4485.064343901284,9.490357636647281e-18
4485.587993298942,9.509951761705625e-18
4486.111642696599,9.440429807914202e-18
4486.635292094257,9.304116858808557e-18
4487.158941491914,9.593963406206178e-18
4487.682590889572,9.28519121654768e-18
4488.206240287229,9.338351512590831e-18
4488.729889684887,9.60575224376786e-18
4489.253539082545,8.987612753163661e-18
4489.777188480202,8.246970798648446e-18
4490.3008378778595,8.560277655722437e-18
4490.824487275518,9.014578428075817e-18
4491.348136673176,1.019072497204358e-17
4491.871786070833,1.0939484218955326e-17
4492.39543546849,1.1071896073390483e-17
4492.919084866148,1.1355423106021824e-17
4493.4427342638055,1.1064354448379754e-17
4493.966383661463,1.1499958017593371e-17
4494.490033059121,1.1223523520141162e-17
4495.013682456778,1.1263722989062695e-17
4495.537331854436,1.2232871407972024e-17
4496.060981252093,1.3151243285569326e-17
4496.5846306497515,1.461989381223723e-17
4497.108280047409,1.3961798450051778e-17
4497.631929445066,1.4134686911375894e-17
4498.155578842724,1.3386217619486247e-17
4498.679228240381,1.2866012088233814e-17
4499.202877638039,1.2510901600494712e-17
4499.726527035697,1.2177438668971638e-17
4500.250176433355,1.0964493071553917e-17
4500.773825831012,1.1072841047525542e-17
4501.29747522867,1.0698719345880219e-17
4501.821124626327,1.0442900667735436e-17
4502.344774023985,1.0769221636157744e-17
4502.868423421643,1.0862627030162909e-17
4503.3920728193,1.0974670308611943e-17
4503.915722216958,1.1357898763306155e-17
4504.439371614615,1.1489852305106864e-17
4504.963021012273,1.1719416562954143e-17
4505.48667040993,1.2217881650527325e-17
4506.0103198075885,1.1827083123513164e-17
4506.533969205246,1.133959589872076e-17
4507.057618602903,1.1010053098285081e-17
4507.58126800056,1.0750517979125417e-17
4508.104917398218,1.102307344473081e-17
4508.628566795876,1.0619310765176507e-17
4509.152216193534,1.112362091025156e-17
4509.675865591191,1.162722743075033e-17
4510.199514988849,1.2138174337139546e-17
4510.723164386507,1.1636579830795729e-17
4511.246813784164,1.0604419362447337e-17
4511.7704631818215,1.0424458423623253e-17
4512.294112579479,1.097148666251994e-17
4512.817761977137,1.1731375417929652e-17
4513.341411374794,1.1819919432982908e-17
4513.865060772452,1.1974947917818485e-17
4514.388710170109,1.2399807448964808e-17
4514.912359567767,1.1338438317509537e-17
4515.436008965425,1.0486673803750256e-17
4515.959658363082,9.362303159972602e-18
4516.48330776074,8.687805025402363e-18
4517.006957158397,9.215506570757208e-18
4517.530606556055,9.309816471657388e-18
4518.0542559537125,9.82456925263195e-18
4518.577905351371,9.786033842345398e-18
4519.101554749028,9.890506741363028e-18
4519.625204146686,9.209520250664151e-18
4520.148853544343,8.859462997696042e-18
4520.672502942001,9.64933249028562e-18
4521.1961523396585,1.0233194092051201e-17
4521.719801737317,1.0124111852579149e-17
4522.243451134974,9.326633511714812e-18
4522.767100532631,9.502599948228679e-18
4523.290749930289,9.640967209743771e-18
4523.814399327946,1.021549392175045e-17
4524.3380487256045,9.923333335879664e-18
4524.861698123262,9.647803183583166e-18
4525.38534752092,1.0669029766703262e-17
4525.908996918577,1.1153542781421403e-17
4526.432646316234,1.0497693999490608e-17
4526.956295713891,9.915413241622005e-18
4527.47994511155,9.897257415735865e-18
4528.003594509208,1.0437033255102251e-17
4528.527243906865,1.0719765479057068e-17
4529.050893304522,1.1403936173534045e-17
4529.57454270218,1.1534135724806288e-17
4530.098192099838,1.2271042331576507e-17
4530.621841497496,1.2491356421669137e-17
4531.145490895153,1.1914049156568548e-17
4531.66914029281,1.142274958151213e-17
4532.192789690468,1.0995936381614921e-17
4532.716439088125,1.0652809178660663e-17
4533.240088485783,1.0652216571433835e-17
4533.763737883441,9.829602308214414e-18
4534.287387281099,1.0206764969506795e-17
4534.811036678756,1.049417284711494e-17
4535.334686076413,1.1238689379815737e-17
4535.858335474071,1.1336358163637815e-17
4536.3819848717285,1.1457009873569572e-17
4536.905634269387,1.0499874711045799e-17
4537.429283667044,9.479214970822924e-18
4537.952933064702,9.5924998161993e-18
4538.476582462359,1.0275757488778377e-17
4539.000231860017,1.0709876092372116e-17
4539.5238812576745,1.1020469821559095e-17
4540.047530655333,1.159931170514909e-17
4540.57118005299,1.123954878913801e-17
4541.094829450648,1.0434498617403113e-17
4541.618478848305,1.0264781569557924e-17
4542.142128245962,9.937411629272244e-18
4542.6657776436205,8.737066977327392e-18
4543.189427041278,8.45609753484842e-18
4543.713076438936,1.0053370267288962e-17
4544.236725836593,1.0361904393329904e-17
4544.76037523425,1.0428957391181783e-17
4545.284024631908,1.0174801641120413e-17
4545.8076740295655,1.004279827642316e-17
4546.331323427223,1.0052060597976875e-17
4546.854972824881,9.609689875131056e-18
4547.378622222539,9.503026410863038e-18
4547.902271620196,9.846783874730063e-18
4548.425921017853,1.051448175366263e-17
4548.9495704155115,1.1126881948502196e-17
4549.47321981317,1.1494544310227487e-17
4549.996869210827,1.1940040260199884e-17
4550.520518608484,1.2670415388738019e-17
4551.044168006141,1.2102131372796152e-17
4551.567817403799,1.1234634038247498e-17
4552.091466801457,1.0700555648238821e-17
4552.615116199115,1.0917529746939997e-17
4553.138765596772,1.1582243260471305e-17
4553.66241499443,1.0902277023083755e-17
4554.186064392087,1.0115114949555474e-17
4554.7097137897445,1.0837420386596196e-17
4555.233363187403,1.1571734583208368e-17
4555.75701258506,1.1177741102291481e-17
4556.280661982718,1.0889004614853162e-17
4556.804311380375,1.0288177706470894e-17
4557.327960778033,1.0745638290350583e-17
4557.85161017569,1.224593363344831e-17
4558.375259573349,1.3352219593453652e-17
4558.898908971006,1.2236182086660719e-17
4559.422558368664,1.2304681946355465e-17
4559.946207766321,1.24147628790443e-17
4560.469857163978,1.2403627255802172e-17
4560.993506561636,1.2811383422916194e-17
4561.517155959294,1.2988123526089479e-17
4562.040805356952,1.310104382511204e-17
4562.564454754609,1.3436485336585187e-17
4563.088104152267,1.2702334895426855e-17
4563.611753549924,1.1825162952645192e-17
4564.135402947582,1.1033893545072223e-17
4564.65905234524,1.1415507706734879e-17
4565.182701742897,1.0865872177881521e-17
4565.706351140554,1.1988075259652872e-17
4566.230000538212,1.2948789251450303e-17
4566.75364993587,1.3799008326537029e-17
4567.2772993335275,1.3801202322617153e-17
4567.800948731185,1.3003295877327953e-17
4568.324598128843,1.1939033503789573e-17
4568.848247526501,1.220472832595759e-17
4569.371896924158,1.2485521914269696e-17
4569.895546321815,1.171654112066461e-17
4570.419195719473,1.162070968113626e-17
4570.942845117131,1.1980976633309898e-17
4571.466494514788,1.200078824379755e-17
4571.990143912446,1.1451655210468727e-17
4572.513793310103,1.1059320108427718e-17
4573.037442707761,1.1552879069230025e-17
4573.5610921054185,1.1775279591579326e-17
4574.084741503076,1.1854841016461138e-17
4574.608390900734,1.1925085578924668e-17
4575.132040298391,1.1753841997853416e-17
4575.655689696049,1.1545898468629471e-17
4576.179339093706,1.1645615852846813e-17
4576.7029884913645,1.2357075938261254e-17
4577.226637889022,1.2193558029195714e-17
4577.75028728668,1.2987606345954886e-17
4578.273936684337,1.3810426356105788e-17
4578.797586081995,1.4749175278729188e-17
4579.321235479652,1.3722779091399374e-17
4579.84488487731,1.3509824209287747e-17
4580.368534274968,1.2969464053093116e-17
4580.892183672625,1.3231452774292588e-17
4581.415833070283,1.3119327700160479e-17
4581.93948246794,1.2435894936656649e-17
4582.463131865598,1.2085078857191563e-17
4582.986781263256,1.1815352446183688e-17
4583.510430660914,1.1485082216712753e-17
4584.034080058571,1.1974780950091473e-17
4584.557729456228,1.2064147449454973e-17
4585.081378853885,1.2002430943147647e-17
4585.605028251543,1.1629248320277906e-17
4586.128677649202,1.105199741612409e-17
4586.652327046859,1.1537343320108577e-17
4587.175976444516,1.1676381994599974e-17
4587.699625842174,1.2540627187659347e-17
4588.223275239832,1.2517344078616086e-17
4588.746924637489,1.3051073695765144e-17
4589.270574035147,1.2961679311440055e-17
4589.794223432804,1.3381148131768677e-17
4590.317872830462,1.2709471374963879e-17
4590.841522228119,1.2352490821373319e-17
4591.365171625777,1.210563650343675e-17
4591.8888210234345,1.257936991912586e-17
4592.412470421093,1.27033928280102e-17
4592.93611981875,1.1987541862092645e-17
4593.459769216407,1.1296166516133417e-17
4593.983418614065,1.1140617581367248e-17
4594.507068011722,1.1169680822668426e-17
4595.0307174093805,1.2073200513381844e-17
4595.554366807038,1.2188860427663546e-17
4596.078016204696,1.1863462991315293e-17
4596.601665602353,1.2446248439120157e-17
4597.125315000011,1.3414704117981069e-17
4597.648964397668,1.3345220855540045e-17
4598.1726137953265,1.3471006016611343e-17
4598.696263192984,1.3943130281407422e-17
4599.219912590641,1.3994158552396787e-17
4599.743561988299,1.3629868668952916e-17
4600.267211385956,1.375385528105324e-17
4600.790860783614,1.4685775415904258e-17
4601.3145101812715,1.5176442562784636e-17
4601.83815957893,1.4465541598704656e-17
4602.361808976587,1.4960595342293946e-17
4602.885458374244,1.58379501359763e-17
4603.409107771902,1.6125797987517837e-17
4603.932757169559,1.5110506020454294e-17
4604.456406567217,1.3733336321538553e-17
4604.980055964875,1.3402561540286583e-17
4605.503705362533,1.3743780523385118e-17
4606.02735476019,1.391760898637822e-17
4606.551004157847,1.4252628072831117e-17
4607.074653555505,1.4215471811496797e-17
4607.5983029531635,1.4803447103169512e-17
4608.121952350821,1.4444208513247334e-17
4608.645601748478,1.4744959129907158e-17
4609.169251146135,1.4491867457350702e-17
4609.692900543793,1.433920643507281e-17
4610.2165499414505,1.5102757545698023e-17
4610.740199339109,1.5625412581255876e-17
4611.263848736766,1.4969275858390817e-17
4611.787498134424,1.4748268004725955e-17
4612.311147532081,1.455904729386806e-17
4612.834796929738,1.5076256438552547e-17
4613.358446327396,1.483426718706371e-17
4613.882095725054,1.526728836169853e-17
4614.405745122712,1.6619437144613668e-17
4614.929394520369,1.6367943848197805e-17
4615.453043918027,1.6133055546445026e-17
4615.976693315684,1.680988952938441e-17
4616.500342713342,1.5906841188656713e-17
4617.023992111,1.4780842391628685e-17
4617.547641508658,1.5076588921370714e-17
4618.071290906315,1.4350216941046682e-17
4618.594940303972,1.425777204265208e-17
4619.11858970163,1.4573795804859694e-17
4619.6422390992875,1.4954758338730508e-17
4620.165888496946,1.459106094629931e-17
4620.689537894603,1.442905468979999e-17
4621.213187292261,1.3603488484959537e-17
4621.736836689918,1.3311510418902792e-17
4622.260486087575,1.3032801675337763e-17
4622.7841354852335,1.3618099069463058e-17
4623.307784882891,1.4628358192610134e-17
4623.831434280548,1.5238889363349663e-17
4624.355083678206,1.6057491235419534e-17
4624.878733075864,1.5367788035755612e-17
4625.402382473521,1.4736872056622928e-17
4625.926031871179,1.392463793434148e-17
4626.449681268837,1.3128050471281781e-17
4626.973330666495,1.4139454334622352e-17
4627.496980064151,1.4835324705099985e-17
4628.020629461809,1.423815627655508e-17
4628.544278859466,1.317406437923004e-17
4629.067928257125,1.3441929453039127e-17
4629.591577654782,1.4090253703372332e-17
4630.11522705244,1.426674145284742e-17
4630.638876450097,1.468754572861489e-17
4631.162525847755,1.4171661239473502e-17
4631.686175245412,1.4480834562215284e-17
4632.20982464307,1.4402838491257846e-17
4632.733474040728,1.4334084405451406e-17
4633.257123438385,1.5034042407498103e-17
4633.780772836043,1.4873651129046876e-17
4634.3044222337,1.4233394016305422e-17
4634.828071631358,1.4416472883959004e-17
4635.351721029016,1.4079648084770048e-17
4635.875370426674,1.3932964374112364e-17
4636.399019824331,1.4092396725850033e-17
4636.922669221989,1.2998917121585064e-17
4637.446318619646,1.279607806145264e-17
4637.9699680173035,1.2463843359533279e-17
4638.493617414962,1.253667595580472e-17
4639.017266812619,1.1534912501632313e-17
4639.540916210277,1.0953649832860681e-17
4640.064565607934,1.1254292889827873e-17
4640.588215005592,1.1340726555628424e-17
4641.1118644032495,1.223347896642635e-17
4641.635513800907,1.2668495084295399e-17
4642.159163198565,1.3222567600831747e-17
4642.682812596222,1.3329087050585229e-17
4643.206461993879,1.30329650666577e-17
4643.730111391537,1.2881393921976852e-17
4644.253760789195,1.2630116449186094e-17
4644.777410186853,1.2147333104752611e-17
4645.30105958451,1.2947701957180735e-17
4645.824708982168,1.2717503825122569e-17
4646.348358379826,1.2467039959448082e-17
4646.872007777482,1.2002526511997702e-17
4647.3956571751405,1.1989882869649328e-17
4647.919306572798,1.1728276094451284e-17
4648.442955970456,1.2078994335249393e-17
4648.966605368113,1.2508415758942194e-17
4649.490254765771,1.3404350880793272e-17
4650.013904163428,1.361579644159364e-17
4650.5375535610865,1.4356662823643656e-17
4651.061202958744,1.5231309438416243e-17
4651.584852356401,1.6593843243264607e-17
4652.108501754059,1.6212544742712138e-17
4652.632151151716,1.5609922518058026e-17
4653.155800549374,1.5166994677246165e-17
4653.679449947032,1.578529223865732e-17
4654.20309934469,1.485956387414263e-17
4654.726748742347,1.3518262951661706e-17
4655.250398140005,1.28871383556598e-17
4655.774047537662,1.2945015862057371e-17
4656.29769693532,1.2160157265404499e-17
4656.821346332978,1.2685555856941851e-17
4657.344995730635,1.255081094555057e-17
4657.868645128293,1.2272171971641198e-17
4658.39229452595,1.2515273675979148e-17
4658.915943923608,1.2667948912535338e-17
4659.439593321265,1.2030431535879882e-17
4659.9632427189235,1.1422797844888886e-17
4660.486892116581,1.0754865445620535e-17
4661.010541514238,1.1028811625809801e-17
4661.534190911896,1.1238490940485964e-17
4662.057840309553,1.205328374808654e-17
4662.5814897072105,1.1865804614805225e-17
4663.105139104869,1.2346086145460916e-17
4663.628788502527,1.2004159358471419e-17
4664.152437900184,1.2953382513299404e-17
4664.676087297841,1.4019703254407463e-17
4665.199736695499,1.3395338503779393e-17
4665.723386093157,1.3580635551965625e-17
4666.247035490814,1.3786121331337661e-17
4666.770684888472,1.4172727227617503e-17
4667.294334286129,1.438080248831349e-17
4667.817983683787,1.3196605684250558e-17
4668.341633081444,1.3463117636787118e-17
4668.8652824791025,1.4364004575340426e-17
4669.38893187676,1.443943069440197e-17
4669.912581274418,1.3672814535312295e-17
4670.436230672075,1.2938950497040248e-17
4670.959880069732,1.2891766669675286e-17
4671.48352946739,1.3182020432492792e-17
4672.0071788650475,1.2750642186264335e-17
4672.530828262706,1.211324500305189e-17
4673.054477660363,1.1868873188166185e-17
4673.578127058021,1.197258903712142e-17
4674.101776455678,1.1891463332752581e-17
4674.625425853336,1.2654134978118928e-17
4675.1490752509935,1.2717287532726526e-17
4675.672724648651,1.2845116747484636e-17
4676.196374046309,1.3959263194386187e-17
4676.720023443966,1.4254663367100018e-17
4677.243672841624,1.409098793380513e-17
4677.767322239281,1.4144762591098544e-17
4678.2909716369395,1.4255052479151716e-17
4678.814621034597,1.4167509292067102e-17
4679.338270432255,1.4139033130368952e-17
4679.861919829911,1.418463687170215e-17
4680.385569227569,1.3545760405998459e-17
4680.909218625227,1.3821551717670137e-17
4681.432868022885,1.428025162175842e-17
4681.956517420542,1.409731445774714e-17
4682.4801668182,1.3788194703140181e-17
4683.003816215858,1.3597367441919331e-17
4683.527465613515,1.3241541571984752e-17
4684.051115011172,1.3469286668316451e-17
4684.574764408831,1.3886405325959322e-17
4685.098413806489,1.4603180102006165e-17
4685.622063204145,1.532617036013891e-17
4686.145712601803,1.580487921598768e-17
4686.66936199946,1.6096454005411513e-17
4687.193011397118,1.586519417168732e-17
4687.716660794776,1.592516974546092e-17
4688.240310192434,1.5852425412582736e-17
4688.763959590091,1.5449551409413262e-17
4689.287608987749,1.5382863826090083e-17
4689.811258385406,1.522202216594424e-17
4690.3349077830635,1.437690015916504e-17
4690.858557180722,1.427167534808654e-17
4691.382206578379,1.3725988154650457e-17
4691.905855976037,1.2993724038061389e-17
4692.429505373694,1.340332944261284e-17
4692.953154771352,1.3122270283155486e-17
4693.4768041690095,1.3323344171100356e-17
4694.000453566668,1.3581699936422106e-17
4694.524102964325,1.3377538831101333e-17
4695.047752361982,1.220871748715894e-17
4695.57140175964,1.2103553206142912e-17
4696.095051157297,1.1912093205673034e-17
4696.6187005549555,1.1473950660765194e-17
4697.142349952613,1.2414609679863534e-17
4697.665999350271,1.3096823459263766e-17
4698.189648747928,1.3100289743034091e-17
4698.713298145586,1.31946357542186e-17
4699.236947543242,1.2196841583838829e-17
4699.7605969409005,1.1535790687375458e-17
4700.284246338559,1.1591796691462535e-17
4700.807895736216,1.1485909190904265e-17
4701.331545133873,1.1840697285182608e-17
4701.855194531531,1.2461867122441122e-17
4702.378843929189,1.3200931304652639e-17
4702.9024933268465,1.3608663901634083e-17
4703.426142724504,1.360088597106938e-17
4703.949792122162,1.4407688526043215e-17
4704.47344151982,1.4964024664695153e-17
4704.997090917476,1.515371921361905e-17
4705.520740315134,1.451734864474569e-17
4706.044389712792,1.4297996568373226e-17
4706.56803911045,1.3072964666497902e-17
4707.091688508107,1.3195301025296785e-17
4707.615337905765,1.3405027111076413e-17
4708.138987303422,1.2954354108053594e-17
4708.66263670108,1.3606423288626658e-17
4709.186286098738,1.387409356262146e-17
4709.709935496395,1.4629256011015028e-17
4710.233584894053,1.3963131561925355e-17
4710.75723429171,1.3517171483821982e-17
4711.280883689368,1.4257254207191845e-17
4711.804533087025,1.475765921397981e-17
4712.328182484684,1.508417705231344e-17
4712.851831882341,1.4756066453313803e-17
4713.375481279999,1.488092652559897e-17
4713.899130677656,1.5965726551335005e-17
4714.422780075313,1.5777884939789732e-17
4714.946429472971,1.593148701443707e-17
4715.470078870629,1.5134588588870752e-17
4715.993728268287,1.4614887588399214e-17
4716.517377665944,1.4378880589922255e-17
4717.041027063602,1.4923585167900393e-17
4717.564676461259,1.459562661818555e-17
4718.088325858917,1.4408766710595994e-17
4718.611975256574,1.4983687562310817e-17
4719.135624654232,1.4882221657203465e-17
4719.65927405189,1.4072768740290682e-17
4720.182923449547,1.4120810061650328e-17
4720.706572847204,1.381439820568218e-17
4721.2302222448625,1.3485957598094144e-17
4721.753871642521,1.3246281910168903e-17
4722.277521040178,1.341380769028779e-17
4722.801170437835,1.3233825423713564e-17
4723.324819835493,1.379828717470547e-17
4723.84846923315,1.2993408009534162e-17
4724.372118630808,1.3248885310813674e-17
4724.895768028466,1.2990472821444931e-17
4725.419417426123,1.3167727761561023e-17
4725.943066823781,1.423210713082629e-17
4726.466716221438,1.6259735904126986e-17
4726.990365619096,1.5767630085639202e-17
4727.514015016754,1.537204382126554e-17
4728.037664414411,1.5504725742710942e-17
4728.561313812069,1.5426965352158595e-17
4729.084963209726,1.5079271312361342e-17
4729.608612607384,1.4466293657477613e-17
4730.132262005041,1.5224274029172607e-17
4730.6559114026995,1.5453270638285206e-17
4731.179560800357,1.6205113801002157e-17
4731.703210198015,1.6395265696833173e-17
4732.226859595672,1.5620725306691873e-17
4732.75050899333,1.5090863601370018e-17
4733.274158390987,1.5849457461228088e-17
4733.797807788645,1.5584622516007857e-17
4734.321457186303,1.6115754180810293e-17
4734.84510658396,1.683653781694013e-17
4735.368755981618,1.6683149496938428e-17
4735.892405379275,1.8076280477410593e-17
4736.416054776933,1.7528778713370115e-17
4736.939704174591,1.7384649306156447e-17
4737.463353572249,1.6532223708372612e-17
4737.987002969905,1.5922099367833217e-17
4738.510652367563,1.6811830043908062e-17
4739.034301765221,1.8013385807365104e-17
4739.557951162878,1.8338833049487698e-17
4740.081600560536,1.8452868703947753e-17
4740.605249958194,1.7619850563554406e-17
4741.128899355852,1.810862926350702e-17
4741.652548753509,1.7452723825110872e-17
4742.176198151166,1.7004402077322705e-17
4742.699847548824,1.7808939074502605e-17
4743.223496946482,1.8781109674094505e-17
4743.747146344139,1.838109470182387e-17
4744.270795741797,1.7949232899656946e-17
4744.794445139454,1.7256699486541547e-17
4745.318094537112,1.768120279949782e-17
4745.8417439347695,1.6886734755602616e-17
4746.365393332428,1.6104339880182552e-17
4746.889042730085,1.650223605510859e-17
4747.412692127742,1.639542125674429e-17
4747.9363415254,1.5891613172783826e-17
4748.459990923057,1.6568382249550627e-17
4748.9836403207155,1.6852191355348247e-17
4749.507289718373,1.6427054758773496e-17
4750.030939116031,1.6466438090758293e-17
4750.554588513688,1.653961988221478e-17
4751.078237911346,1.603616652451333e-17
4751.601887309003,1.5864930009100155e-17
4752.1255367066615,1.5522571954282783e-17
4752.649186104319,1.5842260943061092e-17
4753.172835501976,1.621483923039088e-17
4753.696484899634,1.556906259716834e-17
4754.220134297291,1.4608826011595856e-17
4754.743783694949,1.369105152169367e-17
4755.267433092607,1.491961631966435e-17
4755.791082490265,1.4411462815052894e-17
4756.314731887922,1.4086381843704914e-17
4756.83838128558,1.410231695993658e-17
4757.362030683236,1.434448534666741e-17
4757.885680080894,1.5713377255086705e-17
4758.4093294785525,1.5737198315952737e-17
4758.93297887621,1.6666833852876973e-17
4759.456628273867,1.664585645079244e-17
4759.980277671525,1.608050040975733e-17
4760.503927069183,1.5593031696897552e-17
4761.02757646684,1.574440312618205e-17
4761.551225864498,1.6719845607800405e-17
4762.074875262156,1.7424905287268222e-17
4762.598524659813,1.81778571449919e-17
4763.12217405747,1.8648176031480636e-17
4763.645823455128,1.9118877312320834e-17
4764.1694728527855,1.789057918186345e-17
4764.693122250444,1.7662315672947344e-17
4765.216771648101,1.821482589769163e-17
4765.740421045759,1.8526505316524743e-17
4766.264070443416,1.8557758157138963e-17
4766.787719841073,1.8391958744955062e-17
4767.3113692387315,1.8221656871984386e-17
4767.835018636389,1.9147554284043574e-17
4768.358668034047,1.93604935805546e-17
4768.882317431704,1.9533967378429626e-17
4769.405966829362,1.9010146803339386e-17
4769.929616227019,1.8598491915551718e-17
4770.453265624677,1.8874192518679763e-17
4770.976915022335,1.842738430609472e-17
4771.500564419993,1.664955729461787e-17
4772.02421381765,1.618272264334685e-17
4772.547863215307,1.7103372578428095e-17
4773.071512612965,1.7966447806405668e-17
4773.5951620106225,1.8367426474378944e-17
4774.118811408281,1.795509889465929e-17
4774.642460805938,1.7033214399520068e-17
4775.166110203596,1.6197545198897776e-17
4775.689759601253,1.6527178117052815e-17
4776.21340899891,1.6928282638863773e-17
4776.737058396568,1.6522634407995576e-17
4777.260707794226,1.6118785202342706e-17
4777.784357191884,1.6262635767687803e-17
4778.308006589541,1.6729169478880176e-17
4778.831655987198,1.6022536175156827e-17
4779.355305384856,1.54088807933337e-17
4779.8789547825145,1.5429076128842532e-17
4780.402604180172,1.563047537467471e-17
4780.926253577829,1.612734832442303e-17
4781.449902975487,1.6788528727936615e-17
4781.973552373144,1.7338311069091e-17
4782.497201770801,1.7078121969590404e-17
4783.02085116846,1.7339618784949437e-17
4783.544500566117,1.8438970671382733e-17
4784.068149963775,1.8159013230566877e-17
4784.591799361432,1.767296893450362e-17
4785.11544875909,1.7911317572242496e-17
4785.639098156747,1.8089123414321457e-17
4786.162747554405,1.8545737744430614e-17
4786.686396952063,1.8240034689123037e-17
4787.21004634972,1.8499869006981702e-17
4787.733695747378,1.8009570361391e-17
4788.257345145035,1.74687296910126e-17
4788.780994542693,1.6947722497718516e-17
4789.304643940351,1.6966011267937364e-17
4789.828293338009,1.7289520313801836e-17
4790.351942735666,1.7418302744511886e-17
4790.875592133324,1.7413952334813743e-17
4791.399241530981,1.682371186906305e-17
4791.9228909286385,1.679371461193662e-17
4792.446540326297,1.679499732112551e-17
4792.970189723954,1.6820263857392282e-17
4793.493839121612,1.7320803730820132e-17
4794.017488519269,1.8383570110912017e-17
4794.541137916927,1.8092986467877213e-17
4795.0647873145845,1.7870013997092953e-17
4795.588436712242,1.8086195201065246e-17
4796.112086109899,1.79187925455876e-17
4796.635735507557,1.692300036184077e-17
4797.159384905215,1.6047288416641662e-17
4797.683034302872,1.6572267753966205e-17
4798.2066837005295,1.6773055417005292e-17
4798.730333098188,1.6828915401127578e-17
4799.253982495846,1.6724992224966888e-17
4799.777631893503,1.7078081032144714e-17
4800.30128129116,1.747719213766309e-17
4800.824930688817,1.7703773275150205e-17
4801.3485800864755,1.743668617344018e-17
4801.872229484133,1.747218009703242e-17
4802.395878881791,1.7581536430600116e-17
4802.919528279448,1.800101162620781e-17
4803.443177677106,1.7097721215801358e-17
4803.966827074763,1.6462125035737013e-17
4804.4904764724215,1.7128572607064598e-17
4805.014125870079,1.8305477674204585e-17
4805.537775267736,1.8985557923121805e-17
4806.061424665394,1.8623819885649617e-17
4806.585074063051,1.9161198329596373e-17
4807.108723460709,1.953204109457237e-17
4807.632372858367,1.8280128641243127e-17
4808.156022256025,1.720680510144191e-17
4808.679671653682,1.7397051775142542e-17
4809.20332105134,1.7562786828910786e-17
4809.726970448997,1.8905937288845247e-17
4810.250619846655,1.907887982343511e-17
4810.774269244313,1.8645176826342244e-17
4811.29791864197,1.829074593402523e-17
4811.821568039628,1.7377412750603467e-17
4812.345217437285,1.8292218660384562e-17
4812.868866834943,1.8316003600310558e-17
4813.3925162326,1.7655807850514945e-17
4813.916165630259,1.81220822218395e-17
4814.439815027916,1.8427452295773823e-17
4814.963464425573,1.7160201901617207e-17
4815.48711382323,1.5948356165761987e-17
4816.010763220888,1.5337456634237284e-17
4816.534412618546,1.5127511316020102e-17
4817.058062016204,1.4795123139955923e-17
4817.581711413861,1.526458276394217e-17
4818.105360811519,1.8001243675387968e-17
4818.629010209177,1.8173674498561816e-17
4819.152659606834,1.743164985859699e-17
4819.6763090044915,1.6621755196121656e-17
4820.199958402149,1.6534083228100218e-17
4820.723607799807,1.6839153308758022e-17
4821.247257197464,1.7157290118357294e-17
4821.770906595122,1.732599436905886e-17
4822.294555992779,1.74566911447576e-17
4822.8182053904375,1.782041785674407e-17
4823.341854788095,1.878660076326556e-17
4823.865504185753,1.729144958583026e-17
4824.38915358341,1.6710184884898497e-17
4824.912802981067,1.6728070998769593e-17
4825.436452378725,1.7225681665215227e-17
4825.9601017763825,1.770697671063923e-17
4826.483751174041,1.8197510924659693e-17
4827.007400571698,1.8833754736211068e-17
4827.531049969356,1.8625588142904168e-17
4828.054699367013,1.692119739307465e-17
4828.578348764671,1.6318202580890065e-17
4829.1019981623285,1.7220471489951514e-17
4829.625647559987,1.7803820375087158e-17
4830.149296957644,1.8261580880427703e-17
4830.672946355301,1.7890551785812103e-17
4831.196595752959,1.7573753252257368e-17
4831.720245150616,1.699206687836258e-17
4832.2438945482745,1.712028835924209e-17
4832.767543945932,1.6855504977559958e-17
4833.29119334359,1.767089552851942e-17
4833.814842741247,1.9102566694131388e-17
4834.338492138904,1.9122307512479638e-17
4834.8621415365615,1.920422005242933e-17
4835.38579093422,1.9012419421476303e-17
4835.909440331878,1.805189072389548e-17
4836.433089729535,1.726943807221441e-17
4836.956739127192,1.718777214415894e-17
4837.48038852485,1.806873510547854e-17
4838.004037922508,1.8798872832827853e-17
4838.527687320166,1.8514520697974118e-17
4839.051336717823,1.7725549590210962e-17
4839.57498611548,1.6494327109171577e-17
4840.098635513138,1.602277065141276e-17
4840.622284910795,1.577896991118535e-17
4841.145934308453,1.5957187286280814e-17
4841.669583706111,1.6193007386373688e-17
4842.193233103769,1.6868667621126276e-17
4842.716882501426,1.6844593589625387e-17
4843.240531899084,1.7060047066792477e-17
4843.764181296741,1.7324747758236596e-17
4844.2878306943985,1.8013762389990755e-17
4844.811480092057,1.8597354927214567e-17
4845.335129489714,1.881069738137114e-17
4845.858778887372,1.8503352507669135e-17
4846.382428285029,1.692258011357426e-17
4846.906077682687,1.5571958391990058e-17
4847.4297270803445,1.4422636884968587e-17
4847.953376478003,1.3303559044034332e-17
4848.47702587566,1.4048413456752206e-17
4849.000675273317,1.3955178160295056e-17
4849.524324670975,1.5990010562697944e-17
4850.047974068632,1.7842356582720294e-17
4850.5716234662905,1.8948437742274166e-17
4851.095272863948,1.9849235549862956e-17
4851.618922261606,1.9348971916301842e-17
4852.142571659263,2.1313968620028968e-17
4852.666221056921,3.3873635797211517e-17
4853.189870454578,5.947190990211319e-17
4853.713519852236,5.765183578734875e-17
4854.237169249893,2.6103808774829227e-17
4854.760818647551,1.9501017427106702e-17
4855.284468045209,2.778245629324312e-17
4855.808117442866,2.7358493152189785e-17
4856.331766840523,2.2470740630686668e-17
4856.8554162381815,1.9820798080624558e-17
4857.37906563584,1.7825657146940825e-17
4857.902715033497,1.724292764710348e-17
4858.426364431154,1.5859129000962218e-17
4858.950013828811,1.6067158849234676e-17
4859.473663226469,1.5602956811170513e-17
4859.997312624127,1.5370775978926515e-17
4860.520962021785,1.685398475117346e-17
4861.044611419442,1.743304224229776e-17
4861.5682608171,1.7288762264950894e-17
4862.091910214757,1.761015185083286e-17
4862.615559612415,1.6569335272209952e-17
4863.139209010073,1.5348680530274408e-17
4863.66285840773,1.4887660794814145e-17
4864.186507805388,1.5638959937314098e-17
4864.710157203045,1.610683421463586e-17
4865.233806600703,1.660695589278975e-17
4865.7574559983605,1.630016375279755e-17
4866.281105396019,1.6762969650851857e-17
4866.804754793676,1.7758088475288462e-17
4867.328404191334,1.8233409469594072e-17
4867.852053588991,1.7969383924168614e-17
4868.375702986648,1.691413313885908e-17
4868.899352384306,1.5905038902451942e-17
4869.423001781964,1.5787847286275563e-17
4869.946651179622,1.6831945430266325e-17
4870.470300577279,1.732755790042397e-17
4870.993949974937,1.7918193043489747e-17
4871.517599372594,1.8628637151685255e-17
4872.041248770252,1.8910293447075516e-17
4872.56489816791,1.8833722802120335e-17
4873.088547565567,1.7662343921164873e-17
4873.612196963224,1.604448778051294e-17
4874.135846360882,1.5359567975103744e-17
4874.65949575854,1.482068506252954e-17
4875.1831451561975,1.5263884854440573e-17
4875.706794553855,1.619877989838582e-17
4876.230443951513,1.6565512140706963e-17
4876.754093349171,1.5545597148078148e-17
4877.277742746828,1.6127377688235438e-17
4877.801392144485,1.618810624506359e-17
4878.325041542143,1.532775413530812e-17
4878.848690939801,1.480401770523051e-17
4879.372340337458,1.525110032931554e-17
4879.895989735116,1.6490973678247805e-17
4880.419639132773,1.752419805362118e-17
4880.943288530431,1.730675137198009e-17
4881.466937928089,1.666278960577558e-17
4881.990587325747,1.5992695298958017e-17
4882.514236723404,1.6745976028976087e-17
4883.037886121061,1.7615537833854258e-17
4883.561535518719,1.7964764595810455e-17
4884.085184916376,1.818147977094387e-17
4884.6088343140345,1.9552479621310615e-17
4885.132483711692,2.147214237383357e-17
4885.65613310935,2.1965090233300047e-17
4886.179782507007,2.2131929607058602e-17
4886.703431904665,2.2495131200664328e-17
4887.227081302322,2.189321046671589e-17
4887.75073069998,2.081562869999193e-17
4888.274380097638,2.133964604078558e-17
4888.798029495295,2.117515298941256e-17
4889.321678892953,2.0881929842512302e-17
4889.84532829061,2.010278306479774e-17
4890.368977688268,2.0074888278222253e-17
4890.892627085926,1.9105411156640187e-17
4891.416276483584,1.8710389720436037e-17
4891.939925881241,1.7746794142752228e-17
4892.463575278898,1.6531130186191256e-17
4892.987224676555,1.6415374928572464e-17
4893.5108740742135,1.6944156012250282e-17
4894.034523471872,1.8252973075179633e-17
4894.558172869529,1.8952225885592892e-17
4895.081822267186,1.9101854360435785e-17
4895.605471664844,1.8956695791226093e-17
4896.129121062502,1.9749238278942932e-17
4896.652770460159,1.96149917855578e-17
4897.176419857817,1.987438551267459e-17
4897.700069255474,1.984542610269974e-17
4898.223718653132,2.0371702010130354e-17
4898.747368050789,2.0581070532503743e-17
4899.271017448447,1.9956356790370744e-17
4899.7946668461045,1.919777949313711e-17
4900.318316243763,1.8957002058077752e-17
4900.84196564142,1.826362097844174e-17
4901.365615039078,1.6895818745721455e-17
4901.889264436735,1.612408597584799e-17
4902.412913834392,1.5922911703582157e-17
4902.9365632320505,1.7395811055126546e-17
4903.460212629708,1.656827019384555e-17
4903.983862027366,1.7525804746942865e-17
4904.507511425023,1.818337752272764e-17
4905.031160822681,1.8112251687667557e-17
4905.554810220338,1.786046565425506e-17
4906.0784596179965,1.7318595482560665e-17
4906.602109015654,1.6621107204178242e-17
4907.125758413311,1.6673158186958947e-17
4907.649407810969,1.69751778848888e-17
4908.173057208626,1.6740952905048348e-17
4908.696706606284,1.633623142009974e-17
4909.220356003942,1.60060863889557e-17
4909.7440054016,1.5710135593920976e-17
4910.267654799257,1.5260541578016455e-17
4910.791304196915,1.4993012854411238e-17
4911.314953594572,1.4449416032620518e-17
4911.838602992229,1.3661407041761377e-17
4912.362252389887,1.3382812687365161e-17
4912.885901787545,1.3658649796688025e-17
4913.409551185203,1.29744528271376e-17
4913.93320058286,1.4023481253870952e-17
4914.456849980517,1.5818462779022752e-17
4914.980499378175,1.5867859148107475e-17
4915.5041487758335,1.565651240536798e-17
4916.027798173491,1.675603585266704e-17
4916.551447571148,1.7270797200010523e-17
4917.075096968805,1.718445756859378e-17
4917.598746366463,1.803459852090811e-17
4918.1223957641205,1.8608964020488982e-17
4918.646045161779,1.9922646453659403e-17
4919.169694559436,2.050668663926086e-17
4919.693343957094,1.9897067228594318e-17
4920.216993354751,2.0040811463555238e-17
4920.740642752408,1.906436352523563e-17
4921.2642921500665,1.7904999969922196e-17
4921.787941547724,1.8419445239833394e-17
4922.311590945382,1.920507058414282e-17
4922.835240343039,1.9506567668949536e-17
4923.358889740697,1.9304879195823937e-17
4923.882539138354,1.8696862615326865e-17
4924.406188536012,1.8041699211920198e-17
4924.92983793367,1.732212413293611e-17
4925.453487331328,1.5948829660345732e-17
4925.977136728985,1.480490563440488e-17
4926.500786126642,1.3566163920475834e-17
4927.0244355243,1.3015191448485303e-17
4927.5480849219575,1.4106483766762907e-17
4928.071734319616,1.6993771883644657e-17
4928.595383717273,1.7891218348235993e-17
4929.119033114931,1.7958101484364227e-17
4929.642682512588,1.6315849079922657e-17
4930.166331910246,1.5644992169483832e-17
4930.6899813079035,1.550232234509786e-17
4931.213630705561,1.590229579157356e-17
4931.737280103218,1.7319128957063098e-17
4932.260929500876,1.7858540954623483e-17
4932.784578898534,1.892477306566411e-17
4933.308228296191,1.9295606151441518e-17
4933.831877693849,1.9607913272897078e-17
4934.355527091507,1.9081122438068254e-17
4934.879176489165,1.9240483220319757e-17
4935.402825886822,1.8864680137284596e-17
4935.926475284479,1.8450353697059857e-17
4936.450124682136,1.832467804475604e-17
4936.973774079795,1.8561037062488394e-17
4937.497423477452,1.9141098320443027e-17
4938.02107287511,1.8748486786688123e-17
4938.544722272767,1.8779386881359802e-17
4939.068371670425,1.8497004441731376e-17
4939.592021068082,1.8834609242260953e-17
4940.11567046574,1.9339576059938075e-17
4940.639319863398,1.9682435063691125e-17
4941.162969261055,1.9764639447860928e-17
4941.686618658713,1.912511950111714e-17
4942.21026805637,1.987577982257069e-17
4942.733917454028,2.075223234910237e-17
4943.257566851686,2.0547995793507037e-17
4943.781216249344,2.0618428941545325e-17
4944.304865647001,2.0444976591194596e-17
4944.828515044659,1.8634684898410256e-17
4945.352164442316,1.812742137467515e-17
4945.8758138399735,1.823787160285058e-17
4946.399463237632,1.808611044097977e-17
4946.923112635289,1.862671130333174e-17
4947.446762032947,1.9439322919293463e-17
4947.970411430604,1.9394452177601825e-17
4948.494060828262,1.89891109037612e-17
4949.0177102259195,1.6936601647073016e-17
4949.541359623578,1.6399738105637548e-17
4950.065009021235,1.6491241661587267e-17
4950.588658418892,1.6429310607935845e-17
4951.112307816549,1.7926951884391974e-17
4951.635957214207,2.010083653146198e-17
4952.1596066118655,2.011254123955614e-17
4952.683256009523,1.8938003032776328e-17
4953.20690540718,1.8475408676626982e-17
4953.730554804838,1.814749919307913e-17
4954.254204202496,1.8397374574361962e-17
4954.777853600152,1.7720783720096534e-17
4955.3015029978105,1.8977343954083795e-17
4955.825152395468,1.9091187269605085e-17
4956.348801793126,1.8444799106279416e-17
4956.872451190783,2.017421227891402e-17
4957.396100588441,1.8271853669287732e-17
4957.919749986098,1.6753229936405438e-17
4958.4433993837565,1.799268865649919e-17
4958.967048781414,1.7282871619005766e-17
4959.490698179071,1.8803071429466334e-17
4960.014347576729,1.8166691775869007e-17
4960.537996974386,1.8433629388739638e-17
4961.061646372044,1.9200458640032288e-17
4961.585295769702,1.9234591781078134e-17
4962.10894516736,1.9761008891269587e-17
4962.632594565017,1.9439351766311164e-17
4963.156243962675,1.8812533039839868e-17
4963.679893360332,1.9938628574688656e-17
4964.20354275799,1.938167271395401e-17
4964.727192155648,2.0417276806387e-17
4965.250841553305,2.084277180070052e-17
4965.774490950963,2.0322161420554278e-17
4966.29814034862,2.0046508524898624e-17
4966.821789746278,2.0950630016654056e-17
4967.345439143935,2.0751936147867495e-17
4967.869088541594,2.038610970327458e-17
4968.392737939251,2.1013375166446194e-17
4968.916387336908,1.9882714059254414e-17
4969.440036734566,1.8616941215677146e-17
4969.963686132223,1.8034940626441244e-17
4970.4873355298805,1.6856919074338554e-17
4971.010984927539,1.6952927986141317e-17
4971.534634325197,1.6187677480470408e-17
4972.058283722854,1.66366153383881e-17
4972.581933120511,1.697497374175077e-17
4973.105582518169,1.5566605047325714e-17
4973.629231915827,1.4684847436817417e-17
4974.152881313484,1.4212665163001548e-17
4974.676530711142,1.2780373012492516e-17
4975.200180108799,1.3381103602050826e-17
4975.723829506457,1.4222283362863154e-17
4976.247478904114,1.553658991570453e-17
4976.7711283017725,1.5511434127535664e-17
4977.29477769943,1.5015512280304625e-17
4977.818427097088,1.578868417309535e-17
4978.342076494745,1.538580139869731e-17
4978.865725892402,1.5078196928313464e-17
4979.38937529006,1.5696984016393504e-17
4979.913024687718,1.734651231719654e-17
4980.436674085376,1.7392665395886553e-17
4980.960323483033,1.6825255470551525e-17
4981.483972880691,1.5358793746155834e-17
4982.007622278348,1.533348401159638e-17
4982.531271676006,1.549884024574997e-17
4983.0549210736635,1.6844179361377817e-17
4983.578570471322,1.7556272752774547e-17
4984.102219868979,1.716384082212062e-17
4984.625869266636,1.706656087922357e-17
4985.149518664294,1.941585892752722e-17
4985.673168061951,1.9240423826379306e-17
4986.1968174596095,1.6931169561499026e-17
4986.720466857267,1.4969745633068888e-17
4987.244116254925,1.5428274349049812e-17
4987.767765652582,1.6634950070456644e-17
4988.291415050239,1.642217295674801e-17
4988.815064447897,1.674773117013166e-17
4989.338713845555,1.6950045953148456e-17
4989.862363243212,1.632710300444296e-17
4990.38601264087,1.5881843156306068e-17
4990.909662038528,1.6344109235005768e-17
4991.433311436185,1.5356024014424045e-17
4991.9569608338425,1.5268202874553367e-17
4992.480610231501,1.5234922930270676e-17
4993.004259629159,1.5232013662727166e-17
4993.527909026815,1.482400313093412e-17
4994.051558424473,1.5121273407162294e-17
4994.57520782213,1.550038295058798e-17
4995.098857219788,1.5943660296827007e-17
4995.622506617446,1.6457501638387788e-17
4996.146156015104,1.7830313555952624e-17
4996.669805412761,1.6246309167646818e-17
4997.193454810419,1.5284534184194107e-17
4997.717104208076,1.5459033105644787e-17
4998.2407536057335,1.6637985892178822e-17
4998.764403003392,1.6380782115817493e-17
4999.288052401049,1.596822853635355e-17
4999.811701798707,1.64466296582528e-17
5000.335351196364,1.7538249321939313e-17
5000.859000594022,1.845104158791175e-17
5001.3826499916795,1.6883186690371464e-17
5001.906299389338,1.6369653224008126e-17
5002.429948786995,1.567568584896707e-17
5002.953598184652,1.5126066282693158e-17
5003.47724758231,1.5221024607449496e-17
5004.000896979967,1.464300643422845e-17
5004.5245463776255,1.4555099657754256e-17
5005.048195775283,1.2989584754702988e-17
5005.571845172941,1.3041318326062236e-17
5006.095494570598,1.4049657790542638e-17
5006.619143968256,1.518029172285963e-17
5007.142793365913,1.5135478172825387e-17
5007.666442763571,1.5884025439561226e-17
5008.190092161229,1.650326383853444e-17
5008.713741558886,1.7000280530399326e-17
5009.237390956543,1.551341400154e-17
5009.761040354201,1.5521707125807563e-17
5010.284689751859,1.588977879527085e-17
5010.8083391495165,1.6355189064714696e-17
5011.331988547174,1.6112209407872534e-17
5011.855637944832,1.674348001556096e-17
5012.37928734249,1.7313899603092606e-17
5012.902936740146,1.6803722182348148e-17
5013.426586137804,1.7377350327154346e-17
5013.950235535462,1.7874168019317284e-17
5014.47388493312,1.7163197009688785e-17
5014.997534330777,1.6657067871081914e-17
5015.521183728435,1.7603211384638733e-17
5016.044833126092,1.8519627770535637e-17
5016.56848252375,1.9173981375770504e-17
5017.092131921408,1.8402585208544052e-17
5017.615781319065,1.869549995058955e-17
5018.139430716723,1.7994767264625987e-17
5018.66308011438,1.84841370688806e-17
5019.186729512038,1.887754840243224e-17
5019.7103789096955,1.829602621156525e-17
5020.234028307354,1.8527367182894462e-17
5020.757677705011,1.8810154481498784e-17
5021.281327102669,1.858696269860282e-17
5021.804976500326,1.966906304673543e-17
5022.328625897983,2.029514864097415e-17
5022.852275295641,1.8973840956654222e-17
5023.375924693299,1.7969979867593182e-17
5023.899574090957,1.7737917185076695e-17
5024.423223488614,1.8425053765569034e-17
5024.946872886272,1.8748834546967092e-17
5025.470522283929,1.816364877319355e-17
5025.994171681587,1.8235076812404162e-17
5026.517821079245,1.7502608052656592e-17
5027.041470476902,1.6535937553094746e-17
5027.56511987456,1.53127159326445e-17
5028.088769272217,1.4425374682113737e-17
5028.612418669874,1.3647760888358334e-17
5029.1360680675325,1.3524070342482687e-17
5029.659717465191,1.4751688889318648e-17
5030.183366862848,1.555650897677486e-17
5030.707016260505,1.4765966319085714e-17
5031.230665658163,1.4496306567254835e-17
5031.754315055821,1.4672888343337387e-17
5032.277964453478,1.4562658900374738e-17
5032.801613851136,1.4450701234386242e-17
5033.325263248793,1.6083369961147464e-17
5033.848912646451,1.6864163071274776e-17
5034.372562044108,1.695221198453176e-17
5034.896211441766,1.7255882857725923e-17
5035.419860839424,1.9624860272248553e-17
5035.943510237082,2.098717924413268e-17
5036.467159634739,2.075788189664886e-17
5036.990809032396,2.0282911096967612e-17
5037.514458430054,2.039202908723334e-17
5038.038107827711,2.1171521714711147e-17
5038.56175722537,2.0340676432010027e-17
5039.085406623027,1.9459719788991603e-17
5039.609056020685,1.809217357267287e-17
5040.132705418342,1.751356148931453e-17
5040.656354816,1.7304031759993115e-17
5041.180004213657,1.7201067590092842e-17
5041.703653611315,1.7362832146989483e-17
5042.227303008973,1.8081160974242438e-17
5042.75095240663,1.8400560915270705e-17
5043.274601804288,1.7864650961772532e-17
5043.798251201945,1.837198749372172e-17
5044.321900599603,1.9644133787296375e-17
5044.845549997261,2.0731983065011347e-17
5045.369199394919,2.2699993026125988e-17
5045.892848792576,2.2056311924265454e-17
5046.416498190233,2.307574282672566e-17
5046.940147587891,2.2581632905872125e-17
5047.4637969855485,2.1336190604424e-17
5047.987446383206,2.1894376041577412e-17
5048.511095780864,2.2325752194026716e-17
5049.034745178522,2.1196697937416507e-17
5049.558394576179,2.0967644774324053e-17
5050.082043973836,2.0295241885051192e-17
5050.605693371494,2.025730888112002e-17
5051.129342769152,2.071763165656737e-17
5051.652992166809,2.0021726478687415e-17
5052.176641564467,1.9413571958151512e-17
5052.700290962124,1.9604792547989768e-17
5053.223940359782,1.9622715867185746e-17
5053.7475897574395,2.0790522841576254e-17
5054.271239155098,2.0257708446490778e-17
5054.794888552755,1.9299924942432178e-17
5055.318537950413,1.8990527979334568e-17
5055.84218734807,1.8842242248660313e-17
5056.365836745727,1.7709795219746193e-17
5056.8894861433855,1.6440829768497243e-17
5057.413135541043,1.6239990526299975e-17
5057.936784938701,1.7214868378136348e-17
5058.460434336358,1.8963719089053218e-17
5058.984083734016,1.862316526466196e-17
5059.507733131673,1.8647546458629748e-17
5060.0313825293315,1.848911592925309e-17
5060.555031926989,1.9057430320393748e-17
5061.078681324646,1.9491827128015926e-17
5061.602330722304,2.060306876981491e-17
5062.125980119961,2.0217768742929578e-17
5062.649629517619,1.9894199096093457e-17
5063.173278915277,2.0588671832825013e-17
5063.696928312935,2.028482483161508e-17
5064.220577710592,1.8318821463327862e-17
5064.74422710825,1.7592529628875756e-17
5065.267876505906,1.8512501748454034e-17
5065.791525903564,1.856596157875903e-17
5066.315175301223,1.7776187552282713e-17
5066.83882469888,1.6886524411114637e-17
5067.362474096537,1.6417131116570818e-17
5067.886123494195,1.5866164876614574e-17
5068.409772891853,1.628365875463862e-17
5068.93342228951,1.62398060120922e-17
5069.457071687168,1.631312304244341e-17
5069.980721084826,1.664842881202524e-17
5070.504370482483,1.603730835254117e-17
5071.02801988014,1.4724747036303934e-17
5071.551669277798,1.4826940947968352e-17
5072.0753186754555,1.42925216616808e-17
5072.598968073114,1.432911324793332e-17
5073.122617470771,1.626032368391069e-17
5073.646266868429,1.7378023598794094e-17
5074.169916266086,1.8145124581041097e-17
5074.693565663744,1.796564896115574e-17
5075.2172150614015,1.774665686837641e-17
5075.740864459059,1.8154467575976075e-17
5076.264513856717,1.829037343851141e-17
5076.788163254374,1.8685330658874064e-17
5077.311812652032,1.9721130572914577e-17
5077.835462049689,2.020388850188663e-17
5078.3591114473475,1.8957457389209822e-17
5078.882760845005,1.8311150193878497e-17
5079.406410242663,1.8067713751911058e-17
5079.93005964032,1.7568410463860096e-17
5080.453709037977,1.8071461211988403e-17
5080.977358435635,1.928570026272508e-17
5081.5010078332925,2.0052289537275758e-17
5082.024657230951,1.9592105722489968e-17
5082.548306628608,1.9121842112425545e-17
5083.071956026266,1.9424633620636997e-17
5083.595605423923,1.995067989071889e-17
5084.119254821581,2.0677651208897674e-17
5084.642904219238,2.0099522055334342e-17
5085.166553616896,1.9908880383909104e-17
5085.690203014554,1.9902813323653957e-17
5086.213852412211,1.983795322962099e-17
5086.737501809868,2.061203218436995e-17
5087.261151207526,2.129242071045431e-17
5087.7848006051845,2.0886897196049998e-17
5088.308450002842,1.8011559374116228e-17
5088.832099400499,1.8310347445286907e-17
5089.355748798157,1.92046969479837e-17
5089.879398195814,1.8173441796676978e-17
5090.4030475934715,1.8169444264784988e-17
5090.92669699113,1.7541083479520164e-17
5091.450346388787,1.67961596611971e-17
5091.973995786445,1.727239628970675e-17
5092.497645184102,1.8388919291396197e-17
5093.02129458176,1.961617372686902e-17
5093.544943979417,1.9663365592281097e-17
5094.068593377076,1.8954682414294204e-17
5094.592242774733,1.8003885378049297e-17
5095.11589217239,1.6608870438725067e-17
5095.639541570048,1.6968803578915783e-17
5096.163190967705,1.7672697716350358e-17
5096.686840365363,1.6764694144474175e-17
5097.210489763021,1.553230180374416e-17
5097.734139160679,1.578543087451621e-17
5098.257788558336,1.6152157763087144e-17
5098.781437955994,1.59168693970817e-17
5099.305087353651,1.639735682452271e-17
5099.8287367513085,1.6198642921936832e-17
5100.352386148967,1.5132565023456812e-17
5100.876035546624,1.6849381129809984e-17
5101.399684944282,1.7696264144671185e-17
5101.923334341939,1.6772003961727782e-17
5102.446983739597,1.72466939534989e-17
5102.9706331372545,1.740717400621471e-17
5103.494282534913,1.7037740165785466e-17
5104.017931932569,1.7718990703365807e-17
5104.541581330227,1.880276585271565e-17
5105.065230727885,1.9769305723780716e-17
5105.588880125542,2.0157723452075497e-17
5106.1125295232,1.928893246897684e-17
5106.636178920858,1.9904268616613204e-17
5107.159828318516,1.9167937200555766e-17
5107.683477716173,2.010901839469578e-17
5108.20712711383,1.9921248662746837e-17
5108.730776511487,2.00553093588568e-17
5109.2544259091455,1.9898904307116045e-17
5109.778075306803,2.0153894841760434e-17
5110.301724704461,2.011902615690818e-17
5110.825374102118,1.852473036173882e-17
5111.349023499776,1.7869051467203464e-17
5111.872672897433,1.7556882320049718e-17
5112.3963222950915,1.7536544752090298e-17
5112.919971692749,1.741283754685262e-17
5113.443621090406,1.7569487090652916e-17
5113.967270488064,1.7270189027337928e-17
5114.490919885721,1.5528058288854935e-17
5115.014569283379,1.4098066453087735e-17
5115.538218681037,1.43360869605547e-17
5116.061868078695,1.3492307640945535e-17
5116.585517476352,1.3882020599057132e-17
5117.10916687401,1.578726193233558e-17
5117.632816271667,1.6515143672305605e-17
5118.156465669325,1.7352832196452243e-17
5118.680115066983,1.695514589023618e-17
5119.20376446464,1.6576539710520286e-17
5119.727413862298,1.6312561984163137e-17
5120.251063259956,1.6178556702815093e-17
5120.774712657612,1.5483984584802246e-17
5121.2983620552695,1.643379070236588e-17
5121.822011452928,1.6642609490481646e-17
5122.345660850586,1.713278076961525e-17
5122.869310248243,1.678574230972336e-17
5123.3929596459,1.7766114253488578e-17
5123.916609043558,1.7858875152927088e-17
5124.440258441216,1.8294844865636687e-17
5124.963907838874,1.7989056025548406e-17
5125.487557236531,1.914946659235284e-17
5126.011206634189,1.994640362070222e-17
5126.534856031847,1.8514190075112773e-17
5127.058505429504,1.9318614619092834e-17
5127.5821548271615,1.9780013608081176e-17
5128.10580422482,1.9491304831385613e-17
5128.629453622478,1.8502786507198674e-17
5129.153103020135,1.8063080072968208e-17
5129.676752417792,1.7840041240949327e-17
5130.20040181545,1.7618398433223843e-17
5130.724051213107,1.7954597660881968e-17
5131.247700610765,1.8341070469039442e-17
5131.771350008422,1.7245345807285238e-17
5132.29499940608,1.6951981732084406e-17
5132.818648803737,1.769202939308985e-17
5133.342298201395,1.8380172954326294e-17
5133.865947599053,1.7132155436798928e-17
5134.389596996711,1.5589844925554384e-17
5134.913246394368,1.622131741590866e-17
5135.436895792026,1.544923744067618e-17
5135.960545189683,1.6449502681592944e-17
5136.484194587341,1.7036385148492082e-17
5137.0078439849985,1.755064835182662e-17
5137.531493382657,1.7039833454047175e-17
5138.055142780314,1.6664603960409648e-17
5138.578792177972,1.6684312628496786e-17
5139.102441575629,1.6257455984544324e-17
5139.626090973287,1.65157649398122e-17
5140.149740370944,1.695420816118045e-17
5140.673389768601,1.67319774342896e-17
5141.197039166259,1.7690265234774397e-17
5141.720688563917,1.8263958246583664e-17
5142.244337961574,1.79445264693e-17
5142.7679873592315,1.683516641000078e-17
5143.29163675689,1.6129992604194025e-17
5143.815286154548,1.604494326215494e-17
5144.338935552205,1.6755103838536313e-17
5144.862584949862,1.6141525442724602e-17
5145.38623434752,1.647463376203607e-17
5145.909883745178,1.705546600575928e-17
5146.433533142836,1.765127990829419e-17
5146.957182540493,1.7954217118315068e-17
5147.480831938151,1.8829838986534125e-17
5148.004481335809,1.914900887158424e-17
5148.528130733466,1.9616060245457355e-17
5149.051780131123,1.998634033714183e-17
5149.575429528782,1.9951586013507997e-17
5150.099078926438,2.002466109379362e-17
5150.622728324096,2.0169380033345696e-17
5151.146377721753,1.9998798739213827e-17
5151.670027119411,1.8833863403469912e-17
5152.1936765170685,1.8899568880933207e-17
5152.717325914727,1.9466096647743165e-17
5153.240975312384,1.751608128682891e-17
5153.764624710042,1.7156974258016655e-17
5154.288274107699,1.5819828849172657e-17
5154.811923505357,1.622683414301875e-17
5155.3355729030145,1.5879237161058862e-17
5155.859222300673,1.5896138600348753e-17
5156.38287169833,1.5427080287620536e-17
5156.906521095988,1.5909561244751324e-17
5157.430170493645,1.62771526515391e-17
5157.953819891303,1.5150481580282875e-17
5158.4774692889605,1.4267567392851244e-17
5159.001118686619,1.2706899757632464e-17
5159.524768084275,1.2892015000452e-17
5160.048417481932,1.2995271681280425e-17
5160.57206687959,1.424449781521724e-17
5161.095716277248,1.5235563418534878e-17
5161.619365674906,1.4840180869685713e-17
5162.143015072563,1.7082160642871774e-17
5162.666664470221,1.821976017607684e-17
5163.190313867879,1.763652150152791e-17
5163.713963265536,1.7562672974853927e-17
5164.237612663193,1.7850573220550344e-17
5164.761262060852,1.9097044493526478e-17
5165.28491145851,2.0388521685866103e-17
5165.808560856167,2.221750608748733e-17
5166.332210253824,2.19986307663809e-17
5166.855859651482,2.2797925518156996e-17
5167.37950904914,2.4146151017434238e-17
5167.9031584467975,2.3790750720361384e-17
5168.426807844455,2.3178677405456678e-17
5168.950457242112,2.3420008664295925e-17
5169.474106639769,2.3272652517003228e-17
5169.997756037427,2.2199582643479217e-17
5170.5214054350845,2.1320928070549387e-17
5171.045054832743,2.0092645304058857e-17
5171.5687042304,1.979568726016697e-17
5172.092353628058,2.1148317237117684e-17
5172.616003025715,2.1449968425730554e-17
5173.139652423373,2.067721412756829e-17
5173.6633018210305,2.108605031594954e-17
5174.186951218689,2.1839476593767007e-17
5174.710600616346,1.9885469880268932e-17
5175.234250014004,1.8832519384496805e-17
5175.757899411661,1.7990842554318417e-17
5176.281548809319,1.8062762946891487e-17
5176.8051982069765,2.02127739224162e-17
5177.328847604635,2.2421444103363514e-17
5177.852497002292,2.2266709794110154e-17
5178.37614639995,2.083002434057598e-17
5178.899795797606,1.9351478115211285e-17
5179.423445195263,1.819163832793616e-17
5179.9470945929215,1.7751393079047556e-17
5180.47074399058,1.8000827017264268e-17
5180.994393388237,1.8313184205836497e-17
5181.518042785894,1.7817645958956047e-17
5182.041692183552,1.8430624739187803e-17
5182.56534158121,1.835966116990329e-17
5183.0889909788675,1.8211220007209622e-17
5183.612640376525,1.78092986511117e-17
5184.136289774183,1.7379455407627563e-17
5184.659939171841,1.7319860047978318e-17
5185.183588569498,1.719280083385292e-17
5185.707237967155,1.7427373967278334e-17
5186.2308873648135,1.9074778403048648e-17
5186.754536762472,1.9214856943431628e-17
5187.278186160129,1.753111457246401e-17
5187.801835557786,1.7284429445337576e-17
5188.325484955443,1.9360698952726337e-17
5188.8491343531,1.972153938797161e-17
5189.372783750759,1.957973185113024e-17
5189.896433148416,1.9447808195843593e-17
5190.420082546074,2.0382335246485398e-17
5190.943731943731,1.9461455427096785e-17
5191.467381341389,1.7141671236004998e-17
5191.991030739046,1.7917716380494473e-17
5192.514680136705,1.7971232466013945e-17
5193.038329534362,1.7227512066524423e-17
5193.56197893202,1.7990512470895634e-17
5194.085628329677,1.9501211743378783e-17
5194.609277727335,1.9016802936314223e-17
5195.132927124992,1.6497053785046098e-17
5195.6565765226505,1.6682621811344006e-17
5196.180225920308,1.807192915334966e-17
5196.703875317966,1.6980438120910273e-17
5197.227524715623,1.4203045258066174e-17
5197.75117411328,1.5252892985499555e-17
5198.2748235109375,1.6855313815543785e-17
5198.798472908595,1.7427870991172566e-17
5199.322122306253,1.7924318606223335e-17
5199.845771703911,1.9028974760882064e-17
5200.369421101568,2.01318469085791e-17
5200.893070499225,2.0331618849583835e-17
5201.4167198968835,2.1073050750480544e-17
5201.940369294542,2.1018247888948524e-17
5202.464018692199,2.042379826747532e-17
5202.987668089856,1.8913704610707393e-17
5203.511317487514,1.9344289872451343e-17
5204.034966885172,1.9985824099705675e-17
5204.5586162828295,2.030393854310331e-17
5205.082265680487,2.0716115975161798e-17
5205.605915078145,2.208990256964692e-17
5206.129564475803,2.083076139788205e-17
5206.65321387346,1.9258948135642814e-17
5207.176863271117,1.896739744276658e-17
5207.7005126687745,1.981776283607685e-17
5208.224162066432,1.9880302678679953e-17
5208.74781146409,1.934698939339842e-17
5209.271460861747,1.986134779436479e-17
5209.795110259405,2.1608060986213984e-17
5210.318759657062,2.224486660996156e-17
5210.8424090547205,2.2329317082893183e-17
5211.366058452378,2.1702670167499985e-17
5211.889707850036,2.0028990831416172e-17
5212.413357247693,1.966377025524503e-17
5212.937006645351,2.0351530393546928e-17
5213.460656043008,1.9993560300261642e-17
5213.9843054406665,1.9390393824860006e-17
5214.507954838324,2.0158688694196666e-17
5215.031604235982,2.038087892033965e-17
5215.555253633639,2.0779237263999553e-17
5216.078903031297,2.0277515700199793e-17
5216.602552428954,1.9166739151664046e-17
5217.126201826612,1.763573543667388e-17
5217.649851224269,1.775336732456373e-17
5218.173500621926,1.813983959882993e-17
5218.697150019584,1.9174777249693715e-17
5219.220799417242,1.8723324471717966e-17
5219.744448814899,1.7752685705341553e-17
5220.268098212557,2.0242960576475354e-17
5220.791747610215,2.131759541605155e-17
5221.315397007873,2.178250271505848e-17
5221.83904640553,2.2075101371019962e-17
5222.362695803187,2.2218381440658158e-17
5222.886345200845,2.369494811002493e-17
5223.4099945985035,2.452259424279726e-17
5223.933643996161,2.3321699150262053e-17
5224.457293393818,2.278912714471683e-17
5224.980942791476,2.274373937252524e-17
5225.504592189134,2.1663909120493987e-17
5226.028241586791,2.1264514645201476e-17
5226.551890984449,2.0664631746327268e-17
5227.075540382106,2.1694953358939268e-17
5227.599189779763,2.3503780152476416e-17
5228.122839177421,2.532800622985105e-17
5228.646488575078,2.5676428496695405e-17
5229.1701379727365,2.4820144192633953e-17
5229.693787370394,2.3782816078459598e-17
5230.217436768052,2.48092252533559e-17
5230.741086165709,2.5826334337621687e-17
5231.264735563367,2.499234070514321e-17
5231.788384961024,2.5974231995708527e-17
5232.3120343586825,2.6344030145424568e-17
5232.83568375634,2.5706572635266106e-17
5233.359333153998,2.4143073211930242e-17
5233.882982551655,2.2148627877616746e-17
5234.406631949313,2.225892395665093e-17
5234.93028134697,2.2455768429055102e-17
5235.453930744628,2.354900622066441e-17
5235.977580142286,2.358416313431042e-17
5236.501229539943,2.201490213541848e-17
5237.0248789376,2.0739729673199093e-17
5237.548528335257,2.0696103078553757e-17
5238.072177732915,1.9997789583637592e-17
5238.5958271305735,1.8371322257004805e-17
5239.119476528231,1.663142175073793e-17
5239.643125925888,1.6751256004430315e-17
5240.166775323546,1.7127280813948818e-17
5240.690424721204,1.8085579007774688e-17
5241.214074118861,1.7790096558981323e-17
5241.737723516519,1.636147817181765e-17
5242.261372914177,1.534989863677311e-17
5242.785022311835,1.6584528375846278e-17
5243.308671709492,1.86822441312738e-17
5243.832321107149,2.0184178576229755e-17
5244.355970504807,1.9979609465294307e-17
5244.8796199024655,2.0836426422040132e-17
5245.403269300123,2.260168769164209e-17
5245.926918697779,2.2502730851094703e-17
5246.450568095437,2.1469199735641315e-17
5246.974217493094,2.1330942670430018e-17
5247.497866890752,2.162827543631595e-17
5248.02151628841,2.23307289093683e-17
5248.545165686068,2.3330247084573552e-17
5249.068815083725,2.3121193255067366e-17
5249.592464481383,2.307102873791281e-17
5250.11611387904,2.253757866628665e-17
5250.639763276698,2.1666567900601478e-17
5251.163412674356,2.140491673212182e-17
5251.687062072014,2.103996393031754e-17
5252.210711469671,1.9401256496057673e-17
5252.734360867329,1.844314380728986e-17
5253.258010264986,1.8027895578754127e-17
5253.781659662644,1.8758994323225467e-17
5254.305309060302,1.8357256527641567e-17
5254.82895845796,1.859237220728514e-17
5255.352607855617,1.78159121703918e-17
5255.876257253274,1.646638848613166e-17
5256.399906650931,1.5082858667632487e-17
5256.923556048589,1.4744694695647345e-17
5257.447205446247,1.598604715727734e-17
5257.970854843905,1.6942340859371714e-17
5258.494504241562,1.8181507845961825e-17
5259.018153639219,1.960700778099835e-17
5259.541803036877,2.0098895588134118e-17
5260.0654524345355,2.0019660748901476e-17
5260.589101832193,1.900835479449826e-17
5261.11275122985,1.7977963478820255e-17
5261.636400627508,1.7280349013347235e-17
5262.160050025166,1.6195488950792863e-17
5262.683699422823,1.6555401559581455e-17
5263.207348820481,1.82633255718872e-17
5263.730998218139,2.0570516440574204e-17
5264.254647615797,2.1308780350095856e-17
5264.778297013454,2.1078806504821095e-17
5265.30194641111,2.0785054705327925e-17
5265.825595808768,2.101828444427519e-17
5266.349245206426,2.193745174350893e-17
5266.872894604084,2.2238009253183877e-17
5267.396544001741,2.229073353859615e-17
5267.920193399399,2.2179679934148366e-17
5268.443842797056,2.2316493904182458e-17
5268.967492194714,2.2891294832205327e-17
5269.491141592372,2.3838651798800118e-17
5270.01479099003,2.3931013316484917e-17
5270.538440387687,2.2887762276256592e-17
5271.062089785345,2.1919188165336028e-17
5271.585739183002,2.266534041799698e-17
5272.10938858066,2.381573593447233e-17
5272.633037978318,2.393000733670732e-17
5273.156687375976,2.416674516647507e-17
5273.680336773633,2.411716419237995e-17
5274.203986171291,2.3766498862348144e-17
5274.727635568947,2.3717580588882886e-17
5275.251284966605,2.360520640249454e-17
5275.774934364263,2.4157220942322472e-17
5276.29858376192,2.3924550463101118e-17
5276.822233159578,2.460766607981107e-17
5277.345882557236,2.6227171846666123e-17
5277.869531954893,2.7406195496925645e-17
5278.3931813525505,2.7871801464767e-17
5278.916830750209,2.7575873400674466e-17
5279.440480147867,2.5255393362975512e-17
5279.964129545524,2.3857477786292148e-17
5280.487778943181,2.4259518441191428e-17
5281.011428340839,2.4433982621831088e-17
5281.535077738497,2.4192376253928945e-17
5282.058727136155,2.3917729248532976e-17
5282.582376533812,2.3788071687096654e-17
5283.10602593147,2.292066035857508e-17
5283.629675329128,2.2064476985041554e-17
5284.153324726785,2.092451333931439e-17
5284.676974124442,1.9457129371507878e-17
5285.2006235221,1.9216636738639744e-17
5285.724272919757,2.0437468682563485e-17
5286.247922317415,2.2592420289536317e-17
5286.771571715072,2.261299529083862e-17
5287.29522111273,2.2598319494083725e-17
5287.818870510388,2.1789555104310084e-17
5288.342519908046,2.1214850150868067e-17
5288.866169305703,1.98634824523886e-17
5289.389818703361,1.927604423401335e-17
5289.913468101018,2.0073946067401587e-17
5290.437117498676,2.1268329020477004e-17
5290.960766896334,2.265885787053252e-17
5291.484416293992,2.416939795318471e-17
5292.008065691649,2.5404282921066495e-17
5292.531715089307,2.5031508100203217e-17
5293.055364486964,2.268936975859369e-17
5293.579013884622,2.2302587399844256e-17
5294.102663282279,2.150853517170853e-17
5294.626312679937,2.1587120752031412e-17
5295.149962077594,2.3138099668070315e-17
5295.673611475251,2.4153433526382456e-17
5296.197260872909,2.5123488858136233e-17
5296.720910270567,2.5995096800032713e-17
5297.244559668225,2.5349425341738572e-17
5297.768209065882,2.508938608492512e-17
5298.29185846354,2.4819625781732892e-17
5298.815507861198,2.4924533385384687e-17
5299.339157258855,2.5167413678716397e-17
5299.8628066565125,2.5409154623447605e-17
5300.386456054171,2.547644250116273e-17
5300.910105451829,2.5696665232572046e-17
5301.433754849486,2.549725730617134e-17
5301.957404247143,2.5498146804350122e-17
5302.481053644801,2.532128938796987e-17
5303.004703042459,2.5966420537667733e-17
5303.528352440117,2.5178724027174666e-17
5304.052001837773,2.5031047691751042e-17
5304.575651235431,2.6141527836961005e-17
5305.099300633088,2.6106145059622648e-17
5305.622950030746,2.528002556993178e-17
5306.1465994284035,2.403158839977769e-17
5306.670248826062,2.4507547879250187e-17
5307.193898223719,2.4421051745821783e-17
5307.717547621377,2.34858868903479e-17
5308.241197019034,2.3788439826366246e-17
5308.764846416692,2.2866130199118356e-17
5309.2884958143495,2.247570811525344e-17
5309.812145212008,2.3643534127010865e-17
5310.335794609665,2.3587961806955593e-17
5310.859444007323,2.1891567642460407e-17
5311.38309340498,2.1636460999018795e-17
5311.906742802638,2.24839761176025e-17
5312.4303922002955,2.2681665439256813e-17
5312.954041597954,2.3101145939337034e-17
5313.47769099561,2.2795327367221606e-17
5314.001340393268,2.1544833960768657e-17
5314.524989790925,1.99099661231012e-17
5315.0486391885825,1.8849080572261758e-17
5315.572288586241,1.990750770352055e-17
5316.095937983899,2.0122576500936095e-17
5316.619587381556,1.9384489713430113e-17
5317.143236779213,2.0304040289993867e-17
5317.666886176871,2.111163978349199e-17
5318.190535574529,2.2106328517201473e-17
5318.714184972187,2.217030377878787e-17
5319.237834369844,2.0388009921113485e-17
5319.761483767502,1.9359698895236975e-17
5320.28513316516,1.860075221457545e-17
5320.808782562817,1.87644486569742e-17
5321.332431960474,2.0319530007286626e-17
5321.8560813581325,2.2470684754425673e-17
5322.379730755791,2.447546331246239e-17
5322.903380153448,2.427537692693735e-17
5323.427029551104,2.3688333423105378e-17
5323.950678948762,2.3588767850463273e-17
5324.4743283464195,2.4065241567339584e-17
5324.997977744078,2.428303313807798e-17
5325.521627141735,2.4335775315086087e-17
5326.045276539393,2.416490511645839e-17
5326.56892593705,2.3325110429992352e-17
5327.092575334708,2.2907562317854322e-17
5327.6162247323655,2.1281988171069086e-17
5328.139874130024,2.150439141880987e-17
5328.663523527681,2.1395003595926218e-17
5329.187172925339,2.1188404969143434e-17
5329.710822322996,2.258483908815957e-17
5330.234471720654,2.4019510093687286e-17
5330.7581211183115,2.4031784586184833e-17
5331.28177051597,2.4374051702354712e-17
5331.805419913627,2.3852497004770857e-17
5332.329069311285,2.1877417985228266e-17
5332.852718708941,2.1479728724645113e-17
5333.376368106599,2.2008530358797145e-17
5333.9000175042565,2.328363636768104e-17
5334.423666901914,2.4380227912206336e-17
5334.947316299572,2.4098315680998195e-17
5335.47096569723,2.4722513713153516e-17
5335.994615094887,2.4367908963359412e-17
5336.518264492544,2.3214897489031436e-17
5337.0419138902025,2.2747517231388498e-17
5337.565563287861,2.3423517253851176e-17
5338.089212685518,2.37470078015071e-17
5338.612862083175,2.447728008350858e-17
5339.136511480833,2.5330444641024774e-17
5339.660160878491,2.4521547757402017e-17
5340.1838102761485,2.4018093136603735e-17
5340.707459673806,2.3463769415397042e-17
5341.231109071464,2.4519723932084892e-17
5341.754758469122,2.5365183506036264e-17
5342.278407866778,2.5925607088414832e-17
5342.8020572644355,2.666069508917122e-17
5343.325706662094,2.798633953177909e-17
5343.849356059751,2.8317403447522825e-17
5344.373005457409,2.7882648167721163e-17
5344.896654855066,2.811796459889178e-17
5345.420304252724,2.882005540594062e-17
5345.943953650381,2.806028220314178e-17
5346.46760304804,2.9263149316444014e-17
5346.991252445697,3.0119817537724166e-17
5347.514901843355,3.006765812489981e-17
5348.038551241012,2.8695014810463035e-17
5348.56220063867,2.75875569567654e-17
5349.085850036327,2.7805617498926696e-17
5349.609499433986,2.720965735036886e-17
5350.133148831643,2.8436845207415266e-17
5350.656798229301,2.8864034567492214e-17
5351.180447626958,2.8828573065252584e-17
5351.704097024616,2.6740804778299438e-17
5352.2277464222725,2.5999373596874323e-17
5352.751395819931,2.473017387089484e-17
5353.275045217588,2.463146179322806e-17
5353.798694615245,2.302707057148986e-17
5354.322344012903,2.3052798920807437e-17
5354.845993410561,2.49488298569592e-17
5355.3696428082185,2.5599395433390833e-17
5355.893292205876,2.5283449574156893e-17
5356.416941603534,2.3894258459492868e-17
5356.940591001192,2.3694662783261732e-17
5357.464240398849,2.310106307858739e-17
5357.987889796506,2.1756780984632616e-17
5358.5115391941645,2.134385825813982e-17
5359.035188591823,2.1973431728100554e-17
5359.55883798948,2.2802396406813202e-17
5360.082487387137,2.357370227955859e-17
5360.606136784795,2.3927140430782434e-17
5361.129786182453,2.4343650319415534e-17
5361.6534355801095,2.4159622837738616e-17
5362.177084977767,2.4592519775605476e-17
5362.700734375425,2.347165287774773e-17
5363.224383773082,2.3768125259867414e-17
5363.74803317074,2.305813356393253e-17
5364.271682568397,2.405726602462528e-17
5364.7953319660555,2.6625462364455958e-17
5365.318981363713,2.852818494535651e-17
5365.842630761371,2.805516121702662e-17
5366.366280159028,2.896266353477058e-17
5366.889929556686,2.9042478897240336e-17
5367.413578954343,2.849639058609856e-17
5367.9372283520015,2.7221590018574003e-17
5368.460877749659,2.7526137822281604e-17
5368.984527147317,2.6375477283211292e-17
5369.508176544974,2.593394621340438e-17
5370.031825942632,2.5004424267928958e-17
5370.555475340289,2.4240683386242272e-17
5371.079124737946,2.5483674839209265e-17
5371.602774135604,2.5228587471436774e-17
5372.126423533262,2.3611054800241077e-17
5372.650072930919,2.3090766388207525e-17
5373.173722328576,2.274792845437041e-17
5373.697371726234,2.457646963282699e-17
5374.221021123893,2.4851001432433145e-17
5374.74467052155,2.4506812795408546e-17
5375.268319919207,2.469031045253465e-17
5375.791969316865,2.4675563079701156e-17
5376.315618714523,2.4715535764137592e-17
5376.83926811218,2.530557610351478e-17
5377.362917509838,2.5196741005337887e-17
5377.886566907496,2.4501053899713103e-17
5378.410216305154,2.5749597182458533e-17
5378.933865702811,2.5712231092268043e-17
5379.457515100468,2.593338688424348e-17
5379.981164498126,2.4913566270417076e-17
5380.5048138957845,2.32754988870606e-17
5381.028463293441,2.2635502553960646e-17
5381.552112691098,2.236189761162807e-17
5382.075762088756,2.268233238989728e-17
5382.599411486413,2.2142984217135898e-17
5383.1230608840715,2.0956572387610614e-17
5383.646710281729,2.0353001533156854e-17
5384.170359679387,2.0396545731416903e-17
5384.694009077044,2.1518681561774503e-17
5385.217658474702,2.129015947302052e-17
5385.741307872359,1.9993898811981852e-17
5386.2649572700175,2.1715838475761747e-17
5386.788606667675,2.2816005948996937e-17
5387.312256065333,2.1985448220191597e-17
5387.83590546299,2.193005446160454e-17
5388.359554860648,2.2257753511498497e-17
5388.883204258305,2.145803336104154e-17
5389.4068536559635,2.100868117904278e-17
5389.930503053621,2.3044777095570317e-17
5390.454152451277,2.4101158452023827e-17
5390.977801848935,2.478666156538316e-17
5391.501451246593,2.3805124438886324e-17
5392.02510064425,2.2053235657024732e-17
5392.548750041908,2.1294745409828816e-17
5393.072399439566,2.250731214303971e-17
5393.596048837224,2.2361057933927956e-17
5394.119698234881,2.1626792306007136e-17
5394.643347632538,2.1031243809358123e-17
5395.166997030196,1.9715801104410652e-17
5395.6906464278545,2.0027554456966258e-17
5396.214295825512,1.8823495381183065e-17
5396.737945223169,1.896895256612869e-17
5397.261594620827,1.9513063622519993e-17
5397.785244018485,2.0122971097113865e-17
5398.308893416142,2.1078593538752047e-17
5398.8325428138,2.2553671983701094e-17
5399.356192211458,2.2472428711710764e-17
5399.879841609116,2.2169909175059336e-17
5400.403491006772,2.2520504213020764e-17
5400.927140404429,2.2483026343149313e-17
5401.4507898020875,2.2131097937918867e-17
5401.974439199745,2.214931763264419e-17
5402.498088597403,2.418375574388878e-17
5403.02173799506,2.4906886501940012e-17
5403.545387392718,2.5723175049385805e-17
5404.069036790375,2.6097294809163353e-17
5404.592686188033,2.6199168515656136e-17
5405.116335585691,2.507064614356774e-17
5405.639984983349,2.3585187801054077e-17
5406.163634381006,2.4149149987695737e-17
5406.687283778664,2.4052295696626068e-17
5407.210933176321,2.3438895153862682e-17
5407.734582573979,2.3890135373901835e-17
5408.258231971637,2.5214096043571624e-17
5408.781881369295,2.5229799356889927e-17
5409.305530766952,2.597276332934503e-17
5409.829180164608,2.5155566705868923e-17
5410.352829562266,2.3480666328574532e-17
5410.8764789599245,2.2659871394667583e-17
5411.400128357582,2.308069014064375e-17
5411.923777755239,2.4249409024839905e-17
5412.447427152897,2.4030079287275065e-17
5412.971076550555,2.281065059872167e-17
5413.494725948212,2.365236949458295e-17
5414.01837534587,2.5303514277152336e-17
5414.542024743528,2.482383557232393e-17
5415.065674141186,2.3831256757582133e-17
5415.589323538843,2.240042172607623e-17
5416.1129729365,2.1367962768962286e-17
5416.636622334158,2.3087660341963186e-17
5417.1602717318165,2.45501857163294e-17
5417.683921129474,2.49515973250898e-17
5418.207570527131,2.475924600922915e-17
5418.731219924789,2.339789906846122e-17
5419.254869322447,2.316700956675272e-17
5419.778518720103,2.308899311921905e-17
5420.302168117761,2.197439954305412e-17
5420.825817515419,2.0209830983505865e-17
5421.349466913076,1.882707759293214e-17
5421.873116310734,1.8870420273383556e-17
5422.396765708391,1.9047635493791074e-17
5422.920415106049,1.9859128124776266e-17
5423.444064503707,1.9595417362582063e-17
5423.967713901365,2.0587206563732376e-17
5424.491363299022,2.1286129344374485e-17
5425.01501269668,2.117888478350899e-17
5425.538662094337,2.1898966469582823e-17
5426.062311491995,2.3183542755571025e-17
5426.585960889653,2.3553144646338658e-17
5427.109610287311,2.3652326286135003e-17
5427.633259684968,2.4706029521010365e-17
5428.156909082626,2.668159451003636e-17
5428.680558480282,2.7123763279097406e-17
5429.20420787794,2.7044521316500272e-17
5429.727857275598,2.7787521991033045e-17
5430.251506673256,2.8537026457782526e-17
5430.775156070913,2.79795889319687e-17
5431.29880546857,2.8106779439392605e-17
5431.822454866228,2.8149421839119566e-17
5432.346104263886,2.7207588398699697e-17
5432.869753661544,2.5534121716558837e-17
5433.393403059201,2.4283372548124185e-17
5433.917052456859,2.376943896479934e-17
5434.440701854517,2.3786733018420405e-17
5434.964351252174,2.451700935375218e-17
5435.4880006498315,2.4703905954380112e-17
5436.01165004749,2.4354391279021193e-17
5436.535299445148,2.4907673722863805e-17
5437.058948842805,2.4886996090869435e-17
5437.582598240462,2.3456825660770844e-17
5438.10624763812,2.2826284949503423e-17
5438.629897035777,2.292778147939262e-17
5439.153546433435,2.3629367029966768e-17
5439.677195831092,2.4525136696117838e-17
5440.20084522875,2.5846760851405897e-17
5440.724494626407,2.726190611212778e-17
5441.248144024065,2.648402960394598e-17
5441.771793421723,2.4897061365344013e-17
5442.295442819381,2.4539232974183162e-17
5442.819092217038,2.4989396299464726e-17
5443.342741614696,2.464102615425346e-17
5443.866391012353,2.4698558548212397e-17
5444.390040410011,2.58157485098465e-17
5444.913689807669,2.544522356298129e-17
5445.437339205327,2.4639466276212488e-17
5445.960988602984,2.3796785893809662e-17
5446.484638000642,2.302843817756472e-17
5447.008287398299,2.298654924495471e-17
5447.531936795957,2.2803033596697937e-17
5448.055586193614,2.3169818942996257e-17
5448.579235591271,2.4637821872741456e-17
5449.102884988929,2.52162920443604e-17
5449.626534386587,2.5228810923729312e-17
5450.150183784244,2.6246981099353044e-17
5450.6738331819015,2.727059939508452e-17
5451.19748257956,2.7028864287091e-17
5451.721131977218,2.5882795149752726e-17
5452.244781374875,2.5244203101503688e-17
5452.768430772532,2.4555999307558298e-17
5453.29208017019,2.4143726704262342e-17
5453.815729567848,2.4446068110432063e-17
5454.339378965506,2.518132878602964e-17
5454.863028363163,2.5206780937395147e-17
5455.386677760821,2.5500602225740893e-17
5455.910327158479,2.628752583653782e-17
5456.433976556136,2.6465282194373543e-17
5456.9576259537935,2.625260625146378e-17
5457.481275351452,2.595901854563279e-17
5458.004924749108,2.5480062656510596e-17
5458.528574146766,2.5476451694627744e-17
5459.052223544423,2.4045211592037057e-17
5459.575872942081,2.4325777042270336e-17
5460.0995223397385,2.3509368410525864e-17
5460.623171737397,2.3707182380732532e-17
5461.146821135054,2.4579315819019822e-17
5461.670470532712,2.412364424498307e-17
5462.194119930369,2.2320278687774286e-17
5462.717769328027,2.1487780269768592e-17
5463.2414187256845,2.100091110774647e-17
5463.765068123343,2.254380798110937e-17
5464.288717521,2.1685177004009743e-17
5464.812366918658,2.141238095302538e-17
5465.336016316315,2.0889658067346525e-17
5465.859665713973,2.1999498025724623e-17
5466.3833151116305,2.253269347783799e-17
5466.906964509289,2.240839734037291e-17
5467.430613906945,2.2192801232353537e-17
5467.954263304602,2.0660403699369096e-17
5468.47791270226,2.013861691757129e-17
5469.001562099918,1.9078486851477235e-17
5469.525211497576,2.0382047242761077e-17
5470.048860895233,2.1560758131830998e-17
5470.572510292891,2.361521464570526e-17
5471.096159690549,2.389691846056695e-17
5471.619809088206,2.407381381688198e-17
5472.143458485863,2.2915327292611415e-17
5472.667107883522,2.3146282971389946e-17
5473.19075728118,2.2644451649137998e-17
5473.714406678837,2.2779164094595598e-17
5474.238056076494,2.2318930486031684e-17
5474.761705474152,2.2714934625707776e-17
5475.28535487181,2.3841900191548403e-17
5475.809004269468,2.3740614500432405e-17
5476.332653667125,2.4073394974415476e-17
5476.856303064783,2.2853307630940242e-17
5477.379952462439,2.426456003500151e-17
5477.903601860097,2.4672777313218376e-17
5478.4272512577545,2.4728715508135687e-17
5478.950900655413,2.487454902720017e-17
5479.47455005307,2.4596738771684132e-17
5479.998199450728,2.5102326641584197e-17
5480.521848848385,2.626961770226211e-17
5481.045498246043,2.7007139730559905e-17
5481.5691476437005,2.6470871437165196e-17
5482.092797041359,2.5793619264419263e-17
5482.616446439016,2.4932153965677813e-17
5483.140095836674,2.4340349925912917e-17
5483.663745234331,2.326143959982437e-17
5484.187394631989,2.383578304371186e-17
5484.7110440296465,2.355380500627578e-17
5485.234693427305,2.3413053371429423e-17
5485.758342824962,2.2901227779573184e-17
5486.28199222262,2.3880840037196214e-17
5486.805641620276,2.5399928892916853e-17
5487.329291017933,2.462542403685719e-17
5487.852940415592,2.385432783179483e-17
5488.37658981325,2.3402350096000503e-17
5488.900239210907,2.372144491441822e-17
5489.423888608564,2.3328423248879316e-17
5489.947538006222,2.3545704671240013e-17
5490.47118740388,2.528500525649152e-17
5490.9948368015375,2.6289638105584606e-17
5491.518486199195,2.682984060529508e-17
5492.042135596853,2.4793354570446065e-17
5492.565784994511,2.321380758529855e-17
5493.089434392168,2.2470863193325714e-17
5493.613083789825,2.2969172569936077e-17
5494.1367331874835,2.392894069255404e-17
5494.660382585142,2.430604440680345e-17
5495.184031982799,2.5390420752936882e-17
5495.707681380456,2.616649487794913e-17
5496.231330778114,2.4149183883342725e-17
5496.7549801757705,2.490859556495103e-17
5497.278629573429,2.4538448903868326e-17
5497.802278971086,2.3587329766020424e-17
5498.325928368744,2.2546861239055555e-17
5498.849577766401,2.1014637114629598e-17
5499.373227164059,2.1673791379298913e-17
5499.896876561716,2.2910750556706046e-17
5500.420525959375,2.2267134646057775e-17
5500.944175357032,2.091293169518302e-17
5501.46782475469,2.1408129976822432e-17
5501.991474152347,2.303596289430095e-17
5502.515123550005,2.3714554247457946e-17
5503.038772947662,2.3990309519611546e-17
5503.562422345321,2.4572369021001155e-17
5504.086071742978,2.4886888633327616e-17
5504.609721140636,2.4655664205059024e-17
5505.133370538293,2.418791871110532e-17
5505.657019935951,2.6056236022151426e-17
5506.1806693336075,2.6669552136093048e-17
5506.704318731265,2.700912655495821e-17
5507.227968128923,2.7218968276004832e-17
5507.751617526581,2.702335242822554e-17
5508.275266924238,2.725989479595177e-17
5508.798916321895,2.776427429164862e-17
5509.3225657195535,2.786108928926049e-17
5509.846215117212,2.7480841584719187e-17
5510.369864514869,2.7649866627954208e-17
5510.893513912526,2.773191468881108e-17
5511.417163310184,2.8026291953570033e-17
5511.940812707842,2.7503501750909432e-17
5512.4644621054995,2.6678935999735702e-17
5512.988111503157,2.6087062598979017e-17
5513.511760900815,2.5852598549779852e-17
5514.035410298473,2.5822889976402323e-17
5514.55905969613,2.4802448756677246e-17
5515.082709093787,2.5163938811446352e-17
5515.6063584914455,2.463927979774171e-17
5516.130007889102,2.4500329205259196e-17
5516.65365728676,2.4481863106688523e-17
5517.177306684417,2.3826324921284543e-17
5517.700956082075,2.3804111412736463e-17
5518.224605479732,2.3969079520095532e-17
5518.7482548773905,2.351217351208009e-17
5519.271904275048,2.2550087996514542e-17
5519.795553672706,2.370393484281765e-17
5520.319203070363,2.4996598624048353e-17
5520.842852468021,2.4991183058910472e-17
5521.366501865678,2.6158453509561082e-17
5521.8901512633365,2.690453806409042e-17
5522.413800660994,2.6673598684352293e-17
5522.937450058652,2.5967763143935874e-17
5523.461099456309,2.5195745458003018e-17
5523.984748853967,2.505084922562979e-17
5524.508398251624,2.504062632802054e-17
5525.032047649282,2.4054616782279793e-17
5525.555697046939,2.3467076169982392e-17
5526.079346444596,2.3304306840328046e-17
5526.602995842254,2.3606035877598037e-17
5527.126645239912,2.486315740544287e-17
5527.6502946375695,2.6155219554731567e-17
5528.173944035227,2.713910204968636e-17
5528.697593432885,2.891808480090999e-17
5529.221242830543,2.963581554139681e-17
5529.7448922282,2.8135711727656574e-17
5530.268541625857,2.7466473871379186e-17
5530.792191023515,2.7758150333497167e-17
5531.315840421174,2.9388925086761755e-17
5531.839489818831,2.933239257232731e-17
5532.363139216488,2.8380859551861547e-17
5532.886788614146,2.737608677538775e-17
5533.410438011804,2.6622260417286565e-17
5533.934087409461,2.6171035529962257e-17
5534.457736807119,2.559574371988162e-17
5534.981386204777,2.5538780737942056e-17
5535.505035602433,2.5464565825986055e-17
5536.028685000091,2.626513160428694e-17
5536.552334397748,2.6242911093063412e-17
5537.0759837954065,2.5883760013069255e-17
5537.599633193064,2.5678579995907407e-17
5538.123282590722,2.6576023173657908e-17
5538.646931988379,2.812273688346875e-17
5539.170581386037,2.7942690365687375e-17
5539.694230783694,2.837638804109628e-17
5540.2178801813525,2.8947363595127543e-17
5540.74152957901,2.8088943139857884e-17
5541.265178976668,2.788063999922459e-17
5541.788828374325,2.7870508673413486e-17
5542.312477771983,2.8461867171546195e-17
5542.83612716964,2.8726339705196196e-17
5543.3597765672985,2.8804583503903194e-17
5543.883425964956,2.7803300989607117e-17
5544.407075362613,2.7082276212194588e-17
5544.93072476027,2.7657793593766174e-17
5545.454374157927,2.7345976752394875e-17
5545.978023555585,2.7475100651123538e-17
5546.5016729532435,2.8459273161326077e-17
5547.025322350901,2.8462329765510446e-17
5547.548971748558,2.868766989948812e-17
5548.072621146216,2.827848291302465e-17
5548.596270543874,2.78149418323316e-17
5549.119919941531,2.7914622268118546e-17
5549.643569339189,2.7880270192518235e-17
5550.167218736847,2.8231388832775724e-17
5550.690868134505,2.901596999148506e-17
5551.214517532162,2.8528274672847224e-17
5551.738166929819,2.748233119807806e-17
5552.261816327477,2.696265552815132e-17
5552.7854657251355,2.6800422584574252e-17
5553.309115122793,2.7080349450456983e-17
5553.83276452045,2.703761023248881e-17
5554.356413918107,2.7126802353988945e-17
5554.880063315764,2.711722013420019e-17
5555.4037127134225,2.5871598662242004e-17
5555.92736211108,2.519800005351521e-17
5556.451011508738,2.595701050141895e-17
5556.974660906395,2.7569552208232458e-17
5557.498310304053,2.6813728185748014e-17
5558.02195970171,2.5235494969951563e-17
5558.545609099368,2.4879224545111973e-17
5559.069258497026,2.5067668463160287e-17
5559.592907894684,2.5640751665070274e-17
5560.116557292341,2.635925354497373e-17
5560.640206689999,2.5552527458613286e-17
5561.163856087656,2.5582273765033965e-17
5561.687505485314,2.5131749826266344e-17
5562.211154882972,2.5339742233016996e-17
5562.73480428063,2.7568285481024917e-17
5563.258453678287,2.7936042270105935e-17
5563.782103075944,2.6624784933257705e-17
5564.305752473601,2.5897865104501244e-17
5564.829401871259,2.5155593475711384e-17
5565.353051268917,2.610028250075095e-17
5565.876700666575,2.7063641304853573e-17
5566.400350064232,2.7196372427002593e-17
5566.923999461889,2.7048344346240158e-17
5567.447648859547,2.6419859518218964e-17
5567.9712982572055,2.5970670198736667e-17
5568.494947654863,2.5732295586890876e-17
5569.01859705252,2.7051934228227692e-17
5569.542246450178,2.6901576667877747e-17
5570.065895847836,2.5904566338356883e-17
5570.589545245493,2.574442857845145e-17
5571.113194643151,2.6094535083338797e-17
5571.636844040809,2.8024963745044965e-17
5572.160493438467,2.8890892049341107e-17
5572.684142836124,2.7978079338186624e-17
5573.207792233781,2.689738094542006e-17
5573.731441631438,2.5767413450753693e-17
5574.255091029096,2.5509197609629766e-17
5574.778740426754,2.6091024915592594e-17
5575.302389824411,2.602739373393464e-17
5575.826039222069,2.5507764934647064e-17
5576.349688619726,2.4127731366356486e-17
5576.873338017384,2.4111472074226404e-17
5577.396987415042,2.6029168010388676e-17
5577.9206368127,2.422977999692935e-17
5578.444286210357,2.382424212096472e-17
5578.967935608015,2.2804880515313925e-17
5579.491585005672,2.2896231828176505e-17
5580.01523440333,2.3398175132389303e-17
5580.538883800988,2.3817261029363165e-17
5581.062533198646,2.4923298418008715e-17
5581.586182596303,2.5554086345989702e-17
5582.109831993961,2.585763418745561e-17
5582.633481391617,2.7228667435597402e-17
5583.1571307892755,2.788833328102261e-17
5583.680780186933,2.889279411349023e-17
5584.20442958459,2.74863196258297e-17
5584.728078982248,2.5725829498462833e-17
5585.251728379906,2.657426413939352e-17
5585.775377777563,2.7457593012497624e-17
5586.2990271752205,2.651770020523735e-17
5586.822676572879,2.6108593656574394e-17
5587.346325970537,2.746691508475134e-17
5587.869975368194,2.865476731209147e-17
5588.393624765851,2.747898020349094e-17
5588.917274163509,2.6440557113657833e-17
5589.440923561167,2.5437908581465846e-17
5589.964572958825,2.5012383360189968e-17
5590.488222356482,2.5724820449469648e-17
5591.01187175414,2.6429499096013427e-17
5591.535521151798,2.5767772691342164e-17
5592.059170549455,2.5900607790655493e-17
5592.5828199471125,2.6549782061932132e-17
5593.10646934477,2.6677075559776034e-17
5593.630118742427,2.6340362041073617e-17
5594.153768140085,2.6718630148624633e-17
5594.677417537742,2.722799675739113e-17
5595.2010669354,2.822945731331188e-17
5595.724716333058,2.9222063045175697e-17
5596.248365730716,2.921409059461372e-17
5596.772015128373,3.018531696799228e-17
5597.295664526031,3.0898947568703793e-17
5597.819313923688,3.0788853857007454e-17
5598.342963321346,3.0491448367857555e-17
5598.866612719004,3.097321342103232e-17
5599.390262116662,3.0506133917507657e-17
5599.913911514319,3.061579751279361e-17
5600.437560911977,2.9837117581439926e-17
5600.961210309634,2.893031329805914e-17
5601.484859707292,2.797222262506738e-17
5602.008509104949,2.705855397818093e-17
5602.532158502607,2.814631734677418e-17
5603.055807900264,2.7881442473320905e-17
5603.579457297921,2.7862838678812685e-17
5604.103106695579,2.7500904585330822e-17
5604.626756093237,2.7075908271770494e-17
5605.150405490895,2.6545466623189545e-17
5605.674054888552,2.563747804025471e-17
5606.19770428621,2.5115132747828582e-17
5606.721353683868,2.4953276326088105e-17
5607.245003081525,2.5254771120085565e-17
5607.7686524791825,2.4954453904402528e-17
5608.292301876841,2.727918274399137e-17
5608.815951274499,2.778557118730769e-17
5609.339600672156,2.7293498824287174e-17
5609.863250069813,2.737239577034116e-17
5610.386899467471,2.68541027478009e-17
5610.910548865129,2.5783011214048724e-17
5611.434198262787,2.5959100811308244e-17
5611.957847660444,2.635450295695945e-17
5612.481497058101,2.5934752227685297e-17
5613.005146455758,2.581084812494602e-17
5613.528795853416,2.5337639063656765e-17
5614.052445251074,2.4883105277783448e-17
5614.576094648732,2.5326843467806367e-17
5615.099744046389,2.5126926223955067e-17
5615.623393444047,2.523672071896327e-17
5616.147042841704,2.5133023200409875e-17
5616.670692239362,2.5253993058419997e-17
5617.1943416370195,2.6293227106883656e-17
5617.717991034678,2.6903547720747553e-17
5618.241640432335,2.744022392732182e-17
5618.765289829993,2.813866523172127e-17
5619.28893922765,2.848944958808243e-17
5619.812588625308,2.7963285617939716e-17
5620.3362380229655,2.815561625331244e-17
5620.859887420624,2.863749904306398e-17
5621.38353681828,2.9339590999606075e-17
5621.907186215938,3.011146083055316e-17
5622.430835613595,3.00410146367162e-17
5622.9544850112525,2.994146113237945e-17
5623.478134408911,3.043259867697007e-17
5624.001783806569,2.9934246739433785e-17
5624.525433204226,2.909015030318391e-17
5625.049082601883,2.8675406279589507e-17
5625.572731999541,2.84356765789346e-17
5626.096381397199,2.922008078975827e-17
5626.620030794857,2.871702497795206e-17
5627.143680192514,2.7501849096952357e-17
5627.667329590172,2.6868038229014523e-17
5628.19097898783,2.713986645049286e-17
5628.714628385487,2.711696035214375e-17
5629.238277783144,2.7367051091316237e-17
5629.761927180803,2.734241537828616e-17
5630.285576578461,2.7486349907832147e-17
5630.809225976118,2.85490626042287e-17
5631.332875373774,2.778067301120092e-17
5631.856524771432,2.7034668713717704e-17
5632.3801741690895,2.7567630350602443e-17
5632.903823566748,2.814187567523584e-17
5633.427472964405,2.947718059418086e-17
5633.951122362063,3.0399245276790034e-17
5634.47477175972,3.107673435578474e-17
5634.998421157378,3.181788774948759e-17
5635.5220705550355,3.092981191438129e-17
5636.045719952694,2.983621424762594e-17
5636.569369350351,3.061595598406581e-17
5637.093018748009,3.1656392357262345e-17
5637.616668145666,3.165407100687374e-17
5638.140317543324,3.124026420165081e-17
5638.6639669409815,3.1568059583584436e-17
5639.18761633864,3.097822562502987e-17
5639.711265736297,3.128348650574888e-17
5640.234915133955,3.149568460913002e-17
5640.758564531611,3.1116095786933387e-17
5641.282213929269,3.066576625760444e-17
5641.805863326927,3.034473996754582e-17
5642.329512724584,3.0566153916107056e-17
5642.853162122242,3.092942497127535e-17
5643.3768115199,3.0231768261296376e-17
5643.900460917557,2.880570706919886e-17
5644.424110315214,2.742095371043429e-17
5644.9477597128725,2.766336349577481e-17
5645.471409110531,2.840825384885944e-17
5645.995058508188,2.7919925946314935e-17
5646.518707905845,2.6897083371092982e-17
5647.042357303503,2.6184682345343643e-17
5647.566006701161,2.6020919899361467e-17
5648.0896560988185,2.5969847687587896e-17
5648.613305496476,2.4106072229506563e-17
5649.136954894134,2.3741269724314438e-17
5649.660604291792,2.4658942940906574e-17
5650.184253689449,2.4641827353478956e-17
5650.7079030871055,2.5162468462398115e-17
5651.231552484764,2.6849956338684223e-17
5651.755201882421,2.7710500269701575e-17
5652.278851280079,2.940851343989825e-17
5652.802500677736,2.833074180884382e-17
5653.326150075394,2.795057908777459e-17
5653.8497994730515,2.7960063162230824e-17
5654.37344887071,2.7123449517743505e-17
5654.897098268367,2.6884988982534933e-17
5655.420747666025,2.8028724635195463e-17
5655.944397063682,2.816813386568126e-17
5656.46804646134,2.775346695342404e-17
5656.991695858997,2.7527325441838785e-17
5657.515345256656,2.6221400230580537e-17
5658.038994654313,2.6607470516339635e-17
5658.562644051971,2.7722118796211445e-17
5659.086293449628,2.874426092610931e-17
5659.609942847284,2.953810970002976e-17
5660.1335922449425,2.9390307636272555e-17
5660.657241642601,2.889276030409724e-17
5661.180891040258,2.913113178156543e-17
5661.704540437915,3.0534776455733164e-17
5662.228189835573,3.194713344171749e-17
5662.751839233231,3.1824489111269215e-17
5663.2754886308885,3.2069624726881504e-17
5663.799138028546,3.240658888314673e-17
5664.322787426204,3.288199932512969e-17
5664.846436823862,3.288447721657836e-17
5665.370086221519,3.155962634429531e-17
5665.893735619176,3.0964471019308146e-17
5666.4173850168345,3.176944689587987e-17
5666.941034414493,3.180741309786686e-17
5667.46468381215,3.055773100984996e-17
5667.988333209807,2.9711148353775354e-17
5668.511982607465,2.9654175096515004e-17
5669.035632005123,3.044065576241874e-17
5669.5592814027805,3.0075199893875715e-17
5670.082930800437,2.930488413351147e-17
5670.606580198095,2.903085404904498e-17
5671.130229595752,2.956513211324152e-17
5671.65387899341,2.9674506328826654e-17
5672.177528391067,2.8781778823628884e-17
5672.7011777887255,2.844844499003633e-17
5673.224827186383,2.828691135508783e-17
5673.748476584041,2.735068962975456e-17
5674.272125981698,2.5459317417066817e-17
5674.795775379356,2.519751933527898e-17
5675.319424777013,2.620770625403176e-17
5675.8430741746715,2.6610030978514703e-17
5676.366723572329,2.6887609259898763e-17
5676.890372969987,2.781177625673519e-17
5677.414022367644,2.865807667947388e-17
5677.937671765302,2.9150285685435744e-17
5678.461321162959,2.9137030110769774e-17
5678.984970560616,2.88170787506214e-17
5679.508619958274,2.928645768332644e-17
5680.032269355932,2.915165467336574e-17
5680.555918753589,2.922623296945929e-17
5681.079568151246,2.994617372379107e-17
5681.6032175489045,2.9468651686718873e-17
5682.126866946563,2.954496500592549e-17
5682.65051634422,3.107467627863468e-17
5683.174165741877,3.108039866009683e-17
5683.697815139535,3.0152232534679033e-17
5684.221464537193,3.0111272319343645e-17
5684.74511393485,3.066720261649824e-17
5685.268763332508,3.0960603831290925e-17
5685.792412730166,2.9794870266245773e-17
5686.316062127824,2.9362879897758934e-17
5686.839711525481,2.947977114823425e-17
5687.363360923138,2.8726902185775936e-17
5687.887010320796,2.7664606121918216e-17
5688.410659718455,2.7145262564333256e-17
5688.934309116112,2.7383805146068757e-17
5689.457958513768,2.784022938751483e-17
5689.981607911426,2.836474066067469e-17
5690.505257309083,2.8390924814815504e-17
5691.0289067067415,2.840883654850785e-17
5691.552556104399,2.794962819624904e-17
5692.076205502057,2.6400828860281134e-17
5692.599854899714,2.55703911945622e-17
5693.123504297372,2.621168447936961e-17
5693.647153695029,2.6167348629580806e-17
5694.1708030926875,2.6110433796779867e-17
5694.694452490345,2.656181578206712e-17
5695.218101888003,2.6211988849165653e-17
5695.74175128566,2.6988351213798033e-17
5696.265400683318,2.7436946163809267e-17
5696.789050080975,2.5998220403240717e-17
5697.3126994786335,2.4462189257405138e-17
5697.836348876291,2.3621569672719227e-17
5698.359998273947,2.4015983491668554e-17
5698.883647671605,2.5257406717886738e-17
5699.407297069263,2.621941633845385e-17
5699.93094646692,2.5640447100746417e-17
5700.454595864578,2.513443226546702e-17
5700.978245262236,2.4966407625272996e-17
5701.501894659894,2.6101632467604484e-17
5702.025544057551,2.82463048709466e-17
5702.549193455208,2.916481682430312e-17
5703.072842852866,2.94069729825011e-17
5703.5964922505245,2.8631237587304945e-17
5704.120141648182,2.8091293887444695e-17
5704.643791045839,2.9503507794547266e-17
5705.167440443497,3.073559844454707e-17
5705.691089841155,3.129944346229786e-17
5706.214739238812,3.18467926292088e-17
5706.73838863647,3.1437070617508684e-17
5707.262038034128,3.123044381524452e-17
5707.785687431786,3.1504886788351446e-17
5708.309336829443,3.197299908455932e-17
5708.832986227099,3.2732707935687074e-17
5709.3566356247575,3.233755208757814e-17
5709.880285022415,3.2236041335287135e-17
5710.403934420073,3.239063682451159e-17
5710.92758381773,3.2871404951915715e-17
5711.451233215388,3.299614514245844e-17
5711.974882613045,3.307286171930052e-17
5712.4985320107035,3.202879878785351e-17
5713.022181408361,3.1189509477615726e-17
5713.545830806019,3.155855269580173e-17
5714.069480203676,3.2056471441954724e-17
5714.593129601334,3.210759797164348e-17
5715.116778998991,3.213183228716115e-17
5715.640428396649,3.1136652884789e-17
5716.164077794307,3.090788879626017e-17
5716.687727191965,3.040746357554353e-17
5717.211376589622,2.9253624452244534e-17
5717.735025987278,2.865949768120515e-17
5718.258675384936,2.916824596606775e-17
5718.7823247825945,2.843740611886759e-17
5719.305974180252,2.9766044901257225e-17
5719.829623577909,3.0800940558040944e-17
5720.353272975567,3.0953586584577497e-17
5720.876922373225,3.01448401020658e-17
5721.400571770882,3.081521172468167e-17
5721.92422116854,3.123846533690372e-17
5722.447870566198,3.0900556063925633e-17
5722.971519963856,2.9890438881079185e-17
5723.495169361513,3.0332418821278575e-17
5724.01881875917,3.168289241997305e-17
5724.542468156828,3.269938414284692e-17
5725.0661175544865,3.211731324796468e-17
5725.589766952144,3.298098863771434e-17
5726.113416349801,3.214213937427335e-17
5726.637065747459,3.214198439874703e-17
5727.160715145117,3.114331372999088e-17
5727.684364542773,3.1082071658636637e-17
5728.208013940431,3.072237622248176e-17
5728.731663338089,3.032770568265204e-17
5729.255312735746,2.967871312515666e-17
5729.778962133404,2.947225062389169e-17
5730.302611531061,2.915148833309026e-17
5730.826260928719,2.92464056605449e-17
5731.349910326377,2.911633130809322e-17
5731.873559724035,2.8640264608274524e-17
5732.397209121692,2.9411502466645704e-17
5732.92085851935,2.8436615651224244e-17
5733.444507917007,2.848471539877625e-17
5733.968157314665,2.7805718127541934e-17
5734.491806712323,2.798191815914124e-17
5735.015456109981,2.8547228511339263e-17
5735.539105507638,2.9235800635123754e-17
5736.062754905296,2.995978478223909e-17
5736.586404302953,2.9881831225484454e-17
5737.11005370061,3.041534315286955e-17
5737.633703098268,2.9963195285612004e-17
5738.157352495926,3.103348447512994e-17
5738.681001893583,2.9850534995730225e-17
5739.20465129124,2.899497918871777e-17
5739.728300688898,2.797285898750514e-17
5740.2519500865565,2.7146411908302577e-17
5740.775599484214,2.7639062256183417e-17
5741.299248881871,2.9487862323928467e-17
5741.822898279529,3.011913532058601e-17
5742.346547677187,2.939904733046654e-17
5742.870197074844,2.923347358984135e-17
5743.3938464725015,2.843242149154973e-17
5743.91749587016,2.875994265939741e-17
5744.441145267818,2.894560275288452e-17
5744.964794665475,2.894967557162827e-17
5745.488444063132,3.013801829024272e-17
5746.01209346079,2.962552178133326e-17
5746.535742858448,3.001925767471357e-17
5747.059392256105,3.1026909780835604e-17
5747.583041653762,3.0879321117697686e-17
5748.10669105142,3.035640934219754e-17
5748.630340449077,3.0568909293753104e-17
5749.153989846735,3.077794870650468e-17
5749.677639244393,3.0305495423004687e-17
5750.201288642051,3.060060660820353e-17
5750.724938039708,3.017721680227618e-17
5751.248587437366,2.961163426417544e-17
5751.772236835023,2.919842613682848e-17
5752.295886232681,2.990915357946268e-17
5752.819535630339,3.0170288341419893e-17
5753.343185027997,2.995830598990644e-17
5753.866834425654,3.023210605433738e-17
5754.390483823312,3.0226063626391314e-17
5754.914133220969,3.1300088002680104e-17
5755.437782618627,3.1782369637951043e-17
5755.961432016284,3.1954484222839905e-17
5756.485081413941,3.2029718457721723e-17
5757.008730811599,3.19687701817333e-17
5757.532380209257,3.179822323709708e-17
5758.056029606914,3.177982391272478e-17
5758.5796790045715,3.221258679066067e-17
5759.10332840223,3.1485713676653453e-17
5759.626977799888,3.0568980398512655e-17
5760.150627197545,3.0140908827369614e-17
5760.674276595202,3.012406515685636e-17
5761.19792599286,3.0683352883555377e-17
5761.721575390518,3.112739096161613e-17
5762.245224788176,3.1294851467357724e-17
5762.768874185833,3.173571034400142e-17
5763.292523583491,3.146780154528771e-17
5763.816172981149,3.0849002875111606e-17
5764.339822378806,3.109075320728447e-17
5764.8634717764635,3.2711560826891645e-17
5765.387121174122,3.3089507026201945e-17
5765.91077057178,3.1737184123171367e-17
5766.434419969436,3.0895973544403057e-17
5766.958069367093,3.0774483553123995e-17
5767.481718764751,3.020213099092434e-17
5768.005368162409,2.985024357209426e-17
5768.529017560067,2.951758105725773e-17
5769.052666957724,2.970809668450819e-17
5769.576316355382,3.042213278346904e-17
5770.099965753039,2.948844518600979e-17
5770.623615150697,2.849561859309033e-17
5771.1472645483545,2.832958032408531e-17
5771.670913946013,2.851884176299745e-17
5772.19456334367,2.805013153308689e-17
5772.718212741328,2.805355879600821e-17
5773.241862138985,2.899868646835909e-17
5773.765511536643,2.903999979454453e-17
5774.2891609343005,2.880354773844394e-17
5774.812810331959,2.8646671418129625e-17
5775.336459729615,2.898899215375661e-17
5775.860109127272,2.9198387888034707e-17
5776.38375852493,2.8969781985299445e-17
5776.907407922588,2.9726691831186557e-17
5777.431057320246,3.0430080896016615e-17
5777.954706717903,3.0933956070770593e-17
5778.478356115561,3.0632654694855013e-17
5779.002005513219,3.0057818831612135e-17
5779.525654910876,2.952725272174864e-17
5780.0493043085335,3.02816907749659e-17
5780.572953706192,3.142973034972026e-17
5781.09660310385,3.109776849945759e-17
5781.620252501507,3.0784961559236746e-17
5782.143901899164,3.105102957911464e-17
5782.667551296822,3.063745772735143e-17
5783.19120069448,2.967550032040204e-17
5783.714850092138,2.9694523168295584e-17
5784.238499489795,3.0707540325488086e-17
5784.762148887453,3.153938002408632e-17
5785.285798285111,3.1387509022495676e-17
5785.809447682767,3.12614803385434e-17
5786.3330970804245,3.073132071071422e-17
5786.856746478083,3.0866581293285453e-17
5787.38039587574,3.082676175875332e-17
5787.904045273398,3.0614479405914806e-17
5788.427694671055,3.0715205337124105e-17
5788.951344068713,2.9571488143221395e-17
5789.4749934663705,2.9377729328479934e-17
5789.998642864029,3.037343492613639e-17
5790.522292261686,3.149745367322595e-17
5791.045941659344,3.1174316943223806e-17
5791.569591057001,2.980472175807225e-17
5792.093240454659,2.986832174966958e-17
5792.6168898523165,3.056703716203632e-17
5793.140539249975,3.107107878163403e-17
5793.664188647632,3.057552608418912e-17
5794.18783804529,2.9374382881979346e-17
5794.711487442946,2.8831192110151e-17
5795.235136840603,2.89428257385979e-17
5795.758786238262,2.8926817792965076e-17
5796.28243563592,2.795380397779515e-17
5796.806085033577,2.760711030265501e-17
5797.329734431234,2.853380505262717e-17
5797.853383828892,2.9626989821528226e-17
5798.37703322655,3.064060301205243e-17
5798.900682624208,3.066121553015838e-17
5799.424332021865,3.111901576713145e-17
5799.947981419523,3.091300910570604e-17
5800.471630817181,3.195951667970522e-17
5800.995280214838,3.185874199660712e-17
5801.518929612495,3.1505743342278666e-17
5802.0425790101535,3.116160229457169e-17
5802.566228407812,3.1044617314782364e-17
5803.089877805469,3.068115308741013e-17
5803.613527203126,3.034434169949637e-17
5804.137176600784,3.14946086053516e-17
5804.6608259984405,3.164954989500496e-17
5805.184475396099,3.160331921629893e-17
5805.708124793756,3.25434293477313e-17
5806.231774191414,3.1859278963103947e-17
5806.755423589071,3.155413525335766e-17
5807.279072986729,3.062329224090908e-17
5807.8027223843865,3.2200259200974056e-17
5808.326371782045,3.193815156717968e-17
5808.850021179702,3.1607626438193535e-17
5809.37367057736,3.208562297506965e-17
5809.897319975017,3.276561826774116e-17
5810.420969372675,3.253238731010945e-17
5810.944618770332,3.299876615729017e-17
5811.468268167991,3.281018029206479e-17
5811.991917565648,3.238057690882751e-17
5812.515566963306,3.263964025350292e-17
5813.039216360963,3.3058149234640625e-17
5813.562865758621,3.263679914045768e-17
5814.0865151562775,3.254189712716352e-17
5814.610164553935,3.210696998017419e-17
5815.133813951593,3.155166223362649e-17
5815.657463349251,3.231040156037308e-17
5816.181112746908,3.313370637044807e-17
5816.704762144565,3.3187989694040207e-17
5817.2284115422235,3.276517776342242e-17
5817.752060939882,3.2925963483669717e-17
5818.275710337539,3.314506924158048e-17
5818.799359735196,3.347739486277011e-17
5819.323009132854,3.3813384452279053e-17
5819.846658530512,3.3033929345785417e-17
5820.3703079281695,3.2442942805128603e-17
5820.893957325827,3.259768196809488e-17
5821.417606723485,3.297307415417992e-17
5821.941256121143,3.3728428717244296e-17
5822.4649055188,3.324002344752748e-17
5822.988554916457,3.371041216724305e-17
5823.5122043141155,3.2962895012257857e-17
5824.035853711772,3.288737066475962e-17
5824.55950310943,3.265923870372949e-17
5825.083152507087,3.2774802862409804e-17
5825.606801904745,3.2784137095771415e-17
5826.130451302402,3.2359243245476795e-17
5826.654100700061,3.2443453484573466e-17
5827.177750097718,3.3538713211355576e-17
5827.701399495376,3.383811451873533e-17
5828.225048893033,3.4377103874841436e-17
5828.748698290691,3.417445746405227e-17
5829.272347688348,3.4036034749225574e-17
5829.7959970860065,3.340445650143306e-17
5830.319646483664,3.325161576325791e-17
5830.843295881322,3.330117510677431e-17
5831.366945278979,3.346179257853793e-17
5831.890594676637,3.2896308913745973e-17
5832.414244074294,3.2431555168257925e-17
5832.937893471952,3.2573825531091767e-17
5833.461542869609,3.273047368449769e-17
5833.985192267266,3.1921405918659415e-17
5834.508841664924,3.165088899658151e-17
5835.032491062582,3.1817814752618123e-17
5835.5561404602395,3.191058721630271e-17
5836.079789857897,3.154087271169539e-17
5836.603439255555,3.151277690282407e-17
5837.127088653213,3.222340552335301e-17
5837.65073805087,3.1658071752537715e-17
5838.174387448527,3.0399606639608585e-17
5838.6980368461855,2.878697493120192e-17
5839.221686243844,2.9012446156476755e-17
5839.745335641501,2.977791735961676e-17
5840.268985039158,3.02264851143079e-17
5840.792634436816,3.0156121734041405e-17
5841.316283834474,2.994182400390008e-17
5841.839933232131,3.004693679565718e-17
5842.363582629789,2.9366641475242176e-17
5842.887232027447,2.846786445594773e-17
5843.410881425105,2.795738580452646e-17
5843.934530822761,2.6429206372314267e-17
5844.458180220418,2.5791761167491278e-17
5844.9818296180765,2.526462045970843e-17
5845.505479015734,2.6099621099996575e-17
5846.029128413392,2.81746444785315e-17
5846.552777811049,2.98625795820748e-17
5847.076427208707,2.98588478093977e-17
5847.600076606364,2.867434043855595e-17
5848.1237260040225,2.854191479068891e-17
5848.64737540168,2.847510632447071e-17
5849.171024799338,2.8590490298332247e-17
5849.694674196995,2.8581025433127754e-17
5850.218323594653,2.942139325470717e-17
5850.74197299231,2.996700733513883e-17
5851.2656223899685,2.9096907806356046e-17
5851.789271787626,2.8811681800977754e-17
5852.312921185283,2.892125742310272e-17
5852.83657058294,2.9377512465411926e-17
5853.360219980597,2.943015693254193e-17
5853.883869378255,2.9761926740068214e-17
5854.407518775914,3.0016087359857844e-17
5854.931168173571,3.011318346707917e-17
5855.454817571228,3.083861478511874e-17
5855.978466968886,3.1459927829353925e-17
5856.502116366544,3.090755615343725e-17
5857.025765764201,3.092859598024227e-17
5857.549415161859,3.150055000863425e-17
5858.073064559517,3.0555930641965696e-17
5858.596713957175,3.0517708161060645e-17
5859.120363354832,3.115731461994449e-17
5859.644012752489,3.153279467854982e-17
5860.167662150147,3.2443757326806905e-17
5860.6913115478055,3.300223187970452e-17
5861.214960945463,3.2992457741698645e-17
5861.73861034312,3.334406542532835e-17
5862.262259740778,3.338056462781274e-17
5862.785909138434,3.206368817249535e-17
5863.3095585360925,3.1782033019495406e-17
5863.83320793375,3.1344488930136986e-17
5864.356857331408,3.065919520895331e-17
5864.880506729065,3.139329419716093e-17
5865.404156126723,3.383535490476668e-17
5865.92780552438,4.025618590528974e-17
5866.4514549220385,4.532441871098323e-17
5866.975104319696,4.2191744368634165e-17
5867.498753717354,3.601087868771667e-17
5868.022403115011,3.284434775930936e-17
5868.546052512669,3.134429544009096e-17
5869.069701910326,3.033335060747101e-17
5869.593351307984,2.9445951684635154e-17
5870.117000705642,2.9215759145748666e-17
5870.6406501033,2.983265407272548e-17
5871.164299500956,2.985231700798723e-17
5871.687948898614,2.924176316098257e-17
5872.211598296271,2.9861107789473616e-17
5872.735247693929,3.034596469678108e-17
5873.258897091587,2.93222957745927e-17
5873.782546489245,2.8517406793598766e-17
5874.306195886902,2.794999079534155e-17
5874.829845284559,2.6656447883012884e-17
5875.353494682217,2.6609728208928938e-17
5875.8771440798755,2.7621393828970888e-17
5876.400793477533,2.816814184774043e-17
5876.92444287519,2.7412007730676426e-17
5877.448092272848,2.703223931211563e-17
5877.971741670506,2.6254765179322428e-17
5878.495391068163,2.5267432753253617e-17
5879.019040465821,2.4726836350936367e-17
5879.542689863479,2.264212281676147e-17
5880.066339261137,2.0222959126026845e-17
5880.589988658794,1.8452626832482645e-17
5881.113638056451,1.785430812039753e-17
5881.637287454109,1.9500721949999566e-17
5882.160936851766,2.0720095074875216e-17
5882.684586249424,2.2432313568208515e-17
5883.208235647081,2.6126186163195458e-17
5883.731885044739,2.6091140340102003e-17
5884.255534442396,2.512494733735137e-17
5884.779183840054,2.5450293219359448e-17
5885.302833237712,2.583409280311721e-17
5885.82648263537,2.5242353658732728e-17
5886.350132033027,2.371615254107308e-17
5886.873781430685,2.283564394034022e-17
5887.397430828342,2.421000325283217e-17
5887.921080226,2.6558398083594194e-17
5888.444729623658,2.70314077281429e-17
5888.968379021316,2.760101168332742e-17
5889.492028418973,2.6206230502649728e-17
5890.015677816631,2.4683155746056018e-17
5890.539327214287,2.71257179948649e-17
5891.0629766119455,3.119929039373005e-17
5891.586626009603,3.216587674742809e-17
5892.11027540726,3.1510174759439855e-17
5892.633924804918,3.115169383817156e-17
5893.157574202576,3.121161252344344e-17
5893.681223600233,3.0517850654178165e-17
5894.204872997891,3.067014028911216e-17
5894.728522395549,2.946577957179937e-17
5895.252171793207,2.809043142507896e-17
5895.775821190864,2.7766511292598284e-17
5896.299470588521,2.7378853581124094e-17
5896.823119986179,2.962206583375213e-17
5897.346769383837,3.066833045410355e-17
5897.870418781495,2.9108231049701003e-17
5898.394068179152,2.945664443578841e-17
5898.91771757681,3.101914932357579e-17
5899.441366974468,3.113461069211506e-17
5899.965016372125,3.139724105193483e-17
5900.4886657697825,3.1234830524609355e-17
5901.012315167441,2.9964110470358355e-17
5901.535964565097,2.8780742326098576e-17
5902.059613962755,3.021077778998135e-17
5902.583263360412,3.034832252828625e-17
5903.10691275807,2.957831764671371e-17
5903.630562155728,2.88618673672927e-17
5904.154211553386,2.9548111434699494e-17
5904.677860951043,2.9458493377875584e-17
5905.201510348701,2.8683820307094825e-17
5905.725159746358,2.86177109873033e-17
5906.248809144016,2.955728512054132e-17
5906.772458541674,2.952343913385343e-17
5907.296107939332,2.868056627850241e-17
5907.819757336989,2.866273186113563e-17
5908.343406734647,2.975932120138432e-17
5908.867056132304,3.065834950228742e-17
5909.390705529962,3.063287955299469e-17
5909.914354927619,3.0481582674501927e-17
5910.438004325277,3.0951162019752515e-17
5910.961653722934,3.181489239273043e-17
5911.485303120591,3.186911266104177e-17
5912.008952518249,3.209784550517572e-17
5912.532601915907,3.1135068195618575e-17
5913.056251313565,3.150283375696756e-17
5913.579900711222,3.167174817609828e-17
5914.10355010888,3.100883796265672e-17
5914.627199506538,3.212365134328698e-17
5915.150848904195,3.223303467935371e-17
5915.6744983018525,3.226432509230202e-17
5916.198147699511,3.202004391057284e-17
5916.721797097169,3.2256436089989334e-17
5917.245446494826,3.176335774070351e-17
5917.769095892483,3.068238203983666e-17
5918.292745290141,2.987458242067152e-17
5918.816394687799,2.981323443362874e-17
5919.340044085457,2.914816546323198e-17
5919.863693483114,2.838354321521305e-17
5920.387342880772,2.873554337154335e-17
5920.910992278428,2.924527188182943e-17
5921.434641676086,2.997321204283236e-17
5921.958291073744,3.026918855564541e-17
5922.481940471402,2.922622055653711e-17
5923.005589869059,2.9112388693259936e-17
5923.529239266717,2.8465600863398055e-17
5924.052888664374,2.974299175646183e-17
5924.576538062032,2.973293147493158e-17
5925.10018745969,2.976310135910878e-17
5925.623836857348,2.9356503854030125e-17
5926.147486255005,2.859242155055961e-17
5926.671135652663,2.95256920076604e-17
5927.19478505032,3.055563504093861e-17
5927.718434447978,3.026370031189033e-17
5928.2420838456355,3.0169189336416496e-17
5928.765733243294,3.0527150883528727e-17
5929.28938264095,3.126894732763938e-17
5929.813032038608,3.148593540558276e-17
5930.336681436265,3.232076383695205e-17
5930.8603308339225,3.248801239276168e-17
5931.383980231581,3.204887419451468e-17
5931.907629629239,3.171940335674897e-17
5932.431279026896,3.163979375013654e-17
5932.954928424553,3.1112629256324033e-17
5933.478577822211,3.1504270221002e-17
5934.002227219869,3.159686216990257e-17
5934.525876617527,3.1219897851836215e-17
5935.049526015184,3.130210194157063e-17
5935.573175412842,3.151266250027952e-17
5936.0968248105,3.1799516441749235e-17
5936.620474208157,3.134751016883859e-17
5937.1441236058145,3.174796256914025e-17
5937.667773003473,3.101443348153662e-17
5938.191422401131,3.028902865883164e-17
5938.715071798788,2.943488440428585e-17
5939.238721196445,2.930245464630121e-17
5939.762370594102,2.889145809083427e-17
5940.2860199917595,2.865564990103648e-17
5940.809669389418,2.8538908102630786e-17
5941.333318787075,2.787152763427637e-17
5941.856968184733,2.7505220994112335e-17
5942.38061758239,2.7778273650927355e-17
5942.904266980048,2.804498500650633e-17
5943.4279163777055,2.8087416725651923e-17
5943.951565775364,2.8361237655258925e-17
5944.475215173021,2.83109440665612e-17
5944.998864570679,2.8603581082982586e-17
5945.522513968336,2.902449363968279e-17
5946.046163365994,2.934801520432072e-17
5946.5698127636515,2.9688101250346604e-17
5947.09346216131,3.016436432556145e-17
5947.617111558967,3.072545002772879e-17
5948.140760956625,3.032616053850571e-17
5948.664410354281,3.107150832771714e-17
5949.188059751939,3.246198915613622e-17
5949.711709149597,3.2677142085325113e-17
5950.235358547254,3.248155236399468e-17
5950.759007944912,3.1638423075788744e-17
5951.28265734257,3.200093971580404e-17
5951.806306740227,3.2131771480583506e-17
5952.329956137884,3.244938307614642e-17
5952.853605535543,3.2902254575698186e-17
5953.377254933201,3.232837441696209e-17
5953.900904330858,3.210121004659133e-17
5954.424553728515,3.2107476586348563e-17
5954.948203126173,3.227269129881285e-17
5955.471852523831,3.2505413804440884e-17
5955.9955019214885,3.260361153144713e-17
5956.519151319146,3.2799036300000776e-17
5957.042800716804,3.234192839676814e-17
5957.566450114462,3.2205364496092386e-17
5958.090099512119,3.272170129343585e-17
5958.613748909776,3.301077286664752e-17
5959.137398307434,3.298047691136922e-17
5959.661047705091,3.343087404866084e-17
5960.184697102749,3.327708849905005e-17
5960.708346500406,3.3466263430217285e-17
5961.231995898064,3.4231163355242094e-17
5961.7556452957215,3.382603490705113e-17
5962.27929469338,3.3235143738442434e-17
5962.802944091037,3.258853188125248e-17
5963.326593488695,3.137781252154428e-17
5963.850242886352,3.108722471496131e-17
5964.37389228401,3.110626766900226e-17
5964.8975416816675,3.160171825096398e-17
5965.421191079326,3.1087916322007805e-17
5965.944840476983,3.054782545441435e-17
5966.468489874641,3.0432962430400465e-17
5966.992139272298,3.09632293883097e-17
5967.515788669954,3.126353760597376e-17
5968.0394380676125,3.0907378827795364e-17
5968.563087465271,3.128579691860482e-17
5969.086736862928,3.1015992478626686e-17
5969.610386260585,3.0721002087189034e-17
5970.134035658243,3.127314871245639e-17
5970.657685055901,3.2327323163075784e-17
5971.1813344535585,3.2435780904290446e-17
5971.704983851216,3.1910739426032694e-17
5972.228633248874,3.1515294043150026e-17
5972.752282646532,3.11933087780054e-17
5973.275932044189,3.061532694056122e-17
5973.799581441846,3.057165297285727e-17
5974.3232308395045,3.0563262034660845e-17
5974.846880237163,2.999976415172138e-17
5975.37052963482,2.969921864529725e-17
5975.894179032477,3.000586911033491e-17
5976.417828430135,2.976534959162765e-17
5976.941477827793,3.056329584137846e-17
5977.4651272254505,3.1105493415780064e-17
5977.988776623108,3.1826295899623256e-17
5978.512426020765,3.1070620157088606e-17
5979.036075418422,3.062164299588755e-17
5979.55972481608,3.0254623234202716e-17
5980.083374213737,3.036280394844046e-17
5980.607023611396,3.0931647515542843e-17
5981.130673009053,3.149452119202717e-17
5981.654322406711,3.1881370357022995e-17
5982.177971804368,3.1629023968512387e-17
5982.701621202026,3.1243751312721967e-17
5983.225270599683,3.161078531478345e-17
5983.7489199973415,3.20605062347365e-17
5984.272569394999,3.246996466271546e-17
5984.796218792657,3.252742615078247e-17
5985.319868190314,3.1532101005514344e-17
5985.843517587972,3.1358526986665985e-17
5986.367166985629,3.1892634446663366e-17
5986.890816383286,3.162800943066864e-17
5987.414465780944,3.0956605820426986e-17
5987.938115178602,3.143443641575649e-17
5988.461764576259,3.1615755196661714e-17
5988.985413973916,3.1196924204379746e-17
5989.5090633715745,3.153404626705146e-17
5990.032712769233,3.142691577110563e-17
5990.55636216689,3.063049873328506e-17
5991.080011564547,3.098933350933981e-17
5991.603660962205,3.087898333460291e-17
5992.127310359863,3.020477194174796e-17
5992.6509597575205,2.9796376599271874e-17
5993.174609155178,2.8954069376694284e-17
5993.698258552836,2.857704349779901e-17
5994.221907950494,2.9166314673106104e-17
5994.745557348151,2.947157776544075e-17
5995.269206745808,3.046353829994407e-17
5995.792856143466,2.972236731046925e-17
5996.316505541125,2.9663655009116593e-17
5996.840154938782,2.922024431256797e-17
5997.363804336439,2.9372865817122327e-17
5997.887453734096,2.926479594316389e-17
5998.411103131753,2.8780032353015544e-17
5998.9347525294115,2.776717974494372e-17
5999.458401927069,2.779135146423583e-17
5999.982051324727,2.8906505658831013e-17
6000.505700722384,2.9846111098385444e-17
6001.029350120042,3.109553783480223e-17
6001.552999517699,2.930628968508443e-17
6002.0766489153575,3.071317074143094e-17
6002.600298313015,2.986903443538428e-17
6003.123947710673,2.951794971022796e-17
6003.64759710833,3.03278681234268e-17
6004.171246505988,3.027192482258929e-17
6004.694895903645,2.9446564969991785e-17
6005.2185453013035,2.9086653449912535e-17
6005.742194698961,3.0839205744961906e-17
6006.265844096617,3.0855618438053507e-17
6006.789493494275,2.9792959998394936e-17
6007.313142891933,2.964478632722374e-17
6007.83679228959,2.9613643047739825e-17
6008.360441687248,2.836943453371815e-17
6008.884091084906,2.889761781533486e-17
6009.407740482564,2.882527476027761e-17
6009.931389880221,2.921311804067249e-17
6010.455039277878,2.987483858375264e-17
6010.978688675536,2.958335656652124e-17
6011.502338073195,2.913614380772255e-17
6012.025987470852,2.9664465238571834e-17
6012.549636868509,3.054530014967965e-17
6013.073286266167,3.060763215014142e-17
6013.596935663825,3.002247975064671e-17
6014.120585061482,2.9204630686596956e-17
6014.64423445914,3.006057793883149e-17
6015.167883856798,2.9525811878255695e-17
6015.691533254456,2.963636209183494e-17
6016.215182652113,3.021512255457953e-17
6016.73883204977,2.869804548701827e-17
6017.2624814474275,2.9270035789859596e-17
6017.786130845085,3.0061243235853674e-17
6018.309780242743,3.1588714140704634e-17
6018.8334296404,2.9772688261695714e-17
6019.357079038058,2.992050520037398e-17
6019.880728435715,3.0601298076852264e-17
6020.4043778333735,3.166762977366771e-17
6020.928027231031,3.2318250853955545e-17
6021.451676628689,3.208607869014135e-17
6021.975326026346,3.067404790378367e-17
6022.498975424004,2.999847665610058e-17
6023.022624821661,3.084629503474536e-17
6023.5462742193195,3.1489792596404844e-17
6024.069923616977,3.177190784881523e-17
6024.593573014635,3.08125574143494e-17
6025.117222412292,3.049520056012931e-17
6025.640871809948,3.191920334257889e-17
6026.164521207606,3.0887759383979534e-17
6026.6881706052645,3.2176740608804255e-17
6027.211820002922,3.250249702394105e-17
6027.735469400579,3.1441840269082545e-17
6028.259118798237,3.1873373420828334e-17
6028.782768195895,3.174536590058838e-17
6029.306417593552,3.212250159321513e-17
6029.83006699121,3.2731045625647655e-17
6030.353716388868,3.284665803186046e-17
6030.877365786526,3.229838775883998e-17
6031.401015184183,3.303234178054306e-17
6031.92466458184,3.3316144937376606e-17
6032.448313979498,3.1724491287744874e-17
6032.9719633771565,3.065899667116406e-17
6033.495612774814,3.0920287033269024e-17
6034.019262172471,3.1294733645399137e-17
6034.542911570129,3.06079030886998e-17
6035.066560967787,3.185895421166079e-17
6035.590210365444,3.2574210530662625e-17
6036.113859763101,3.221422498857296e-17
6036.637509160759,3.232768357134234e-17
6037.161158558416,3.1943508590045624e-17
6037.684807956074,3.1886752285972957e-17
6038.208457353731,3.20918630892323e-17
6038.732106751389,3.174936302636542e-17
6039.255756149047,3.1278500081500966e-17
6039.779405546705,3.226109884477169e-17
6040.303054944362,3.150997955371692e-17
6040.82670434202,3.097865937699235e-17
6041.350353739677,2.9967892572683684e-17
6041.874003137335,2.96619478902921e-17
6042.397652534993,3.015912907757395e-17
6042.921301932651,2.981245227789995e-17
6043.444951330308,2.974101460574425e-17
6043.968600727966,3.025726186122548e-17
6044.492250125622,2.9616487250377624e-17
6045.01589952328,3.0152475150948077e-17
6045.539548920938,3.0298143043526836e-17
6046.063198318596,3.109953055154688e-17
6046.586847716253,3.104611126219933e-17
6047.11049711391,3.093307816171301e-17
6047.634146511568,3.174191383803049e-17
6048.1577959092265,3.286199415062328e-17
6048.681445306884,3.1576284522331025e-17
6049.205094704541,3.0875169607038625e-17
6049.728744102199,2.9660565666989976e-17
6050.252393499857,2.886126294973715e-17
6050.776042897514,3.015117292410125e-17
6051.299692295172,3.0760510120576e-17
6051.82334169283,2.966397306892603e-17
6052.346991090488,2.94438875058283e-17
6052.870640488145,3.070118807889913e-17
6053.394289885802,3.036315607211059e-17
6053.91793928346,3.12401603484445e-17
6054.441588681118,3.080863316095704e-17
6054.965238078776,3.074941954893704e-17
6055.488887476432,2.95618292029851e-17
6056.01253687409,3.0005303451954614e-17
6056.536186271747,2.983068389170502e-17
6057.059835669405,3.113314586360905e-17
6057.583485067063,3.30010626950935e-17
6058.107134464721,3.387621235970968e-17
6058.630783862378,3.320019138560934e-17
6059.154433260036,3.276307713276567e-17
6059.678082657693,3.28825844103979e-17
6060.201732055351,3.327456593194775e-17
6060.725381453009,3.3251762491105804e-17
6061.249030850667,3.3510638147789696e-17
6061.772680248324,3.4645755506943446e-17
6062.296329645982,3.451781982737334e-17
6062.819979043639,3.333776564963361e-17
6063.343628441297,3.3382851207434123e-17
6063.867277838954,3.2919046484077574e-17
6064.390927236611,3.234766212052554e-17
6064.914576634269,3.326552227582316e-17
6065.438226031927,0.0
6065.961875429584,0.0
6066.4855248272415,0.0
