wav,flam
5258.041094000402,357.4832
5258.7942694310905,342.9896
5259.493739483174,312.7036
5260.091299328928,299.5589
5260.746164913862,314.7784
5261.4865390625,322.4371
5262.0840989082535,330.7137
5262.6815587439905,337.5138
5263.2790185797285,331.8243
5263.876578425481,314.2455
5264.474038261218,302.5805
5265.071598106971,292.3532
5265.6690579427095,304.0572
5266.266617788462,323.8182
5266.863977614184,335.3347
5267.461737479968,338.5358
5268.05909730569,340.2692
5268.65675716146,332.7734
5269.254317007212,337.6562
5269.851876852965,323.7864
5270.449336688703,316.3283
5271.047096554487,316.8193
5271.644556390224,326.954
5272.242216245995,349.2265
5272.839776091748,352.2383
5273.4373359375,347.5268
5274.034995793269,343.4185
5274.632655649039,335.5296
5275.230215494792,337.2365
5275.827875350561,347.5903
5276.4254351963145,354.4313
5277.0231950621,357.7707
5277.620754907854,362.7653
5278.218314753606,351.8709
5278.815974609375,344.4542
5279.413734475161,341.3643
5280.01139433093,345.9061
5280.609054186699,369.8964
5281.206814052483,379.9058
5281.804373898239,371.7636
5282.402033754007,368.2579
5282.999793619792,364.3768
5283.597553485578,363.5653
5284.195213341347,367.0022
5284.7929732071325,364.3918
5285.390633062901,362.9526
5285.988392928686,358.0205
5286.586152794472,347.6018
5287.323026592549,350.1713
5287.974291816907,340.8022
5288.674461939104,338.2858
5289.3741320112185,349.279
5290.02959765625,355.328
5290.770571864985,361.3294
5291.36833173077,355.7429
5291.966091596555,350.6711
5292.563951472357,349.0407
5293.161811348157,343.6872
5293.759571213943,355.5074
5294.35753109976,355.6413
5294.955190955529,361.1294
5295.553050831331,365.7764
5296.1509107071315,347.6835
5296.7487705829335,348.8798
5297.34673046875,351.4746
5297.944490334535,339.9847
5298.542350210337,354.0647
5299.140210086138,366.9164
5299.73806996194,373.379
5300.336029847756,363.158
5300.933889723558,354.7698
5301.5319496193915,358.8598
5302.129709485176,352.5076
5302.727569360978,359.2501
5303.325529246795,355.3208
5303.923489132613,359.6775
5304.52144901843,366.0465
5305.119408904247,357.2747
5305.717368790064,353.6606
5306.3153286758825,345.1215
5306.913288561699,347.5392
5307.511248447517,344.4528
5308.109208333333,336.9346
5308.707168219152,334.1696
5309.305028094952,340.229
5309.9031880008015,353.8269
5310.501147886619,337.0107
5311.099207782452,325.033
5311.697267678286,314.7916
5312.295227564104,346.842
5312.893287459937,355.024
5313.49134735577,351.5585
5314.089407251603,351.0454
5314.687467147436,351.803
5315.285527043269,348.5547
5315.883586939103,355.9967
5316.481646834936,350.239
5317.079706730769,352.5376
5317.817280598959,333.0796
5318.4686458333335,335.5207
5319.16931600561,335.646
5319.869586137822,335.4658
5320.525251802886,337.694
5321.2664260316515,351.6433
5321.864585937501,348.6195
5322.462645833334,325.0549
5323.060905749199,325.5192
5323.659065655049,329.4191
5324.25792563101,353.059
5326.051705278445,356.8195
5326.649865184295,357.7383
5327.248125100161,342.4739
5327.8462850060105,342.6349
5328.444544921876,348.7822
5329.042704827725,328.1687
5329.64096474359,330.7532
5330.239224659455,338.9801
5330.837384565305,324.4448
5331.435744491187,331.3748
5332.033704377004,338.8595
5332.632164312901,345.861
5333.2304242287655,356.0762
5333.828684144632,356.6671
5334.427044070513,349.6382
5335.025203976363,351.0262
5335.623463892229,349.7856
5336.2218238181085,350.6162
5336.820083733975,365.0904
5337.418443659856,365.3922
5338.016803585739,368.1815
5338.615163511619,359.5648
5339.2134234274845,365.7913
5339.811783353366,357.1621
5340.410043269232,357.0092
5341.008403195113,354.9924
5341.60686313101,359.8024
5342.205123046876,355.4685
5342.803582982773,369.3387
5343.401942908655,371.3523
5344.000302834535,363.8384
5344.5987627704335,364.3824
5345.197122696314,374.5425
5345.795482622197,381.7501
5346.393942558093,380.7392
5346.992402493991,378.476
5347.590762419873,370.517
5348.189322365786,374.2851
5348.927196264023,380.2979
5349.579161558494,383.8639
5350.280231770833,376.0462
5350.980801933094,366.7889
5351.579461889023,361.7831
5352.235427584135,356.8064
5352.976901842949,365.4609
5353.575561798878,373.4698
5354.1739217247605,377.4976
5354.772481670674,364.212
5355.371141626602,360.4318
5355.969601562501,348.8527
5356.5680614983985,344.5912
5357.166621444311,349.9835
5357.765081380209,355.1823
5358.363641326123,356.6021
5358.962201272036,351.5683
5359.560761217949,348.3194
5360.159321163864,347.4764
5360.758081129808,347.2971
5361.356541065706,348.3144
5361.955101011619,350.2244
5362.553660957532,363.2314
5363.152320913462,356.8518
5363.750980869392,351.8997
5364.349540815305,363.0122
5364.948200771235,354.6454
5365.546860727164,344.7502
5366.145420673078,351.9638
5366.743980618991,373.0561
5367.342740584936,377.5495
5367.941400540866,379.7755
5368.540060496796,386.3897
5369.138720452725,375.9968
5369.737480418671,374.8269
5370.3361403746,365.1645
5370.934900340545,357.6241
5371.533560296475,362.9016
5372.132220252403,360.1886
5372.731080228366,360.2235
5373.329640174279,364.8881
5373.928400140225,352.6372
5374.527160106171,349.4106
5375.125920072116,342.899
5375.724680038062,347.4595
5376.323440004006,359.2296
5376.922199969953,365.8007
5377.521059945914,372.2689
5378.119619891828,359.951
5378.718679887821,375.6544
5379.317239833735,367.7259
5379.916199819712,364.9369
5380.514859775641,374.9551
5381.253333733975,368.6789
5381.905499048478,370.6978
5382.32394095553,368.7481
5384.104919320915,348.2133
5384.56376527444,365.8354
5385.305839593349,364.1033
5385.9044995492795,347.2331
5386.50335952524,349.2356
5387.102319511218,345.7965
5387.70117948718,357.2778
5388.300139473158,363.4929
5388.898899439104,362.3798
5389.497959435097,359.7974
5390.096819411057,348.3165
5390.695779397036,342.4975
5391.294639372997,343.3518
5391.893599358976,354.107
5392.492659354968,356.9449
5393.091619340946,360.1769
5393.690479316908,355.1773
5394.289339292869,350.4502
5394.888499298879,347.1807
5395.487359274841,343.023
5396.086419270834,345.3372
5396.685479266828,342.2827
5397.284439252805,339.6506
5397.883499248798,339.2005
5398.482659254809,338.8001
5399.081519230769,324.7672
5399.680579226763,335.2041
5400.279539212741,338.9646
5400.878599208735,352.7473
5401.477659204728,353.8949
5402.076719200722,349.2063
5402.675779196715,345.5446
5403.274939202724,344.2921
5403.873899188703,341.3945
5404.473059194712,345.7954
5405.072119190707,351.5793
5405.671279196716,360.2679
5406.270339192709,357.3093
5406.8694991987195,359.7881
5407.468559194712,355.8045
5408.067719200722,346.8392
5408.666779196716,337.7888
5409.265939202724,340.3392
5409.865099208735,350.5937
5410.464259214745,361.5617
5411.063519230769,356.4942
5411.66267923678,357.4096
5412.2618392427885,350.0364
5412.86119926883,346.6312
5413.460359274841,346.0672
5414.0595192808505,355.1306
5414.798393279247,348.2801
5415.451158653847,351.8532
5416.153328976363,359.7903
5416.855099258815,372.9446
5417.454259264824,355.3515
5418.111025040065,343.7745
5418.853399389023,342.5063
5419.452559395033,350.6647
5420.051819411059,353.5731
5420.6511794371,364.7298
5421.250439453126,353.6628
5421.84969946915,353.4278
5422.449059495193,346.683
5423.048319511218,325.7724
5423.64767953726,335.1962
5424.246939553286,340.5091
5424.846299579327,355.5842
5425.445659605369,351.4307
5426.04501963141,352.196
5426.644279647437,351.6445
5427.243739683494,350.2793
5427.843099709536,358.5388
5428.442459735578,361.5954
5429.041819761619,366.7797
5429.641179787661,373.0883
5430.2405398137025,370.3148
5430.840099859776,379.1157
5431.439459885818,378.7862
5432.038919921875,382.547
5432.638379957933,383.6664
5433.237739983975,377.946
5433.8372000200325,380.6029
5434.436460036059,362.8743
5435.0360200821315,356.0038
5435.635480118189,356.029
5436.234940154247,358.9919
5436.834500200322,364.6374
5437.433860226362,360.8751
5438.033520282453,367.2459
5438.632880308494,362.3418
5439.232440354568,364.6136
5439.83180038061,348.7567
5440.431460436699,338.6498
5441.030920472756,341.6125
5441.63048051883,358.7158
5442.230040564905,371.5794
5442.829500600962,366.3773
5443.429160657051,371.9408
5444.02862069311,358.1524
5444.628280749199,358.2925
5445.227740785257,370.3227
5445.827400841347,371.841
5446.426960887421,367.6166
5447.02662094351,371.8357
5447.626180989584,370.5318
5448.225841045673,363.6725
5448.825401091747,358.8896
5449.565075170273,350.934
5450.218540614985,369.1588
5450.921010967549,367.489
5451.623181290064,365.6824
5452.222841346154,375.4422
5452.879907151443,366.284
5453.622581530449,372.5742
5454.22224158654,367.7853
5454.821901642629,375.7384
5455.421661708734,376.7053
5456.021421774841,374.7521
5456.62108183093,372.4009
5457.220941907051,370.8516
5457.820501953125,374.4187
5458.420262019231,380.2915
5459.020122095353,380.005
5459.619682141427,372.2994
5460.219542217548,376.9071
5460.819202273638,371.4444
5461.418962339745,362.56
5462.018822415866,369.8282
5462.618582481972,360.0277
5463.218342548077,364.6713
5463.818202624199,370.6453
5464.417962690305,359.0013
5465.017822766427,352.4001
5465.617682842549,359.5943
5466.217442908654,343.2379
5466.81720297476,344.7184
5467.417063050882,345.6471
5468.016823116987,355.6651
5468.616883213142,355.5165
5469.2166432792465,346.5235
5469.816603365385,332.4888
5470.41636343149,331.7908
5471.016323517629,324.8612
5471.61618359375,348.6942
5472.216043669871,350.6706
5472.81600375601,370.1848
5473.415963842148,363.7508
5474.015823918269,362.2798
5474.6156839943915,362.8966
5475.215544070513,365.5349
5475.8157041766835,366.9415
5476.415464242789,363.0699
5477.015524338943,375.4329
5477.6154844250805,384.3573
5478.215544521235,371.2391
5478.815404597356,376.0034
5479.415464693509,371.6161
5480.015324769633,372.7772
5480.615384865786,365.1127
5481.215344951924,373.054
5481.815405048078,375.4421
5482.415365134215,376.3872
5483.015525240386,364.6783
5483.615385316508,370.7229
5484.215545422677,372.9925
5484.815705528847,367.7808
5485.55567963742,366.6704
5486.209645132212,372.3854
5486.912615534856,355.9876
5487.615485927484,368.0671
5488.215446013623,368.3031
5488.815606119792,360.753
5489.473071965145,363.1177
5490.216346404248,352.6868
5490.816406500401,350.0497
5491.416566606572,344.2143
5492.016826722756,372.4514
5492.61688681891,378.9981
5493.2170469250805,379.464
5493.81720703125,368.0974
5494.417367137421,361.4106
5495.017527243591,347.5859
5495.61768734976,349.1128
5496.2178474559305,356.5169
5496.818107572116,357.0211
5497.418367688301,354.9329
5498.0184277844555,361.5874
5498.618687900642,351.5618
5499.218747996795,357.7719
5499.8192081330135,348.7331
5500.419268229167,351.8788
5501.019728365384,351.3532
5501.619888471555,348.9078
5502.220148587741,343.1817
5502.820408703927,354.1344
5503.420668820113,354.1042
5504.021028946314,361.1504
5504.621189052485,374.579
5505.221449168671,365.4936
5505.822009314905,376.5872
5506.422269431089,375.0926
5507.02242953726,379.311
5507.622689653446,377.0258
5508.223049779648,383.0948
5508.82340990585,376.6978
5509.423670022036,369.0399
5510.024130158254,378.5807
5510.624490284456,374.2619
5511.224850410657,378.1998
5511.825310546876,379.8219
5512.425670673077,390.7736
5513.025930789263,380.9737
5513.626290915465,370.2027
5514.2268510617,358.1046
5514.827211187901,355.1453
5515.427671324119,354.7202
5516.028131460337,358.0428
5516.628391576523,356.9653
5517.228951722757,355.9725
5517.829311848959,352.4761
5518.429771985177,355.0121
5519.030232121395,344.9859
5519.630792267629,344.9936
5520.231352413863,343.6298
5520.831612530049,349.7353
5521.432172676283,353.6662
5522.032732822517,352.5353
5522.633192958735,347.0207
5523.373767127405,369.3258
5524.028032652244,373.6945
5524.628492788462,372.2403
5525.332263271235,363.2722
5526.035633713943,371.6603
5526.636193860177,369.9042
5527.294359775641,364.7815
5528.038034254809,354.5505
5528.638594401043,361.3614
5529.239254557291,381.8783
5529.839814703526,387.3494
5530.44037484976,377.4952
5531.04103500601,376.6895
5531.641595152244,377.6197
5532.242255308494,375.9631
5532.842815454728,367.6287
5533.443475610978,369.2958
5534.044135767227,369.1401
5534.644795923478,370.6169
5535.245756109776,380.0069
5535.846016225962,364.4692
5536.4467763922285,367.251
5537.047436548479,357.7884
5537.648096704728,360.6044
5538.248856870994,359.4552
5538.849717047276,356.808
5539.450177183495,354.3634
5540.050937349761,375.1418
5540.651697516027,380.3053
5541.252357672276,371.4981
5541.8530178285255,374.3666
5542.453878004808,372.4379
5543.05473818109,376.9731
5543.655498347356,381.4792
5544.2561585036065,380.6323
5544.856818659856,375.6796
5545.457678836138,374.6094
5546.058439002404,378.9449
5546.6592991786865,383.8914
5547.2600593449515,383.4265
5547.860919521235,382.5782
5548.461679687501,370.8697
5549.062739883814,380.1516
5549.663300030049,376.1982
5550.26416020633,387.0993
5550.865020382614,371.5437
5551.465780548879,378.3076
5552.066740735177,384.527
5552.6677009214745,375.1476
5553.268561097758,372.4725
5553.869321264023,371.2913
5554.470181440305,379.3324
5555.071041616587,369.8327
5555.6720018028855,375.8828
5556.272861979167,365.5289
5556.873822165465,376.0683
5557.474782351763,365.6737
5558.0757425380625,373.8694
5558.676602714343,369.439
5559.277562900642,367.7316
5559.878423076923,364.1644
5560.479483273238,373.0316
5561.080443459536,370.4993
5561.681403645834,367.9052
5562.2823638321315,366.0256
5562.88332401843,358.6197
5563.624498247195,367.8069
5564.279263822115,369.2761
5564.983434344952,368.7548
5565.687404847757,360.2522
5566.28846504407,365.2882
5566.889525240385,367.7724
5567.548291215947,379.0665
5568.29256575521,382.737
5568.893625951523,375.7941
5569.494586137822,357.5532
5570.095746344152,368.9244
5570.696906550481,370.2676
5571.297966746795,379.1486
5571.89902694311,380.6315
5572.500087139424,378.4386
5573.101247345754,372.4199
5573.7025075620995,374.7444
5574.303567758414,364.671
5574.904727964745,357.0273
5575.505788161058,358.7723
5576.106948367388,352.9239
5576.708108573718,360.2541
5577.309268780049,368.4811
5577.910428986379,364.4744
5578.511589192709,355.7336
5579.11274939904,358.7423
5579.714009615385,349.1468
5580.315269831731,354.8726
5580.916430038062,350.6683
5581.517690254408,351.7382
5582.118850460737,346.6412
5582.720010667068,348.6083
5583.3212708834135,358.9424
5583.922431089744,364.3109
5584.523791316106,368.4712
5585.124951522436,375.8678
5585.726311748798,370.6726
5586.327571965146,363.1987
5586.928832181491,371.2962
5587.529992387821,356.2321
5588.1312526041675,359.1375
5588.732712840545,365.6476
5589.333973056891,372.5227
5589.935333283254,368.6507
5590.5365934996,360.0717
5591.138053735977,366.2165
5591.739213942308,362.3968
5592.34057416867,367.7414
5592.941834385017,371.8659
5593.543394631411,379.2204
5594.144654847757,361.1057
5594.746015074119,380.1962
5595.347375300481,366.3798
5595.948935546875,371.2309
5596.550295773239,369.3473
5597.1516559996,382.1598
5597.753016225962,380.5034
5598.354376452324,381.8971
5598.955936698719,383.3518
5599.557296925081,388.3368
5600.158757161458,392.9534
5600.760117387821,383.4581
5601.361477614184,376.1728
5601.9629378505615,362.3841
5602.5644980969555,363.8932
5603.165958333334,361.4042
5603.767518579729,362.6814
5604.369078826122,369.9039
5604.970439052485,379.3405
5605.712013321314,374.09
5606.367278946315,375.7513
5606.968739182693,369.8177
5607.673809795674,364.4665
5608.378680388622,355.3819
5608.980240635016,373.5084
5609.639306640626,373.8616
5610.384081229969,375.7347
5610.985841496395,364.3926
5611.587201722757,366.1956
5612.188861979167,365.4392
5612.790422225561,363.3077
5613.392082481972,368.8201
5613.993742738382,372.9678
5614.595302984777,366.7303
5615.196863231171,368.6227
5615.798623497597,369.6078
5616.400183743991,369.9708
5617.001743990385,372.8993
5617.603504256811,367.3669
5618.205164513222,378.1867
5618.8067247596155,376.9681
5619.408485026042,387.2613
5620.010145282452,371.866
5620.611905548879,380.5409
5621.213465795273,377.2178
5621.815226061699,385.1082
5622.416886318109,383.1405
5623.018446564503,375.9542
5623.620306840947,388.0569
5624.221967097356,379.0302
5624.823727363783,375.8552
5625.425487630209,375.35
5626.02714788662,371.8815
5626.628908153046,376.0248
5627.230568409456,380.2771
5627.832428685898,377.0351
5628.434188952324,371.9949
5629.036049228766,371.1054
5629.637609475161,362.98
5630.239769781651,361.8624
5630.841530048078,374.5761
5631.443190304489,371.26
5632.044950570914,363.4497
5632.646810847356,361.8692
5633.248671123799,365.1172
5633.8505314002405,360.4104
5634.452191656651,377.0995
5635.0542519531255,382.4121
5635.655912209536,386.858
5636.257772485978,381.4816
5636.8597327724365,375.6602
5637.461593048879,383.688
5638.063553335337,375.4391
5638.6654136117795,385.1825
5639.267273888222,379.2581
5639.86923417468,393.8606
5640.471094451123,387.5954
5641.073054737581,376.0873
5641.675115034055,372.2656
5642.276875300481,385.2384
5642.878935596956,377.9234
5643.480795873398,375.8606
5644.082756159856,368.3793
5644.684816456331,363.4077
5645.28677674279,355.4372
5645.888737029248,359.0255
5646.490697315706,357.428
5647.092657602165,361.3966
5647.694717898638,360.5502
5648.296678185096,351.2562
5648.898738481571,359.3174
5649.500898788061,344.8114
5650.242973106972,322.9529
5650.898638772036,325.7099
5651.500699068511,339.5315
5652.206469751603,363.1926
5652.91214042468,364.9874
5653.514200721154,367.8632
5654.116261017629,343.7105
5654.7758270733175,341.3083
5655.521301732773,346.2378
5656.123362029247,353.812
5656.725522335738,362.0808
5657.327682642227,369.4515
5657.929742938702,363.2931
5658.532003255208,360.9227
5659.134063551683,356.0406
5659.736223858174,363.0298
5660.338384164664,362.7839
5660.940444461138,365.9307
5661.542704777645,360.0705
5662.144865084136,371.3362
5662.747025390625,381.2464
5663.349285707132,382.7767
5663.951346003606,383.7447
5664.5536063201125,386.7858
5665.155766626603,387.6519
5665.75802694311,386.0862
5666.3601872496,376.0018
5666.962547576122,383.0379
5667.564707882612,381.3165
5668.166968199119,373.6408
5668.769228515625,380.6696
5669.371588842148,364.9441
5669.9737491486385,372.2476
5670.576009465144,359.8029
5671.178269781652,369.1456
5671.780530098157,362.7675
5672.382790414664,371.1764
5672.985150741187,368.3959
5673.587311047678,366.051
5674.189771384215,356.429
5674.792031700721,347.8942
5675.394392027244,340.5705
5675.996852363783,346.4616
5676.599012670273,346.5102
5677.201372996796,365.0744
5677.803633313301,366.7538
5678.406193659856,363.6309
5679.0085539863785,369.8567
5679.610814302885,362.6856
5680.21337464944,365.9461
5680.815634965946,359.2277
5681.418095302485,367.2588
5682.020555639023,379.8271
5682.622915965545,383.6669
5683.225276292068,374.9691
5683.8277366286065,377.3716
5684.430096955129,378.719
5685.032557291667,380.382
5685.635017628206,377.5126
5686.237477964744,381.2974
5686.839938301283,379.3595
5687.442298627805,367.3987
5688.044958984376,373.3902
5688.647419320913,371.6468
5689.249779647436,359.7635
5689.852339993991,370.0996
5690.45480033053,363.9957
5691.057360677084,371.8105
5691.659921023638,373.7819
5692.262481370193,376.1939
5692.864941706731,372.0254
5693.46740204327,362.0341
5694.0699623898245,363.553
5694.672622746394,361.4835
5695.275083082934,368.8183
5695.877643429488,365.1592
5696.480303786058,365.9544
5697.082864132613,362.7206
5697.6854244791675,359.3087
5698.428598908254,361.9196
5699.08496464343,350.1788
5699.687524989984,357.5242
5700.290285356571,362.312
5700.9965560897435,361.1643
5701.702926832933,363.0586
5702.305387169472,373.0274
5702.908247546075,371.682
5703.568313651844,366.1379
5704.314288361379,371.9258
5704.917048727964,366.525
5705.519709084536,373.5829
5706.1223694411065,375.5357
5706.725129807693,381.1374
5707.327790164263,376.0892
5707.930350510818,379.9465
5708.533210887421,382.3087
5709.135871243991,383.1955
5709.738631610578,381.851
5710.341291967148,380.3581
5710.94415234375,385.9821
5711.546812700321,388.7778
5712.1495730669085,384.1066
5712.75243344351,374.5689
5713.355193810097,379.941
5713.9579541766825,379.7989
5714.5607145432705,388.3316
5715.163574919872,375.0979
5715.766235276443,371.3621
5716.369095653045,384.9886
5716.971956029648,376.9381
5717.574716396234,371.6216
5718.177576772837,376.0374
5718.780337139424,366.9692
5719.383297526042,371.5168
5719.986057892629,379.1038
5720.588918269231,365.5465
5721.191878655851,374.1882
5721.794639022436,386.5469
5722.39749939904,379.6441
5723.000459785658,387.4462
5723.60332016226,380.2709
5724.206280548879,385.7216
5724.809040915466,380.2837
5725.412001302084,387.8083
5726.014861678686,383.4814
5726.617822065305,374.4969
5727.220882461939,372.4451
5727.823742838542,376.3269
5728.426703225161,367.5855
5729.029563601763,370.3111
5729.632523988382,370.3957
5730.235484375001,378.3567
5730.8385447716355,375.2576
5731.441505158254,375.134
5732.044365534856,378.9364
5732.647425931491,367.4012
5733.250486328126,377.1022
5733.85354672476,366.4745
5734.456407101363,362.8143
5735.0594674979975,372.6142
5735.662527894632,365.9632
5736.265588291267,368.6603
5736.868548677885,377.5764
5737.471509064504,382.8964
5738.074669471154,375.9018
5738.67772986779,366.6488
5739.280790264424,373.5032
5739.883950671075,368.353
5740.486911057693,361.3793
5741.090071464343,362.4203
5741.693131860978,370.3715
5742.296192257612,372.9905
5742.8993526642635,375.3831
5743.502513070915,388.509
5744.105573467548,380.469
5744.708833884216,370.4732
5745.31189428085,373.844
5745.915154697516,368.7066
5746.518215094151,371.1906
5747.121275490786,371.252
5747.724435897437,375.55
5748.327796324119,367.3708
5748.930856720754,373.5212
5749.534017127405,379.0031
5750.137177534055,375.2266
5750.881152043269,383.772
5751.538417868591,381.9023
5752.1414782652255,383.6166
5752.744838691908,380.9501
5753.451809495193,383.0884
5754.158680288462,377.319
5754.761940705129,375.6082
5755.3652011217955,375.9652
5756.025967297676,386.0016
5756.772742087341,378.3102
5757.376102514023,381.803
5757.97936293069,378.12
5758.582623347356,384.3688
5759.1859837740385,383.3792
5759.789244190705,379.9586
5760.392504607373,370.9785
5760.995865034055,368.2071
5761.599125450722,375.5021
5762.202485877405,375.7182
5762.805846304087,380.2941
5763.40920673077,383.8876
5764.012667167468,380.8792
5764.6159275841355,388.036
5765.219288010818,390.0743
5765.822548427484,378.3089
5766.426008864184,375.1694
5767.029469300882,378.1147
5767.6327297175485,371.1093
5768.236190154246,368.1218
5768.839650590947,379.5902
5769.443011017629,378.9663
5770.046371444311,373.6703
5770.6497318709935,381.0806
5771.253192307693,369.9866
5771.856652744391,372.0539
5772.46011318109,374.4725
5773.063473607773,371.5932
5773.667034054489,367.0189
5774.270494491187,370.6897
5774.874054937901,379.0105
5775.4775153745995,374.1946
5776.080975811298,378.2578
5776.684436247997,375.0722
5777.287996694712,368.2529
5777.891457131411,370.9758
5778.495017578125,377.2557
5779.098478014825,374.6467
5779.702038461539,371.3415
5780.305598908254,374.2453
5780.909159354969,375.4157
5781.512619791667,373.8937
5782.116280248398,371.6021
5782.719740685096,376.438
5783.323301131812,371.0173
5783.926861578526,363.69
5784.5305220352575,355.4963
5785.134082481971,367.609
5785.737642928686,378.1529
5786.341403395434,368.2492
5786.944963842148,378.7002
5787.548524288863,377.5705
5788.152084735578,371.3646
5788.7557451923085,375.5835
5789.359405649038,354.731
5789.962966095754,361.1341
5790.566626552485,366.5143
5791.170287009215,371.9794
5791.774047475963,368.1036
5792.377607922676,363.4589
5792.981368389424,369.4164
5793.585028846154,369.5748
5794.188689302885,373.1894
5794.792349759617,364.0166
5795.396110226363,354.5809
5795.999870693109,356.0784
5796.603531149841,356.9013
5797.207291616587,364.989
5797.811052083334,364.4289
5798.414712540064,371.7926
5799.018473006811,371.8261
5799.6222334735585,372.2812
5800.225993940305,376.6914
5800.829754407052,369.2192
5801.433414863783,367.8534
5802.037275340545,368.8626
5802.640935797276,379.8933
5803.244896284055,379.4357
5803.848656750802,378.8103
5804.452517227564,360.7153
5805.056277694312,373.0196
5805.660138171074,376.8112
5806.263898637821,381.7599
5806.867759114583,381.421
5807.471619591347,372.1806
5808.216294170674,371.4335
5808.874160056091,376.1973
5809.477920522837,370.4434
5810.0817809996,378.2748
5810.789651893029,381.0382
5811.497322766427,381.9492
5812.1011832431905,377.0165
5812.705043719953,384.6222
5813.309004206732,385.604
5813.970470452726,382.9246
5814.718145332532,372.1114
5815.322005809295,377.6593
5815.92606630609,379.2552
5816.529926782853,377.769
5817.1338872696315,381.1135
5817.737847756411,376.4549
5818.34180824319,384.7428
5818.945768729968,383.7819
5819.549729216747,378.8014
5820.153789713542,377.378
5820.7577502003205,391.1866
5821.3617106871,385.3701
5821.9657711838945,379.5327
5822.569731670674,374.7918
5823.173792167469,382.2102
5823.777752654247,384.4885
5824.3818131510425,383.7273
5824.985873647837,373.587
5825.5898341346165,375.8273
5826.19389463141,378.051
5826.797955128206,377.8417
5827.402015625,380.2922
5828.006076121796,378.9364
5828.610136618589,391.1362
5829.214197115385,373.1785
5829.81825761218,375.4824
5830.422318108975,380.4421
5831.026478615786,378.2253
5831.630539112582,384.8118
5832.234699619392,381.3579
5832.838860126203,381.9451
5833.442920622998,367.7695
5834.047081129809,376.2337
5834.651241636619,372.316
5835.255302133414,377.6087
5835.859462640225,375.4473
5836.463623147036,378.6786
5837.067783653846,366.3561
5837.671944160658,375.3636
5838.276104667469,372.0891
5838.880365184296,361.5794
5839.484525691106,358.2281
5840.088686197917,355.852
5840.692946714744,369.7197
5841.297107221555,364.4751
5841.901367738383,361.7612
5842.505528245193,357.7536
5843.10978876202,353.0347
5843.71394926883,350.5307
5844.3183097956735,349.7011
5844.922470302484,341.071
5845.526830829327,342.1628
5846.130991336139,363.1105
5846.735351862982,373.176
5847.3396123798075,371.0851
5847.943872896634,360.8887
5848.548133413463,365.5993
5849.15239393029,361.2229
5849.756754457132,367.3866
5850.361014973958,374.5153
5850.965375500801,368.0245
5851.569636017628,368.5309
5852.174096554488,374.485
5852.778357071315,379.9605
5853.382717598158,369.5066
5853.987178135016,376.0806
5854.591338641828,373.2282
5855.195799178687,382.3695
5855.80015970553,377.4681
5856.404520232372,395.3236
5857.008880759216,383.2878
5857.613241286059,383.7375
5858.217601812902,378.8922
5858.82206234976,373.434
5859.42652288662,376.0539
5860.030883413463,386.5972
5860.635343950321,394.7393
5861.239704477163,396.5081
5861.844165014023,393.4597
5862.448625550882,390.9187
5863.052986077725,400.387
5863.6575466246,397.9281
5864.261907151443,411.3851
5864.8663676883025,406.2596
5865.470828225161,410.4557
5866.075088741988,405.5319
5866.679749298879,388.593
5867.284309845754,376.576
5867.888870392629,379.0418
5868.4933309294875,385.0403
5869.097891476364,376.5505
5869.702352013222,378.1956
5870.30681255008,381.1374
5870.91127308694,378.0391
5871.515933643831,373.1577
5872.120494190705,369.8077
5872.865868840145,381.1224
5873.524434795674,370.9389
5874.1289953425485,362.7243
5874.733555889424,357.9987
5875.442226862981,353.5221
5876.150697816508,345.3646
5876.7552583633815,344.4457
5877.359818910257,341.7096
5877.9644794671485,340.7362
5878.569140024039,337.7429
5879.231406350161,343.3041
5879.980081330129,332.3114
5880.58474188702,298.289
5881.189402443911,273.9187
5881.7940630008015,268.0661
5882.398723557692,297.7306
5883.003384114584,325.0316
5883.608044671475,338.6551
5884.212705228366,345.9967
5884.817365785257,341.44
5885.422126352164,349.1005
5886.026686899039,335.8412
5886.631447465947,316.4737
5887.236108022837,309.5985
5887.840868589744,310.3836
5888.445529146636,324.2419
5889.0503897235585,321.5871
5889.655050280449,319.0343
5890.259710837339,334.4732
5890.8644714042475,363.6974
5891.469231971155,370.5581
5892.074092548078,361.4491
5892.678753104969,375.003
5893.283513671875,374.9887
5893.888274238782,373.1569
5894.49303480569,363.6683
5895.0978953826125,336.592
5895.70265594952,341.1144
5896.307516526443,351.9308
5896.912277093351,369.1713
5897.517137670272,371.2615
5898.121798227165,369.4844
5898.726658804087,381.3659
5899.33151938101,361.264
5899.936379957934,363.7178
5900.541240534857,364.7393
5901.146101111779,365.0618
5901.750961688702,373.8064
5902.355822265626,373.8694
5902.9606828425485,381.4478
5903.565543419472,380.23
5904.170403996394,382.898
5904.775264573318,375.9198
5905.380225160257,377.7608
5905.98508573718,373.7623
5906.590046324119,379.8337
5907.1949069010425,370.6127
5907.799867487981,372.0731
5908.404828074921,372.1848
5909.009688651844,377.6485
5909.6146492387825,376.2223
5910.219609825722,382.2205
5910.824570412661,380.6344
5911.4295309996,380.6018
5912.034491586539,376.5571
5912.639452173478,375.7472
5913.244412760418,375.0345
5913.84927333734,377.2648
5914.454433944312,369.6249
5915.05939453125,364.4048
5915.664455128205,375.4399
5916.269415715145,375.1391
5916.874476312099,381.7872
5917.47943689904,377.8114
5918.084497495994,367.1146
5918.689458082934,366.6568
5919.294518679888,357.2382
5919.899579276844,368.4686
5920.504539863783,366.5039
5921.1097004707535,363.2766
5921.714761067708,370.281
5922.319821664664,372.6477
5922.924882261619,374.8706
5923.529942858574,377.5605
5924.135103465545,377.4609
5924.740164062501,373.5542
5925.345224659455,370.8981
5925.950385266427,369.2001
5926.555545873398,381.7221
5927.16070648037,379.0944
5927.765767077324,369.7761
5928.370927684296,376.7057
5928.9759882812505,374.6874
5929.581148888221,383.6806
5930.186309495194,376.1759
5930.791470102165,382.7987
5931.396630709135,379.1881
5932.001891326123,369.8833
5932.606951923078,376.3373
5933.21231255008,365.2421
5933.8174731570525,377.412
5934.4225337540065,369.0161
5935.027894381011,380.2704
5935.632954977965,371.5327
5936.238215594952,378.8252
5936.843376201924,374.4685
5937.448636818911,368.2885
5938.053997445914,377.6132
5938.659158052886,370.2877
5939.264318659856,369.2964
5939.869579276843,369.5511
5940.474839893831,363.0224
5941.080100510818,369.023
5941.685461137821,362.5348
5942.290721754809,369.2269
5942.895982371795,375.2634
5943.501242988782,365.2341
5944.106603615786,369.4662
5944.711864232773,368.096
5945.31712484976,371.7388
5945.922485476764,376.6647
5946.668860226363,374.2533
5947.328326272035,367.7628
5947.933586889023,367.2226
5948.5389475160255,370.3777
5949.14430814303,372.4422
5949.853879206731,376.2422
5950.563150240386,377.6812
5951.168510867389,377.7025
5951.773871494392,374.2942
5952.379332131411,379.7845
5952.984592748398,374.6587
5953.590053385417,373.0291
5954.253319811699,380.4692
5955.002894881812,382.7874
5955.608355518832,384.3245
5956.213716145833,374.3605
5956.819176782853,376.8699
5957.424637419873,373.2587
5958.029998046875,373.6934
5958.635558693911,375.1286
5959.240919320914,378.4749
5959.846379957933,380.0285
5960.451840594953,377.6903
5961.0574012419875,379.112
5961.662761868991,389.5881
5962.268322516026,377.8271
5962.873783153046,380.9091
5963.479243790064,378.7001
5964.0848044371,377.0932
5964.6902650741185,374.4219
5965.295825721155,379.1672
5965.901286358174,369.666
5966.506847005209,374.924
5967.112307642227,373.0298
5967.717868289264,370.3304
5968.323428936299,372.7723
5968.9289895833335,368.0672
5969.534450220353,364.4319
5970.140010867388,364.0309
5970.74567152444,363.9692
5971.351232171475,375.1928
5971.956792818511,383.0388
5972.56225345553,378.7546
5973.168014122597,375.0049
5973.7735747696315,367.0801
5974.379135416667,374.7119
5974.98479607372,363.8389
5975.590356720754,358.8678
5976.196017377805,363.5654
5976.801678034856,366.3338
5977.407238681892,369.3689
5978.012899338943,364.5066
5978.618559995994,368.6833
5979.224220653045,365.4952
5979.829881310096,372.376
5980.435541967147,373.9686
5981.041102614184,364.3805
5981.646863281251,368.101
5982.252523938302,364.7319
5982.85828460537,366.3189
5983.463945262421,378.6858
5984.069605919472,378.4986
5984.675266576523,379.8867
5985.281127253606,366.9086
5985.886787910657,384.2833
5986.492348557693,373.5503
5987.098309244792,377.1774
5987.703969901843,369.6913
5988.309630558894,363.233
5988.915591245995,368.8334
5989.521151893029,371.1404
5990.126812550081,375.6854
5990.732673227165,371.6364
5991.3384338942315,369.5926
5991.944194561299,373.3685
5992.549955228366,361.1314
5993.155715895434,358.7023
5993.761576572517,356.468
5994.3674372496,362.4178
5994.973197916667,368.1174
5995.579058593751,369.2575
5996.184919270833,373.1089
5996.790679937901,370.3323
5997.396440604968,366.6872
5998.002401292068,364.1138
5998.608261969151,368.9112
5999.214022636218,361.4356
5999.819883313302,367.4162
6000.425743990385,373.5532
6001.031704677484,370.9521
6001.637465344552,363.3328
6002.243326021636,366.989
6002.849286708735,361.5345
6003.455147385818,365.6977
6004.061008062902,369.64
6004.666968750001,362.7394
6005.272829427085,365.7979
6005.878790114183,363.0771
6006.484650791267,371.2771
6007.090511468351,356.7801
6007.696572165466,362.9573
6008.302532852565,362.6032
6008.9083935296485,357.0473
6009.514354216748,367.8128
6010.120314903847,364.6301
6010.7263756009625,361.5163
6011.3322362780455,361.0442
6011.938196965146,369.8411
6012.54425766226,360.5643
6013.1502183493585,364.8758
6013.756279046475,369.7063
6014.362239733574,370.8109
6014.968200420673,368.9403
6015.574161107773,363.5925
6016.180221804888,370.2871
6016.786182491988,361.9143
6017.392243189103,367.1249
6017.998203876202,361.9974
6018.604264573318,369.4546
6019.210425280449,363.847
6019.816485977565,368.5356
6020.422446664664,374.4102
6021.02850736178,372.8118
6021.634668068911,376.9248
6022.240728766026,366.1072
6022.846789463142,367.6591
6023.452850160256,373.1641
6024.058910857372,373.7749
6024.664971554487,378.1878
6025.271132261619,367.9666
6025.87729296875,372.7603
6026.483353665865,371.6447
6027.089514372997,371.0701
6027.695675080128,368.9168
6028.301735777245,373.8994
6028.907896484377,373.2335
6029.514057191508,374.9714
6030.120017878606,366.5205
6030.72637860577,369.3142
6031.332439302885,372.2146
6031.938700020033,365.7193
6032.544860727165,371.1639
6033.151021434296,372.3565
6033.757282151443,386.576
6034.363242838543,366.4388
6035.110917718351,370.5414
6035.771383864184,372.4387
6036.377644581332,373.705
6036.983905298477,374.2969
6037.590066005609,366.6096
6038.196326722757,369.091
6038.9067978766025,373.8726
6039.617069010417,366.2815
6040.223429737581,363.4712
6040.829590444712,367.2657
6041.435851161859,366.6564
6042.042211889023,367.4549
6042.648472606171,374.0812
6043.254733323319,365.6557
6043.860994040465,364.3707
6044.525060546876,367.0346
6045.27583573718,375.2691
6045.882096454327,381.3344
6046.488257161459,370.5103
6047.094717898638,378.6258
6047.701078625802,379.664
6048.307439352965,375.2802
6048.913700070112,372.2159
6049.5200607972765,375.1053
6050.126421524439,368.3531
6050.732682241587,358.2387
6051.339042968751,362.3038
6051.94550370593,375.2721
6052.551764423078,365.3262
6053.158125150241,374.0127
6053.764585887421,368.9491
6054.370946614585,372.8278
6054.977307341747,370.5147
6055.583668068911,374.1903
6056.190128806091,373.3806
6056.796489533254,369.5597
6057.402850260417,374.3501
6058.009310997597,378.8049
6058.61567172476,378.6535
6059.22213246194,370.2055
6059.828593199119,381.1242
6060.435153946314,376.3978
6061.041514673479,365.9797
6061.647975410658,373.1198
6062.254436147837,376.6748
6062.860896885017,375.9742
6063.467357622196,369.6621
6064.073918369391,371.2544
6064.680279096555,373.196
6065.28683984375,363.9145
6065.89330058093,367.3796
6066.499661308093,375.4379
6067.106322065305,368.4625
6067.712782802484,365.489
6068.319243539665,364.0023
6068.92580428686,358.9457
6069.532365034055,356.4409
6070.13872576122,360.659
6070.745286508414,363.912
6071.351947265626,360.9317
6071.958408002805,366.6098
6072.56496875,366.1986
6073.171629507212,355.0462
6073.7781902544075,362.6012
6074.384751001602,361.542
6074.991311748799,359.0054
6075.597872495995,365.7383
6076.204533253205,363.2279
6076.810993990385,365.8876
6077.417654747597,366.9885
6078.024215494792,362.7149
6078.630876252004,368.6052
6079.237436999199,379.4648
6079.8440977564105,364.6318
6080.450658503606,359.2469
6081.057319260818,369.7301
6081.664080028046,362.926
6082.270640775241,373.3751
6082.877301532453,361.7667
6083.483962289664,364.9853
6084.09052303686,362.7848
6084.697283804088,368.1082
6085.303844551283,371.0491
6085.91060531851,373.0755
6086.517266075721,364.8318
6087.123926832933,362.3929
6087.730587590145,359.1528
6088.337248347356,353.3541
6088.944109124601,363.2179
6089.550769881812,355.3677
6090.157530649039,359.031
6090.764091396234,358.8937
6091.370952173478,360.6285
6091.97761293069,353.6182
6092.584273687902,355.2196
6093.191134465144,354.5068
6093.797895232373,357.0061
6094.4046559995995,364.7659
6095.011416766827,368.8831
6095.618177534055,369.812
6096.224938301283,358.7413
6096.831699068511,365.3879
6097.438359825721,369.4426
6098.045320612981,366.1511
6098.652081380208,368.5189
6099.258842147437,365.8564
6099.86570292468,363.684
6100.472463691907,370.0534
6101.079324469152,367.7047
6101.686185246394,368.1002
6102.292946013623,368.6895
6102.899806790866,365.2133
6103.50666756811,361.2833
6104.113528345353,358.1494
6104.720289112581,357.9268
6105.327149889824,368.3927
6105.934010667068,362.1995
6106.5409714543275,355.8164
6107.1476322115395,349.8275
6107.754592998799,360.776
6108.361553786058,362.8788
6108.968514573317,359.1317
6109.575275340545,365.7643
6110.1822361278055,354.5801
6110.789196915065,357.8439
6111.396057692308,352.112
6112.002818459536,349.0621
6112.609879256812,351.2888
6113.216740034055,351.7901
6113.823800831332,356.4292
6114.430661608574,368.3396
6115.037622395834,358.115
6115.644483173078,364.7635
6116.251543970354,359.1965
6116.858404747596,358.8499
6117.4653655348575,363.2627
6118.072426332133,368.3379
6118.679387119391,368.2363
6119.286347906651,364.5351
6119.893208683895,359.7288
6120.500269481171,355.3483
6121.107330278446,356.0128
6121.714391075722,346.9782
6122.321351862981,345.3252
6122.928412660257,346.111
6123.535373447517,352.4611
6124.142234224761,359.9572
6124.749395032052,348.5749
6125.356455829328,348.0563
6125.963516626603,342.1399
6126.570577423879,340.1143
6127.177638221155,330.5703
6127.784498998398,331.9536
6128.391759815706,330.3733
6128.9987206029655,346.5784
6129.605881410258,353.3231
6130.212942207533,348.9953
6130.820003004808,362.7281
6131.427063802084,340.1027
6132.034224609376,329.7918
6132.641285406652,322.9678
6133.248446213944,345.9939
6133.85550701122,353.9263
6134.462567808495,349.8902
6135.069728615786,351.0672
6135.676889423077,349.0239
6136.284050230369,343.8878
6136.891111027645,354.9725
6137.49817182492,349.3769
6138.105432642228,355.4425
6138.71259344952,348.1216
6139.319754256811,353.1413
6139.926915064103,352.4311
6140.533975861379,353.7233
6141.141236678686,363.074
6141.748497495994,356.0032
6142.355658303286,356.5443
6142.962719100561,363.2993
6143.56997991787,368.6178
6144.177340745193,362.4744
6144.784401542468,354.5882
6145.391662359777,353.8895
6145.998823167069,341.5813
6146.605983974359,329.7888
6147.213244791667,331.9477
6147.8205056089755,341.9553
6148.427766426283,340.6504
6149.035027243591,340.3124
6149.642288060898,347.497
6150.391163060898,344.5381
6151.052729316908,343.3447
6151.659990134215,341.0506
6152.267250951523,342.6391
6152.874511768831,343.7949
6153.481872596155,348.136
6154.089133413462,354.0622
6154.696394230769,350.2127
6155.303755058093,357.5611
6156.015626352164,361.6518
6156.727297626203,358.5268
6157.334658453526,359.4677
6157.942119290865,362.6195
6158.549380108174,356.6327
6159.1567409354975,360.4068
6159.764101762821,361.8171
6160.371362580129,356.1887
6160.978723407453,356.3308
6161.586084234776,353.0446
6162.1934450621,353.0058
6162.800805889424,366.6751
6163.466072516026,353.2644
6164.217947816507,357.2901
6164.825308643832,358.7837
6165.432769481171,366.631
6166.040030298477,360.9567
6166.647391125803,359.843
6167.254951973158,360.4811
6167.862312800481,368.4011
6168.469673627805,362.1881
6169.077134465146,359.028
6169.6844952924685,363.7644
6170.291956129809,372.1816
6170.899416967148,358.8074
6171.506877804488,360.1851
6172.114338641827,366.5561
6172.721799479167,366.1231
6173.329160306491,368.0735
6173.936621143831,365.5015
6174.544181991187,364.4762
6175.151642828526,366.3552
6175.759103665865,358.0431
6176.3664644931905,347.2314
6176.974025340546,359.8778
6177.581586187902,359.2672
6178.189047025241,361.8979
6178.796607872597,360.3728
6179.404068709937,367.562
6180.0116295572925,367.3193
6180.619090394633,356.2913
6181.226651241988,375.2836
6181.8341120793275,369.4581
6182.4417729367005,359.0664
6183.04923377404,370.5321
6183.656794621395,362.9116
6184.264255458735,362.0853
6184.87181630609,359.8998
6185.479477163462,350.9952
6186.087038010818,355.3129
6186.694598858174,355.7008
6187.302159705529,365.9747
6187.909720552885,367.943
6188.517381410257,364.2604
6189.124842247597,365.149
6189.7325031049695,365.6768
6190.340063952324,363.265
6190.9477248096955,364.9059
6191.555385667068,365.7499
6192.162946514423,363.6831
6192.770607371796,365.4815
6193.378268229168,370.7724
6193.985829076523,366.2938
6194.593489933895,368.6779
6195.201150791267,368.3298
6195.808811648638,366.491
6196.4165725160265,368.9071
6197.024233373398,364.2613
6197.631794220754,360.6522
6198.2394550781255,354.8212
6198.847115935498,362.5435
6199.454876802885,361.5174
6200.062537660257,359.5206
6200.670198517629,360.9354
6201.277859375,366.101
6201.885520232373,360.9506
6202.49328109976,361.2486
6203.101041967148,357.6562
6203.7087028245205,352.1856
6204.316463691907,356.0851
6204.924224559296,353.2426
6205.531985426683,359.5954
6206.139646284055,366.1082
6206.747307141426,361.3943
6207.35516801883,362.7276
6207.962828876202,362.5899
6208.570689753607,363.3753
6209.178450620994,361.605
6209.786211488383,358.6522
6210.3937723357385,357.018
6211.001733223158,357.4039
6211.609494090545,363.7033
6212.217354967949,355.9617
6212.825215845353,351.8127
6213.432976712741,353.3816
6214.040737580128,359.2572
6214.6483984375,351.1653
6215.25635932492,354.8179
6215.864120192308,350.4732
6216.4719810697125,350.5626
6217.079841947117,350.2627
6217.68770282452,353.4252
6218.295563701924,358.9672
6218.903324569312,355.5398
6219.5112854567315,359.983
6220.11904632412,351.6652
6220.726907201523,360.7679
6221.334768078927,359.6109
6221.942628956331,353.388
6222.550489833735,360.8481
6223.15855073117,356.8985
6223.766211588542,345.833
6224.374072465946,346.559
6224.982033353365,346.6742
6225.58989423077,357.9903
6226.19785511819,356.6263
6226.80581600561,351.3097
6227.413676883013,356.1885
6228.021637770433,343.3293
6228.629598657853,339.073
6229.237459535257,338.7389
6229.845320412661,329.3485
6230.453281300081,338.1501
6231.061142177485,328.9869
6231.6693030849365,347.9348
6232.277163962341,341.535
6232.88512484976,345.3496
6233.493185747197,343.5852
6234.101146634616,347.2064
6234.709207532052,338.9129
6235.317068409456,337.813
6235.925029296876,326.8471
6236.533090194312,328.3955
6237.141051081732,329.681
6237.7491119791675,327.7443
6238.357072866587,329.3636
6238.965033754007,349.5809
6239.573094651443,351.5915
6240.180955528846,359.3198
6240.789116436299,350.4988
6241.397177333735,350.7857
6242.005138221154,349.9645
6242.613299128606,348.0614
6243.221360026042,352.5762
6243.829320913462,353.7292
6244.437381810898,346.5666
6245.045442708334,354.8307
6245.65350360577,349.4446
6246.261664513221,350.7746
6246.869725410657,350.9338
6247.4777863080935,351.8364
6248.08584720553,349.7341
6248.693908102966,360.0391
6249.302069010418,357.3189
6249.910129907854,350.3856
6250.518090795274,357.7842
6251.126451722756,356.3471
6251.734512620193,364.7364
6252.342573517629,351.6691
6252.950634415065,356.2831
6253.558995342549,351.8223
6254.1669562299685,363.0487
6254.775217147437,352.4129
6255.383278044873,357.1206
6255.991438952325,357.1462
6256.5995998597755,358.3234
6257.207760767228,368.5515
6257.816021684696,364.1315
6258.4240825821325,366.5315
6259.032243489583,363.3086
6259.640404397036,367.3091
6260.248665314503,359.8012
6260.8567262119395,365.3456
6261.464987129408,369.114
6262.073248046875,368.8619
6262.681408954327,359.742
6263.289669871796,354.0913
6263.897930789263,354.2586
6264.506091696716,352.4072
6265.114352614183,354.8786
6265.722513521635,356.6536
6266.330874449119,356.3611
6266.9390353565705,354.3121
6267.547196264023,361.1172
6268.15545718149,359.081
6268.763818108976,363.1216
6269.371879006411,349.7102
6269.980239933894,342.8079
6270.588500851362,347.4279
6271.196761768831,357.7183
6271.805122696314,362.766
6272.413283603767,367.4583
6273.021644531251,365.1279
6273.629905448718,369.8514
6274.238166366186,369.2631
6274.8464272836545,359.3123
6275.454888221155,362.6278
6276.063149138622,352.0791
6276.67141005609,331.3541
6277.279770983574,332.3731
6277.888131911058,335.65
6278.4964928385425,338.898
6279.104853766026,353.9677
6279.71321469351,354.0832
6280.321475610978,347.2042
6280.929736528446,339.5846
6281.538197465946,335.5024
6282.1465583934305,338.5418
6282.755119340946,334.2076
6283.363280248398,342.6679
6283.971741185898,336.8017
6284.5800021033665,341.9802
6285.188463040866,343.222
6285.79682396835,341.9012
6286.405184895834,334.8597
6287.013545823318,337.5468
6287.622006760818,343.8114
6288.230467698318,345.2273
6288.838828625801,341.6221
6289.447389573318,344.5578
6290.055650490786,345.9596
6290.664111428286,344.5546
6291.272572365786,346.9544
6291.881033303286,347.3723
6292.489494240786,347.9608
6293.097855168269,350.5791
6293.7063161057695,357.4113
6294.314777043271,352.3907
6294.9233379907855,343.6201
6295.53169891827,350.9122
6296.140259865786,347.5835
6296.748720803286,362.6487
6297.357181740786,354.9556
6297.965642678286,352.1096
6298.5742036258025,350.1119
6299.182664563303,346.9968
6299.791125500802,341.5639
6300.399586438302,337.0456
6301.008147385818,342.5489
6301.616708333334,344.6966
6302.225169270834,339.0878
6302.833730218351,348.3732
6303.442291165866,350.4764
6304.050752103366,342.2601
6304.659313050882,345.7768
6305.2678739983985,352.1107
6305.876434945913,342.6814
6306.48499589343,343.3751
6307.093556840947,346.5043
6307.702117788462,354.3915
6308.310678735978,346.8292
6308.919139673479,354.3488
6309.52780063101,346.0464
6310.136361578526,349.723
6310.745022536059,343.4699
6311.353583483574,341.7287
6311.962144431091,361.0513
6312.570705378606,359.7452
6313.179366336138,365.9622
6313.788027293671,362.6173
6314.396588241187,360.4512
6315.005249198718,360.1972
6315.613810146235,358.6815
6316.222471103767,358.0942
6316.831132061298,360.9833
6317.439793018831,360.0277
6318.048353966347,356.3938
6318.657214943911,352.4214
6319.2657758914265,351.1675
6319.874336838943,349.7777
6320.4829977964755,353.4986
6321.091658754007,352.1764
6321.700319711539,355.0498
6322.309080679087,355.2707
6322.917741636619,344.4567
6323.5264025941515,351.919
6324.134963541667,361.1356
6324.743824519232,355.5355
6325.352685496795,359.2415
6325.961246444312,357.4576
6326.569907401844,358.8633
6327.178668369392,352.7436
6327.787329326924,351.1347
6328.396090294472,355.285
6329.004851262021,367.0127
6329.613512219551,357.6756
6330.222373197115,354.9692
6330.8310341546485,357.4226
6331.439795122195,355.138
6332.048456079729,351.6222
6332.657317057292,354.0165
6333.266078024841,353.7847
6333.874738982372,357.6505
6334.483599959936,352.0576
6335.092360927485,359.9239
6335.701021885016,351.3181
6336.309882862581,358.7652
6336.918743840144,340.816
6337.527504807693,326.9959
6338.136165765225,344.065
6338.745126752805,358.1712
6339.353887720354,359.5486
6339.962648687901,356.9622
6340.571509665465,365.4144
6341.180370643029,367.5387
6341.789131610578,358.6281
6342.397992588142,357.1814
6343.0068535657065,349.3112
6343.615714543271,357.3033
6344.224575520834,353.3674
6344.833436498398,347.0323
6345.442197465946,351.2906
6346.051058443511,348.3264
6346.66001943109,353.307
6347.268880408655,359.2786
6347.8776413762025,355.0672
6348.486602363783,348.2172
6349.095463341347,350.3779
6349.704324318911,347.7745
6350.313385316506,351.4377
6350.922146284055,350.1976
6351.530907251604,351.6597
6352.282082481972,357.8572
6352.945648938302,353.7277
6353.554609925883,357.6071
6354.163470903446,355.1412
6354.77233188101,348.8188
6355.381292868591,353.3611
6355.99025385617,353.2889
6356.599114833734,358.3633
6357.208175831331,351.8316
6357.817036808895,357.7156
6358.426097806491,356.5245
6359.034958784055,348.9847
6359.6439197716345,349.9197
6360.252980769231,347.0492
6360.861841746795,346.4549
6361.470902744391,340.0891
6362.079863731971,341.8997
6362.688824719551,357.3515
6363.297885717148,355.5002
6363.906846704728,364.2974
6364.515807692308,352.5247
6365.124868689904,359.129
6365.733829677485,356.8466
6366.342790665065,354.7116
6366.951851662661,355.9715
6367.665623147036,352.0496
6368.379494641426,353.9501
6368.988655649039,353.2064
6369.59761663662,351.1952
6370.206677634214,352.9205
6370.815738631812,356.5137
6371.424799629407,359.9124
6372.033860627004,358.3017
6372.642921624601,353.898
6373.251982622196,355.1735
6373.861043619792,344.7632
6374.470104617388,339.8692
6375.079265625001,348.4555
6375.688326622596,346.3655
6376.297287610177,340.4286
6376.906448617789,346.2526
6377.515509615386,353.5701
6378.124670622997,351.3212
6378.7338316306095,354.3194
6379.342892628206,346.6853
6379.951953625802,350.7941
6380.561114633414,342.5784
6381.170275641027,349.4799
6381.779336638622,349.0252
6382.388497646235,352.0317
6382.99755864383,349.3464
6383.606819661459,343.452
6384.215880659055,347.7349
6384.825141676683,346.6822
6385.434302684295,353.0966
6386.043363681892,356.2427
6386.65262469952,362.5253
6387.261785707132,351.8674
6387.870946714744,355.0463
6388.4801077223565,358.7903
6389.089368739984,351.0892
6389.69842973758,352.8607
6390.3076907552095,356.061
6390.91685176282,353.4581
6391.583818559696,357.1483
6392.337694060498,349.9462
6392.9468550681095,347.0285
6393.556216095754,352.3903
6394.165477113382,360.1234
6394.7746381209945,346.8687
6395.383899138623,350.6739
6395.993260166267,343.2859
6396.602321163862,342.5317
6397.2115821814905,346.4237
6397.820843199119,346.5938
6398.430104216747,347.2339
6399.039365234376,349.0655
6399.648626252004,348.9669
6400.257887269631,350.8661
6400.8671482872605,352.2324
6401.476509314904,347.1205
6402.085670322516,347.4896
6402.695131360177,352.2838
6403.304292367789,343.5104
6403.913553385417,347.3022
6404.52271439303,337.4053
6405.13217543069,340.0089
6405.7414364483175,343.1242
6406.350797475962,342.3919
6406.960058493591,337.1404
6407.5694195212345,340.6945
6408.178780548879,341.0602
6408.788041566507,357.6932
6409.397402594152,358.0542
6410.00666361178,345.2483
6410.615924629407,353.1301
6411.225385667068,350.4174
6411.834846704727,349.1465
6412.444207732372,353.79
6413.05346875,353.8025
6413.662729767629,356.1242
6414.2720907952735,341.4496
6414.881551832933,344.903
6415.490912860577,345.0956
6416.100273888222,341.6518
6416.709734925883,333.455
6417.319095953527,347.4654
6417.928456981171,343.7553
6418.5378180088155,352.4407
6419.147279046475,348.5857
6419.756640074119,349.0847
6420.366101111779,344.288
6420.975462139424,346.616
6421.5849231770835,346.9985
6422.194384214744,332.0522
6422.803745242388,329.4007
6423.413206280049,339.8305
6424.022567307693,340.4763
6424.632028345352,340.3116
6425.241489383013,355.8403
6425.8510504306905,351.0153
6426.4604114583335,352.0134
6427.069872495994,349.117
6427.679333533654,346.2909
6428.288894581331,348.2991
6428.898355618991,341.4036
6429.507716646635,340.8201
6430.117277694311,347.6333
6430.726738731972,355.4622
6431.336199769633,361.1067
6431.945660807292,351.1374
6432.555121844952,350.109
6433.164782902644,347.1685
6433.7742439403055,346.76
6434.383904997997,345.0088
6434.993266025642,348.7855
6435.602827073318,354.9383
6436.212388120994,351.8062
6436.821849158655,350.1066
6437.431410206331,354.7827
6438.040871243991,354.985
6438.650632311699,354.4159
6439.259993339343,338.1011
6439.86955438702,336.8694
6440.479115434697,335.0998
6441.088776492388,335.0908
6441.698237530049,344.3291
6442.3077985777245,348.9435
6442.917359625402,348.5663
6443.526920673077,352.792
6444.136581730771,340.8545
6444.7461427784465,340.2598
6445.355703826122,341.9408
6445.965264873798,317.9948
6446.57472591146,305.3567
6447.184586989183,318.7676
6447.7940480268435,332.9433
6448.403709084536,345.7504
6449.013370142228,350.9604
6449.622931189904,350.5842
6450.232592247597,354.8269
6450.842153295273,349.6652
6451.451814352966,350.8794
6452.061475410657,349.8769
6452.671136468351,334.8732
6453.280697516026,335.8605
6453.8904585837345,345.6851
6454.500219651442,348.5659
6455.10978069912,348.3672
6455.719341746795,343.2591
6456.329002804488,345.4469
6456.93866386218,346.5146
6457.548524939904,348.4655
6458.15808598758,359.8652
6458.767747045274,345.4377
6459.377408102965,345.3509
6459.986969150642,348.8669
6460.596830228366,347.4214
6461.206491286059,344.5317
6461.816352363783,345.1687
6462.426013421475,340.434
6463.035674479167,346.0217
6463.6453355368585,346.86
6464.255096604568,348.286
6466.0842797976775,342.1357
6466.694040865385,341.928
6467.303801933093,340.9466
6467.913563000802,346.1712
6468.52332406851,354.4645
6469.133085136218,346.6921
6469.742846203927,347.9236
6470.352607271635,350.6361
6470.96246834936,349.2986
6471.572129407053,349.9636
6472.181890474761,339.3159
6472.791751552485,340.085
6473.401512620193,342.0842
6474.011273687902,348.2064
6474.62103475561,335.7375
6475.230795823318,334.4421
6475.840656901042,336.8669
6476.450417968751,339.6116
6477.060279046475,325.0026
6477.670140124199,329.1028
6478.280001201923,323.6806
6478.889662259616,316.8943
6479.499623347356,317.1987
6480.109484425081,309.1549
6480.71924549279,308.3516
6481.329206580529,308.9605
6481.939067658254,306.7456
6482.548828725962,304.4139
6483.158689803687,306.486
6483.768550881411,305.428
6484.3784119591355,317.9926
6484.9881730268435,317.1053
6485.598134114583,320.3114
6486.207995192308,315.5493
6486.817956280049,321.3619
6487.427717347758,323.9469
6488.037678435498,338.659
6488.647639523238,333.9333
6489.257500600962,333.4852
6489.867461688702,336.8106
6490.477322766426,335.1283
6491.087183844152,342.9886
6491.697144931891,348.6819
6492.307106019632,345.0787
6492.916967097356,346.7977
6493.526928185096,355.163
6494.136889272837,357.7127
6494.746750350561,353.7826
6495.356711438301,350.6652
6495.966672526042,356.9734
6496.576533603767,351.1957
6497.186594701523,359.0599
6497.796555789264,359.9764
6498.406516877004,354.9953
6499.016477964744,350.559
6499.626339042468,348.928
6500.236400140225,348.5106
6500.846361227966,349.8704
6501.456422325722,338.6975
6502.066383413463,347.3374
6502.676344501202,344.8229
6503.286405598959,349.4943
6503.896466696716,346.5217
6504.50632777444,354.5838
6505.116388872197,355.3083
6505.726449969952,344.5221
6506.336411057693,342.7907
6506.946372145434,349.2686
6507.55643324319,357.3211
6508.166494340946,361.7344
6508.776555438703,349.6191
6509.386516526443,353.7639
6509.9965776242,355.8082
6510.606638721955,350.5642
6511.216699819712,347.4805
6511.826760917469,353.978
6512.436722005208,357.057
6513.046883112981,351.8156
6513.656944210738,356.9637
6514.267005308494,349.0442
6514.877166416267,344.7133
6515.487127504008,342.5386
6516.097388621796,341.3076
6516.707349709536,332.3069
6517.317410807293,335.5044
6517.9275719150655,343.5913
6518.537633012821,350.6581
6519.1476941105775,353.2019
6519.75785521835,355.8097
6520.367916316106,356.8029
6520.978077423879,356.9898
6521.588138521635,360.3364
6522.198299629408,349.2683
6522.808560747197,353.3755
6523.418521834937,353.6299
6524.028782952725,351.8757
6524.639144080529,356.1378
6525.249705228366,357.7787
6527.0802885616995,351.0228
6527.6904496694715,357.9207
6528.299810697115,349.18
6528.909971804888,346.763
6529.520132912661,347.8518
6530.130294020434,344.8731
6530.740555138222,343.5608
6531.350716245995,343.2015
6531.960977363783,350.007
6532.571138471555,347.2927
6533.1813995893435,347.5245
6533.791560697116,348.4831
6534.401721804888,347.5947
6535.011982922677,354.3629
6535.622244040465,350.796
6536.232305138222,346.8266
6536.84256625601,352.9803
6537.452827373799,352.3816
6538.063188501604,353.2617
6538.673349609376,346.2825
6539.283510717149,350.7203
6539.893871844953,348.2447
6540.504032952725,349.7504
6541.11439408053,352.1028
6541.7245551883025,349.5246
6542.335016326123,353.6875
6542.9450774238785,348.2548
6543.555338541667,353.5665
6544.165599659455,354.2208
6544.775860777244,365.6112
6545.386221905049,365.3955
6545.996483022837,375.1059
6546.60664413061,388.6902
6547.21710526843,405.1969
6547.827366386218,405.8269
6548.437727514023,417.8722
6549.047988631812,427.8379
6549.6582497496,426.036
6550.268610877404,448.1252
6550.879172025241,435.435
6551.490833283254,385.6408
6552.101194411058,286.9324
6552.709955378607,239.4476
6553.321816656652,290.8263
6553.9306776342155,364.4249
6554.540938752004,401.1552
6555.151299879809,394.5991
6555.761761017629,380.6303
6556.372022135417,371.4991
6556.982383263222,367.1615
6557.592744391026,358.3866
6558.203005508814,361.8622
6558.813466646636,355.7965
6559.423827774439,354.9938
6560.034188902244,354.5083
6560.644750050081,356.6304
6561.254911157853,354.2782
6561.86547230569,359.9619
6562.475833433494,353.3435
6563.086194561299,361.7912
6563.696755709135,350.8571
6564.307016826924,341.8445
6564.917377954728,341.5391
6565.527839092549,347.2492
6566.138400240386,357.7424
6566.74876136819,348.4275
6567.35922250601,345.8843
6567.969583633815,348.3678
6568.580044771636,352.4222
6569.190505909456,349.6988
6569.800967047276,348.9946
6570.411428185096,346.7569
6571.021789312901,346.3324
6571.632350460737,352.1785
6572.242611578526,344.8604
6572.853272736379,349.7463
6573.4637338741995,352.8911
6574.074195012019,349.3358
6574.6846561498405,346.0075
6575.295117287661,337.4172
6575.905678435497,336.3121
6576.516139573318,329.8747
6577.126600711138,328.8066
6577.737161858976,332.08
6578.3476229967955,337.2326
6578.958184144632,335.884
6579.568645282453,344.1001
6580.179206430289,342.9312
6580.7896675681095,341.4768
6581.4002287159465,342.2118
6582.010889873799,344.1613
6582.621351011619,334.3157
6583.23181214944,340.0554
6583.842373297276,345.854
6584.452934445113,347.8601
6585.0633955829335,346.1135
6585.674056740786,351.4249
6586.284617888623,341.7962
6586.895179036458,345.6171
6587.505740184295,345.3854
6588.116301332133,337.9446
6588.726762469952,338.4865
6589.337423627805,338.0895
6589.947984775641,338.6015
6590.558545923478,343.3881
6591.169207081331,339.672
6591.7797682291675,337.9768
6592.390429387019,345.9326
6593.000990534856,338.2397
6593.611651692709,348.4443
6594.222212840546,333.652
6594.8327739883825,343.0344
6595.443435146235,353.6959
6596.054096304087,347.729
6596.664657451924,344.5701
6597.275318609776,346.4082
6597.885879757612,343.416
6598.496540915465,341.0684
6599.107202073318,343.1314
6599.71786323117,351.132
6600.328524389022,352.5029
6600.9246840945525,350.0488
6601.347426432292,355.3996
6601.958087590146,347.0457
6602.568748747997,347.1559
6603.17940990585,350.5451
6603.790071063703,341.2195
6604.400732221555,347.1123
6605.011493389424,352.4623
6605.622154547277,354.0043
6606.232815705129,357.7302
6606.843376852966,347.6162
6607.454338040866,359.3121
6608.064899188703,351.51
6608.675560346556,355.7124
6609.286321514423,348.4155
6609.896982672276,357.9241
6610.507743840145,356.559
6611.118505008013,346.3788
6611.729166165866,357.0484
6612.340027343751,352.7358
6612.9506885016035,345.9603
6613.561349659457,356.1867
6614.172110827324,354.6693
6614.782871995193,356.9266
6615.393633163061,354.0636
6616.00439433093,347.6419
6616.615155498799,355.809
6617.225816656652,352.7506
6617.836677834536,352.5691
6618.447338992388,354.4814
6619.058200170273,352.4684
6619.668961338141,346.9837
6620.279722506009,349.9276
6620.890583683895,349.883
6621.501244841747,351.3371
6622.112106019633,347.7946
6622.7229671975165,346.8688
6623.333628355369,354.385
6623.944489533254,350.6059
6624.5552507011225,348.0972
6625.166111879007,354.0975
6625.671962540065,346.0076
6626.177213141027,354.1154
6626.788074318911,353.2017
6627.398935496796,344.952
6628.009696664664,343.6282
6628.620557842549,342.6943
6629.231419020433,340.1959
6629.842280198318,350.9795
6630.453041366187,352.8335
6631.063902544071,337.945
6631.674763721956,348.4912
6632.2856248998405,347.3494
6632.896586087741,339.529
6633.507447265625,342.7049
6634.118208433495,344.9099
6634.729169621394,342.5628
6635.34003079928,339.8145
6635.950891977163,346.8198
6636.561853165065,352.5258
6637.172714342949,336.9718
6637.783675530851,339.6441
6638.394536708734,351.6049
6639.00539788662,351.4859
6639.616259064504,343.1794
6640.22732026242,349.1494
6640.838081430289,354.407
6641.264224108575,351.25
6641.862284004408,350.6373
6642.473045172276,345.3015
6643.084106370194,351.8723
6643.695067558094,349.1903
6644.306028745994,345.8443
6644.916989933896,347.9088
6645.5278511117795,343.7029
6646.1388122996805,345.9993
6646.749773487581,341.5202
6647.360734675482,344.0797
6647.971595853366,347.5411
6648.582657051283,343.3104
6649.193718249199,344.2088
6649.8046794371,352.5824
6650.415540614985,348.8719
6651.0266018129005,343.9803
6651.637663010818,348.3639
6652.2485241887025,343.5281
6652.859585386619,342.6806
6653.470446564504,341.0525
6654.081507762421,342.2016
6654.692568960337,343.3581
6655.303530148238,350.8676
6655.914591346154,345.318
6656.525652544072,340.9086
6657.136613731972,347.4303
6657.7476749298885,342.8093
6658.358636117789,344.1682
6658.969697315707,343.8625
6659.580758513623,350.6247
6660.191819711539,342.3097
6660.802880909456,344.9134
6661.413842097356,334.1004
6662.024903295272,345.636
6662.6358644831735,338.92
6663.2472257111385,341.939
6663.8581868990395,343.1059
6664.469248096956,343.5477
6665.080409304889,346.4735
6665.691370492788,360.2629
6666.302431690706,357.1567
6666.913592898638,356.844
6667.524654096555,342.4693
6668.135715294471,339.7833
6668.7467764923895,341.4498
6669.357937700321,342.0159
6669.968898888222,335.4643
6670.580060096155,351.1412
6671.191221304088,344.8784
6671.802382512021,344.9236
6672.413543719952,348.9929
6673.0246049178695,355.1405
6673.635666115786,348.6257
6674.246827323719,349.9941
6674.858088541668,347.8768
6675.4692497496,349.2531
6676.080210937501,359.0
6676.691572165466,352.1917
6677.302633363382,356.6133
6677.913694561299,347.2951
6678.525055789264,356.2955
6679.13611698718,350.3262
6679.747278195113,342.5981
6680.358339393029,347.3053
6680.9697006209935,339.3702
6681.580861828927,344.6619
6682.192023036859,347.0802
6682.803184244793,346.4035
6683.414345452725,351.0436
6684.025606670673,346.1761
6684.636767878607,343.7366
6685.247929086539,350.495
6685.859190304488,345.6786
6686.470451522437,345.2947
6687.081612730369,343.5951
6687.692773938303,350.0184
6688.304035156251,344.4913
6688.915296374199,350.7275
6689.5265575921485,345.6672
6690.137718800081,343.3816
6690.748980018029,356.8675
6691.360241235979,353.7292
6691.971502453927,352.5424
6692.582763671876,343.3929
6693.1940248898245,339.9658
6693.805286107773,350.4623
6694.416547325722,351.5865
6695.027708533655,355.4028
6695.639069761619,348.2309
6696.2503309795675,342.9053
6696.861592197516,343.8081
6697.473053435498,341.5861
6698.08421464343,350.6226
6698.695475861379,349.2861
6699.306737079328,344.7163
6699.9181983173075,341.3858
6700.5293595252415,337.9198
6701.140720753207,340.9733
6701.751981971154,340.3262
6702.363443209136,343.4174
6702.974604417068,349.0983
6703.585965645033,346.4287
6704.197326872997,344.4264
6704.808588090947,347.595
6705.419949318911,343.7465
6706.031310546875,342.4021
6706.64267177484,342.5686
6707.253932992789,337.2096
6707.865294220754,336.1456
6708.476655448719,344.0962
6709.087816656651,351.2553
6709.699377904648,351.9486
6710.310839142629,347.8996
6710.922100360578,345.8407
6711.533561598558,345.0976
6712.145022836538,345.7311
6712.756284054488,343.9522
6713.367645282453,349.0158
6713.979106520434,348.581
6714.590467748399,347.2649
6715.201728966347,349.9427
6715.813290214343,348.3599
6716.4246514423085,348.5497
6717.0360126702735,343.845
6717.64757391827,346.1411
6718.258835136218,343.1756
6718.870296374199,348.9539
6719.48175761218,345.7672
6720.0931188401455,346.1833
6720.704580078125,347.5899
6721.316041316106,347.4003
6721.927302534055,343.419
6722.538763772036,342.785
6723.150325020032,345.5758
6723.761786258013,338.1258
6724.373247495995,342.1118
6724.984708733975,343.0129
6725.5961699719555,343.2795
6726.207931239985,340.1813
6726.819092447918,340.6843
6727.430653695915,343.2599
6728.042114933895,342.6999
6728.653576171875,339.2844
6729.265037409857,345.7859
6729.876598657853,342.5977
6730.488059895834,334.2473
6731.099521133815,337.4169
6731.711082381811,337.764
6732.322543619793,344.2296
6732.934004857773,335.2733
6733.5455661057695,337.4884
6734.157127353766,338.0132
6734.768588591747,342.0289
6735.380249849761,341.3246
6735.991611077725,348.6102
6736.6032723357375,347.3322
6737.214733573718,344.8512
6737.826294821715,342.8951
6738.437856069712,342.7009
6739.049417317709,342.9149
6739.661078575722,346.9536
6740.272439803686,346.9131
6740.884101061699,344.102
6741.49556229968,344.3137
6742.107223557693,346.2563
6742.718784805689,348.8805
6743.330346053686,347.0166
6743.942007311699,345.6742
6744.5534685496805,346.6444
6745.165129807693,340.7564
6745.776691055689,343.4063
6746.388252303686,339.595
6747.0000135717155,343.8754
6747.611474809696,343.6482
6748.22313606771,348.3119
6748.834697315706,343.2435
6749.446358573719,345.4723
6750.057919821716,342.2619
6750.669581079727,343.1687
6751.281242337741,339.8642
6751.892903595754,340.2211
6752.504464843751,340.8628
6753.116126101764,342.1641
6753.727787359777,343.9514
6754.339448617789,345.8022
6754.951009865786,338.9785
6755.562671123798,337.3039
6756.174332381812,341.1609
6756.7859936398245,337.183
6757.397654897837,337.4502
6758.009516175882,337.1693
6758.621077423879,338.761
6759.2327386818915,346.2703
6759.844399939904,344.2621
6760.456061197919,348.4854
6761.067822465947,346.917
6761.6794837239595,339.125
6762.291244991988,347.4473
6762.90290625,344.1831
6763.514467497997,343.1441
6764.126328776042,340.5798
6764.737990034055,341.4252
6765.349751302084,341.8999
6765.961412560097,346.2233
6766.573173828126,349.6617
6767.184935096155,341.2537
6767.796596354167,337.8993
6768.408357622196,337.1105
6769.020118890225,341.2732
6769.631880158254,340.8592
6770.243641426282,343.58
6770.855302684296,347.5775
6771.467063952325,345.4932
6772.078825220354,341.4449
6772.6906864983985,336.971
6773.302547776443,339.2935
6773.914209034457,342.3139
6774.525870292468,338.893
6775.137731570514,336.0052
6775.749492838542,347.551
6776.361154096555,342.4317
6776.9730153745995,346.3909
6777.584876652645,339.4868
6778.196637920673,335.5503
6778.808499198718,337.4421
6779.420360476764,332.0593
6780.032121744793,334.9265
6780.643983022837,338.4096
6781.2557442908665,338.276
6781.867605568911,343.8651
6782.479466846956,344.5986
6783.091228114985,340.4634
6783.702989383014,338.2596
6784.314850661059,336.0783
6784.926811949119,332.5945
6785.538573217148,330.7829
6786.150434495193,342.1979
6786.762295773237,339.8692
6787.374157051283,347.9559
6787.986018329328,343.9699
6788.597779597357,347.6929
6789.209740885417,343.2289
6789.821602163462,348.6906
6790.433463441506,340.0771
6791.045324719553,341.3984
6791.657386017629,343.1191
6792.269147285658,340.4088
6792.881108573719,344.8674
6793.492869841748,338.458
6794.104731119793,344.6985
6794.716592397837,337.36
6795.3287537059305,342.8842
6795.94051497396,344.2841
6796.55247626202,344.4735
6797.164437550081,341.0236
6797.7762988281265,341.4177
6798.388260116187,338.4339
6799.000321414264,339.8857
6799.612182692309,344.0416
6800.224043970353,342.5125
6800.835905248398,352.8025
6801.447966546476,345.6835
6802.059927834536,343.5473
6802.671889122597,341.7884
6803.283850410658,347.3556
6803.895811698719,347.8231
6804.507672976764,345.1791
6805.11973427484,346.2033
6805.731695562902,343.5119
6806.343556840947,347.5771
6806.9556181390235,349.37
6807.567779447117,344.8465
6808.179640725161,345.5164
6808.7916020132225,341.7028
6809.403563301283,342.962
6810.01562459936,345.8053
6810.627685897436,340.25
6811.239647185497,336.3536
6811.851708483574,337.8339
6812.463669771635,332.2599
6813.075731069712,340.5076
6813.687692357773,342.9788
6814.29975365585,345.6994
6814.911814953927,348.3852
6815.523876252004,343.6331
6816.135737530049,346.5705
6816.747898838142,332.8316
6817.359960136218,332.8218
6817.972021434296,333.3719
6818.584082732373,333.0909
6819.196144030449,338.2011
6819.808205328527,341.7486
6820.420266626603,339.167
6821.03232792468,337.9159
6821.644489232774,333.3155
6822.256550530849,335.3129
6822.868611828927,332.1038
6823.480673127004,336.9311
6824.09273442508,339.3258
6824.704795723158,336.2128
6825.31695703125,334.8948
6825.929018329327,332.7384
6826.541179637421,335.7882
6827.153240935498,331.9066
6827.765402243591,337.3312
6828.377563551683,332.1616
6828.989624849761,338.3162
6829.601786157854,333.6615
6830.21384745593,338.8034
6830.826008764023,338.6409
6831.4380700620995,332.1037
6832.050231370193,337.2919
6832.662492688301,335.0328
6833.274653996395,334.275
6833.886615284456,340.3567
6834.498876602565,336.1698
6835.111137920674,342.1103
6835.723199218751,337.9378
6836.3354605368595,339.7488
6836.947521834937,334.5888
6837.559683143029,339.2946
6838.1718444511225,332.5385
6838.784205779248,333.2905
6839.396267077324,328.5923
6840.00862840545,331.8942
6840.620689703526,331.052
6841.232851011619,332.7585
6841.845112329727,335.0694
6842.457273637821,340.9925
6843.069634965946,336.866
6843.681796274039,333.6819
6844.293957582133,338.2188
6844.906218900242,325.5251
6845.51848021835,333.6218
6846.130641526443,335.479
6846.742902844552,335.6626
6847.355064152644,332.6473
6847.9527240084135,341.2231
6848.376666466347,333.8789
6848.988827774439,334.3958
6849.601089092549,343.0725
6850.213350410657,343.6724
6850.82551171875,338.8548
6851.437873046875,343.0169
6852.050134364985,342.5639
6852.662395683094,337.2518
6853.274657001203,336.4146
6853.886918319312,338.5441
6854.499179637421,343.8052
6855.111240935496,340.1056
6855.723802283655,334.4185
6856.230653044872,333.8691
6856.73700375601,337.0224
6857.349365084136,340.0531
6857.961626402244,338.1808
6858.573987730369,337.2734
6859.186349058494,337.9342
6859.798610376603,342.7554
6860.410971704729,339.5277
6861.023233022838,336.8452
6861.635694360978,339.2963
6862.06293714944,345.8963
6862.662397185497,343.2748
6863.274658503607,328.6742
6863.887119841747,341.9555
6864.4994811698725,337.7632
6865.111742487982,339.1711
6865.724103816106,331.8058
6866.336465144232,309.7045
6866.948826472356,265.6521
6867.561187800482,225.0636
6868.173549128606,203.9736
6868.7859104567315,213.697
6869.398371794872,235.2904
6870.010733122997,244.6296
6870.623094451123,246.4115
6871.235555789264,250.5521
6871.848017127405,248.4989
6872.460378455529,256.5763
6873.0727397836545,260.4953
6873.68510111178,266.4412
6874.297462439905,266.4187
6874.909923778046,273.5068
6875.522285106171,282.3088
6876.1347464443115,283.8694
6876.747107772437,279.3554
6877.359669120593,284.4716
6877.972130458735,291.4819
6878.584291766828,297.4547
6879.196953125001,296.1495
6879.809414463141,307.6934
6880.421875801282,331.8418
6881.034337139424,335.3262
6881.646898487581,333.5963
6882.259259815705,333.4021
6882.871621143831,320.5117
6883.484182491988,308.5459
6884.096643830128,301.991
6884.709105168269,312.2599
6885.321566506411,296.4432
6885.934127854568,279.3258
6886.546589192709,284.7857
6887.158950520833,303.4897
6887.771511868991,316.4374
6888.384173227165,288.4007
6888.996534555289,275.09
6889.609095903446,279.5925
6890.221657251604,289.8625
6890.834018579729,319.5373
6891.4466799379015,307.1083
6892.059141276042,291.6378
6892.6717026241995,269.9263
6893.28416396234,286.1435
6893.8967253104975,312.3961
6894.509386668671,325.1237
6895.121747996796,308.2808
6895.734509364984,284.5732
6896.34687069311,271.2333
6896.959432041267,285.6418
6897.571993389423,308.3343
6898.184554737581,325.2549
6898.797116085738,317.8991
6899.409777443911,288.386
6900.022338792068,272.5592
6900.634900140225,280.5246
6901.247461488383,301.7115
6901.860022836539,326.6274
6902.472684194712,330.0088
6903.085145532854,314.8659
6903.697806891027,295.9864
6904.310468249199,283.5392
6904.923029597357,292.0005
6905.535790965545,310.9985
6906.1482523036875,325.7268
6906.760813651844,327.8756
6907.373375,326.2193
6907.986136368189,303.9912
6908.598797726363,286.2689
6909.211459084536,299.582
6909.824020432693,310.6111
6910.436681790866,327.3639
6911.0493431490395,333.1658
6911.662004507212,332.0901
6912.274865885417,315.5293
6912.887327223558,314.716
6913.4999885817315,295.4257
6914.112549929889,309.8543
6914.7252112880615,317.5444
6915.337972656252,328.591
6915.9506340144235,329.6664
6916.563295372597,327.982
6917.176156750802,319.3894
6917.788718098959,311.373
6918.401379457132,304.0276
6919.014140825321,315.3368
6919.626802183494,323.4463
6920.239463541668,336.1235
6920.8521248998395,325.0564
6921.46488626803,322.0669
6922.0777476462345,324.1223
6922.690308994392,319.7456
6923.303070362581,314.4061
6923.915831730769,311.301
6924.528593098959,330.9447
6925.141254457132,327.0096
6925.753915815305,323.3264
6926.366777193511,329.3527
6926.979538561699,323.5137
6927.592299929889,316.3733
6928.204961288062,306.97
6928.817822666266,310.5723
6929.430384014424,307.7193
6930.043345402644,318.7124
6930.656006760818,321.8015
6931.268868139023,323.8515
6931.881629507212,321.7242
6932.494490885418,328.5357
6933.107352263622,320.1789
6933.720013621795,309.4176
6934.332774989984,312.3913
6934.94563636819,312.0708
6935.558397736379,317.2433
6936.171159104568,318.5558
6936.7840204827735,323.5435
6937.396881860978,322.1076
6938.009743239184,314.9679
6938.622504607372,319.3612
6939.235365985578,311.1928
6939.848227363782,306.7775
6940.460988731972,308.2204
6941.073950120194,311.558
6941.686611478366,309.614
6942.299472856571,309.1309
6942.912434244792,315.8135
6943.525295622998,316.2212
6944.138157001202,316.5313
6944.751018379408,320.5549
6945.363779747597,328.5858
6945.976741135818,323.2966
6946.589602514023,325.199
6947.2024638922285,318.0254
6947.815425280449,312.2171
6948.428186648638,317.0938
6949.041248046876,317.7385
6949.654009415064,322.3113
6950.266870793271,325.7531
6950.87983218149,330.8609
6951.492693559697,326.4027
6952.105654947917,324.1028
6952.718616336138,325.6904
6953.331577724359,324.6437
6953.9444391025645,330.3342
6954.557400490786,325.7722
6955.170261868991,325.2946
6955.783223257212,319.9645
6956.39628465545,314.2657
6957.009046023638,325.2022
6957.622007411859,325.5691
6958.23496880008,328.2002
6958.847930188302,325.2142
6959.460891576523,325.4649
6960.073852964744,323.8233
6960.6868143529655,315.9209
6961.299875751203,310.316
6961.912737129408,315.6178
6962.525798527645,319.0657
6963.138759915865,326.2163
6963.751721304087,331.0971
6964.364582682292,321.0157
6964.977744090546,321.2275
6965.590705478767,329.3335
6966.203666866989,330.3085
6966.816728265225,336.1069
6967.429889673478,332.8303
6968.042751051684,331.1898
6968.655812449921,331.9349
6969.268773838142,330.3523
6969.881835236379,333.4149
6970.494896634616,324.7432
6971.107858022837,326.9259
6971.720919421075,330.8787
6972.333980819311,325.8114
6972.947042217549,331.1619
6973.56000360577,333.3815
6974.173065004007,333.8128
6974.7862264122605,332.8937
6975.399187800481,337.5087
6976.012349208734,329.6963
6976.625410606972,332.7803
6977.23847200521,328.3177
6977.8515334034455,333.8365
6978.464594801684,329.9715
6979.077656199921,332.3599
6979.690717598157,333.9121
6980.303879006411,329.3082
6980.916940404648,324.9655
6981.530201822918,323.3118
6982.143163211139,320.8626
6982.756324619392,321.5898
6983.369386017629,319.0189
6983.968045973559,316.6291
6984.393188551683,319.5947
6985.006349959936,322.6544
6985.619511368189,317.5062
6986.232672776444,315.4716
6986.845834184696,313.9505
6987.458795572918,313.9095
6988.072157001203,302.9091
6988.685118389424,296.8814
6989.298479817709,305.6756
6989.911541215946,314.3882
6990.419292067308,323.9662
6990.925842798479,321.9296
6991.539004206732,325.1388
6992.152165614985,325.0954
6992.765327023238,321.7864
6993.378588441507,316.2334
6993.991849859777,312.3058
6994.419092648238,314.7179
6995.019352764424,318.3766
6995.632614182693,323.8428
6996.245775590946,327.1987
6996.8589369992,329.2696
6997.4721984174685,322.6648
6998.085359825722,314.9963
6998.698721254007,307.798
6999.311782652245,318.5537
6999.925044070514,321.8902
7000.538205478767,323.8566
7001.151466897036,328.849
7001.764728315306,320.0469
7002.377989733574,325.2828
7002.991251151843,326.4318
7003.604512570114,320.2265
7004.217673978366,314.1947
7004.830935396635,312.9318
7005.444196814905,313.9944
7006.057458233174,320.9082
7006.670719651443,322.9022
7007.283981069712,315.1901
7007.897342497998,316.4999
7008.510603916266,323.0874
7009.123865334536,320.8998
7009.737126752805,323.7553
7010.35048818109,325.7471
7010.96374959936,323.3248
7011.577011017628,324.4117
7012.190372445913,327.2421
7012.803633864184,320.7921
7013.416895282453,326.1791
7014.030256710737,330.1226
7014.643618139024,330.7753
7015.256979567309,321.8715
7015.870240985577,315.225
7016.483602413862,321.2233
7017.096963842148,329.0411
7017.710325270433,327.3791
7018.323586688703,327.8147
7018.936948116989,323.208
7019.550309545273,317.6573
7020.1636709735585,319.4093
7020.777032401845,323.0474
7021.390493840145,313.6892
7022.003955278446,313.51
7022.617116686699,319.0562
7023.230478114985,317.5299
7023.84383954327,325.0228
7024.457300981571,327.1137
7025.070562399841,331.2274
7025.684023838142,327.3328
7026.297485276443,319.3504
7026.910846704727,310.0853
7027.52430814303,311.4512
7028.137669571314,319.4374
7028.7510309996,325.2758
7029.3644924379005,324.7089
7029.977853866187,324.1159
7030.591315304488,335.0981
7031.204776742789,332.4553
7031.81823818109,331.9386
7032.431599609376,334.7314
7033.045061047676,337.7797
7033.658522485978,329.7694
7034.27198392428,322.6221
7034.885445362581,329.5401
7035.498906800882,326.2182
7036.112368239183,322.8463
7036.725829677485,319.1411
7037.339291115786,325.7601
7037.952752554088,324.1694
7038.566314002404,325.2111
7039.179675430689,324.4793
7039.793236879008,319.7094
7040.406698317309,326.013
7041.020159755609,329.1622
7041.633721203927,320.4924
7042.247182642229,327.6321
7042.860744090545,330.6174
7043.474205528847,331.7414
7044.087766977164,326.4174
7044.701328425481,320.4539
7045.314689853767,324.9052
7045.928351312101,328.6865
7046.541912760417,330.6853
7047.155374198718,332.5557
7047.768935647036,329.4073
7048.382397085337,320.0472
7048.995858523638,315.4802
7049.609519981972,323.708
7050.223081430288,320.4435
7050.836542868591,317.8145
7051.450204326924,323.4944
7052.063765775241,329.1494
7052.677327223558,330.8422
7053.290888671875,327.179
7053.904550130208,323.351
7054.518111578526,328.6657
7055.1316730268445,314.9516
7055.745334485177,314.7241
7056.358895933495,307.8749
7056.972557391828,320.695
7057.586118840145,324.9619
7058.199680288462,316.5237
7058.813341746795,328.2053
7059.427003205129,329.0969
7060.0405646534455,326.8906
7060.654126101764,331.4115
7061.2677875600975,325.0786
7061.881549028446,331.8864
7062.495110476763,330.0675
7063.108671925082,330.4625
7063.72243339343,322.5713
7064.335994841747,325.7354
7064.949756310096,318.0164
7065.563417768431,314.1278
7066.176979216748,313.4301
7066.790640675082,317.0393
7067.404302133415,319.8515
7068.0181636117795,320.4636
7068.631725060096,324.2347
7069.24538651843,324.0044
7069.859047976764,324.4762
7070.472709435097,327.0612
7071.086470903447,322.6636
7071.70013236178,322.7008
7072.313793820113,315.8098
7072.9276552984775,320.3779
7073.541316756811,321.3212
7074.154978215144,322.2024
7074.768639673478,324.519
7075.382401141827,323.2386
7075.996162610178,323.3672
7076.609924078527,326.9206
7077.22358553686,327.8437
7077.837347005208,326.641
7078.451108473558,326.1395
7079.064869941907,325.4658
7079.678631410257,326.646
7080.292492888622,322.6509
7080.906254356972,321.0455
7081.5199158153055,330.1215
7082.133677283655,327.5758
7082.747238731972,324.207
7083.361200220353,322.8385
7083.974961688703,326.8083
7084.588823167068,329.7223
7085.202584635417,326.2736
7085.816346103767,331.053
7086.4300075620995,326.9664
7087.043969050482,328.8751
7087.657830528847,324.6447
7088.2714919871805,320.5524
7088.885453475562,323.0056
7089.499314953928,326.033
7090.098574969953,319.2857
7090.5242175981575,329.8851
7091.137979066508,330.2747
7091.751840544872,320.8732
7092.365702023238,323.255
7092.979563501603,322.4544
7093.593424979968,320.5643
7094.207086438302,324.8418
7094.821147936699,322.1203
7095.329398838142,318.6016
7095.836649639424,318.4297
7096.450411107773,327.5133
7097.064272586139,327.4323
7097.67823407452,318.1946
7098.292095552884,320.2586
7098.720138421476,318.9271
7099.320898587741,318.2539
7099.934760066106,326.8483
7100.548621544472,323.089
7101.162583032853,319.9706
7101.776444511219,317.176
7102.390506009615,314.0688
7103.004367487982,316.7757
7103.618228966347,315.3532
7104.232190454729,314.0871
7104.845951923078,309.4533
7105.45991341146,311.5871
7106.073974909857,313.1216
7106.687836388222,316.0188
7107.301797876604,321.813
7107.915759364985,324.1015
7108.529720853367,320.6516
7109.143682341748,321.4324
7109.757643830129,321.0871
7110.371605318511,318.0254
7110.985566806892,315.7908
7111.599528295274,315.4009
7112.213489783655,312.7273
7112.827451272036,313.3249
7113.441412760418,315.4677
7114.055374248799,324.772
7114.669435747197,319.5489
7115.283497245593,324.2483
7115.897458733974,315.69
7116.511420222357,321.648
7117.125381710737,322.8208
7117.739443209135,320.1799
7118.353404697516,320.8011
7118.967366185898,322.5594
7119.581427684296,322.8133
7120.195489182693,320.5556
7120.8095506810905,319.3507
7121.4236121794875,321.004
7122.037673677885,320.1549
7122.651735176282,319.7687
7123.265696664665,324.8108
7123.879858173078,326.7036
7124.493819661459,324.9079
7125.107881159856,326.2827
7125.722142678286,326.2024
7126.336004156651,322.1092
7126.950065655049,322.5641
7127.564227163462,324.7147
7128.17828866186,324.6504
7128.792350160257,320.2952
7129.406411658654,312.8596
7130.0207731871,309.8632
7130.6346346654655,315.2456
7131.248696163862,311.8403
7131.862857672277,310.9838
7132.47701918069,311.7301
7133.090980669071,314.4996
7133.705142177485,316.0105
7134.319303685898,319.9817
7134.933465194312,313.8114
7135.547626702725,316.1309
7136.161788211139,317.773
7136.776049729568,308.7259
7137.390011217949,306.3321
7138.004272736378,302.2553
7138.618334234777,315.3526
7139.23249574319,320.0131
7139.846657251603,320.2193
7140.460918770033,319.5567
7141.07498026843,326.3786
7141.689141776844,322.1955
7142.303403295273,324.7244
7142.917564803686,321.5471
7143.531826322115,318.4952
7144.1459878305295,324.0614
7144.760049328927,323.9681
7145.374310847356,318.6366
7145.98847235577,317.8381
7146.602633864184,316.274
7147.216995392629,310.8576
7147.831156901042,311.0312
7148.4453184094555,323.4355
7149.059679937902,321.8633
7149.673841446315,312.0493
7150.288102964744,317.9925
7150.902364483174,315.5253
7151.516626001603,315.2031
7152.130887520033,318.4556
7152.7450490284455,320.4546
7153.359410556892,314.593
7153.973572065305,312.0265
7154.587933593751,317.2504
7155.201995092148,320.7136
7155.816356620593,315.1543
7156.4307181490385,316.8124
7157.044979667468,317.6156
7157.659241185898,317.672
7158.273502704328,309.4844
7158.887864232774,315.9195
7159.502125751203,321.4206
7160.116387269632,315.4282
7160.730748798078,315.3079
7161.345010316508,317.4816
7161.959371844953,324.1162
7162.573633363383,311.0085
7163.187994891827,305.697
7163.802356420273,305.3236
7164.4167179487185,307.5811
7165.030979467148,306.9064
7165.645140975562,317.2487
7166.259702524039,308.739
7166.874064052484,302.0141
7167.488325570914,300.5991
7168.102887119392,295.3719
7168.717148637822,307.0724
7169.3315101662665,299.6333
7169.945871694712,286.6076
7170.560333233174,288.772
7171.17469476162,292.8053
7171.788956280048,293.6951
7172.40341781851,283.9527
7173.017779346956,273.7162
7173.632140875402,283.6875
7174.246602413864,297.8162
7174.8609639423075,310.3331
7175.475325470754,296.8444
7176.089887019231,286.3852
7176.704248547677,270.5424
7177.318610076122,268.4158
7177.932971604568,281.7742
7178.547533153045,297.5804
7179.161994691508,306.3489
7179.761854767629,310.981
7180.18759740585,304.7329
7180.802058944311,287.3558
7181.416520482773,284.0334
7182.030982021235,284.8575
7182.645443559695,303.0238
7183.259905098158,294.0598
7183.768656049681,267.204
7184.276506911058,261.7391
7184.89096844952,265.8967
7185.505529997998,275.818
7186.11999153646,262.6718
7186.548434445112,252.1876
7187.150094701523,264.5472
7187.764556239985,288.0862
7188.379017778446,302.8918
7188.993479316909,309.7041
7189.608040865385,306.0517
7190.222502403847,296.0687
7190.837063952325,268.7551
7191.451625500801,250.0774
7192.066087039263,271.2657
7192.680748597757,291.1053
7193.29521013622,278.7104
7193.909771684696,282.97
7194.524233223158,300.9798
7195.138794771636,300.2386
7195.753356320112,298.9574
7196.367917868591,298.1649
7196.982479417068,292.7212
7197.597040965545,284.4609
7198.211602514023,288.4354
7198.8261640625005,296.6421
7199.440725610978,293.8447
7200.055387169472,275.2741
7200.669948717949,246.4321
7201.284510266427,260.8058
7201.89917182492,292.817
7202.513833383414,301.2458
7203.128294921876,291.9814
7203.742956480369,272.8021
7204.357518028847,269.5044
7204.972179587341,289.7164
7205.586841145834,277.6546
7206.201402694312,270.58
7206.8160642528055,278.5211
7207.430625801283,303.3455
7208.045287359777,310.5473
7208.659948918271,307.6933
7209.274710486779,300.8281
7209.889272035257,300.7575
7210.503933593751,304.6511
7211.118495142228,302.8285
7211.733256710739,306.8078
7212.347918269232,318.8446
7212.962479817709,320.0037
7213.577341396235,314.3234
7214.192002954728,321.756
7214.806664513222,322.5669
7215.4212260617,314.4876
7216.036087640225,308.9807
7216.650749198719,312.5637
7217.265310747196,315.6013
7217.880172325722,310.6276
7218.494833884215,316.3817
7219.109495442708,319.1571
7219.7242570112185,321.3694
7220.339018579729,324.53
7220.9537801482375,323.2687
7221.568541716748,327.7615
7222.183203275241,311.5607
7222.79796484375,306.5617
7223.412726412261,301.7281
7224.02748798077,301.7399
7224.64224954928,311.0974
7225.257011117789,314.5004
7225.871772686299,308.2541
7226.486534254809,306.5512
7227.101395833333,304.7424
7227.716157401844,296.4966
7228.330818960337,311.7159
7228.945680538863,320.8102
7229.560442107373,323.4473
7230.175403695914,321.6048
7230.790065254408,317.4487
7231.404826822917,312.2889
7232.019688401443,293.5447
7232.634549979969,273.7525
7233.2493115484785,282.6524
7233.864173127004,274.4163
7234.478934695513,264.85
7235.09379627404,282.3695
7235.708657852565,289.0116
7236.32351943109,305.473
7236.9382809996,314.7483
7237.553142578126,314.2
7238.168104166667,315.8044
7238.7828657351765,315.0642
7239.397727313703,300.0906
7240.012588892228,271.3358
7240.627450470754,269.4718
7241.2423120492795,288.3858
7241.857273637821,311.7685
7242.472135216347,305.4157
7243.086996794873,273.4671
7243.701858373397,273.2455
7244.31681996194,292.0266
7244.931681540465,293.1032
7245.546643129007,297.6189
7246.161504707533,300.4346
7246.776466296074,300.6315
7247.3913278745995,305.9035
7248.006289463142,315.212
7248.621251051683,303.9984
7249.236112630209,305.9723
7249.85107421875,307.292
7250.466035807292,311.9716
7251.0808973858175,302.3049
7251.6959589843755,287.4851
7252.310920572917,270.0497
7252.9258821614585,262.002
7253.5407437399845,276.2449
7254.155805338542,300.4584
7254.770766927084,315.7265
7255.3857285156255,313.4989
7256.000690104167,323.0124
7256.615651692709,309.2629
7257.2307132912665,298.7909
7257.845774889825,300.637
7258.446135016026,305.1062
7258.872377704328,313.9476
7259.487339292869,316.7216
7260.102400891426,311.7492
7260.717462489984,299.129
7261.332424078526,308.4441
7261.842075120193,301.3638
7262.350326021635,308.4428
7262.965287610177,304.4049
7263.580249198719,293.3433
7264.195310797277,281.5668
7264.624153745994,269.131
7265.226014022437,262.9358
7265.841075620995,286.5186
7266.456037209536,298.5524
7267.071098808095,310.214
7267.686260416668,318.2398
7268.301422025242,311.7092
7268.916383613782,311.8149
7269.53144521234,301.6308
7270.146606820914,301.8977
7270.761668419471,304.1062
7271.37673001803,285.1786
7271.991791616587,274.7195
7272.606953225161,263.96
7273.222014823718,278.1361
7273.837176432292,289.5057
7274.45223803085,296.9298
7275.067399639424,285.2512
7275.682461237982,279.7022
7276.297622846555,274.3424
7276.912684445113,265.5087
7277.527946063703,267.7254
7278.1431076722765,284.805
7278.75826928085,298.8387
7279.373330879407,309.9638
7279.988492487982,311.8277
7280.603654096555,321.085
7281.218915715145,312.2149
7281.833977313703,306.166
7282.449138922276,307.7437
7283.064400540867,310.2553
7283.67956214944,308.1578
7285.510545522837,317.5077
7286.140308593751,320.9138
7286.755470202324,304.0131
7287.370731820914,293.3082
7287.9859934395035,294.6788
7288.601255058094,308.5053
7289.216316656651,298.7984
7289.831578275242,272.4628
7290.446939903847,263.2041
7291.062101512421,278.325
7291.677263120994,289.8187
7292.2926247496,295.38
7292.907886368189,292.0507
7293.52314798678,296.726
7294.13840960537,291.236
7294.753671223959,298.7647
7295.368932842549,303.471
7295.984194461138,307.4461
7296.599456079728,307.2266
7297.214717698318,317.0201
7297.829979316908,308.2572
7298.445240935497,304.9545
7299.060602564104,306.8231
7299.675864182693,301.8051
7300.291225811298,307.8221
7300.906587439905,313.1404
7301.5219490685095,299.0129
7302.1372106870995,296.6478
7302.752372295674,285.2357
7303.367833934296,285.9649
7303.983195562901,286.0788
7304.5984571814915,294.093
7305.213818810097,307.0589
7305.829080428686,306.8374
7306.444542067309,301.5934
7307.059903695914,302.8393
7307.67526532452,304.6458
7308.290626953125,290.3205
7308.906088591748,289.4954
7309.521350210338,289.6226
7310.136711838943,295.3769
7310.7521734775655,306.9997
7311.367435096155,303.7023
7311.98279672476,301.7172
7312.598258363382,301.2882
7313.213720002004,304.4617
7313.82908163061,310.6265
7314.444543269232,309.0319
7315.059904897837,302.9604
7315.675366536459,305.8701
7316.290728165065,303.1396
7316.906189803686,300.8917
7317.521651442309,298.9909
7318.137013070914,293.9606
7318.752474709536,299.3095
7319.367936348158,299.5912
7319.98339798678,307.3081
7320.598859625402,310.4467
7321.214321264023,317.4032
7321.829882912661,321.9725
7322.445244541267,317.2205
7323.060706179888,316.8405
7323.676167818509,317.3386
7324.291729467148,309.8844
7324.907191105771,319.2485
7325.522652744392,316.8324
7326.13821439303,315.2392
7326.753676031652,310.5045
7327.369137670274,307.6197
7327.984699318911,309.6899
7328.585559495193,316.1634
7329.012502253607,316.4632
7329.628063902245,308.8084
7330.243525540866,318.397
7330.859087189504,309.375
7331.474548828126,316.444
7331.984199869792,307.8885
7332.4931508413465,310.2932
7333.108712489985,305.7872
7333.724174128606,303.6529
7334.153017077324,306.0211
7334.755577423879,304.8443
7335.371139072517,303.9125
7335.986700721154,308.2077
7336.602262369793,308.2369
7337.217924028447,300.3783
7337.833385667068,304.6803
7338.4489473157055,303.9327
7339.064708984376,304.841
7339.6802706330145,313.8013
7340.295832281651,313.0092
7340.911493940305,308.261
7341.527055588943,316.8945
7342.142717247597,313.5179
7342.7582788962345,309.7384
7343.373940554889,306.379
7343.989602213543,304.4518
7344.60516386218,308.4651
7345.220825520834,310.7315
7345.836487179487,311.8957
7346.4521488381415,315.0768
7347.06771048678,311.8884
7347.6834721554505,314.792
7348.299133814103,313.924
7348.914795472757,306.7037
7349.530457131411,302.7388
7350.146118790064,305.9527
7350.761780448718,309.9966
7351.377542117389,310.1139
7351.993203776043,317.6782
7352.608865434697,307.5626
7353.22452709335,310.2075
7353.840188752004,309.9113
7354.455950420674,309.7725
7355.071612079328,316.0086
7355.687373747997,316.6182
7356.303435446715,305.1188
7356.918797075321,305.3996
7357.5345587439915,305.6281
7358.150320412661,306.3111
7358.765982071315,299.5202
7359.381943760017,300.9831
7359.997505408654,308.9811
7360.61336708734,304.6107
7361.229028745994,306.8577
7361.844790414664,305.8803
7362.46065209335,311.5401
7363.07641376202,310.8693
7363.69217543069,308.6767
7364.307937099359,305.405
7364.92369876803,312.8299
7365.539560446716,308.2784
7366.155222105369,304.2295
7366.771083784055,307.337
7367.38694546274,307.1724
7368.002807141427,311.023
7368.618568810097,298.5255
7369.234430488782,299.2774
7369.8501921574525,301.5069
7370.466053836139,306.2106
7371.081815504809,304.8911
7371.697677183494,298.9025
7372.313638872197,303.0808
7372.9294005408665,301.5181
7373.545262219553,307.616
7374.161123898238,306.8799
7374.776985576924,307.4318
7375.39284725561,295.2374
7376.008808944312,297.6351
7376.624470602966,301.5954
7377.240432291667,300.3253
7377.856293970353,298.8837
7378.472255659055,295.5488
7379.088117337741,301.2871
7379.703979016427,306.6483
7380.319940705129,307.1616
7380.935802383815,298.2503
7381.551764072517,305.4344
7382.167625751202,298.738
7382.783587439904,301.825
7383.39944911859,295.9097
7384.0153107972765,305.8344
7384.631372495995,305.0589
7385.247334184696,311.427
7385.863295873398,309.8486
7386.479157552084,303.1997
7387.095219250802,301.2873
7387.711080929487,302.2614
7388.327142628205,294.7559
7388.943104316907,301.9332
7389.55906600561,297.4171
7390.175027694311,294.7967
7390.790989383013,302.3126
7391.407051081731,299.6005
7392.023012770433,298.4088
7392.638974459135,296.2586
7393.240334685498,300.1569
7393.66757747396,298.7963
7394.283639172677,296.2596
7394.899800881411,295.8607
7395.515662560097,294.4736
7396.026013671875,294.8698
7396.535064653445,294.3927
7397.151026342148,289.7409
7397.767088040866,287.8062
7398.196131009617,296.9348
7398.799191406251,292.0139
7399.415253104969,292.9637
7400.031314803688,293.3769
7400.647276492389,297.7801
7401.263638221155,300.6576
7401.879599909857,308.4058
7402.495561598559,299.6969
7403.111723307293,295.7836
7403.727684995995,289.143
7404.343846704727,283.285
7404.95980839343,282.6059
7405.575970102164,284.3922
7406.192031800882,295.5581
7406.808193509616,295.7558
7407.424255208333,294.8496
7408.040416917068,305.2925
7408.6565786258025,295.8025
7409.272640324521,298.9496
7409.888902043271,302.307
7410.504963741989,298.6939
7411.121025440707,293.638
7411.73718714944,289.6223
7412.353348858173,282.6609
7412.9696105769235,291.8633
7413.585672275642,296.6323
7414.201833984376,289.1627
7414.817995693109,300.3845
7415.434157401844,295.602
7416.050319110578,294.603
7416.666480819312,302.181
7417.2826425280455,297.7355
7417.898904246795,296.3639
7418.515065955529,298.3919
7419.131327674279,298.0192
7419.747489383013,300.0785
7420.363651091748,302.2604
7420.979812800481,294.6122
7421.596174529248,298.1514
7422.212336237982,290.6386
7422.828597956732,300.569
7423.4447596654645,297.0769
7424.061021384216,296.9176
7424.677283102965,298.4708
7425.293544821716,294.4779
7425.909806540466,299.252
7426.526068259216,292.6562
7427.142329977965,289.3735
7427.758591696715,289.192
7428.374853415466,289.1823
7428.991115134215,292.5995
7429.607276842949,293.6257
7430.223638571716,292.4746
7430.840000300481,284.5751
7431.456262019232,284.333
7432.072523737981,287.4609
7432.688885466747,279.6527
7433.305147185498,293.755
7433.9215089142635,289.4573
7434.537870643029,284.8937
7435.154132361779,289.1995
7435.770494090546,297.4465
7436.386755809295,295.1836
7437.003117538063,294.1109
7437.6194792668275,288.9954
7438.235740985577,290.8229
7438.85220272436,285.7961
7439.4685644531255,285.1404
7440.084826171877,290.4996
7440.701287910658,289.2349
7441.317549629407,299.8128
7441.934011368189,291.1036
7442.55027308694,288.5112
7443.166734825722,289.7997
7443.783096554487,284.912
7444.39955829327,284.7089
7445.015920022036,286.7065
7445.632281750802,290.4562
7446.248643479569,284.0391
7446.865205228365,290.0094
7447.481466947116,296.517
7448.097928685898,289.0225
7448.7143904246805,291.2219
7449.330852163462,288.7565
7449.947313902245,292.1041
7450.5638756510425,284.8973
7451.180137369793,282.5764
7451.796599108574,283.9184
7452.413060847356,292.7775
7453.014921123799,290.7533
7453.442563952324,288.3438
7454.058925681091,288.7725
7454.675487429889,291.1091
7455.291849158654,283.573
7455.80280033053,288.749
7456.312051332133,289.7919
7456.928513070915,285.5712
7457.545074819712,283.238
7457.97441781851,290.5937
7458.57787825521,285.4697
7459.1944400040065,286.4802
7459.810901742789,288.1882
7460.427463491587,293.138
7461.043925230369,283.5014
7461.660586989184,292.5291
7462.277048727966,287.1126
7462.893510466748,285.6122
7463.510072215546,284.7716
7464.1266339643435,284.1619
7464.743195713142,280.3906
7465.35975746194,281.1855
7465.976319210738,286.0932
7466.592880959536,282.8092
7467.209442708334,284.0576
7467.826004457132,279.7021
7468.44256620593,285.2025
7469.059327974761,280.7518
7469.675789713542,285.4309
7470.292351462341,284.0159
7470.909013221155,284.848
7471.525574969952,276.9618
7472.142236728767,272.1194
7472.7587984775655,267.9243
7473.375460236379,273.4835
7473.9920219851765,282.4171
7474.608683743992,284.8007
7475.225345502805,279.8713
7475.84200726162,279.0683
7476.458569010418,281.8418
7477.075230769231,281.4096
7477.691892528046,280.5335
7478.308454276845,281.3909
7478.9250160256415,286.5838
7479.541877804489,285.4381
7480.158439553286,280.8736
7480.775301332132,272.9223
7481.39186308093,280.4462
7482.0085248397445,279.6949
7482.625186598558,285.0735
7483.241948367389,281.8874
7483.858710136218,282.4149
7484.475371895033,285.2914
7485.0920336538475,283.6543
7485.708895432693,284.4053
7486.325557191507,279.4981
7486.942218950321,282.3188
7487.558880709135,277.8388
7488.175742487982,282.3078
7488.792404246796,281.6483
7489.4091660156255,280.205
7490.025927784457,287.4124
7490.642689553286,279.6548
7491.259451322117,281.4481
7491.87611308093,272.0538
7492.492974859776,276.968
7493.109736628607,276.701
7493.726498397436,270.6187
7494.343260166267,274.2277
7494.960021935096,276.9367
7495.576883713944,277.0612
7496.193745492789,276.8422
7496.810507261619,275.7972
7497.42726903045,264.9642
7498.044030799279,272.2488
7498.660892578126,274.7109
7499.277754356972,274.3178
7499.894616135818,273.2169
7500.511377904648,271.7768
7501.128239683495,269.5428
7501.745001452325,274.1391
7502.3619632411865,273.3604
7502.978725010016,270.531
7503.595686798878,273.2179
7504.2124485677095,270.8726
7504.829310346555,276.8829
7505.446172125401,271.7327
7506.063033904247,273.256
7506.67999569311,275.5933
7507.296857471955,273.5072
7507.913819260818,278.61
7508.530581029649,276.1001
7509.132941356171,271.5901
7509.5607842047275,278.6879
7510.177545973559,273.9575
7510.794607772436,272.9963
7511.305558944311,268.4781
7511.815309995994,273.1359
7512.432271784856,265.1217
7513.0491335637025,271.7299
7513.4789766125805,272.6382
7514.082837089343,269.181
7514.699898888222,271.2955
7515.316760667068,266.9038
7515.933622445915,270.7052
7516.550584234777,274.49
7517.167646033655,268.5905
7517.784507812501,278.0369
7518.401569611379,270.216
7519.018531400241,273.5628
7519.635493189104,269.0391
7520.2524549779655,267.689
7520.869416766828,272.7951
7521.4864785657055,262.9486
7522.103440354568,267.7181
7522.7205021534455,272.0217
7523.337363932293,267.8366
7523.954525741186,283.1491
7524.571487530049,277.1242
7525.188649338944,271.8681
7525.805611127806,278.8688
7526.422672926683,271.7719
7527.039634715545,274.7325
7527.65679652444,264.8999
7528.273758313302,270.8807
7528.89082011218,268.8067
7529.507881911059,270.2753
7530.124943709937,265.9914
7530.742105518831,269.614
7531.359067307693,268.1493
7531.976229116587,274.768
7532.59319090545,270.5888
7533.210352714344,270.7442
7533.827414513222,265.331
7534.444476312101,268.8523
7535.061638120994,271.1747
7535.6787999298895,263.2275
7536.295861728767,261.3408
7536.9128235176295,263.4145
7537.53008533654,262.9401
7538.147147135417,266.3665
7538.764308944312,263.5264
7539.381470753206,265.1394
7539.9986325621,265.5565
7540.615794370994,264.0866
7541.232956179889,265.2596
7541.8499179687515,261.4263
7542.467179787661,263.1758
7543.084341596556,263.1425
7543.701403395433,261.7786
7544.318665214344,258.1548
7544.935827023238,261.1616
7545.553088842148,263.4243
7546.170150641026,262.8264
7546.787412459937,261.4926
7547.404674278847,267.5162
7548.021836087742,266.0908
7548.638997896635,263.0112
7549.256259715546,262.9959
7549.873521534456,260.6918
7550.49068334335,265.9902
7551.107945162261,258.6436
7551.725006961139,264.3867
7552.342368790065,259.01
7552.959630608975,260.5677
7553.576892427885,252.3091
7554.194154246796,257.7801
7554.8113160556895,260.6459
7555.428477864584,258.3185
7556.0459397035265,254.9262
7556.663201522437,253.6173
7557.280463341347,259.3073
7557.897725160257,257.4917
7558.514986979168,260.2242
7559.132348808093,260.536
7559.749610627004,260.866
7560.36697245593,258.3706
7560.984234274841,259.3987
7561.586894631411,252.9184
7562.015037510017,256.0743
7562.632399338943,251.8739
7563.249661157853,253.5122
7563.76081234976,246.9456
7564.27086343149,244.9041
7564.888225260418,252.6161
7565.3185683593765,256.2945
7565.922828876203,250.6937
7566.540190705129,247.5711
7567.157552534055,252.4178
7567.774914362982,249.134
7568.3922761919075,255.7078
7569.009638020833,247.5828
7569.62699984976,251.8019
7570.244261668671,251.9027
7570.861823517629,253.9682
7571.479085336539,256.8626
7572.096447165466,255.6654
7572.713909004408,252.3388
7573.33137084335,253.1471
7573.948732672276,253.6266
7574.566194511219,257.6569
7575.183556340145,254.4064
7575.801018179087,253.4516
7576.418480018029,257.6059
7577.035841846956,257.9289
7577.653303685898,248.9255
7578.270665514824,259.8795
7578.888127353767,252.4136
7579.505689202726,253.5122
7580.123151041667,254.4704
7580.740612880609,250.8181
7581.358074719552,253.2447
7581.975536558494,249.4762
7582.592698367389,254.6616
7583.210460236379,247.3727
7583.827822065306,247.9683
7584.44548392428,245.7573
7585.062945763221,247.5614
7585.6804076021635,241.4521
7586.297969451122,246.6756
7586.9154312900655,247.9637
7587.532993139023,247.5873
7588.150454977966,251.4749
7588.767916816907,247.0048
7589.385578675883,247.2377
7590.0030405148245,243.8334
7590.620602363782,247.6461
7591.238164212741,251.5962
7591.855626051683,242.2814
7592.473287910659,234.1694
7593.0908497596165,198.8014
7593.708311598559,166.256
7594.325873447517,139.2939
7594.9434352964745,121.2648
7595.560997145433,108.3062
7596.1786590044085,109.6471
7596.796220853366,118.4948
7597.413782702324,119.9222
7598.0314445612985,107.0422
7598.649006410257,101.2248
7599.2666682692325,92.6925
7599.884230118189,79.3762
7600.501891977165,78.8429
7601.1194538261225,75.0524
7601.737215695113,67.0326
7602.354777544071,67.4733
7602.97233939303,71.8082
7603.590001252003,63.0949
7604.2076631109785,63.1952
7604.825324969952,70.1141
7605.442886818911,68.6307
7606.0606486879005,68.3759
7606.678310546877,67.4368
7607.29597240585,74.012
7607.913634264825,82.2427
7608.531396133815,86.3687
7609.148957982773,78.7748
7609.766719851764,79.2488
7610.384481720754,100.1352
7610.987442107373,112.4237
7611.416185046074,104.5055
7612.033846905048,95.1733
7612.651608774038,103.9835
7613.2692706330145,135.7424
7613.780621844953,146.7826
7614.290772936699,145.364
7614.908534805691,130.1454
7615.339177934697,127.8343
7615.9567397836545,152.7958
7616.574601662661,194.4721
7617.179362229568,219.0373
7617.797124098559,230.4743
7618.414885967549,220.7995
7619.032647836539,216.7287
7619.650509715545,189.1673
7620.26817157452,157.5147
7620.885833433494,149.2983
7621.503595302485,171.978
7622.121557191507,167.2566
7622.739319060498,132.5077
7623.35728094952,110.0783
7623.974942808495,105.8992
7624.592704677485,130.8127
7625.210566556491,162.9627
7625.828328425481,157.7531
7626.446190304488,120.3024
7627.063952173478,92.3949
7627.682014072517,90.5519
7628.299675931491,118.3887
7628.917537810497,165.6249
7629.535499699519,169.1351
7630.15326156851,132.3978
7630.771123447516,96.8128
7631.389085336538,82.7561
7632.00684720553,107.1132
7632.624709084536,151.4724
7633.242570963543,181.9366
7633.8603328325335,167.2896
7634.47819471154,121.1141
7635.096156600562,88.8572
7635.7139184695525,85.3553
7636.331980368591,117.8873
7636.949942257613,160.5087
7637.567804136619,186.466
7638.185666015625,170.9897
7638.803527894632,126.0165
7639.421689803687,96.546
7640.039551682693,90.4121
7640.657413561699,118.6024
7641.275375450722,160.5631
7641.893237329728,187.0435
7642.511399238783,191.0724
7643.129361127805,156.2721
7643.7472230068115,117.3647
7644.365184895833,95.7608
7644.983046774841,106.2057
7645.601108673879,144.0358
7646.219070562902,181.996
7646.837032451924,195.1517
7647.454994340946,184.334
7648.073056239985,153.6287
7648.691018129008,123.3197
7649.309080028045,111.6059
7649.927041917068,127.2741
7650.545103816107,164.0789
7651.163065705129,193.5825
7651.7811276041675,202.5095
7652.39908949319,197.81
7653.017151392228,166.7532
7653.635213291267,136.8278
7654.253275190306,125.2676
7654.871237079327,142.46
7655.48919896835,175.7218
7656.1074608874205,199.2963
7656.725322766427,212.1094
7657.343584685496,208.7497
7657.961546574519,196.2987
7658.565107021235,174.1417
7658.994149989985,154.5493
7659.612211889023,148.5808
7660.230173778045,158.6638
7660.742125050081,184.4054
7661.252276141827,195.8754
7661.8704380508825,203.9833
7662.301181189905,208.8898
7662.90624178686,213.8901
7663.52450370593,197.9944
7664.142565604969,179.2576
7664.760627504008,162.6362
7665.378789413062,161.4233
7665.996951322117,179.5141
7666.615013221154,201.1403
7667.233075120193,205.5988
7667.851237029247,211.9507
7668.469498948318,203.7058
7669.087560847356,203.2859
7669.705822766427,186.5368
7670.323884665466,175.5973
7670.942146584536,167.9211
7671.560308493591,179.8559
7672.178570412661,194.5194
7672.796632311699,205.3101
7673.414894230769,208.5206
7674.033156149841,204.3433
7674.651318058895,204.7058
7675.269379957933,199.9985
7675.88774188702,194.1556
7676.50600380609,181.3366
7677.124065705129,180.6121
7677.742427634215,191.4689
7678.360589543269,201.135
7678.978951472356,198.6959
7679.597113381412,194.8565
7680.215375300482,192.7921
7680.833637219553,197.0214
7681.451799128607,198.0964
7682.0701610576925,190.5218
7682.688222956732,184.6417
7683.306484875802,184.7324
7683.92504682492,187.361
7684.543208733976,196.1276
7685.161470653046,195.0248
7685.779532552085,195.9034
7686.397994491186,197.4252
7687.016356420273,192.9896
7687.634618339343,191.4076
7688.25298026843,190.7408
7688.871242187501,191.4727
7689.489504106572,189.9239
7690.1077660256415,193.6321
7690.726227964745,193.3136
7691.344589893831,196.1782
7691.962751802886,191.3123
7692.581213741989,193.6781
7693.199575671075,190.3138
7693.818037610176,190.7089
7694.436299529247,189.6935
7695.054561448319,188.4721
7695.6730233874205,184.494
7696.291385316506,185.9242
7696.909747245593,190.7385
7697.52810917468,189.8635
7698.1463710937505,190.4661
7698.76493304287,191.8862
7699.383494991987,190.0491
7700.001856921074,185.4811
7700.620118840145,192.6111
7701.238580779248,195.9617
7701.856642678286,194.9875
7702.475404647436,189.9356
7703.093666566507,187.9359
7703.71212850561,189.5343
7704.315988982373,187.9605
7704.744831931091,189.9432
7705.3631938601775,190.954
7705.875545172276,191.2826
7706.386496344152,190.2812
7707.004858273239,184.6447
7707.4358014322925,187.8408
7708.041262069311,186.405
7708.659824018431,185.9967
7709.278285957533,183.3679
7709.896447866588,192.475
7710.5152098357385,187.8009
7711.133771784856,189.9679
7711.75223372396,189.0701
7712.370795673078,185.5951
7712.98925761218,187.6613
7713.607619541267,185.2795
7714.2262815004015,186.2595
7714.844743439504,189.0208
7715.463205378606,186.33
7716.08166731771,186.2898
7716.700329276843,182.3758
7717.318991235978,181.0492
7717.937353165064,185.1515
7718.555815104168,187.7965
7719.174477063301,184.0572
7719.793039012421,181.2951
7720.411600961539,186.0326
7721.030162910658,189.1402
7721.648824869792,185.729
7722.267286808896,184.2956
7722.885648737982,183.3935
7723.504310697116,185.7238
7724.122972656251,181.3103
7724.741634615385,178.3776
7725.360196564504,182.9063
7725.978958533655,180.9658
7726.597520482773,181.1393
7727.21588241186,182.8512
7727.834744391027,178.0786
7729.056166716748,4.6564
7729.690530248398,129.8658
7730.308992187502,171.1166
7730.927754156652,172.4749
7731.546516125803,174.8028
7732.164978064905,176.3486
7732.783640024039,179.2354
7733.40240199319,175.2731
7734.021063952325,174.5474
7734.639725911459,175.866
7735.258287860577,179.8308
7735.876949819713,180.2829
7736.495711788863,180.1232
7737.114473758014,172.4545
7737.733035707131,175.6467
7738.351697666267,178.5226
7738.970459635418,177.339
7739.589121594552,177.7494
7740.207983573719,175.9642
7740.826645532854,172.6754
7741.4453074919875,174.7207
7742.064069461139,172.6686
7742.682731420273,176.0137
7743.301493389424,174.6013
7743.919955328527,176.838
7744.5388173076935,172.8754
7745.157779296876,172.2392
7745.776441256009,169.7042
7746.3953032351765,170.3547
7747.013965194312,174.0913
7747.618025691107,174.3812
7748.046868639825,173.699
7748.665630608975,178.2268
7749.284592598157,176.6458
7749.797043920274,175.9577
7750.308695162261,177.2367
7750.7396383213145,179.8737
7751.345498998398,179.8233
7751.964360977565,185.1959
