wav,flam
5579.361838481951,
5579.961748360287,
5580.561658238622,
5581.161568116958,
5581.761477995295,
5582.36138787363,
5582.861312772243,
5583.461222650579,
5584.061132528914,
5584.66104240725,
5585.260952285586,
5585.860862163921,
5586.360787062535,
5586.960696940871,
5587.5606068192055,
5588.160516697541,
5588.760426575878,
5589.360336454213,
5589.96024633255,
5590.460171231162,
5591.060081109498,
5591.659990987833,
5592.25990086617,
5592.859810744505,
5593.459720622842,
5593.959645521454,
5594.55955539979,
5595.159465278125,
5595.759375156462,
5596.359285034797,
5596.959194913134,
5597.459119811746,
5598.059029690082,
5598.658939568417,
5599.258849446754,
5599.858759325089,
5600.458669203425,
5601.05857908176,
5601.558503980374,
5602.1584138587095,
5602.758323737045,
5603.35823361538,
5603.958143493717,
5604.558053372052,
5605.057978270665,
5605.657888149001,
5606.257798027337,
5606.857707905672,
5607.457617784009,
5608.057527662344,
5608.657437540681,
5609.157362439293,
5609.757272317629,
5610.357182195964,
5610.957092074301,
5611.557001952636,
5612.156911830973,
5612.656836729585,
5613.256746607922,
5613.856656486256,
5614.456566364593,
5615.056476242928,
5615.656386121264,
5616.256295999599,330.24
5616.7562208982135,256.42
5617.356130776548,298.53
5617.956040654884,265.63
5618.555950533219,258.4
5619.155860411556,283.95
5619.755770289892,288.91
5620.255695188505,280.18
5620.855605066839,298.48
5621.455514945176,295.46
5622.055424823511,303.39
5622.655334701848,296.17
5623.255244580184,286.56
5623.855154458519,306.81
5624.355079357132,278.6
5624.954989235468,270.98
5625.554899113803,327.8
5626.15480899214,309.79
5626.754718870476,291.13
5627.354628748811,241.09
5627.854553647424,229.29
5628.45446352576,311.54
5629.054373404095,259.57
5629.654283282432,317.26
5630.2541931607675,265.68
5630.854103039103,351.06
5631.454012917438,227.45
5631.953937816052,272.51
5632.553847694387,287.78
5633.153757572723,318.51
5633.753667451059,299.46
5634.353577329395,314.86
5634.95348720773,332.41
5635.453412106344,290.77
5636.053321984678,282.0
5636.653231863015,303.82
5637.253141741351,321.55
5637.853051619687,317.33
5638.452961498022,314.09
5639.052871376358,316.24
5639.55279627497,331.01
5640.152706153307,324.12
5640.752616031643,332.14
5641.352525909979,286.68
5641.952435788315,319.54
5642.55234566665,331.79
5643.152255544986,290.95
5643.652180443599,292.72
5644.252090321935,321.59
5644.852000200271,302.74
5645.4519100786065,283.17
5646.0518199569415,311.6
5646.651729835277,290.74
5647.151654733891,284.6
5647.7515646122265,309.09
5648.351474490562,273.21
5648.951384368898,263.33
5649.551294247233,268.6
5650.151204125569,249.38
5650.751114003906,249.14
5651.251038902518,248.29
5651.850948780854,302.56
5652.45085865919,303.42
5653.050768537526,301.01
5653.650678415861,294.48
5654.250588294198,295.38
5654.75051319281,274.36
5655.350423071146,312.97
5655.950332949482,291.24
5656.550242827818,302.83
5657.150152706153,285.48
5657.75006258449,259.74
5658.349972462825,265.31
5658.849897361438,283.88
5659.449807239774,268.84
5660.04971711811,288.19
5660.649626996445,280.43
5661.249536874781,296.37
5661.849446753116,315.49
5662.449356631453,307.01
5662.9492815300655,319.69
5663.549191408401,333.54
5664.149101286737,342.23
5664.749011165073,319.94
5665.348921043408,334.79
5665.948830921745,349.28
5666.448755820357,329.1
5667.048665698693,318.36
5667.648575577029,317.85
5668.248485455365,299.89
5668.8483953337,293.77
5669.448305212037,299.7
5670.048215090372,293.23
5670.548139988985,312.7
5671.148049867321,316.91
5671.747959745658,292.43
5672.347869623992,297.49
5672.947779502329,310.24
5673.5476893806635,291.37
5674.147599259,285.08
5674.647524157613,285.05
5675.2474340359495,272.91
5675.847343914284,273.72
5676.44725379262,271.61
5677.047163670955,275.11
5677.647073549292,292.04
5678.1469984479045,303.34
5678.746908326241,295.43
5679.346818204575,302.64
5679.946728082912,327.8
5680.546637961247,324.76
5681.146547839584,303.27
5681.74645771792,312.4
5682.246382616533,306.47
5682.846292494868,321.19
5683.446202373204,330.78
5684.046112251539,324.1
5684.646022129876,325.26
5685.245932008212,328.07
5685.845841886547,310.52
5686.34576678516,309.07
5686.945676663496,320.07
5687.545586541831,312.96
5688.145496420168,318.24
5688.745406298503,292.16
5689.345316176839,298.3
5689.845241075452,308.45
5690.445150953788,302.54
5691.0450608321225,310.61
5691.644970710459,292.91
5692.244880588795,287.03
5692.844790467131,304.28
5693.444700345466,308.74
5693.94462524408,292.11
5694.544535122414,279.62
5695.144445000751,286.72
5695.744354879087,278.58
5696.344264757423,288.25
5696.944174635758,282.42
5697.544084514094,273.84
5698.044009412706,264.31
5698.643919291043,264.42
5699.243829169379,263.3
5699.843739047715,281.77
5700.443648926051,282.27
5701.043558804386,269.54
5701.543483702998,263.5
5702.143393581335,292.64
5702.743303459671,301.34
5703.3432133380065,310.59
5703.943123216342,310.66
5704.543033094677,327.24
5705.142942973013,329.26
5705.642867871627,321.6
5706.242777749962,317.28
5706.842687628298,337.27
5707.442597506634,307.52
5708.042507384969,334.1
5708.642417263305,325.7
5709.242327141642,349.15
5709.742252040254,332.39
5710.34216191859,339.16
5710.942071796926,350.92
5711.541981675262,349.66
5712.141891553597,338.18
5712.741801431934,347.41
5713.341711310269,360.0
5713.841636208882,343.5
5714.441546087218,329.97
5715.041455965554,349.36
5715.641365843889,343.57
5716.2412757222255,334.18
5716.8411856005605,337.12
5717.341110499174,326.46
5717.94102037751,325.13
5718.5409302558455,329.16
5719.1408401341805,325.92
5719.740750012517,327.62
5720.340659890852,323.29
5720.940569769189,340.21
5721.440494667801,321.81
5722.040404546137,331.31
5722.640314424473,347.21
5723.240224302809,326.74
5723.840134181144,341.89
5724.440044059481,326.55
5725.039953937816,340.95
5725.539878836429,348.34
5726.139788714765,352.0
5726.739698593101,368.21
5727.339608471436,336.0
5727.939518349773,346.02
5728.539428228108,330.35
5729.1393381064445,341.01
5729.639263005057,331.99
5730.239172883393,308.77
5730.839082761728,320.95
5731.4389926400645,315.98
5732.0389025183995,333.09
5732.638812396736,318.1
5733.138737295349,333.8
5733.738647173685,313.95
5734.3385570520195,318.36
5734.938466930356,312.08
5735.538376808691,305.43
5736.138286687028,322.12
5736.738196565363,324.25
5737.238121463977,339.02
5737.838031342311,349.06
5738.437941220648,335.48
5739.037851098983,326.44
5739.63776097732,327.44
5740.237670855656,328.93
5740.837580733991,332.54
5741.337505632603,303.57
5741.93741551094,325.43
5742.537325389275,319.89
5743.137235267612,334.23
5743.737145145948,320.22
5744.337055024283,303.86
5744.9369649026185,293.32
5745.436889801232,300.2
5746.036799679567,303.35
5746.6367095579035,328.25
5747.236619436239,332.53
5747.836529314574,353.07
5748.43643919291,343.5
5749.036349071246,341.1
5749.5362739698585,331.62
5750.136183848195,321.27
5750.736093726531,329.94
5751.336003604867,317.74
5751.935913483202,326.01
5752.535823361538,346.31
5753.135733239874,329.32
5753.635658138487,331.53
5754.235568016823,345.61
5754.835477895159,358.8
5755.435387773494,357.18
5756.03529765183,338.81
5756.635207530166,335.79
5757.135132428779,348.99
5757.735042307115,357.63
5758.334952185451,350.59
5758.934862063786,351.03
5759.534771942122,357.17
5760.134681820457,323.41
5760.734591698794,346.86
5761.234516597407,333.11
5761.8344264757425,321.61
5762.434336354078,350.32
5763.034246232413,330.75
5763.634156110749,347.83
5764.234065989086,337.84
5764.833975867421,342.29
5765.333900766034,341.36
5765.93381064437,336.16
5766.533720522705,319.51
5767.133630401041,352.99
5767.733540279378,331.27
5768.333450157713,329.24
5768.93336003605,351.84
5769.433284934662,318.1
5770.033194812997,331.52
5770.633104691333,316.9
5771.23301456967,306.26
5771.832924448005,328.65
5772.432834326341,322.37
5773.0327442046755,314.18
5773.53266910329,307.15
5774.132578981625,313.52
5774.732488859961,339.64
5775.332398738296,325.92
5775.932308616633,314.85
5776.532218494967,314.37
5777.132128373304,334.85
5777.632053271916,328.91
5778.231963150253,322.05
5778.831873028588,357.17
5779.431782906925,333.37
5780.03169278526,317.89
5780.631602663596,317.15
5781.131527562208,347.42
5781.731437440545,318.88
5782.33134731888,329.48
5782.931257197217,316.63
5783.531167075552,319.67
5784.131076953888,336.12
5784.730986832224,341.39
5785.230911730837,347.49
5785.830821609172,359.44
5786.430731487509,335.04
5787.030641365844,349.54
5787.6305512441795,332.75
5788.230461122515,326.54
5788.830371000851,331.81
5789.330295899464,316.96
5789.9302057778,309.71
5790.530115656135,311.67
5791.130025534472,323.48
5791.729935412807,343.06
5792.329845291143,352.77
5792.929755169479,345.06
5793.429680068092,324.71
5794.029589946427,342.11
5794.629499824764,322.81
5795.229409703099,314.45
5795.829319581435,316.14
5796.429229459771,303.26
5797.029139338107,308.31
5797.529064236719,325.72
5798.128974115056,320.35
5798.728883993392,341.85
5799.328793871727,328.27
5799.928703750063,331.59
5800.5286136283985,344.22
5801.128523506734,331.37
5801.628448405348,331.97
5802.2283582836835,343.93
5802.8282681620185,361.64
5803.428178040354,335.46
5804.02808791869,337.17
5804.627997797026,337.8
5805.227907675362,349.05
5805.727832573975,351.86
5806.32774245231,347.74
5806.927652330646,355.34
5807.527562208982,348.61
5808.127472087318,330.89
5808.727381965655,338.14
5809.327291843989,331.63
5809.827216742603,342.75
5810.427126620938,324.98
5811.027036499274,352.73
5811.62694637761,347.47
5812.226856255947,334.74
5812.826766134281,346.67
5813.4266760126175,345.42
5813.92660091123,350.46
5814.526510789566,337.55
5815.126420667902,347.05
5815.726330546238,346.66
5816.326240424573,363.39
5816.926150302909,355.69
5817.526060181244,361.9
5818.0259850798575,362.12
5818.625894958193,368.44
5819.22580483653,340.38
5819.825714714865,329.87
5820.425624593201,362.48
5821.025534471536,364.9
5821.625444349873,363.98
5822.125369248485,365.3
5822.725279126822,359.43
5823.325189005157,354.77
5823.925098883493,356.74
5824.525008761828,354.38
5825.124918640165,354.92
5825.624843538777,362.33
5826.224753417114,344.84
5826.824663295449,356.39
5827.424573173786,352.83
5828.02448305212,357.9
5828.624392930456,374.22
5829.224302808792,361.75
5829.724227707406,369.45
5830.324137585741,338.84
5830.924047464077,359.33
5831.523957342411,354.09
5832.123867220748,363.58
5832.723777099084,348.76
5833.32368697742,344.01
5833.823611876032,344.28
5834.423521754369,343.59
5835.023431632703,337.2
5835.62334151104,325.3
5836.223251389376,337.62
5836.823161267712,351.88
5837.423071146048,356.0
5837.922996044661,327.35
5838.522905922996,334.76
5839.122815801332,342.45
5839.722725679668,327.43
5840.322635558004,335.3
5840.9225454363395,318.83
5841.5224553146745,320.54
5842.022380213288,317.23
5842.622290091624,322.88
5843.22219996996,298.95
5843.822109848295,277.74
5844.422019726631,293.72
5845.021929604967,282.19
5845.621839483302,300.07
5846.121764381915,301.89
5846.721674260251,303.32
5847.321584138587,305.79
5847.921494016923,313.76
5848.521403895259,330.02
5849.121313773594,314.45
5849.721223651931,302.83
5850.221148550543,303.58
5850.821058428879,323.92
5851.420968307215,313.57
5852.020878185551,325.59
5852.620788063886,322.27
5853.220697942223,338.52
5853.820607820558,324.54
5854.320532719171,314.97
5854.920442597507,326.08
5855.520352475843,326.1
5856.1202623541785,326.21
5856.720172232514,336.89
5857.320082110849,350.13
5857.919991989186,346.79
5858.4199168877985,345.21
5859.019826766134,340.85
5859.61973664447,327.48
5860.219646522806,339.34
5860.819556401141,340.86
5861.419466279478,353.57
5862.019376157813,348.56
5862.519301056426,371.84
5863.119210934762,354.77
5863.719120813098,333.68
5864.319030691433,361.64
5864.91894056977,364.03
5865.518850448105,398.18
5866.118760326442,440.56
5866.618685225054,429.43
5867.218595103391,410.43
5867.818504981725,375.25
5868.418414860062,373.11
5869.018324738397,355.08
5869.618234616733,319.53
5870.218144495068,329.17
5870.7180693936825,324.02
5871.317979272017,332.54
5871.917889150353,329.38
5872.517799028688,327.97
5873.117708907025,328.49
5873.717618785361,324.23
5874.317528663696,304.83
5874.817453562308,303.64
5875.417363440645,316.54
5876.01727331898,298.39
5876.617183197317,314.38
5877.217093075653,290.45
5877.817002953988,300.65
5878.416912832324,303.23
5878.916837730937,280.28
5879.516747609272,249.48
5880.116657487609,245.36
5880.716567365945,227.64
5881.31647724428,226.79
5881.916387122616,219.13
5882.5162970009505,238.99
5883.016221899564,260.7
5883.616131777901,266.7
5884.2160416562365,296.48
5884.815951534572,296.62
5885.415861412907,275.44
5886.015771291243,268.81
5886.615681169579,254.12
5887.115606068192,257.4
5887.715515946528,258.16
5888.315425824864,260.56
5888.915335703199,277.68
5889.515245581535,287.37
5890.115155459871,295.65
5890.715065338207,294.92
5891.21499023682,306.86
5891.814900115156,331.73
5892.414809993491,346.17
5893.014719871827,339.35
5893.614629750163,332.02
5894.214539628499,344.96
5894.8144495068345,340.88
5895.314374405448,326.86
5895.914284283784,302.62
5896.514194162119,306.03
5897.114104040455,311.91
5897.714013918791,328.62
5898.313923797126,330.79
5898.913833675461,322.53
5899.4137585740755,336.47
5900.0136684524105,324.85
5900.613578330746,328.11
5901.213488209083,321.38
5901.813398087418,319.26
5902.413307965754,323.57
5903.013217844089,327.63
5903.513142742702,325.23
5904.113052621038,325.05
5904.712962499375,315.7
5905.31287237771,306.26
5905.912782256047,312.54
5906.512692134381,309.55
5907.112602012717,319.27
5907.61252691133,336.98
5908.212436789667,326.6
5908.812346668002,332.07
5909.4122565463385,331.54
5910.012166424673,316.72
5910.6120763030085,330.27
5911.211986181345,347.27
5911.711911079959,349.11
5912.3118209582935,344.1
5912.91173083663,352.4
5913.511640714965,343.38
5914.1115505933,342.02
5914.711460471637,339.16
5915.311370349972,347.55
5915.811295248585,335.75
5916.411205126922,338.69
5917.011115005257,337.59
5917.611024883593,339.92
5918.210934761929,332.71
5918.810844640264,333.71
5919.410754518601,336.42
5919.910679417214,325.53
5920.510589295549,322.51
5921.110499173885,327.29
5921.710409052221,312.31
5922.310318930556,312.78
5922.9102288088925,331.27
5923.5101386872275,338.93
5924.010063585841,321.51
5924.6099734641775,319.16
5925.2098833425125,311.91
5925.8097932208475,322.37
5926.409703099184,313.07
5927.009612977519,325.64
5927.609522855855,335.06
5928.109447754469,342.12
5928.709357632804,330.53
5929.30926751114,318.45
5929.909177389476,340.09
5930.509087267811,357.71
5931.108997146148,354.44
5931.708907024483,344.76
5932.208831923096,336.08
5932.808741801432,337.89
5933.408651679768,340.17
5934.008561558103,349.22
5934.60847143644,338.26
5935.208381314775,327.24
5935.808291193111,329.52
5936.308216091724,350.4
5936.90812597006,338.08
5937.508035848396,340.3
5938.1079457267315,348.12
5938.7078556050665,349.72
5939.307765483402,319.65
5939.907675361738,317.29
5940.4076002603515,311.41
5941.007510138687,318.26
5941.607420017023,314.06
5942.207329895359,308.45
5942.807239773694,315.26
5943.40714965203,311.59
5944.007059530366,307.73
5944.506984428979,315.99
5945.106894307315,325.0
5945.706804185651,317.09
5946.306714063986,334.75
5946.906623942322,332.77
5947.506533820658,333.08
5948.106443698994,329.51
5948.606368597607,340.09
5949.206278475944,363.69
5949.806188354278,351.59
5950.406098232614,345.29
5951.00600811095,359.61
5951.605917989285,347.18
5952.205827867622,343.49
5952.7057527662355,351.34
5953.3056626445705,351.82
5953.9055725229055,343.22
5954.505482401241,349.37
5955.105392279577,354.52
5955.705302157914,333.32
5956.205227056527,348.11
5956.805136934862,348.38
5957.405046813197,360.59
5958.004956691533,345.79
5958.604866569869,342.1
5959.204776448206,346.54
5959.804686326541,362.14
5960.304611225154,357.86
5960.904521103491,361.97
5961.504430981825,360.87
5962.104340860161,365.72
5962.704250738498,351.7
5963.304160616833,344.35
5963.9040704951685,340.85
5964.403995393783,344.07
5965.003905272117,331.7
5965.603815150453,331.48
5966.203725028789,336.85
5966.803634907124,349.89
5967.403544785461,339.66
5968.003454663795,331.61
5968.503379562409,337.46
5969.103289440744,337.25
5969.703199319081,323.79
5970.303109197416,345.8
5970.903019075753,347.92
5971.502928954087,337.05
5972.102838832424,352.72
5972.602763731037,332.57
5973.202673609373,336.6
5973.802583487708,330.48
5974.402493366045,333.93
5975.002403244379,320.39
5975.602313122716,327.02
5976.202223001052,328.24
5976.702147899665,327.22
5977.302057778,327.29
5977.901967656337,334.86
5978.501877534672,344.19
5979.1017874130075,335.49
5979.701697291343,332.28
5980.301607169679,330.04
5980.8015320682925,336.09
5981.401441946628,333.85
5982.001351824963,336.18
5982.601261703299,333.04
5983.201171581635,325.53
5983.801081459971,348.66
5984.400991338307,354.41
5984.90091623692,360.26
5985.500826115255,349.28
5986.100735993591,351.85
5986.700645871927,345.56
5987.300555750263,342.72
5987.900465628599,352.4
5988.500375506935,347.7
5989.000300405547,334.52
5989.600210283884,348.24
5990.200120162219,349.77
5990.800030040555,344.45
5991.399939918891,331.49
5991.9998497972265,329.45
5992.5997596755615,338.36
5993.099684574176,322.07
5993.699594452511,323.06
5994.2995043308465,313.59
5994.899414209182,322.22
5995.499324087518,319.55
5996.099233965854,329.69
5996.69914384419,337.86
5997.199068742802,330.83
5997.798978621138,315.69
5998.398888499474,304.6
5998.99879837781,309.39
5999.598708256146,323.86
6000.198618134482,329.6
6000.798528012817,328.14
6001.29845291143,323.01
6001.898362789766,341.56
6002.498272668102,328.61
6003.098182546438,327.11
6003.698092424774,328.53
6004.298002303109,329.1
6004.8979121814455,324.41
6005.397837080058,333.28
6005.997746958394,327.83
6006.59765683673,325.39
6007.197566715066,320.58
6007.7974765934005,327.23
6008.397386471737,329.91
6008.997296350072,319.2
6009.4972212486855,313.77
6010.097131127021,322.45
6010.697041005358,335.87
6011.296950883692,341.22
6011.896860762029,331.07
6012.496770640364,330.51
6013.096680518701,332.18
6013.596605417313,335.98
6014.19651529565,336.41
6014.796425173984,330.2
6015.396335052321,337.8
6015.996244930656,333.96
6016.596154808993,345.66
6017.1960646873285,336.91
6017.695989585942,338.56
6018.295899464277,355.96
6018.895809342613,342.97
6019.495719220948,338.57
6020.095629099284,334.06
6020.69553897762,338.13
6021.295448855955,347.78
6021.795373754569,349.01
6022.3952836329045,348.63
6022.995193511239,350.8
6023.595103389576,358.3
6024.195013267912,346.82
6024.794923146248,352.2
6025.394833024583,358.41
6025.894757923196,340.62
6026.494667801531,337.92
6027.094577679868,361.36
6027.694487558204,361.83
6028.29439743654,361.65
6028.894307314875,362.86
6029.494217193211,354.3
6029.994142091823,347.09
6030.59405197016,358.87
6031.193961848496,357.14
6031.793871726832,348.02
6032.393781605167,353.02
6032.9936914835025,360.37
6033.493616382115,359.35
6034.093526260452,344.96
6034.693436138788,344.01
6035.293346017123,359.66
6035.893255895459,353.55
6036.493165773794,363.75
6037.09307565213,361.23
6037.593000550743,353.83
6038.192910429079,359.92
6038.792820307415,359.26
6039.392730185751,354.56
6039.992640064086,357.13
6040.592549942422,337.38
6041.192459820759,345.0
6041.692384719371,335.71
6042.292294597707,338.85
6042.892204476043,342.2
6043.492114354378,339.57
6044.092024232714,326.16
6044.691934111051,344.55
6045.291843989386,346.7
6045.791768887999,354.11
6046.391678766335,357.87
6046.991588644671,357.17
6047.591498523006,347.09
6048.191408401342,341.2
6048.791318279677,360.92
6049.391228158014,358.69
6049.8911530566265,352.53
6050.491062934962,347.47
6051.090972813297,339.7
6051.690882691634,340.21
6052.290792569969,349.57
6052.890702448306,346.93
6053.490612326641,354.83
6053.990537225254,353.06
6054.590447103589,345.6
6055.190356981926,350.78
6055.790266860261,336.42
6056.390176738598,338.96
6056.990086616933,340.82
6057.589996495269,362.48
6058.089921393882,359.63
6058.689831272218,380.56
6059.289741150553,377.61
6059.88965102889,362.43
6060.489560907225,378.34
6061.0894707855605,373.32
6061.689380663896,365.86
6062.18930556251,369.18
6062.789215440845,369.91
6063.389125319181,377.8
6063.989035197516,361.66
6064.588945075853,360.49
6065.188854954188,357.52
6065.688779852801,359.35
6066.288689731136,361.17
6066.888599609473,343.94
6067.488509487808,335.68
6068.088419366145,338.81
6068.68832924448,336.65
6069.288239122816,324.17
6069.788164021428,336.73
6070.388073899765,339.71
6070.9879837781,334.87
6071.587893656437,339.27
6072.187803534772,333.18
6072.787713413108,347.27
6073.387623291444,340.11
6073.887548190057,337.17
6074.487458068392,327.13
6075.087367946729,343.4
6075.6872778250645,339.62
6076.2871877033995,334.33
6076.887097581735,341.93
6077.487007460071,324.32
6077.986932358684,343.19
6078.58684223702,323.09
6079.186752115356,346.17
6079.786661993691,359.29
6080.386571872027,358.03
6080.986481750363,348.6
6081.586391628699,343.1
6082.086316527312,356.94
6082.686226405648,348.31
6083.286136283983,353.62
6083.886046162319,348.51
6084.485956040655,348.7
6085.085865918991,355.51
6085.685775797328,355.16
6086.18570069594,348.58
6086.785610574276,360.38
6087.385520452611,353.85
6087.985430330947,337.01
6088.585340209283,342.91
6089.185250087619,330.92
6089.685174986232,319.85
6090.285084864568,326.09
6090.884994742903,333.45
6091.4849046212385,332.47
6092.084814499574,332.3
6092.684724377911,321.96
6093.284634256246,316.59
6093.784559154859,318.79
6094.384469033195,320.58
6094.98437891153,335.84
6095.584288789866,347.49
6096.184198668203,341.48
6096.784108546538,348.35
6097.384018424874,347.47
6097.883943323487,340.17
6098.483853201822,341.65
6099.083763080158,336.73
6099.683672958495,349.91
6100.28358283683,358.16
6100.883492715166,342.93
6101.483402593501,349.44
6101.983327492114,345.64
6102.58323737045,341.13
6103.183147248787,346.3
6103.7830571271215,341.94
6104.382967005458,337.98
6104.982876883792,328.86
6105.582786762129,329.64
6106.082711660742,322.52
6106.682621539078,321.33
6107.282531417413,341.72
6107.88244129575,331.53
6108.482351174084,338.45
6109.082261052421,356.56
6109.582185951033,349.98
6110.18209582937,344.09
6110.782005707705,336.49
6111.381915586042,326.42
6111.981825464377,320.28
6112.581735342713,316.38
6113.181645221049,318.89
6113.681570119662,324.84
6114.281479997997,328.05
6114.881389876334,356.11
6115.481299754669,358.22
6116.081209633005,366.23
6116.6811195113405,348.14
6117.281029389676,350.88
6117.780954288289,337.85
6118.3808641666255,350.86
6118.9807740449605,340.16
6119.580683923296,340.61
6120.180593801632,324.0
6120.780503679968,321.35
6121.380413558304,319.02
6121.880338456917,314.84
6122.480248335252,326.08
6123.080158213589,312.2
6123.680068091924,323.29
6124.27997797026,315.42
6124.879887848596,317.0
6125.379812747209,307.78
6125.979722625544,300.67
6126.579632503881,282.12
6127.179542382216,284.52
6127.779452260552,282.78
6128.379362138888,286.27
6128.979272017224,299.06
6129.479196915836,317.05
6130.079106794173,322.62
6130.679016672508,344.29
6131.278926550844,352.24
6131.8788364291795,312.74
6132.478746307515,316.56
6133.078656185851,309.26
6133.5785810844645,324.78
6134.1784909628,325.94
6134.778400841135,335.31
6135.378310719471,345.78
6135.978220597807,343.95
6136.578130476143,341.5
6137.178040354479,330.1
6137.677965253092,333.49
6138.277875131427,315.25
6138.877785009763,341.67
6139.477694888099,332.41
6140.077604766435,335.4
6140.677514644772,338.19
6141.177439543384,341.2
6141.777349421719,345.4
6142.377259300055,333.89
6142.977169178391,340.16
6143.577079056727,340.77
6144.1769889350635,348.38
6144.776898813398,354.5
6145.276823712012,336.48
6145.876733590347,324.4
6146.476643468683,323.78
6147.0765533470185,326.34
6147.676463225355,318.87
6148.276373103689,307.18
6148.876282982026,314.22
6149.3762078806385,304.59
6149.976117758974,298.41
6150.57602763731,304.91
6151.175937515647,296.09
6151.775847393982,290.92
6152.375757272318,299.97
6152.87568217093,296.02
6153.475592049266,304.53
6154.075501927602,288.12
6154.675411805939,302.09
6155.275321684274,320.52
6155.87523156261,321.23
6156.475141440945,317.21
6156.975066339558,325.8
6157.574976217894,321.38
6158.174886096231,314.81
6158.774795974566,326.75
6159.374705852902,324.71
6159.974615731237,328.61
6160.574525609573,326.99
6161.074450508186,317.84
6161.6743603865225,314.26
6162.2742702648575,318.15
6162.874180143194,337.86
6163.474090021528,338.1
6164.073999899865,340.84
6164.5739247984775,318.39
6165.173834676814,322.51
6165.773744555149,332.03
6166.373654433486,330.36
6166.97356431182,328.9
6167.573474190157,345.95
6168.173384068493,339.42
6168.673308967106,337.83
6169.273218845441,347.42
6169.873128723778,341.33
6170.473038602112,351.06
6171.072948480449,349.2
6171.672858358785,351.32
6172.2727682371205,340.86
6172.772693135733,339.88
6173.37260301407,340.39
6173.972512892405,344.89
6174.572422770741,339.73
6175.172332649076,344.16
6175.772242527412,331.79
6176.272167426025,329.68
6176.8720773043615,322.01
6177.4719871826965,323.66
6178.071897061032,309.85
6178.671806939368,334.56
6179.271716817704,333.09
6179.87162669604,335.4
6180.371551594653,330.85
6180.971461472988,336.96
6181.571371351324,331.04
6182.17128122966,325.74
6182.771191107996,330.69
6183.371100986332,330.46
6183.971010864668,337.27
6184.47093576328,340.06
6185.070845641617,331.67
6185.670755519952,337.84
6186.270665398288,345.37
6186.870575276624,344.43
6187.4704851549595,341.4
6187.970410053572,335.97
6188.570319931909,341.91
6189.170229810244,347.67
6189.77013968858,336.35
6190.370049566915,350.05
6190.969959445251,340.88
6191.569869323587,341.05
6192.0697942222005,330.12
6192.6697041005355,343.93
6193.269613978871,352.28
6193.869523857207,359.57
6194.469433735543,350.93
6195.069343613879,360.01
6195.569268512492,358.15
6196.169178390828,357.88
6196.769088269163,350.26
6197.368998147499,340.36
6197.968908025835,330.17
6198.568817904171,326.42
6199.168727782507,334.5
6199.66865268112,327.51
6200.268562559455,323.48
6200.868472437791,334.25
6201.468382316127,313.75
6202.068292194463,325.24
6202.668202072799,309.23
6203.168126971412,315.96
6203.768036849747,317.81
6204.367946728083,306.06
6204.9678566064185,304.18
6205.567766484754,296.5
6206.167676363091,302.25
6206.767586241425,314.01
6207.2675111400395,310.6
6207.867421018374,316.9
6208.46733089671,313.44
6209.067240775046,312.04
6209.667150653383,300.9
6210.267060531717,309.13
6210.766985430331,311.79
6211.366895308666,323.32
6211.966805187002,321.74
6212.566715065338,331.39
6213.166624943675,327.31
6213.76653482201,323.12
6214.366444700346,325.61
6214.866369598959,329.7
6215.466279477294,312.87
6216.06618935563,310.76
6216.666099233967,315.75
6217.266009112302,307.52
6217.8659189906375,314.32
6218.365843889251,307.67
6218.965753767586,306.8
6219.565663645922,321.93
6220.165573524258,315.91
6220.765483402593,323.57
6221.36539328093,311.14
6221.965303159264,315.24
6222.4652280578775,324.81
6223.065137936213,324.05
6223.66504781455,339.65
6224.264957692885,340.93
6224.864867571222,331.39
6225.464777449556,332.98
6225.96470234817,325.98
6226.564612226505,313.37
6227.164522104842,308.68
6227.764431983177,295.21
6228.364341861514,300.37
6228.964251739848,292.91
6229.564161618185,288.66
6230.064086516797,304.09
6230.663996395134,301.98
6231.263906273469,303.1
6231.863816151806,298.87
6232.463726030141,308.29
6233.0636359084765,313.19
6233.563560807089,304.03
6234.163470685426,300.68
6234.763380563761,297.78
6235.363290442097,290.47
6235.963200320432,284.45
6236.563110198768,278.14
6237.163020077104,288.87
6237.662944975717,273.66
6238.262854854052,290.43
6238.862764732389,286.03
6239.462674610724,292.33
6240.06258448906,305.63
6240.662494367396,295.24
6241.162419266009,285.74
6241.762329144344,305.66
6242.362239022681,280.05
6242.962148901016,280.45
6243.562058779353,264.9
6244.161968657688,285.71
6244.761878536024,283.23
6245.261803434636,279.04
6245.861713312973,293.59
6246.461623191308,289.51
6247.061533069645,283.11
6247.66144294798,303.26
6248.2613528263155,313.15
6248.761277724929,307.62
6249.361187603265,304.56
6249.9610974816,297.07
6250.561007359936,292.94
6251.160917238271,295.22
6251.760827116607,310.18
6252.2607520152205,313.09
6252.860661893556,308.75
6253.460571771891,308.84
6254.060481650228,325.78
6254.660391528564,324.19
6255.260301406899,327.24
6255.860211285235,322.97
6256.360136183848,341.4
6256.960046062183,333.23
6257.55995594052,317.71
6258.159865818856,334.83
6258.759775697191,341.68
6259.359685575527,333.56
6259.85961047414,330.05
6260.459520352476,333.1
6261.059430230812,326.91
6261.659340109148,337.43
6262.259249987483,354.83
6262.859159865819,341.19
6263.359084764432,358.13
6263.958994642768,355.06
6264.558904521104,329.44
6265.1588143994395,331.69
6265.758724277775,320.62
6266.35863415611,319.01
6266.958544034446,326.01
6267.4584689330595,330.44
6268.058378811395,320.51
6268.658288689732,317.34
6269.258198568067,334.72
6269.858108446402,322.51
6270.458018324738,321.37
6270.957943223351,306.89
6271.557853101687,314.01
6272.157762980024,320.82
6272.757672858359,331.44
6273.357582736694,318.04
6273.95749261503,358.94
6274.457417513643,366.31
6275.057327391979,352.43
6275.657237270316,367.6
6276.257147148651,351.22
6276.857057026987,346.37
6277.456966905322,340.89
6278.056876783658,330.36
6278.556801682271,343.23
6279.156711560608,333.75
6279.756621438943,337.19
6280.356531317279,355.66
6280.9564411956135,337.87
6281.556351073949,322.93
6282.056275972563,312.18
6282.656185850899,311.13
6283.256095729234,315.61
6283.856005607571,314.37
6284.455915485905,306.66
6285.055825364241,312.75
6285.555750262854,314.82
6286.155660141191,311.09
6286.755570019526,300.84
6287.355479897863,303.55
6287.955389776198,287.01
6288.555299654533,292.43
6289.15520953287,299.65
6289.655134431483,303.69
6290.255044309818,291.48
6290.854954188155,303.53
6291.45486406649,314.26
6292.054773944826,316.39
6292.654683823162,316.68
6293.154608721775,333.96
6293.75451860011,346.81
6294.354428478447,347.31
6294.954338356782,345.2
6295.5542482351175,343.26
6296.154158113453,329.78
6296.654083012067,331.54
6297.253992890402,329.99
6297.853902768738,337.34
6298.453812647073,336.85
6299.05372252541,326.08
6299.653632403745,333.64
6300.153557302358,324.43
6300.753467180693,325.25
6301.35337705903,323.49
6301.953286937365,323.54
6302.553196815702,321.63
6303.153106694037,302.08
6303.753016572373,307.02
6304.252941470985,315.37
6304.852851349322,304.36
6305.452761227657,285.54
6306.052671105994,296.37
6306.652580984329,294.82
6307.252490862665,296.58
6307.752415761277,279.68
6308.352325639614,292.17
6308.952235517949,312.06
6309.552145396286,311.1
6310.1520552746215,320.9
6310.7519651529565,316.87
6311.25189005157,316.96
6311.851799929906,308.48
6312.451709808241,326.35
6313.051619686577,356.56
6313.651529564913,349.43
6314.251439443248,342.22
6314.7513643418615,347.41
6315.351274220197,357.75
6315.951184098532,354.18
6316.551093976869,334.0
6317.151003855205,337.82
6317.750913733541,342.82
6318.250838632153,338.05
6318.850748510489,352.31
6319.450658388824,337.57
6320.050568267161,338.69
6320.650478145497,326.48
6321.250388023833,328.17
6321.750312922445,337.93
6322.350222800782,342.65
6322.950132679116,338.33
6323.550042557453,349.8
6324.149952435789,347.55
6324.749862314125,336.84
6325.34977219246,327.05
6325.849697091074,323.52
6326.449606969408,307.65
6327.049516847745,305.41
6327.6494267260805,305.95
6328.249336604416,318.21
6328.849246482752,342.1
6329.3491713813655,379.26
6329.9490812597,402.97
6330.548991138036,411.74
6331.148901016372,381.82
6331.748810894708,376.1
6332.348720773044,353.2
6332.848645671657,366.72
6333.448555549992,352.37
6334.048465428328,359.44
6334.648375306664,355.81
6335.248285185,361.11
6335.848195063336,364.56
6336.348119961949,365.22
6336.948029840284,354.52
6337.54793971862,374.12
6338.147849596956,362.92
6338.747759475292,357.21
6339.347669353628,354.26
6339.847594252241,346.9
6340.447504130576,340.88
6341.047414008912,339.77
6341.647323887248,323.84
6342.247233765584,323.22
6342.8471436439195,319.97
6343.347068542533,306.25
6343.946978420868,317.94
6344.5468882992045,318.58
6345.1467981775395,304.45
6345.746708055875,304.4
6346.346617934211,303.87
6346.8465428328245,312.38
6347.44645271116,317.66
6348.046362589496,322.02
6348.646272467831,308.55
6349.246182346167,304.9
6349.846092224503,313.58
6350.346017123116,308.03
6350.945927001452,311.7
6351.545836879788,319.45
6352.145746758123,328.54
6352.745656636459,327.07
6353.345566514795,330.36
6353.845491413408,335.98
6354.445401291744,326.46
6355.04531117008,330.07
6355.645221048416,327.27
6356.245130926751,340.29
6356.845040805087,342.78
6357.3449657037,341.25
6357.944875582036,352.38
6358.544785460372,349.12
6359.1446953387085,358.3
6359.744605217043,336.26
6360.3445150953785,341.89
6360.844439993992,337.34
6361.444349872328,348.99
6362.0442597506635,339.43
6362.644169629,338.74
6363.244079507334,349.09
6363.84398938567,361.22
6364.3439142842835,357.48
6364.943824162619,364.03
6365.543734040955,352.79
6366.143643919292,352.99
6366.743553797627,348.97
6367.343463675962,349.85
6367.843388574575,349.02
6368.443298452911,352.9
6369.043208331247,348.66
6369.643118209584,348.51
6370.243028087919,350.5
6370.842937966255,355.92
6371.342862864868,346.99
6371.942772743203,339.88
6372.542682621539,347.03
6373.142592499876,339.58
6373.742502378211,344.88
6374.342412256547,349.82
6374.84233715516,351.61
6375.442247033495,345.69
6376.042156911831,353.72
6376.6420667901675,340.59
6377.2419766685025,337.88
6377.841886546839,330.85
6378.341811445452,326.95
6378.941721323787,328.72
6379.5416312021225,322.32
6380.141541080459,326.65
6380.741450958794,329.34
6381.341360837131,316.44
6381.841285735743,335.8
6382.441195614079,336.69
6383.041105492414,329.45
6383.641015370751,328.07
6384.240925249086,322.78
6384.840835127423,322.07
6385.340760026035,325.25
6385.940669904371,327.86
6386.540579782706,341.93
6387.140489661043,341.99
6387.740399539378,330.86
6388.340309417715,350.5
6388.840234316327,345.08
6389.440144194663,345.64
6390.040054072999,342.0
6390.639963951335,349.66
6391.23987382967,335.5
6391.8397837080065,345.16
6392.339708606619,357.14
6392.939618484955,352.48
6393.539528363291,350.78
6394.1394382416265,355.42
6394.7393481199615,352.46
6395.339257998298,358.45
6395.839182896911,349.38
6396.4390927752465,348.03
6397.039002653582,341.7
6397.638912531918,339.38
6398.238822410253,341.23
6398.738747308867,349.52
6399.338657187202,354.37
6399.938567065538,337.81
6400.538476943874,356.36
6401.138386822211,353.25
6401.738296700545,352.38
6402.238221599158,364.59
6402.838131477494,345.82
6403.43804135583,340.89
6404.037951234166,345.53
6404.637861112503,332.51
6405.237770990837,330.79
6405.737695889451,325.17
6406.337605767787,339.19
6406.937515646122,334.57
6407.537425524458,340.67
6408.137335402795,331.21
6408.737245281129,335.04
6409.237170179743,332.22
6409.837080058079,332.58
6410.436989936414,330.42
6411.03689981475,343.65
6411.636809693086,352.17
6412.236719571421,344.61
6412.736644470035,361.13
6413.336554348371,362.39
6413.9364642267055,344.81
6414.536374105042,353.34
6415.136283983378,346.55
6415.736193861713,341.15
6416.2361187603265,328.58
6416.836028638663,322.99
6417.435938516997,333.57
6418.035848395334,323.66
6418.63575827367,327.6
6419.135683172283,327.77
6419.735593050618,334.49
6420.335502928955,317.08
6420.935412807289,327.17
6421.535322685626,319.58
6422.135232563962,319.33
6422.635157462575,321.27
6423.23506734091,328.9
6423.834977219247,330.7
6424.434887097581,337.36
6425.034796975918,346.08
6425.634706854254,354.16
6426.134631752867,363.4
6426.734541631202,344.8
6427.334451509539,338.16
6427.934361387874,331.18
6428.5342712662095,341.9
6429.134181144545,337.73
6429.634106043159,341.7
6430.234015921494,367.48
6430.8339257998305,376.16
6431.433835678165,379.69
6432.033745556501,379.7
6432.533670455115,366.1
6433.1335803334505,377.63
6433.7334902117855,353.28
6434.333400090122,353.54
6434.933309968457,351.89
6435.533219846793,350.58
6436.033144745406,353.3
6436.633054623742,354.63
6437.232964502077,356.49
6437.832874380414,365.01
6438.432784258749,363.14
6439.032694137086,357.66
6439.532619035698,341.75
6440.132528914034,334.14
6440.732438792369,344.28
6441.332348670706,347.45
6441.932258549041,343.74
6442.432183447654,344.12
6443.03209332599,345.0
6443.632003204327,350.14
6444.231913082661,345.61
6444.831822960998,346.81
6445.431732839333,354.71
6445.931657737946,337.51
6446.531567616282,325.53
6447.131477494619,326.69
6447.731387372953,324.65
6448.3312972512895,322.45
6448.931207129624,338.87
6449.431132028238,338.16
6450.0310419065745,341.31
6450.63095178491,347.83
6451.2308616632445,337.48
6451.830771541581,341.81
6452.3306964401945,344.41
6452.9306063185295,350.71
6453.530516196866,345.53
6454.130426075202,338.87
6454.730335953537,342.41
6455.330245831873,337.81
6455.830170730487,345.46
6456.430080608821,349.12
6457.029990487158,349.06
6457.629900365494,357.4
6458.229810243829,350.92
6458.829720122165,358.06
6459.329645020779,343.81
6459.929554899113,351.84
6460.52946477745,344.47
6461.129374655786,340.52
6461.729284534122,328.47
6462.229209432734,338.73
6462.829119311071,355.79
6463.429029189405,355.0
6464.028939067742,348.18
6464.628848946078,343.04
6465.2287588244135,337.08
6465.728683723026,343.33
6466.328593601363,335.31
6466.928503479698,332.97
6467.5284133580335,335.6
6468.128323236369,333.37
6468.628248134983,350.73
6469.228158013318,332.36
6469.828067891654,343.23
6470.427977769989,341.27
6471.027887648325,345.4
6471.627797526661,341.02
6472.127722425274,344.97
6472.727632303609,351.47
6473.327542181946,349.67
6473.927452060281,347.26
6474.527361938617,345.57
6475.127271816953,343.53
6475.627196715566,361.01
6476.227106593901,351.38
6476.827016472238,350.41
6477.426926350573,338.64
6478.02683622891,339.28
6478.526761127522,318.89
6479.126671005858,316.23
6479.726580884193,303.02
6480.32649076253,298.12
6480.926400640865,274.97
6481.526310519202,269.64
6482.026235417814,270.4
6482.626145296151,268.88
6483.226055174485,262.74
6483.825965052822,268.83
6484.425874931157,258.68
6484.92579982977,267.79
6485.525709708106,249.62
6486.125619586443,263.31
6486.725529464777,273.54
6487.325439343113,278.95
6487.925349221448,288.15
6488.425274120062,300.56
6489.0251839983985,317.19
6489.625093876734,333.05
6490.225003755068,332.78
6490.824913633405,347.05
6491.3248385320185,346.42
6491.9247484103535,350.46
6492.52465828869,343.14
6493.124568167026,362.07
6493.724478045361,357.63
6494.324387923697,352.84
6494.82431282231,355.46
6495.424222700645,362.09
6496.024132578982,361.53
6496.624042457318,369.32
6497.223952335654,357.84
6497.723877234266,364.5
6498.323787112603,358.75
6498.923696990937,354.72
6499.523606869274,348.6
6500.12351674761,343.69
6500.723426625946,342.02
6501.223351524558,341.86
6501.823261402895,338.16
6502.423171281229,332.39
6503.023081159566,330.29
6503.622991037902,335.78
6504.122915936515,331.88
6504.72282581485,317.92
6505.322735693187,332.75
6505.922645571521,329.1
6506.5225554498575,336.11
6507.02248034847,334.85
6507.622390226807,342.44
6508.222300105142,370.32
6508.822209983478,354.98
6509.422119861813,360.57
6510.022029740149,364.65
6510.5219546387625,361.94
6511.121864517098,358.34
6511.721774395433,356.33
6512.32168427377,358.89
6512.921594152105,349.74
6513.421519050718,349.82
6514.021428929054,356.86
6514.62133880739,365.23
6515.221248685725,350.44
6515.821158564062,365.77
6516.421068442397,355.88
6516.92099334101,338.78
6517.520903219346,327.57
6518.120813097682,340.26
6518.720722976017,357.14
6519.320632854354,351.25
6519.820557752967,361.56
6520.420467631302,360.86
6521.020377509638,373.33
6521.620287387975,362.78
6522.220197266309,366.32
6522.720122164922,362.28
6523.320032043259,358.17
6523.919941921594,375.28
6524.519851799931,362.2
6525.1197616782665,375.3
6525.719671556601,366.52
6526.219596455215,374.59
6526.819506333551,356.56
6527.419416211886,364.06
6528.019326090222,357.91
6528.619235968558,355.1
6529.119160867172,352.9
6529.7190707455065,346.21
6530.318980623842,349.01
6530.918890502177,353.06
6531.518800380514,348.02
6532.018725279127,343.12
6532.618635157463,332.1
6533.218545035798,344.98
6533.818454914134,331.84
6534.418364792469,345.12
6535.018274670806,333.08
6535.518199569418,348.46
6536.118109447755,338.66
6536.71801932609,336.29
6537.317929204427,329.01
6537.917839082761,335.87
6538.417763981374,332.84
6539.01767385971,346.4
6539.617583738047,338.67
6540.217493616382,354.88
6540.817403494719,348.4
6541.317328393331,343.95
6541.917238271667,340.17
6542.517148150002,349.75
6543.117058028339,335.05
6543.716967906674,347.63
6544.216892805287,332.73
6544.816802683623,326.82
6545.416712561959,323.64
6546.016622440294,321.0
6546.616532318631,326.2
6547.2164421969655,320.86
6547.716367095579,311.26
6548.316276973916,327.02
6548.916186852251,338.19
6549.516096730586,367.48
6550.116006608922,416.48
6550.615931507536,480.87
6551.215841385871,545.93
6551.815751264207,569.91
6552.415661142542,528.41
6553.015571020878,433.15
6553.5154959194915,345.93
6554.115405797827,326.48
6554.715315676162,374.3
6555.315225554499,429.4
6555.915135432834,446.95
6556.415060331447,437.61
6557.014970209783,412.42
6557.61488008812,408.26
6558.214789966454,396.36
6558.814699844791,372.9
6559.414609723126,377.94
6559.914534621739,362.42
6560.514444500075,355.41
6561.114354378412,363.14
6561.714264256746,367.32
6562.314174135083,365.05
6562.814099033695,327.75
6563.414008912031,337.17
6564.013918790367,344.21
6564.613828668704,358.07
6565.213738547039,386.39
6565.713663445652,378.93
6566.313573323987,389.0
6566.913483202323,377.98
6567.513393080659,386.86
6568.1133029589955,373.06
6568.613227857608,378.44
6569.213137735944,380.27
6569.81304761428,375.98
6570.412957492615,357.69
6571.0128673709505,354.62
6571.512792269564,351.07
6572.112702147901,358.45
6572.712612026236,349.13
6573.312521904571,351.15
6573.912431782906,350.26
6574.412356681521,361.97
6575.012266559856,363.73
6575.612176438192,345.76
6576.212086316527,340.32
6576.811996194863,336.48
6577.411906073198,337.13
6577.911830971812,335.26
6578.511740850147,327.85
6579.111650728484,318.94
6579.711560606819,331.81
6580.311470485155,335.82
6580.811395383768,332.96
6581.411305262104,333.36
6582.011215140439,330.96
6582.611125018776,329.26
6583.211034897111,336.08
6583.710959795724,327.54
6584.31086967406,333.24
6584.910779552396,343.51
6585.510689430732,363.49
6586.110599309068,368.88
6586.61052420768,357.74
6587.210434086016,352.39
6587.810343964352,365.93
6588.410253842688,356.41
6589.010163721024,361.65
6589.510088619637,354.59
6590.109998497973,363.34
6590.709908376308,351.93
6591.309818254644,351.52
6591.90972813298,348.31
6592.409653031592,334.47
6593.009562909929,335.36
6593.609472788265,317.47
6594.2093826666,318.56
6594.8092925449355,320.4
6595.309217443549,322.31
6595.909127321885,334.26
6596.5090372002205,344.63
6597.108947078556,353.92
6597.708856956891,345.4
6598.208781855506,352.48
6598.8086917338405,346.67
6599.408601612176,357.78
6600.008511490512,359.28
6600.608421368848,353.69
6601.1083462674615,359.84
6601.708256145797,356.46
6602.308166024132,364.55
6602.908075902468,360.8
6603.507985780804,360.36
6604.007910679417,369.16
6604.607820557753,357.85
6605.207730436089,366.36
6605.807640314425,364.42
6606.40755019276,372.42
6606.907475091373,374.47
6607.507384969709,366.56
6608.107294848045,373.81
6608.707204726381,361.38
6609.307114604717,368.07
6609.80703950333,359.79
6610.406949381665,361.27
6611.006859260001,360.2
6611.606769138337,359.2
6612.206679016673,372.31
6612.706603915285,377.01
6613.306513793622,363.6
6613.906423671957,368.82
6614.506333550293,355.09
6615.106243428629,353.09
6615.606168327242,353.43
6616.206078205577,356.46
6616.805988083914,360.43
6617.405897962249,350.67
6618.0058078405855,350.7
6618.505732739199,353.2
6619.105642617534,360.97
6619.705552495869,364.52
6620.3054623742055,359.31
6620.9053722525405,352.44
6621.405297151154,354.49
6622.0052070294905,360.01
6622.605116907826,368.56
6623.205026786161,348.49
6623.804936664497,352.51
6624.3048615631105,347.62
6624.9047714414455,350.34
6625.504681319782,370.23
6626.104591198118,364.71
6626.704501076453,356.78
6627.204425975066,342.03
6627.804335853402,347.84
6628.404245731737,342.19
6629.004155610074,346.01
6629.60406548841,332.8
6630.103990387023,349.53
6630.703900265358,347.08
6631.303810143694,349.03
6631.903720022029,341.3
6632.503629900366,344.37
6633.003554798978,336.47
6633.603464677315,332.93
6634.20337455565,341.22
6634.803284433986,339.42
6635.403194312321,336.44
6635.903119210934,343.49
6636.50302908927,338.75
6637.102938967607,350.33
6637.702848845942,361.32
6638.202773744555,357.49
6638.802683622892,358.26
6639.402593501226,353.51
6640.002503379562,349.47
6640.602413257899,347.69
6641.102338156512,355.79
6641.702248034847,367.83
6642.302157913184,360.14
6642.902067791519,353.73
6643.501977669854,349.92
6644.001902568468,364.05
6644.601812446804,367.59
6645.201722325139,367.32
6645.8016322034755,364.53
6646.4015420818105,353.02
6646.901466980424,353.33
6647.50137685876,353.64
6648.1012867370955,343.57
6648.7011966154305,338.91
6649.301106493767,338.97
6649.80103139238,340.79
6650.4009412707155,337.04
6651.000851149051,341.04
6651.600761027387,346.59
6652.200670905722,346.99
6652.7005958043355,340.66
6653.300505682671,335.64
6653.900415561007,341.23
6654.500325439343,343.34
6655.10023531768,351.04
6655.600160216292,353.32
6656.200070094627,358.7
6656.799979972963,347.79
6657.399889851299,349.07
6657.899814749912,351.67
6658.499724628248,343.54
6659.099634506584,351.29
6659.69954438492,358.86
6660.299454263255,366.71
6660.799379161868,352.34
6661.399289040204,345.91
6661.99919891854,349.54
6662.599108796877,345.04
6663.199018675212,341.65
6663.698943573825,347.28
6664.298853452161,350.27
6664.898763330496,349.72
6665.498673208832,346.34
6666.098583087169,351.8
6666.598507985781,366.06
6667.198417864117,380.41
6667.798327742453,368.5
6668.398237620788,380.99
6668.898162519401,370.3
6669.498072397737,351.67
6670.097982276073,358.91
6670.697892154409,369.49
6671.297802032745,366.4
6671.797726931358,367.88
6672.397636809693,365.2
6672.997546688029,380.37
6673.597456566365,377.72
6674.1973664447005,380.07
6674.697291343314,379.46
6675.29720122165,386.43
6675.897111099985,380.63
6676.4970209783205,388.38
6677.096930856656,385.57
6677.59685575527,379.31
6678.1967656336055,384.16
6678.796675511941,373.05
6679.396585390276,373.26
6679.89651028889,362.76
6680.4964201672265,373.58
6681.096330045561,366.26
6681.696239923897,359.16
6682.296149802233,350.41
6682.7960747008465,366.23
6683.3959845791815,390.99
6683.995894457518,378.94
6684.595804335854,378.17
6685.195714214189,367.89
6685.695639112802,352.85
6686.295548991138,362.26
6686.895458869473,363.68
6687.49536874781,357.02
6687.995293646422,360.42
6688.595203524759,369.58
6689.195113403094,364.38
6689.79502328143,367.53
6690.394933159765,357.28
6690.894858058378,368.81
6691.494767936714,380.5
6692.094677815051,358.86
6692.694587693386,355.73
6693.294497571722,373.17
6693.794422470336,361.67
6694.39433234867,348.71
6694.994242227006,351.09
6695.594152105343,357.0
6696.094077003956,367.61
6696.693986882291,356.97
6697.293896760628,360.05
6697.893806638962,360.88
6698.493716517298,363.85
6698.993641415911,355.28
6699.593551294248,355.47
6700.193461172583,348.57
6700.79337105092,361.02
6701.393280929255,356.94
6701.893205827868,360.08
6702.493115706203,367.7
6703.09302558454,359.34
6703.692935462875,366.51
6704.192860361488,358.11
6704.792770239824,355.93
6705.39268011816,348.56
6705.992589996496,343.2
6706.592499874831,350.38
6707.092424773444,361.98
6707.69233465178,364.01
6708.292244530116,370.37
6708.8921544084515,361.96
6709.392079307065,366.36
6709.991989185401,366.92
6710.5918990637365,369.22
6711.1918089420715,357.99
6711.791718820407,370.76
6712.291643719021,362.57
6712.8915535973565,368.04
6713.491463475692,373.92
6714.091373354029,378.93
6714.5912982526415,371.34
6715.191208130977,372.48
6715.791118009312,374.4
6716.391027887648,377.5
6716.990937765984,381.33
6717.490862664597,378.46
6718.090772542933,370.48
6718.690682421269,364.18
6719.290592299604,379.73
6719.89050217794,377.28
6720.390427076552,366.66
6720.990336954889,363.09
6721.590246833225,364.51
6722.190156711561,351.92
6722.690081610173,375.56
6723.28999148851,363.68
6723.889901366844,337.85
6724.489811245181,344.11
6725.089721123517,331.59
6725.58964602213,331.06
6726.189555900465,333.26
6726.789465778802,346.86
6727.389375657137,341.68
6727.88930055575,340.92
6728.489210434086,336.36
6729.089120312422,355.29
6729.689030190758,356.02
6730.288940069094,349.58
6730.788864967707,356.87
6731.388774846042,353.27
6731.988684724379,357.61
6732.588594602714,363.07
6733.088519501327,360.77
6733.688429379662,361.76
6734.288339257999,349.77
6734.888249136334,357.37
6735.488159014671,356.83
6735.988083913283,358.55
6736.58799379162,361.38
6737.187903669954,345.83
6737.787813548291,357.79
6738.287738446903,350.25
6738.887648325239,354.42
6739.487558203575,356.06
6740.0874680819115,348.62
6740.687377960246,369.48
6741.18730285886,363.95
6741.787212737196,365.3
6742.387122615531,373.32
6742.9870324938665,382.73
6743.48695739248,380.7
6744.086867270817,372.63
6744.686777149152,385.43
6745.2866870274875,385.94
6745.786611926101,376.6
6746.386521804436,373.99
6746.986431682772,369.84
6747.586341561108,379.32
6748.186251439443,381.85
6748.686176338057,380.54
6749.2860862163925,385.23
6749.8859960947275,388.08
6750.485905973063,372.1
6750.985830871677,367.7
6751.5857407500125,374.63
6752.185650628348,370.03
6752.785560506684,362.23
6753.385470385019,353.79
6753.8853952836325,348.82
6754.485305161968,349.24
6755.085215040304,355.75
6755.68512491864,356.53
6756.1850498172535,356.2
6756.784959695589,352.31
6757.384869573925,355.26
6757.984779452261,354.97
6758.584689330596,358.32
6759.084614229209,351.94
6759.684524107545,368.88
6760.284433985881,362.13
6760.884343864217,365.41
6761.384268762829,365.55
6761.984178641166,374.29
6762.584088519502,363.49
6763.183998397837,371.9
6763.683923296449,383.74
6764.283833174786,369.78
6764.883743053121,365.08
6765.483652931458,363.52
6766.083562809794,363.5
6766.583487708407,384.17
6767.183397586742,379.82
6767.783307465078,373.46
6768.383217343413,381.24
6768.883142242026,371.2
6769.483052120362,373.72
6770.082961998699,376.48
6770.682871877034,374.38
6771.182796775647,377.75
6771.782706653984,375.18
6772.382616532318,373.12
6772.982526410655,361.53
6773.582436288991,357.98
6774.082361187604,347.21
6774.682271065939,349.53
6775.282180944276,351.75
6775.88209082261,358.07
6776.382015721224,364.19
6776.981925599559,355.24
6777.581835477896,354.64
6778.181745356231,351.24
6778.681670254844,345.81
6779.28158013318,346.5
6779.881490011516,357.28
6780.481399889851,365.04
6781.081309768188,360.74
6781.5812346668,358.35
6782.181144545136,358.55
6782.781054423472,359.42
6783.380964301808,361.31
6783.880889200421,351.18
6784.480799078757,353.33
6785.080708957093,360.55
6785.680618835428,367.68
6786.180543734041,360.5
6786.780453612377,374.38
6787.380363490713,370.57
6787.9802733690485,367.26
6788.580183247385,396.41
6789.080108145998,379.79
6789.680018024333,379.93
6790.2799279026685,372.57
6790.879837781004,377.29
6791.379762679617,361.43
6791.979672557954,356.28
6792.5795824362895,366.31
6793.179492314625,352.61
6793.679417213238,354.82
6794.279327091574,352.32
6794.879236969909,353.01
6795.479146848245,365.04
6795.979071746859,360.56
6796.5789816251945,364.4
6797.1788915035295,357.05
6797.778801381866,361.24
6798.3787112602,350.48
6798.878636158814,360.32
6799.47854603715,347.8
6800.078455915486,359.55
6800.678365793822,355.71
6801.1782906924345,365.71
6801.778200570771,364.34
6802.378110449106,367.31
6802.978020327442,372.33
6803.4779452260545,370.99
6804.077855104391,362.14
6804.677764982726,368.6
6805.277674861063,382.32
6805.7775997596755,372.17
6806.377509638011,379.06
6806.977419516347,385.43
6807.577329394683,374.98
6808.077254293296,374.19
6808.677164171631,381.67
6809.277074049967,382.71
6809.876983928303,371.46
6810.476893806639,365.37
6810.976818705252,371.68
6811.576728583589,370.54
6812.176638461923,364.06
6812.776548340259,378.93
6813.276473238872,364.39
6813.876383117208,373.89
6814.476292995544,371.13
6815.076202873881,375.78
6815.576127772493,369.74
6816.176037650829,365.86
6816.775947529164,375.17
6817.3758574075,370.4
6817.875782306112,364.72
6818.475692184449,375.84
6819.075602062785,365.27
6819.675511941121,354.17
6820.175436839734,362.04
6820.77534671807,387.17
6821.375256596404,366.28
6821.975166474741,375.99
6822.475091373354,364.9
6823.07500125169,356.97
6823.674911130026,362.07
6824.274821008362,343.3
6824.874730886696,349.53
6825.37465578531,356.4
6825.974565663646,360.86
6826.574475541982,356.73
6827.174385420318,364.67
6827.67431031893,354.99
6828.274220197267,378.84
6828.874130075602,380.69
6829.474039953938,383.11
6829.973964852551,383.82
6830.573874730887,378.93
6831.173784609222,384.68
6831.773694487559,380.92
6832.273619386172,367.39
6832.873529264507,364.07
6833.473439142843,365.93
6834.073349021179,358.89
6834.573273919793,356.61
6835.173183798127,362.25
6835.773093676464,367.72
6836.373003554799,371.62
6836.872928453412,374.54
6837.472838331748,363.83
6838.072748210085,351.1
6838.672658088419,369.79
6839.172582987033,369.29
6839.772492865368,358.29
6840.372402743704,356.93
6840.97231262204,366.97
6841.472237520653,361.33
6842.072147398989,360.52
6842.672057277325,338.61
6843.271967155661,356.89
6843.771892054274,348.52
6844.371801932608,348.48
6844.971711810945,349.14
6845.571621689281,336.3
6846.071546587894,348.79
6846.67145646623,353.68
6847.271366344566,356.86
6847.8712762229015,368.93
6848.371201121514,351.61
6848.97111099985,372.14
6849.571020878186,368.59
6850.170930756522,360.17
6850.770840634857,359.41
6851.270765533471,387.58
6851.870675411806,364.53
6852.4705852901425,367.82
6853.0704951684775,388.09
6853.570420067091,374.96
6854.170329945426,382.75
6854.7702398237625,375.49
6855.3701497020975,379.62
6855.870074600711,380.83
6856.469984479047,381.74
6857.069894357383,377.26
6857.6698042357175,363.43
6858.169729134331,374.64
6858.7696390126675,377.03
6859.3695488910025,385.15
6859.969458769339,388.42
6860.469383667952,379.38
6861.0692935462885,382.8
6861.669203424623,389.86
6862.269113302959,382.58
6862.769038201572,370.78
6863.368948079908,361.78
6863.9688579582435,365.99
6864.56876783658,367.51
6865.068692735193,370.38
6865.6686026135285,402.42
6866.268512491864,414.51
6866.868422370199,432.44
6867.3683472688135,446.5
6867.9682571471485,385.13
6868.568167025484,332.33
6869.16807690382,298.5
6869.6680018024335,317.06
6870.267911680769,324.2
6870.867821559105,343.33
6871.367746457718,341.59
6871.9676563360545,329.93
6872.567566214389,367.37
6873.167476092725,347.16
6873.667400991338,353.71
6874.2673108696745,350.83
6874.8672207480095,351.38
6875.467130626346,341.68
6875.967055524959,353.75
6876.566965403295,353.16
6877.1668752816295,343.01
6877.766785159966,359.53
6878.2667100585795,377.26
6878.8666199369145,355.91
6879.466529815251,367.75
6880.066439693587,355.42
6880.5663645922,366.38
6881.166274470535,376.21
6881.766184348871,375.85
6882.366094227206,384.26
6882.86601912582,376.55
6883.465929004155,368.44
6884.065838882492,368.84
6884.665748760827,371.17
6885.1656736594405,378.94
6885.765583537776,368.91
6886.365493416111,344.86
6886.965403294447,331.08
6887.4653281930605,356.99
6888.065238071396,385.74
6888.665147949732,398.96
6889.265057828068,370.15
6889.764982726681,338.75
6890.364892605017,334.2
6890.964802483352,350.18
6891.564712361689,395.75
6892.064637260301,395.69
6892.664547138637,360.06
6893.264457016973,341.9
6893.864366895309,337.43
6894.364291793921,355.6
6894.964201672258,387.28
6895.564111550593,392.28
6896.164021428929,375.92
6896.663946327541,343.24
6897.263856205878,322.12
6897.863766084213,320.51
6898.3636909828265,355.13
6898.963600861163,385.16
6899.563510739499,389.65
6900.163420617833,353.36
6900.663345516447,334.09
6901.263255394783,314.59
6901.863165273118,332.75
6902.463075151455,372.3
6902.963000050067,387.17
6903.562909928404,381.79
6904.162819806739,372.13
6904.762729685075,341.21
6905.262654583688,332.39
6905.862564462023,332.3
6906.462474340359,354.98
6907.062384218696,376.51
6907.562309117308,383.77
6908.162218995644,379.7
6908.76212887398,363.58
6909.362038752315,332.15
6909.861963650929,324.14
6910.461873529264,330.42
6911.061783407601,347.04
6911.561708306213,359.38
6912.161618184549,382.94
6912.761528062885,376.22
6913.361437941221,369.11
6913.861362839833,343.31
6914.46127271817,334.76
6915.061182596505,335.34
6915.661092474841,363.36
6916.161017373453,345.88
6916.76092725179,368.73
6917.360837130125,369.62
6917.960747008462,364.94
6918.460671907075,353.69
6919.060581785411,338.65
6919.660491663745,337.13
6920.260401542082,344.62
6920.760326440695,361.08
6921.36023631903,354.82
6921.960146197367,369.63
6922.460071095979,371.09
6923.059980974316,362.81
6923.659890852651,351.74
6924.259800730987,335.94
6924.7597256296,335.39
6925.359635507935,350.77
6925.959545386271,345.75
6926.559455264608,346.96
6927.059380163221,341.02
6927.659290041556,338.78
6928.259199919892,340.15
6928.859109798227,333.31
6929.359034696841,326.61
6929.958944575176,314.1
6930.558854453513,320.71
6931.158764331848,320.25
6931.658689230461,325.87
6932.258599108797,332.27
6932.858508987133,331.23
6933.358433885745,337.38
6933.958343764082,331.87
6934.558253642417,323.83
6935.158163520753,322.76
6935.658088419365,316.95
6936.257998297702,320.05
6936.857908176037,334.12
6937.457818054374,328.12
6937.957742952987,334.67
6938.557652831323,333.71
6939.157562709657,328.62
6939.757472587994,328.93
6940.257397486607,334.99
6940.857307364942,327.95
6941.457217243279,326.24
6941.957142141891,329.92
6942.557052020228,328.89
6943.156961898563,322.16
6943.756871776899,325.06
6944.256796675512,321.98
6944.856706553847,324.68
6945.456616432183,334.43
6946.05652631052,350.45
6946.556451209133,359.39
6947.156361087468,349.21
6947.756270965804,357.88
6948.256195864417,348.32
6948.856105742753,337.67
6949.456015621088,343.09
6950.055925499425,336.01
6950.555850398037,341.69
6951.155760276373,346.8
6951.755670154709,353.35
6952.355580033045,353.72
6952.855504931657,348.06
6953.455414809994,344.51
6954.055324688329,347.7
6954.555249586942,344.61
6955.155159465277,361.63
6955.755069343614,373.02
6956.354979221949,368.07
6956.854904120562,357.17
6957.454813998899,349.17
6958.054723877235,346.99
6958.654633755569,355.33
6959.154558654182,347.09
6959.754468532519,345.89
6960.354378410854,345.28
6960.8543033094675,333.69
6961.454213187803,334.03
6962.05412306614,329.92
6962.654032944475,328.67
6963.153957843088,331.53
6963.753867721424,331.23
6964.353777599759,335.56
6964.953687478095,338.74
6965.453612376708,324.05
6966.053522255045,323.69
6966.65343213338,332.45
6967.153357031993,333.15
6967.753266910329,340.46
6968.353176788665,316.32
6968.953086667,329.12
6969.453011565613,335.24
6970.052921443949,339.26
6970.652831322285,340.86
6971.152756220898,351.81
6971.752666099234,362.63
6972.352575977569,350.79
6972.952485855906,355.11
6973.452410754519,358.09
6974.052320632854,353.57
6974.652230511189,352.88
6975.252140389526,349.18
6975.752065288139,353.85
6976.351975166474,363.32
6976.951885044811,363.62
6977.4518099434235,357.53
6978.05171982176,350.57
6978.651629700094,361.12
6979.251539578431,360.8
6979.751464477044,365.7
6980.351374355379,355.63
6980.951284233715,353.21
6981.451209132329,358.11
6982.051119010665,357.84
6982.651028889,349.3
6983.250938767335,345.75
6983.7508636659495,349.38
6984.3507735442845,349.68
6984.95068342262,336.14
6985.550593300957,342.38
6986.0505181995695,351.48
6986.650428077905,336.68
6987.250337956241,334.46
6987.750262854855,348.69
6988.3501727331895,343.38
6988.950082611525,333.55
6989.549992489861,322.77
6990.049917388475,333.06
6990.64982726681,342.19
6991.249737145146,336.18
6991.74966204376,353.35
6992.349571922095,340.25
6992.949481800431,350.68
6993.549391678766,342.17
6994.0493165773805,339.2
6994.649226455715,343.51
6995.249136334051,326.17
6995.749061232664,342.65
6996.348971111,350.81
6996.9488809893355,354.92
6997.548790867672,355.14
6998.048715766285,349.62
6998.648625644621,338.11
6999.2485355229555,335.83
6999.74846042157,332.4
7000.348370299905,335.92
7000.948280178241,333.32
7001.548190056577,341.1
7002.04811495519,338.82
7002.648024833526,323.02
7003.2479347118615,342.54
7003.747859610475,338.93
7004.34776948881,342.07
7004.947679367146,333.38
7005.5475892454815,331.59
7006.047514144095,325.35
7006.64742402243,332.89
7007.2473339007665,324.89
7007.74725879938,325.92
7008.347168677715,333.58
7008.947078556052,329.17
7009.546988434387,328.04
7010.046913333001,344.56
7010.646823211335,331.64
7011.246733089672,343.62
7011.746657988284,346.65
7012.34656786662,348.11
7012.946477744956,338.69
7013.5463876232925,352.93
7014.046312521905,346.42
7014.646222400241,344.08
7015.246132278576,345.4
7015.746057177189,353.4
7016.345967055525,351.23
7016.945876933861,348.0
7017.545786812198,361.52
7018.04571171081,356.95
7018.645621589146,377.19
7019.245531467482,365.39
7019.745456366095,358.61
7020.345366244429,349.01
7020.945276122766,344.12
7021.545186001102,339.17
7022.045110899715,341.09
7022.64502077805,337.98
7023.244930656387,342.39
7023.744855555,349.8
7024.344765433335,355.82
7024.944675311671,364.63
7025.544585190007,368.6
7026.04451008862,373.72
7026.644419966955,365.01
7027.244329845292,358.08
7027.744254743904,343.14
7028.34416462224,333.51
7028.944074500576,341.81
7029.443999399189,344.36
7030.043909277525,361.05
7030.64381915586,368.4
7031.243729034196,372.88
7031.743653932809,369.14
7032.343563811145,383.63
7032.943473689481,372.57
7033.443398588094,382.19
7034.04330846643,385.74
7034.643218344766,375.69
7035.243128223101,367.63
7035.743053121715,356.65
7036.342963000049,356.4
7036.942872878386,357.15
7037.442797776999,356.27
7038.042707655335,365.55
7038.64261753367,376.13
7039.142542432283,378.12
7039.74245231062,381.66
7040.342362188955,386.38
7040.942272067291,376.68
7041.442196965904,364.36
7042.04210684424,353.15
7042.642016722575,351.13
7043.141941621188,345.5
7043.741851499524,346.02
7044.34176137786,351.36
7044.941671256196,347.44
7045.441596154809,355.16
7046.041506033145,358.4
7046.64141591148,363.89
7047.141340810094,375.66
7047.741250688429,366.38
7048.341160566765,369.78
7048.841085465378,350.58
7049.440995343714,346.47
7050.04090522205,330.14
7050.640815100386,327.62
7051.1407399989985,321.86
7051.740649877335,331.21
7052.340559755669,340.36
7052.840484654283,354.16
7053.4403945326185,360.25
7054.040304410955,364.99
7054.5402293095685,367.81
7055.1401391879035,367.68
7055.74004906624,346.17
7056.339958944575,332.42
7056.8398838431885,336.68
7057.4397937215235,330.52
7058.03970359986,335.23
7058.539628498473,338.57
7059.139538376809,354.78
7059.739448255144,349.54
7060.239373153758,345.11
7060.839283032094,357.95
7061.4391929104295,363.55
7062.0391027887645,359.28
7062.539027687379,365.02
7063.138937565714,362.52
7063.7388474440495,374.11
7064.238772342663,362.71
7064.838682220998,355.95
7065.4385920993345,345.49
7065.938516997947,356.5
7066.538426876284,348.73
7067.138336754619,347.19
7067.7382466329545,344.63
7068.238171531569,347.83
7068.838081409903,340.36
7069.437991288239,349.82
7069.937916186852,351.86
7070.537826065189,334.23
7071.137735943524,330.85
7071.637660842137,322.59
7072.237570720473,330.85
7072.837480598809,332.39
7073.437390477144,330.43
7073.937315375758,321.45
7074.537225254093,329.5
7075.137135132429,317.33
7075.637060031042,319.84
7076.236969909378,320.66
7076.836879787714,332.79
7077.336804686326,331.55
7077.936714564663,336.42
7078.536624442999,343.02
7079.036549341612,329.98
7079.636459219946,331.88
7080.236369098283,336.62
7080.836278976618,337.47
7081.336203875231,338.28
7081.936113753567,343.94
7082.536023631904,345.63
7083.035948530517,346.49
7083.635858408852,326.28
7084.235768287189,335.99
7084.735693185801,330.05
7085.335603064136,323.06
7085.935512942472,343.86
7086.435437841085,349.0
7087.035347719421,346.99
7087.635257597757,352.32
7088.235167476093,351.86
7088.735092374706,332.58
7089.335002253041,317.37
7089.934912131377,339.93
7090.434837029991,341.04
7091.034746908326,341.03
7091.634656786662,331.69
7092.1345816852745,340.98
7092.734491563611,322.48
7093.334401441946,327.98
7093.8343263405595,324.94
7094.434236218895,325.34
7095.034146097232,333.2
7095.634055975566,331.64
7096.13398087418,340.86
7096.733890752515,332.23
7097.333800630851,340.35
7097.833725529465,331.68
7098.4336354078005,330.11
7099.033545286137,325.63
7099.53347018475,326.28
7100.1333800630855,315.07
7100.733289941421,313.9
7101.233214840035,328.24
7101.83312471837,321.02
7102.4330345967055,306.73
7102.932959495319,320.07
7103.532869373655,325.35
7104.1327792519905,316.38
7104.732689130326,326.98
7105.23261402894,313.57
7105.832523907275,318.35
7106.4324337856115,328.17
7106.932358684224,316.01
7107.53226856256,312.26
7108.132178440895,311.22
7108.632103339508,310.82
7109.232013217844,315.95
7109.83192309618,318.82
7110.331847994793,316.22
7110.931757873129,311.37
7111.531667751466,306.02
7112.031592650078,315.53
7112.631502528414,311.41
7113.231412406749,323.26
7113.731337305363,324.29
7114.331247183697,316.56
7114.931157062034,312.31
7115.53106694037,307.13
7116.030991838983,323.48
7116.630901717318,315.82
7117.230811595655,321.78
7117.730736494268,316.9
7118.330646372603,317.9
7118.930556250939,318.75
7119.430481149552,330.94
7120.030391027888,329.22
7120.630300906223,327.58
7121.130225804836,328.74
7121.730135683172,329.48
7122.330045561508,323.91
7122.829970460121,321.01
7123.429880338457,323.75
7124.029790216794,328.24
7124.529715115406,349.13
7125.129624993741,338.38
7125.729534872077,336.93
7126.329444750413,343.05
7126.8293696490255,329.16
7127.429279527362,321.03
7128.029189405698,337.33
7128.529114304311,345.88
7129.129024182646,340.62
7129.728934060982,335.68
7130.228858959596,315.96
7130.8287688379305,325.05
7131.428678716267,323.91
7131.92860361488,312.03
7132.528513493216,316.87
7133.128423371551,319.43
7133.628348270165,329.82
7134.228258148501,325.38
7134.8281680268365,319.48
7135.32809292545,327.15
7135.928002803786,321.11
7136.527912682121,325.05
7137.027837580735,327.2
7137.62774745907,316.94
7138.227657337406,316.57
7138.727582236019,328.93
7139.327492114354,328.86
7139.927401992691,332.91
7140.427326891303,338.57
7141.02723676964,328.06
7141.627146647975,341.81
7142.127071546588,337.74
7142.726981424924,345.78
7143.326891303259,338.01
7143.926801181596,329.78
7144.426726080208,339.97
7145.026635958545,336.94
7145.62654583688,335.56
7146.126470735493,344.17
7146.726380613829,347.87
7147.326290492164,326.86
7147.826215390778,335.49
7148.426125269113,332.89
7149.026035147449,334.53
7149.525960046062,330.43
7150.125869924398,333.57
7150.725779802734,341.42
7151.225704701347,339.92
7151.825614579682,333.34
7152.425524458019,333.22
7152.925449356631,327.76
7153.525359234968,334.72
7154.125269113302,330.23
7154.625194011916,333.73
7155.225103890252,336.59
7155.825013768587,355.92
7156.3249386672005,336.53
7156.924848545536,342.73
7157.524758423873,347.1
7158.0246833224855,348.59
7158.624593200821,339.08
7159.224503079157,334.45
7159.724427977771,348.91
7160.324337856105,347.35
7160.924247734441,356.33
7161.424172633055,347.37
7162.024082511391,344.11
7162.6239923897265,338.77
7163.123917288339,329.48
7163.723827166676,325.7
7164.323737045011,333.67
7164.823661943624,324.25
7165.42357182196,329.86
7166.023481700296,341.06
7166.52340659891,350.7
7167.123316477244,341.41
7167.72322635558,330.22
7168.223151254193,336.68
7168.823061132529,336.8
7169.422971010865,331.81
7169.922895909478,331.49
7170.522805787814,307.66
7171.12271566615,310.0
7171.622640564762,320.68
7172.222550443099,322.68
7172.822460321433,334.67
7173.322385220046,329.63
7173.922295098383,309.37
7174.522204976719,324.36
7175.022129875332,326.33
7175.622039753667,323.64
7176.221949632004,333.83
7176.721874530616,328.5
7177.321784408952,313.92
7177.921694287287,300.87
7178.421619185901,304.94
7179.021529064237,310.64
7179.621438942572,313.08
7180.1213638411855,331.54
7180.721273719521,341.0
7181.321183597857,318.41
7181.82110849647,314.55
7182.421018374806,305.07
7183.020928253142,308.88
7183.520853151756,333.51
7184.1207630300905,344.36
7184.720672908426,326.47
7185.220597807041,322.53
7185.820507685375,329.16
7186.420417563711,335.25
7186.920342462324,313.58
7187.520252340661,306.37
7188.120162218996,309.21
7188.620087117609,311.49
7189.219996995945,327.4
7189.819906874281,326.8
7190.319831772894,331.08
7190.919741651229,336.78
7191.519651529565,317.49
7192.019576428178,306.34
7192.619486306514,313.06
7193.21939618485,320.12
7193.719321083463,336.39
7194.319230961798,322.32
7194.919140840135,332.21
7195.419065738747,337.6
7196.018975617084,329.65
7196.618885495418,341.06
7197.118810394032,330.43
7197.718720272368,333.04
7198.218645170981,320.34
7198.818555049316,334.83
7199.418464927652,349.43
7199.918389826265,367.84
7200.518299704601,369.88
7201.118209582937,340.02
7201.61813448155,327.71
7202.218044359886,328.49
7202.817954238222,349.81
7203.317879136835,343.8
7203.9177890151705,328.35
7204.517698893506,330.57
7205.01762379212,324.03
7205.617533670455,326.56
7206.217443548791,328.28
7206.717368447405,329.53
7207.31727832574,315.37
7207.9171882040755,329.11
7208.417113102689,348.48
7209.017022981026,344.29
7209.61693285936,334.21
7210.116857757974,340.24
7210.716767636309,341.66
7211.316677514645,317.74
7211.816602413257,325.83
7212.416512291594,324.54
7213.01642216993,326.53
7213.516347068543,345.1
7214.116256946879,336.7
7214.716166825215,358.31
7215.216091723828,356.85
7215.816001602163,365.34
7216.315926500776,376.57
7216.915836379111,367.1
7217.515746257448,372.87
7218.015671156061,359.39
7218.615581034396,372.59
7219.215490912732,351.45
7219.715415811345,344.08
7220.315325689681,351.36
7220.915235568017,354.41
7221.41516046663,351.54
7222.015070344966,354.4
7222.614980223301,365.39
7223.1149051219145,352.68
7223.71481500025,338.54
7224.314724878585,337.88
7224.814649777199,338.03
7225.414559655535,339.94
7226.014469533871,342.96
7226.514394432485,347.34
7227.1143043108195,334.72
7227.614229209433,336.72
7228.214139087769,314.42
7228.814048966105,322.2
7229.313973864718,338.6
7229.913883743053,341.4
7230.51379362139,347.79
7231.013718520002,357.2
7231.613628398338,366.88
7232.213538276674,379.75
7232.713463175287,356.38
7233.313373053622,352.08
7233.913282931959,350.47
7234.413207830572,344.12
7235.013117708908,326.55
7235.613027587242,330.72
7236.112952485856,321.16
7236.712862364192,336.36
7237.212787262804,338.5
7237.81269714114,349.47
7238.412607019476,369.5
7238.912531918089,365.66
7239.512441796425,377.77
7240.112351674761,385.77
7240.612276573374,354.51
7241.21218645171,332.23
7241.812096330045,326.05
7242.3120212286585,343.19
7242.911931106994,359.84
7243.51184098533,346.28
7244.011765883944,328.96
7244.6116757622785,314.02
7245.111600660892,335.87
7245.711510539229,335.93
7246.311420417564,329.24
7246.811345316177,341.72
7247.411255194513,338.28
7248.0111650728495,338.06
7248.511089971462,342.86
7249.110999849798,339.95
7249.710909728133,348.35
7250.210834626746,338.59
7250.810744505081,335.07
7251.410654383418,343.19
7251.910579282031,350.42
7252.510489160367,344.58
7253.01041405898,329.94
7253.610323937315,314.1
7254.210233815652,316.72
7254.710158714264,328.77
7255.3100685926,333.65
7255.909978470935,352.36
7256.409903369549,360.15
7257.009813247885,365.07
7257.60972312622,360.89
7258.109648024833,349.24
7258.709557903169,349.37
7259.309467781505,361.07
7259.8093926801175,354.36
7260.409302558454,343.38
7260.909227457068,339.73
7261.5091373354035,345.69
7262.109047213739,348.07
7262.608972112352,338.73
7263.208881990688,342.26
7263.808791869023,346.74
7264.308716767636,356.4
7264.908626645972,334.02
7265.5085365243085,321.21
7266.008461422922,309.79
7266.608371301257,315.45
7267.10829619987,330.88
7267.708206078206,329.1
7268.308115956542,342.34
7268.808040855154,338.1
7269.407950733491,340.08
7270.007860611826,334.18
7270.50778551044,324.39
7271.107695388774,319.78
7271.607620287387,320.92
7272.207530165724,324.78
7272.807440044059,306.38
7273.307364942672,299.36
7273.907274821008,296.93
7274.507184699345,307.83
7275.007109597957,313.26
7275.607019476293,321.42
7276.206929354628,312.7
7276.706854253242,312.38
7277.306764131577,303.27
7277.806689030191,293.77
7278.406598908527,303.86
7279.0065087868625,314.06
7279.506433685476,319.66
7280.106343563811,324.13
7280.7062534421475,317.56
7281.206178340761,320.51
7281.806088219096,318.82
7282.405998097432,324.0
7282.905922996045,326.66
7283.505832874382,334.13
7284.005757772994,341.08
7284.605667651329,339.95
7285.205577529665,336.78
7285.705502428278,350.23
7286.305412306613,353.57
7286.90532218495,360.07
7287.405247083563,343.62
7288.005156961899,341.06
7288.505081860512,338.11
7289.104991738847,347.89
7289.704901617184,360.2
7290.204826515796,341.25
7290.804736394132,329.07
7291.404646272467,321.38
7291.9045711710805,337.42
7292.504481049417,355.37
7293.00440594803,339.46
7293.604315826366,337.9
7294.2042257047015,337.69
7294.704150603315,326.1
7295.30406048165,332.53
7295.9039703599865,326.95
7296.4038952586,325.66
7297.003805136936,327.56
7297.503730035549,327.98
7298.103639913884,340.96
7298.70354979222,340.99
7299.203474690833,337.39
7299.803384569168,340.28
7300.403294447504,336.26
7300.903219346117,335.3
7301.503129224454,334.98
7302.003054123066,338.77
7302.602964001402,348.69
7303.202873879738,356.47
7303.702798778351,341.56
7304.302708656686,327.58
7304.902618535022,321.49
7305.402543433636,317.82
7306.002453311971,313.81
7306.502378210585,320.64
7307.1022880889195,320.66
7307.702197967256,308.67
7308.202122865869,312.13
7308.802032744205,316.92
7309.40194262254,327.24
7309.901867521154,316.9
7310.50177739949,324.03
7311.001702298103,322.41
7311.601612176439,327.63
7312.201522054775,333.06
7312.701446953388,325.78
7313.301356831722,325.26
7313.901266710059,324.51
7314.401191608671,328.49
7315.001101487008,332.57
7315.501026385621,346.99
7316.100936263956,334.21
7316.700846142293,346.76
7317.200771040905,340.0
7317.800680919241,347.07
7318.3006058178535,350.24
7318.90051569619,346.24
7319.500425574526,342.22
7320.000350473139,359.04
7320.600260351474,353.58
7321.20017022981,352.91
7321.7000951284235,353.34
7322.3000050067585,352.2
7322.799929905372,362.43
7323.399839783708,357.07
7323.999749662044,352.67
7324.499674560658,362.09
7325.099584438993,366.01
7325.599509337606,353.34
7326.199419215942,369.06
7326.799329094278,363.38
7327.29925399289,355.77
7327.899163871227,359.72
7328.499073749562,343.47
7328.998998648175,345.04
7329.59890852651,355.41
7330.098833425123,350.82
7330.69874330346,359.58
7331.298653181795,344.95
7331.798578080408,354.23
7332.398487958744,349.09
7332.8984128573575,355.83
7333.498322735693,347.47
7334.098232614029,347.7
7334.5981575126425,349.01
7335.198067390978,355.25
7335.797977269313,347.59
7336.297902167927,345.87
7336.8978120462625,369.02
7337.397736944875,355.13
7337.997646823212,338.13
7338.597556701547,338.01
7339.09748160016,344.14
7339.697391478497,335.4
7340.197316377109,323.75
7340.797226255445,339.41
7341.397136133781,344.98
7341.897061032394,346.46
7342.49697091073,352.44
7342.996895809343,342.79
7343.596805687679,349.64
7344.196715566014,345.59
7344.696640464627,340.93
7345.296550342962,331.7
7345.896460221299,335.29
7346.396385119911,339.3
7346.996294998248,346.76
7347.4962198968615,350.5
7348.0961297751965,361.93
7348.696039653533,367.71
7349.195964552146,369.46
7349.7958744304815,361.8
7350.295799329094,357.82
7350.895709207431,364.75
7351.495619085766,358.49
7351.99554398438,355.75
7352.595453862715,355.88
7353.095378761327,363.31
7353.695288639664,353.88
7354.295198517999,357.66
7354.795123416612,366.88
7355.395033294948,370.17
7355.894958193561,364.82
7356.494868071898,373.74
7357.094777950233,364.02
7357.594702848846,357.11
7358.194612727182,351.41
7358.694537625795,357.43
7359.29444750413,346.95
7359.894357382466,359.45
7360.39428228108,364.59
7360.994192159415,373.11
7361.494117058029,365.69
7362.094026936364,370.26
7362.6939368147005,364.66
7363.193861713313,356.83
7363.793771591649,364.15
7364.293696490262,359.73
7364.893606368598,352.37
7365.493516246934,351.76
7365.993441145547,351.12
7366.593351023883,355.62
7367.093275922495,357.36
7367.693185800832,365.75
7368.293095679166,353.85
7368.793020577779,365.18
7369.392930456115,360.95
7369.892855354728,349.28
7370.492765233065,343.61
7371.0926751114,341.34
7371.5926000100135,350.34
7372.192509888349,328.63
7372.692434786963,343.86
7373.292344665298,332.79
7373.892254543634,347.28
7374.392179442248,324.36
7374.992089320584,334.31
7375.492014219197,328.93
7376.091924097532,325.61
7376.691833975868,345.16
7377.19175887448,346.33
7377.791668752816,346.74
7378.291593651429,345.11
7378.891503529765,334.75
7379.491413408102,334.75
7379.991338306714,346.07
7380.59124818505,349.75
7381.091173083662,345.54
7381.691082961999,350.82
7382.290992840334,358.85
7382.790917738947,353.23
7383.390827617284,364.18
7383.890752515897,349.52
7384.490662394233,346.96
7385.090572272567,372.69
7385.590497171181,364.65
7386.190407049517,379.27
7386.69033194813,385.0
7387.290241826466,364.22
7387.890151704802,363.02
7388.390076603415,355.61
7388.989986481751,363.54
7389.489911380364,354.4
7390.089821258699,351.17
7390.689731137036,358.08
7391.189656035649,358.78
7391.789565913984,354.08
7392.289490812597,342.82
7392.889400690932,342.87
7393.389325589546,356.45
7393.989235467881,354.17
7394.589145346217,349.36
7395.0890702448305,354.94
7395.688980123166,351.33
7396.18890502178,345.45
7396.788814900115,330.1
7397.388724778451,320.78
7397.888649677064,334.22
7398.488559555401,326.79
7398.988484454014,328.59
7399.588394332349,338.11
7400.188304210685,330.82
7400.688229109298,343.0
7401.288138987633,335.98
7401.788063886246,342.59
7402.387973764582,344.7
7402.887898663196,346.5
7403.487808541531,341.69
7404.087718419867,333.15
7404.587643318479,331.0
7405.187553196816,331.72
7405.687478095429,329.47
7406.287387973764,337.9
7406.8872978521,339.84
7407.387222750714,330.72
7407.98713262905,342.46
7408.487057527663,341.55
7409.086967405999,350.42
7409.686877284334,363.09
7410.186802182948,355.09
7410.786712061282,356.94
7411.286636959896,352.75
7411.886546838232,363.33
7412.386471736844,351.72
7412.986381615181,347.44
7413.586291493516,339.21
7414.086216392129,342.72
7414.686126270465,352.52
7415.186051169078,355.0
7415.785961047414,363.9
7416.38587092575,373.9
7416.885795824363,374.61
7417.485705702699,375.57
7417.985630601313,376.3
7418.5855404796475,374.97
7419.085465378261,370.88
7419.685375256598,365.46
7420.285285134932,358.02
7420.785210033545,361.59
7421.385119911881,368.16
7421.885044810494,358.37
7422.48495468883,359.05
7422.984879587443,357.85
7423.584789465779,357.47
7424.184699344115,356.39
7424.684624242728,363.16
7425.284534121063,368.98
7425.784459019676,373.35
7426.384368898012,372.05
7426.984278776349,353.61
7427.484203674962,353.06
7428.084113553297,359.43
7428.584038451911,351.25
7429.183948330246,347.84
7429.68387322886,343.22
7430.283783107194,336.4
7430.883692985531,347.43
7431.383617884144,343.43
7431.98352776248,358.28
7432.483452661093,347.76
7433.083362539428,341.75
7433.583287438041,352.9
7434.183197316377,341.26
7434.783107194713,346.95
7435.283032093326,353.42
7435.882941971662,347.79
7436.382866870275,360.79
7436.982776748611,351.51
7437.4827016472245,358.26
7438.0826115255595,363.55
7438.682521403895,359.71
7439.18244630251,359.1
7439.782356180844,350.58
7440.282281079457,348.25
7440.882190957793,354.65
7441.48210083613,353.86
7441.982025734742,358.62
7442.581935613078,363.34
7443.081860511691,353.04
7443.681770390027,355.67
7444.18169528864,363.79
7444.781605166975,344.12
7445.381515045312,352.76
7445.881439943924,353.76
7446.481349822261,346.76
7446.981274720874,361.97
7447.581184599208,360.94
7448.081109497823,367.52
7448.681019376158,364.52
7449.2809292544935,359.78
7449.780854153106,372.01
7450.380764031443,359.0
7450.880688930056,353.27
7451.480598808392,344.92
7451.980523707005,353.68
7452.58043358534,353.93
7453.080358483953,363.08
7453.680268362289,355.66
7454.280178240625,370.35
7454.780103139238,369.98
7455.380013017574,364.28
7455.879937916187,370.81
7456.479847794523,356.52
7456.9797726931365,369.57
7457.5796825714715,363.61
7458.179592449807,388.31
7458.6795173484215,383.09
7459.279427226756,375.17
7459.779352125369,367.93
7460.379262003705,359.52
7460.879186902318,363.16
7461.479096780654,357.29
7462.07900665899,365.69
7462.578931557603,355.75
7463.178841435939,362.57
7463.678766334552,366.19
7464.278676212887,356.77
7464.7786011115,351.52
7465.378510989836,342.94
7465.8784358884495,353.64
7466.478345766786,352.17
7467.07825564512,352.74
7467.578180543735,353.68
7468.1780904220695,349.39
7468.678015320684,366.61
7469.277925199018,349.31
7469.777850097632,357.91
7470.377759975968,351.03
7470.977669854304,351.97
7471.477594752917,348.46
7472.077504631252,351.45
7472.577429529865,348.69
7473.177339408201,357.94
7473.677264306814,346.21
7474.27717418515,366.76
7474.777099083763,366.36
7475.377008962099,356.07
7475.976918840435,360.78
7476.4768437390485,349.86
7477.0767536173835,351.86
7477.576678515997,356.01
7478.176588394333,354.61
7478.676513292946,348.93
7479.276423171281,349.58
7479.876333049617,360.57
7480.37625794823,356.36
7480.976167826566,349.12
7481.476092725179,361.19
7482.076002603515,359.46
7482.575927502127,360.04
7483.175837380464,358.54
7483.6757622790765,347.96
7484.275672157412,344.28
7484.875582035748,352.52
7485.3755069343615,357.95
7485.975416812698,360.43
7486.475341711311,371.6
7487.0752515896465,370.74
7487.575176488259,372.66
7488.175086366596,373.58
7488.675011265209,382.42
7489.274921143543,375.9
7489.87483102188,385.02
7490.374755920492,374.66
7490.974665798829,382.36
7491.474590697441,374.27
7492.074500575777,372.38
7492.57442547439,372.75
7493.174335352726,355.11
7493.67426025134,357.7
7494.2741701296745,365.11
7494.774095028288,350.12
7495.374004906624,351.63
7495.9739147849605,354.28
7496.473839683574,348.49
7497.073749561909,349.09
7497.573674460522,348.3
7498.173584338858,359.69
7498.673509237471,352.55
7499.273419115806,367.66
7499.773344014419,344.51
7500.373253892756,357.16
7500.973163771091,349.64
7501.473088669704,368.47
7502.072998548039,369.74
7502.572923446653,363.9
7503.1728333249885,365.55
7503.672758223602,369.46
7504.272668101938,364.47
7504.77259300055,359.65
7505.372502878887,363.16
7505.8724277775,371.66
7506.472337655836,371.16
7507.072247534171,368.44
7507.572172432784,373.33
7508.172082311121,359.11
7508.672007209733,351.75
7509.271917088069,363.1
7509.771841986682,367.85
7510.371751865018,360.15
7510.8716767636315,368.75
7511.471586641967,375.45
7511.971511540581,367.83
7512.571421418915,364.72
7513.1713312972515,359.67
7513.671256195865,363.24
7514.2711660742,375.04
7514.771090972813,360.25
7515.371000851149,355.8
7515.870925749762,376.84
7516.470835628098,375.07
7516.970760526711,379.28
7517.570670405047,370.21
7518.0705953036595,371.2
7518.670505181996,374.6
7519.270415060331,368.92
7519.7703399589445,373.38
7520.37024983728,357.36
7520.870174735894,363.26
7521.4700846142305,371.56
7521.970009512843,366.16
7522.569919391179,383.84
7523.069844289791,375.89
7523.669754168127,380.28
7524.169679066741,377.72
7524.769588945075,392.45
7525.269513843689,388.76
7525.869423722024,391.79
7526.469333600361,381.21
7526.969258498973,382.46
7527.569168377309,384.37
7528.069093275923,383.39
7528.6690031542585,386.48
7529.168928052872,381.16
7529.768837931207,365.81
7530.26876282982,379.97
7530.868672708156,373.17
7531.368597606769,377.44
7531.968507485106,384.37
7532.468432383718,376.02
7533.068342262054,387.12
7533.66825214039,385.2
7534.168177039003,381.32
7534.768086917337,388.03
7535.2680118159515,381.5
7535.867921694287,379.2
7536.367846592901,373.62
7536.9677564712365,363.94
7537.467681369851,385.36
7538.067591248185,387.73
7538.567516146798,404.27
7539.167426025134,391.06
7539.667350923747,388.35
7540.267260802082,397.55
7540.867170680419,383.95
7541.367095579032,382.83
7541.967005457368,375.89
7542.466930355981,374.37
7543.066840234316,375.06
7543.5667651329295,377.07
7544.166675011265,368.56
7544.666599909879,368.51
7545.2665097882145,379.68
7545.766434686827,381.75
7546.366344565164,379.72
7546.866269463776,388.41
7547.466179342113,394.13
7547.966104240726,386.7
7548.566014119061,384.65
7549.065939017674,380.43
7549.665848896009,379.08
7550.265758774345,372.6
7550.7656836729575,375.28
7551.365593551294,377.69
7551.8655184499075,366.43
7552.465428328243,370.95
7552.965353226857,375.54
7553.565263105192,381.13
7554.065188003805,361.44
7554.665097882141,378.39
7555.165022780754,371.84
7555.76493265909,366.96
7556.264857557702,367.02
7556.864767436039,382.11
7557.364692334652,364.83
7557.964602212988,364.37
7558.4645271116015,374.84
7559.064436989936,372.63
7559.664346868273,366.94
7560.164271766886,383.72
7560.764181645221,369.94
7561.264106543835,379.59
7561.86401642217,384.52
7562.363941320784,383.86
7562.963851199119,380.03
7563.463776097732,390.21
7564.063685976067,360.02
7564.56361087468,356.44
7565.163520753017,363.09
7565.663445651629,366.34
7566.263355529965,356.8
7566.763280428578,367.65
7567.3631903069145,372.2
7567.863115205528,376.89
7568.463025083864,359.22
7568.962949982477,364.12
7569.562859860812,364.24
7570.062784759425,352.65
7570.662694637761,349.52
7571.162619536374,366.53
7571.76252941471,367.4
7572.362439293046,353.0
7572.862364191659,359.37
7573.462274069995,357.56
7573.962198968608,361.37
7574.5621088469425,377.17
7575.062033745557,361.0
7575.6619436238925,377.38
7576.161868522506,362.7
7576.761778400841,373.57
7577.261703299455,371.01
7577.86161317779,385.81
7578.361538076403,376.65
7578.961447954739,387.97
7579.461372853352,374.62
7580.061282731687,378.65
7580.5612076303005,383.92
7581.161117508637,380.7
7581.66104240725,378.11
7582.2609522855855,379.77
7582.760877184198,391.99
7583.360787062535,381.61
7583.860711961148,391.74
7584.460621839484,391.45
7584.960546738097,390.22
7585.560456616432,386.48
7586.060381515045,388.56
7586.660291393381,394.54
7587.160216291994,405.88
7587.76012617033,392.4
7588.260051068943,383.63
7588.859960947279,392.88
7589.459870825614,379.22
7589.959795724229,396.11
7590.559705602563,376.98
7591.059630501177,362.67
7591.659540379513,373.37
7592.159465278125,390.32
7592.759375156461,410.71
7593.259300055074,445.25
7593.85920993341,463.61
7594.359134832023,419.62
7594.959044710359,393.92
7595.458969608972,344.55
7596.058879487307,288.57
7596.558804385921,259.01
7597.1587142642575,260.02
7597.65863916287,296.79
7598.258549041206,299.92
7598.758473939818,318.28
7599.358383818155,305.08
7599.858308716768,288.14
7600.458218595104,288.02
7600.958143493717,257.03
7601.558053372052,235.09
7602.057978270665,240.44
7602.657888149001,197.54
7603.157813047615,230.0
7603.7577229259505,236.81
7604.257647824563,203.6
7604.8575577029,181.23
7605.357482601512,192.91
7605.957392479849,213.84
7606.457317378462,201.66
7607.057227256796,202.83
7607.55715215541,185.26
7608.157062033745,222.64
7608.656986932359,230.46
7609.256896810693,257.1
7609.756821709308,201.42
7610.3567315876435,188.03
7610.856656486256,223.8
7611.456566364593,285.4
7611.956491263206,328.19
7612.556401141541,261.65
7613.056326040154,221.77
7613.65623591849,238.69
7614.156160817103,293.42
7614.756070695438,365.78
7615.2559955940515,324.6
7615.855905472388,244.6
7616.355830371001,252.56
7616.955740249337,277.34
7617.45566514795,332.96
7618.055575026286,357.55
7618.555499924899,370.45
7619.155409803235,385.69
7619.655334701848,406.12
7620.255244580183,450.86
7620.755169478796,388.03
7621.355079357132,299.43
7621.855004255745,311.83
7622.454914134082,378.74
7622.9548390326945,479.84
7623.55474891103,415.28
7624.054673809644,268.89
7624.654583687979,244.92
7625.154508586593,256.95
7625.754418464927,314.49
7626.254343363541,433.42
7626.854253241876,513.41
7627.35417814049,373.34
7627.954088018826,221.83
7628.454012917438,188.77
7629.053922795774,231.08
7629.553847694387,295.81
7630.153757572723,408.2
7630.653682471337,515.35
7631.253592349672,413.39
7631.753517248285,207.48
7632.353427126621,183.24
7632.853352025234,199.87
7633.45326190357,283.35
7633.953186802183,350.69
7634.553096680519,427.89
7635.053021579131,448.88
7635.652931457468,319.19
7636.152856356081,195.82
7636.752766234416,202.33
7637.25269113303,234.71
7637.852601011366,310.7
7638.352525909979,381.26
7638.952435788315,453.0
7639.452360686928,516.17
7640.052270565264,298.5
7640.552195463876,194.85
7641.152105342213,187.59
7641.652030240825,216.28
7642.25194011916,280.49
7642.751865017774,349.87
7643.351774896109,421.23
7643.851699794724,440.51
7644.451609673059,362.67
7644.951534571673,213.8
7645.551444450007,190.84
7646.05136934862,197.39
7646.651279226957,256.8
7647.151204125569,326.85
7647.751114003905,346.02
7648.251038902518,403.16
7648.750963801131,413.26
7649.350873679467,313.57
7649.85079857808,219.08
7650.450708456417,219.47
7650.95063335503,240.38
7651.550543233365,279.41
7652.050468131978,329.73
7652.650378010314,365.23
7653.150302908927,382.95
7653.750212787262,377.6
7654.250137685875,343.73
7654.850047564212,257.14
7655.349972462825,250.28
7655.949882341161,270.85
7656.449807239775,325.86
7657.04971711811,354.08
7657.549642016723,375.41
7658.149551895059,406.58
7658.649476793672,445.1
7659.249386672007,430.93
7659.74931157062,362.95
7660.349221448957,313.73
7660.849146347569,293.03
7661.449056225906,304.83
7661.9489811245185,341.27
7662.548891002854,367.39
7663.048815901468,376.85
7663.648725779803,411.84
7664.148650678417,418.74
7664.648575577029,392.58
7665.248485455365,360.03
7665.748410353978,331.86
7666.348320232313,318.16
7666.848245130927,324.3
7667.448155009262,370.78
7667.9480799078765,362.82
7668.547989786211,390.8
7669.047914684825,385.41
7669.647824563161,413.26
7670.147749461773,401.75
7670.747659340109,373.7
7671.247584238722,345.26
7671.847494117058,334.71
7672.347419015671,333.13
7672.947328894007,337.69
7673.44725379262,380.37
7674.047163670955,357.77
7674.547088569569,374.41
7675.146998447905,385.49
7675.646923346518,374.61
7676.146848245131,371.83
7676.746758123466,363.5
7677.246683022079,338.71
7677.846592900416,334.17
7678.346517799028,336.54
7678.946427677365,334.07
7679.446352575978,353.51
7680.046262454313,349.39
7680.546187352927,346.57
7681.1460972312625,346.14
7681.646022129876,355.12
7682.245932008211,384.24
7682.745856906824,364.48
7683.345766785161,352.64
7683.845691683773,350.19
7684.44560156211,358.71
7684.945526460722,350.15
7685.545436339058,360.71
7686.045361237671,340.77
7686.545286136284,354.16
7687.1451960146205,364.84
7687.645120913234,355.28
7688.245030791569,365.47
7688.744955690182,363.21
7689.344865568518,370.02
7689.844790467131,376.16
7690.444700345466,358.59
7690.94462524408,369.08
7691.544535122415,390.02
7692.0444600210285,370.77
7692.644369899364,359.52
7693.144294797978,388.72
7693.744204676313,354.35
7694.244129574926,358.65
7694.744054473539,349.82
7695.343964351875,342.79
7695.843889250489,349.22
7696.443799128824,325.03
7696.943724027437,341.84
7697.543633905772,318.48
7698.043558804386,345.13
7698.6434686827215,347.68
7699.143393581335,322.04
7699.743303459671,325.02
7700.243228358283,343.53
7700.84313823662,356.68
7701.343063135232,340.77
7701.942973013569,346.03
7702.442897912182,354.98
7702.9428228107945,359.09
7703.54273268913,339.54
7704.042657587743,349.29
7704.6425674660795,358.56
7705.142492364693,351.72
7705.742402243028,358.39
7706.242327141641,348.76
7706.842237019977,361.05
7707.34216191859,354.7
7707.942071796926,364.31
7708.441996695539,366.49
7708.9419215941525,361.22
7709.5418314724875,375.3
7710.041756371101,375.48
7710.641666249438,365.07
7711.14159114805,360.82
7711.741501026386,361.37
7712.241425924998,347.99
7712.841335803335,353.11
7713.341260701948,327.85
7713.941170580284,358.99
7714.441095478897,341.32
7715.041005357232,373.57
7715.5409302558455,363.74
7716.040855154459,367.46
7716.640765032795,366.01
7717.140689931408,359.91
7717.740599809743,370.56
7718.240524708356,355.84
7718.840434586693,370.18
7719.340359485305,368.0
7719.940269363642,377.97
7720.440194262254,382.82
7721.040104140589,389.23
7721.540029039204,374.48
7722.039953937816,389.59
7722.639863816153,391.28
7723.139788714766,390.99
7723.739698593101,369.07
7724.239623491714,380.72
7724.839533370049,366.42
7725.339458268663,365.13
7725.939368146998,362.17
7726.439293045612,363.35
7727.039202923947,359.91
7727.53912782256,375.49
7728.039052721174,369.82
7728.638962599509,361.26
7729.138887498123,353.1
7729.738797376458,365.47
7730.238722275071,340.86
7730.838632153407,338.52
7731.33855705202,340.76
7731.938466930356,342.12
7732.4383918289695,347.92
7732.938316727583,352.8
7733.538226605918,352.71
7734.038151504531,355.49
7734.638061382867,351.27
7735.13798628148,342.77
7735.737896159815,342.55
7736.237821058428,355.47
7736.837730936764,357.36
7737.3376558353775,351.14
7737.837580733991,362.68
7738.437490612327,353.68
7739.237370450107,391.43
7739.937265308166,398.21
7740.737145145947,385.15
7741.437040004006,374.74
7742.136934862065,372.1
7742.836829720122,391.03
7743.6367095579035,395.68
7744.336604415961,381.21
7745.03649927402,367.5
7745.736394132078,375.5
7746.536273969859,385.48
7747.236168827918,388.66
7747.9360636859765,393.14
7748.635958544035,377.43
7749.335853402093,377.15
7750.135733239874,379.27
7750.835628097932,373.13
7751.535522955991,367.1
7752.235417814049,359.22
7753.03529765183,360.86
7753.735192509888,351.32
7754.435087367947,357.89
7755.134982226005,354.21
7755.834877084064,338.43
7756.634756921845,343.31
7757.334651779903,339.17
7758.034546637961,326.64
7758.734441496019,338.11
7759.5343213338,344.9
7760.234216191859,339.14
7760.934111049918,348.74
7761.634005907977,372.14
7762.333900766034,375.15
7763.1337806038155,379.84
7763.833675461873,366.38
7764.533570319932,378.98
7765.23346517799,363.55
7766.033345015771,370.41
7766.73323987383,368.98
7767.4331347318885,366.41
7768.133029589947,354.93
7768.932909427728,378.26
7769.632804285786,377.34
7770.332699143844,373.38
7771.032594001903,358.96
7771.7324888599605,372.27
7772.532368697742,370.51
7773.2322635558,372.37
7773.932158413859,364.55
7774.632053271918,378.67
7775.431933109699,363.9
7776.131827967757,374.34
7776.831722825815,380.33
7777.531617683873,375.15
7778.231512541931,393.88
7779.031392379712,382.75
7779.731287237771,380.63
7780.43118209583,363.68
7781.131076953889,363.87
7781.93095679167,363.97
7782.630851649727,355.68
7783.330746507785,365.68
7784.030641365844,376.32
7784.830521203625,362.75
7785.530416061683,381.24
7786.230310919742,382.79
7786.9302057778,361.06
7787.630100635859,376.5
7788.42998047364,387.31
7789.129875331698,370.5
7789.829770189756,382.38
7790.529665047815,391.68
7791.329544885596,368.67
7792.029439743654,366.16
7792.729334601712,370.26
7793.429229459771,385.49
7794.229109297551,380.1
7794.9290041556105,376.52
7795.628899013669,394.89
7796.328793871727,385.69
7797.028688729785,387.62
7797.828568567566,386.99
7798.528463425624,384.6
7799.228358283683,393.01
7799.928253141742,389.11
7800.728132979522,389.85
7801.428027837582,389.31
7802.127922695639,400.35
7802.827817553697,396.55
7803.527712411756,362.79
7804.327592249537,400.11
7805.027487107595,389.26
7805.727381965654,383.99
7806.427276823712,390.63
7807.227156661493,383.08
7807.927051519552,377.86
7808.62694637761,388.42
7809.326841235668,369.33
7810.1267210734495,353.79
7810.826615931508,371.46
7811.526510789566,369.33
7812.226405647624,365.59
7812.926300505683,357.14
7813.726180343463,360.28
7814.4260752015225,366.75
7815.125970059581,364.74
7815.825864917639,360.87
7816.62574475542,364.5
7817.325639613478,352.28
7818.025534471536,373.97
7818.725429329595,377.44
7819.525309167376,376.07
7820.225204025434,372.59
7820.925098883494,400.74
7821.624993741551,384.43
7822.324888599609,375.0
7823.12476843739,382.8
7823.824663295449,361.48
7824.524558153507,378.64
7825.224453011566,363.31
7826.024332849347,361.67
7826.724227707405,362.29
7827.424122565464,360.8
7828.124017423522,354.46
7828.923897261303,357.59
7829.6237921193615,355.29
7830.32368697742,356.43
7831.023581835478,362.63
7831.723476693536,364.65
7832.523356531317,357.5
7833.223251389375,355.23
7833.9231462474345,355.07
7834.623041105493,369.04
7835.422920943274,348.39
7836.122815801332,369.38
7836.82271065939,368.96
7837.522605517448,353.8
7838.322485355229,358.21
7839.022380213288,358.76
7839.722275071346,358.74
7840.422169929406,364.76
7841.122064787463,379.62
7841.921944625245,360.97
7842.621839483302,359.97
7843.321734341361,360.66
7844.021629199419,365.45
7844.8215090372005,392.86
7845.521403895259,384.44
7846.221298753317,356.16
7846.921193611376,387.33
7847.721073449156,361.51
7848.420968307215,369.29
7849.1208631652735,369.23
7849.820758023332,358.61
7850.52065288139,357.99
7851.320532719171,353.23
7852.020427577229,357.72
7852.720322435287,362.25
7853.420217293347,346.83
7854.220097131127,356.86
7854.919991989186,359.23
7855.619886847244,348.14
7856.319781705302,351.72
7857.119661543084,352.49
7857.819556401141,345.08
7858.5194512592,347.07
7859.219346117258,339.12
7859.919240975318,332.9
7860.719120813098,341.43
7861.419015671157,344.2
7862.118910529214,331.31
7862.818805387273,338.41
7863.618685225054,336.25
7864.3185800831125,350.34
7865.018474941171,331.26
7865.718369799229,334.16
7866.51824963701,334.55
7867.218144495068,346.16
7867.918039353127,357.52
7868.6179342111855,356.77
7869.317829069244,347.71
7870.117708907025,326.74
7870.817603765083,328.71
7871.517498623141,336.71
7872.217393481199,326.33
7873.01727331898,321.44
7873.717168177039,326.91
7874.417063035098,336.58
7875.116957893156,326.54
7875.916837730937,322.42
7876.616732588996,323.76
7877.316627447053,327.31
7878.016522305112,320.49
7878.71641716317,318.23
7879.516297000951,321.4
7880.21619185901,317.13
7880.9160867170685,322.17
7881.615981575126,313.35
7882.415861412907,310.35
7883.115756270966,316.43
7883.815651129024,326.07
7884.515545987083,318.88
7885.315425824864,320.74
7886.015320682922,322.63
7886.71521554098,315.15
7887.415110399039,327.85
7888.214990236819,325.12
7888.914885094879,307.17
7889.614779952937,301.18
7890.314674810995,310.48
7891.014569669053,322.22
7891.8144495068345,315.56
7892.514344364892,318.61
7893.214239222951,316.6
7893.91413408101,310.46
7894.71401391879,312.48
7895.413908776849,311.12
7896.1138036349075,304.76
7896.813698492965,307.51
7897.613578330746,312.76
7898.313473188805,328.57
7899.013368046863,311.15
7899.713262904922,322.05
7900.4131577629805,330.32
7901.213037600761,315.26
7901.912932458819,311.14
7902.612827316878,315.35
7903.312722174936,314.61
7904.112602012718,318.49
7904.812496870776,309.93
7905.512391728834,322.94
7906.212286586892,318.6
7907.0121664246735,330.83
7907.712061282731,329.57
7908.411956140791,338.06
7909.111850998849,318.93
7909.811745856907,315.78
7910.611625694688,323.04
7911.3115205527465,317.74
7912.011415410804,315.88
7912.711310268864,306.91
7913.511190106644,310.71
7914.211084964702,309.55
7914.910979822761,302.87
7915.6108746808195,302.31
7916.410754518601,300.49
7917.110649376658,314.43
7917.810544234717,301.85
7918.510439092775,308.46
7919.310318930557,316.03
7920.010213788615,302.58
7920.710108646673,306.21
7921.410003504731,305.33
7922.10989836279,306.03
7922.909778200571,299.19
7923.60967305863,302.62
7924.309567916688,299.37
7925.009462774746,294.99
7925.809342612527,291.42
7926.5092374705855,307.38
7927.209132328643,310.32
7927.909027186703,292.43
7928.708907024482,311.44
7929.408801882542,309.63
7930.1086967406,315.73
7930.8085915986585,318.41
7931.508486456716,318.05
7932.308366294497,322.04
7933.008261152556,305.34
7933.708156010614,326.35
7934.408050868673,316.37
7935.207930706453,328.62
7935.907825564513,330.4
7936.60772042257,333.64
7937.307615280629,330.43
7938.10749511841,322.43
7938.807389976469,327.75
7939.507284834527,320.14
7940.207179692585,318.33
7941.007059530366,324.55
7941.706954388424,329.83
7942.406849246483,317.54
7943.106744104542,328.26
7943.8066389626,325.59
7944.606518800381,318.77
7945.306413658439,326.65
7946.0063085164975,322.16
7946.706203374555,309.85
7947.506083212336,320.32
7948.205978070395,324.12
7948.905872928454,324.74
7949.605767786512,323.16
7950.405647624293,327.53
7951.105542482352,332.42
7951.805437340409,332.8
7952.505332198468,340.93
7953.305212036249,344.79
7954.005106894308,333.31
7954.705001752365,321.61
7955.404896610425,320.34
7956.104791468482,324.95
7956.9046713062635,320.25
7957.604566164322,325.48
7958.304461022381,327.57
7959.004355880439,328.85
7959.80423571822,341.07
7960.504130576278,334.84
7961.204025434336,326.72
7961.903920292395,327.06
7962.703800130175,317.31
7963.403694988235,314.63
7964.103589846293,318.63
7964.803484704351,333.52
7965.5033795624095,336.59
7966.303259400191,333.49
7967.003154258248,332.03
7967.703049116307,346.07
7968.402943974366,332.29
7969.202823812147,332.67
7969.902718670205,334.02
7970.602613528264,325.86
7971.302508386321,328.96
7972.1023882241025,335.7
7972.802283082161,330.0
7973.50217794022,333.28
7974.202072798277,335.85
7975.001952636058,324.12
7975.701847494117,320.65
7976.4017423521755,321.64
7977.101637210234,324.34
7977.8015320682925,315.5
7978.601411906074,308.32
7979.301306764132,308.66
7980.00120162219,311.05
7980.7010964802475,322.76
7981.500976318029,328.69
7982.200871176087,331.14
7982.900766034147,327.26
7983.600660892205,334.06
7984.4005407299865,335.61
7985.100435588044,330.4
7985.800330446103,328.42
7986.50022530416,323.67
7987.3001051419415,322.1
7987.999999999999,334.62
7988.6998948580585,338.42
7989.399789716117,346.85
7990.099684574176,350.56
7990.899564411957,352.58
7991.599459270014,346.57
7992.299354128073,337.01
7992.9992489861315,336.3
7993.799128823913,335.46
7994.49902368197,345.99
7995.198918540029,342.06
7995.898813398087,344.04
7996.698693235868,338.41
7997.398588093927,338.53
7998.098482951986,364.76
7998.798377810044,349.46
7999.598257647825,344.47
8000.298152505883,330.41
8000.998047363941,332.23
8001.697942221999,326.76
8002.397837080059,314.24
8003.197716917839,317.03
8003.897611775898,319.64
8004.597506633956,325.69
8005.297401492015,330.39
8006.097281329796,328.98
8006.797176187853,319.95
8007.497071045911,314.08
8008.1969659039705,314.76
8008.996845741752,312.61
8009.696740599809,308.73
8010.396635457869,319.41
8011.096530315926,332.24
8011.796425173985,340.42
8012.596305011766,334.6
8013.296199869825,347.19
8013.996094727882,346.21
8014.695989585941,337.62
8015.495869423722,334.86
8016.19576428178,337.61
8016.895659139839,345.18
8017.595553997898,336.6
8018.395433835679,330.04
8019.095328693737,324.61
8019.795223551795,328.36
8020.495118409853,331.4
8021.294998247634,323.4
8021.994893105692,319.03
8022.694787963751,315.43
8023.39468282181,313.99
8024.094577679868,312.76
8024.894457517649,309.87
8025.594352375708,312.03
8026.294247233765,308.67
8026.994142091824,305.51
8027.794021929604,309.23
8028.493916787664,301.09
8029.193811645721,305.94
8029.893706503781,311.63
8030.693586341561,322.58
8031.39348119962,323.27
8032.093376057678,339.81
8032.793270915737,337.87
8033.593150753518,341.41
8034.2930456115755,341.93
8034.992940469634,336.26
8035.692835327692,345.0
8036.392730185751,326.61
8037.192610023531,336.65
8037.892504881591,338.35
8038.592399739649,328.14
8039.292294597707,331.75
8040.092174435488,329.54
8040.792069293546,342.43
8041.491964151604,348.05
8042.191859009663,329.12
8042.991738847443,324.32
8043.691633705503,328.78
8044.391528563561,313.11
8045.09142342162,321.3
8045.891303259401,309.55
8046.591198117459,321.02
8047.291092975516,307.36
8047.990987833576,310.58
8048.690882691633,309.0
8049.4907625294145,306.18
8050.190657387473,298.99
8050.890552245532,303.93
8051.59044710359,302.2
8052.390326941371,304.54
8053.09022179943,304.68
8053.7901166574875,308.21
8054.490011515546,306.65
8055.289891353327,308.08
8055.989786211385,303.44
8056.689681069443,312.73
8057.389575927503,304.26
8058.189455765283,308.68
8058.889350623343,320.45
8059.5892454814,317.77
8060.289140339458,313.16
8060.989035197516,320.11
8061.788915035298,329.53
8062.488809893356,323.56
8063.188704751415,329.04
8063.888599609473,326.64
8064.6884794472535,301.96
8065.388374305313,300.08
8066.088269163371,297.61
8066.788164021428,293.25
8067.58804385921,303.25
8068.287938717269,308.43
8068.9878335753265,311.69
8069.687728433385,315.35
8070.387623291444,315.58
8071.187503129224,319.49
8071.887397987283,308.84
8072.587292845342,308.07
8073.2871877033995,306.11
8074.087067541182,295.38
8074.786962399239,297.26
8075.486857257297,295.23
8076.186752115355,306.16
8076.986631953137,287.87
8077.686526811195,299.52
8078.386421669255,295.75
8079.086316527312,300.18
8079.886196365093,296.55
8080.586091223152,295.62
8081.28598608121,296.84
8081.985880939268,305.87
8082.685775797327,307.95
8083.485655635108,311.97
8084.1855504931655,310.23
8084.885445351225,313.61
8085.585340209283,316.08
8086.385220047064,318.22
8087.085114905121,308.51
8087.785009763181,297.33
8088.4849046212385,312.45
8089.28478445902,302.36
8089.984679317078,297.49
8090.684574175136,303.9
8091.384469033195,295.3
8092.184348870976,308.64
8092.884243729035,317.62
8093.584138587093,309.42
8094.284033445151,297.57
8094.983928303209,305.41
8095.78380814099,311.38
8096.483702999049,308.02
8097.183597857107,303.47
8097.8834927151665,303.84
8098.683372552947,306.66
8099.383267411005,308.43
8100.083162269063,300.88
8100.7830571271215,302.57
8101.582936964903,301.11
8102.28283182296,292.95
8102.98272668102,300.75
8103.682621539077,310.3
8104.382516397137,304.02
8105.182396234917,300.82
8105.882291092976,311.73
8106.582185951033,316.09
8107.282080809093,313.78
8108.081960646874,299.67
8108.781855504932,299.41
8109.48175036299,306.18
8110.181645221048,315.0
8110.981525058829,319.53
8111.6814199168875,321.0
8112.381314774947,307.55
8113.081209633005,318.89
8113.881089470787,329.62
8114.580984328844,317.76
8115.280879186902,314.86
8115.9807740449605,314.65
8116.680668903019,313.02
8117.4805487408,313.06
8118.180443598859,307.2
8118.880338456917,306.65
8119.580233314975,309.68
8120.380113152757,319.44
8121.080008010815,319.29
8121.779902868872,314.45
8122.479797726932,313.48
8123.279677564713,317.69
8123.979572422771,312.67
8124.679467280829,306.29
8125.379362138888,294.39
8126.079256996945,303.63
8126.879136834727,318.2
8127.579031692786,318.44
8128.278926550844,303.54
8128.978821408902,301.22
8129.778701246683,294.25
8130.478596104741,307.43
8131.1784909627995,323.68
8131.878385820859,323.07
8132.678265658639,340.53
8133.378160516699,330.44
8134.078055374756,321.11
8134.777950232814,321.2
8135.577830070595,316.52
8136.277724928654,310.52
8136.977619786712,309.91
8137.677514644771,319.99
8138.377409502829,317.62
8139.17728934061,326.21
8139.877184198669,329.03
8140.577079056727,317.28
8141.276973914785,310.35
8142.0768537525655,318.5
8142.776748610625,309.07
8143.476643468683,300.85
8144.176538326741,299.22
8144.976418164522,309.84
8145.67631302258,308.97
8146.376207880639,330.63
8147.076102738698,324.11
8147.775997596756,311.4
8148.575877434537,296.02
8149.275772292595,291.4
8149.975667150653,295.43
8150.6755620087115,318.91
8151.475441846493,322.93
8152.175336704551,330.84
8152.875231562611,319.54
8153.575126420668,318.12
8154.3750062584495,309.66
8155.074901116507,315.79
8155.774795974566,303.43
8156.474690832624,285.44
8157.2745706704045,278.74
8157.974465528464,271.98
8158.674360386522,298.42
8159.374255244581,302.0
8160.074150102639,303.38
8160.87402994042,318.14
8161.5739247984775,330.65
8162.273819656537,325.12
8162.973714514595,316.55
8163.773594352376,284.71
8164.473489210434,269.97
8165.173384068492,276.03
8165.8732789265505,297.59
8166.673158764332,329.65
8167.373053622391,350.54
8168.072948480449,344.77
8168.772843338507,321.76
8169.472738196565,317.45
8170.272618034346,308.78
8170.972512892405,295.17
8171.672407750463,272.23
8172.372302608522,273.73
8173.172182446303,279.88
8173.8720773043615,304.14
8174.571972162419,329.72
8175.271867020478,341.53
8176.071746858259,324.87
8176.771641716317,299.85
8177.471536574376,294.12
8178.171431432434,288.73
8178.871326290492,288.67
8179.671206128273,300.4
8180.371100986332,305.54
8181.07099584439,293.62
8181.770890702448,280.4
8182.570770540229,281.98
8183.270665398288,278.5
8183.970560256346,283.83
8184.670455114405,289.36
8185.470334952186,313.76
8186.170229810243,321.69
8186.870124668302,321.48
8187.570019526361,313.89
8188.269914384419,290.92
8189.0697942222005,287.67
8189.769689080259,309.38
8190.469583938316,341.19
8191.169478796375,337.33
8191.969358634158,320.89
8192.669253492215,301.89
8193.369148350273,300.21
8194.06904320833,320.08
8194.868923046113,312.92
8195.56881790417,311.47
8196.268712762228,317.27
8196.968607620287,318.92
8197.668502478346,321.22
8198.468382316127,317.32
8199.168277174185,326.3
8199.868172032244,307.11
8200.568066890302,313.81
8201.367946728084,326.08
8202.06784158614,317.93
8202.7677364442,318.31
8203.46763130226,321.54
8204.267511140039,316.88
8204.967405998099,312.35
8205.667300856156,317.63
8206.367195714214,333.76
8207.06709057227,324.9
8207.866970410054,329.47
8208.56686526811,334.4
8209.266760126171,338.85
8209.96665498423,330.13
8210.76653482201,331.31
8211.46642968007,327.73
8212.166324538126,313.01
8212.866219396185,305.13
8213.666099233966,317.07
8214.365994092024,328.41
8215.065888950081,321.2
8215.765783808141,322.14
8216.4656786662,313.83
8217.26555850398,320.01
8217.96545336204,321.45
8218.665348220098,321.06
8219.365243078157,311.07
8220.165122915936,310.83
8220.865017773996,317.51
8221.564912632053,301.14
8222.264807490112,272.69
8223.064687327893,264.24
8223.764582185951,270.83
8224.46447704401,301.9
8225.164371902067,338.07
8225.864266760125,358.38
8226.664146597906,341.22
8227.364041455965,333.29
8228.063936314024,329.09
8228.763831172084,342.2
8229.563711009863,336.77
8230.263605867922,333.48
8230.963500725982,325.21
8231.663395584039,323.92
8232.46327542182,323.47
8233.163170279877,325.64
8233.863065137937,309.92
8234.562959995994,336.73
8235.262854854052,337.96
8236.062734691834,333.74
8236.762629549892,328.37
8237.46252440795,340.68
8238.16241926601,308.46
8238.962299103792,306.2
8239.662193961849,337.96
8240.362088819908,338.99
8241.061983677964,348.54
8241.861863515747,343.79
8242.561758373804,328.71
8243.261653231863,326.06
8243.961548089923,331.29
8244.66144294798,341.87
8245.46132278576,339.56
8246.161217643818,325.36
8246.861112501878,315.85
8247.561007359936,321.14
8248.360887197716,306.94
8249.060782055776,304.2
8249.760676913835,314.71
8250.460571771893,304.77
8251.16046662995,298.25
8251.960346467733,304.78
8252.66024132579,309.74
8253.360136183848,333.39
8254.060031041905,332.22
8254.859910879688,346.64
8255.559805737745,330.35
8256.259700595803,331.72
8256.959595453864,323.86
8257.759475291643,330.27
8258.459370149703,319.31
8259.15926500776,318.14
8259.85915986582,321.43
8260.559054723877,345.98
8261.358934561658,343.73
8262.058829419717,327.43
8262.758724277775,333.53
8263.458619135834,334.49
8264.258498973615,321.42
8264.958393831674,316.9
8265.65828868973,314.7
8266.358183547789,309.83
8267.15806338557,311.53
8267.857958243629,305.76
8268.557853101687,309.22
8269.257747959746,314.71
8269.957642817806,304.54
8270.757522655585,305.8
8271.457417513644,309.83
8272.1573123717,318.96
8272.857207229761,324.49
8273.65708706754,318.5
8274.356981925599,316.34
8275.056876783658,328.74
8275.756771641716,322.58
8276.456666499775,315.46
8277.256546337556,308.5
8277.956441195616,324.1
8278.656336053673,329.48
8279.356230911731,332.64
8280.156110749513,328.79
8280.856005607571,310.51
8281.555900465628,300.48
8282.255795323686,294.94
8283.055675161468,293.3
8283.755570019526,288.35
8284.455464877585,304.45
8285.155359735641,323.23
8285.855254593702,339.31
8286.655134431481,331.64
8287.35502928954,317.73
8288.0549241476,287.21
8288.754819005659,283.53
8289.554698843438,279.76
8290.254593701498,286.5
8290.954488559557,303.81
8291.654383417614,314.64
8292.354278275672,328.65
8293.154158113453,324.8
8293.854052971512,320.5
8294.553947829569,309.42
8295.253842687627,295.69
8296.053722525408,294.22
8296.753617383467,300.68
8297.453512241527,319.3
8298.153407099584,318.14
8298.853301957644,313.65
8299.653181795424,300.2
8300.353076653482,298.52
8301.05297151154,298.35
8301.7528663696,306.36
8302.552746207379,319.27
8303.25264106544,319.88
8303.952535923498,311.58
8304.652430781554,303.44
8305.452310619336,286.23
8306.152205477394,301.12
8306.852100335454,291.14
8307.551995193511,281.59
8308.25189005157,296.69
8309.05176988935,285.77
8309.75166474741,295.39
8310.451559605468,288.11
8311.151454463525,293.33
8311.951334301308,284.62
8312.651229159364,293.54
8313.351124017423,302.61
8314.051018875482,297.3
8314.75091373354,316.11
8315.55079357132,309.69
8316.25068842938,291.74
8316.95058328744,294.83
8317.650478145497,296.8
8318.450357983278,322.97
8319.150252841337,332.76
8319.850147699395,329.37
8320.550042557452,325.22
8321.24993741551,319.13
8322.049817253292,307.37
8322.74971211135,302.34
8323.449606969409,302.02
8324.149501827465,301.39
8324.949381665248,300.73
8325.649276523305,300.87
8326.349171381366,307.46
8327.049066239424,308.89
8327.748961097483,305.06
8328.548840935262,299.81
8329.248735793322,298.23
8329.94863065138,306.86
8330.648525509438,300.28
8331.448405347219,305.36
8332.148300205277,318.76
8332.848195063336,309.48
8333.548089921393,295.95
8334.247984779451,315.37
8335.047864617232,321.29
8335.74775947529,329.17
8336.447654333351,335.3
8337.147549191408,321.78
8337.947429029191,314.58
8338.647323887248,302.72
8339.347218745306,314.58
8340.047113603365,311.52
8340.747008461423,307.01
8341.546888299203,306.78
8342.246783157263,308.61
8342.946678015322,320.46
8343.646572873378,321.87
8344.44645271116,319.76
8345.146347569218,313.2
8345.846242427278,315.0
8346.546137285335,312.01
8347.246032143394,311.04
8348.045911981175,317.45
8348.745806839233,324.78
8349.445701697292,321.53
8350.145596555349,327.0
8350.945476393132,320.63
8351.645371251188,322.5
8352.345266109247,317.32
8353.045160967305,317.04
8353.745055825364,308.82
8354.544935663143,328.34
8355.244830521204,330.89
8355.944725379264,321.55
8356.64462023732,312.14
8357.444500075102,312.3
8358.14439493316,296.54
8358.84428979122,284.98
8359.544184649276,298.69
8360.244079507334,297.95
8361.043959345116,303.63
8361.743854203174,297.11
8362.443749061233,294.34
8363.14364391929,310.35
8363.943523757072,295.74
8364.64341861513,302.04
8365.34331347319,294.3
8366.043208331248,304.85
8366.743103189307,300.91
8367.542983027086,312.59
8368.242877885146,323.65
8368.942772743205,314.51
8369.642667601262,308.73
8370.442547439043,305.97
8371.142442297101,297.66
8371.84233715516,300.22
8372.542232013217,296.08
8373.242126871275,300.43
8374.042006709056,326.84
8374.741901567115,319.72
8375.441796425175,316.53
8376.141691283232,329.64
8376.941571121015,326.33
8377.641465979072,333.25
8378.34136083713,330.54
8379.041255695189,320.5
8379.741150553247,314.2
8380.541030391027,326.51
8381.240925249087,318.57
8381.940820107146,324.89
8382.640714965202,334.02
8383.440594802983,320.25
8384.140489661042,327.26
8384.840384519102,321.6
8385.54027937716,323.19
8386.240174235218,318.23
8387.040054072999,311.2
8387.739948931057,315.34
8388.439843789116,310.81
8389.139738647173,319.73
8389.939618484956,328.94
8390.639513343012,328.65
8391.339408201071,327.65
8392.03930305913,338.92
8392.739197917188,319.9
8393.539077754967,312.03
8394.238972613028,316.12
8394.938867471088,319.7
8395.638762329145,328.79
8396.338657187203,328.28
8397.138537024985,328.07
8397.838431883043,316.48
8398.5383267411,338.63
8399.238221599158,324.01
8400.03810143694,325.57
8400.737996294998,316.46
8401.437891153057,304.74
8402.137786011113,315.91
8402.837680869174,322.33
8403.637560706953,325.32
8404.337455565013,328.04
8405.037350423072,325.94
8405.73724528113,342.36
8406.53712511891,338.56
8407.23701997697,328.8
8407.936914835029,315.68
8408.636809693086,309.55
8409.336704551144,293.94
8410.136584388925,299.41
8410.836479246984,304.95
8411.53637410504,313.5
8412.236268963099,325.08
8412.93616382116,326.01
8413.736043658939,321.51
8414.435938517,314.88
8415.135833375056,314.36
8415.835728233116,323.47
8416.635608070896,318.58
8417.335502928954,306.93
8418.035397787013,307.77
8418.735292645071,305.06
8419.43518750313,308.22
8420.235067340911,318.62
8420.93496219897,308.59
8421.634857057026,311.75
8422.334751915085,304.99
8423.134631752866,318.24
8423.834526610926,312.3
8424.534421468983,318.72
8425.234316327042,324.34
8425.9342111851,335.48
8426.734091022881,332.8
8427.43398588094,347.28
8428.133880738997,329.03
8428.833775597057,326.64
8429.533670455114,314.48
8430.333550292895,313.13
8431.033445150953,313.44
8431.733340009012,313.47
8432.433234867072,318.03
8433.233114704852,332.21
8433.933009562912,332.86
8434.632904420969,349.59
8435.332799279027,344.55
8436.032694137084,351.0
8436.832573974867,349.33
8437.532468832924,347.84
8438.232363690982,343.17
8438.93225854904,337.8
8439.6321534071,327.79
8440.43203324488,313.24
8441.131928102937,310.81
8441.831822960998,319.22
8442.531717819056,313.16
8443.331597656837,315.21
8444.031492514896,304.67
8444.731387372954,307.16
8445.431282231013,303.26
8446.13117708907,306.78
8446.931056926853,313.88
8447.63095178491,322.79
8448.330846642968,340.39
8449.030741501025,329.55
8449.730636359085,315.43
8450.530516196864,310.62
8451.230411054923,309.67
8451.930305912983,319.02
8452.630200771042,312.8
8453.430080608823,329.42
8454.12997546688,330.33
8454.82987032494,331.39
8455.529765182997,329.48
8456.229660041055,333.38
8457.029539878837,326.7
8457.729434736895,336.69
8458.429329594954,334.15
8459.12922445301,339.1
8459.829119311069,329.22
8460.62899914885,332.07
8461.328894006909,333.74
8462.028788864967,322.6
8462.728683723028,320.21
8463.528563560807,327.03
8464.228458418866,329.54
8464.928353276924,318.5
8465.628248134983,326.57
8466.328142993041,320.8
8467.12802283082,326.11
8467.827917688881,329.79
8468.527812546938,321.54
8469.227707404996,322.46
8469.927602263055,308.16
8470.727482100836,292.6
8471.427376958896,281.32
8472.127271816953,275.0
8472.827166675012,264.42
8473.52706153307,268.5
8474.326941370851,271.21
8475.026836228908,273.78
8475.726731086968,262.85
8476.426625945027,268.6
8477.226505782806,256.38
8477.926400640865,254.77
8478.626295498923,260.47
8479.326190356982,249.36
8480.02608521504,242.35
8480.825965052822,239.41
8481.52585991088,244.26
8482.225754768939,258.26
8482.925649626997,274.07
8483.625544485054,290.46
8484.425424322837,297.61
8485.125319180894,294.37
8485.825214038952,295.15
8486.52510889701,301.81
8487.22500375507,295.59
8488.024883592849,287.14
8488.724778450909,290.13
8489.424673308968,292.87
8490.124568167026,290.39
8490.924448004807,301.7
8491.624342862866,300.93
8492.324237720924,295.88
8493.024132578981,308.29
8493.72402743704,303.56
8494.52390727482,294.41
8495.22380213288,302.93
8495.923696990938,296.57
8496.623591848995,305.11
8497.323486707055,289.01
8498.123366544834,294.69
8498.823261402893,306.98
8499.523156260953,314.55
8500.223051119012,311.09
8500.92294597707,301.52
8501.722825814852,305.38
8502.42272067291,321.82
8503.122615530967,312.2
8503.822510389025,313.14
8504.522405247082,306.73
8505.322285084865,305.38
8506.022179942922,311.23
8506.72207480098,295.22
8507.421969659039,301.97
8508.22184949682,289.41
8508.921744354879,286.45
8509.621639212937,293.22
8510.321534070998,283.21
8511.021428929054,281.53
8511.821308766836,278.15
8512.521203624894,265.66
8513.221098482953,262.31
8513.920993341011,246.55
8514.620888199068,231.13
8515.42076803685,222.19
8516.120662894908,219.85
8516.820557752966,224.44
8517.520452611023,226.8
8518.220347469085,224.19
8519.020227306864,211.95
8519.720122164923,206.86
8520.420017022981,195.09
8521.11991188104,177.41
8521.819806739099,168.09
8522.619686576878,160.63
8523.319581434938,161.49
8524.019476292995,157.0
8524.719371151054,168.49
8525.419266009112,179.04
8526.219145846893,187.38
8526.919040704952,209.79
8527.61893556301,219.85
8528.318830421069,226.6
8529.018725279127,231.53
8529.818605116909,237.08
8530.518499974965,241.96
8531.218394833026,260.24
8531.918289691084,267.87
8532.718169528864,265.91
8533.418064386922,277.32
8534.11795924498,286.07
8534.81785410304,289.89
8535.517748961096,304.99
8536.317628798879,293.4
8537.017523656936,301.34
8537.717418514996,298.07
8538.417313373055,302.91
8539.117208231111,301.26
8539.917088068894,300.18
8540.616982926951,302.89
8541.31687778501,300.59
8542.016772643068,309.43
8542.716667501127,314.94
8543.516547338906,316.77
8544.216442196966,314.81
8544.916337055025,323.65
8545.616231913082,323.9
8546.316126771142,329.31
8547.116006608923,322.37
8547.815901466982,317.65
8548.515796325039,316.41
8549.215691183097,329.5
8549.915586041157,322.04
8550.715465878937,315.14
8551.415360736995,325.67
8552.115255595052,328.91
8552.815150453112,315.21
8553.51504531117,320.68
8554.31492514895,336.17
8555.014820007009,336.22
8555.714714865067,326.45
8556.414609723128,337.75
8557.114504581185,311.09
8557.914384418968,317.53
8558.614279277024,316.32
8559.314174135083,320.25
8560.01406899314,315.51
8560.7139638512,325.21
8561.51384368898,327.23
8562.213738547038,334.05
8562.913633405098,343.94
8563.613528263155,317.52
8564.313423121213,327.32
8565.113302958993,325.69
8565.813197817055,335.79
8566.513092675112,320.66
8567.21298753317,323.86
8567.912882391229,332.75
8568.71276222901,341.73
8569.412657087069,335.94
8570.112551945125,343.91
8570.812446803184,332.88
8571.512341661242,333.57
8572.312221499024,331.83
8573.01211635708,333.64
8573.71201121514,337.79
8574.411906073201,345.8
8575.111800931258,338.24
8575.91168076904,333.56
8576.611575627097,331.93
8577.311470485156,333.05
8578.011365343213,316.44
8578.711260201271,320.05
8579.511140039052,326.34
8580.211034897111,330.05
8580.91092975517,314.32
8581.610824613226,318.97
8582.310719471287,320.75
8583.110599309066,318.52
8583.810494167124,335.57
8584.510389025185,319.21
8585.210283883243,319.75
8585.910178741302,320.78
8586.710058579083,317.55
8587.409953437142,323.78
8588.109848295198,321.06
8588.809743153257,320.53
8589.509638011314,323.72
8590.309517849097,324.32
8591.009412707153,329.32
8591.709307565212,327.86
8592.409202423272,320.41
8593.10909728133,314.83
8593.908977119112,315.15
8594.608871977169,304.44
8595.30876683523,322.48
8596.008661693286,312.19
8596.708556551344,321.5
8597.508436389126,322.51
8598.208331247184,324.24
8598.908226105243,327.58
8599.6081209633,327.25
8600.308015821358,327.26
8601.10789565914,324.07
8601.807790517198,320.22
8602.507685375256,332.27
8603.207580233317,320.41
8603.907475091375,325.12
8604.607369949432,335.3
8605.407249787215,308.51
8606.107144645272,329.64
8606.80703950333,326.25
8607.506934361387,331.78
8608.206829219445,338.86
8609.006709057227,329.58
8609.706603915285,335.07
8610.406498773344,344.59
8611.106393631402,334.86
8611.806288489463,343.52
8612.606168327242,326.16
8613.3060631853,349.25
8614.005958043359,348.04
8614.705852901418,336.95
8615.405747759476,329.83
8616.205627597257,317.0
8616.905522455316,328.16
8617.605417313373,338.94
8618.305312171431,332.06
8619.005207029488,332.79
8619.80508686727,339.61
8620.504981725328,345.75
8621.204876583388,342.98
8621.904771441448,332.78
8622.604666299505,319.3
8623.404546137286,332.7
8624.104440995345,316.39
8624.804335853403,315.14
8625.50423071146,316.01
8626.204125569519,317.05
8626.904020427577,305.34
8627.703900265358,308.89
8628.403795123417,310.37
8629.103689981474,298.41
8629.803584839534,311.12
8630.503479697592,296.63
8631.303359535374,298.3
8632.00325439343,291.13
8632.70314925149,282.62
8633.40304410955,270.6
8634.102938967606,261.77
8634.902818805389,255.78
8635.602713663446,240.56
8636.302608521504,233.96
8637.002503379561,229.28
8637.70239823762,229.99
8638.5022780754,224.33
8639.20217293346,226.47
8639.90206779152,225.71
8640.601962649578,229.59
8641.301857507637,233.61
8642.101737345416,222.59
8642.801632203475,214.5
8643.501527061533,213.98
8644.201421919592,203.85
8644.90131677765,201.62
8645.601211635707,202.89
8646.40109147349,203.28
8647.100986331547,215.01
8647.800881189605,224.61
8648.500776047664,237.71
8649.200670905724,255.67
8650.000550743503,258.77
8650.700445601562,282.16
8651.400340459622,280.86
8652.10023531768,292.39
8652.800130175738,288.01
8653.600010013519,288.1
8654.299904871577,304.17
8654.999799729634,298.2
8655.699694587693,294.64
8656.399589445751,290.39
8657.099484303812,293.62
8657.899364141591,307.25
8658.59925899965,305.77
8659.29915385771,317.05
8659.999048715767,331.51
8660.698943573825,317.39
8661.498823411604,305.09
8662.198718269665,296.19
8662.898613127723,292.24
8663.59850798578,298.53
8664.298402843839,287.68
8665.09828268162,291.38
8665.798177539678,299.61
8666.498072397735,305.35
8667.197967255795,300.74
8667.897862113856,304.9
8668.597756971913,323.4
8669.397636809694,319.67
8670.097531667752,303.76
8670.79742652581,305.35
8671.497321383868,314.93
8672.197216241926,307.29
8672.997096079707,315.32
8673.696990937766,326.47
8674.396885795824,326.23
8675.096780653881,319.32
8675.796675511943,328.19
8676.596555349723,321.36
8677.296450207781,322.33
8677.996345065838,332.9
8678.696239923898,322.95
8679.396134781957,326.1
8680.096029640014,325.76
8680.895909477797,327.03
8681.595804335853,340.74
8682.295699193912,319.77
8682.995594051969,319.49
8683.695488910027,327.1
8684.495368747808,324.5
8685.195263605869,319.51
8685.895158463927,326.41
8686.595053321986,313.8
8687.294948180044,314.88
8687.994843038101,318.43
8688.794722875884,328.84
8689.49461773394,330.88
8690.194512592,325.79
8690.894407450058,326.03
8691.594302308114,327.8
8692.394182145898,324.88
8693.094077003954,336.96
8693.793971862013,337.61
8694.493866720073,328.85
8695.193761578132,327.7
8695.89365643619,326.14
8696.69353627397,328.26
8697.39343113203,331.6
8698.093325990087,329.95
8698.793220848145,323.83
8699.493115706202,323.1
8700.292995543985,319.15
8700.992890402042,330.97
8701.6927852601,320.58
8702.392680118159,325.73
8703.09257497622,326.71
8703.792469834278,320.38
8704.592349672057,318.96
8705.292244530117,337.41
8705.992139388174,334.12
8706.692034246233,331.95
8707.391929104291,330.68
8708.191808942072,335.22
8708.891703800131,323.49
8709.591598658188,325.23
8710.291493516246,330.04
8710.991388374305,325.66
8711.691283232365,324.97
8712.491163070144,324.59
8713.191057928203,325.34
8713.890952786263,337.52
8714.59084764432,347.25
8715.290742502379,338.02
8716.09062234016,330.69
8716.790517198218,335.46
8717.490412056275,335.39
8718.190306914334,324.28
8718.890201772392,317.93
8719.59009663045,317.73
8720.389976468232,329.41
8721.089871326289,322.96
8721.78976618435,329.66
8722.489661042408,324.51
8723.189555900466,332.32
8723.889450758525,313.08
8724.689330596306,319.0
8725.389225454364,309.14
8726.089120312421,319.99
8726.78901517048,324.91
8727.488910028538,329.97
8728.28878986632,339.69
8728.988684724376,327.43
8729.688579582436,324.89
8730.388474440497,309.02
8731.088369298554,316.72
8731.788264156612,314.79
8732.588143994393,306.87
8733.288038852452,306.21
8733.987933710509,308.81
8734.687828568567,319.62
8735.387723426627,323.17
8736.087618284684,329.78
8736.887498122465,320.95
8737.587392980522,335.45
8738.287287838582,328.42
8738.987182696641,322.28
8739.6870775547,313.33
8740.48695739248,325.18
8741.18685225054,329.05
8741.886747108598,328.94
8742.586641966654,332.51
8743.286536824713,334.2
8743.986431682772,332.94
8744.786311520553,331.22
8745.48620637861,333.81
8746.18610123667,312.9
8746.885996094728,315.3
8747.585890952787,319.58
8748.285785810845,315.57
8749.085665648627,321.93
8749.785560506685,316.22
8750.485455364742,334.21
8751.1853502228,314.58
8751.88524508086,323.47
8752.585139938918,322.23
8753.385019776699,319.83
8754.084914634755,331.55
8754.784809492816,332.24
8755.484704350873,331.56
8756.184599208933,329.59
8756.984479046712,339.56
8757.684373904773,321.1
8758.384268762831,350.75
8759.084163620888,333.99
8759.784058478946,340.29
8760.483953337005,349.59
8761.283833174786,348.16
8761.983728032843,340.14
8762.683622890903,337.66
8763.383517748962,336.18
8764.083412607019,340.81
8764.783307465077,331.5
8765.583187302858,344.12
8766.283082160919,340.93
8766.982977018975,331.21
8767.682871877034,322.41
8768.382766735094,322.32
8769.082661593151,328.49
8769.882541430932,321.96
8770.58243628899,323.9
8771.28233114705,326.77
8771.982226005106,313.26
8772.682120863165,317.35
8773.382015721223,321.31
8774.181895559004,322.78
8774.881790417065,328.04
8775.581685275121,323.51
8776.28158013318,325.68
8776.981474991238,336.4
8777.681369849297,321.76
8778.481249687076,324.88
8779.181144545137,319.5
8779.881039403195,307.04
8780.580934261252,310.57
8781.28082911931,308.48
8781.980723977367,305.31
8782.78060381515,313.98
8783.480498673209,322.14
8784.180393531267,320.75
8784.880288389328,311.16
8785.580183247384,316.16
8786.280078105443,332.93
8787.079957943224,314.47
8787.779852801283,310.7
8788.47974765934,312.7
8789.179642517398,316.04
8789.879537375456,317.51
8790.579432233515,335.28
8791.379312071296,330.07
8792.079206929353,328.75
8792.779101787415,331.21
8793.478996645472,326.02
8794.17889150353,335.97
8794.878786361589,331.86
8795.67866619937,327.18
8796.378561057429,317.54
8797.078455915485,315.62
8797.778350773544,304.16
8798.4782456316,308.76
8799.178140489661,316.56
8799.97802032744,323.95
8800.677915185499,319.72
8801.377810043561,327.8
8802.077704901618,325.53
8802.777599759676,342.24
8803.477494617733,326.61
8804.277374455516,331.92
8804.977269313573,329.79
8805.677164171631,336.23
8806.37705902969,332.78
8807.076953887748,324.04
8807.776848745807,334.62
8808.576728583586,335.13
8809.276623441647,337.61
8809.976518299705,338.89
8810.676413157764,335.22
8811.376308015822,323.42
8812.076202873879,331.31
8812.876082711662,334.0
8813.575977569719,319.07
8814.275872427777,316.41
8814.975767285836,310.37
8815.675662143894,315.29
8816.375557001953,322.19
8817.175436839732,312.59
8817.875331697793,323.37
8818.575226555851,328.1
8819.27512141391,319.98
8819.975016271967,328.6
8820.674911130025,316.12
8821.374805988085,326.89
8822.174685825865,330.76
8822.874580683923,333.99
8823.574475541982,339.07
8824.27437040004,343.79
8824.974265258097,353.18
8825.674160116156,352.0
8826.474039953937,336.44
8827.173934811997,335.39
8827.873829670056,335.85
8828.573724528113,343.28
8829.273619386173,334.01
8829.97351424423,341.25
8830.77339408201,340.1
8831.47328894007,343.17
8832.173183798128,340.43
8832.873078656186,342.82
8833.572973514243,344.09
8834.272868372302,351.43
8835.072748210083,345.48
8835.772643068141,339.61
8836.4725379262,336.27
8837.17243278426,330.66
8837.872327642319,337.82
8838.572222500376,332.14
8839.272117358434,327.45
8840.071997196215,333.5
8840.771892054274,324.78
8841.47178691233,320.55
8842.17168177039,320.33
8842.87157662845,324.97
8843.571471486506,327.0
8844.371351324287,320.95
8845.071246182346,315.75
8845.771141040406,321.62
8846.471035898463,337.68
8847.170930756522,336.38
8847.87082561458,326.77
8848.570720472637,329.99
8849.37060031042,332.17
8850.070495168477,333.46
8850.770390026535,321.7
8851.470284884594,344.93
8852.170179742652,338.9
8852.870074600713,349.86
8853.669954438494,354.39
8854.369849296552,333.26
8855.069744154609,330.63
8855.769639012668,336.62
8856.469533870724,327.31
8857.169428728785,338.5
8857.869323586843,335.66
8858.669203424623,325.2
8859.369098282683,330.72
8860.06899314074,331.73
8860.768887998798,332.22
8861.468782856857,332.83
8862.168677714915,332.19
8862.968557552696,342.12
8863.668452410755,341.28
8864.368347268814,316.64
8865.068242126872,334.37
8865.76813698493,335.26
8866.468031842987,344.57
8867.167926701046,334.85
8867.967806538827,331.73
8868.667701396886,336.02
8869.367596254944,335.1
8870.067491113003,338.38
8870.767385971061,332.63
8871.46728082912,349.65
8872.267160666901,339.52
8872.967055524958,338.66
8873.666950383018,324.01
8874.366845241077,334.25
8875.066740099133,336.04
8875.766634957192,336.51
8876.466529815249,335.46
8877.266409653032,340.7
8877.966304511088,334.97
8878.666199369149,337.09
8879.366094227209,342.7
8880.065989085266,341.26
8880.765883943324,346.61
8881.465778801381,338.49
8882.265658639164,348.78
8882.96555349722,334.58
8883.66544835528,329.31
8884.365343213338,338.69
8885.065238071396,335.12
8885.765132929455,328.3
8886.565012767234,332.29
8887.264907625295,327.0
8887.964802483353,334.49
8888.664697341412,329.64
8889.36459219947,324.14
8890.064487057527,321.56
8890.764381915587,323.2
8891.564261753367,320.1
8892.264156611425,316.8
8892.964051469482,318.6
8893.663946327542,312.68
8894.3638411856,318.27
8895.063736043658,315.08
8895.763630901718,317.02
8896.5635107395,326.52
8897.263405597558,330.29
8897.963300455614,326.7
8898.663195313673,337.54
8899.363090171733,326.65
8900.06298502979,330.47
8900.762879887849,332.85
8901.56275972563,339.18
8902.262654583688,334.83
8902.962549441745,326.99
8903.662444299804,312.36
8904.362339157864,326.19
8905.062234015923,320.79
8905.762128873981,328.02
8906.56200871176,320.8
8907.26190356982,310.58
8907.961798427878,308.09
8908.661693285936,321.64
8909.361588143995,316.09
8910.061483002051,316.44
8910.761377860112,329.93
8911.561257697891,336.0
8912.26115255595,313.22
8912.96104741401,330.41
8913.660942272068,330.81
8914.360837130127,339.42
8915.060731988184,325.97
8915.760626846242,336.6
8916.560506684023,331.65
8917.260401542082,339.64
8917.960296400139,335.09
8918.6601912582,317.32
8919.360086116258,328.14
8920.059980974314,324.75
8920.759875832375,330.27
8921.559755670156,332.68
8922.259650528214,339.9
8922.959545386271,323.94
8923.65944024433,330.48
8924.35933510239,327.19
8925.059229960447,327.76
8925.759124818505,323.79
8926.559004656285,341.53
8927.258899514345,333.48
8927.958794372402,337.57
8928.65868923046,329.8
8929.35858408852,338.83
8930.058478946577,333.43
8930.758373804638,333.38
8931.558253642417,344.91
8932.258148500476,345.66
8932.958043358534,355.47
8933.657938216593,342.51
8934.357833074651,336.06
8935.057727932708,324.45
8935.757622790767,334.61
8936.457517648825,328.37
8937.257397486606,335.16
8937.957292344663,332.81
8938.657187202725,341.45
8939.357082060784,333.81
8940.05697691884,331.7
8940.756871776899,329.84
8941.456766634956,321.19
8942.256646472739,323.84
8942.956541330796,319.14
8943.656436188854,343.69
8944.356331046914,342.68
8945.056225904971,344.65
8945.75612076303,331.21
8946.456015621088,336.22
8947.255895458871,327.08
8947.955790316928,326.4
8948.655685174987,323.88
8949.355580033045,313.51
8950.055474891104,304.2
8950.755369749162,310.15
8951.455264607219,332.15
8952.155159465277,337.99
8952.955039303059,338.88
8953.654934161117,331.85
8954.354829019176,320.4
8955.054723877234,338.97
8955.754618735295,340.87
8956.454513593351,319.91
8957.15440845141,295.28
8957.95428828919,282.61
8958.65418314725,288.55
8959.354078005308,313.46
8960.053972863365,333.04
8960.753867721423,329.32
8961.453762579482,330.26
8962.15365743754,342.55
8962.8535522956,357.7
8963.65343213338,372.17
8964.35332699144,361.38
8965.053221849497,329.5
8965.753116707556,308.96
8966.453011565613,292.57
8967.152906423671,303.51
8967.852801281731,329.68
8968.65268111951,354.59
8969.35257597757,349.05
8970.052470835628,339.13
8970.752365693686,339.64
8971.452260551745,337.28
8972.152155409804,344.57
8972.852050267862,340.47
8973.55194512592,318.94
8974.351824963702,306.44
8975.051719821759,299.62
8975.751614679819,283.95
8976.451509537876,307.08
8977.151404395934,350.24
8977.851299253993,370.11
8978.55119411205,372.82
8979.251088970112,342.46
8980.050968807891,329.75
8980.75086366595,296.3
8981.450758524008,273.62
8982.150653382067,250.64
8982.850548240125,244.39
8983.550443098182,269.55
8984.25033795624,326.32
8984.950232814299,332.54
8985.75011265208,324.9
8986.450007510137,263.67
8987.149902368197,266.52
8987.849797226258,335.69
8988.549692084314,366.99
8989.249586942373,391.27
8989.94948180043,357.18
8990.64937665849,341.27
8991.44925649627,316.89
8992.149151354328,310.84
8992.849046212388,306.6
8993.548941070445,301.52
8994.248835928503,287.4
8994.94873078656,266.6
8995.64862564462,257.48
8996.348520502681,268.49
8997.14840034046,314.59
8997.848295198519,328.01
8998.548190056577,317.65
8999.248084914636,297.04
8999.947979772693,312.27
9000.647874630751,342.36
9001.34776948881,337.61
9002.047664346868,322.6
9002.84754418465,300.18
9003.547439042706,288.2
9004.247333900767,322.73
9004.947228758825,327.07
9005.647123616884,328.2
9006.347018474942,306.77
9007.046913332999,308.26
9007.74680819106,306.43
9008.546688028839,330.3
9009.246582886897,358.27
9009.946477744954,359.74
9010.646372603014,320.17
9011.346267461073,283.12
9012.046162319131,263.5
9012.74605717719,305.08
9013.445952035248,361.71
9014.24583187303,404.89
9014.945726731086,399.5
9015.645621589145,371.08
9016.345516447205,330.36
9017.045411305262,315.55
9017.74530616332,304.37
9018.445201021377,310.33
9019.145095879436,343.33
9019.844990737498,348.24
9020.644870575275,332.1
9021.344765433336,312.34
9022.044660291394,326.17
9022.744555149453,376.16
9023.44445000751,385.41
9024.144344865568,380.46
9024.844239723627,342.4
9025.544134581685,331.0
9026.344014419466,331.7
9027.043909277523,319.65
9027.743804135584,350.57
9028.443698993642,342.17
9029.1435938517,339.41
9029.84348870976,343.28
9030.543383567816,330.59
9031.243278425876,344.84
9031.943173283933,332.7
9032.743053121714,336.78
9033.442947979773,329.7
9034.142842837831,313.25
9034.84273769589,319.77
9035.542632553947,320.35
9036.242527412007,316.52
9036.942422270065,307.71
9037.642317128124,312.71
9038.442196965903,314.45
9039.142091823964,325.73
9039.841986682022,344.93
9040.541881540079,320.69
9041.241776398138,322.59
9041.941671256194,311.6
9042.641566114255,298.39
9043.341460972313,291.91
9044.041355830372,301.86
9044.841235668153,301.52
9045.541130526211,309.39
9046.24102538427,314.46
9046.940920242327,307.96
9047.640815100385,311.97
9048.340709958446,319.23
9049.040604816502,334.06
9049.74049967456,357.62
9050.440394532618,358.71
9051.2402743704,350.55
9051.940169228457,333.54
9052.640064086516,331.52
9053.339958944576,322.84
9054.039853802635,309.09
9054.739748660693,314.94
9055.43964351875,302.67
9056.139538376809,301.72
9056.839433234867,315.81
9057.639313072648,327.86
9058.339207930707,323.31
9059.039102788764,306.1
9059.738997646824,320.62
9060.43889250488,309.53
9061.138787362941,318.47
9061.838682221,315.6
9062.538577079056,293.09
9063.238471937117,291.48
9064.038351774896,272.26
9064.738246632955,281.31
9065.438141491011,308.18
9066.138036349072,332.51
9066.83793120713,317.76
9067.537826065187,307.46
9068.237720923245,309.82
9068.937615781306,312.56
9069.637510639364,330.42
9070.337405497423,331.35
9071.137285335202,330.92
9071.837180193263,332.11
9072.53707505132,331.18
9073.236969909378,315.33
9073.936864767435,286.56
9074.636759625493,260.71
9075.336654483554,269.02
9076.03654934161,285.08
9076.73644419967,312.97
9077.536324037452,346.87
9078.23621889551,366.28
9078.936113753567,353.89
9079.636008611626,347.38
9080.335903469684,301.44
9081.035798327743,282.36
9081.735693185801,258.22
9082.435588043858,265.79
9083.135482901916,297.34
9083.835377759977,338.56
9084.635257597756,358.57
9085.335152455817,347.91
9086.035047313873,318.25
9086.734942171934,307.87
9087.43483702999,317.24
9088.134731888049,299.48
9088.834626746107,305.0
9089.534521604164,298.76
9090.234416462225,299.34
9090.934311320281,290.99
9091.734191158062,299.46
9092.434086016121,295.64
9093.133980874181,275.68
9093.83387573224,255.85
9094.533770590297,243.21
9095.233665448355,256.28
9095.933560306414,279.08
9096.633455164472,314.73
9097.33335002253,350.99
9098.133229860312,350.91
9098.83312471837,336.41
9099.533019576427,300.94
9100.232914434486,284.75
9100.932809292544,285.62
9101.632704150605,276.16
9102.332599008663,300.25
9103.03249386672,307.92
9103.732388724779,331.4
9104.432283582835,346.27
9105.132178440896,348.82
9105.932058278675,357.57
9106.631953136734,353.43
9107.331847994794,331.36
9108.03174285285,337.07
9108.731637710911,329.78
9109.431532568968,339.01
9110.131427427026,326.95
9110.831322285087,317.92
9111.531217143143,306.1
9112.231112001202,290.08
9113.030991838983,286.09
9113.730886697042,261.98
9114.430781555098,260.15
9115.130676413157,294.63
9115.830571271215,326.41
9116.530466129276,333.5
9117.230360987334,315.93
9117.930255845391,288.2
9118.63015070345,276.51
9119.330045561508,268.58
9120.12992539929,264.84
9120.829820257348,283.81
9121.529715115405,287.5
9122.229609973465,282.61
9122.929504831522,264.72
9123.62939968958,261.46
9124.32929454764,246.21
9125.029189405697,244.64
9125.729084263758,253.93
9126.428979121814,274.13
9127.128873979873,292.68
9127.928753817654,315.89
9128.628648675713,305.47
9129.328543533771,280.51
9130.028438391828,257.25
9130.728333249886,238.67
9131.428228107945,236.71
9132.128122966005,252.54
9132.828017824064,286.25
9133.52791268212,341.61
9134.22780754018,367.2
9134.927702398238,332.65
9135.727582236019,298.12
9136.427477094076,289.14
9137.127371952136,287.75
9137.827266810194,284.36
9138.527161668251,288.24
9139.22705652631,285.41
9139.926951384368,281.27
9140.626846242429,286.35
9141.326741100487,294.68
9142.026635958544,275.2
9142.726530816602,261.15
9143.42642567466,255.71
9144.226305512442,257.84
9144.926200370499,250.06
9145.626095228557,241.59
9146.325990086618,248.43
9147.025884944675,234.18
9147.725779802735,223.11
9148.425674660792,236.89
9149.12556951885,243.09
9149.82546437691,259.1
9150.525359234967,243.24
9151.225254093026,236.57
9152.025133930807,258.36
9152.725028788866,306.57
9153.424923646922,316.43
9154.12481850498,297.35
9154.82471336304,258.18
9155.5246082211,252.95
9156.224503079158,255.73
9156.924397937215,266.58
9157.624292795274,284.66
9158.324187653332,275.05
9159.02408251139,286.2
9159.72397736945,281.68
9160.523857207229,276.99
9161.223752065289,271.74
9161.923646923346,267.49
9162.623541781404,247.18
9163.323436639464,247.22
9164.023331497521,251.24
9164.723226355582,257.67
9165.423121213638,270.52
9166.123016071697,261.25
9166.822910929755,261.16
9167.522805787812,263.64
9168.222700645872,243.88
9169.022580483652,228.7
9169.72247534171,221.71
9170.422370199769,225.39
9171.12226505783,253.2
9171.822159915888,278.89
9172.522054773945,267.48
9173.221949632003,273.58
9173.921844490062,264.67
9174.62173934812,274.53
9175.321634206179,278.26
9176.021529064235,264.53
9176.721423922294,258.36
9177.421318780354,254.44
9178.221198618136,258.27
9178.921093476192,241.9
9179.620988334253,235.33
9180.320883192311,239.59
9181.020778050368,243.69
9181.720672908426,274.98
9182.420567766483,293.87
9183.120462624544,266.03
9183.820357482602,258.23
9184.520252340659,261.02
9185.22014719872,255.24
9185.920042056776,243.53
9186.619936914836,245.34
9187.419816752616,249.46
9188.119711610674,247.97
9188.819606468734,253.54
9189.519501326791,252.23
9190.21939618485,233.81
9190.919291042906,231.9
9191.619185900965,230.28
9192.319080759025,254.3
9193.018975617084,263.12
9193.718870475142,271.78
9194.4187653332,256.8
9195.118660191258,260.41
9195.818555049318,259.83
9196.618434887097,263.6
9197.318329745156,265.18
9198.018224603215,261.3
9198.718119461273,265.79
9199.41801431933,263.34
9200.117909177388,259.28
9200.817804035449,266.06
9201.517698893507,258.57
9202.217593751566,260.33
9202.917488609623,263.18
9203.617383467681,255.0
9204.317278325741,257.12
9205.017173183798,256.37
9205.717068041857,262.39
9206.516947879636,273.88
9207.216842737696,250.19
9207.916737595753,252.66
9208.616632453814,247.34
9209.316527311872,248.83
9210.016422169929,257.42
9210.71631702799,258.31
9211.416211886046,253.95
9212.116106744104,241.67
9212.816001602163,256.98
9213.515896460221,263.02
9214.21579131828,261.64
9214.915686176337,281.42
9215.615581034397,280.24
9216.415460872178,265.09
9217.115355730237,268.79
9217.815250588295,246.07
9218.515145446352,251.32
9219.21504030441,252.97
9219.91493516247,246.64
9220.614830020528,238.63
9221.314724878586,249.76
9222.014619736643,252.7
9222.714514594703,252.05
9223.414409452762,253.88
9224.11430431082,250.85
9224.814199168879,246.08
9225.514094026936,256.42
9226.213988884996,261.94
9227.013868722775,270.59
9227.713763580834,265.45
9228.413658438893,263.5
9229.113553296951,269.66
9229.81344815501,252.94
9230.513343013066,252.12
9231.213237871127,254.81
9231.913132729185,253.68
9232.613027587244,242.72
9233.312922445302,248.01
9234.012817303359,249.6
9234.712712161418,242.41
9235.412607019476,271.33
9236.112501877535,260.96
9236.812396735593,271.29
9237.51229159365,266.11
9238.312171431433,257.81
9239.012066289491,253.42
9239.71196114755,256.93
9240.411856005607,246.68
9241.111750863667,263.83
9241.811645721726,266.77
9242.511540579782,270.8
9243.211435437841,276.37
9243.911330295898,270.88
9244.611225153958,263.24
9245.311120012017,255.3
9246.011014870075,245.42
9246.710909728134,261.87
9247.41080458619,268.13
9248.11069944425,271.32
9248.81059430231,287.11
9249.510489160366,284.26
9250.310368998149,282.0
9251.010263856206,274.63
9251.710158714264,261.18
9252.410053572321,269.02
9253.109948430381,269.65
9253.809843288442,263.13
9254.509738146498,251.28
9255.209633004557,255.04
9255.909527862614,263.9
9256.609422720672,276.32
9257.309317578733,282.66
9258.00921243679,294.39
9258.709107294848,292.82
9259.409002152905,274.86
9260.108897010965,275.06
9260.808791869025,271.83
9261.508686727082,252.27
9262.20858158514,253.43
9263.008461422922,265.16
9263.70835628098,265.45
9264.408251139037,272.2
9265.108145997096,267.9
9265.808040855154,285.7
9266.507935713213,279.66
9267.207830571271,284.75
9267.90772542933,267.54
9268.607620287388,262.71
9269.307515145447,250.63
9270.007410003505,261.56
9270.707304861564,260.94
9271.40719971962,262.44
9272.10709457768,257.99
9272.80698943574,252.67
9273.506884293796,250.07
9274.206779151855,244.33
9274.906674009913,264.98
9275.606568867972,277.92
9276.406448705753,314.83
9277.106343563812,328.32
9277.80623842187,303.72
9278.506133279929,264.82
9279.206028137987,253.63
9279.905922996044,243.12
9280.605817854102,240.87
9281.305712712161,259.09
9282.00560757022,272.21
9282.70550242828,285.18
9283.405397286337,297.14
9284.105292144395,294.2
9284.805187002454,284.11
9285.505081860512,267.75
9286.20497671857,265.3
9286.904871576628,261.18
9287.604766434686,264.1
9288.304661292745,258.11
9289.004556150803,258.54
9289.704451008864,242.24
9290.40434586692,247.36
9291.204225704703,274.68
9291.90412056276,287.74
9292.604015420819,279.68
9293.303910278877,267.01
9294.003805136934,271.86
9294.703699994994,278.03
9295.40359485305,255.79
9296.10348971111,245.34
9296.803384569168,252.0
9297.503279427227,270.67
9298.203174285287,299.12
9298.903069143344,271.02
9299.602964001402,260.19
9300.30285885946,265.2
9301.002753717517,298.74
9301.702648575578,290.47
9302.402543433634,265.91
9303.102438291693,226.0
9303.802333149753,203.59
9304.50222800781,198.55
9305.20212286587,251.73
9305.902017723927,326.32
9306.601912581986,367.06
9307.401792419767,333.09
9308.101687277825,306.38
9308.801582135884,299.93
9309.50147699394,262.81
9310.201371852,219.07
9310.901266710058,176.76
9311.601161568118,145.49
9312.301056426177,182.26
9313.000951284233,303.31
9313.700846142294,394.15
9314.40074100035,369.66
9315.100635858409,339.09
9315.800530716468,307.03
9316.500425574524,302.92
9317.200320432585,273.65
9317.900215290641,226.8
9318.600110148702,204.57
9319.30000500676,189.79
9319.999899864817,182.05
9320.699794722877,207.57
9321.399689580934,269.97
9322.099584438993,345.04
9322.799479297051,365.58
9323.499374155108,323.85
9324.199269013168,305.14
9324.899163871225,306.01
9325.699043709006,279.22
9326.398938567067,251.41
9327.098833425125,226.25
9327.798728283184,221.97
9328.49862314124,197.11
9329.198517999299,178.42
9329.898412857357,183.4
9330.598307715416,224.53
9331.298202573475,292.83
9331.998097431531,303.57
9332.69799228959,279.78
9333.39788714765,235.31
9334.097782005709,206.7
9334.797676863767,215.31
9335.497571721824,271.35
9336.197466579883,324.25
9336.897361437941,284.13
9337.597256296,183.7
9338.297151154058,118.08
9338.997046012115,101.38
9339.696940870177,143.33
9340.396835728234,280.97
9341.096730586292,413.46
9341.79662544435,488.63
9342.496520302408,537.51
9343.196415160468,446.42
9343.896310018525,376.92
9344.596204876583,293.21
9345.296099734642,274.74
9345.995994592698,271.03
9346.69588945076,260.57
9347.49576928854,225.62
9348.195664146599,173.2
9348.895559004657,134.17
9349.595453862716,137.02
9350.295348720774,217.49
9350.995243578831,377.35
9351.69513843689,438.2
9352.395033294948,279.17
9353.094928153007,171.26
9353.794823011065,146.52
9354.494717869124,230.32
9355.194612727182,389.45
9355.89450758524,489.68
9356.5944024433,368.68
9357.294297301358,304.26
9357.994192159415,284.69
9358.694087017473,256.7
9359.393981875532,234.69
9360.09387673359,196.02
9360.793771591649,183.96
9361.493666449707,187.28
9362.193561307766,242.06
9362.893456165824,286.21
9363.593351023883,290.15
9364.293245881941,234.43
9364.993140739998,186.21
9365.693035598057,162.18
9366.392930456115,171.61
9367.092825314174,215.71
9367.792720172232,317.86
9368.49261503029,439.35
9369.192509888351,402.3
9369.892404746408,326.01
9370.592299604466,252.59
9371.292194462525,243.83
9371.992089320582,223.96
9372.691984178642,190.76
9373.391879036699,181.1
9374.091773894757,236.72
9374.791668752818,257.25
9375.491563610874,239.92
9376.191458468935,194.53
9376.991338306714,206.07
9377.691233164773,288.53
9378.391128022831,373.95
9379.09102288089,398.48
9379.790917738948,345.67
9380.490812597005,261.09
9381.190707455064,215.12
9381.890602313122,178.58
9382.590497171183,182.3
9383.290392029241,233.94
9383.990286887298,330.69
9384.690181745356,370.51
9385.390076603415,327.19
9386.089971461473,260.3
9386.789866319532,231.34
9387.489761177589,223.57
9388.189656035647,225.22
9388.889550893706,237.23
9389.589445751766,234.4
9390.289340609825,233.58
9390.989235467881,240.05
9391.68913032594,236.64
9392.389025183998,237.03
9393.088920042057,231.22
9393.788814900116,218.57
9394.488709758172,196.74
9395.188604616233,199.09
9395.88849947429,235.5
9396.58839433235,259.44
9397.288289190408,262.74
9397.988184048465,269.29
9398.688078906525,265.71
9399.387973764582,267.21
9400.08786862264,268.19
9400.7877634807,263.72
9401.487658338756,278.69
9402.187553196816,264.06
9402.887448054875,251.66
9403.587342912933,251.45
9404.287237770992,225.01
9404.987132629049,200.11
9405.687027487109,194.12
9406.386922345166,219.59
9407.086817203224,295.43
9407.786712061283,315.98
9408.48660691934,314.23
9409.1865017774,257.62
9409.886396635458,264.51
9410.586291493517,259.13
9411.286186351575,258.09
9411.986081209634,222.45
9412.685976067693,199.9
9413.38587092575,196.36
9414.085765783808,243.83
9414.785660641866,288.77
9415.485555499925,315.07
9416.185450357983,257.37
9416.885345216042,218.18
9417.5852400741,221.59
9418.285134932159,251.76
9418.985029790218,288.02
9419.684924648276,283.61
9420.384819506333,239.13
9421.084714364391,189.42
9421.78460922245,142.84
9422.484504080508,118.55
9423.184398938567,125.6
9423.884293796626,219.07
9424.584188654684,339.14
9425.284083512743,372.3
9425.983978370801,318.37
9426.68387322886,282.1
9427.383768086916,307.28
9428.083662944975,311.41
9428.783557803034,294.77
9429.483452661092,288.14
9430.183347519152,254.14
9430.88324237721,241.16
9431.583137235268,225.33
9432.283032093328,193.69
9432.982926951385,167.49
9433.682821809443,170.97
9434.3827166675,226.32
9435.082611525559,255.75
9435.782506383619,218.85
9436.482401241676,171.93
9437.182296099736,190.85
9437.882190957793,287.18
9438.582085815851,345.84
9439.281980673912,343.03
9439.981875531968,313.14
9440.681770390027,314.8
9441.381665248084,307.96
9442.081560106142,285.39
9442.781454964203,290.84
9443.48134982226,293.77
9444.18124468032,273.21
9444.881139538376,246.01
9445.581034396435,233.28
9446.280929254495,247.03
9446.980824112552,292.66
9447.68071897061,297.04
9448.380613828667,243.11
9449.080508686726,208.73
9449.780403544786,193.58
9450.480298402843,191.0
9451.180193260903,234.98
9451.88008811896,281.68
9452.57998297702,334.1
9453.279877835079,366.01
9453.979772693136,321.38
9454.679667551194,239.38
9455.37956240925,186.19
9456.079457267311,171.38
9456.77935212537,224.05
9457.479246983428,341.81
9458.179141841487,439.35
9458.879036699544,382.1
9459.578931557604,301.68
9460.278826415662,242.47
9460.97872127372,248.28
9461.678616131778,262.47
9462.378510989834,273.56
9463.078405847895,253.81
9463.778300705953,218.56
9464.478195564012,203.82
9465.17809042207,233.34
9465.877985280127,284.6
9466.577880138188,341.0
9467.277774996246,323.01
9467.977669854303,287.32
9468.677564712361,248.67
9469.37745957042,196.3
9470.077354428478,188.72
9470.777249286537,200.99
9471.477144144596,266.24
9472.177039002654,331.86
9472.876933860713,362.21
9473.576828718771,325.39
9474.27672357683,256.97
9474.976618434886,223.58
9475.676513292945,165.92
9476.376408151003,146.98
9477.076303009062,161.33
9477.776197867122,250.42
9478.47609272518,427.63
9479.175987583238,477.72
9479.875882441296,438.23
9480.575777299355,331.3
9481.275672157413,269.17
9481.97556701547,259.42
9482.675461873529,249.8
9483.375356731587,271.59
9484.075251589646,285.41
9484.775146447706,284.93
9485.475041305763,274.92
9486.174936163821,274.58
9486.87483102188,260.67
9487.574725879938,245.19
9488.274620737997,213.94
9488.974515596054,175.51
9489.674410454114,156.85
9490.37430531217,218.0
9490.974215190508,311.8
9491.674110048567,361.35
9492.374004906624,280.64
9493.073899764682,248.25
9493.77379462274,230.45
9494.4736894808,255.92
9495.173584338858,232.45
9495.873479196915,179.44
9496.573374054973,164.67
9497.273268913033,247.92
9497.973163771092,407.06
9498.67305862915,503.11
9499.372953487207,411.81
9500.072848345266,318.72
9500.772743203326,263.07
9501.472638061383,260.39
9502.172532919441,270.91
9502.872427777498,284.69
9503.572322635557,299.57
9504.272217493619,291.61
9504.972112351676,289.63
9505.672007209734,284.9
9506.37190206779,289.48
9507.07179692585,273.68
9507.77169178391,272.78
9508.471586641966,256.23
9509.171481500025,245.15
9509.871376358082,255.82
9510.57127121614,267.62
9511.271166074202,237.71
9511.97106093226,213.8
9512.670955790318,207.79
9513.370850648374,232.7
9514.070745506433,303.61
9514.770640364493,327.41
9515.47053522255,314.54
9516.170430080609,289.11
9516.870324938665,239.98
9517.570219796726,221.33
9518.270114654786,207.56
9518.87002453312,268.42
9519.569919391179,324.17
9520.269814249237,330.94
9520.969709107294,287.35
9521.669603965353,278.63
9522.369498823411,286.53
9523.06939368147,247.02
9523.76928853953,233.68
9524.469183397587,233.31
9525.169078255645,273.67
9525.868973113704,311.94
9526.568867971762,307.5
9527.26876282982,273.45
9527.968657687878,264.79
9528.668552545938,256.75
9529.368447403995,257.83
9530.068342262053,258.28
9530.768237120114,240.35
9531.46813197817,232.26
9532.16802683623,249.79
9532.867921694287,287.87
9533.567816552346,301.94
9534.267711410404,311.52
9534.967606268461,275.74
9535.667501126522,261.96
9536.367395984578,264.86
9537.067290842637,252.4
9537.767185700697,270.61
9538.467080558754,240.82
9539.166975416814,201.72
9539.76688529515,197.99
9540.466780153207,240.64
9541.166675011265,305.31
9541.866569869322,343.15
9542.56646472738,334.54
9543.266359585443,287.93
9543.9662544435,269.54
9544.666149301558,262.25
9545.366044159615,275.09
9546.065939017673,271.36
9546.765833875734,267.59
9547.46572873379,261.43
9548.165623591849,231.09
9548.865518449906,202.58
9549.565413307964,193.82
9550.265308166026,233.62
9550.965203024083,285.34
9551.665097882142,279.83
9552.364992740198,244.02
9553.064887598257,223.71
9553.764782456317,272.48
9554.464677314374,320.77
9555.164572172433,334.3
9555.86446703049,329.86
9556.564361888552,291.58
9557.164271766886,265.35
9557.864166624944,234.13
9558.564061483003,220.72
9559.263956341061,222.58
9559.963851199118,232.81
9560.663746057176,233.2
9561.363640915235,245.78
9562.063535773294,256.59
9562.763430631354,309.89
9563.46332548941,340.64
9564.16322034747,313.38
9564.863115205528,306.62
9565.563010063586,285.96
9566.262904921645,264.39
9566.962799779702,287.46
9567.662694637762,294.21
9568.362589495819,314.93
9569.062484353877,319.09
9569.762379211938,292.42
9570.462274069994,262.77
9571.162168928055,243.5
9571.762078806389,243.95
9572.461973664447,243.24
9573.161868522506,252.61
9573.861763380562,254.15
9574.561658238621,240.19
9575.261553096681,205.68
9575.96144795474,202.16
9576.661342812798,211.74
9577.361237670855,268.45
9578.061132528914,346.19
9578.761027386974,333.12
9579.46092224503,308.94
9580.16081710309,282.3
9580.860711961146,252.41
9581.560606819205,242.4
9582.260501677267,227.46
9582.960396535324,228.72
9583.660291393382,221.96
9584.360186251439,206.24
9585.060081109497,215.49
9585.659990987833,253.57
9586.35988584589,273.71
9587.05978070395,278.64
9587.75967556201,269.14
9588.459570420067,275.51
9589.159465278126,282.57
9589.859360136184,298.02
9590.559254994243,303.54
9591.259149852302,288.67
9591.959044710358,287.42
9592.658939568417,265.12
9593.358834426475,244.76
9594.058729284534,253.98
9594.758624142594,263.1
9595.458519000651,296.84
9596.15841385871,297.42
9596.858308716768,288.69
9597.458218595102,281.06
9598.158113453163,272.81
9598.85800831122,241.95
9599.557903169278,227.76
9600.257798027336,201.79
9600.957692885397,210.35
9601.657587743455,261.62
9602.357482601512,300.66
9603.05737745957,292.27
9603.757272317629,295.49
9604.457167175688,271.4
9605.157062033746,267.03
9605.856956891803,252.55
9606.556851749861,269.18
9607.256746607922,277.01
9607.95664146598,271.88
9608.656536324039,263.72
9609.256446202375,226.6
9609.956341060431,210.09
9610.65623591849,215.43
9611.356130776547,249.5
9612.056025634607,275.95
9612.755920492666,282.7
9613.455815350724,260.41
9614.155710208783,245.43
9614.85560506684,252.27
9615.5554999249,230.16
9616.255394782958,228.75
9616.955289641015,225.03
9617.655184499074,230.06
9618.35507935713,255.47
9619.05497421519,257.61
9619.654884093527,260.29
9620.354778951585,245.1
9621.054673809644,225.13
9621.754568667702,236.4
9622.454463525759,256.66
9623.15435838382,290.99
9623.854253241876,295.64
9624.554148099935,280.31
9625.254042957993,284.36
9625.953937816052,272.18
9626.653832674112,271.78
9627.353727532169,273.25
9628.053622390227,276.63
9628.753517248286,248.72
9629.35342712662,248.42
9630.053321984678,229.6
9630.753216842737,222.95
9631.453111700797,200.7
9632.153006558856,203.91
9632.852901416913,205.36
9633.552796274971,252.18
9634.252691133031,300.1
9634.952585991088,301.31
9635.652480849147,290.58
9636.352375707203,257.0
9637.052270565262,254.03
9637.752165423322,253.5
9638.45206028138,253.69
9639.051970159717,253.15
9639.751865017775,218.81
9640.451759875832,199.77
9641.15165473389,202.92
9641.851549591947,226.49
9642.551444450008,285.97
9643.251339308066,301.71
9643.951234166123,301.2
9644.651129024183,285.32
9645.351023882242,261.27
9646.0509187403,248.91
9646.750813598359,245.71
9647.450708456416,250.43
9648.050618334752,238.49
9648.75051319281,238.07
9649.450408050867,249.31
9650.150302908929,249.4
9650.850197766986,246.3
9651.550092625044,240.35
9652.249987483103,258.45
9652.949882341161,247.4
9653.64977719922,265.41
9654.349672057277,265.39
9655.049566915335,262.03
9655.749461773394,248.81
9656.34937165173,235.3
9657.049266509788,225.38
9657.749161367849,237.8
9658.449056225905,249.25
9659.148951083964,262.14
9659.84884594202,278.22
9660.548740800079,263.26
9661.24863565814,271.82
9661.948530516196,265.33
9662.648425374256,249.45
9663.348320232313,248.18
9664.048215090374,251.8
9664.648124968708,243.77
9665.348019826766,234.71
9666.047914684825,229.34
9666.747809542883,261.22
9667.44770440094,274.4
9668.147599258999,286.23
9668.847494117059,276.44
9669.547388975117,262.82
9670.247283833176,245.26
9670.947178691233,262.34
9671.647073549291,258.0
9672.34696840735,253.18
9672.946878285686,252.16
9673.646773143744,252.26
9674.346668001803,244.7
9675.046562859861,237.14
9675.74645771792,229.3
9676.446352575978,220.05
9677.146247434037,254.04
9677.846142292094,272.06
9678.546037150152,277.96
9679.24593200821,268.14
9679.94582686627,251.12
9680.545736744607,248.89
9681.245631602666,247.33
9681.945526460722,250.99
9682.64542131878,270.24
9683.345316176838,259.2
9684.045211034898,268.45
9684.745105892956,256.77
9685.445000751013,256.05
9686.144895609072,268.52
9686.84479046713,256.2
9687.54468532519,255.73
9688.144595203526,253.95
9688.844490061583,257.23
9689.544384919642,274.56
9690.2442797777,261.69
9690.944174635757,263.35
9691.644069493817,263.08
9692.343964351874,271.98
9693.043859209934,256.6
9693.743754067993,248.53
9694.44364892605,265.1
9695.043558804386,258.83
9695.743453662444,260.3
9696.443348520503,258.93
9697.143243378561,260.19
9697.843138236618,270.41
9698.543033094678,287.67
9699.242927952739,261.49
9699.942822810795,278.84
9700.642717668854,255.44
9701.34261252691,253.99
9701.942522405247,251.16
9702.642417263305,262.3
9703.342312121362,247.17
9704.042206979422,263.86
9704.742101837483,249.68
9705.44199669554,261.22
9706.141891553598,269.56
9706.841786411655,263.74
9707.541681269715,275.01
9708.241576127773,277.61
9708.841486006108,263.63
9709.541380864166,248.79
9710.241275722226,227.32
9710.941170580283,228.52
9711.641065438344,254.21
9712.3409602964,274.15
9713.040855154459,284.83
9713.740750012517,279.74
9714.440644870574,258.91
9715.140539728634,262.29
9715.74044960697,261.54
9716.440344465029,257.43
9717.140239323087,238.1
9717.840134181144,230.51
9718.540029039203,240.96
9719.239923897263,228.93
9719.93981875532,234.11
9720.639713613378,258.07
9721.339608471435,282.88
9721.939518349773,293.33
9722.639413207831,282.29
9723.33930806589,288.32
9724.039202923948,262.55
9724.739097782007,253.75
9725.438992640064,254.6
9726.138887498122,246.35
9726.83878235618,257.78
9727.53867721424,267.47
9728.138587092577,263.84
9728.838481950634,265.9
9729.538376808692,261.39
9730.23827166675,245.61
9730.938166524807,239.96
9731.638061382868,243.45
9732.337956240925,253.76
9733.037851098983,265.99
9733.737745957042,297.14
9734.337655835378,302.84
9735.037550693436,291.46
9735.737445551496,279.35
9736.437340409553,262.9
9737.137235267612,259.29
9737.837130125668,247.32
9738.537024983727,242.53
9739.236919841787,248.17
9739.836829720123,256.12
9740.536724578182,285.56
9741.23661943624,284.63
9741.936514294297,282.82
9742.636409152356,266.58
9743.336304010414,237.55
9744.036198868473,217.37
9744.736093726531,235.72
9745.435988584588,248.26
9746.035898462926,276.99
9746.735793320984,300.69
9747.435688179043,295.2
9748.135583037101,274.93
9748.835477895158,261.38
9749.535372753217,256.61
9750.235267611275,248.97
9750.935162469334,269.64
9751.53507234767,269.52
9752.23496720573,253.44
9752.934862063787,235.5
9753.634756921845,223.16
9754.334651779902,260.2
9755.03454663796,290.97
9755.73444149602,278.53
9756.434336354077,266.19
9757.034246232415,239.7
9757.734141090474,240.4
9758.43403594853,233.51
9759.133930806589,238.21
9759.833825664648,258.35
9760.533720522706,261.32
9761.233615380765,261.74
9761.933510238821,251.43
9762.533420117157,266.68
9763.233314975218,255.73
9763.933209833276,264.44
9764.633104691335,261.58
9765.332999549391,280.32
9766.03289440745,266.64
9766.732789265508,264.46
9767.432684123567,261.63
9768.032594001901,263.3
9768.732488859963,248.18
9769.43238371802,234.45
9770.132278576079,240.7
9770.832173434135,262.14
9771.532068292196,278.55
9772.231963150254,265.05
9772.93185800831,266.53
9773.531767886647,266.11
9774.231662744705,268.73
9774.931557602764,255.82
9775.631452460822,282.21
9776.331347318881,279.76
9777.03124217694,282.91
9777.731137034998,253.63
9778.431031893055,256.03
9779.03094177139,250.08
9779.73083662945,286.09
9780.43073148751,277.28
9781.130626345568,265.32
9781.830521203625,260.2
9782.530416061683,257.94
9783.230310919742,267.14
9783.830220798076,255.02
9784.530115656136,262.94
9785.230010514195,270.5
9785.929905372252,276.7
9786.629800230312,278.39
9787.329695088369,270.95
9788.029589946429,263.81
9788.629499824763,265.68
9789.329394682822,262.35
9790.02928954088,303.07
9790.729184398939,283.3
9791.429079256995,298.22
9792.128974115056,303.96
9792.828868973114,297.35
9793.528763831173,270.06
9794.128673709509,263.25
9794.828568567566,270.84
9795.528463425624,251.86
9796.228358283683,273.12
9796.928253141741,276.58
9797.6281479998,269.25
9798.328042857858,270.08
9798.927952736194,287.1
9799.627847594253,291.41
9800.32774245231,295.22
9801.02763731037,300.84
9801.727532168428,302.9
9802.427427026485,289.28
9803.127321884544,277.89
9803.727231762881,276.62
9804.427126620938,280.71
9805.127021478997,253.99
9805.826916337055,264.18
9806.526811195114,266.55
9807.226706053172,264.96
9807.926600911229,272.53
9808.526510789567,274.85
9809.226405647625,279.64
9809.926300505684,287.69
9810.626195363742,261.88
9811.326090221799,283.05
9812.025985079857,271.79
9812.725879937916,281.36
9813.32578981625,276.98
9814.02568467431,277.01
9814.72557953237,272.18
9815.425474390428,276.32
9816.125369248486,282.93
9816.825264106543,271.08
9817.425173984879,264.64
9818.125068842937,274.98
9818.824963700996,280.87
9819.524858559054,266.91
9820.224753417115,258.46
9820.924648275171,256.47
9821.624543133232,266.39
9822.224453011566,280.19
9822.924347869624,279.08
9823.624242727683,299.22
9824.32413758574,286.56
9825.024032443798,272.69
9825.723927301857,272.41
9826.323837180193,267.9
9827.023732038253,273.59
9827.723626896312,280.29
9828.423521754368,274.64
9829.123416612427,280.38
9829.823311470484,296.88
9830.523206328544,280.89
9831.12311620688,276.36
9831.823011064938,272.65
9832.522905922997,267.21
9833.222800781055,264.08
9833.922695639112,261.27
9834.622590497172,258.12
9835.222500375507,259.27
9835.922395233565,261.17
9836.622290091625,277.61
9837.322184949682,265.64
9838.02207980774,271.3
9838.7219746658,284.55
9839.421869523858,281.05
9840.021779402194,295.75
9840.721674260252,289.45
9841.421569118309,298.38
9842.121463976368,286.44
9842.821358834426,267.96
9843.521253692486,263.21
9844.12116357082,259.64
9844.821058428879,256.37
9845.520953286938,274.42
9846.220848144996,290.99
9846.920743003053,283.62
9847.620637861111,281.71
9848.22054773945,281.68
9848.920442597508,288.27
9849.620337455566,282.26
9850.320232313623,285.68
9851.020127171681,281.65
9851.72002202974,280.75
9852.319931908074,265.12
9853.019826766134,285.17
9853.719721624195,262.96
9854.419616482252,293.25
9855.11951134031,274.47
9855.819406198367,288.44
9856.419316076703,260.82
9857.119210934761,282.7
9857.81910579282,276.32
9858.519000650878,276.72
9859.218895508939,272.61
9859.918790366995,284.4
9860.518700245331,260.91
9861.21859510339,270.81
9861.918489961448,274.27
9862.618384819507,268.2
9863.318279677564,278.54
9864.018174535622,267.61
9864.61808441396,282.74
9865.317979272017,264.46
9866.017874130077,289.93
9866.717768988136,287.22
9867.417663846192,296.08
9868.11755870425,281.75
9868.717468582587,272.36
9869.417363440643,262.69
9870.117258298704,260.37
9870.817153156762,266.64
9871.51704801482,253.96
9872.116957893157,264.87
9872.816852751213,259.95
9873.516747609272,262.06
9874.21664246733,265.11
9874.916537325389,262.67
9875.61643218345,272.31
9876.216342061785,284.13
9876.916236919842,268.02
9877.6161317779,278.11
9878.316026635957,268.61
9879.015921494018,276.11
9879.715816352076,281.87
9880.31572623041,302.97
9881.01562108847,283.48
9881.71551594653,290.64
9882.415410804586,280.99
9883.115305662644,279.39
9883.71521554098,272.12
9884.415110399039,282.08
9885.115005257097,272.65
9885.814900115154,271.45
9886.514794973215,282.95
9887.214689831273,249.46
9887.814599709607,285.29
9888.514494567666,252.18
9889.214389425726,277.44
9889.914284283783,280.6
9890.614179141841,304.81
9891.214089020179,298.68
9891.913983878236,287.54
9892.613878736294,294.8
9893.313773594353,287.25
9894.013668452411,286.14
9894.71356331047,265.36
9895.313473188804,274.05
9896.013368046863,271.56
9896.713262904921,294.78
9897.413157762981,280.83
9898.11305262104,279.31
9898.712962499376,282.26
9899.412857357433,284.58
9900.112752215491,270.56
9900.812647073548,289.02
9901.512541931606,258.56
9902.112451809944,282.17
9902.812346668003,261.32
9903.512241526061,260.53
9904.21213638412,279.83
9904.912031242176,275.03
9905.611926100235,259.57
9906.21183597857,287.22
9906.91173083663,302.98
9907.61162569469,282.22
9908.311520552747,267.54
9909.011415410805,273.11
9909.611325289141,280.07
9910.311220147198,265.7
9911.011115005256,276.4
9911.711009863317,279.17
9912.410904721373,271.76
9913.010814599711,286.72
9913.71070945777,256.59
9914.410604315826,270.0
9915.110499173885,271.65
9915.810394031943,293.6
9916.410303910277,273.31
9917.110198768338,271.36
9917.810093626395,267.65
9918.509988484455,270.57
9919.209883342513,258.38
9919.809793220847,273.63
9920.509688078906,281.42
9921.209582936966,274.22
9921.909477795023,283.55
9922.609372653082,284.8
9923.20928253142,301.35
9923.909177389476,285.71
9924.609072247535,282.93
9925.308967105593,291.09
9926.008861963652,260.63
9926.608771841988,274.11
9927.308666700044,265.63
9928.008561558103,263.34
9928.708456416161,272.88
9929.40835127422,290.68
9930.008261152556,274.86
9930.708156010616,285.0
9931.408050868673,288.4
9932.107945726731,275.9
9932.807840584788,282.88
9933.407750463124,266.87
9934.107645321184,289.26
9934.807540179241,268.39
9935.507435037302,272.31
9936.20732989536,293.82
9936.807239773694,292.71
9937.507134631753,291.85
9938.207029489811,278.95
9938.906924347868,275.03
9939.606819205928,292.81
9940.206729084266,286.97
9940.906623942323,288.51
9941.606518800381,287.68
9942.306413658438,279.65
9943.006308516497,284.72
9943.606218394832,289.69
9944.30611325289,286.32
9945.006008110951,265.58
9945.70590296901,267.11
9946.405797827067,277.24
9947.005707705403,274.73
9947.705602563461,279.4
9948.405497421518,292.63
9949.105392279578,277.48
9949.705302157914,272.94
9950.405197015973,281.01
9951.105091874031,269.82
9951.804986732088,277.74
9952.504881590146,278.31
9953.104791468482,294.74
9953.804686326539,271.62
9954.5045811846,290.25
9955.204476042658,261.68
9955.904370900716,287.01
9956.504280779052,285.05
9957.20417563711,285.75
9957.904070495168,275.7
9958.603965353228,267.5
9959.303860211285,273.2
9959.90377008962,295.83
9960.603664947681,283.25
9961.303559805738,303.34
9962.003454663796,284.22
9962.603364542132,293.27
9963.303259400189,296.96
9964.00315425825,259.78
9964.703049116308,272.43
9965.402943974364,280.7
9966.002853852702,273.78
9966.70274871076,271.84
9967.402643568817,261.47
9968.102538426876,269.64
9968.702448305212,261.15
9969.40234316327,269.05
9970.102238021329,273.16
9970.802132879386,293.37
9971.502027737446,286.09
9972.101937615782,270.74
9972.801832473839,263.86
9973.501727331899,267.93
9974.201622189958,282.79
9974.801532068292,282.86
9975.50142692635,262.24
9976.20132178441,283.23
9976.901216642467,282.81
9977.601111500526,266.91
9978.201021378862,287.68
9978.90091623692,276.58
9979.600811094979,262.22
9980.300705953036,275.23
9980.900615831373,280.53
9981.600510689432,284.19
9982.300405547488,277.51
9983.000300405547,275.48
9983.700195263607,293.63
9984.300105141941,287.98
9985.0,289.76
9985.699894858059,290.62
9986.399789716117,323.48
9986.999699594453,291.24
9987.699594452512,275.53
9988.39948931057,299.22
9989.099384168629,276.27
9989.699294046964,273.55
9990.399188905021,292.79
9991.09908376308,280.09
9991.798978621138,310.75
9992.498873479197,278.85
9993.098783357533,285.47
9993.798678215591,296.73
9994.49857307365,267.91
9995.198467931708,279.68
9995.798377810042,290.33
9996.498272668103,298.88
9997.198167526161,287.18
9997.898062384218,307.22
9998.497972262554,274.02
9999.497822059782,291.72
9999.497822059782,278.82
10000.497671857007,274.61
10001.497521654233,275.74
10001.497521654233,277.61
10002.49737145146,283.03
10003.497221248686,278.54
10003.497221248686,277.98
10004.497071045911,283.24
10005.496920843138,287.11
10005.496920843138,280.87
10006.496770640366,271.75
10007.49662043759,276.98
10008.496470234817,289.7
10008.496470234817,270.41
10009.496320032044,279.2
10010.49616982927,268.29
10010.49616982927,263.17
10011.496019626495,283.24
10012.495869423723,283.2
10012.495869423723,290.2
10013.49571922095,308.25
10014.495569018174,278.52
10014.495569018174,285.02
10015.4954188154,278.48
10016.495268612627,264.47
10016.495268612627,264.75
10017.495118409854,238.07
10018.494968207078,263.13
10018.494968207078,256.41
10019.494818004307,268.2
10020.494667801533,284.72
10020.494667801533,283.37
10021.49451759876,278.51
10022.494367395984,279.94
10022.494367395984,299.35
10023.49421719321,292.33
10024.494066990437,272.97
10024.494066990437,266.14
10025.493916787664,256.56
10026.49376658489,226.6
10026.49376658489,250.9
10027.493616382117,257.86
10028.493466179343,281.72
10028.493466179343,302.19
10029.493315976568,319.79
10030.493165773794,389.07
10030.493165773794,398.85
10031.49301557102,337.18
10032.492865368247,293.36
10032.492865368247,281.16
10033.492715165474,287.13
10034.4925649627,276.76
10035.492414759927,288.61
10035.492414759927,270.93
10036.492264557151,290.97
10037.492114354378,271.16
10037.492114354378,275.24
10038.491964151606,296.64
10039.49181394883,277.41
10039.49181394883,257.58
10040.491663746057,272.56
10041.491513543284,251.33
10041.491513543284,299.55
10042.49136334051,270.34
10043.491213137735,299.51
10043.491213137735,292.64
10044.491062934962,288.59
10045.49091273219,291.77
10045.49091273219,279.42
10046.490762529414,277.66
10047.490612326641,245.3
10047.490612326641,273.92
10048.490462123867,271.0
10049.490311921094,266.39
10049.490311921094,268.24
10050.490161718319,295.54
10051.490011515547,271.43
10051.490011515547,294.01
10052.489861312773,270.48
10053.48971111,292.6
10053.48971111,276.87
10054.489560907225,281.67
10055.489410704451,275.29
10055.489410704451,286.84
10056.489260501678,297.67
10057.489110298902,288.5
10057.489110298902,266.98
10058.48896009613,274.77
10059.488809893357,273.17
10059.488809893357,274.41
10060.488659690584,273.5
10061.488509487808,280.42
10061.488509487808,304.46
10062.488359285035,275.93
10063.488209082261,285.58
10064.488058879486,277.24
10064.488058879486,257.84
10065.487908676714,284.25
10066.48775847394,266.19
10066.48775847394,282.82
10067.487608271167,302.0
10068.487458068392,284.69
10068.487458068392,287.47
10069.487307865618,291.85
10070.487157662845,295.86
10070.487157662845,290.0
10071.487007460071,281.7
10072.486857257298,281.83
10072.486857257298,292.58
10073.486707054524,278.02
10074.48655685175,282.34
10074.48655685175,287.14
10075.486406648975,278.72
10076.486256446202,269.43
10076.486256446202,267.29
10077.486106243428,280.35
10078.485956040655,288.27
10078.485956040655,293.8
10079.485805837881,293.45
10080.485655635108,301.36
10080.485655635108,300.78
10081.485505432334,280.4
10082.485355229559,270.79
10082.485355229559,270.18
10083.485205026785,268.13
10084.485054824014,284.11
10084.485054824014,280.84
10085.484904621238,258.23
10086.484754418465,253.18
10086.484754418465,287.42
10087.484604215691,270.65
10088.484454012918,264.86
10088.484454012918,283.68
10089.484303810143,290.97
10090.484153607369,274.27
10090.484153607369,296.21
10091.484003404597,297.43
10092.483853201824,282.88
10092.483853201824,263.82
10093.483702999049,285.21
10094.483552796275,266.39
10094.483552796275,286.18
10095.483402593502,293.67
10096.483252390726,282.89
10096.483252390726,268.87
10097.483102187955,261.04
10098.482951985181,291.44
10098.482951985181,300.51
10099.482801782407,278.58
10100.482651579632,291.34
10100.482651579632,276.67
10101.482501376859,288.95
10102.482351174085,292.39
10102.482351174085,261.82
10103.48220097131,300.09
10104.482050768538,264.33
10104.482050768538,294.48
10105.481900565765,287.32
10106.481750362991,254.81
10107.481600160216,302.24
10107.481600160216,296.76
10108.481449957442,272.74
10109.481299754669,287.69
10109.481299754669,305.57
10110.481149551895,293.17
10111.480999349122,305.23
10111.480999349122,316.84
10112.480849146348,298.75
10113.480698943575,295.54
10113.480698943575,268.18
10114.4805487408,280.48
10115.480398538026,278.25
10115.480398538026,284.72
10116.480248335252,289.38
10117.480098132479,292.56
10117.480098132479,324.92
10118.479947929705,331.83
10119.479797726932,306.92
10119.479797726932,295.21
10120.479647524158,313.5
10121.479497321383,277.89
10121.479497321383,271.42
10122.47934711861,252.53
10123.479196915838,254.38
10123.479196915838,304.31
10124.479046713064,274.42
10125.478896510289,254.01
10125.478896510289,300.12
10126.478746307515,290.18
10127.478596104742,270.34
10127.478596104742,303.92
10128.478445901967,327.41
10129.478295699193,289.79
10129.478295699193,304.91
10130.478145496421,321.98
10131.477995293648,329.65
10131.477995293648,293.73
10132.477845090873,312.44
10133.477694888099,265.59
10133.477694888099,285.84
10134.477544685325,298.83
10135.47739448255,279.95
10135.47739448255,309.28
10136.477244279778,285.55
10137.477094077005,282.56
10137.477094077005,319.69
10138.476943874231,300.03
10139.476793671456,325.45
10139.476793671456,289.34
10140.476643468683,264.7
10141.476493265909,241.64
10141.476493265909,259.44
10142.476343063134,257.95
10143.476192860362,274.44
10143.476192860362,281.99
10144.476042657589,271.43
10145.475892454815,274.01
10145.475892454815,297.03
10146.47574225204,261.79
10147.475592049266,313.09
10147.475592049266,304.27
10148.475441846493,282.66
10149.47529164372,292.68
10149.47529164372,236.67
10150.475141440946,266.36
10151.474991238172,252.52
10151.474991238172,263.51
10152.474841035399,294.74
10153.474690832623,263.45
10153.474690832623,287.9
10154.47454062985,290.26
10155.474390427076,286.65
10155.474390427076,256.26
10156.474240224303,316.55
10157.47409002153,288.52
10157.47409002153,273.86
10158.473939818756,273.7
10159.473789615982,294.46
10159.473789615982,260.61
10160.473639413207,273.37
10161.473489210433,306.38
10161.473489210433,267.69
10162.473339007662,275.08
10163.473188804888,305.51
10163.473188804888,286.65
10164.473038602113,333.43
10165.47288839934,270.79
10165.47288839934,264.27
10166.472738196566,287.24
10167.47258799379,283.2
10167.47258799379,325.53
10168.472437791017,253.63
10169.472287588245,290.73
10169.472287588245,285.82
10170.472137385472,290.57
10171.471987182696,265.65
10171.471987182696,268.64
10172.471836979923,269.92
10173.47168677715,274.0
10173.47168677715,271.8
10174.471536574374,256.52
10175.471386371602,276.84
10175.471386371602,262.89
10176.471236168829,282.46
10177.471085966055,245.43
10177.471085966055,253.75
10178.47093576328,274.12
10179.470785560507,283.75
10179.470785560507,279.11
10180.470635357733,260.64
10181.470485154958,288.18
10181.470485154958,280.88
10182.470334952186,325.53
10183.470184749413,315.68
10183.470184749413,273.43
10184.470034546639,282.19
10185.469884343864,281.49
10185.469884343864,291.2
10186.46973414109,296.1
10187.469583938317,264.08
10187.469583938317,267.52
10188.469433735543,261.87
10189.46928353277,298.26
10189.46928353277,281.65
10190.469133329996,273.51
10191.468983127223,298.45
10191.468983127223,265.86
10192.468832924447,279.37
10193.468682721674,302.15
10193.468682721674,283.28
10194.4685325189,264.63
10195.468382316127,268.64
10195.468382316127,312.35
10196.468232113353,270.6
10197.46808191058,281.73
10197.46808191058,267.49
10198.467931707806,319.15
10199.46778150503,271.14
10199.46778150503,283.5
10200.467631302257,294.21
10201.467481099486,278.22
10201.467481099486,242.63
10202.467330896712,296.02
10203.467180693937,280.56
10203.467180693937,287.77
10204.467030491163,281.81
10205.46688028839,298.14
10205.46688028839,272.3
10206.466730085614,261.56
10207.466579882841,303.05
10207.466579882841,290.55
10208.46642968007,254.65
10209.466279477296,346.17
10209.466279477296,303.41
10210.46612927452,275.63
10211.465979071747,295.21
10211.465979071747,294.11
10212.465828868973,291.83
10213.465678666198,305.26
10213.465678666198,283.61
10214.465528463426,285.86
10215.465378260653,272.71
10215.465378260653,276.24
10216.46522805788,321.49
10217.465077855104,271.43
10217.465077855104,303.4
10218.46492765233,274.06
10219.464777449557,263.97
10219.464777449557,290.97
10220.464627246782,276.02
10221.46447704401,306.35
10221.46447704401,277.45
10222.464326841236,340.66
10223.464176638463,331.96
10223.464176638463,327.27
10224.464026435688,245.09
10225.463876232914,295.34
10225.463876232914,262.95
10226.46372603014,261.05
10227.463575827367,304.54
10227.463575827367,243.83
10228.463425624594,278.76
10229.46327542182,272.07
10229.46327542182,303.24
10230.463125219047,275.62
10231.462975016271,242.48
10231.462975016271,364.58
10232.462824813498,258.86
10233.462674610724,253.46
10233.462674610724,249.76
10234.462524407953,301.62
10235.462374205177,270.02
10235.462374205177,274.11
10236.462224002404,285.92
10237.46207379963,248.14
10237.46207379963,267.88
10238.461923596855,243.83
10239.461773394081,223.3
10239.461773394081,280.02
10240.46162319131,278.88
10241.461472988536,268.9
10241.461472988536,
10242.46132278576,
10243.461172582987,
10243.461172582987,
10244.461022380214,
10245.460872177438,
10245.460872177438,
10246.460721974665,
10247.460571771893,
10247.460571771893,
10248.46042156912,
10249.460271366344,
10249.460271366344,
10250.46012116357,
10251.459970960797,
10251.459970960797,
10252.459820758022,
10253.45967055525,
10253.45967055525,
10254.459520352477,
10255.459370149703,
10255.459370149703,
10256.459219946928,
10257.459069744154,
10257.459069744154,
10258.458919541381,
10259.458769338606,
10259.458769338606,
10260.458619135834,
10261.45846893306,
10261.45846893306,
10262.458318730287,
10263.458168527512,
10263.458168527512,
10264.458018324738,
10264.458018324738,
10265.457868121965,
10266.457717919191,
10266.457717919191,
10267.457567716418,
10268.457417513644,
10268.457417513644,
10269.45726731087,
10270.457117108095,
10270.457117108095,
10271.456966905322,
10272.456816702548,
10272.456816702548,
10273.456666499776,
10274.456516297001,
10274.456516297001,
10275.456366094228,
10276.456215891454,
10276.456215891454,
10277.456065688679,
10278.455915485905,
10278.455915485905,
10279.455765283134,
10280.45561508036,
10280.45561508036,
10281.455464877585,
10282.455314674811,
10282.455314674811,
10283.455164472038,
10284.455014269262,
10284.455014269262,
10285.454864066489,
10286.454713863717,
10286.454713863717,
10287.454563660944,
10288.454413458168,
10288.454413458168,
10289.454263255395,
10290.454113052621,
10290.454113052621,
10291.453962849846,
10292.453812647074,
10292.453812647074,
10293.4536624443,
10294.453512241527,
10294.453512241527,
10295.453362038752,
10296.453211835978,
10296.453211835978,
10297.453061633205,
10298.45291143043,
10298.45291143043,
10299.452761227658,
10300.452611024884,
10300.452611024884,
10301.45246082211,
10302.452310619336,
10302.452310619336,
10303.452160416562,
10303.452160416562,
10304.452010213789,
10305.451860011017,
10305.451860011017,
10306.451709808242,
10307.451559605468,
10307.451559605468,
10308.451409402694,
10309.45125919992,
10309.45125919992,
10310.451108997146,
10311.450958794372,
10311.450958794372,
10312.4508085916,
10313.450658388825,
10313.450658388825,
10314.450508186052,
10315.450357983278,
10315.450357983278,
10316.450207780503,
10317.45005757773,
10317.45005757773,
10318.449907374956,
10319.449757172184,
10319.449757172184,
10320.449606969409,
10321.449456766635,
10321.449456766635,
10322.449306563862,
10323.449156361086,
10323.449156361086,
10324.449006158313,
10325.448855955541,
10325.448855955541,
10326.448705752768,
10327.448555549992,
10327.448555549992,
10328.448405347219,
10329.448255144445,
10329.448255144445,
10330.44810494167,
10331.447954738896,
10331.447954738896,
10332.447804536125,
10332.447804536125,
10333.447654333351,
10334.447504130576,
10334.447504130576,
10335.447353927802,
10336.447203725029,
10336.447203725029,
10337.447053522254,
10338.446903319482,
10338.446903319482,
10339.446753116708,
10340.446602913935,
10340.446602913935,
10341.44645271116,
10342.446302508386,
10342.446302508386,
10343.446152305612,
10344.446002102839,
10344.446002102839,
10345.445851900065,
10346.445701697292,
10346.445701697292,
10347.445551494518,
10348.445401291743,
10348.445401291743,
10349.44525108897,
10350.445100886196,
10350.445100886196,
10351.444950683424,
10352.444800480649,
10352.444800480649,
10353.444650277876,
10354.444500075102,
10354.444500075102,
10355.444349872327,
10355.444349872327,
10356.444199669553,
10357.44404946678,
10357.44404946678,
10358.443899264008,
10359.443749061233,
10359.443749061233,
10360.44359885846,
10361.443448655686,
10361.443448655686,
10362.44329845291,
10363.443148250137,
10363.443148250137,
10364.442998047365,
10365.442847844592,
10365.442847844592,
10366.442697641816,
10367.442547439043,
10367.442547439043,
10368.44239723627,
10369.442247033494,
10369.442247033494,
10370.44209683072,
10371.441946627949,
10371.441946627949,
10372.441796425175,
10373.4416462224,
10373.4416462224,
10374.441496019626,
10375.441345816853,
10375.441345816853,
10376.44119561408,
10376.44119561408,
10377.441045411306,
10378.440895208532,
10378.440895208532,
10379.440745005759,
10380.440594802983,
10380.440594802983,
10381.44044460021,
10382.440294397436,
10382.440294397436,
10383.440144194663,
10384.43999399189,
10384.43999399189,
10385.439843789116,
10386.439693586342,
10386.439693586342,
10387.439543383567,
10388.439393180794,
10388.439393180794,
10389.43924297802,
10390.439092775248,
10390.439092775248,
10391.438942572473,
10392.4387923697,
10392.4387923697,
10393.438642166926,
10394.43849196415,
10394.43849196415,
10395.438341761377,
10395.438341761377,
10396.438191558604,
10397.438041355832,
10397.438041355832,
