wav,flam
5579.541207690767,
5580.04115762067,
5580.641097536552,
5581.241037452433,
5581.840977368315,
5582.440917284198,
5583.040857200081,
5583.540807129983,
5584.140747045864,
5584.740686961747,
5585.340626877629,
5585.940566793511,
5586.540506709393,
5587.140446625275,
5587.640396555177,
5588.24033647106,
5588.840276386942,
5589.440216302824,
5590.040156218707,
5590.640096134588,
5591.14004606449,
5591.739985980373,
5592.3399258962545,
5592.939865812137,
5593.53980572802,
5594.139745643902,
5594.7396855597835,
5595.2396354896855,
5595.839575405567,
5596.439515321451,
5597.039455237333,
5597.6393951532145,
5598.239335069097,
5598.739284998998,
5599.33922491488,
5599.939164830763,
5600.539104746646,
5601.139044662527,
5601.73898457841,
5602.338924494292,
5602.838874424194,
5603.438814340076,
5604.038754255958,
5604.63869417184,
5605.238634087724,
5605.838574003605,
5606.338523933507,
5606.938463849389,
5607.538403765271,
5608.138343681153,
5608.738283597036,
5609.338223512918,
5609.838173442819,
5610.438113358702,
5611.038053274585,
5611.637993190467,
5612.2379331063485,
5612.83787302223,
5613.437812938114,
5613.937762868015,
5614.537702783898,
5615.1376426997795,
5615.737582615662,
5616.337522531544,247.42
5616.937462447426,255.76
5617.437412377329,29.699
5618.037352293211,398.41
5618.637292209092,172.08
5619.237232124975,-26.367
5619.837172040857,96.844
5620.4371119567395,128.0
5621.037051872622,33.285
5621.537001802524,182.96
5622.136941718406,412.83
5622.736881634289,-74.064
5623.33682155017,100.62
5623.936761466052,267.31
5624.536701381935,219.26
5625.036651311837,512.49
5625.636591227719,81.5
5626.2365311436015,416.39
5626.836471059483,-16.591
5627.436410975365,528.48
5628.036350891248,629.66
5628.63629080713,610.71
5629.1362407370325,318.67
5629.736180652914,455.99
5630.336120568796,472.95
5630.936060484679,200.25
5631.5360004005615,226.2
5632.135940316442,641.1
5632.735880232325,198.34
5633.235830162228,398.92
5633.835770078109,31.591
5634.435709993992,302.92
5635.035649909874,119.32
5635.635589825756,598.62
5636.235529741639,75.061
5636.73547967154,355.0
5637.335419587423,70.242
5637.935359503305,180.69
5638.535299419187,231.46
5639.135239335069,320.62
5639.735179250952,419.23
5640.3351191668335,318.22
5640.8350690967345,385.02
5641.435009012618,394.21
5642.034948928501,408.1
5642.634888844383,440.07
5643.2348287602645,186.05
5643.834768676146,507.78
5644.334718606048,203.99
5644.93465852193,351.63
5645.534598437813,67.314
5646.1345383536955,-59.441
5646.734478269578,130.97
5647.33441818546,24.253
5647.934358101342,186.43
5648.434308031244,249.47
5649.0342479471265,212.38
5649.634187863007,31.94
5650.234127778891,257.33
5650.834067694773,406.08
5651.4340076106555,387.86
5651.933957540557,256.6
5652.533897456439,211.59
5653.133837372321,309.5
5653.733777288204,237.04
5654.333717204086,100.48
5654.933657119968,216.81
5655.533597035851,171.76
5656.033546965752,301.69
5656.633486881634,180.43
5657.233426797517,264.48
5657.833366713398,254.57
5658.43330662928,130.51
5659.033246545164,268.72
5659.633186461046,319.01
5660.133136390947,243.25
5660.733076306829,213.03
5661.333016222711,313.07
5661.932956138594,204.94
5662.532896054477,221.23
5663.132835970358,334.21
5663.63278590026,272.63
5664.232725816143,200.85
5664.832665732024,212.23
5665.432605647907,258.92
5666.032545563789,98.88
5666.632485479671,182.54
5667.232425395555,191.98
5667.732375325456,276.1
5668.332315241338,168.96
5668.93225515722,345.73
5669.532195073102,190.75
5670.132134988984,147.3
5670.732074904867,256.56
5671.332014820749,149.94
5671.8319647506505,259.95
5672.431904666533,318.48
5673.031844582416,251.27
5673.631784498298,109.22
5674.23172441418,262.86
5674.831664330061,234.05
5675.331614259964,224.04
5675.931554175846,308.29
5676.531494091729,229.55
5677.131434007611,302.5
5677.731373923493,247.84
5678.331313839374,249.06
5678.931253755257,342.39
5679.43120368516,336.25
5680.0311436010425,296.56
5680.631083516923,264.95
5681.231023432806,231.2
5681.830963348688,339.35
5682.430903264571,313.3
5683.030843180452,369.44
5683.530793110355,239.49
5684.130733026237,216.96
5684.730672942119,174.84
5685.330612858001,239.17
5685.930552773883,234.09
5686.530492689766,232.26
5687.030442619668,240.18
5687.63038253555,223.76
5688.230322451433,203.57
5688.830262367314,207.7
5689.430202283196,203.98
5690.030142199079,262.68
5690.630082114961,269.89
5691.130032044863,209.83
5691.729971960745,273.31
5692.329911876627,272.67
5692.92985179251,245.2
5693.529791708393,191.45
5694.1297316242735,185.67
5694.729671540156,187.59
5695.229621470059,192.91
5695.82956138594,222.22
5696.429501301823,131.49
5697.029441217705,272.23
5697.629381133587,260.29
5698.22932104947,198.03
5698.729270979371,210.58
5699.329210895253,197.92
5699.929150811136,222.55
5700.529090727018,246.8
5701.1290306429,212.61
5701.728970558783,273.98
5702.328910474665,223.71
5702.828860404566,281.16
5703.428800320448,275.32
5704.028740236332,114.66
5704.628680152214,176.42
5705.228620068096,216.12
5705.828559983977,333.01
5706.42849989986,268.58
5706.928449829761,223.42
5707.528389745644,238.73
5708.128329661527,273.45
5708.728269577409,291.42
5709.32820949329,168.69
5709.928149409173,364.66
5710.528089325056,246.1
5711.028039254957,316.89
5711.627979170838,236.71
5712.227919086721,261.45
5712.827859002604,324.39
5713.427798918487,235.63
5714.027738834368,289.58
5714.52768876427,276.6
5715.127628680152,347.03
5715.727568596034,211.62
5716.327508511916,254.32
5716.927448427799,188.4
5717.527388343682,334.75
5718.127328259564,246.83
5718.627278189465,267.93
5719.227218105348,220.88
5719.8271580212295,231.41
5720.427097937111,237.01
5721.027037852995,339.49
5721.626977768877,187.55
5722.226917684759,292.99
5722.7268676146605,329.38
5723.326807530542,241.17
5723.926747446425,334.97
5724.526687362308,232.91
5725.126627278189,348.59
5725.726567194072,282.25
5726.326507109954,258.72
5726.826457039855,340.26
5727.426396955738,178.09
5728.0263368716205,347.1
5728.626276787502,203.72
5729.226216703384,299.14
5729.826156619267,263.13
5730.42609653515,218.67
5730.9260464650515,257.31
5731.525986380933,247.43
5732.125926296815,244.71
5732.725866212698,282.5
5733.32580612858,261.49
5733.925746044462,303.71
5734.425695974364,238.28
5735.025635890247,319.19
5735.625575806128,241.85
5736.225515722011,227.6
5736.825455637892,305.56
5737.425395553775,232.18
5738.025335469658,434.16
5738.52528539956,170.61
5739.125225315442,292.82
5739.725165231324,288.09
5740.325105147205,213.75
5740.925045063088,211.24
5741.524984978971,272.95
5742.1249248948525,172.79
5742.624874824754,269.01
5743.224814740637,274.53
5743.824754656519,285.75
5744.424694572402,333.9
5745.0246344882835,263.71
5745.624574404165,329.54
5746.224514320048,208.17
5746.72446424995,341.74
5747.324404165832,303.55
5747.9243440817145,279.74
5748.524283997597,232.26
5749.124223913479,324.96
5749.724163829361,247.18
5750.324103745243,356.13
5750.8240536751455,259.64
5751.423993591027,314.5
5752.02393350691,222.23
5752.623873422792,194.0
5753.2238133386745,296.62
5753.823753254555,223.34
5754.323703184458,303.28
5754.923643100341,345.57
5755.523583016224,275.21
5756.123522932105,256.12
5756.723462847987,199.11
5757.323402763869,269.18
5757.923342679752,244.73
5758.423292609654,174.19
5759.0232325255365,296.57
5759.623172441418,313.39
5760.2231123573,250.92
5760.823052273182,316.55
5761.422992189065,362.06
5762.022932104947,319.16
5762.522882034849,247.48
5763.122821950731,309.01
5763.722761866614,287.7
5764.322701782496,373.37
5764.922641698377,359.32
5765.52258161426,298.75
5766.122521530142,214.48
5766.622471460044,179.06
5767.222411375927,293.55
5767.822351291808,256.97
5768.422291207691,269.87
5769.022231123574,232.48
5769.622171039455,270.05
5770.2221109553375,264.39
5770.72206088524,253.3
5771.322000801121,222.91
5771.921940717004,235.21
5772.521880632887,275.02
5773.1218205487685,352.84
5773.72176046465,240.61
5774.321700380532,239.32
5774.821650310435,126.99
5775.421590226318,180.9
5776.0215301421995,239.33
5776.621470058081,346.48
5777.221409973964,290.81
5777.821349889846,313.38
5778.421289805728,297.67
5778.92123973563,298.55
5779.521179651513,260.69
5780.121119567394,165.81
5780.721059483277,228.42
5781.320999399159,266.94
5781.920939315041,350.2
5782.520879230924,219.0
5783.020829160825,314.44
5783.620769076708,265.78
5784.2207089925905,287.59
5784.820648908471,280.9
5785.420588824354,300.88
5786.020528740237,242.21
5786.520478670138,263.64
5787.12041858602,319.89
5787.720358501903,230.25
5788.320298417785,319.81
5788.920238333668,233.21
5789.52017824955,245.43
5790.120118165431,159.61
5790.620068095333,270.5
5791.220008011215,292.13
5791.819947927097,131.4
5792.419887842981,237.78
5793.019827758863,254.67
5793.619767674745,280.06
5794.219707590627,274.7
5794.719657520529,237.15
5795.319597436411,335.29
5795.9195373522925,322.64
5796.519477268176,294.62
5797.119417184058,215.95
5797.719357099941,273.53
5798.319297015822,240.61
5798.8192469457235,200.98
5799.419186861606,263.76
5800.019126777489,290.41
5800.619066693371,259.55
5801.2190066092535,251.03
5801.818946525135,234.92
5802.418886441018,277.6
5802.918836370919,302.3
5803.518776286802,270.17
5804.118716202684,378.26
5804.718656118565,311.42
5805.318596034448,267.98
5805.918535950331,276.42
5806.5184758662135,314.14
5807.018425796115,221.89
5807.618365711996,394.57
5808.218305627879,301.34
5808.818245543761,251.37
5809.418185459644,249.65
5810.018125375526,265.93
5810.618065291408,240.44
5811.118015221309,280.9
5811.717955137192,359.64
5812.317895053074,280.0
5812.917834968956,269.98
5813.51777488484,325.65
5814.117714800721,378.85
5814.717654716604,229.9
5815.217604646506,259.96
5815.8175445623865,224.59
5816.417484478269,385.29
5817.017424394152,313.26
5817.617364310034,290.52
5818.217304225917,280.96
5818.817244141798,199.82
5819.3171940717,361.32
5819.917133987583,223.91
5820.517073903465,264.34
5821.1170138193465,280.94
5821.716953735229,278.43
5822.316893651112,305.82
5822.916833566994,302.96
5823.416783496896,318.16
5824.016723412778,251.37
5824.616663328659,319.6
5825.216603244542,228.31
5825.816543160424,294.48
5826.4164830763075,311.51
5827.01642299219,354.04
5827.516372922091,271.82
5828.116312837973,286.28
5828.716252753856,271.17
5829.316192669737,340.04
5829.916132585619,303.95
5830.516072501502,249.53
5831.116012417385,361.5
5831.615962347286,212.32
5832.215902263169,337.43
5832.81584217905,253.25
5833.415782094933,210.75
5834.015722010815,336.66
5834.615661926697,197.94
5835.21560184258,345.82
5835.715551772481,243.66
5836.315491688363,250.14
5836.915431604246,327.21
5837.515371520129,241.75
5838.11531143601,252.7
5838.715251351892,246.65
5839.315191267775,262.56
5839.815141197677,267.36
5840.415081113559,410.78
5841.015021029441,275.3
5841.614960945323,241.84
5842.214900861206,338.78
5842.814840777087,261.56
5843.4147806929695,239.04
5843.914730622872,256.03
5844.514670538755,225.97
5845.114610454636,198.17
5845.714550370519,239.01
5846.3144902864005,251.57
5846.914430202283,205.45
5847.514370118165,253.92
5848.014320048068,280.67
5848.61425996395,232.9
5849.2141998798315,207.69
5849.814139795713,270.82
5850.414079711596,260.45
5851.014019627479,262.76
5851.613959543361,257.38
5852.1139094732625,246.36
5852.713849389145,224.39
5853.313789305027,234.57
5853.913729220909,260.78
5854.513669136792,239.81
5855.113609052673,196.93
5855.613558982575,238.68
5856.213498898458,227.92
5856.81343881434,219.6
5857.413378730223,248.11
5858.013318646105,244.82
5858.613258561986,251.58
5859.213198477869,219.3
5859.713148407772,265.95
5860.313088323653,324.18
5860.913028239535,272.2
5861.512968155418,274.97
5862.1129080713,281.57
5862.712847987183,363.07
5863.3127879030635,347.83
5863.812737832966,231.18
5864.412677748849,300.35
5865.012617664731,300.2
5865.612557580613,268.94
5866.212497496495,306.7
5866.812437412377,374.27
5867.412377328259,294.5
5867.912327258162,263.36
5868.512267174045,315.86
5869.1122070899255,260.24
5869.712147005808,270.72
5870.31208692169,250.99
5870.912026837573,290.06
5871.511966753455,292.15
5872.011916683357,182.4
5872.611856599239,236.94
5873.211796515122,247.04
5873.811736431003,256.16
5874.4116763468855,228.29
5875.011616262768,212.09
5875.61155617865,212.16
5876.111506108552,230.36
5876.711446024435,189.18
5877.3113859403165,236.4
5877.911325856199,291.68
5878.511265772081,211.44
5879.111205687963,211.81
5879.711145603846,172.39
5880.2110955337475,122.05
5880.811035449629,167.17
5881.410975365512,155.5
5882.010915281395,169.52
5882.610855197277,158.27
5883.210795113158,187.3
5883.81073502904,234.11
5884.310684958942,156.29
5884.910624874825,193.9
5885.510564790708,182.17
5886.110504706589,231.93
5886.710444622472,253.97
5887.310384538353,194.09
5887.910324454236,231.43
5888.410274384138,225.47
5889.010214300021,194.95
5889.610154215902,274.0
5890.210094131785,224.89
5890.810034047667,223.46
5891.409973963549,250.17
5892.009913879431,231.08
5892.509863809333,215.64
5893.109803725216,271.58
5893.709743641098,277.91
5894.3096835569795,324.03
5894.909623472862,252.82
5895.509563388745,311.73
5896.109503304627,164.55
5896.609453234528,232.05
5897.2093931504105,252.14
5897.809333066293,285.35
5898.409272982175,301.38
5899.009212898058,216.33
5899.6091528139395,232.2
5900.209092729822,222.38
5900.709042659723,230.6
5901.308982575605,245.24
5901.908922491489,216.58
5902.508862407371,258.03
5903.108802323252,224.53
5903.708742239135,243.13
5904.308682155017,273.18
5904.808632084918,230.89
5905.408572000801,233.18
5906.008511916684,252.07
5906.608451832566,275.37
5907.208391748449,260.73
5907.80833166433,242.7
5908.408271580212,293.8
5908.908221510114,232.63
5909.508161425996,275.57
5910.108101341878,281.25
5910.708041257762,226.63
5911.307981173643,247.59
5911.907921089525,280.57
5912.507861005408,275.17
5913.00781093531,247.28
5913.607750851192,324.37
5914.2076907670735,279.12
5914.807630682956,295.04
5915.407570598839,273.6
5916.007510514722,239.88
5916.6074504306025,315.23
5917.1074003605045,306.15
5917.707340276387,248.3
5918.307280192268,302.6
5918.907220108152,307.93
5919.507160024034,289.3
5920.107099939916,213.61
5920.707039855799,256.21
5921.2069897857,292.3
5921.806929701582,295.9
5922.4068696174645,315.65
5923.006809533346,266.22
5923.606749449229,254.42
5924.206689365112,248.42
5924.806629280994,256.57
5925.306579210895,300.39
5925.906519126777,251.68
5926.50645904266,232.85
5927.106398958542,240.19
5927.706338874425,212.31
5928.306278790306,238.76
5928.906218706189,264.53
5929.40616863609,243.56
5930.006108551973,316.55
5930.606048467855,282.69
5931.205988383737,282.89
5931.805928299619,349.03
5932.405868215502,229.91
5933.005808131385,312.35
5933.5057580612865,236.75
5934.105697977167,327.78
5934.70563789305,337.93
5935.305577808932,285.7
5935.905517724815,322.32
5936.505457640697,216.88
5937.105397556579,259.98
5937.605347486481,278.08
5938.205287402363,267.35
5938.805227318245,246.15
5939.4051672341275,281.11
5940.00510715001,269.88
5940.605047065893,258.9
5941.204986981775,296.76
5941.704936911677,257.49
5942.3048768275585,245.1
5942.90481674344,240.28
5943.504756659323,240.63
5944.104696575205,275.94
5944.704636491088,254.79
5945.30457640697,286.39
5945.804526336871,273.7
5946.404466252754,245.48
5947.004406168637,317.67
5947.604346084518,304.87
5948.2042860004,344.36
5948.804225916282,250.0
5949.404165832166,301.83
5949.904115762067,233.39
5950.5040556779495,271.82
5951.103995593831,309.41
5951.703935509714,304.35
5952.303875425595,262.46
5952.903815341478,319.8
5953.503755257361,303.64
5954.003705187262,314.66
5954.603645103144,302.41
5955.203585019027,277.9
5955.803524934909,280.01
5956.40346485079,282.43
5957.003404766673,316.7
5957.603344682556,313.08
5958.103294612458,288.73
5958.70323452834,246.67
5959.303174444221,281.93
5959.903114360104,303.94
5960.503054275987,293.63
5961.102994191868,288.35
5961.7029341077505,308.49
5962.202884037653,295.75
5962.802823953534,319.44
5963.402763869417,270.96
5964.0027037853,296.97
5964.6026437011815,262.53
5965.202583617064,294.09
5965.802523532945,288.21
5966.302473462848,269.71
5966.902413378731,267.45
5967.5023532946125,264.94
5968.102293210494,267.38
5968.702233126377,288.84
5969.302173042259,290.13
5969.9021129581415,282.97
5970.4020628880435,283.63
5971.002002803926,272.43
5971.601942719808,298.7
5972.20188263569,297.56
5972.801822551572,251.36
5973.401762467454,274.36
5974.001702383337,260.76
5974.501652313239,258.17
5975.101592229121,215.85
5975.7015321450035,265.62
5976.301472060885,242.81
5976.901411976767,237.75
5977.50135189265,244.77
5978.101291808532,273.01
5978.601241738434,271.7
5979.201181654316,305.46
5979.801121570198,217.23
5980.401061486081,340.22
5981.001001401963,267.65
5981.600941317844,262.36
5982.200881233727,282.43
5982.700831163629,260.12
5983.300771079511,322.38
5983.900710995394,252.71
5984.500650911276,303.53
5985.100590827158,268.87
5985.70053074304,302.58
5986.300470658922,320.63
5986.800420588825,269.63
5987.400360504706,273.71
5988.000300420589,257.88
5988.600240336471,228.45
5989.200180252354,306.42
5989.8001201682355,264.51
5990.400060084117,275.93
5990.90001001402,305.11
5991.499949929903,277.47
5992.099889845784,241.36
5992.6998297616665,261.03
5993.299769677548,261.18
5993.899709593431,232.16
5994.499649509313,255.09
5994.999599439216,238.57
5995.5995393550975,269.09
5996.19947927098,235.67
5996.799419186861,235.94
5997.399359102744,271.86
5997.9992990186265,263.59
5998.599238934508,216.55
5999.09918886441,258.09
5999.699128780293,252.83
6000.299068696175,232.49
6000.899008612057,277.54
6001.498948527939,272.61
6002.098888443821,280.36
6002.698828359704,217.06
6003.198778289606,271.03
6003.798718205488,233.89
6004.39865812137,268.6
6004.998598037253,262.18
6005.598537953134,256.24
6006.198477869017,271.44
6006.798417784898,244.38
6007.2983677148,278.31
6007.898307630683,266.89
6008.498247546566,237.84
6009.098187462448,276.27
6009.69812737833,231.87
6010.298067294211,257.25
6010.898007210094,225.56
6011.397957139997,237.23
6011.997897055879,248.41
6012.59783697176,255.09
6013.197776887643,260.81
6013.797716803525,242.18
6014.397656719408,238.24
6014.9975966352895,282.42
6015.497546565191,235.59
6016.097486481074,305.9
6016.697426396956,273.57
6017.297366312838,271.05
6017.8973062287205,292.54
6018.497246144603,228.11
6019.097186060484,304.25
6019.597135990386,335.43
6020.19707590627,284.42
6020.7970158221515,289.3
6021.396955738033,261.65
6021.996895653916,284.35
6022.596835569798,263.35
6023.1967754856805,282.88
6023.696725415582,267.22
6024.296665331464,273.69
6024.896605247347,352.56
6025.496545163229,238.96
6026.096485079111,308.57
6026.696424994993,286.76
6027.296364910875,315.25
6027.796314840776,304.67
6028.396254756659,274.44
6028.9961946725425,276.81
6029.596134588424,313.93
6030.196074504306,280.46
6030.796014420188,290.73
6031.395954336071,306.77
6031.895904265972,289.61
6032.495844181854,279.3
6033.095784097737,328.05
6033.69572401362,288.51
6034.295663929502,273.06
6034.895603845383,289.25
6035.495543761266,303.01
6035.995493691168,293.91
6036.595433607049,272.52
6037.195373522933,345.2
6037.795313438814,268.01
6038.395253354697,321.8
6038.99519327058,312.4
6039.595133186461,311.16
6040.095083116363,331.36
6040.695023032245,290.47
6041.294962948126,262.66
6041.89490286401,240.05
6042.494842779893,246.73
6043.0947826957745,278.73
6043.694722611656,283.94
6044.194672541558,261.4
6044.79461245744,278.45
6045.394552373322,293.02
6045.9944922892055,278.3
6046.594432205087,292.65
6047.19437212097,334.77
6047.794312036852,300.79
6048.294261966753,286.18
6048.894201882636,250.39
6049.494141798518,288.92
6050.0940817144,300.11
6050.694021630283,283.37
6051.293961546165,266.01
6051.893901462047,290.05
6052.393851391948,266.45
6052.993791307831,259.86
6053.593731223713,262.13
6054.193671139596,309.15
6054.793611055477,292.36
6055.39355097136,260.71
6055.893500901262,265.65
6056.493440817144,297.67
6057.093380733026,290.09
6057.693320648908,333.99
6058.29326056479,359.57
6058.893200480674,264.87
6059.493140396556,331.21
6059.993090326458,303.05
6060.593030242339,364.67
6061.192970158221,321.29
6061.792910074103,254.2
6062.392849989986,324.92
6062.992789905869,276.32
6063.59272982175,295.79
6064.092679751652,294.51
6064.692619667535,249.06
6065.292559583417,349.28
6065.8924994992985,276.62
6066.492439415181,273.86
6067.092379331063,293.0
6067.692319246947,278.94
6068.192269176848,279.7
6068.7922090927295,282.63
6069.392149008612,272.9
6069.992088924494,280.6
6070.592028840376,325.56
6071.191968756259,295.49
6071.791908672141,331.17
6072.291858602042,271.47
6072.891798517925,230.0
6073.491738433808,234.18
6074.09167834969,298.34
6074.691618265571,280.06
6075.291558181453,262.29
6075.891498097337,256.72
6076.391448027238,273.66
6076.991387943121,271.74
6077.591327859002,286.32
6078.191267774885,264.99
6078.791207690767,256.88
6079.391147606649,279.08
6079.991087522531,298.34
6080.491037452434,270.85
6081.090977368315,313.71
6081.690917284198,264.59
6082.29085720008,264.31
6082.890797115962,290.1
6083.490737031845,295.62
6084.090676947726,284.48
6084.590626877629,283.38
6085.190566793512,304.32
6085.7905067093925,280.0
6086.390446625275,280.86
6086.990386541158,315.13
6087.59032645704,277.79
6088.090276386942,282.62
6088.690216302824,249.71
6089.290156218706,273.42
6089.890096134589,240.05
6090.490036050471,272.34
6091.0899759663525,280.32
6091.689915882235,250.9
6092.189865812137,229.68
6092.789805728019,268.69
6093.389745643902,210.87
6093.989685559784,249.48
6094.589625475665,298.69
6095.189565391548,291.84
6095.78950530743,270.49
6096.289455237332,281.99
6096.8893951532145,255.94
6097.489335069097,297.93
6098.089274984979,320.92
6098.689214900862,233.64
6099.289154816743,283.32
6099.889094732625,223.47
6100.389044662528,339.87
6100.98898457841,261.51
6101.588924494292,290.83
6102.188864410175,331.59
6102.788804326056,298.97
6103.388744241939,239.99
6103.988684157821,275.39
6104.488634087724,290.07
6105.088574003606,223.43
6105.688513919487,270.06
6106.288453835369,295.82
6106.888393751252,269.89
6107.488333667135,290.48
6108.0882735830155,291.04
6108.588223512918,283.91
6109.188163428801,279.22
6109.788103344683,299.56
6110.388043260565,283.85
6110.987983176447,227.84
6111.587923092329,287.75
6112.08787302223,244.95
6112.687812938114,240.91
6113.287752853996,252.14
6113.887692769878,274.81
6114.48763268576,244.35
6115.087572601642,296.29
6115.687512517525,328.97
6116.187462447427,393.85
6116.7874023633085,273.27
6117.387342279191,322.45
6117.987282195074,330.57
6118.587222110956,369.69
6119.1871620268375,339.09
6119.787101942719,349.08
6120.287051872621,409.79
6120.886991788503,299.79
6121.486931704387,269.16
6122.0868716202685,270.13
6122.686811536151,251.21
6123.286751452033,220.42
6123.886691367915,283.62
6124.386641297817,256.83
6124.9865812136995,228.95
6125.586521129581,280.14
6126.186461045464,232.4
6126.786400961346,221.27
6127.386340877229,253.45
6127.88629080713,248.38
6128.486230723012,262.47
6129.086170638894,221.41
6129.686110554778,238.47
6130.286050470659,254.57
6130.885990386541,279.38
6131.485930302424,272.8
6131.985880232325,273.53
6132.585820148207,279.12
6133.18576006409,279.18
6133.7856999799715,274.96
6134.385639895855,313.4
6134.985579811737,285.31
6135.585519727619,254.37
6136.085469657521,284.55
6136.6854095734025,299.53
6137.285349489284,316.62
6137.885289405167,266.89
6138.485229321051,266.24
6139.0851692369315,252.4
6139.685109152814,320.12
6140.185059082716,242.48
6140.784998998597,281.09
6141.38493891448,282.17
6141.9848788303625,268.74
6142.584818746245,242.23
6143.184758662128,308.93
6143.684708592029,315.49
6144.284648507911,228.08
6144.8845884237935,279.4
6145.484528339675,302.2
6146.084468255557,279.04
6146.68440817144,228.06
6147.2843480873225,225.07
6147.784298017224,252.9
6148.384237933106,238.6
6148.984177848989,256.04
6149.584117764871,244.7
6150.184057680753,242.73
6150.783997596634,230.13
6151.383937512518,220.14
6151.883887442419,247.94
6152.483827358302,258.54
6153.083767274184,276.9
6153.683707190066,234.4
6154.283647105948,192.39
6154.88358702183,240.63
6155.483526937714,242.29
6155.9834768676155,281.34
6156.583416783496,264.95
6157.183356699379,240.2
6157.783296615261,294.9
6158.383236531144,212.25
6158.9831764470255,239.67
6159.483126376928,266.06
6160.08306629281,270.25
6160.683006208693,216.62
6161.282946124574,325.64
6161.8828860404565,237.58
6162.482825956339,269.38
6163.082765872221,234.77
6163.582715802123,257.65
6164.182655718006,221.19
6164.7825956338875,269.89
6165.382535549769,243.37
6165.982475465652,252.89
6166.582415381534,278.1
6167.1823552974165,271.55
6167.6823052273185,280.01
6168.2822451432,297.44
6168.882185059083,269.21
6169.482124974966,233.94
6170.082064890847,273.6
6170.682004806729,255.11
6171.181954736632,291.77
6171.781894652513,302.37
6172.381834568396,279.57
6172.9817744842785,312.01
6173.58171440016,270.43
6174.181654316043,293.09
6174.781594231924,272.71
6175.281544161827,270.95
6175.8814840777095,308.51
6176.481423993591,250.84
6177.081363909473,259.83
6177.681303825356,261.29
6178.281243741238,231.36
6178.88118365712,263.69
6179.381133587022,270.81
6179.981073502905,295.86
6180.581013418787,268.96
6181.180953334669,231.26
6181.78089325055,265.84
6182.380833166433,233.1
6182.880783096334,290.9
6183.480723012218,316.01
6184.0806629281,266.87
6184.680602843982,289.7
6185.280542759864,286.0
6185.880482675746,261.12
6186.480422591629,250.99
6186.980372521531,285.25
6187.5803124374115,262.45
6188.180252353295,303.81
6188.780192269177,331.73
6189.38013218506,255.24
6189.9800721009415,252.67
6190.480022030843,290.21
6191.079961946725,339.88
6191.679901862607,279.84
6192.27984177849,294.88
6192.8797816943725,286.99
6193.479721610255,295.44
6194.079661526137,293.73
6194.579611456038,300.06
6195.179551371921,241.9
6195.779491287803,305.12
6196.379431203685,312.56
6196.979371119568,303.96
6197.57931103545,280.6
6198.1792509513325,238.25
6198.679200881234,283.35
6199.279140797115,249.64
6199.879080712998,271.57
6200.479020628881,254.11
6201.078960544763,270.12
6201.678900460645,212.43
6202.178850390547,274.2
6202.778790306428,251.23
6203.378730222311,264.26
6203.978670138194,217.9
6204.578610054075,271.61
6205.178549969959,204.46
6205.77848988584,255.12
6206.278439815742,215.3
6206.878379731625,210.24
6207.478319647506,273.71
6208.078259563388,288.19
6208.678199479271,238.77
6209.278139395154,245.42
6209.778089325055,248.38
6210.378029240937,238.11
6210.97796915682,282.02
6211.577909072702,248.65
6212.177848988584,253.11
6212.7777889044655,286.24
6213.377728820348,250.82
6213.87767875025,255.36
6214.477618666133,290.13
6215.077558582015,258.87
6215.677498497897,312.46
6216.277438413778,265.58
6216.877378329661,252.05
6217.377328259564,251.52
6217.977268175447,256.43
6218.5772080913275,239.81
6219.17714800721,208.89
6219.777087923092,256.85
6220.377027838975,259.04
6220.976967754857,232.64
6221.476917684759,242.08
6222.076857600641,269.8
6222.676797516523,264.99
6223.276737432405,273.89
6223.876677348288,264.02
6224.47661726417,302.27
6224.976567194072,268.33
6225.576507109954,284.27
6226.176447025837,279.19
6226.776386941719,229.33
6227.3763268576,238.51
6227.976266773483,240.54
6228.576206689365,210.89
6229.076156619267,266.51
6229.67609653515,237.07
6230.276036451031,224.26
6230.875976366914,206.26
6231.475916282797,219.91
6232.075856198678,206.76
6232.57580612858,254.91
6233.175746044463,256.34
6233.775685960344,223.92
6234.375625876227,232.56
6234.97556579211,242.95
6235.575505707991,246.94
6236.175445623874,245.99
6236.675395553775,280.26
6237.275335469658,260.52
6237.875275385541,243.59
6238.475215301422,216.51
6239.075155217304,218.83
6239.675095133187,247.13
6240.175045063088,271.18
6240.77498497897,267.89
6241.3749248948525,264.44
6241.974864810736,255.93
6242.574804726617,178.71
6243.1747446425,166.42
6243.7746845583815,234.79
6244.2746344882835,196.18
6244.874574404165,178.88
6245.474514320048,198.19
6246.074454235931,211.84
6246.674394151813,224.98
6247.274334067694,235.44
6247.774283997596,245.99
6248.374223913479,257.76
6248.974163829361,250.72
6249.574103745243,217.92
6250.174043661126,233.8
6250.773983577008,270.84
6251.373923492891,221.74
6251.873873422792,242.48
6252.4738133386745,282.46
6253.073753254556,210.02
6253.673693170438,340.64
6254.27363308632,252.74
6254.873573002204,262.79
6255.373522932105,281.23
6255.973462847987,259.54
6256.573402763869,234.05
6257.173342679752,211.98
6257.773282595634,297.9
6258.373222511515,294.61
6258.873172441418,309.43
6259.473112357301,262.79
6260.073052273182,278.11
6260.672992189065,298.52
6261.272932104946,273.49
6261.872872020829,304.32
6262.472811936712,308.85
6262.972761866614,288.76
6263.572701782496,285.57
6264.172641698378,261.0
6264.772581614259,298.7
6265.372521530142,235.3
6265.972461446025,243.19
6266.472411375927,257.72
6267.072351291808,273.09
6267.672291207691,263.44
6268.272231123573,295.47
6268.872171039456,241.79
6269.4721109553375,288.59
6270.072050871219,278.22
6270.572000801122,221.45
6271.171940717004,243.22
6271.771880632886,260.0
6272.3718205487685,272.65
6272.971760464651,277.74
6273.571700380532,280.47
6274.071650310435,335.43
6274.671590226318,285.68
6275.271530142199,307.96
6275.871470058081,330.69
6276.471409973964,265.28
6277.071349889846,255.6
6277.571299819747,247.99
6278.1712397356305,281.9
6278.771179651512,297.08
6279.371119567395,294.34
6279.971059483277,263.14
6280.570999399159,255.56
6281.170939315041,272.25
6281.670889244942,238.34
6282.270829160824,245.08
6282.870769076708,252.77
6283.4707089925905,268.68
6284.070648908472,205.09
6284.670588824354,212.2
6285.170538754256,244.69
6285.770478670138,262.1
6286.37041858602,251.23
6286.970358501903,213.79
6287.570298417785,238.69
6288.170238333668,210.99
6288.670188263569,186.84
6289.270128179451,215.85
6289.870068095333,203.66
6290.470008011216,231.09
6291.069947927098,207.78
6291.669887842981,265.55
6292.269827758862,253.81
6292.7697776887635,283.73
6293.369717604646,296.62
6293.969657520529,313.16
6294.569597436411,282.26
6295.169537352293,256.54
6295.769477268175,220.27
6296.269427198077,322.25
6296.86936711396,277.12
6297.469307029842,306.81
6298.0692469457235,258.14
6298.669186861606,308.97
6299.269126777488,324.79
6299.76907670739,288.02
6300.369016623273,217.01
6300.968956539155,253.42
6301.568896455037,278.58
6302.168836370919,267.95
6302.768776286801,235.12
6303.268726216704,221.86
6303.8686661325855,255.59
6304.468606048468,254.08
6305.06854596435,244.61
6305.668485880233,301.19
6306.268425796114,217.29
6306.868365711996,244.78
6307.368315641899,230.86
6307.968255557781,221.08
6308.568195473663,258.77
6309.168135389546,236.5
6309.768075305427,228.18
6310.36801522131,270.73
6310.867965151212,237.52
6311.467905067095,218.5
6312.067844982977,266.1
6312.667784898858,296.86
6313.26772481474,278.4
6313.867664730623,266.38
6314.367614660524,288.22
6314.967554576408,310.17
6315.567494492289,326.03
6316.167434408172,223.39
6316.767374324054,256.55
6317.367314239936,253.5
6317.867264169838,289.13
6318.46720408572,306.16
6319.067144001602,260.64
6319.667083917485,219.77
6320.267023833367,236.28
6320.866963749249,225.88
6321.3669136791505,281.46
6321.966853595033,298.06
6322.566793510915,278.17
6323.166733426798,271.32
6323.7666733426795,278.59
6324.366613258562,282.94
6324.966553174445,281.42
6325.466503104346,251.79
6326.066443020228,271.92
6326.6663829361105,263.54
6327.266322851992,290.46
6327.866262767876,289.98
6328.466202683758,270.3
6328.96615261366,273.69
6329.5660925295415,243.01
6330.166032445423,220.18
6330.765972361305,247.4
6331.365912277188,305.03
6331.965852193071,280.92
6332.4658021229725,233.81
6333.065742038854,283.06
6333.665681954737,294.2
6334.265621870619,281.38
6334.865561786501,303.59
6335.465501702383,235.41
6335.965451632286,297.72
6336.565391548167,260.69
6337.16533146405,271.33
6337.765271379932,271.43
6338.365211295814,300.38
6338.965151211696,307.88
6339.465101141599,291.79
6340.065041057481,277.31
6340.6649809733635,319.68
6341.264920889244,253.51
6341.864860805127,255.87
6342.46480072101,257.4
6342.964750650912,243.82
6343.564690566794,268.2
6344.164630482676,287.13
6344.764570398558,210.85
6345.36451031444,240.8
6345.964450230323,224.88
6346.464400160225,271.7
6347.064340076106,226.05
6347.664279991989,264.64
6348.264219907871,226.12
6348.864159823754,279.86
6349.464099739636,259.72
6349.964049669537,251.25
6350.563989585419,240.71
6351.163929501303,260.28
6351.763869417184,225.88
6352.3638093330665,269.52
6352.963749248949,260.29
6353.46369917885,266.05
6354.063639094732,259.75
6354.663579010615,265.3
6355.2635189264965,280.25
6355.86345884238,272.66
6356.463398758262,274.35
6357.063338674144,285.87
6357.563288604046,308.28
6358.1632285199275,279.68
6358.763168435809,283.94
6359.363108351692,266.23
6359.963048267576,254.32
6360.5629881834575,278.13
6361.0629381133585,302.13
6361.662878029241,299.49
6362.262817945123,316.58
6362.862757861005,296.6
6363.462697776888,336.79
6364.06263769277,301.7
6364.562587622671,314.49
6365.162527538554,332.77
6365.762467454436,276.43
6366.362407370319,275.06
6366.962347286201,306.74
6367.562287202082,293.16
6368.062237131985,335.97
6368.662177047868,302.96
6369.262116963749,289.9
6369.862056879631,257.79
6370.461996795514,259.03
6371.061936711396,254.63
6371.561886641298,260.61
6372.161826557181,305.38
6372.761766473062,285.09
6373.361706388945,304.4
6373.961646304827,308.24
6374.561586220709,270.67
6375.061536150612,271.67
6375.661476066493,261.34
6376.261415982375,291.83
6376.861355898258,268.39
6377.461295814141,286.09
6378.0612357300215,259.75
6378.5611856599235,289.5
6379.161125575807,274.58
6379.761065491688,291.33
6380.361005407571,275.77
6380.960945323453,310.5
6381.460895253355,246.29
6382.060835169236,246.63
6382.660775085119,288.14
6383.260715001001,244.55
6383.860654916884,246.88
6384.460594832766,278.57
6384.960544762668,273.61
6385.56048467855,257.07
6386.160424594432,280.81
6386.760364510314,267.21
6387.360304426196,271.01
6387.96024434208,259.87
6388.460194271981,283.95
6389.060134187863,242.4
6389.6600741037455,273.91
6390.260014019627,255.22
6390.859953935509,301.65
6391.459893851392,282.59
6391.959843781295,295.24
6392.559783697176,260.6
6393.159723613058,261.64
6393.75966352894,266.26
6394.359603444823,286.97
6394.9595433607055,288.32
6395.4594932906075,275.36
6396.059433206489,298.5
6396.659373122372,300.8
6397.259313038253,267.35
6397.859252954136,272.3
6398.459192870018,258.67
6398.95914279992,261.7
6399.559082715802,269.94
6400.159022631685,250.26
6400.758962547567,293.88
6401.358902463449,296.61
6401.958842379331,321.8
6402.458792309233,309.11
6403.058732225116,272.0
6403.658672140998,272.97
6404.258612056879,267.03
6404.858551972762,266.88
6405.458491888645,300.24
6405.958441818546,257.89
6406.558381734428,305.6
6407.158321650311,287.69
6407.758261566193,257.0
6408.358201482075,273.48
6408.958141397958,271.61
6409.45809132786,275.8
6410.0580312437405,268.82
6410.657971159623,321.09
6411.257911075505,303.92
6411.857850991389,266.46
6412.4577909072705,277.7
6412.957740837172,285.29
6413.557680753054,314.15
6414.157620668937,279.0
6414.757560584818,297.84
6415.357500500701,269.53
6415.857450430603,307.84
6416.457390346485,261.65
6417.057330262367,269.07
6417.65727017825,284.19
6418.257210094132,269.81
6418.857150010013,247.2
6419.357099939916,244.39
6419.957039855799,231.82
6420.556979771681,300.42
6421.156919687563,263.25
6421.756859603444,274.7
6422.356799519327,270.67
6422.856749449229,253.06
6423.456689365112,255.04
6424.056629280994,225.13
6424.656569196876,283.47
6425.256509112757,279.68
6425.85644902864,282.42
6426.356398958542,302.88
6426.9563388744255,275.74
6427.556278790306,264.44
6428.156218706189,278.72
6428.756158622071,258.0
6429.256108551972,314.3
6429.856048467855,330.67
6430.455988383737,315.16
6431.05592829962,292.21
6431.655868215502,358.63
6432.255808131384,320.04
6432.755758061286,323.94
6433.355697977167,311.5
6433.95563789305,282.02
6434.555577808932,303.95
6435.155517724816,252.86
6435.755457640697,278.66
6436.255407570598,285.87
6436.855347486481,307.06
6437.455287402364,279.06
6438.055227318245,283.82
6438.6551672341275,283.05
6439.255107150009,264.44
6439.755057079911,270.95
6440.354996995794,339.88
6440.954936911677,282.82
6441.5548768275585,268.64
6442.154816743441,260.84
6442.654766673343,290.35
6443.254706589225,325.67
6443.854646505108,282.77
6444.4545864209895,305.52
6445.054526336871,310.07
6445.654466252754,332.55
6446.154416182656,318.69
6446.754356098538,269.02
6447.3542960144205,287.39
6447.954235930303,298.58
6448.554175846185,241.11
6449.154115762067,263.09
6449.654065691969,244.26
6450.2540056078515,294.62
6450.853945523733,287.28
6451.453885439616,296.31
6452.053825355498,267.34
6452.553775285399,320.23
6453.153715201282,282.85
6453.753655117163,303.95
6454.353595033046,258.92
6454.95353494893,270.08
6455.553474864811,336.36
6456.053424794713,278.95
6456.653364710595,328.01
6457.253304626476,298.99
6457.853244542359,321.58
6458.453184458242,296.47
6459.053124374124,306.37
6459.553074304025,327.15
6460.153014219908,294.67
6460.75295413579,304.02
6461.352894051673,311.8
6461.952833967554,278.19
6462.452783897457,298.97
6463.052723813339,338.48
6463.652663729221,295.74
6464.252603645103,315.65
6464.852543560985,264.31
6465.452483476868,266.49
6465.95243340677,265.86
6466.552373322652,304.67
6467.152313238535,307.26
6467.752253154416,272.92
6468.352193070298,300.37
6468.952132986181,281.03
6469.452082916083,265.94
6470.052022831965,251.99
6470.651962747847,291.93
6471.251902663729,286.07
6471.851842579612,245.72
6472.351792509513,304.31
6472.951732425396,259.42
6473.5516723412775,258.49
6474.151612257161,302.59
6474.751552173042,292.28
6475.351492088925,317.83
6475.851442018827,302.97
6476.4513819347085,293.16
6477.05132185059,298.24
6477.651261766473,296.79
6478.251201682356,254.36
6478.751151612257,244.88
6479.3510915281395,238.2
6479.951031444022,248.28
6480.550971359904,212.91
6481.150911275786,231.1
6481.750851191668,219.04
6482.2508011215705,227.59
6482.850741037452,175.74
6483.450680953335,237.03
6484.050620869217,179.18
6484.6505607850995,186.1
6485.1505107150015,231.71
6485.750450630883,236.64
6486.350390546766,188.31
6486.950330462649,204.04
6487.55027037853,206.29
6488.150210294412,249.35
6488.650160224314,246.07
6489.250100140196,244.58
6489.850040056079,274.64
6490.4499799719615,255.37
6491.049919887843,274.1
6491.649859803725,265.94
6492.149809733627,239.15
6492.749749649509,255.88
6493.349689565392,307.7
6493.949629481274,279.62
6494.549569397156,275.05
6495.049519327058,275.35
6495.64945924294,244.37
6496.249399158822,276.95
6496.849339074704,264.26
6497.449278990588,293.99
6498.049218906469,320.32
6498.549168836371,280.26
6499.149108752254,260.38
6499.7490486681345,316.69
6500.348988584017,340.24
6500.9489284999,322.34
6501.448878429803,294.29
6502.048818345684,305.16
6502.648758261566,258.9
6503.248698177448,288.75
6503.848638093331,266.63
6504.348588023233,272.57
6504.948527939116,280.96
6505.548467854997,265.98
6506.148407770879,293.21
6506.748347686761,267.69
6507.348287602644,331.5
6507.848237532546,301.97
6508.448177448428,269.1
6509.04811736431,301.53
6509.648057280193,325.33
6510.247997196075,318.64
6510.747947125976,310.04
6511.3478870418585,251.83
6511.947826957741,275.05
6512.547766873623,311.59
6513.147706789506,287.7
6513.7476467053875,297.52
6514.247596635289,288.89
6514.847536551171,267.04
6515.447476467054,287.42
6516.047416382936,261.54
6516.6473562988185,283.74
6517.1473062287205,250.62
6517.747246144602,315.88
6518.347186060485,295.08
6518.947125976367,275.21
6519.547065892249,318.21
6520.147005808131,323.56
6520.646955738033,279.55
6521.246895653915,303.73
6521.846835569798,298.19
6522.4467754856805,277.06
6523.046715401562,331.01
6523.546665331464,322.02
6524.146605247347,303.05
6524.746545163229,287.37
6525.346485079111,269.15
6525.946424994993,335.46
6526.446374924895,268.44
6527.046314840776,332.4
6527.64625475666,259.65
6528.246194672542,272.17
6528.846134588424,257.16
6529.446074504307,289.74
6529.946024434208,268.02
6530.54596435009,293.45
6531.145904265973,250.71
6531.7458441818535,271.95
6532.345784097737,259.26
6532.845734027639,307.71
6533.445673943521,272.21
6534.045613859403,283.03
6534.645553775285,285.42
6535.245493691167,300.17
6535.745443621069,269.06
6536.345383536952,321.27
6536.945323452835,280.58
6537.545263368716,287.01
6538.145203284598,291.97
6538.74514320048,273.45
6539.245093130383,252.6
6539.845033046265,283.04
6540.444972962147,315.57
6541.044912878029,252.33
6541.644852793912,250.52
6542.144802723813,308.95
6542.744742639696,270.0
6543.344682555578,284.85
6543.944622471461,292.83
6544.544562387342,296.39
6545.044512317244,260.12
6545.644452233127,273.57
6546.244392149008,255.48
6546.84433206489,263.94
6547.444271980774,248.68
6547.944221910675,249.23
6548.544161826557,257.89
6549.1441017424395,293.87
6549.744041658321,328.86
6550.343981574204,364.16
6550.943921490086,418.67
6551.443871419989,645.49
6552.0438113358705,620.22
6552.643751251752,543.81
6553.243691167634,370.21
6553.843631083517,284.99
6554.343581013419,328.44
6554.9435209293015,435.85
6555.543460845183,380.33
6556.143400761066,409.03
6556.743340676948,373.66
6557.243290606849,352.9
6557.8432305227325,329.27
6558.443170438615,312.48
6559.043110354496,273.16
6559.643050270379,272.04
6560.143000200281,323.22
6560.742940116162,267.84
6561.342880032044,326.98
6561.942819947927,335.88
6562.54275986381,311.98
6563.1426997796925,279.07
6563.642649709594,267.59
6564.242589625475,220.39
6564.842529541358,253.17
6565.44246945724,253.86
6566.042409373122,243.01
6566.542359303025,272.32
6567.142299218906,295.27
6567.742239134788,269.0
6568.342179050671,297.78
6568.942118966554,287.53
6569.442068896456,283.25
6570.042008812337,304.62
6570.64194872822,279.44
6571.241888644102,297.14
6571.841828559984,305.81
6572.341778489886,315.4
6572.941718405769,270.91
6573.54165832165,349.76
6574.141598237533,283.95
6574.741538153415,265.73
6575.241488083316,319.45
6575.8414279991985,291.94
6576.441367915081,330.47
6577.041307830964,291.27
6577.641247746847,274.36
6578.2411876627275,275.16
6578.7411375926295,235.68
6579.341077508512,246.53
6579.941017424394,255.51
6580.540957340276,250.95
6581.1408972561585,262.42
6581.6408471860605,309.12
6582.240787101942,270.34
6582.840727017825,266.34
6583.440666933708,257.49
6584.0406068495895,292.13
6584.540556779491,280.06
6585.140496695374,314.34
6585.740436611256,324.63
6586.340376527138,330.09
6586.9403164430205,313.94
6587.440266372922,290.05
6588.040206288804,306.15
6588.640146204687,328.64
6589.240086120569,294.12
6589.8400260364515,320.4
6590.3399759663525,299.62
6590.939915882235,257.58
6591.539855798117,284.82
6592.139795714001,267.37
6592.739735629882,266.16
6593.2396855597835,264.96
6593.839625475666,278.13
6594.439565391548,280.84
6595.03950530743,290.37
6595.639445223313,271.52
6596.1393951532145,279.56
6596.739335069096,304.95
6597.339274984979,261.56
6597.939214900862,259.99
6598.539154816744,297.91
6599.0391047466455,276.31
6599.639044662528,266.09
6600.23898457841,338.04
6600.838924494292,266.82
6601.438864410175,277.09
6601.9388143400765,315.83
6602.538754255957,334.33
6603.138694171841,294.7
6603.738634087723,347.77
6604.338574003606,320.18
6604.838523933507,311.9
6605.438463849389,286.49
6606.038403765271,344.27
6606.638343681154,312.37
6607.238283597036,343.56
6607.738233526938,305.36
6608.33817344282,334.6
6608.938113358702,347.97
6609.538053274584,356.02
6610.137993190467,322.66
6610.637943120369,288.68
6611.23788303625,190.26
6611.837822952133,319.43
6612.437762868016,350.1
6613.037702783898,339.49
6613.537652713799,245.49
6614.137592629682,301.96
6614.737532545564,329.46
6615.337472461446,317.74
6615.937412377329,290.76
6616.437362307231,301.44
6617.0373022231115,327.17
6617.637242138994,290.02
6618.237182054877,335.29
6618.83712197076,299.81
6619.337071900661,309.07
6619.937011816543,295.82
6620.536951732425,362.12
6621.136891648308,347.12
6621.736831564189,321.47
6622.236781494092,320.84
6622.836721409974,287.47
6623.436661325856,327.2
6624.036601241738,307.37
6624.636541157621,322.39
6625.136491087523,260.88
6625.7364310034045,299.77
6626.336370919287,253.45
6626.93631083517,317.28
6627.536250751052,278.49
6628.036200680953,287.51
6628.6361405968355,284.56
6629.236080512718,292.89
6629.8360204286,310.8
6630.435960344483,294.85
6630.935910274385,260.41
6631.535850190266,286.8
6632.135790106148,306.05
6632.73573002203,298.87
6633.335669937914,288.26
6633.835619867815,304.19
6634.4355597836975,292.0
6635.035499699579,271.44
6635.635439615462,288.06
6636.235379531343,318.62
6636.735329461246,292.79
6637.3352693771285,339.71
6637.93520929301,319.18
6638.535149208892,291.7
6639.135089124775,295.18
6639.635039054677,305.46
6640.234978970559,302.83
6640.834918886441,311.74
6641.434858802324,342.19
6642.034798718206,356.77
6642.534748648107,308.65
6643.13468856399,291.36
6643.734628479872,295.18
6644.334568395754,299.16
6644.934508311637,305.96
6645.434458241539,304.27
6646.03439815742,327.18
6646.634338073302,308.46
6647.234277989184,289.38
6647.834217905067,308.85
6648.334167834969,321.17
6648.934107750852,306.25
6649.534047666733,276.89
6650.133987582616,276.38
6650.633937512518,304.93
6651.2338774284,264.67
6651.833817344283,259.95
6652.433757260164,320.88
6653.033697176046,283.2
6653.533647105948,263.08
6654.133587021831,271.81
6654.733526937713,255.14
6655.333466853595,275.22
6655.933406769478,318.66
6656.433356699379,297.65
6657.033296615261,285.01
6657.633236531144,298.43
6658.2331764470255,323.87
6658.833116362908,293.55
6659.33306629281,349.24
6659.933006208693,312.29
6660.532946124574,309.66
6661.1328860404565,313.51
6661.732825956338,299.94
6662.232775886241,289.18
6662.832715802123,281.24
6663.432655718006,284.37
6664.0325956338875,258.86
6664.5325455637885,296.88
6665.132485479671,305.67
6665.732425395554,298.58
6666.332365311437,274.1
6666.9323052273185,300.21
6667.43225515722,318.66
6668.032195073102,334.31
6668.632134988985,309.59
6669.232074904866,303.52
6669.8320148207495,370.89
6670.331964750651,302.16
6670.931904666533,294.75
6671.531844582415,329.37
6672.131784498298,315.92
6672.73172441418,320.3
6673.2316743440815,323.28
6673.831614259964,303.77
6674.431554175847,356.83
6675.031494091729,328.37
6675.53144402163,378.89
6676.131383937513,328.41
6676.731323853395,337.37
6677.331263769277,316.26
6677.93120368516,340.47
6678.431153615062,361.93
6679.031093530943,350.14
6679.631033446825,312.2
6680.230973362707,338.01
6680.830913278591,338.58
6681.330863208492,324.76
6681.9308031243745,329.47
6682.530743040256,341.55
6683.130682956139,307.05
6683.73062287202,315.05
6684.230572801923,308.3
6684.8305127178055,297.58
6685.430452633687,334.56
6686.030392549569,304.18
6686.530342479471,266.81
6687.130282395354,335.13
6687.730222311236,314.8
6688.330162227118,335.76
6688.930102143001,321.94
6689.430052072902,321.58
6690.029991988784,292.48
6690.629931904667,323.35
6691.229871820549,279.67
6691.829811736431,374.0
6692.329761666333,286.73
6692.929701582216,283.31
6693.529641498097,291.57
6694.129581413979,316.8
6694.629531343882,286.32
6695.229471259763,302.39
6695.829411175646,281.67
6696.429351091529,334.84
6697.02929100741,302.73
6697.529240937312,316.82
6698.129180853195,289.51
6698.729120769077,332.7
6699.32906068496,328.2
6699.929000600841,322.25
6700.428950530743,308.33
6701.028890446625,283.14
6701.628830362507,270.25
6702.22877027839,305.98
6702.728720208292,333.11
6703.328660124173,289.24
6703.928600040056,317.34
6704.528539955938,340.59
6705.128479871821,297.97
6705.628429801723,291.98
6706.228369717604,325.34
6706.828309633487,301.9
6707.42824954937,297.28
6708.028189465251,318.05
6708.528139395154,299.32
6709.128079311036,346.36
6709.728019226917,333.69
6710.3279591428,336.04
6710.827909072702,342.4
6711.427848988584,343.73
6712.0277889044655,312.0
6712.627728820349,325.93
6713.227668736231,335.32
6713.727618666132,313.71
6714.327558582015,363.83
6714.927498497897,277.28
6715.527438413779,320.88
6716.027388343681,289.03
6716.627328259564,314.77
6717.227268175446,345.25
6717.8272080913275,322.08
6718.42714800721,326.89
6718.927097937112,327.54
6719.527037852995,304.01
6720.126977768877,355.06
6720.7269176847585,304.23
6721.2268676146605,323.59
6721.826807530542,308.25
6722.426747446425,298.57
6723.026687362307,296.03
6723.62662727819,294.26
6724.1265772080915,269.97
6724.726517123973,272.18
6725.326457039856,294.93
6725.926396955738,288.29
6726.52633687162,281.31
6727.0262868015225,283.7
6727.626226717405,281.68
6728.226166633286,291.5
6728.826106549169,311.54
6729.326056479071,268.61
6729.9259963949535,315.39
6730.525936310835,280.47
6731.125876226718,300.42
6731.7258161426,301.92
6732.225766072501,310.76
6732.825705988384,318.06
6733.425645904266,310.06
6734.025585820148,296.5
6734.52553575005,327.09
6735.125475665933,302.02
6735.725415581815,318.99
6736.325355497696,358.45
6736.925295413579,320.09
6737.425245343482,303.93
6738.025185259363,302.63
6738.625125175246,278.66
6739.225065091127,294.64
6739.725015021028,298.4
6740.324954936911,306.87
6740.924894852795,289.92
6741.524834768677,337.65
6742.124774684559,369.36
6742.62472461446,307.6
6743.224664530342,319.29
6743.824604446225,337.53
6744.424544362107,318.3
6744.9244942920095,306.57
6745.524434207891,325.06
6746.124374123773,282.37
6746.724314039655,331.3
6747.324253955538,348.55
6747.82420388544,327.61
6748.424143801322,369.73
6749.024083717204,316.97
6749.624023633087,336.36
6750.123973562988,337.66
6750.72391347887,297.02
6751.323853394753,343.74
6751.923793310636,328.66
6752.423743240537,334.78
6753.023683156419,333.46
6753.623623072302,304.94
6754.2235629881825,301.27
6754.823502904065,307.74
6755.323452833968,334.97
6755.92339274985,310.67
6756.523332665732,335.99
6757.123272581614,286.66
6757.623222511516,298.95
6758.223162427398,292.91
6758.823102343281,281.58
6759.423042259164,305.68
6760.022982175045,310.52
6760.522932104946,302.08
6761.122872020829,322.5
6761.722811936711,310.21
6762.322751852594,346.18
6762.822701782496,325.12
6763.422641698378,298.33
6764.02258161426,349.59
6764.622521530142,321.04
6765.122471460045,381.49
6765.722411375927,306.64
6766.322351291808,323.36
6766.922291207691,305.9
6767.522231123573,306.59
6768.022181053474,331.45
6768.622120969358,323.73
6769.222060885239,313.69
6769.822000801122,315.36
6770.321950731023,343.81
6770.921890646906,338.82
6771.521830562788,355.64
6772.12177047867,306.78
6772.721710394551,356.33
6773.221660324454,284.01
6773.821600240337,344.55
6774.421540156219,296.59
6775.0214800721005,328.65
6775.521430002003,295.87
6776.121369917885,309.58
6776.721309833767,321.58
6777.32124974965,317.0
6777.821199679551,313.15
6778.4211395954335,267.49
6779.021079511315,288.79
6779.621019427199,276.4
6780.220959343081,321.86
6780.720909272982,289.75
6781.3208491888645,302.34
6781.920789104747,334.11
6782.520729020628,318.62
6783.020678950531,333.47
6783.620618866414,290.35
6784.220558782295,304.41
6784.820498698177,322.56
6785.320448628079,291.13
6785.920388543962,311.8
6786.520328459844,303.8
6787.1202683757265,329.72
6787.620218305628,348.85
6788.220158221509,305.99
6788.820098137392,333.1
6789.420038053275,311.88
6790.0199779691575,343.28
6790.5199278990585,312.9
6791.119867814941,318.74
6791.719807730823,359.95
6792.319747646705,326.84
6792.819697576608,297.6
6793.41963749249,324.05
6794.019577408372,324.94
6794.619517324254,308.43
6795.119467254156,320.89
6795.719407170038,319.12
6796.31934708592,318.28
6796.919287001803,334.78
6797.519226917685,304.28
6798.019176847586,317.46
6798.619116763469,317.59
6799.219056679351,300.54
6799.818996595233,345.76
6800.318946525135,298.28
6800.918886441018,325.19
6801.5188263569,329.97
6802.1187662727825,308.42
6802.618716202684,301.93
6803.218656118566,325.61
6803.818596034449,320.3
6804.418535950331,262.53
6804.918485880233,335.51
6805.518425796115,348.61
6806.118365711996,341.11
6806.718305627878,361.98
6807.218255557781,395.15
6807.818195473663,382.16
6808.418135389546,338.4
6809.018075305427,334.03
6809.61801522131,315.13
6810.117965151212,337.38
6810.717905067094,320.24
6811.317844982977,314.27
6811.917784898859,333.29
6812.41773482876,315.17
6813.017674744642,359.93
6813.617614660525,310.3
6814.217554576407,354.05
6814.717504506309,324.1
6815.317444422191,314.57
6815.917384338073,355.17
6816.517324253955,324.29
6817.017274183858,310.9
6817.6172140997405,316.17
6818.217154015621,307.18
6818.817093931504,304.82
6819.317043861406,341.64
6819.916983777288,349.94
6820.516923693171,328.16
6821.116863609053,319.38
6821.716803524935,301.67
6822.216753454836,311.47
6822.816693370719,338.49
6823.416633286602,279.1
6824.016573202483,315.99
6824.516523132385,294.14
6825.116463048268,337.48
6825.71640296415,324.52
6826.316342880032,290.82
6826.816292809935,275.84
6827.416232725817,325.72
6828.016172641698,309.47
6828.616112557581,307.24
6829.116062487483,293.5
6829.716002403364,283.29
6830.3159423192465,309.18
6830.91588223513,324.03
6831.415832165031,311.58
6832.015772080913,288.6
6832.615711996796,310.29
6833.2156519126775,309.03
6833.715601842579,311.48
6834.315541758462,322.96
6834.915481674345,281.46
6835.515421590227,308.19
6836.015371520128,365.78
6836.61531143601,337.09
6837.215251351892,302.59
6837.815191267775,314.8
6838.415131183658,306.84
6838.91508111356,322.57
6839.5150210294405,349.35
6840.114960945323,326.89
6840.714900861205,317.98
6841.214850791108,304.58
6841.81479070699,296.19
6842.414730622872,300.17
6843.014670538754,307.91
6843.514620468655,359.69
6844.114560384539,311.19
6844.714500300421,274.67
6845.314440216303,289.94
6845.8143901462045,311.65
6846.414330062087,311.6
6847.014269977969,305.96
6847.614209893852,333.72
6848.114159823754,290.36
6848.7140997396355,292.29
6849.314039655518,323.96
6849.9139795714,329.35
6850.413929501303,367.94
6851.013869417185,345.89
6851.6138093330665,322.45
6852.213749248948,335.28
6852.71369917885,317.37
6853.313639094732,303.23
6853.913579010615,310.0
6854.513518926497,327.9
6855.0134688563985,310.47
6855.613408772281,343.13
6856.213348688163,348.69
6856.813288604046,334.34
6857.313238533948,349.49
6857.91317844983,311.55
6858.513118365712,315.24
6859.113058281595,357.76
6859.613008211496,355.65
6860.212948127378,349.7
6860.8128880432605,324.21
6861.412827959143,326.0
6861.912777889045,319.7
6862.512717804927,332.8
6863.11265772081,324.85
6863.712597636691,305.88
6864.2125475665935,340.31
6864.812487482476,302.09
6865.412427398358,412.98
6866.01236731424,460.56
6866.512317244142,484.14
6867.112257160024,417.53
6867.712197075906,327.28
6868.312136991789,240.6
6868.81208692169,248.18
6869.412026837573,259.82
6870.0119667534545,267.76
6870.611906669337,334.34
6871.111856599239,297.8
6871.711796515121,275.28
6872.311736431004,283.67
6872.911676346886,296.09
6873.4116262767875,282.31
6874.01156619267,276.8
6874.611506108553,257.18
6875.211446024434,314.61
6875.711395954336,328.28
6876.3113358702185,327.42
6876.9112757861,274.38
6877.511215701982,354.87
6878.011165631885,328.09
6878.611105547767,311.7
6879.211045463649,320.85
6879.810985379531,286.45
6880.310935309433,328.31
6880.910875225316,341.54
6881.510815141198,375.74
6882.1107550570805,352.32
6882.610704986982,351.26
6883.210644902863,344.55
6883.810584818746,341.68
6884.410524734629,335.71
6884.910474664531,326.18
6885.5104145804125,304.52
6886.110354496295,262.75
6886.710294412177,248.75
6887.210244342079,337.35
6887.810184257962,361.43
6888.410124173844,327.61
6889.010064089725,288.97
6889.510014019627,257.1
6890.10995393551,293.88
6890.709893851391,367.32
6891.3098337672745,390.73
6891.8097836971765,303.01
6892.409723613058,298.73
6893.00966352894,280.32
6893.509613458843,259.46
6894.109553374725,308.94
6894.709493290607,358.93
6895.309433206489,359.24
6895.809383136391,342.09
6896.409323052273,252.35
6897.009262968155,223.63
6897.6092028840385,266.71
6898.1091528139395,332.33
6898.709092729821,355.81
6899.309032645704,313.26
6899.908972561587,267.16
6900.408922491489,225.32
6901.0088624073705,272.98
6901.608802323253,277.61
6902.208742239134,318.19
6902.708692169036,362.89
6903.308632084919,328.11
6903.9085720008015,353.97
6904.508511916683,233.83
6905.008461846585,273.44
6905.608401762468,290.52
6906.208341678349,329.75
6906.808281594232,361.31
6907.3082315241345,397.04
6907.908171440016,354.77
6908.508111355898,268.38
6909.108051271781,229.28
6909.608001201682,283.33
6910.207941117564,261.93
6910.807881033447,303.03
6911.307830963348,331.75
6911.907770879231,366.42
6912.507710795113,300.87
6913.107650710996,278.54
6913.6076006408975,280.41
6914.207540556779,260.17
6914.807480472662,290.63
6915.407420388545,288.57
6915.907370318446,314.53
6916.507310234328,337.65
6917.107250150211,312.23
6917.707190066092,335.3
6918.207139995994,295.07
6918.807079911877,268.96
6919.4070198277595,278.89
6920.00695974364,271.97
6920.506909673543,313.43
6921.106849589426,341.02
6921.706789505307,325.06
6922.206739435209,325.43
6922.806679351092,307.48
6923.406619266974,277.93
6924.006559182856,271.99
6924.506509112758,284.54
6925.10644902864,279.54
6925.706388944522,267.59
6926.306328860404,295.94
6926.806278790306,297.12
6927.406218706189,265.32
6928.006158622071,284.86
6928.606098537954,260.32
6929.106048467855,264.25
6929.705988383736,280.48
6930.30592829962,259.62
6930.905868215503,249.36
6931.405818145404,265.86
6932.005758061286,265.39
6932.605697977168,243.55
6933.10564790707,276.79
6933.705587822952,267.32
6934.305527738835,246.76
6934.905467654717,237.12
6935.405417584619,268.31
6936.0053575005,248.96
6936.605297416384,267.76
6937.205237332265,260.59
6937.705187262167,262.58
6938.30512717805,272.22
6938.905067093931,259.84
6939.505007009813,254.72
6940.004956939716,266.16
6940.604896855598,262.62
6941.20483677148,253.85
6941.704786701382,260.09
6942.304726617263,249.73
6942.904666533147,294.3
6943.504606449029,258.86
6944.00455637893,281.57
6944.604496294813,254.16
6945.204436210694,260.61
6945.804376126577,276.67
6946.304326056479,296.11
6946.904265972362,325.78
6947.504205888244,311.04
6948.004155818145,315.66
6948.604095734027,285.08
6949.20403564991,284.78
6949.803975565793,308.12
6950.303925495694,289.46
6950.903865411577,321.38
6951.503805327458,292.18
6952.103745243341,310.88
6952.603695173243,324.33
6953.203635089125,297.12
6953.803575005008,291.08
6954.403514920889,296.44
6954.903464850791,304.45
6955.503404766673,316.57
6956.103344682556,328.08
6956.603294612458,300.06
6957.20323452834,309.89
6957.803174444221,296.66
6958.403114360104,286.65
6958.903064290007,298.16
6959.503004205888,305.97
6960.102944121771,257.65
6960.702884037652,276.25
6961.202833967554,284.15
6961.802773883436,244.46
6962.40271379932,279.95
6962.902663729222,270.6
6963.502603645103,287.35
6964.102543560985,303.02
6964.702483476867,246.6
6965.202433406769,273.68
6965.802373322652,250.29
6966.402313238535,261.86
6966.902263168436,260.06
6967.502203084317,262.53
6968.1021430002,256.43
6968.702082916083,275.78
6969.202032845984,253.02
6969.801972761867,309.97
6970.401912677749,315.97
6971.001852593631,305.9
6971.501802523533,329.63
6972.101742439416,308.09
6972.701682355298,284.38
6973.201632285199,288.53
6973.801572201081,283.84
6974.401512116964,305.96
6975.001452032846,284.51
6975.501401962748,292.26
6976.101341878631,306.95
6976.7012817945115,270.98
6977.301221710394,274.36
6977.801171640297,324.67
6978.40111155618,298.97
6979.001051472061,316.86
6979.501001401963,272.79
6980.100941317845,306.55
6980.700881233726,310.98
6981.300821149609,341.76
6981.800771079512,308.31
6982.400710995394,302.86
6983.000650911275,282.23
6983.500600841177,266.25
6984.10054075706,280.86
6984.700480672942,324.17
6985.300420588825,286.46
6985.800370518726,285.56
6986.400310434608,276.67
6987.00025035049,261.41
6987.600190266373,296.06
6988.100140196275,291.99
6988.700080112157,291.82
6989.300020028039,264.15
6989.79996995794,281.6
6990.399909873824,304.65
6990.999849789706,273.21
6991.599789705589,293.68
6992.09973963549,290.69
6992.699679551371,276.37
6993.299619467254,275.6
6993.799569397156,279.34
6994.399509313039,315.06
6994.999449228921,309.24
6995.599389144803,305.95
6996.099339074704,294.75
6996.699278990587,302.6
6997.29921890647,298.83
6997.799168836371,298.74
6998.399108752254,289.14
6998.999048668135,261.75
6999.598988584017,246.09
7000.09893851392,281.59
7000.698878429802,331.12
7001.298818345684,326.13
7001.798768275586,262.17
7002.398708191468,303.13
7002.998648107351,270.5
7003.598588023233,302.43
7004.098537953135,268.03
7004.698477869017,275.23
7005.298417784898,312.36
7005.798367714801,302.43
7006.398307630684,277.24
7006.998247546565,270.97
7007.598187462448,270.56
7008.09813739235,248.97
7008.6980773082305,272.97
7009.298017224113,280.01
7009.797967154016,264.3
7010.397907069898,292.11
7010.99784698578,253.63
7011.597786901662,272.09
7012.097736831565,314.73
7012.697676747446,308.07
7013.297616663329,310.5
7013.797566593231,290.2
7014.397506509113,271.5
7014.997446424994,272.54
7015.597386340877,278.91
7016.097336270779,285.96
7016.697276186661,310.52
7017.297216102544,324.99
7017.797166032445,323.5
7018.397105948328,299.32
7018.99704586421,310.4
7019.596985780093,287.39
7020.096935709994,321.72
7020.696875625876,286.71
7021.296815541758,333.81
7021.79676547166,290.24
7022.396705387543,282.28
7022.996645303425,294.6
7023.596585219308,318.08
7024.096535149209,296.53
7024.696475065091,341.82
7025.296414980974,332.39
7025.796364910875,332.1
7026.396304826758,261.48
7026.99624474264,307.82
7027.596184658521,258.57
7028.096134588424,296.54
7028.696074504306,258.29
7029.296014420189,288.0
7029.79596435009,286.84
7030.395904265973,285.92
7030.995844181855,354.86
7031.495794111756,378.31
7032.095734027639,319.15
7032.695673943521,324.37
7033.295613859403,348.71
7033.795563789306,343.25
7034.395503705188,312.81
7034.995443621069,279.53
7035.495393550971,318.49
7036.095333466854,260.52
7036.695273382735,309.14
7037.295213298617,318.51
7037.79516322852,307.79
7038.395103144403,293.46
7038.995043060284,322.2
7039.494992990186,334.5
7040.0949329060695,327.94
7040.69487282195,330.83
7041.294812737833,307.78
7041.794762667735,322.61
7042.394702583617,301.89
7042.994642499499,304.99
7043.494592429402,314.36
7044.094532345283,278.33
7044.694472261165,302.13
7045.194422191067,304.02
7045.794362106949,302.04
7046.394302022833,297.98
7046.994241938714,359.18
7047.494191868616,322.57
7048.094131784498,313.58
7048.69407170038,279.99
7049.194021630283,302.76
7049.793961546165,272.43
7050.393901462047,297.91
7050.893851391949,249.46
7051.49379130783,286.11
7052.093731223713,243.16
7052.693671139596,274.51
7053.193621069497,330.83
7053.793560985379,331.88
7054.393500901262,322.92
7054.893450831164,306.06
7055.493390747046,266.01
7056.093330662929,300.95
7056.69327057881,291.84
7057.193220508711,251.95
7057.793160424594,277.96
7058.393100340477,270.71
7058.893050270379,289.89
7059.492990186261,314.87
7060.092930102143,283.32
7060.592880032044,296.33
7061.192819947927,304.15
7061.79275986381,310.01
7062.3926997796925,301.25
7062.892649709594,336.29
7063.492589625475,293.82
7064.092529541358,357.69
7064.59247947126,339.12
7065.192419387142,341.41
7065.792359303025,329.48
7066.292309232926,284.79
7066.892249148808,269.71
7067.492189064691,252.08
7067.992138994592,288.93
7068.592078910475,282.61
7069.192018826357,317.14
7069.791958742239,313.95
7070.291908672141,273.09
7070.891848588024,277.8
7071.491788503906,313.89
7071.991738433807,257.67
7072.59167834969,270.53
7073.191618265571,257.09
7073.691568195473,280.69
7074.291508111356,253.69
7074.891448027239,271.82
7075.491387943121,283.15
7075.991337873022,288.41
7076.591277788905,295.0
7077.191217704787,274.65
7077.691167634688,265.78
7078.291107550571,269.6
7078.8910474664535,252.33
7079.3909973963555,265.43
7079.990937312237,279.65
7080.59087722812,289.86
7081.190817144001,262.78
7081.690767073903,315.44
7082.290706989786,337.88
7082.890646905669,302.31
7083.39059683557,295.21
7083.990536751452,303.6
7084.590476667335,269.57
7085.090426597237,308.42
7085.6903665131185,285.05
7086.290306429001,270.11
7086.790256358902,284.58
7087.390196274785,292.77
7087.990136190667,277.3
7088.590076106549,329.95
7089.0900260364515,277.33
7089.689965952333,327.42
7090.289905868215,292.27
7090.789855798117,267.01
7091.389795714001,275.86
7091.9897356298825,281.11
7092.4896855597835,262.2
7093.089625475666,280.76
7093.689565391548,242.31
7094.18951532145,286.83
7094.789455237333,314.74
7095.389395153215,291.5
7095.8893450831165,256.25
7096.489284998998,293.54
7097.089224914881,281.98
7097.689164830763,270.64
7098.189114760665,305.17
7098.7890546765475,265.95
7099.388994592429,246.44
7099.888944522332,257.29
7100.488884438214,258.18
7101.088824354097,251.37
7101.588774283998,275.01
7102.1887141998795,246.87
7102.788654115762,306.15
7103.288604045664,286.98
7103.888543961547,283.22
7104.488483877429,281.51
7105.0884237933105,292.08
7105.5883737232125,268.11
7106.188313639094,296.02
7106.788253554977,231.49
7107.288203484879,262.5
7107.888143400762,269.14
7108.488083316643,252.73
7108.9880332465455,278.3
7109.587973162428,246.7
7110.18791307831,242.81
7110.687863008211,264.76
7111.287802924094,241.73
7111.887742839976,267.41
7112.387692769878,245.83
7112.98763268576,283.06
7113.587572601643,274.45
7114.087522531544,264.86
7114.687462447426,249.98
7115.287402363309,232.61
7115.887342279191,255.76
7116.387292209093,266.61
7116.987232124975,246.33
7117.587172040857,271.87
7118.08712197076,161.74
7118.6870618866415,-154.35
7119.287001802524,-119.68
7119.786951732425,252.11
7120.386891648308,288.38
7120.98683156419,256.69
7121.486781494092,272.71
7122.086721409974,272.14
7122.686661325856,276.26
7123.186611255757,261.08
7123.786551171641,271.46
7124.386491087524,276.3
7124.886441017425,279.56
7125.4863809333065,268.78
7126.086320849189,299.07
7126.68626076507,325.0
7127.186210694973,293.67
7127.786150610856,267.35
7128.386090526738,284.05
7128.886040456639,275.91
7129.485980372521,285.23
7130.085920288405,288.1
7130.585870218306,264.18
7131.185810134188,257.4
7131.78575005007,284.8
7132.285699979972,250.45
7132.885639895855,261.47
7133.485579811737,228.21
7133.985529741638,262.64
7134.585469657521,256.07
7135.1854095734025,273.26
7135.685359503304,299.64
7136.285299419187,278.4
7136.88523933507,266.44
7137.385189264971,280.99
7137.985129180853,291.97
7138.585069096736,276.98
7139.085019026637,310.49
7139.684958942519,315.69
7140.284898858402,276.11
7140.784848788304,310.75
7141.384788704187,288.28
7141.984728620068,318.83
7142.584668535951,297.71
7143.084618465852,282.33
7143.684558381734,268.88
7144.284498297617,312.23
7144.784448227519,287.58
7145.384388143401,278.08
7145.984328059283,278.93
7146.484277989184,284.25
7147.084217905068,304.2
7147.68415782095,256.39
7148.184107750851,306.18
7148.784047666733,280.15
7149.383987582616,300.7
7149.883937512518,283.12
7150.4838774284,277.02
7151.083817344283,323.78
7151.583767274184,284.15
7152.183707190065,292.38
7152.783647105948,269.96
7153.28359703585,303.57
7153.883536951733,296.48
7154.483476867615,272.73
7154.983426797516,287.49
7155.583366713398,282.48
7156.183306629281,289.49
7156.683256559182,277.14
7157.283196475065,317.43
7157.883136390948,295.55
7158.38308632085,291.9
7158.983026236731,281.46
7159.582966152614,264.25
7160.082916082516,293.48
7160.682855998397,290.29
7161.28279591428,311.72
7161.7827458441825,270.28
7162.382685760064,279.04
7162.982625675946,318.51
7163.482575605848,276.79
7164.08251552173,260.51
7164.682455437613,292.05
7165.182405367515,306.67
7165.782345283396,308.41
7166.382285199279,314.2
7166.882235129182,309.38
7167.482175045064,293.85
7168.082114960946,280.49
7168.5820648908475,284.58
7169.182004806729,263.29
7169.781944722611,282.49
7170.281894652514,252.76
7170.881834568397,249.84
7171.481774484278,256.45
7171.98172441418,283.45
7172.581664330062,275.01
7173.181604245944,223.19
7173.681554175846,271.18
7174.281494091729,292.73
7174.881434007611,266.65
7175.381383937513,281.27
7175.981323853395,238.85
7176.581263769278,253.8
7177.081213699179,241.49
7177.681153615061,271.75
7178.2810935309435,255.21
7178.7810434608455,285.33
7179.380983376728,285.31
7179.98092329261,275.95
7180.480873222511,278.64
7181.080813138394,252.39
7181.6807530542765,259.75
7182.1807029841775,248.39
7182.78064290006,251.03
7183.380582815943,259.86
7183.880532745845,278.58
7184.480472661727,263.49
7185.080412577609,264.28
7185.5803625075105,303.88
7186.180302423392,294.92
7186.780242339275,246.4
7187.280192269177,250.59
7187.88013218506,288.14
7188.4800721009415,300.79
7188.9800220308425,266.37
7189.579961946725,243.23
7190.179901862608,286.81
7190.679851792509,296.98
7191.279791708392,208.89
7191.879731624274,241.62
7192.379681554176,284.49
7192.979621470058,272.98
7193.579561385941,282.73
7194.079511315842,295.2
7194.679451231724,274.33
7195.2793911476065,266.54
7195.779341077508,274.09
7196.379280993391,263.58
7196.979220909273,265.0
7197.479170839175,269.47
7198.079110755057,281.26
7198.6790506709385,279.1
7199.179000600841,282.83
7199.778940516723,303.23
7200.378880432606,274.34
7200.878830362509,263.72
7201.47877027839,304.6
7202.078710194272,297.14
7202.578660124174,318.33
7203.178600040055,298.92
7203.778539955938,252.35
7204.278489885841,253.33
7204.878429801723,284.78
7205.378379731625,242.09
7205.978319647506,236.24
7206.578259563388,273.61
7207.078209493291,303.87
7207.678149409173,266.71
7208.278089325056,305.36
7208.778039254957,287.97
7209.377979170839,286.01
7209.977919086722,263.23
7210.477869016623,272.62
7211.077808932506,283.77
7211.677748848388,256.55
7212.17769877829,272.06
7212.777638694172,295.83
7213.377578610055,314.73
7213.877528539956,326.12
7214.477468455838,305.77
7215.077408371721,312.49
7215.577358301623,278.02
7216.177298217504,298.21
7216.777238133387,317.73
7217.277188063288,316.63
7217.877127979171,309.12
7218.477067895054,316.19
7218.977017824955,317.45
7219.576957740837,289.98
7220.176897656719,290.1
7220.676847586621,296.13
7221.276787502504,298.43
7221.776737432406,298.69
7222.376677348288,279.13
7222.976617264169,348.61
7223.476567194072,278.1
7224.076507109954,276.62
7224.676447025836,307.81
7225.176396955738,290.91
7225.77633687162,289.39
7226.376276787502,307.96
7226.876226717405,273.93
7227.476166633286,250.49
7228.076106549169,254.72
7228.576056479071,273.8
7229.1759963949535,299.97
7229.775936310835,262.15
7230.275886240737,293.99
7230.87582615662,317.53
7231.475766072501,282.31
7231.975716002404,329.56
7232.575655918286,330.08
7233.0756058481875,309.88
7233.675545764069,261.26
7234.275485679952,316.37
7234.775435609854,290.59
7235.375375525737,278.09
7235.9753154416185,260.54
7236.4752653715195,308.41
7237.075205287402,296.33
7237.675145203285,286.71
7238.175095133186,337.43
7238.775035049069,307.5
7239.374974964951,298.25
7239.874924894853,270.17
7240.474864810735,266.1
7241.074804726618,238.35
7241.574754656519,277.64
7242.174694572401,284.6
7242.674644502304,277.13
7243.274584418185,306.68
7243.874524334068,287.78
7244.37447426397,261.03
7244.974414179851,227.35
7245.574354095734,276.77
7246.074304025637,236.76
7246.6742439415175,266.13
7247.2741838574,279.91
7247.774133787302,254.7
7248.374073703185,276.38
7248.974013619067,293.74
7249.473963548969,287.82
7250.073903464851,314.44
7250.573853394753,287.14
7251.173793310635,290.06
7251.773733226518,302.71
7252.273683156419,250.86
7252.873623072302,245.12
7253.473562988183,234.55
7253.973512918085,248.81
7254.573452833968,283.32
7255.17339274985,279.21
7255.673342679751,293.67
7256.273282595634,281.88
7256.773232525536,262.94
7257.373172441418,282.48
7257.9731123573,305.56
7258.473062287201,291.69
7259.073002203085,333.58
7259.672942118967,310.45
7260.172892048868,274.82
7260.77283196475,277.08
7261.372771880633,267.44
7261.872721810536,310.57
7262.472661726417,298.16
7263.0726016423,279.97
7263.5725515722015,294.07
7264.172491488082,256.7
7264.672441417985,285.54
7265.272381333868,256.44
7265.87232124975,240.3
7266.372271179652,310.23
7266.972211095534,267.15
7267.572151011416,254.31
7268.072100941318,316.76
7268.6720408572,325.33
7269.271980773082,280.89
7269.771930702985,265.1
7270.371870618867,298.64
7270.8718205487685,265.08
7271.47176046465,282.67
7272.071700380533,264.25
7272.571650310435,245.7
7273.171590226317,278.67
7273.7715301421995,235.33
7274.2714800721005,270.46
7274.871419987983,234.95
7275.471359903865,307.38
7275.971309833767,274.06
7276.57124974965,218.9
7277.071199679552,240.57
7277.671139595433,226.47
7278.271079511315,234.05
7278.771029441218,247.38
7279.3709693571,252.85
7279.970909272982,245.67
7280.470859202885,232.26
7281.070799118767,229.64
7281.570749048668,241.7
7282.17068896455,257.1
7282.770628880433,269.02
7283.270578810335,231.15
7283.870518726218,256.26
7284.470458642099,238.63
7284.970408572,249.62
7285.570348487883,283.55
7286.170288403765,302.84
7286.670238333667,287.39
7287.27017824955,275.78
7287.770128179451,294.53
7288.370068095333,289.39
7288.970008011215,317.01
7289.469957941117,284.02
7290.069897857,277.03
7290.669837772882,279.74
7291.169787702783,278.7
7291.769727618666,255.21
7292.269677548568,301.06
7292.869617464451,277.23
7293.469557380332,306.67
7293.969507310235,278.8
7294.5694472261175,267.47
7295.169387141998,249.17
7295.6693370719,267.59
7296.269276987783,275.58
7296.769226917685,302.8
7297.369166833568,267.18
7297.96910674945,274.09
7298.469056679351,323.58
7299.068996595233,271.54
7299.668936511115,276.67
7300.168886441017,295.99
7300.7688263569,277.74
7301.268776286801,273.6
7301.868716202684,309.62
7302.468656118566,274.51
7302.968606048467,250.08
7303.56854596435,281.66
7304.168485880232,278.38
7304.668435810135,277.33
7305.2683757260165,277.49
7305.7683256559185,272.8
7306.368265571801,265.75
7306.968205487682,270.52
7307.468155417585,239.38
7308.068095333468,261.72
7308.668035249349,264.11
7309.1679851792505,263.44
7309.767925095133,256.68
7310.267875025035,257.55
7310.867814940918,288.8
7311.4677548568,285.31
7311.967704786701,261.21
7312.5676447025835,293.07
7313.167584618466,262.58
7313.667534548367,288.59
7314.26747446425,282.03
7314.767424394151,272.89
7315.367364310035,291.85
7315.967304225916,276.68
7316.467254155818,269.48
7317.0671940717,238.7
7317.567144001603,275.64
7318.167083917485,267.13
7318.767023833367,296.51
7319.266973763269,269.62
7319.866913679151,299.68
7320.466853595032,317.66
7320.966803524935,329.99
7321.566743440818,278.31
7322.066693370719,302.56
7322.666633286601,284.82
7323.266573202483,291.36
7323.766523132385,315.64
7324.366463048268,307.98
7324.96640296415,327.35
7325.466352894051,348.82
7326.066292809935,321.29
7326.566242739836,306.3
7327.166182655717,306.7
7327.7661225716,304.6
7328.266072501503,301.13
7328.866012417385,284.36
7329.365962347287,277.04
7329.965902263169,290.99
7330.56584217905,267.57
7331.065792108953,314.15
7331.665732024835,269.44
7332.265671940717,294.54
7332.765621870619,296.18
7333.3655617865015,274.44
7333.8655117164035,289.7
7334.465451632285,284.78
7335.065391548168,328.8
7335.565341478069,270.07
7336.165281393951,278.1
7336.665231323853,297.42
7337.2651712397355,312.95
7337.865111155618,284.87
7338.365061085519,290.18
7338.965001001402,283.04
7339.464950931304,268.85
7340.064890847187,277.05
7340.664830763068,285.04
7341.16478069297,311.41
7341.764720608853,267.63
7342.364660524735,299.92
7342.864610454637,282.76
7343.464550370519,282.16
7343.964500300421,292.71
7344.564440216303,282.3
7345.164380132185,265.81
7345.664330062086,290.53
7346.264269977969,285.85
7346.764219907871,282.97
7347.364159823754,291.1
7347.9640997396355,288.99
7348.4640496695365,280.14
7349.063989585419,328.96
7349.563939515322,321.97
7350.163879431203,290.29
7350.763819347086,300.3
7351.263769276988,274.69
7351.863709192871,263.86
7352.363659122772,286.6
7352.963599038654,312.08
7353.563538954537,342.05
7354.063488884439,313.96
7354.663428800321,334.93
7355.263368716203,342.93
7355.763318646104,306.9
7356.363258561987,307.96
7356.863208491889,324.43
7357.463148407771,292.33
7358.063088323654,272.89
7358.563038253555,301.38
7359.162978169436,240.73
7359.662928099339,291.32
7360.262868015221,287.47
7360.862807931104,311.34
7361.362757861006,314.92
7361.962697776887,320.62
7362.4626477067895,325.04
7363.062587622672,320.16
7363.662527538554,265.93
7364.162477468455,290.38
7364.762417384339,306.97
7365.26236731424,301.05
7365.8623072301225,286.86
7366.462247146004,311.29
7366.962197075906,294.4
7367.562136991789,328.92
7368.062086921691,278.56
7368.662026837572,278.53
7369.2619667534545,301.4
7369.761916683357,266.88
7370.361856599239,299.09
7370.861806529141,286.73
7371.461746445023,246.02
7372.061686360905,284.03
7372.561636290808,253.19
7373.1615762066895,300.36
7373.6615261365905,268.09
7374.261466052473,281.43
7374.861405968356,258.12
7375.361355898258,269.29
7375.96129581414,294.29
7376.461245744042,308.43
7377.0611856599235,296.63
7377.661125575806,263.72
7378.161075505708,280.41
7378.76101542159,291.33
7379.260965351492,265.4
7379.8609052673755,272.77
7380.460845183256,237.77
7380.960795113158,302.41
7381.560735029041,289.5
7382.060684958943,285.04
7382.660624874825,315.32
7383.260564790708,275.1
7383.760514720609,306.13
7384.360454636491,303.21
7384.860404566393,319.62
7385.460344482275,307.33
7386.060284398158,310.13
7386.560234328059,317.29
7387.160174243941,305.45
7387.6601241738435,298.35
7388.260064089726,287.96
7388.760014019627,264.48
7389.35995393551,310.16
7389.959893851392,293.7
7390.459843781294,306.12
7391.0597836971765,305.8
7391.559733627078,313.72
7392.159673542959,323.72
7392.759613458843,290.65
7393.259563388744,283.96
7393.859503304627,319.4
7394.359453234529,304.47
7394.9593931504105,282.14
7395.559333066293,314.39
7396.059282996195,283.29
7396.659222912076,285.08
7397.159172841979,252.73
7397.759112757862,250.2
7398.3590526737435,268.51
7398.859002603645,251.28
7399.458942519527,292.88
7399.958892449429,268.14
7400.558832365312,254.47
7401.058782295213,249.59
7401.658722211095,224.59
7402.2586621269775,314.77
7402.75861205688,295.1
7403.358551972762,264.91
7403.858501902664,278.51
7404.458441818546,262.05
7405.058381734428,257.66
7405.558331664331,266.09
7406.158271580212,275.39
7406.658221510113,270.3
7407.258161425996,271.21
7407.85810134188,286.17
7408.358051271781,313.03
7408.957991187663,281.78
7409.457941117564,309.65
7410.057881033447,294.42
7410.557830963349,291.05
7411.15777087923,282.86
7411.757710795113,315.27
7412.257660725016,309.64
7412.8576006408975,314.03
7413.3575505707995,271.07
7413.957490486681,279.56
7414.557430402564,312.09
7415.057380332466,296.54
7415.657320248348,309.82
7416.157270178249,316.99
7416.757210094132,313.22
7417.257160024034,311.91
7417.857099939916,328.6
7418.457039855798,301.45
7418.9569897857,324.94
7419.556929701582,300.86
7420.056879631485,326.56
7420.6568195473665,295.02
7421.256759463248,271.18
7421.75670939315,324.91
7422.356649309033,336.54
7422.856599238935,291.75
7423.456539154817,290.3
7423.956489084718,297.81
7424.5564290006005,292.11
7425.156368916483,263.99
7425.656318846384,319.78
7426.256258762267,295.27
7426.75620869217,346.26
7427.3561486080525,306.15
7427.856098537954,308.01
7428.456038453835,280.53
7429.055978369718,248.98
7429.55592829962,302.04
7430.155868215502,321.08
7430.655818145403,309.49
7431.255758061286,286.76
7431.855697977168,261.77
7432.35564790707,297.84
7432.955587822952,299.61
7433.455537752854,276.07
7434.055477668736,258.69
7434.555427598639,292.6
7435.155367514521,301.28
7435.755307430402,342.19
7436.255257360304,308.66
7436.855197276187,304.28
7437.355147206089,306.4
7437.955087121971,296.66
7438.455037051872,330.08
7439.054976967755,295.11
7439.654916883637,288.14
7440.154866813538,268.29
7440.754806729421,289.82
7441.254756659323,274.43
7441.854696575207,312.27
7442.354646505108,301.66
7442.9545864209895,298.01
7443.554526336872,282.25
7444.054476266774,276.78
7444.654416182656,332.29
7445.154366112557,284.71
7445.75430602844,292.35
7446.254255958343,298.45
7446.854195874224,266.58
7447.454135790106,319.78
7447.954085720008,295.42
7448.55402563589,313.13
7449.053975565793,307.39
7449.653915481675,314.71
7450.153865411576,309.28
7450.753805327458,313.05
7451.353745243341,279.85
7451.853695173243,291.81
7452.453635089125,281.49
7452.953585019026,319.78
7453.553524934909,329.84
7454.0534748648115,321.19
7454.653414780692,315.02
7455.253354696575,333.18
7455.753304626477,363.85
7456.35324454236,331.15
7456.853194472262,295.42
7457.453134388144,334.24
7457.953084318045,345.68
7458.553024233927,312.46
7459.15296414981,325.04
7459.652914079711,323.26
7460.252853995594,303.07
7460.752803925496,328.77
7461.3527438413785,321.77
7461.85269377128,290.0
7462.452633687162,288.11
7463.052573603044,303.33
7463.552523532947,306.76
7464.152463448829,294.37
7464.65241337873,329.49
7465.2523532946125,278.38
7465.752303224514,270.01
7466.352243140397,303.21
7466.852193070299,281.85
7467.45213298618,264.8
7468.052072902063,307.29
7468.552022831966,284.59
7469.1519627478465,302.89
7469.651912677748,309.44
7470.251852593631,307.06
7470.751802523533,270.24
7471.351742439416,274.83
7471.951682355298,253.71
7472.451632285199,288.5
7473.051572201081,293.31
7473.551522130984,325.65
7474.151462046865,330.11
7474.651411976767,312.22
7475.25135189265,295.07
7475.751301822552,312.61
7476.3512417384345,292.17
7476.951181654316,277.44
7477.451131584217,276.74
7478.0510715001,270.22
7478.551021430002,270.12
7479.150961345884,280.79
7479.650911275786,286.97
7480.250851191668,308.05
7480.7508011215705,293.83
7481.350741037453,271.46
7481.950680953334,278.99
7482.450630883236,290.83
7483.05057079912,275.0
7483.550520729021,276.33
7484.1504606449025,278.08
7484.650410574804,296.68
7485.250350490687,291.74
7485.85029040657,303.82
7486.350240336472,309.16
7486.950180252353,320.46
7487.450130182256,360.92
7488.050070098138,298.42
7488.550020028039,300.18
7489.149959943921,341.33
7489.649909873823,293.33
7490.249849789706,302.86
7490.749799719608,304.24
7491.34973963549,304.48
7491.949679551371,308.39
7492.449629481274,307.64
7493.049569397156,281.95
7493.549519327058,326.32
7494.14945924294,294.3
7494.649409172842,295.18
7495.249349088725,278.08
7495.749299018626,294.49
7496.349238934508,275.17
7496.94917885039,269.22
7497.449128780292,274.9
7498.049068696175,315.05
7498.549018626077,269.76
7499.148958541958,280.39
7499.6489084718605,297.77
7500.248848387743,287.14
7500.748798317644,295.81
7501.348738233527,288.27
7501.948678149409,318.53
7502.448628079311,322.37
7503.0485679951935,316.1
7503.548517925095,313.23
7504.148457840977,307.97
7504.648407770879,272.91
7505.248347686762,334.01
7505.748297616663,292.88
7506.348237532547,296.08
7506.848187462448,276.76
7507.448127378329,282.81
7508.048067294212,287.2
7508.548017224114,310.58
7509.147957139996,300.0
7509.647907069898,281.68
7510.24784698578,296.43
7510.747796915683,313.26
7511.347736831565,320.45
7511.847686761466,297.74
7512.447626677348,300.39
7512.94757660725,278.8
7513.547516523133,318.12
7514.147456439015,307.36
7514.647406368916,297.18
7515.247346284798,307.41
7515.747296214701,335.04
7516.347236130584,311.76
7516.847186060485,312.11
7517.447125976367,299.13
7517.947075906269,321.58
7518.5470158221515,304.85
7519.046965752053,291.69
7519.646905667934,292.24
7520.246845583817,287.74
7520.74679551372,274.47
7521.346735429602,272.33
7521.846685359504,300.08
7522.4466252753855,312.56
7522.946575205287,299.21
7523.54651512117,354.49
7524.046465051071,288.67
7524.646404966953,322.6
7525.146354896856,321.97
7525.746294812738,321.39
7526.24624474264,322.3
7526.846184658522,323.55
7527.446124574403,310.96
7527.946074504306,310.05
7528.546014420189,330.52
7529.04596435009,336.91
7529.645904265972,311.05
7530.145854195874,303.72
7530.745794111756,300.76
7531.245744041658,271.01
7531.845683957541,303.49
7532.345633887443,331.61
7532.945573803325,341.46
7533.445523733226,334.85
7534.045463649109,300.82
7534.645403564991,319.84
7535.145353494892,302.97
7535.745293410775,294.19
7536.245243340677,316.56
7536.84518325656,283.9
7537.345133186462,316.08
7537.9450731023435,308.84
7538.4450230322445,351.19
7539.044962948128,333.66
7539.544912878029,302.32
7540.144852793911,323.14
7540.644802723813,322.89
7541.244742639696,319.19
7541.844682555578,320.75
7542.34463248548,293.73
7542.944572401361,311.68
7543.444522331264,298.52
7544.044462247147,331.66
7544.544412177048,298.91
7545.14435209293,323.13
7545.644302022832,314.48
7546.244241938714,302.7
7546.744191868616,321.66
7547.344131784498,346.11
7547.844081714401,296.12
7548.444021630283,295.45
7548.943971560184,302.65
7549.543911476067,297.39
7550.0438614059685,280.68
7550.64380132185,297.09
7551.243741237733,308.34
7551.743691167635,311.56
7552.343631083517,300.42
7552.84358101342,301.76
7553.4435209293015,288.45
7553.9434708592025,302.58
7554.543410775085,357.46
7555.043360704987,305.64
7555.643300620869,274.19
7556.143250550771,305.45
7556.743190466653,265.36
7557.243140396556,283.48
7557.843080312438,299.63
7558.343030242339,315.2
7558.942970158221,298.23
7559.442920088123,336.8
7560.042860004006,332.24
7560.642799919888,306.04
7561.142749849789,305.34
7561.7426897656715,318.74
7562.242639695574,316.54
7562.842579611456,314.76
7563.342529541358,300.77
7563.94246945724,323.24
7564.442419387142,308.64
7565.042359303025,311.37
7565.542309232926,312.82
7566.142249148807,337.98
7566.64219907871,289.46
7567.242138994593,304.69
7567.742088924494,297.59
7568.342028840377,319.31
7568.841978770279,294.65
7569.4419186861605,292.34
7569.9418686160625,274.31
7570.541808531944,317.23
7571.041758461847,316.06
7571.641698377729,307.68
7572.14164830763,302.71
7572.741588223513,280.66
7573.341528139396,291.47
7573.841478069297,336.21
7574.441417985179,291.53
7574.94136791508,354.63
7575.541307830964,294.58
7576.041257760866,292.46
7576.641197676747,312.16
7577.141147606649,308.51
7577.741087522532,359.01
7578.241037452433,294.44
7578.840977368316,332.03
7579.340927298217,352.0
7579.9408672141,327.48
7580.440817144002,334.31
7581.040757059884,319.16
7581.540706989786,319.19
7582.140646905668,299.03
7582.640596835569,293.47
7583.240536751452,326.26
7583.740486681354,329.89
7584.340426597237,342.19
7584.840376527139,299.49
7585.4403164430205,337.23
7585.940266372922,347.67
7586.540206288805,310.34
7587.040156218706,331.74
7587.640096134588,344.73
7588.140046064491,333.6
7588.739985980373,330.47
7589.339925896255,348.14
7589.839875826157,346.69
7590.439815742038,329.37
7590.939765671941,325.98
7591.539705587824,316.19
7592.039655517725,390.03
7592.639595433607,495.43
7593.139545363509,549.03
7593.739485279391,497.87
7594.239435209293,433.03
7594.839375125175,331.32
7595.339325055078,274.13
7595.93926497096,202.74
7596.439214900861,174.77
7597.039154816744,211.2
7597.5391047466455,255.13
7598.139044662527,317.11
7598.638994592429,330.84
7599.238934508311,327.22
7599.738884438214,221.27
7600.338824354097,338.74
7600.838774283998,198.43
7601.4387141998795,156.88
7601.9386641297815,203.09
7602.538604045664,117.47
7603.038553975566,129.49
7603.638493891447,128.18
7604.13844382135,164.32
7604.738383737233,180.61
7605.238333667134,159.78
7605.838273583016,245.95
7606.338223512919,135.15
7606.9381634288,195.78
7607.438113358702,195.93
7608.038053274585,240.46
7608.538003204487,195.89
7609.137943120369,126.47
7609.63789305027,118.99
7610.237832966152,148.66
7610.737782896055,192.93
7611.337722811937,252.05
7611.837672741839,167.72
7612.437612657721,103.43
7612.937562587623,127.93
7613.5375025035055,246.3
7614.0374524334065,277.16
7614.637392349288,264.46
7615.137342279191,159.94
7615.737282195073,133.08
7616.237232124975,186.29
7616.837172040858,252.63
7617.33712197076,300.53
7617.9370618866415,289.8
7618.4370118165425,327.51
7619.036951732425,409.98
7619.536901662328,472.42
7620.136841578209,429.29
7620.636791508111,252.71
7621.236731423994,212.88
7621.736681353896,386.37
7622.336621269778,531.82
7622.836571199679,434.78
7623.436511115561,207.02
7623.936461045464,158.71
7624.536400961346,140.91
7625.036350891248,241.11
7625.63629080713,482.5
7626.136240737032,599.98
7626.736180652914,295.35
7627.236130582816,190.19
7627.836070498698,91.312
7628.336020428601,168.92
7628.935960344483,218.43
7629.435910274384,353.26
7630.0358501902665,782.52
7630.5358001201685,370.93
7631.13574003605,164.89
7631.635689965952,94.624
7632.235629881834,109.24
7632.735579811737,151.57
7633.33551972762,277.51
7633.835469657521,624.49
7634.4354095734025,502.88
7634.935359503304,306.75
7635.535299419187,124.61
7636.035249349089,78.531
7636.63518926497,133.21
7637.135139194873,205.06
7637.735079110756,392.65
7638.235029040657,501.77
7638.834968956539,500.92
7639.334918886441,277.55
7639.934858802323,114.36
7640.434808732225,85.53
7641.034748648107,120.15
7641.53469857801,215.53
7642.1346384938915,321.62
7642.634588423793,457.21
7643.234528339675,515.72
7643.734478269577,421.46
7644.33441818546,198.76
7644.834368115362,109.75
7645.434308031243,97.259
7645.934257961146,151.57
7646.534197877028,194.86
7647.0341478069295,311.21
7647.634087722811,418.33
7648.134037652714,398.14
7648.733977568596,282.58
7649.233927498498,207.33
7649.7338774284,133.96
7650.333817344283,157.84
7650.8337672741845,216.92
7651.433707190065,283.94
7651.933657119968,316.73
7652.533597035851,408.77
7653.033546965752,446.88
7653.633486881634,314.38
7654.133436811536,179.68
7654.7333767274185,180.46
7655.2333266573205,173.69
7655.833266573202,229.01
7656.333216503105,265.72
7656.933156418987,326.09
7657.433106348888,384.43
7658.033046264771,429.58
7658.532996194673,414.83
7659.1329361105545,308.7
7659.6328860404565,267.34
7660.232825956338,209.65
7660.732775886241,237.76
7661.332715802124,295.02
7661.832665732025,312.7
7662.432605647907,322.84
7662.932555577809,314.85
7663.532495493691,407.21
7664.032445423593,405.54
7664.632385339474,404.04
7665.132335269377,275.61
7665.73227518526,266.49
7666.232225115161,212.8
7666.732175045064,247.62
7667.332114960946,304.75
7667.8320648908475,315.16
7668.432004806729,346.67
7668.931954736631,407.87
7669.531894652514,336.37
7670.031844582415,311.94
7670.631784498297,304.95
7671.1317344282,258.55
7671.731674344082,271.99
7672.2316242739835,220.11
7672.831564189866,311.27
7673.331514119768,337.85
7673.93145403565,265.71
7674.431403965552,313.5
7675.031343881434,335.62
7675.531293811337,336.92
7676.131233727218,337.08
7676.631183657119,274.4
7677.231123573002,247.6
7677.731073502904,244.91
7678.231023432806,291.47
7678.830963348689,335.69
7679.330913278591,328.35
7679.930853194473,273.02
7680.430803124374,262.62
7681.030743040256,348.44
7681.530692970159,307.09
7682.13063288604,324.36
7682.630582815942,242.99
7683.230522731825,272.98
7683.730472661727,304.02
7684.330412577609,295.64
7684.8303625075105,320.26
7685.430302423392,288.2
7685.930252353295,314.51
7686.530192269177,333.78
7687.030142199079,324.16
7687.530092128981,296.61
7688.130032044863,293.96
7688.629981974765,280.45
7689.229921890646,348.62
7689.729871820549,270.77
7690.329811736432,364.08
7690.829761666333,296.63
7691.429701582215,308.25
7691.929651512117,287.89
7692.529591428,325.0
7693.0295413579015,316.22
7693.629481273782,342.78
7694.129431203685,309.24
7694.729371119568,323.39
7695.229321049469,309.87
7695.729270979372,241.5
7696.329210895254,284.7
7696.829160825156,315.76
7697.4291007410375,285.2
7697.929050670939,271.64
7698.528990586822,237.95
7699.028940516723,217.03
7699.628880432605,324.58
7700.128830362508,301.74
7700.728770278391,317.43
7701.228720208292,301.51
7701.828660124174,277.57
7702.328610054076,302.66
7702.928549969958,253.86
7703.42849989986,286.07
7703.928449829761,285.36
7704.528389745645,269.72
7705.028339675546,312.38
7705.628279591428,280.51
7706.12822952133,283.09
7706.728169437212,290.06
7707.228119367114,292.68
7707.828059282997,321.84
7708.328009212898,293.88
7708.927949128781,291.33
7709.427899058682,287.07
7710.0278389745645,275.71
7710.527788904466,279.36
7711.027738834368,307.25
7711.62767875025,266.46
7712.127628680151,305.59
7712.727568596034,268.1
7713.227518525937,267.33
7713.827458441819,285.08
7714.327408371721,288.59
7714.927348287602,313.61
7715.427298217504,301.22
7716.027238133387,294.61
7716.527188063288,254.19
7717.027137993191,270.09
7717.627077909073,325.92
7718.127027838974,291.2
7718.726967754857,308.01
7719.2269176847585,309.7
7719.826857600641,293.01
7720.326807530543,284.93
7720.926747446424,312.76
7721.426697376327,337.93
7722.02663729221,320.04
7722.526587222111,346.28
7723.026537152014,301.61
7723.6264770678945,280.2
7724.126426997796,283.88
7724.726366913679,319.7
7725.226316843581,321.17
7725.826256759464,303.92
7726.326206689365,289.1
7726.926146605247,305.4
7727.42609653515,314.43
7728.026036451032,298.47
7728.525986380933,287.17
7729.025936310835,275.13
7729.625876226717,265.53
7730.125826156619,296.17
7730.725766072502,283.52
7731.225716002404,286.31
7731.825655918286,268.13
7732.3256058481875,296.6
7732.925545764069,266.25
7733.425495693972,263.52
7733.925445623873,265.57
7734.525385539756,290.76
7735.025335469658,256.35
7735.62527538554,259.32
7736.125225315442,279.41
7736.725165231323,267.2
7737.225115161226,261.46
7737.825055077109,317.3
7738.32500500701,301.75
7738.824954936913,307.88
7739.324904866814,342.53
7740.024834768677,302.16
7740.724764670538,271.29
7741.524684558382,310.14
7742.224614460245,333.42
7742.924544362108,323.08
7743.624474263969,287.27
7744.4243941518125,306.76
7745.124324053675,303.36
7745.824253955538,346.19
7746.5241838574,346.25
7747.224113759263,337.26
7748.024033647106,403.36
7748.723963548969,373.72
7749.423893450831,350.2
7750.123823352694,347.85
7750.923743240536,315.59
7751.6236731424,320.13
7752.323603044263,279.52
7753.023532946125,286.42
7753.723462847987,263.72
7754.523382735831,275.92
7755.223312637692,334.5
7755.923242539555,303.86
7756.623172441417,320.17
7757.423092329261,336.1
7758.123022231123,349.05
7758.822952132987,342.54
7759.522882034849,352.6
7760.322801922692,326.91
7761.022731824554,351.4
7761.722661726417,376.48
7762.42259162828,330.47
7763.122521530142,274.19
7763.922441417985,294.42
7764.622371319848,308.48
7765.32230122171,295.63
7766.022231123573,308.19
7766.822151011417,298.02
7767.522080913279,302.46
7768.222010815141,344.71
7768.921940717004,380.78
7769.721860604846,328.66
7770.421790506709,291.64
7771.1217204085715,326.37
7771.821650310435,331.96
7772.5215802122975,299.09
7773.321500100141,306.74
7774.021430002003,324.59
7774.721359903865,351.89
7775.421289805728,337.3
7776.221209693572,312.46
7776.9211395954335,364.88
7777.621069497296,405.68
7778.3209993991595,353.33
7779.120919287001,357.36
7779.8208491888645,337.28
7780.520779090727,341.05
7781.22070899259,308.31
7781.920638894452,315.88
7782.7205587822955,292.18
7783.420488684158,322.29
7784.120418586021,307.95
7784.820348487883,304.23
7785.620268375726,337.38
7786.320198277589,315.88
7787.020128179452,321.24
7787.720058081314,340.39
7788.5199779691575,344.8
7789.219907871019,293.76
7789.919837772882,346.09
7790.619767674744,361.81
7791.319697576608,363.11
7792.11961746445,339.43
7792.819547366314,339.4
7793.519477268176,352.12
7794.219407170038,303.53
7795.019327057881,306.67
7795.719256959744,307.39
7796.419186861605,329.95
7797.119116763469,338.61
7797.919036651312,329.46
7798.618966553174,295.65
7799.318896455037,316.72
7800.0188263569,364.79
7800.718756258762,365.13
7801.518676146606,342.54
7802.218606048468,323.55
7802.918535950331,307.73
7803.618465852193,360.74
7804.418385740036,387.5
7805.118315641898,362.68
7805.818245543762,373.05
7806.5181754456235,343.76
7807.318095333468,338.1
7808.01802523533,318.24
7808.717955137192,289.33
7809.417885039054,343.4
7810.117814940917,315.63
7810.917734828759,336.45
7811.617664730623,337.11
7812.317594632486,336.45
7813.017524534349,282.89
7813.817444422191,304.29
7814.517374324054,321.89
7815.217304225916,323.92
7815.917234127778,336.9
7816.717154015622,318.82
7817.417083917485,343.92
7818.1170138193465,399.68
7818.81694372121,362.0
7819.516873623073,338.12
7820.316793510915,348.63
7821.0167234127775,284.65
7821.71665331464,259.6
7822.416583216504,323.19
7823.216503104346,331.64
7823.9164330062085,345.96
7824.616362908071,339.18
7825.316292809935,306.35
7826.116212697777,310.43
7826.81614259964,300.26
7827.516072501503,286.87
7828.216002403365,307.72
7828.915932305227,297.15
7829.7158521930705,311.5
7830.415782094932,314.87
7831.115711996795,335.82
7831.815641898658,334.58
7832.615561786501,300.14
7833.315491688364,337.26
7834.015421590227,323.29
7834.715351492089,304.86
7835.515271379932,305.88
7836.215201281795,281.94
7836.915131183658,315.51
7837.61506108552,310.83
7838.314990987383,305.71
7839.114910875225,342.42
7839.814840777089,348.83
7840.51477067895,351.05
7841.214700580813,324.93
7842.014620468657,271.92
7842.714550370519,323.58
7843.414480272381,306.51
7844.114410174244,352.86
7844.914330062086,333.12
7845.614259963949,331.92
7846.314189865812,341.95
7847.014119767676,296.01
7847.814039655518,277.44
7848.513969557381,288.05
7849.213899459243,292.35
7849.913829361105,286.61
7850.6137592629675,301.84
7851.413679150812,293.61
7852.113609052673,292.64
7852.813538954537,333.63
7853.513468856399,321.29
7854.313388744242,253.04
7855.013318646104,257.52
7855.713248547967,290.91
7856.4131784498295,313.84
7857.213098337673,298.59
7857.913028239535,307.4
7858.612958141398,313.84
7859.312888043261,276.19
7860.012817945123,269.49
7860.812737832966,274.19
7861.51266773483,277.35
7862.2125976366915,278.0
7862.912527538554,268.27
7863.712447426397,259.07
7864.412377328259,248.57
7865.112307230122,248.15
7865.812237131985,219.55
7866.6121570198275,295.81
7867.312086921691,322.1
7868.0120168235535,299.34
7868.711946725416,312.88
7869.5118666132585,303.48
7870.211796515121,308.36
7870.911726416984,288.2
7871.611656318846,277.84
7872.31158622071,228.96
7873.111506108552,238.11
7873.811436010415,250.87
7874.511365912277,283.95
7875.21129581414,278.2
7876.011215701983,278.05
7876.711145603846,280.9
7877.411075505708,265.7
7878.111005407571,224.67
7878.910925295413,239.02
7879.610855197276,297.34
7880.310785099139,262.05
7881.010715001002,266.51
7881.810634888845,254.7
7882.510564790708,239.74
7883.21049469257,265.22
7883.910424594432,242.73
7884.610354496294,223.39
7885.410274384138,251.95
7886.110204286,260.06
7886.810134187864,288.0
7887.510064089726,276.51
7888.309983977569,265.42
7889.009913879431,245.45
7889.709843781294,242.04
7890.409773683156,249.98
7891.209693571,258.25
7891.909623472862,256.16
7892.609553374725,250.74
7893.309483276587,241.38
7894.00941317845,259.62
7894.809333066293,253.72
7895.509262968155,258.54
7896.209192870017,257.97
7896.909122771881,243.61
7897.709042659723,238.19
7898.408972561586,261.87
7899.108902463448,217.38
7899.808832365312,258.59
7900.608752253154,276.05
7901.308682155018,272.74
7902.00861205688,250.91
7902.708541958743,276.18
7903.508461846585,285.98
7904.208391748448,252.34
7904.90832165031,248.58
7905.608251552172,259.09
7906.308181454036,273.0
7907.108101341879,272.83
7907.808031243741,247.72
7908.507961145604,249.04
7909.207891047467,283.88
7910.007810935309,275.43
7910.707740837172,294.22
7911.407670739035,295.84
7912.1076006408975,292.89
7912.90752052874,261.74
7913.6074504306025,265.81
7914.307380332466,242.31
7915.007310234328,240.14
7915.807230122172,263.52
7916.507160024034,267.46
7917.207089925897,260.56
7917.907019827759,264.77
7918.606949729621,253.69
7919.4068696174645,256.72
7920.106799519326,251.25
7920.80672942119,239.01
7921.506659323053,265.05
7922.3065792108955,261.09
7923.006509112758,261.57
7923.706439014621,249.72
7924.406368916483,252.2
7925.2062888043265,249.64
7925.906218706189,254.29
7926.606148608052,257.36
7927.306078509914,243.6
7928.105998397757,243.14
7928.80592829962,245.06
7929.505858201482,251.71
7930.205788103344,236.33
7930.905718005207,262.92
7931.70563789305,266.01
7932.405567794913,248.02
7933.105497696775,245.27
7933.805427598639,246.17
7934.60534748648,244.19
7935.305277388344,255.69
7936.005207290207,285.42
7936.70513719207,289.15
7937.505057079912,282.38
7938.204986981775,266.45
7938.904916883637,279.07
7939.604846785499,262.76
7940.404766673343,274.06
7941.104696575206,277.13
7941.804626477068,263.07
7942.504556378931,255.59
7943.204486280793,270.35
7944.004406168636,261.6
7944.704336070498,248.36
7945.404265972361,260.17
7946.104195874224,290.07
7946.904115762067,263.45
7947.604045663929,257.18
7948.303975565793,233.52
7949.0039054676545,258.34
7949.803825355498,252.67
7950.503755257361,256.76
7951.203685159223,253.89
7951.9036150610855,255.72
7952.703534948929,264.76
7953.40346485079,289.32
7954.103394752653,296.69
7954.8033246545165,282.71
7955.503254556379,277.99
7956.303174444222,264.47
7957.003104346085,259.12
7957.7030342479475,263.35
7958.40296414981,248.0
7959.202884037652,249.01
7959.902813939515,252.82
7960.6027438413785,269.89
7961.302673743241,303.83
7962.102593631083,257.7
7962.802523532947,276.01
7963.502453434809,292.58
7964.202383336671,277.6
7965.002303224515,274.54
7965.702233126377,282.61
7966.40216302824,309.73
7967.102092930102,296.21
7967.802022831966,297.77
7968.601942719807,293.36
7969.301872621671,285.65
7970.001802523533,284.42
7970.701732425395,263.07
7971.501652313239,254.76
7972.201582215102,265.35
7972.901512116963,293.11
7973.601442018826,291.36
7974.401361906669,298.62
7975.101291808532,280.75
7975.801221710395,282.48
7976.501151612258,282.77
7977.3010715001,254.7
7978.001001401963,253.43
7978.700931303825,303.18
7979.400861205688,281.83
7980.200781093531,245.68
7980.900710995394,270.45
7981.600640897256,279.55
7982.30057079912,284.81
7983.000500700981,298.05
7983.800420588825,273.87
7984.500350490687,278.14
7985.20028039255,269.64
7985.900210294412,286.56
7986.700130182256,268.62
7987.400060084117,283.04
7988.09998998598,266.87
7988.799919887843,250.87
7989.599839775686,284.68
7990.299769677549,297.74
7990.999699579412,300.2
7991.699629481274,322.13
7992.499549369117,315.05
7993.199479270979,309.12
7993.899409172842,296.88
7994.599339074704,291.25
7995.299268976567,277.71
7996.09918886441,278.95
7996.799118766274,280.21
7997.499048668135,288.08
7998.198978569998,281.28
7998.998898457841,299.84
7999.698828359704,295.77
8000.398758261566,293.83
8001.098688163429,301.77
8001.898608051271,267.93
8002.598537953134,248.74
8003.298467854997,254.27
8003.99839775686,273.25
8004.798317644703,267.06
8005.498247546566,274.78
8006.198177448428,270.6
8006.89810735029,271.07
8007.598037252153,275.13
8008.397957139996,274.6
8009.097887041858,263.93
8009.797816943721,281.41
8010.4977468455845,268.23
8011.297666733427,295.13
8011.9975966352895,294.55
8012.697526537152,302.71
8013.397456439015,275.21
8014.197376326858,292.24
8014.8973062287205,299.89
8015.597236130583,274.06
8016.2971660324465,287.53
8017.097085920288,296.07
8017.7970158221515,291.65
8018.496945724014,269.91
8019.196875625876,287.85
8019.896805527738,285.01
8020.6967254155825,272.76
8021.396655317444,247.86
8022.096585219307,274.08
8022.79651512117,290.53
8023.596435009012,296.6
8024.296364910876,279.36
8024.996294812739,289.2
8025.696224714601,264.23
8026.496144602444,228.13
8027.196074504306,251.75
8027.896004406169,267.66
8028.59593430803,250.48
8029.395854195875,243.4
8030.095784097737,235.94
8030.7957139996,253.74
8031.495643901462,266.67
8032.295563789306,270.4
8032.995493691167,266.43
8033.69542359303,294.57
8034.395353494892,298.94
8035.095283396756,298.41
8035.895203284598,277.81
8036.595133186461,272.81
8037.295063088324,283.14
8037.994992990187,274.78
8038.79491287803,267.78
8039.494842779893,286.47
8040.194772681755,265.42
8040.894702583617,287.07
8041.69462247146,300.39
8042.394552373323,274.72
8043.094482275184,272.64
8043.794412177048,271.68
8044.594332064891,265.48
8045.294261966754,271.14
8045.994191868616,248.39
8046.694121770479,253.16
8047.394051672341,249.49
8048.193971560184,249.08
8048.893901462046,259.95
8049.59383136391,264.24
8050.293761265772,231.72
8051.093681153615,239.92
8051.793611055478,217.68
8052.49354095734,243.29
8053.1934708592025,249.68
8053.993390747047,256.7
8054.693320648908,235.45
8055.393250550771,230.78
8056.0931804526335,230.62
8056.893100340476,253.34
8057.5930302423385,240.22
8058.292960144202,242.35
8058.9928900460645,229.98
8059.692819947928,241.97
8060.49273983577,261.72
8061.192669737633,288.14
8061.8925996394955,257.83
8062.592529541357,251.14
8063.3924494292005,253.36
8064.092379331064,255.32
8064.7923092329265,256.96
8065.492239134789,249.5
8066.292159022632,228.94
8066.992088924494,241.33
8067.692018826357,248.76
8068.391948728219,240.22
8069.1918686160625,245.85
8069.891798517925,233.95
8070.591728419788,240.42
8071.291658321651,270.2
8071.991588223513,249.9
8072.791508111356,234.97
8073.491438013219,252.81
8074.191367915081,251.72
8074.891297816944,253.49
8075.691217704787,235.57
8076.39114760665,232.53
8077.091077508511,242.32
8077.791007410375,230.54
8078.590927298218,243.9
8079.290857200081,257.41
8079.990787101943,242.76
8080.690717003806,210.44
8081.490636891648,224.89
8082.190566793511,212.5
8082.890496695373,220.64
8083.590426597236,229.03
8084.390346485079,242.04
8085.090276386942,238.86
8085.790206288805,246.04
8086.490136190667,264.99
8087.190066092529,257.54
8087.989985980373,252.26
8088.689915882235,260.3
8089.389845784098,226.3
8090.08977568596,249.38
8090.889695573803,252.45
8091.589625475665,222.4
8092.289555377529,224.41
8092.989485279391,211.71
8093.789405167235,224.33
8094.489335069097,252.36
8095.18926497096,261.72
8095.889194872822,247.64
8096.689114760665,242.75
8097.389044662527,264.83
8098.08897456439,235.37
8098.788904466253,252.06
8099.488834368116,271.8
8100.288754255959,257.83
8100.988684157821,249.48
8101.6886140596835,263.34
8102.388543961546,231.62
8103.188463849389,234.98
8103.888393751252,241.67
8104.5883236531145,276.22
8105.288253554978,296.78
8106.088173442819,274.8
8106.788103344683,248.01
8107.4880332465455,255.02
8108.187963148407,248.21
8108.987883036251,264.16
8109.687812938114,266.52
8110.3877428399755,255.78
8111.087672741838,242.0
8111.787602643702,252.91
8112.587522531543,242.98
8113.287452433407,262.04
8113.98738233527,283.05
8114.687312237133,264.75
8115.487232124975,256.0
8116.1871620268375,223.99
8116.8870919287,234.36
8117.587021830563,229.03
8118.386941718406,254.35
8119.0868716202685,241.15
8119.786801522132,261.66
8120.486731423994,260.02
8121.286651311837,270.84
8121.9865812136995,242.2
8122.686511115561,245.76
8123.386441017424,250.36
8124.086370919287,266.21
8124.88629080713,246.87
8125.586220708992,243.24
8126.286150610856,250.47
8126.986080512718,240.15
8127.7860004005615,228.32
8128.485930302424,238.64
8129.185860204287,240.87
8129.885790106148,263.04
8130.685709993992,247.81
8131.385639895854,248.93
8132.085569797716,261.56
8132.785499699579,259.84
8133.485429601442,261.23
8134.285349489285,278.21
8134.985279391148,278.66
8135.68520929301,266.82
8136.385139194873,285.79
8137.185059082715,259.16
8137.884988984578,258.29
8138.584918886441,262.31
8139.284848788305,258.41
8140.084768676146,243.73
8140.78469857801,233.97
8141.484628479872,242.13
8142.184558381734,241.1
8142.984478269578,242.1
8143.684408171441,220.31
8144.384338073302,242.33
8145.084267975165,253.86
8145.784197877028,246.94
8146.58411776487,254.0
8147.284047666733,271.99
8147.983977568596,281.67
8148.683907470459,249.29
8149.483827358302,235.85
8150.183757260164,248.66
8150.883687162027,264.13
8151.583617063889,255.13
8152.383536951733,256.07
8153.083466853595,253.76
8153.783396755458,240.92
8154.4833266573205,235.55
8155.283246545164,256.55
8155.983176447026,262.6
8156.683106348888,228.43
8157.383036250751,234.16
8158.082966152613,228.47
8158.8828860404565,237.28
8159.582815942319,234.74
8160.2827458441825,217.7
8160.982675746045,227.91
8161.7825956338875,246.42
8162.48252553575,250.24
8163.1824554376135,264.65
8163.882385339475,254.77
8164.6823052273185,236.3
8165.382235129181,247.56
8166.082165031043,267.78
8166.782094932906,239.7
8167.482024834769,267.88
8168.281944722612,293.05
8168.981874624475,251.59
8169.681804526337,285.29
8170.3817344282,285.42
8171.181654316042,224.68
8171.881584217905,250.57
8172.581514119767,237.04
8173.281444021632,227.91
8174.081363909473,259.51
8174.781293811337,256.97
8175.481223713199,263.2
8176.181153615061,280.93
8176.981073502904,242.35
8177.681003404768,232.73
8178.380933306629,227.65
8179.080863208492,230.29
8179.780793110355,227.61
8180.580712998197,238.71
8181.28064290006,258.01
8181.980572801924,257.24
8182.680502703785,250.97
8183.480422591629,246.21
8184.18035249349,242.65
8184.880282395354,229.03
8185.580212297216,244.6
8186.380132185059,275.82
8187.080062086922,279.73
8187.779991988785,265.79
8188.479921890646,223.21
8189.17985179251,228.66
8189.979771680353,252.35
8190.679701582215,248.01
8191.379631484078,270.58
8192.079561385939,270.65
8192.879481273783,262.26
8193.579411175646,268.69
8194.279341077508,270.58
8194.97927097937,282.33
8195.779190867215,254.84
8196.479120769076,270.95
8197.17905067094,260.01
8197.878980572803,270.16
8198.678900460645,272.71
8199.378830362508,278.87
8200.07876026437,270.59
8200.778690166233,256.06
8201.478620068094,291.13
8202.278539955938,277.88
8202.9784698578,271.2
8203.678399759663,250.17
8204.378329661526,269.29
8205.17824954937,286.9
8205.878179451232,269.62
8206.578109353095,285.13
8207.278039254958,261.62
8208.0779591428,282.56
8208.777889044663,287.57
8209.477818946525,299.18
8210.177748848388,286.42
8210.877678750252,268.92
8211.677598638093,265.73
8212.377528539957,250.48
8213.077458441818,266.39
8213.77738834368,280.2
8214.577308231525,261.38
8215.277238133389,256.49
8215.97716803525,311.6
8216.677097937112,291.57
8217.477017824955,280.87
8218.176947726817,281.95
8218.876877628682,265.0
8219.576807530542,251.67
8220.276737432407,270.67
8221.076657320247,256.15
8221.776587222112,251.58
8222.476517123972,219.55
8223.176447025835,222.72
8223.976366913677,231.2
8224.676296815542,240.45
8225.376226717406,258.93
8226.076156619267,262.29
8226.876076507111,246.4
8227.576006408972,283.27
8228.275936310836,280.92
8228.975866212697,255.56
8229.675796114561,263.64
8230.475716002402,266.35
8231.175645904266,259.4
8231.875575806129,270.31
8232.575505707991,263.55
8233.375425595834,247.14
8234.075355497696,255.41
8234.775285399559,263.11
8235.475215301421,289.53
8236.275135189266,285.96
8236.975065091128,282.31
8237.67499499299,278.83
8238.374924894853,271.9
8239.074854796716,277.26
8239.874774684558,257.99
8240.574704586421,260.89
8241.274634488283,266.3
8241.974564390146,278.99
8242.774484277988,281.5
8243.474414179851,269.91
8244.174344081714,278.32
8244.874273983576,291.69
8245.67419387142,300.19
8246.374123773285,289.4
8247.074053675145,268.78
8247.773983577008,243.17
8248.47391347887,252.07
8249.273833366713,255.83
8249.973763268576,240.08
8250.673693170438,252.11
8251.373623072303,247.17
8252.173542960143,246.22
8252.873472862007,256.62
8253.573402763868,272.95
8254.273332665733,280.56
8255.073252553575,262.66
8255.77318245544,294.65
8256.4731123573,254.75
8257.173042259163,254.03
8257.872972161027,279.64
8258.67289204887,258.26
8259.372821950732,249.31
8260.072751852593,267.75
8260.772681754457,295.94
8261.572601642298,279.31
8262.272531544162,298.08
8262.972461446023,289.36
8263.672391347887,269.14
8264.47231123573,247.27
8265.172241137594,276.05
8265.872171039457,288.46
8266.572100941317,254.08
8267.272030843182,275.22
8268.071950731024,274.67
8268.771880632887,255.03
8269.471810534747,258.19
8270.171740436612,240.46
8270.971660324452,272.37
8271.671590226317,267.53
8272.37152012818,248.29
8273.071450030042,250.57
8273.771379931904,254.3
8274.571299819749,278.15
8275.271229721611,257.78
8275.971159623474,243.71
8276.671089525336,254.79
8277.471009413179,247.37
8278.170939315041,246.5
8278.870869216904,268.39
8279.570799118766,260.82
8280.37071900661,266.81
8281.070648908471,241.56
8281.770578810334,237.56
8282.470508712197,224.64
8283.17043861406,260.29
8283.970358501902,250.29
8284.670288403764,256.46
8285.37021830563,253.19
8286.070148207491,250.6
8286.870068095335,244.21
8287.569997997196,282.33
8288.26992789906,270.24
8288.969857800921,238.5
8289.769777688765,221.56
8290.469707590626,214.2
8291.169637492489,231.41
8291.869567394353,237.89
8292.569497296214,231.74
8293.369417184058,257.46
8294.069347085919,265.21
8294.769276987783,254.09
8295.469206889646,236.46
8296.26912677749,265.39
8296.96905667935,266.23
8297.668986581215,282.73
8298.368916483078,286.49
8299.068846384938,298.03
8299.868766272783,256.46
8300.568696174643,250.27
8301.268626076508,282.85
8301.968555978368,261.2
8302.768475866213,265.85
8303.468405768073,256.45
8304.168335669938,260.9
8304.8682655718,237.75
8305.668185459645,199.26
8306.368115361507,227.97
8307.06804526337,235.31
8307.767975165232,217.13
8308.467905067093,231.75
8309.267824954937,256.73
8309.9677548568,233.11
8310.667684758662,230.06
8311.367614660525,227.85
8312.167534548367,239.27
8312.86746445023,229.83
8313.567394352092,229.08
8314.267324253955,243.13
8314.967254155817,251.18
8315.767174043662,239.18
8316.467103945524,251.36
8317.167033847387,257.42
8317.86696374925,259.29
8318.666883637092,229.65
8319.366813538956,253.74
8320.066743440817,266.62
8320.76667334268,269.32
8321.466603244542,270.43
8322.266523132384,263.84
8322.966453034247,260.3
8323.66638293611,271.28
8324.366312837974,248.78
8325.166232725816,239.14
8325.86616262768,238.5
8326.566092529541,240.93
8327.266022431406,257.45
8327.965952333267,253.22
8328.76587222111,259.52
8329.465802122972,237.51
8330.165732024834,241.94
8330.865661926699,226.83
8331.665581814541,246.31
8332.365511716403,247.26
8333.065441618264,252.61
8333.765371520129,250.87
8334.565291407971,249.97
8335.265221309835,258.72
8335.965151211696,270.99
8336.66508111356,272.61
8337.365011015423,231.3
8338.164930903265,244.53
8338.864860805128,258.77
8339.564790706989,259.04
8340.264720608853,257.63
8341.064640496696,225.76
8341.764570398558,255.71
8342.464500300419,286.16
8343.164430202283,274.71
8343.864360104146,287.89
8344.664279991988,271.17
8345.364209893853,255.45
8346.064139795715,229.83
8346.764069697578,221.11
8347.56398958542,239.71
8348.263919487283,243.1
8348.963849389145,260.53
8349.663779291008,253.43
8350.36370919287,280.94
8351.163629080713,275.01
8351.863558982575,288.27
8352.563488884438,276.52
8353.2634187863,282.29
8354.063338674143,268.01
8354.763268576005,267.0
8355.46319847787,264.76
8356.163128379732,287.84
8356.863058281595,273.54
8357.662978169437,253.2
8358.362908071302,262.58
8359.062837973162,266.94
8359.762767875025,255.2
8360.562687762867,225.47
8361.26261766473,243.75
8361.962547566593,268.54
8362.662477468455,263.34
8363.36240737032,243.98
8364.16232725816,239.44
8364.862257160024,255.19
8365.562187061885,239.33
8366.262116963751,220.57
8367.062036851592,247.74
8367.761966753456,251.99
8368.461896655317,255.03
8369.16182655718,288.18
8369.861756459044,277.16
8370.661676346886,268.75
8371.361606248749,277.21
8372.06153615061,273.65
8372.761466052474,244.39
8373.561385940315,264.57
8374.26131584218,242.37
8374.96124574404,250.5
8375.661175645904,269.27
8376.361105547769,286.29
8377.161025435611,290.69
8377.860955337474,280.59
8378.560885239334,274.22
8379.260815141199,289.35
8380.060735029041,273.84
8380.760664930904,246.53
8381.460594832764,255.14
8382.160524734629,277.66
8382.860454636491,273.33
8383.660374524334,275.17
8384.360304426196,292.45
8385.060234328059,269.66
8385.760164229921,279.47
8386.560084117766,275.59
8387.260014019628,260.13
8387.95994392149,265.23
8388.659873823353,292.64
8389.359803725216,274.8
8390.159723613058,290.06
8390.85965351492,288.22
8391.559583416783,280.71
8392.259513318646,266.05
8393.059433206488,253.63
8393.759363108351,257.22
8394.459293010214,270.83
8395.159222912076,253.01
8395.85915281394,253.77
8396.659072701783,259.63
8397.359002603647,284.31
8398.058932505508,268.39
8398.75886240737,289.47
8399.458792309233,305.67
8400.258712197077,269.37
8400.958642098938,244.81
8401.6585720008,259.86
8402.358501902665,243.33
8403.158421790506,253.71
8403.85835169237,252.99
8404.55828159423,269.59
8405.258211496095,274.44
8405.958141397956,277.14
8406.758061285802,274.55
8407.457991187663,285.79
8408.157921089525,270.26
8408.85785099139,245.78
8409.657770879232,224.39
8410.357700781095,235.39
8411.057630682955,251.2
8411.75756058482,262.28
8412.45749048668,267.59
8413.257410374525,313.83
8413.957340276385,264.22
8414.65727017825,264.35
8415.357200080112,255.75
8416.157119967957,258.29
8416.85704986982,247.26
8417.556979771682,249.82
8418.256909673544,235.59
8418.956839575405,224.99
8419.75675946325,262.05
8420.45668936511,263.22
8421.156619266974,249.15
8421.856549168837,253.46
8422.5564790707,249.09
8423.356398958542,243.6
8424.056328860404,265.14
8424.756258762267,267.87
8425.456188664128,278.33
8426.256108551974,307.53
8426.956038453836,313.81
8427.655968355699,324.93
8428.355898257561,315.93
8429.055828159424,264.93
8429.855748047266,274.56
8430.555677949129,296.07
8431.255607850992,266.79
8431.955537752854,239.34
8432.755457640696,260.03
8433.455387542559,267.96
8434.155317444422,255.39
8434.855247346286,253.24
8435.555177248147,277.77
8436.355097135993,279.87
8437.055027037854,320.37
8437.754956939716,309.62
8438.454886841579,302.93
8439.154816743441,313.14
8439.954736631284,275.71
8440.654666533146,266.13
8441.35459643501,268.74
8442.054526336871,291.01
8442.854446224716,265.87
8443.554376126576,267.57
8444.25430602844,254.28
8444.954235930301,276.21
8445.654165832164,248.93
8446.454085720006,261.09
8447.15401562187,255.89
8447.853945523735,278.67
8448.553875425596,279.34
8449.25380532746,280.44
8450.0537252153,298.78
8450.753655117165,291.11
8451.453585019026,299.89
8452.15351492089,270.54
8452.95343480873,265.9
8453.653364710595,261.94
8454.353294612458,278.94
8455.053224514319,297.09
8455.753154416183,272.71
8456.553074304025,278.77
8457.25300420589,277.49
8457.95293410775,292.82
8458.652864009615,267.69
8459.352793911477,257.25
8460.15271379932,246.98
8460.852643701182,250.54
8461.552573603045,274.5
8462.252503504908,283.78
8463.05242339275,303.84
8463.752353294612,297.75
8464.452283196473,280.69
8465.152213098338,290.87
8465.8521430002,267.97
8466.652062888043,278.07
8467.351992789905,297.69
8468.05192269177,279.14
8468.751852593632,279.02
8469.451782495495,297.79
8470.251702383337,282.31
8470.9516322852,264.08
8471.651562187062,255.29
8472.351492088925,246.28
8473.151411976767,237.03
8473.851341878632,198.53
8474.551271780492,196.83
8475.251201682355,199.84
8475.951131584217,223.85
8476.75105147206,207.32
8477.450981373922,210.66
8478.150911275787,211.31
8478.850841177651,191.91
8479.550771079512,210.67
8480.350690967356,227.77
8481.050620869217,214.5
8481.75055077108,215.86
8482.450480672942,222.83
8483.150410574804,250.54
8483.950330462647,235.12
8484.65026036451,249.23
8485.350190266374,261.99
8486.050120168235,273.96
8486.850040056079,251.72
8487.54996995794,246.84
8488.249899859804,240.26
8488.949829761666,237.85
8489.649759663529,247.73
8490.449679551371,270.37
8491.149609453236,258.46
8491.849539355098,255.65
8492.54946925696,246.96
8493.249399158824,234.93
8494.049319046664,250.8
8494.749248948528,236.72
8495.44917885039,246.8
8496.149108752254,271.08
8496.849038654116,239.92
8497.648958541959,251.59
8498.348888443821,234.52
8499.048818345686,227.2
8499.748748247548,249.62
8500.54866813539,257.06
8501.248598037253,252.7
8501.948527939114,256.6
8502.648457840978,267.73
8503.34838774284,275.87
8504.148307630683,269.24
8504.848237532546,277.27
8505.548167434408,247.05
8506.24809733627,244.16
8506.948027238132,250.47
8507.747947125976,262.07
8508.447877027838,265.79
8509.1478069297,239.52
8509.847736831565,228.82
8510.547666733428,248.43
8511.34758662127,227.91
8512.047516523133,225.51
8512.747446424995,223.64
8513.447376326858,226.43
8514.14730622872,218.03
8514.947226116563,195.68
8515.647156018425,192.35
8516.34708592029,164.89
8517.04701582215,159.86
8517.846935709995,152.69
8518.546865611856,166.22
8519.246795513718,143.48
8519.94672541558,155.19
8520.646655317445,171.48
8521.446575205287,172.72
8522.14650510715,149.52
8522.846435009014,178.3
8523.546364910875,166.97
8524.246294812738,176.63
8525.04621470058,154.36
8525.746144602444,145.75
8526.446074504305,153.93
8527.146004406168,174.92
8527.845934308032,186.91
8528.645854195873,199.14
8529.345784097737,182.85
8530.045713999598,205.69
8530.745643901464,208.13
8531.445573803325,209.13
8532.245493691169,218.44
8532.94542359303,230.47
8533.645353494894,236.37
8534.345283396757,254.0
8535.045213298617,277.25
8535.845133186462,282.54
8536.545063088322,255.37
8537.244992990187,263.35
8537.944922892048,264.41
8538.644852793912,273.08
8539.444772681753,237.38
8540.144702583617,258.85
8540.844632485481,251.28
8541.544562387342,227.18
8542.244492289206,242.75
8543.044412177049,239.12
8543.744342078911,229.72
8544.444271980772,260.0
8545.144201882636,251.98
8545.944121770477,273.32
8546.644051672341,282.25
8547.343981574204,272.36
8548.043911476067,294.0
8548.74384137793,259.26
8549.543761265772,280.4
8550.243691167634,253.09
8550.943621069497,278.19
8551.643550971361,291.81
8552.343480873224,290.85
8553.143400761066,265.7
8553.843330662929,283.13
8554.543260564791,286.17
8555.243190466654,303.64
8555.943120368516,302.23
8556.743040256359,303.49
8557.442970158221,281.98
8558.142900060084,285.99
8558.842829961946,276.74
8559.542759863809,263.69
8560.342679751653,273.1
8561.042609653514,250.67
8561.742539555378,268.14
8562.44246945724,261.83
8563.142399359103,263.19
8563.942319246946,264.89
8564.642249148808,280.73
8565.342179050673,262.93
8566.042108952533,256.88
8566.742038854396,280.4
8567.541958742238,280.7
8568.241888644103,289.11
8568.941818545964,308.22
8569.641748447826,301.49
8570.34167834969,281.88
8571.141598237531,281.08
8571.841528139395,300.42
8572.541458041258,285.13
8573.241387943122,295.06
8573.941317844983,298.99
8574.741237732827,312.97
8575.441167634688,290.48
8576.14109753655,297.01
8576.841027438415,325.72
8577.540957340276,281.84
8578.34087722812,273.72
8579.04080712998,262.68
8579.740737031845,253.14
8580.440666933706,245.59
8581.14059683557,261.68
8581.94051672341,284.68
8582.640446625277,282.0
8583.34037652714,264.9
8584.040306429,262.55
8584.740236330865,275.75
8585.540156218707,290.5
8586.24008612057,281.51
8586.94001602243,267.75
8587.639945924295,241.12
8588.339875826157,252.92
8589.139795714,261.1
8589.839725615862,267.2
8590.539655517725,260.26
8591.239585419587,281.42
8591.939515321448,268.46
8592.739435209292,273.58
8593.439365111155,275.4
8594.13929501302,276.42
8594.839224914882,273.24
8595.539154816744,291.2
8596.339074704587,262.91
8597.03900460645,262.93
8597.738934508312,267.62
8598.438864410175,282.9
8599.138794312037,277.04
8599.93871419988,294.91
8600.638644101742,283.85
8601.338574003605,283.15
8602.038503905467,270.75
8602.73843380733,272.14
8603.538353695174,273.68
8604.238283597037,274.81
8604.9382134989,269.6
8605.638143400762,279.28
8606.338073302624,265.79
8607.137993190467,278.09
8607.837923092331,300.0
8608.537852994192,293.0
8609.237782896054,260.55
8609.937712797917,306.08
8610.63764269978,309.9
8611.437562587622,309.68
8612.137492489484,322.8
8612.837422391349,295.32
8613.53735229321,310.97
8614.237282195072,307.01
8615.037202082916,302.22
8615.73713198478,300.0
8616.437061886641,285.53
8617.136991788504,279.42
8617.836921690368,286.9
8618.636841578209,282.39
8619.336771480073,279.12
8620.036701381934,271.59
8620.736631283798,278.85
8621.43656118566,269.42
8622.236481073503,279.12
8622.936410975364,302.52
8623.636340877227,262.12
8624.336270779091,259.23
8625.036200680952,278.0
8625.836120568798,291.86
8626.536050470659,255.7
8627.235980372523,286.88
8627.935910274384,283.23
8628.635840176248,292.37
8629.435760064089,280.6
8630.135689965953,282.77
8630.835619867816,277.56
8631.535549769676,264.79
8632.23547967154,236.49
8632.935409573402,228.94
8633.735329461246,226.13
8634.435259363107,232.33
8635.13518926497,216.92
8635.835119166833,181.74
8636.535049068694,184.67
8637.33496895654,196.4
8638.034898858403,173.64
8638.734828760265,175.01
8639.434758662126,185.82
8640.13468856399,191.25
8640.934608451831,187.47
8641.634538353695,198.14
8642.334468255558,198.17
8643.03439815742,172.07
8643.734328059283,202.03
8644.534247947126,199.27
8645.234177848988,181.12
8645.93410775085,170.67
8646.634037652713,176.93
8647.333967554576,172.92
8648.13388744242,199.78
8648.833817344283,197.01
8649.533747246145,222.3
8650.233677148008,235.68
8650.93360704987,244.12
8651.633536951733,227.22
8652.433456839575,242.01
8653.133386741438,251.07
8653.8333166433,251.83
8654.533246545163,232.3
8655.233176447025,248.75
8656.033096334868,254.4
8656.73302623673,286.32
8657.432956138593,258.46
8658.132886040456,254.28
8658.832815942322,244.75
8659.632735830162,262.53
8660.332665732027,292.06
8661.032595633887,281.62
8661.73252553575,298.99
8662.432455437613,280.34
8663.132385339475,243.37
8663.932305227318,256.85
8664.63223512918,258.21
8665.332165031044,223.67
8666.032094932905,230.0
8666.732024834768,249.65
8667.53194472261,272.38
8668.231874624475,279.25
8668.931804526337,266.04
8669.6317344282,259.27
8670.331664330064,250.74
8671.131584217906,274.73
8671.831514119769,248.98
8672.53144402163,264.28
8673.231373923494,296.68
8673.931303825355,309.45
8674.631233727217,298.15
8675.43115361506,270.08
8676.131083516924,267.7
8676.831013418787,264.53
8677.530943320648,287.9
8678.230873222512,293.13
8679.030793110353,264.28
8679.730723012219,280.36
8680.43065291408,277.86
8681.130582815944,283.92
8681.830512717806,305.02
8682.630432605649,303.96
8683.330362507511,286.02
8684.030292409374,282.48
8684.730222311237,279.98
8685.430152213097,299.96
8686.130082114962,272.78
8686.930002002802,284.73
8687.629931904667,285.02
8688.32986180653,297.42
8689.029791708392,314.99
8689.729721610254,296.7
8690.529641498098,287.77
8691.229571399961,269.16
8691.929501301822,291.99
8692.629431203686,277.91
8693.329361105549,306.19
8694.029291007411,247.96
8694.829210895254,276.0
8695.529140797116,284.73
8696.229070698979,285.68
8696.92900060084,299.83
8697.628930502704,319.64
8698.428850390546,311.22
8699.128780292409,294.3
8699.828710194271,279.04
8700.528640096134,289.76
8701.228569997997,289.36
8701.92849989986,275.31
8702.728419787703,268.8
8703.428349689566,296.26
8704.128279591429,274.29
8704.828209493291,291.42
8705.528139395154,306.21
8706.328059282998,269.71
8707.027989184859,282.54
8707.727919086721,295.93
8708.427848988584,288.14
8709.127778890446,302.96
8709.827708792309,289.77
8710.627628680151,277.88
8711.327558582016,309.5
8712.027488483876,286.64
8712.727418385739,291.46
8713.427348287603,288.8
8714.227268175448,286.99
8714.927198077308,275.44
8715.62712797917,281.59
8716.327057881035,289.86
8717.026987782896,293.76
8717.726917684759,303.0
8718.526837572601,282.64
8719.226767474465,274.48
8719.926697376326,292.33
8720.626627278189,282.98
8721.326557180053,295.56
8722.126477067894,300.29
8722.826406969758,291.68
8723.526336871619,296.32
8724.226266773485,293.97
8724.926196675346,248.11
8725.626126577208,266.34
8726.42604646505,288.58
8727.125976366915,278.36
8727.825906268778,287.4
8728.525836170638,303.38
8729.225766072503,305.71
8729.925695974363,305.69
8730.725615862208,311.79
8731.425545764068,305.04
8732.125475665933,283.96
8732.825405567795,306.87
8733.525335469656,262.21
8734.325255357502,282.39
8735.025185259363,268.54
8735.725115161227,288.11
8736.425045063088,278.76
8737.124974964952,275.21
8737.824904866815,273.79
8738.624824754657,276.29
8739.32475465652,286.55
8740.024684558382,282.49
8740.724614460245,257.0
8741.424544362106,262.87
8742.12447426397,283.2
8742.92439415181,305.33
8743.624324053675,303.27
8744.324253955538,306.11
8745.0241838574,302.78
8745.724113759263,279.1
8746.524033647107,292.67
8747.22396354897,280.39
8747.92389345083,278.83
8748.623823352695,276.09
8749.323753254557,283.89
8750.02368315642,289.13
8750.823603044262,283.47
8751.523532946125,263.69
8752.223462847987,272.93
8752.92339274985,304.2
8753.623322651712,275.38
8754.323252553575,256.35
8755.123172441417,268.09
8755.82310234328,288.29
8756.523032245143,284.7
8757.222962147005,311.67
8757.92289204887,308.63
8758.622821950732,298.4
8759.422741838574,305.73
8760.122671740437,315.0
8760.8226016423,307.97
8761.522531544162,301.25
8762.222461446025,299.77
8762.922391347887,264.31
8763.72231123573,291.01
8764.422241137592,300.9
8765.122171039455,277.76
8765.82210094132,292.56
8766.52203084318,326.76
8767.321950731024,331.96
8768.021880632885,270.64
8768.72181053475,272.34
8769.421740436612,270.67
8770.121670338474,269.23
8770.821600240339,290.62
8771.62152012818,264.06
8772.321450030044,244.65
8773.021379931904,231.97
8773.721309833767,255.96
8774.42123973563,245.86
8775.121169637492,268.87
8775.921089525335,309.66
8776.621019427197,290.52
8777.320949329061,275.7
8778.020879230922,291.7
8778.720809132787,277.1
8779.420739034647,302.44
8780.220658922493,274.91
8780.920588824354,260.33
8781.620518726217,258.96
8782.320448628081,263.78
8783.020378529942,265.9
8783.720308431806,275.45
8784.520228319647,255.98
8785.220158221511,264.54
8785.920088123372,287.13
8786.620018025234,298.11
8787.319947927099,279.29
8788.01987782896,294.55
8788.819797716804,275.92
8789.519727618665,275.56
8790.219657520529,301.88
8790.91958742239,287.79
8791.619517324256,266.37
8792.319447226118,292.78
8793.11936711396,304.07
8793.819297015823,294.98
8794.519226917684,309.25
8795.219156819549,293.01
8795.91908672141,290.89
8796.619016623274,288.81
8797.418936511114,281.11
8798.118866412979,263.87
8798.818796314841,252.88
8799.518726216702,275.58
8800.218656118566,285.62
8800.918586020427,265.57
8801.718505908271,255.33
8802.418435810134,286.5
8803.118365711998,307.48
8803.81829561386,275.87
8804.518225515723,289.74
8805.218155417586,298.56
8806.018075305428,326.8
8806.71800520729,304.95
8807.417935109152,288.5
8808.117865011016,286.09
8808.817794912879,297.49
8809.517724814741,292.65
8810.317644702583,310.91
8811.017574604446,282.15
8811.717504506309,289.09
8812.41743440817,303.48
8813.117364310034,279.3
8813.817294211896,286.54
8814.61721409974,288.59
8815.317144001603,303.57
8816.017073903466,295.32
8816.717003805328,268.24
8817.41693370719,281.31
8818.116863609053,266.32
8818.916783496896,265.25
8819.616713398758,272.34
8820.31664330062,273.89
8821.016573202483,280.8
8821.716503104346,279.18
8822.416433006209,307.63
8823.116362908071,266.62
8823.916282795914,273.87
8824.616212697776,327.01
8825.316142599639,300.31
8826.016072501503,288.34
8826.716002403366,306.38
8827.415932305228,294.1
8828.21585219307,300.77
8828.915782094933,288.94
8829.615711996796,320.39
8830.315641898658,303.84
8831.01557180052,288.57
8831.715501702383,315.9
8832.515421590226,375.69
8833.215351492088,402.84
8833.91528139395,419.83
8834.615211295813,426.3
8835.315141197678,444.25
8836.015071099539,385.75
8836.814990987385,338.45
8837.514920889245,303.81
8838.214850791108,285.19
8838.91478069297,282.46
8839.614710594833,282.79
8840.314640496697,290.44
8841.014570398558,282.1
8841.814490286402,264.36
8842.514420188263,295.72
8843.214350090126,289.37
8843.914279991988,272.71
8844.61420989385,265.62
8845.314139795715,300.24
8846.114059683556,321.79
8846.81398958542,302.87
8847.51391948728,300.02
8848.213849389145,294.37
8848.913779291006,303.82
8849.61370919287,306.64
8850.313639094735,285.53
8851.113558982575,307.15
8851.81348888444,288.54
8852.5134187863,320.01
8853.213348688165,292.16
8853.913278590026,303.47
8854.613208491888,304.18
8855.41312837973,328.37
8856.113058281593,309.8
8856.812988183457,280.48
8857.512918085318,286.7
8858.212847987183,307.02
8858.912777889043,300.41
8859.612707790906,298.8
8860.41262767875,292.22
8861.112557580615,297.68
8861.812487482477,281.2
8862.512417384338,250.65
8863.212347286202,286.08
8863.912277188063,300.68
8864.712197075907,272.01
8865.412126977768,317.54
8866.112056879632,275.87
8866.811986781495,307.98
8867.511916683356,308.66
8868.21184658522,303.55
8868.91177648708,313.21
8869.711696374925,325.74
8870.411626276786,303.71
8871.11155617865,309.03
8871.811486080513,307.58
8872.511415982373,304.58
8873.21134588424,310.58
8874.011265772082,292.59
8874.711195673945,281.96
8875.411125575805,304.77
8876.11105547767,316.23
8876.810985379532,298.03
8877.510915281393,293.43
8878.210845183257,290.04
8879.0107650711,273.43
8879.710694972962,282.78
8880.410624874823,268.12
8881.110554776687,284.07
8881.81048467855,318.9
8882.510414580413,343.35
8883.310334468257,295.62
8884.01026437012,339.5
8884.710194271982,323.24
8885.410124173843,317.68
8886.110054075707,294.65
8886.80998397757,287.77
8887.509913879432,295.2
8888.309833767275,303.84
8889.009763669137,305.0
8889.709693571,307.29
8890.40962347286,284.61
8891.109553374725,290.4
8891.809483276587,297.92
8892.50941317845,297.81
8893.309333066292,279.47
8894.009262968155,275.16
8894.709192870017,297.11
8895.40912277188,283.01
8896.109052673744,290.03
8896.808982575607,294.46
8897.50891247747,287.32
8898.308832365312,282.53
8899.008762267174,298.35
8899.708692169037,294.38
8900.4086220709,332.49
8901.108551972762,283.82
8901.808481874625,277.8
8902.508411776487,311.81
8903.30833166433,299.07
8904.008261566192,313.11
8904.708191468055,302.09
8905.408121369917,315.84
8906.10805127178,308.59
8906.807981173642,269.66
8907.507911075505,280.71
8908.307830963351,288.11
8909.007760865212,265.53
8909.707690767074,276.92
8910.407620668937,311.62
8911.1075505708,303.42
8911.807480472662,314.96
8912.607400360504,308.76
8913.307330262369,283.82
8914.00726016423,255.06
8914.707190066092,268.84
8915.407119967955,304.57
8916.107049869817,340.95
8916.806979771682,335.37
8917.506909673542,313.26
8918.306829561387,294.5
8919.006759463247,314.6
8919.706689365112,320.16
8920.406619266974,292.43
8921.106549168837,283.3
8921.806479070701,285.27
8922.506408972562,271.85
8923.306328860406,296.16
8924.006258762267,278.72
8924.70618866413,284.0
8925.406118565992,321.74
8926.106048467855,284.16
8926.805978369719,292.13
8927.50590827158,309.47
8928.305828159424,317.62
8929.005758061285,294.92
8929.70568796315,299.5
8930.40561786501,304.39
8931.105547766872,316.32
8931.805477668737,318.16
8932.505407570598,320.76
8933.305327458444,316.83
8934.005257360304,319.29
8934.705187262169,325.22
8935.40511716403,303.36
8936.105047065892,292.41
8936.804976967756,290.37
8937.504906869617,282.2
8938.304826757461,273.66
8939.004756659322,277.83
8939.704686561186,320.98
8940.404616463047,309.36
8941.10454636491,310.49
8941.804476266774,314.61
8942.504406168635,298.34
8943.304326056481,284.58
8944.004255958342,298.54
8944.704185860206,290.53
8945.404115762067,305.55
8946.10404566393,311.99
8946.803975565794,316.83
8947.503905467654,298.79
8948.203835369519,303.59
8949.00375525736,301.99
8949.703685159224,290.19
8950.403615061085,289.1
8951.103544962949,281.31
8951.803474864812,278.82
8952.503404766672,276.2
8953.203334668537,263.95
8954.003254556377,307.95
8954.703184458242,330.51
8955.403114360102,302.84
8956.103044261967,298.52
8956.802974163831,320.93
8957.502904065692,298.09
8958.202833967556,301.43
8958.902763869417,267.36
8959.702683757261,277.8
8960.402613659122,294.43
8961.102543560986,289.78
8961.802473462849,319.16
8962.50240336471,315.25
8963.202333266574,320.41
8963.902263168435,320.12
8964.702183056279,295.32
8965.40211295814,279.66
8966.102042860004,287.04
8966.801972761867,258.6
8967.501902663727,250.49
8968.201832565592,275.47
8968.901762467452,300.05
8969.601692369319,288.07
8970.40161225716,319.4
8971.101542159024,306.72
8971.801472060886,312.63
8972.501401962749,302.9
8973.201331864611,284.2
8973.901261766472,280.41
8974.601191668336,293.16
8975.301121570199,279.9
8976.101041458041,277.51
8976.800971359904,276.16
8977.500901261767,274.81
8978.20083116363,289.11
8978.90076106549,315.01
8979.600690967354,337.69
8980.300620869217,304.12
8981.100540757061,298.45
8981.800470658924,282.44
8982.500400560786,262.1
8983.200330462649,225.71
8983.90026036451,232.47
8984.600190266374,249.21
8985.300120168236,275.03
8986.000050070099,274.57
8986.799969957941,261.66
8987.499899859804,265.75
8988.199829761666,233.57
8988.899759663527,261.59
8989.599689565392,319.21
8990.299619467254,325.95
8990.999549369117,294.14
8991.69947927098,292.36
8992.499399158822,268.25
8993.199329060686,305.35
8993.899258962549,275.5
8994.599188864411,234.78
8995.299118766274,243.89
8995.999048668136,260.04
8996.698978569999,234.65
8997.39890847186,215.08
8998.198828359704,269.68
8998.898758261566,288.54
8999.598688163429,296.51
9000.298618065292,297.91
9000.998547967154,302.38
9001.698477869017,309.56
9002.39840777088,284.58
9003.098337672742,284.9
9003.898257560584,285.42
9004.598187462447,273.26
9005.29811736431,294.89
9005.998047266174,305.03
9006.697977168036,284.84
9007.397907069899,271.04
9008.097836971761,293.09
9008.797766873624,299.18
9009.597686761466,315.3
9010.297616663329,321.84
9010.997546565191,303.05
9011.697476467054,298.13
9012.397406368917,290.4
9013.09733627078,266.31
9013.797266172642,264.65
9014.497196074504,289.01
9015.297115962347,325.83
9015.99704586421,327.11
9016.696975766072,333.81
9017.396905667934,321.76
9018.096835569797,285.02
9018.79676547166,292.87
9019.496695373524,304.49
9020.196625275386,307.32
9020.896555177249,304.74
9021.696475065091,301.22
9022.396404966954,300.67
9023.096334868816,313.72
9023.796264770679,329.33
9024.496194672542,356.92
9025.196124574404,333.98
9025.896054476267,328.16
9026.59598437813,288.9
9027.395904265972,287.96
9028.095834167834,319.36
9028.795764069699,313.19
9029.49569397156,321.69
9030.195623873422,297.6
9030.895553775284,297.78
9031.595483677147,280.42
9032.295413579011,292.66
9032.995343480874,305.26
9033.795263368718,311.85
9034.495193270579,299.48
9035.195123172442,293.27
9035.895053074304,292.22
9036.594982976167,280.17
9037.294912878031,290.41
9037.994842779892,299.8
9038.694772681754,295.95
9039.494692569597,278.79
9040.19462247146,275.78
9040.894552373322,288.44
9041.594482275184,297.24
9042.294412177049,281.52
9042.99434207891,267.34
9043.694271980772,261.61
9044.394201882635,259.79
9045.094131784499,268.63
9045.894051672341,276.85
9046.593981574204,307.1
9047.293911476068,306.41
9047.99384137793,253.46
9048.693771279792,276.98
9049.393701181654,308.33
9050.093631083517,317.25
9050.793560985381,325.38
9051.493490887242,309.34
9052.293410775086,299.4
9052.993340676947,289.85
9053.69327057881,301.1
9054.393200480672,297.2
9055.093130382535,293.53
9055.793060284399,299.41
9056.49299018626,300.82
9057.192920088122,293.34
9057.892849989985,275.81
9058.69276987783,273.49
9059.392699779692,280.85
9060.092629681554,287.48
9060.792559583419,277.66
9061.49248948528,302.33
9062.192419387142,287.81
9062.892349289004,271.09
9063.592279190867,245.44
9064.292209092731,273.82
9065.092128980572,260.83
9065.792058882436,273.31
9066.491988784297,271.37
9067.191918686161,266.62
9067.891848588022,266.07
9068.591778489885,256.46
9069.29170839175,258.66
9069.99163829361,279.52
9070.691568195472,290.87
9071.391498097337,304.54
9072.191417985181,301.65
9072.891347887042,302.68
9073.591277788904,306.63
9074.291207690769,294.45
9074.99113759263,285.27
9075.691067494494,264.96
9076.390997396355,251.07
9077.090927298217,275.22
9077.790857200082,281.74
9078.590777087922,294.1
9079.290706989786,298.46
9079.990636891647,342.95
9080.690566793512,312.96
9081.390496695372,272.69
9082.090426597235,251.5
9082.7903564991,262.95
9083.49028640096,266.21
9084.190216302826,256.32
9084.890146204687,270.05
9085.690066092531,270.46
9086.389995994392,279.99
9087.089925896254,287.28
9087.789855798119,264.83
9088.48978569998,268.68
9089.189715601844,271.23
9089.889645503705,266.75
9090.589575405567,266.91
9091.289505307432,247.96
9092.089425195272,277.57
9092.789355097137,248.35
9093.489284998997,236.57
9094.189214900862,221.2
9094.889144802723,231.27
9095.589074704585,239.83
9096.28900460645,218.15
9096.98893450831,225.99
9097.688864410176,244.6
9098.388794312037,276.53
9099.188714199881,286.4
9099.888644101742,282.48
9100.588574003605,285.17
9101.288503905469,261.79
9101.98843380733,249.49
9102.688363709194,247.34
9103.388293611055,263.83
9104.088223512917,273.17
9104.788153414782,291.47
9105.488083316643,309.17
9106.288003204487,295.72
9106.987933106348,297.49
9107.687863008212,307.42
9108.387792910073,308.96
9109.087722811935,302.83
9109.7876527138,305.19
9110.487582615662,280.0
9111.187512517527,283.49
9111.887442419387,266.89
9112.58737232125,272.17
9113.287302223114,263.51
9114.087222110955,232.96
9114.78715201282,208.79
9115.48708191468,239.61
9116.187011816544,243.35
9116.886941718405,260.15
9117.586871620268,256.32
9118.286801522132,255.51
9118.986731423993,257.79
9119.686661325857,234.74
9120.386591227718,243.93
9121.186511115562,237.5
9121.886441017423,264.96
9122.586370919285,222.58
9123.28630082115,222.35
9123.986230723012,231.67
9124.686160624877,227.23
9125.386090526737,204.66
9126.0860204286,211.48
9126.785950330464,216.29
9127.485880232325,218.42
9128.18581013419,230.96
9128.98573002203,250.41
9129.685659923894,268.95
9130.385589825755,249.51
9131.085519727618,252.11
9131.785449629482,235.59
9132.485379531343,202.43
9133.185309433207,225.19
9133.885239335068,250.75
9134.58516923693,272.0
9135.285099138795,295.26
9135.985029040656,265.3
9136.784948928502,259.15
9137.484878830363,260.46
9138.184808732227,234.23
9138.884738634088,234.92
9139.58466853595,247.82
9140.284598437815,239.41
9140.984528339675,231.42
9141.68445824154,229.43
9142.3843881434,226.37
9143.084318045263,227.74
9143.784247947127,220.21
9144.58416783497,228.65
9145.284097736832,212.44
9145.984027638693,208.85
9146.683957540557,204.04
9147.383887442418,190.61
9148.08381734428,178.5
9148.783747246145,194.5
9149.483677148006,192.38
9150.18360704987,200.83
9150.883536951731,200.76
9151.583466853594,186.9
9152.28339675546,205.1
9153.083316643302,205.4
9153.783246545165,233.11
9154.483176447025,219.32
9155.18310634889,231.13
9155.88303625075,235.94
9156.582966152613,201.54
9157.282896054478,219.37
9157.982825956338,223.11
9158.682755858203,255.73
9159.382685760063,262.24
9160.082615661926,243.78
9160.882535549768,248.72
9161.582465451633,247.33
9162.282395353495,225.09
9162.982325255356,210.51
9163.68225515722,212.11
9164.382185059081,215.44
9165.082114960944,209.84
9165.78204486281,206.84
9166.48197476467,204.24
9167.181904666535,215.71
9167.881834568396,217.67
9168.581764470258,221.8
9169.3816843581,193.26
9170.081614259963,192.59
9170.781544161828,176.44
9171.481474063688,174.42
9172.181403965553,206.21
9172.881333867414,211.13
9173.581263769276,217.13
9174.28119367114,226.64
9174.981123573001,216.72
9175.681053474866,213.75
9176.380983376726,208.52
9177.080913278589,185.5
9177.780843180453,192.19
9178.580763068296,218.13
9179.28069297016,199.3
9179.98062287202,193.18
9180.680552773885,193.73
9181.380482675746,185.36
9182.080412577609,203.6
9182.780342479473,216.91
9183.480272381334,202.59
9184.180202283198,227.58
9184.880132185059,203.77
9185.580062086921,211.08
9186.279991988786,216.36
9186.979921890646,217.67
9187.77984177849,204.39
9188.479771680351,214.54
9189.179701582216,199.42
9189.879631484077,206.34
9190.579561385939,193.57
9191.279491287803,186.5
9191.979421189664,189.16
9192.679351091529,187.46
9193.37928099339,187.29
9194.079210895254,225.38
9194.779140797118,223.47
9195.479070698979,246.12
9196.179000600843,222.9
9196.978920488684,228.34
9197.678850390548,234.32
9198.378780292409,228.86
9199.078710194271,206.31
9199.778640096136,245.69
9200.478569997997,223.34
9201.178499899861,221.21
9201.878429801722,211.38
9202.578359703584,216.21
9203.278289605449,245.76
9203.97821950731,210.61
9204.678149409174,203.46
9205.378079311035,211.02
9206.078009212897,217.32
9206.87792910074,231.18
9207.577859002604,194.78
9208.277788904468,207.73
9208.977718806329,201.32
9209.677648708193,210.5
9210.377578610054,205.04
9211.077508511917,214.75
9211.777438413781,193.29
9212.477368315642,221.19
9213.177298217504,222.39
9213.877228119367,189.56
9214.57715802123,217.58
9215.277087923094,232.29
9215.977017824955,219.19
9216.776937712799,217.71
9217.47686761466,248.0
9218.176797516524,199.37
9218.876727418385,192.29
9219.576657320247,204.06
9220.276587222112,212.94
9220.976517123972,218.02
9221.676447025835,220.18
9222.376376927697,213.51
9223.076306829562,222.86
9223.776236731426,198.14
9224.476166633287,212.5
9225.17609653515,207.51
9225.876026437012,237.8
9226.575956338875,230.82
9227.375876226717,237.39
9228.07580612858,235.23
9228.775736030444,237.57
9229.475665932305,224.2
9230.175595834167,216.92
9230.87552573603,235.61
9231.575455637892,223.76
9232.275385539757,224.29
9232.975315441618,213.85
9233.67524534348,211.63
9234.375175245343,229.83
9235.075105147205,221.53
9235.77503504907,224.77
9236.47496495093,213.95
9237.174894852793,225.6
9237.874824754655,256.65
9238.6747446425,231.8
9239.374674544362,223.76
9240.074604446225,223.58
9240.77453434809,237.28
9241.47446424995,242.48
9242.174394151813,233.39
9242.874324053675,247.36
9243.574253955538,227.35
9244.274183857402,226.29
9244.974113759263,231.63
9245.674043661125,218.57
9246.373973562988,223.28
9247.07390346485,238.67
9247.773833366715,243.91
9248.473763268576,233.69
9249.173693170438,233.52
9249.97361305828,236.96
9250.673542960143,226.24
9251.373472862006,239.91
9252.07340276387,228.17
9252.773332665734,203.87
9253.473262567595,228.65
9254.173192469458,225.82
9254.87312237132,227.89
9255.573052273183,217.0
9256.272982175047,202.14
9256.972912076908,234.1
9257.67284197877,242.46
9258.372771880633,226.27
9259.072701782496,253.39
9259.772631684358,217.28
9260.47256158622,221.59
9261.172491488083,223.11
9261.872421389946,237.07
9262.672341277788,219.69
9263.37227117965,223.45
9264.072201081513,215.39
9264.772130983376,218.15
9265.472060885239,223.31
9266.171990787101,250.56
9266.871920688964,244.93
9267.571850590828,225.26
9268.27178049269,234.79
9268.971710394553,226.29
9269.671640296416,222.53
9270.371570198278,207.03
9271.07150010014,219.58
9271.771430002003,219.46
9272.471359903866,229.58
9273.171289805729,230.65
9273.871219707591,210.35
9274.571149609454,189.33
9275.271079511316,202.4
9276.070999399159,218.34
9276.770929301021,242.39
9277.470859202884,230.82
9278.170789104746,227.7
9278.870719006609,259.1
9279.570648908471,226.7
9280.270578810334,225.27
9280.970508712197,217.11
9281.67043861406,230.21
9282.370368515922,239.81
9283.070298417786,263.47
9283.770228319649,249.0
9284.470158221511,241.47
9285.170088123374,227.96
9285.870018025234,241.11
9286.569947927099,238.88
9287.269877828961,236.91
9287.969807730824,232.68
9288.669737632687,218.16
9289.369667534547,209.71
9290.169587422391,227.88
9290.869517324254,219.43
9291.569447226117,236.52
9292.26937712798,254.88
9292.969307029842,257.48
9293.669236931704,243.18
9294.369166833565,223.34
9295.06909673543,211.01
9295.769026637292,212.51
9296.468956539155,204.52
9297.168886441017,234.51
9297.868816342878,223.89
9298.568746244744,245.92
9299.268676146607,211.02
9299.96860604847,216.15
9300.668535950332,205.07
9301.368465852192,236.73
9302.068395754057,224.27
9302.76832565592,269.69
9303.46825555778,227.63
9304.168185459645,224.73
9304.868115361505,199.64
9305.66803524935,203.04
9306.36796515121,205.83
9307.067895053075,252.09
9307.767824954937,260.54
9308.4677548568,272.99
9309.167684758662,263.27
9309.867614660523,253.91
9310.567544562387,259.62
9311.26747446425,215.09
9311.96740436611,177.65
9312.667334267975,150.96
9313.367264169836,168.46
9314.0671940717,203.05
9314.767123973565,269.58
9315.467053875425,323.18
9316.16698377729,368.08
9316.86691367915,310.61
9317.566843581015,269.47
9318.266773482877,229.5
9318.966703384738,209.45
9319.666633286603,175.33
9320.366563188463,153.66
9321.066493090328,129.75
9321.76642299219,171.03
9322.466352894051,218.28
9323.166282795915,250.78
9323.966202683756,284.79
9324.66613258562,273.21
9325.366062487481,272.78
9326.065992389345,274.3
9326.765922291208,253.48
9327.465852193069,254.41
9328.165782094933,225.62
9328.865711996794,193.53
9329.565641898658,166.31
9330.265571800523,159.13
9330.965501702383,151.09
9331.665431604248,190.48
9332.365361506108,195.12
9333.065291407971,216.77
9333.765221309835,235.75
9334.465151211696,222.8
9335.16508111356,208.75
9335.865011015421,205.86
9336.564940917284,208.84
9337.264870819148,226.51
9337.964800721009,226.16
9338.664730622873,130.92
9339.364660524734,100.43
9340.064590426597,94.615
9340.764520328461,126.37
9341.464450230322,182.39
9342.164380132184,217.66
9342.864310034047,361.36
9343.56423993591,372.42
9344.264169837774,322.95
9345.064089725614,324.01
9345.76401962748,265.95
9346.463949529341,278.32
9347.163879431206,226.88
9347.863809333066,212.5
9348.563739234929,188.39
9349.263669136793,163.34
9349.963599038654,132.06
9350.663528940517,137.27
9351.36345884238,191.3
9352.063388744242,205.82
9352.763318646106,247.43
9353.463248547967,229.78
9354.16317844983,174.25
9354.863108351692,175.9
9355.563038253555,179.48
9356.262968155419,240.94
9356.96289805728,337.36
9357.662827959142,355.01
9358.362757861005,326.73
9359.062687762867,264.22
9359.762617664732,237.37
9360.462547566593,189.03
9361.162477468455,166.24
9361.862407370318,161.87
9362.56233727218,156.52
9363.262267174043,205.84
9363.962197075907,228.9
9364.66212697777,216.05
9365.362056879632,180.91
9366.061986781495,158.91
9366.761916683357,132.34
9367.46184658522,161.71
9368.161776487083,158.74
9368.861706388945,206.22
9369.561636290808,263.65
9370.26156619267,287.68
9370.961496094533,232.67
9371.761415982375,289.17
9372.461345884238,256.62
9373.1612757861,177.11
9373.861205687963,168.82
9374.561135589825,186.02
9375.261065491688,177.85
9375.96099539355,223.54
9376.660925295413,177.37
9377.360855197276,151.0
9378.060785099138,183.26
9378.760715001,192.36
9379.460644902865,238.72
9380.160574804728,274.45
9380.860504706588,286.6
9381.560434608453,257.41
9382.260364510315,195.06
9382.960294412178,147.85
9383.66022431404,142.38
9384.360154215901,207.37
9385.060084117766,232.9
9385.760014019628,267.37
9386.45994392149,273.12
9387.159873823353,227.53
9387.859803725214,227.39
9388.559733627078,192.92
9389.259663528941,181.88
9389.959593430804,191.37
9390.659523332666,193.72
9391.359453234527,189.99
9392.059383136391,192.94
9392.759313038254,180.42
9393.459242940115,171.43
9394.159172841979,193.11
9394.85910274384,183.4
9395.559032645704,182.77
9396.258962547567,189.77
9396.958892449427,156.4
9397.658822351292,185.28
9398.358752253154,212.41
9399.058682155019,236.96
9399.758612056881,259.29
9400.458541958742,237.11
9401.158471860606,237.58
9401.858401762467,222.67
9402.558331664331,192.34
9403.258261566194,198.28
9403.958191468055,215.35
9404.65812136992,203.16
9405.35805127178,186.48
9406.057981173642,148.39
9406.757911075507,174.32
9407.457840977368,199.13
9408.157770879232,218.66
9408.857700781093,230.6
9409.557630682955,225.98
9410.25756058482,214.0
9410.95749048668,212.28
9411.657420388545,210.16
9412.357350290406,195.13
9413.057280192268,173.32
9413.757210094132,171.49
9414.457139995993,162.0
9415.157069897856,204.04
9415.856999799718,193.18
9416.556929701583,251.53
9417.256859603447,239.49
9417.956789505308,228.93
9418.65671940717,162.44
9419.356649309033,185.96
9420.056579210896,206.62
9420.75650911276,187.74
9421.45643901462,211.03
9422.156368916483,149.84
9422.856298818346,138.58
9423.556228720208,112.4
9424.256158622073,118.82
9424.956088523933,169.96
9425.656018425796,191.22
9426.355948327659,247.46
9427.055878229521,278.08
9427.755808131384,223.57
9428.455738033246,236.23
9429.155667935109,239.28
9429.855597836971,222.19
9430.555527738834,235.21
9431.255457640696,211.55
9431.955387542559,202.29
9432.655317444422,177.55
9433.355247346284,156.28
9434.055177248147,134.62
9434.755107150011,160.64
9435.455037051874,162.89
9436.154966953736,155.34
9436.854896855597,192.35
9437.554826757461,198.02
9438.254756659324,231.87
9438.954686561186,260.55
9439.654616463049,304.44
9440.35454636491,272.23
9441.054476266774,255.03
9441.754406168637,240.96
9442.4543360705,245.81
9443.154265972362,241.06
9443.854195874223,222.54
9444.554125776087,249.04
9445.25405567795,218.25
9445.953985579812,214.6
9446.653915481675,186.2
9447.353845383535,193.15
9448.0537752854,217.47
9448.753705187262,219.72
9449.453635089123,225.42
9450.153564990987,170.51
9450.853494892848,144.72
9451.553424794713,135.93
9452.253354696575,143.65
9452.953284598438,189.45
9453.653214500302,246.31
9454.353144402163,285.44
9455.053074304027,204.25
9455.75300420589,190.31
9456.45293410775,173.92
9457.152864009615,149.41
9457.852793911476,160.48
9458.55272381334,201.6
9459.252653715203,260.34
9459.952583617063,255.84
9460.652513518928,256.84
9461.352443420788,222.37
9462.052373322651,233.3
9462.752303224515,231.35
9463.452233126376,232.0
9464.15216302824,228.29
9464.852092930101,217.87
9465.552022831964,174.72
9466.251952733828,180.48
9466.951882635689,195.14
9467.651812537553,219.8
9468.351742439414,221.42
9469.051672341277,240.63
9469.751602243141,231.15
9470.451532145002,177.0
9471.151462046866,173.05
9471.851391948729,171.41
9472.551321850591,213.17
9473.251251752456,260.31
9473.951181654316,236.57
9474.651111556179,253.52
9475.351041458041,251.17
9476.050971359904,173.55
9476.750901261768,165.5
9477.45083116363,139.74
9478.150761065492,136.75
9478.850690967354,206.29
9479.550620869217,290.58
9480.250550771081,336.29
9480.950480672942,354.72
9481.650410574804,287.4
9482.350340476667,272.67
9483.05027037853,218.52
9483.750200280392,237.81
9484.450130182255,222.78
9485.150060084117,226.9
9485.84998998598,205.9
9486.549919887842,232.58
9487.249849789705,235.24
9487.949779691568,198.95
9488.64970959343,189.4
9489.349639495294,205.63
9490.049569397157,150.4
9490.74949929902,152.65
9491.449429200882,202.72
9492.149359102745,218.31
9492.849289004607,246.29
9493.54921890647,256.39
9494.249148808332,266.44
9494.949078710195,240.38
9495.649008612058,263.99
9496.348938513918,217.57
9497.048868415783,147.09
9497.748798317645,158.79
9498.448728219508,204.96
9499.04866813539,228.69
9499.748598037253,382.88
9500.448527939114,324.05
9501.148457840978,327.48
9501.848387742839,252.21
9502.548317644703,242.12
9503.248247546566,270.07
9503.948177448427,226.08
9504.648107350291,239.05
9505.348037252152,257.74
9506.047967154016,266.35
9506.747897055879,237.01
9507.44782695774,249.05
9508.147756859604,220.38
9508.847686761465,243.73
9509.547616663327,225.61
9510.247546565193,220.44
9510.947476467054,239.0
9511.647406368918,235.11
9512.34733627078,216.49
9513.047266172642,157.2
9513.747196074506,170.23
9514.447125976367,196.02
9515.147055878231,253.04
9515.846985780092,238.04
9516.546915681954,280.5
9517.246845583819,276.47
9517.94677548568,199.85
9518.646705387542,202.05
9519.346635289405,191.52
9520.046565191267,221.71
9520.746495093132,226.44
9521.446424994992,272.87
9522.146354896855,226.55
9522.846284798718,278.93
9523.54621470058,236.12
9524.246144602444,229.82
9524.946074504305,185.86
9525.546014420188,194.93
9526.24594432205,224.72
9526.945874223913,220.12
9527.645804125776,249.24
9528.345734027638,242.61
9529.0456639295,262.21
9529.745593831363,273.32
9530.445523733226,237.86
9531.14545363509,233.7
9531.845383536953,210.41
9532.545313438815,218.21
9533.245243340678,193.92
9533.94517324254,229.03
9534.645103144403,225.18
9535.345033046264,251.15
9536.044962948128,208.36
9536.74489284999,230.01
9537.444822751853,218.04
9538.144752653716,221.7
9538.844682555577,218.25
9539.544612457441,184.39
9540.244542359304,161.23
9540.944472261166,166.95
9541.644402163029,196.36
9542.34433206489,253.36
9543.044261966754,259.81
9543.744191868616,275.34
9544.444121770477,288.89
9545.044061686362,232.92
9545.743991588224,257.03
9546.443921490085,216.21
9547.14385139195,228.3
9547.84378129381,212.38
9548.543711195673,213.96
9549.243641097537,181.69
9549.943570999398,185.0
9550.643500901262,199.04
9551.343430803123,169.31
9552.043360704987,200.54
9552.743290606852,195.13
9553.443220508712,204.45
9554.143150410577,200.06
9554.843080312437,217.23
9555.5430102143,253.13
9556.242940116164,246.64
9556.942870018025,245.66
9557.64279991989,272.09
9558.34272982175,233.26
9559.042659723613,198.11
9559.742589625477,209.1
9560.442519527338,207.64
9561.1424494292,167.48
9561.842379331063,175.22
9562.442319246946,179.42
9563.142249148808,237.79
9563.84217905067,229.55
9564.542108952533,281.26
9565.242038854396,293.73
9565.941968756259,236.97
9566.641898658121,255.34
9567.341828559984,246.49
9568.041758461846,273.33
9568.741688363709,242.52
9569.441618265571,250.92
9570.141548167434,246.06
9570.841478069296,236.16
9571.541407971159,199.81
9572.241337873022,206.32
9572.941267774886,207.7
9573.641197676749,215.93
9574.34112757861,254.88
9575.041057480474,205.14
9575.740987382336,194.6
9576.440917284199,168.35
9577.040857200082,176.68
9577.740787101944,197.97
9578.440717003805,205.36
9579.14064690567,256.83
9579.84057680753,281.93
9580.540506709394,297.16
9581.240436611257,260.65
9581.940366513118,248.75
9582.640296414982,202.84
9583.340226316843,214.79
9584.040156218707,218.67
9584.74008612057,224.9
9585.44001602243,191.51
9586.139945924295,177.36
9586.839875826156,228.16
9587.53980572802,242.86
9588.239735629882,203.51
9588.939665531743,219.03
9589.539605447626,213.37
9590.23953534949,257.3
9590.939465251351,261.86
9591.639395153214,236.99
9592.339325055076,231.21
9593.039254956939,219.12
9593.739184858803,223.41
9594.439114760664,212.13
9595.139044662526,225.67
9595.838974564389,222.17
9596.538904466253,205.09
9597.238834368118,231.54
9597.938764269978,238.88
9598.638694171841,243.94
9599.338624073704,212.24
9600.038553975566,227.82
9600.73848387743,190.66
9601.438413779291,180.96
9602.038353695174,238.98
9602.738283597037,213.76
9603.4382134989,222.14
9604.138143400762,290.19
9604.838073302624,307.47
9605.538003204487,249.55
9606.23793310635,261.4
9606.937863008212,202.89
9607.637792910074,208.26
9608.337722811935,226.37
9609.0376527138,214.73
9609.737582615662,217.14
9610.437512517525,211.54
9611.137442419387,204.93
9611.837372321248,206.49
9612.537302223112,204.74
9613.137242138995,210.41
9613.837172040856,205.01
9614.53710194272,205.88
9615.237031844583,185.08
9615.936961746444,206.29
9616.636891648308,208.24
9617.336821550169,223.0
9618.036751452033,212.85
9618.736681353896,192.07
9619.436611255756,189.62
9620.136541157623,216.2
9620.836471059483,250.32
9621.536400961346,233.24
9622.23633086321,198.74
9622.936260765071,184.6
9623.536200680954,214.8
9624.236130582818,241.23
9624.936060484679,236.98
9625.635990386541,233.96
9626.335920288404,248.97
9627.035850190267,256.7
9627.73578009213,217.2
9628.435709993992,214.73
9629.135639895854,217.45
9629.835569797717,211.18
9630.53549969958,222.38
9631.235429601444,210.22
9631.935359503304,191.2
9632.635289405167,181.92
9633.23522932105,176.72
9633.935159222912,183.37
9634.635089124775,206.71
9635.335019026637,260.95
9636.0349489285,221.03
9636.734878830363,250.32
9637.434808732225,219.81
9638.134738634088,202.74
9638.834668535948,219.76
9639.534598437813,261.29
9640.234528339675,232.81
9640.934458241538,187.17
9641.6343881434,189.62
9642.334318045261,188.89
9642.934257961144,204.12
9643.634187863008,228.09
9644.334117764869,227.64
9645.034047666733,233.78
9645.733977568596,223.57
9646.433907470459,199.43
9647.133837372323,205.07
9647.833767274184,195.08
9648.533697176048,199.44
9649.23362707791,193.67
9649.933556979771,200.93
9650.633486881636,195.74
9651.333416783496,223.55
9651.93335669938,207.66
9652.633286601244,211.77
9653.333216503104,206.5
9654.033146404967,224.51
9654.733076306831,203.14
9655.433006208692,232.6
9656.132936110555,218.37
9656.832866012417,206.39
9657.53279591428,199.22
9658.232725816144,172.15
9658.932655718005,198.01
9659.632585619867,200.03
9660.23252553575,199.6
9660.932455437613,234.71
9661.632385339475,221.92
9662.332315241338,223.59
9663.0322451432,223.41
9663.732175045063,213.96
9664.432104946925,200.01
9665.132034848788,215.89
9665.83196475065,191.5
9666.531894652513,200.87
9667.231824554376,162.97
9667.931754456238,228.62
9668.531694372121,228.42
9669.231624273983,216.62
9669.931554175846,245.09
9670.631484077709,231.9
9671.33141397957,235.84
9672.031343881436,204.18
9672.731273783298,237.18
9673.431203685159,207.04
9674.131133587023,219.63
9674.831063488884,204.06
9675.530993390748,207.62
9676.130933306631,199.11
9676.830863208492,207.19
9677.530793110354,240.94
9678.230723012219,221.21
9678.93065291408,215.79
9679.630582815944,218.8
9680.330512717805,204.33
9681.030442619667,239.89
9681.730372521532,201.51
9682.430302423392,215.68
9683.130232325257,214.93
9683.73017224114,220.87
9684.430102143,201.69
9685.130032044863,230.93
9685.829961946725,244.35
9686.529891848588,218.22
9687.229821750452,240.27
9687.929751652313,230.84
9688.629681554175,240.13
9689.329611456038,220.25
9690.0295413579,236.11
9690.729471259763,229.21
9691.329411175646,228.06
9692.029341077508,236.89
9692.729270979371,271.59
9693.429200881234,219.27
9694.129130783096,204.13
9694.829060684957,223.84
9695.528990586821,214.93
9696.228920488684,227.91
9696.928850390546,238.82
9697.628780292409,245.52
9698.228720208292,230.28
9698.928650110152,201.68
9699.628580012017,206.31
9700.328509913877,221.18
9701.028439815744,207.75
9701.728369717606,221.89
9702.428299619467,215.31
9703.128229521331,247.38
9703.828159423192,260.9
9704.528089325056,219.06
9705.12802924094,232.05
9705.8279591428,225.83
9706.527889044663,216.52
9707.227818946527,219.72
9707.927748848388,214.87
9708.627678750252,238.18
9709.327608652113,233.53
9710.027538553975,207.16
9710.72746845584,184.71
9711.4273983577,198.14
9712.027338273583,178.91
9712.727268175448,163.68
9713.427198077308,229.38
9714.12712797917,222.13
9714.827057881033,228.11
9715.526987782896,259.79
9716.226917684759,225.27
9716.926847586621,215.08
9717.626777488484,241.0
9718.326707390346,206.72
9718.926647306229,198.93
9719.626577208091,154.75
9720.326507109952,200.58
9721.026437011817,207.08
9721.72636691368,199.94
9722.426296815542,237.75
9723.126226717404,224.48
9723.826156619265,216.77
9724.52608652113,237.41
9725.126026437012,252.63
9725.825956338873,227.02
9726.525886240737,221.94
9727.2258161426,222.75
9727.92574604446,223.68
9728.625675946325,207.92
9729.325605848186,208.62
9730.025535750052,225.7
9730.725465651914,233.01
9731.325405567793,226.4
9732.025335469656,196.18
9732.725265371522,224.55
9733.425195273383,203.21
9734.125125175247,210.54
9734.825055077108,222.21
9735.52498497897,243.41
9736.224914880835,250.8
9736.924844782696,227.85
9737.524784698579,231.82
9738.224714600443,207.31
9738.924644502304,219.06
9739.624574404166,201.87
9740.324504306029,211.24
9741.024434207891,209.94
9741.724364109754,239.89
9742.424294011616,222.67
9743.0242339275,229.43
9743.724163829362,239.74
9744.424093731224,205.0
9745.124023633087,198.63
9745.823953534948,194.67
9746.523883436812,232.94
9747.223813338675,224.06
9747.923743240537,240.82
9748.6236731424,223.92
9749.223613058282,247.87
9749.923542960143,224.48
9750.623472862007,228.07
9751.323402763868,221.56
9752.023332665733,221.38
9752.723262567595,227.87
9753.423192469456,230.15
9754.12312237132,228.09
9754.723062287203,206.38
9755.422992189064,243.83
9756.122922090928,234.66
9756.822851992789,230.17
9757.522781894651,232.37
9758.222711796516,204.6
9758.922641698377,191.99
9759.622571600241,190.87
9760.222511516124,197.23
9760.922441417984,191.56
9761.622371319847,213.71
9762.32230122171,231.66
9763.022231123572,209.22
9763.722161025436,212.27
9764.422090927299,218.41
9765.122020829162,210.05
9765.721960745042,239.17
9766.421890646907,221.54
9767.12182054877,256.32
9767.82175045063,227.2
9768.521680352495,249.04
9769.221610254357,222.77
9769.92154015622,192.89
9770.621470058082,243.95
9771.221409973965,226.07
9771.921339875826,256.51
9772.62126977769,259.23
9773.32119967955,261.09
9774.021129581415,249.2
9774.721059483278,252.28
9775.420989385138,224.15
9776.120919287003,198.9
9776.720859202886,224.32
9777.420789104746,220.79
9778.12071900661,230.59
9778.820648908471,211.7
9779.520578810334,219.09
9780.220508712198,232.06
9780.92043861406,216.32
9781.520378529942,236.9
9782.220308431806,239.31
9782.920238333667,280.85
9783.62016823553,224.89
9784.320098137392,207.28
9785.020028039255,211.75
9785.719957941119,229.04
9786.41988784298,216.91
9787.019827758862,232.2
9787.719757660725,239.01
9788.419687562588,242.96
9789.11961746445,271.73
9789.819547366313,252.93
9790.519477268175,225.13
9791.219407170038,247.09
9791.819347085919,294.06
9792.519276987783,251.57
9793.219206889646,221.5
9793.919136791506,240.86
9794.61906669337,228.83
9795.318996595232,236.8
9796.018926497096,276.03
9796.618866412979,201.28
9797.31879631484,240.87
9798.018726216702,224.78
9798.718656118566,266.39
9799.418586020427,212.64
9800.118515922293,194.19
9800.818445824154,230.5
9801.418385740035,220.5
9802.118315641897,280.68
9802.818245543762,259.54
9803.518175445624,284.46
9804.218105347489,254.74
9804.91803524935,236.49
9805.617965151212,239.22
9806.217905067095,228.89
9806.917834968957,203.2
9807.61776487082,234.08
9808.317694772682,232.98
9809.017624674545,247.1
9809.717554576408,269.06
9810.41748447827,239.81
9811.017424394153,232.23
9811.717354296015,233.83
9812.417284197878,212.06
9813.11721409974,237.18
9813.817144001601,236.24
9814.517073903466,244.25
9815.217003805328,231.56
9815.81694372121,261.64
9816.516873623073,230.43
9817.216803524936,237.54
9817.916733426797,256.74
9818.616663328661,237.21
9819.316593230522,227.51
9820.016523132386,229.01
9820.616463048269,239.02
9821.31639295013,234.05
9822.016322851992,241.92
9822.716252753857,215.29
9823.416182655717,234.9
9824.11611255758,239.49
9824.716052473465,260.46
9825.415982375325,237.25
9826.115912277188,269.87
9826.81584217905,250.0
9827.515772080913,220.24
9828.215701982775,290.34
9828.915631884638,280.15
9829.51557180052,216.27
9830.215501702383,258.11
9830.915431604246,253.51
9831.615361506108,212.84
9832.31529140797,251.63
9833.015221309834,254.98
9833.615161225716,221.8
9834.315091127577,211.04
9835.015021029441,238.48
9835.714950931304,248.59
9836.414880833165,231.47
9837.11481073503,265.49
9837.81474063689,248.63
9838.414680552773,236.16
9839.114610454637,270.23
9839.814540356498,250.46
9840.51447025836,239.69
9841.214400160225,265.94
9841.914330062087,256.15
9842.514269977968,232.92
9843.214199879832,218.74
9843.914129781693,247.18
9844.614059683558,230.62
9845.31398958542,268.55
9846.013919487283,238.45
9846.613859403164,279.57
9847.313789305028,263.26
9848.01371920689,263.62
9848.713649108753,295.57
9849.413579010616,265.02
9850.113508912478,278.4
9850.713448828361,246.61
9851.413378730223,299.08
9852.113308632086,266.77
9852.813238533947,247.42
9853.513168435811,232.07
9854.213098337674,231.89
9854.813038253555,269.75
9855.512968155419,215.2
9856.212898057282,233.0
9856.912827959142,290.13
9857.612757861007,230.75
9858.312687762867,249.16
9858.91262767875,230.56
9859.612557580615,214.5
9860.312487482475,243.78
9861.012417384338,238.66
9861.712347286202,244.29
9862.412277188063,230.63
9863.012217103946,225.51
9863.71214700581,216.12
9864.41207690767,225.73
9865.112006809533,243.78
9865.811936711396,225.69
9866.511866613258,219.74
9867.111806529141,191.77
9867.811736431004,308.61
9868.511666332866,262.75
9869.211596234729,256.95
9869.911526136591,308.3
9870.611456038454,279.39
9871.211395954337,223.42
9871.9113258562,224.06
9872.611255758062,286.97
9873.311185659923,209.86
9874.011115561787,239.53
9874.71104546365,237.86
9875.31098537953,228.65
9876.010915281395,276.98
9876.710845183257,204.78
9877.410775085118,234.8
9878.110704986982,251.62
9878.810634888843,258.14
9879.410574804726,293.58
9880.11050470659,265.45
9880.810434608451,270.08
9881.510364510314,225.93
9882.210294412178,274.04
9882.810234328059,275.88
9883.510164229921,233.55
9884.210094131784,244.73
9884.910024033647,230.69
9885.60995393551,277.03
9886.309883837372,242.28
9886.909823753254,265.99
9887.609753655117,247.87
9888.309683556978,237.23
9889.009613458842,209.67
9889.709543360705,231.02
9890.309483276586,235.96
9891.00941317845,256.48
9891.709343080312,292.64
9892.409272982173,276.36
9893.109202884038,252.08
9893.809132785898,190.5
9894.409072701781,237.23
9895.109002603645,223.39
9895.808932505506,198.27
9896.508862407369,233.94
9897.208792309235,289.28
9897.808732225114,213.56
9898.508662126977,238.09
9899.208592028841,253.81
9899.908521930704,248.27
9900.608451832566,249.04
9901.208391748447,303.17
9901.908321650311,262.58
9902.608251552174,224.81
9903.308181454036,215.59
9904.008111355899,204.38
9904.708041257762,202.39
9905.307981173642,204.82
9906.007911075507,214.12
9906.70784097737,234.87
9907.407770879232,219.06
9908.107700781095,263.79
9908.707640696977,238.15
9909.407570598838,249.14
9910.107500500702,276.08
9910.807430402563,293.05
9911.507360304427,232.57
9912.10730022031,280.79
9912.807230122171,310.8
9913.507160024034,194.24
9914.207089925898,225.92
9914.907019827759,247.96
9915.506959743641,205.44
9916.206889645506,201.77
9916.906819547366,239.73
9917.606749449229,255.72
9918.306679351092,255.48
9919.006609252954,242.79
9919.606549168837,242.42
9920.3064790707,235.99
9921.006408972562,249.71
9921.706338874425,232.14
9922.406268776287,227.68
9923.00620869217,229.2
9923.706138594032,245.84
9924.406068495895,248.39
9925.105998397758,269.15
9925.805928299618,226.24
9926.405868215501,218.57
9927.105798117365,209.28
9927.805728019226,241.55
9928.50565792109,201.94
9929.205587822953,224.01
9929.805527738834,276.22
9930.505457640696,229.75
9931.20538754256,277.54
9931.905317444422,265.6
9932.605247346286,212.32
9933.205187262169,232.31
9933.90511716403,271.57
9934.605047065892,221.15
9935.304976967755,209.79
9936.004906869617,224.99
9936.6048467855,190.91
9937.304776687362,258.45
9938.004706589225,235.14
9938.704636491088,281.16
9939.304576406968,277.62
9940.004506308833,287.08
9940.704436210695,246.95
9941.404366112558,209.56
9942.10429601442,214.76
9942.704235930303,345.22
9943.404165832164,351.04
9944.104095734028,284.22
9944.804025635889,203.99
9945.503955537753,322.88
9946.103895453636,283.78
9946.803825355497,257.76
9947.50375525736,204.93
9948.203685159224,238.7
9948.903615061085,206.33
9949.503554976967,234.99
9950.203484878832,235.99
9950.903414780692,265.88
9951.603344682555,205.26
9952.303274584418,221.08
9952.9032145003,175.75
9953.603144402163,273.32
9954.303074304025,250.13
9955.003004205888,276.42
9955.60294412177,331.04
9956.302874023631,206.74
9957.002803925496,213.86
9957.702733827358,230.2
9958.40266372922,273.11
9959.002603645104,250.28
9959.702533546966,296.02
9960.402463448827,286.74
9961.102393350691,241.99
9961.802323252552,366.85
9962.402263168435,250.59
9963.1021930703,230.22
9963.80212297216,253.51
9964.502052874022,244.16
9965.101992789905,255.38
9965.801922691768,251.69
9966.50185259363,203.13
9967.201782495495,238.58
9967.901712397355,253.2
9968.501652313238,236.38
9969.2015822151,188.92
9969.901512116963,280.24
9970.601442018826,291.55
9971.201381934708,221.15
9971.901311836571,299.85
9972.601241738434,264.22
9973.301171640294,209.04
9974.001101542159,221.04
9974.601041458041,214.31
9975.300971359902,229.46
9976.000901261767,253.97
9976.70083116363,229.6
9977.30077107951,247.75
9978.000700981373,272.4
9978.700630883237,230.85
9979.400560785098,225.53
9980.100490686962,279.04
9980.700430602845,282.01
9981.400360504706,228.17
9982.100290406568,214.85
9982.80022030843,283.52
9983.400160224313,285.64
9984.100090126176,246.16
9984.800020028038,226.6
9985.499949929903,281.59
9986.199879831765,254.27
9986.799819747645,267.01
9987.499749649509,267.38
9988.199679551373,245.79
9988.899609453236,218.0
9989.499549369117,269.94
9990.19947927098,244.43
9990.899409172842,275.45
9991.599339074706,239.08
9992.199278990587,194.02
9992.899208892448,225.78
9993.599138794314,225.92
9994.299068696175,308.81
9994.998998598037,219.93
9995.598938513918,237.57
9996.298868415783,289.41
9996.998798317645,319.99
9997.69872821951,330.31
9998.298668135389,269.94
9998.998598037253,292.69
9999.998497897055,262.24
9999.998497897055,219.81
10000.998397756859,241.25
10001.998297616663,211.45
10001.998297616663,241.75
10002.998197476467,202.46
10003.99809733627,215.02
10003.99809733627,234.87
10004.997997196075,266.65
10005.997897055879,244.55
10005.997897055879,223.79
10006.99779691568,219.95
10007.997696775486,227.51
10007.997696775486,279.26
10008.997596635289,240.82
10009.997496495094,205.6
10010.997396354896,252.19
10010.997396354896,178.22
10011.9972962147,225.41
10012.997196074504,289.34
10012.997196074504,300.76
10013.997095934308,214.42
10014.996995794112,264.65
10014.996995794112,251.35
10015.996895653916,231.68
10016.996795513718,249.34
10016.996795513718,181.36
10017.996695373524,218.76
10018.996595233326,200.93
10018.996595233326,238.56
10019.996495093132,188.43
10020.996394952934,194.31
10020.996394952934,238.06
10021.996294812738,282.27
10022.996194672542,209.58
10022.996194672542,335.0
10023.996094532346,260.61
10024.99599439215,310.93
10024.99599439215,231.64
10025.995894251953,205.27
10026.995794111757,216.51
10026.995794111757,201.66
10027.995693971561,202.92
10028.995593831363,273.36
10028.995593831363,267.97
10029.995493691169,269.75
10030.995393550971,292.5
10030.995393550971,261.64
10031.995293410775,204.11
10032.995193270579,260.3
10032.995193270579,250.58
10033.995093130381,225.53
10034.994992990187,254.93
10035.994892849989,257.31
10035.994892849989,232.01
10036.994792709795,230.84
10037.994692569597,312.46
10037.994692569597,299.67
10038.9945924294,235.73
10039.994492289205,217.26
10039.994492289205,238.86
10040.994392149008,267.23
10041.994292008812,280.13
10041.994292008812,259.26
10042.994191868616,225.84
10043.99409172842,248.96
10043.99409172842,282.68
10044.993991588224,236.37
10045.993891448026,287.26
10045.993891448026,219.85
10046.993791307832,225.22
10047.993691167634,237.23
10047.993691167634,260.17
10048.99359102744,273.91
10049.993490887242,205.32
10049.993490887242,282.62
10050.993390747046,256.92
10051.99329060685,260.1
10051.99329060685,297.32
10052.993190466654,223.69
10053.993090326458,227.22
10053.993090326458,209.51
10054.992990186262,257.95
10055.992890046064,235.28
10055.992890046064,198.9
10056.99278990587,247.39
10057.992689765671,245.75
10057.992689765671,238.59
10058.992589625477,241.03
10059.99248948528,249.32
10059.99248948528,275.29
10060.992389345083,266.43
10061.992289204887,222.26
10061.992289204887,226.6
10062.99218906469,258.89
10063.992088924495,252.35
10063.992088924495,237.94
10064.991988784297,254.33
10065.991888644103,188.37
10066.991788503905,213.31
10066.991788503905,202.49
10067.991688363709,278.86
10068.991588223513,276.82
10068.991588223513,240.77
10069.991488083317,286.2
10070.99138794312,253.55
10070.99138794312,236.89
10071.991287802924,241.99
10072.991187662727,302.19
10072.991187662727,231.97
10073.991087522532,272.82
10074.990987382334,255.66
10074.990987382334,298.83
10075.99088724214,237.47
10076.990787101942,223.71
10076.990787101942,242.34
10077.990686961748,277.01
10078.99058682155,225.83
10078.99058682155,311.48
10079.990486681354,297.74
10080.990386541158,292.74
10080.990386541158,422.17
10081.990286400962,257.33
10082.990186260766,245.43
10082.990186260766,273.56
10083.99008612057,208.98
10084.989985980372,222.06
10084.989985980372,172.33
10085.989885840178,183.82
10086.98978569998,239.46
10086.98978569998,229.85
10087.989685559785,296.97
10088.989585419587,251.54
10088.989585419587,281.21
10089.989485279391,322.28
10090.989385139195,266.37
10090.989385139195,272.64
10091.989284998997,235.26
10092.989184858803,251.18
10092.989184858803,242.15
10093.989084718605,274.69
10094.98898457841,246.64
10094.98898457841,261.43
10095.988884438213,244.2
10096.988784298017,294.07
10096.988784298017,201.95
10097.98868415782,212.0
10098.988584017625,197.86
10098.988584017625,227.4
10099.988483877429,231.0
10100.988383737233,322.33
10100.988383737233,300.8
10101.988283597035,270.49
10102.98818345684,305.34
10102.98818345684,293.89
10103.988083316643,278.04
10104.987983176448,237.39
10104.987983176448,232.06
10105.98788303625,249.05
10106.987782896054,198.85
10106.987782896054,262.51
10107.987682755858,191.11
10108.987582615662,241.87
10109.987482475466,225.57
10109.987482475466,259.77
10110.98738233527,245.27
10111.987282195072,237.53
10111.987282195072,249.68
10112.987182054878,220.87
10113.98708191468,206.01
10113.98708191468,258.52
10114.986981774486,232.71
10115.986881634288,214.14
10115.986881634288,186.76
10116.986781494094,191.03
10117.986681353896,192.26
10117.986681353896,170.75
10118.9865812137,175.21
10119.986481073503,333.03
10119.986481073503,175.88
10120.986380933306,284.54
10121.986280793111,210.61
10121.986280793111,265.22
10122.986180652913,271.33
10123.986080512717,176.31
10123.986080512717,293.08
10124.985980372521,203.18
10125.985880232325,188.14
10125.985880232325,206.75
10126.985780092129,275.96
10127.985679951933,206.88
10127.985679951933,238.64
10128.985579811735,373.87
10129.98547967154,287.13
10129.98547967154,244.74
10130.985379531343,202.42
10131.985279391149,291.97
10131.985279391149,239.41
10132.98517925095,216.33
10133.985079110756,281.04
10133.985079110756,308.39
10134.984978970559,200.97
10135.984878830363,202.77
10135.984878830363,293.25
10136.984778690166,175.65
10137.98467854997,244.32
10137.98467854997,263.44
10138.984578409774,252.4
10139.984478269578,232.37
10139.984478269578,210.82
10140.98437812938,207.77
10141.984277989186,224.76
10141.984277989186,261.81
10142.984177848988,266.89
10143.984077708794,237.17
10143.984077708794,208.65
10144.983977568596,210.3
10145.9838774284,290.92
10145.9838774284,245.58
10146.983777288204,209.33
10147.983677148008,266.26
10147.983677148008,218.03
10148.983577007812,234.08
10149.983476867614,181.76
10149.983476867614,348.17
10150.983376727418,255.74
10151.983276587222,247.71
10151.983276587222,236.93
10152.983176447025,258.44
10153.98307630683,192.68
10153.98307630683,379.17
10154.982976166633,337.98
10155.982876026437,207.92
10155.982876026437,310.96
10156.982775886241,239.31
10157.982675746043,269.75
10157.982675746043,213.24
10158.982575605849,238.86
10159.982475465651,213.53
10159.982475465651,349.93
10160.982375325457,191.55
10161.982275185259,202.36
10161.982275185259,248.9
10162.982175045063,261.24
10163.982074904867,219.2
10163.982074904867,237.95
10164.98197476467,212.47
10165.981874624475,192.1
10165.981874624475,177.5
10166.981774484279,207.48
10167.98167434408,263.3
10167.98167434408,307.87
10168.981574203886,292.51
10169.981474063688,311.32
10169.981474063688,203.92
10170.981373923494,204.15
10171.981273783296,208.79
10171.981273783296,279.87
10172.981173643102,186.32
10173.981073502904,228.3
10173.981073502904,182.16
10174.980973362708,188.6
10175.980873222512,220.39
10175.980873222512,243.68
10176.980773082316,256.06
10177.98067294212,281.7
10177.98067294212,306.82
10178.980572801924,309.41
10179.980472661726,272.33
10179.980472661726,235.25
10180.98037252153,223.88
10181.980272381334,244.43
10181.980272381334,173.3
10182.980172241138,223.89
10183.980072100941,302.49
10183.980072100941,240.26
10184.979971960744,239.76
10185.97987182055,280.45
10185.97987182055,235.33
10186.979771680351,320.05
10187.979671540157,257.4
10187.979671540157,196.35
10188.97957139996,315.19
10189.979471259765,190.97
10189.979471259765,199.58
10190.979371119567,281.22
10191.979270979371,202.89
10191.979270979371,282.73
10192.979170839175,246.15
10193.979070698979,292.34
10193.979070698979,171.07
10194.978970558783,223.16
10195.978870418587,194.18
10195.978870418587,233.8
10196.978770278389,214.36
10197.978670138195,256.8
10197.978670138195,135.62
10198.978569997997,169.75
10199.978469857802,280.51
10199.978469857802,372.69
10200.978369717604,228.66
10201.978269577408,232.09
10201.978269577408,188.53
10202.978169437212,183.1
10203.978069297016,268.25
10203.978069297016,291.07
10204.97796915682,236.12
10205.977869016624,167.14
10205.977869016624,363.21
10206.977768876426,156.16
10207.977668736232,159.95
10207.977668736232,237.27
10208.977568596034,279.7
10209.977468455838,298.51
10209.977468455838,280.7
10210.977368315642,581.39
10211.977268175446,207.83
10211.977268175446,142.9
10212.97716803525,352.39
10213.977067895052,250.83
10213.977067895052,231.24
10214.976967754857,280.43
10215.97686761466,236.04
10215.97686761466,245.65
10216.976767474465,301.89
10217.976667334267,168.39
10217.976667334267,264.14
10218.976567194071,219.96
10219.976467053875,216.59
10219.976467053875,245.56
10220.97636691368,285.29
10221.976266773483,282.94
10221.976266773483,358.96
10222.976166633287,244.02
10223.97606649309,523.05
10223.97606649309,227.38
10224.975966352895,260.8
10225.975866212697,206.83
10225.975866212697,261.81
10226.975766072503,234.03
10227.975665932305,555.26
10227.975665932305,243.95
10228.97556579211,244.57
10229.975465651913,280.94
10229.975465651913,166.39
10230.975365511717,207.73
10231.97526537152,191.38
10231.97526537152,215.39
10232.975165231324,207.14
10233.975065091128,194.8
10233.975065091128,231.68
10234.974964950932,222.43
10235.974864810734,126.23
10235.974864810734,125.92
10236.97476467054,145.61
10237.974664530342,104.77
10237.974664530342,70.355
10238.974564390148,58.685
10239.97446424995,38.677
10239.97446424995,29.862
10240.974364109752,40.939
10241.974263969558,66.245
10241.974263969558,91.086
10242.97416382936,94.605
10243.974063689166,126.15
10243.974063689166,116.42
10244.973963548968,140.71
10245.973863408773,175.71
10245.973863408773,239.55
10246.973763268576,270.8
10247.97366312838,233.43
10247.97366312838,234.32
10248.973562988183,369.55
10249.973462847987,235.28
10249.973462847987,261.81
10250.973362707791,228.18
10251.973262567595,263.35
10251.973262567595,179.69
10252.973162427397,249.6
10253.973062287203,193.33
10253.973062287203,246.94
10254.972962147005,276.09
10255.97286200681,154.86
10255.97286200681,161.41
10256.972761866613,275.26
10257.972661726417,172.78
10257.972661726417,237.5
10258.97256158622,204.08
10259.972461446025,164.5
10259.972461446025,156.06
10260.972361305829,280.39
10261.972261165633,413.03
10261.972261165633,272.06
10262.972161025436,235.03
10263.97206088524,217.51
10263.97206088524,245.25
10264.971960745042,226.21
10265.971860604848,151.49
10265.971860604848,130.28
10266.97176046465,265.85
10266.97176046465,339.3
10267.971660324456,226.86
10268.971560184258,331.53
10268.971560184258,262.96
10269.97146004406,223.09
10270.971359903866,276.04
10270.971359903866,177.61
10271.971259763668,316.29
10272.971159623474,360.37
10272.971159623474,302.81
10273.971059483276,211.04
10274.97095934308,405.36
10274.97095934308,232.06
10275.970859202884,249.7
10276.970759062688,256.42
10276.970759062688,225.86
10277.970658922492,127.37
10278.970558782295,145.47
10278.970558782295,148.56
10279.970458642098,81.201
10280.970358501903,58.211
10280.970358501903,285.96
10281.970258361705,216.3
10282.970158221511,166.13
10282.970158221511,198.58
10283.970058081313,42.313
10284.969957941119,57.475
10284.969957941119,644.26
10285.969857800921,318.75
10286.969757660725,199.02
10286.969757660725,144.11
10287.969657520529,270.6
10288.969557380333,203.72
10288.969557380333,201.54
10289.969457240137,272.87
10290.96935709994,295.45
10290.96935709994,406.17
10291.969256959743,146.1
10292.969156819549,223.6
10292.969156819549,286.84
10293.96905667935,204.14
10294.968956539156,380.05
10294.968956539156,3230.9
10295.968856398958,170.84
10296.968756258762,235.22
10296.968756258762,176.24
10297.968656118566,157.6
10298.96855597837,232.66
10298.96855597837,480.67
10299.968455838174,269.77
10300.968355697976,316.84
10300.968355697976,332.28
10301.968255557782,157.23
10302.968155417584,186.03
10302.968155417584,258.22
10303.968055277388,111.69
10304.967955137192,185.1
10304.967955137192,214.04
10305.967854996996,194.78
10305.967854996996,206.11
10306.9677548568,490.14
10307.967654716604,274.46
10307.967654716604,288.86
10308.967554576406,89.438
10309.967454436211,422.95
10309.967454436211,176.28
10310.967354296014,179.27
10311.96725415582,74.938
10311.96725415582,124.33
10312.967154015621,266.48
10313.967053875425,391.72
10313.967053875425,139.39
10314.96695373523,201.52
10315.966853595033,236.33
10315.966853595033,6441.3
10316.966753454837,355.58
10317.966653314641,325.97
10317.966653314641,107.09
10318.966553174445,97.698
10319.966453034249,432.41
10319.966453034249,167.29
10320.966352894051,232.2
10321.966252753857,158.0
10321.966252753857,445.09
10322.966152613659,157.88
10323.966052473465,105.85
10323.966052473465,161.41
10324.965952333267,197.81
10325.96585219307,245.28
10325.96585219307,342.11
10326.965752052874,89.711
10327.965651912678,501.69
10327.965651912678,299.56
10328.965551772482,189.43
10329.965451632284,274.43
10329.965451632284,139.31
10330.965351492088,213.58
10331.965251351892,436.03
10331.965251351892,199.12
10332.965151211696,302.74
10333.9650510715,336.62
10333.9650510715,133.97
10334.964950931304,416.74
10334.964950931304,282.45
10335.964850791106,275.02
10336.964750650912,169.82
10336.964750650912,984.68
10337.964650510714,128.02
10338.96455037052,382.74
10338.96455037052,314.97
10339.964450230322,204.19
10340.964350090127,290.49
10340.964350090127,458.72
10341.96424994993,153.86
10342.964149809733,268.84
10342.964149809733,293.75
10343.964049669537,359.54
10344.963949529341,260.99
10344.963949529341,198.59
10345.963849389145,15135.0
10346.96374924895,174.33
10346.96374924895,215.48
10347.963649108751,99.588
10348.963548968557,236.39
10348.963548968557,173.68
10349.96344882836,173.56
10350.963348688165,1067.1
10350.963348688165,161.28
10351.963248547967,542.32
10352.96314840777,314.63
10352.96314840777,149.49
10353.963048267575,205.86
10354.962948127379,90.206
10354.962948127379,165.21
10355.962847987183,1741.3
10356.962747846987,208.8
10356.962747846987,71.631
10357.96264770679,388.41
10357.96264770679,1805.9
10358.962547566593,408.39
10359.962447426396,395.73
10359.962447426396,304.76
10360.9623472862,150.43
10361.962247146004,135.73
10361.962247146004,72.513
10362.962147005808,293.27
10363.962046865612,231.13
10363.962046865612,147.53
10364.961946725414,143.3
10365.96184658522,252.41
10365.96184658522,110.08
10366.961746445022,12.351
10367.961646304828,135.36
10367.961646304828,237.13
10368.96154616463,113.77
10369.961446024434,287.78
10369.961446024434,184.13
10370.961345884238,
10371.961245744042,
10371.961245744042,
10372.961145603846,
10373.96104546365,
10373.96104546365,
10374.960945323453,
10375.960845183257,
10375.960845183257,
10376.96074504306,
10377.960644902865,
10377.960644902865,
10378.960544762667,
10378.960544762667,
10379.960444622473,
10380.960344482275,
10380.960344482275,
10381.960244342079,
10382.960144201883,
10382.960144201883,
10383.960044061687,
10384.95994392149,
10384.95994392149,
10385.959843781295,
10386.959743641097,
10386.959743641097,
10387.959643500903,
10388.959543360705,
10388.959543360705,
10389.959443220509,
10390.959343080312,
10390.959343080312,
10391.959242940115,
10392.95914279992,
10392.95914279992,
10393.959042659722,
10394.958942519528,
10394.958942519528,
10395.95884237933,
10396.958742239136,
10396.958742239136,
10397.958642098938,
10397.958642098938,
