wav,flam
5580.4,
5581.0,
5581.6,
5582.2,
5582.8,
5583.3,
5583.9,
5584.5,
5585.1,
5585.7,
5586.3,
5586.9,
5587.4,
5588.0,
5588.6,
5589.2,
5589.8,
5590.4,
5590.9,
5591.5,
5592.1,
5592.7,
5593.3,
5593.9,
5594.5,
5595.0,
5595.6,
5596.2,
5596.8,
5597.4,
5598.0,
5598.5,
5599.1,
5599.7,
5600.3,
5600.9,
5601.5,
5602.0,
5602.6,
5603.2,
5603.8,
5604.4,
5605.0,
5605.6,
5606.1,
5606.7,
5607.3,
5607.9,
5608.5,
5609.1,
5609.6,
5610.2,
5610.8,
5611.4,
5612.0,
5612.6,
5613.2,
5613.7,
5614.3,
5614.9,
5615.5,
5616.1,
5616.7,
5617.2,618.26
5617.8,564.79
5618.4,742.78
5619.0,538.13
5619.6,612.92
5620.2,668.01
5620.8,480.51
5621.3,655.15
5621.9,728.68
5622.5,738.96
5623.1,640.58
5623.7,552.4
5624.3,547.78
5624.8,648.5
5625.4,894.33
5626.0,467.67
5626.6,731.52
5627.2,646.64
5627.8,614.0
5628.4,677.2
5628.9,481.81
5629.5,550.75
5630.1,675.99
5630.7,784.1
5631.3,831.03
5631.9,745.06
5632.4,623.63
5633.0,827.01
5633.6,724.54
5634.2,669.31
5634.8,546.15
5635.4,780.91
5636.0,484.29
5636.5,605.61
5637.1,710.44
5637.7,663.96
5638.3,627.15
5638.9,687.23
5639.5,620.14
5640.0,716.11
5640.6,612.43
5641.2,663.67
5641.8,574.49
5642.4,618.11
5643.0,634.68
5643.6,542.38
5644.1,588.52
5644.7,619.44
5645.3,654.53
5645.9,531.32
5646.5,564.86
5647.1,682.46
5647.6,645.44
5648.2,717.04
5648.8,547.89
5649.4,519.09
5650.0,530.44
5650.6,600.81
5651.2,579.37
5651.7,699.46
5652.3,792.81
5652.9,597.74
5653.5,579.64
5654.1,680.03
5654.7,669.88
5655.2,614.55
5655.8,594.14
5656.4,630.35
5657.0,647.94
5657.6,606.39
5658.2,638.89
5658.8,617.59
5659.3,581.47
5659.9,677.6
5660.5,584.48
5661.1,588.68
5661.7,595.9
5662.3,629.35
5662.8,714.84
5663.4,746.05
5664.0,628.58
5664.6,708.31
5665.2,682.83
5665.8,695.87
5666.4,642.35
5666.9,703.27
5667.5,670.28
5668.1,651.95
5668.7,649.43
5669.3,627.76
5669.9,711.06
5670.5,572.44
5671.0,677.33
5671.6,646.76
5672.2,602.1
5672.8,643.7
5673.4,626.81
5674.0,619.77
5674.5,630.39
5675.1,620.78
5675.7,623.26
5676.3,659.85
5676.9,655.6
5677.5,702.25
5678.1,633.79
5678.6,609.55
5679.2,678.69
5679.8,747.33
5680.4,622.36
5681.0,723.56
5681.6,645.63
5682.1,681.59
5682.7,663.57
5683.3,695.99
5683.9,669.63
5684.5,745.44
5685.1,616.07
5685.7,708.03
5686.2,679.19
5686.8,670.82
5687.4,702.44
5688.0,636.7
5688.6,693.84
5689.2,726.2
5689.8,760.81
5690.3,624.62
5690.9,667.95
5691.5,677.52
5692.1,672.49
5692.7,704.76
5693.3,640.28
5693.8,623.63
5694.4,633.94
5695.0,652.03
5695.6,680.63
5696.2,628.06
5696.8,649.92
5697.4,608.22
5697.9,657.13
5698.5,631.88
5699.1,653.87
5699.7,684.49
5700.3,661.93
5700.9,618.66
5701.5,679.02
5702.0,606.3
5702.6,621.8
5703.2,690.99
5703.8,617.69
5704.4,732.98
5705.0,672.78
5705.5,677.99
5706.1,673.42
5706.7,648.44
5707.3,650.32
5707.9,728.13
5708.5,709.49
5709.1,733.23
5709.6,740.76
5710.2,649.15
5710.8,673.63
5711.4,729.04
5712.0,712.17
5712.6,701.28
5713.2,658.14
5713.7,714.66
5714.3,715.34
5714.9,728.68
5715.5,714.96
5716.1,694.52
5716.7,674.34
5717.3,627.11
5717.8,673.17
5718.4,700.24
5719.0,655.97
5719.6,651.29
5720.2,671.58
5720.8,645.51
5721.3,693.77
5721.9,751.11
5722.5,727.34
5723.1,690.98
5723.7,721.49
5724.3,704.12
5724.9,693.26
5725.4,732.14
5726.0,689.92
5726.6,695.59
5727.2,687.68
5727.8,687.56
5728.4,637.89
5729.0,686.54
5729.5,629.74
5730.1,688.54
5730.7,726.52
5731.3,661.63
5731.9,673.11
5732.5,695.4
5733.1,644.14
5733.6,635.0
5734.2,631.31
5734.8,625.68
5735.4,657.02
5736.0,671.83
5736.6,676.4
5737.1,635.92
5737.7,711.91
5738.3,674.33
5738.9,621.31
5739.5,657.08
5740.1,671.12
5740.7,709.87
5741.2,626.68
5741.8,668.02
5742.4,636.48
5743.0,699.01
5743.6,648.51
5744.2,678.69
5744.8,705.88
5745.3,657.89
5745.9,686.02
5746.5,645.2
5747.1,658.51
5747.7,650.32
5748.3,702.02
5748.9,692.62
5749.4,643.75
5750.0,711.96
5750.6,717.61
5751.2,676.91
5751.8,677.92
5752.4,639.85
5752.9,691.73
5753.5,672.96
5754.1,658.43
5754.7,647.12
5755.3,675.62
5755.9,695.35
5756.5,654.41
5757.0,720.86
5757.6,734.03
5758.2,698.74
5758.8,737.5
5759.4,650.29
5760.0,691.58
5760.6,642.57
5761.1,652.58
5761.7,678.6
5762.3,629.18
5762.9,683.73
5763.5,650.15
5764.1,636.27
5764.7,616.18
5765.2,684.75
5765.8,659.28
5766.4,717.69
5767.0,690.86
5767.6,602.46
5768.2,688.49
5768.8,656.78
5769.3,682.84
5769.9,668.37
5770.5,678.84
5771.1,663.1
5771.7,665.94
5772.3,643.36
5772.8,673.93
5773.4,649.3
5774.0,660.32
5774.6,640.87
5775.2,718.9
5775.8,672.66
5776.4,695.11
5776.9,687.91
5777.5,702.27
5778.1,608.13
5778.7,638.28
5779.3,611.86
5779.9,654.74
5780.5,650.87
5781.0,632.51
5781.6,632.49
5782.2,664.16
5782.8,636.15
5783.4,590.2
5784.0,630.23
5784.6,657.46
5785.1,665.15
5785.7,644.94
5786.3,617.54
5786.9,632.85
5787.5,659.05
5788.1,677.21
5788.7,672.07
5789.2,674.87
5789.8,627.65
5790.4,638.78
5791.0,647.56
5791.6,681.32
5792.2,691.55
5792.8,670.92
5793.3,645.16
5793.9,678.85
5794.5,615.1
5795.1,671.43
5795.7,677.67
5796.3,620.54
5796.9,639.26
5797.4,642.2
5798.0,663.59
5798.6,681.89
5799.2,702.09
5799.8,672.8
5800.4,619.33
5800.9,672.34
5801.5,605.0
5802.1,627.11
5802.7,655.02
5803.3,751.97
5803.9,614.89
5804.5,674.77
5805.0,666.15
5805.6,732.77
5806.2,676.77
5806.8,695.75
5807.4,706.1
5808.0,680.84
5808.6,596.38
5809.1,643.88
5809.7,644.44
5810.3,738.17
5810.9,643.84
5811.5,699.34
5812.1,696.02
5812.7,681.72
5813.2,687.27
5813.8,681.08
5814.4,699.2
5815.0,643.35
5815.6,711.68
5816.2,659.35
5816.8,690.61
5817.3,683.0
5817.9,636.5
5818.5,682.39
5819.1,679.5
5819.7,671.68
5820.3,1250.7
5820.9,852.75
5821.4,775.13
5822.0,686.75
5822.6,692.21
5823.2,640.26
5823.8,698.09
5824.4,623.73
5825.0,696.01
5825.5,666.37
5826.1,687.7
5826.7,696.99
5827.3,678.52
5827.9,668.02
5828.5,678.1
5829.1,641.91
5829.6,648.44
5830.2,655.35
5830.8,683.7
5831.4,665.01
5832.0,700.12
5832.6,670.27
5833.1,632.74
5833.7,651.39
5834.3,705.79
5834.9,642.35
5835.5,638.59
5836.1,674.87
5836.7,667.23
5837.2,674.05
5837.8,695.16
5838.4,657.39
5839.0,656.12
5839.6,644.77
5840.2,576.14
5840.8,681.21
5841.3,645.51
5841.9,611.54
5842.5,606.8
5843.1,671.92
5843.7,661.37
5844.3,625.08
5844.9,601.11
5845.4,634.08
5846.0,616.42
5846.6,671.99
5847.2,643.95
5847.8,660.85
5848.4,679.56
5849.0,667.56
5849.5,643.01
5850.1,647.5
5850.7,652.57
5851.3,626.57
5851.9,644.89
5852.5,673.15
5853.1,667.08
5853.6,628.26
5854.2,653.6
5854.8,671.87
5855.4,655.82
5856.0,670.58
5856.6,635.25
5857.2,660.17
5857.7,677.27
5858.3,720.05
5858.9,667.08
5859.5,641.71
5860.1,709.21
5860.7,698.65
5861.3,709.41
5861.8,675.52
5862.4,679.86
5863.0,680.78
5863.6,677.63
5864.2,718.06
5864.8,713.33
5865.4,700.03
5865.9,661.87
5866.5,712.74
5867.1,655.83
5867.7,652.5
5868.3,658.93
5868.9,653.34
5869.5,618.37
5870.0,644.22
5870.6,650.38
5871.2,621.55
5871.8,640.94
5872.4,651.6
5873.0,662.71
5873.6,655.83
5874.1,632.58
5874.7,640.65
5875.3,589.88
5875.9,616.21
5876.5,570.45
5877.1,606.01
5877.7,619.35
5878.2,611.0
5878.8,604.74
5879.4,605.28
5880.0,603.46
5880.6,555.56
5881.2,494.97
5881.8,486.56
5882.3,509.12
5882.9,558.61
5883.5,574.17
5884.1,551.88
5884.7,566.45
5885.3,615.61
5885.9,612.73
5886.4,608.3
5887.0,532.4
5887.6,527.28
5888.2,549.84
5888.8,523.07
5889.4,595.63
5890.0,619.77
5890.5,579.77
5891.1,616.25
5891.7,636.41
5892.3,640.32
5892.9,657.27
5893.5,651.59
5894.0,635.81
5894.6,629.62
5895.2,618.23
5895.8,604.43
5896.4,635.41
5897.0,612.94
5897.6,619.01
5898.1,667.01
5898.7,638.69
5899.3,667.75
5899.9,663.18
5900.5,607.4
5901.1,624.44
5901.7,675.58
5902.2,679.82
5902.8,635.22
5903.4,666.37
5904.0,656.18
5904.6,698.37
5905.2,659.72
5905.8,630.84
5906.3,638.74
5906.9,624.92
5907.5,631.81
5908.1,647.09
5908.7,632.49
5909.3,629.34
5909.9,653.6
5910.4,705.07
5911.0,670.01
5911.6,632.15
5912.2,671.15
5912.8,660.27
5913.4,643.86
5914.0,647.69
5914.5,639.66
5915.1,651.47
5915.7,648.79
5916.3,667.52
5916.9,671.38
5917.5,663.16
5918.1,667.24
5918.6,662.01
5919.2,653.22
5919.8,652.71
5920.4,635.83
5921.0,632.88
5921.6,643.89
5922.2,679.54
5922.7,652.44
5923.3,653.7
5923.9,643.55
5924.5,627.34
5925.1,651.25
5925.7,626.02
5926.3,631.61
5926.8,633.83
5927.4,607.45
5928.0,608.9
5928.6,675.1
5929.2,674.11
5929.8,675.57
5930.4,666.0
5930.9,655.15
5931.5,640.36
5932.1,649.14
5932.7,625.78
5933.3,609.07
5933.9,633.5
5934.5,654.95
5935.0,706.89
5935.6,655.63
5936.2,653.15
5936.8,634.78
5937.4,690.46
5938.0,669.11
5938.6,620.87
5939.1,634.21
5939.7,635.25
5940.3,630.38
5940.9,634.5
5941.5,635.98
5942.1,619.45
5942.7,631.04
5943.2,627.35
5943.8,654.87
5944.4,621.39
5945.0,615.64
5945.6,670.35
5946.2,641.03
5946.8,677.62
5947.3,637.47
5947.9,645.03
5948.5,623.7
5949.1,635.15
5949.7,623.74
5950.3,641.44
5950.9,627.24
5951.4,638.55
5952.0,660.22
5952.6,669.51
5953.2,639.82
5953.8,645.29
5954.4,648.79
5955.0,670.63
5955.5,650.46
5956.1,674.61
5956.7,630.74
5957.3,659.18
5957.9,657.04
5958.5,610.27
5959.1,669.78
5959.6,629.95
5960.2,635.35
5960.8,667.85
5961.4,617.12
5962.0,645.59
5962.6,654.14
5963.2,655.56
5963.7,647.98
5964.3,659.04
5964.9,622.6
5965.5,637.44
5966.1,653.64
5966.7,639.25
5967.3,658.81
5967.8,652.54
5968.4,636.35
5969.0,614.05
5969.6,638.45
5970.2,642.34
5970.8,636.24
5971.3,608.58
5971.9,630.93
5972.5,629.92
5973.1,648.64
5973.7,622.91
5974.3,654.38
5974.9,633.04
5975.4,609.04
5976.0,630.96
5976.6,614.73
5977.2,632.13
5977.8,644.65
5978.4,635.14
5979.0,632.44
5979.5,640.08
5980.1,651.23
5980.7,625.04
5981.3,610.5
5981.9,621.58
5982.5,653.86
5983.1,663.05
5983.6,659.65
5984.2,653.13
5984.8,641.05
5985.4,649.37
5986.0,623.29
5986.6,615.56
5987.2,646.87
5987.7,620.79
5988.3,626.06
5988.9,649.62
5989.5,628.32
5990.1,603.34
5990.7,625.1
5991.3,665.75
5991.8,650.71
5992.4,614.14
5993.0,658.39
5993.6,644.35
5994.2,612.03
5994.8,630.55
5995.4,615.43
5995.9,637.28
5996.5,645.61
5997.1,642.7
5997.7,633.77
5998.3,641.35
5998.9,645.16
5999.5,628.18
6000.0,620.09
6000.6,622.09
6001.2,680.54
6001.8,634.75
6002.4,630.32
6003.0,637.56
6003.6,653.89
6004.1,637.4
6004.7,628.87
6005.3,607.23
6005.9,643.03
6006.5,641.09
6007.1,635.06
6007.7,625.98
6008.2,638.63
6008.8,620.99
6009.4,679.72
6010.0,652.27
6010.6,641.41
6011.2,641.86
6011.8,647.65
6012.3,635.77
6012.9,654.07
6013.5,638.34
6014.1,615.14
6014.7,655.76
6015.3,634.51
6015.9,652.15
6016.4,664.7
6017.0,637.02
6017.6,626.13
6018.2,640.79
6018.8,649.29
6019.4,613.81
6020.0,626.98
6020.5,627.18
6021.1,605.2
6021.7,626.31
6022.3,646.63
6022.9,638.25
6023.5,652.72
6024.0,644.88
6024.6,612.46
6025.2,655.26
6025.8,638.75
6026.4,652.1
6027.0,637.91
6027.6,683.35
6028.1,647.86
6028.7,643.77
6029.3,629.01
6029.9,648.62
6030.5,659.44
6031.1,640.18
6031.7,644.62
6032.2,627.83
6032.8,648.01
6033.4,653.83
6034.0,646.4
6034.6,645.81
6035.2,647.81
6035.8,649.38
6036.3,652.81
6036.9,642.73
6037.5,649.94
6038.1,598.52
6038.7,649.56
6039.3,635.2
6039.9,643.23
6040.4,633.1
6041.0,636.08
6041.6,627.7
6042.2,662.94
6042.8,610.34
6043.4,635.31
6044.0,616.21
6044.5,631.63
6045.1,650.0
6045.7,649.36
6046.3,611.11
6046.9,640.69
6047.5,649.95
6048.1,652.22
6048.6,629.09
6049.2,625.29
6049.8,643.66
6050.4,625.47
6051.0,626.49
6051.6,654.09
6052.2,642.45
6052.7,646.58
6053.3,644.88
6053.9,652.49
6054.5,633.32
6055.1,637.76
6055.7,648.22
6056.2,663.74
6056.8,642.74
6057.4,644.78
6058.0,648.01
6058.6,662.5
6059.2,622.77
6059.8,671.56
6060.3,628.27
6060.9,638.7
6061.5,651.84
6062.1,622.6
6062.7,644.23
6063.3,644.51
6063.9,661.57
6064.4,653.09
6065.0,638.95
6065.6,645.02
6066.2,675.09
6066.8,620.35
6067.4,627.06
6068.0,652.88
6068.5,636.82
6069.1,610.72
6069.7,624.23
6070.3,634.53
6070.9,625.05
6071.5,640.68
6072.1,617.04
6072.6,613.68
6073.2,600.14
6073.8,643.91
6074.4,626.3
6075.0,654.03
6075.6,623.46
6076.2,652.7
6076.7,611.88
6077.3,613.53
6077.9,626.8
6078.5,630.8
6079.1,631.1
6079.7,640.08
6080.2,613.77
6080.8,646.43
6081.4,627.99
6082.0,638.91
6082.6,626.47
6083.2,624.97
6083.8,611.79
6084.3,646.96
6084.9,608.73
6085.5,640.97
6086.1,629.61
6086.7,616.13
6087.3,630.67
6087.9,598.59
6088.4,657.03
6089.0,654.74
6089.6,624.85
6090.2,623.09
6090.8,636.02
6091.4,610.85
6092.0,577.96
6092.5,610.45
6093.1,592.27
6093.7,614.77
6094.3,604.35
6094.9,643.78
6095.5,643.97
6096.1,652.48
6096.6,642.94
6097.2,648.01
6097.8,612.56
6098.4,649.13
6099.0,634.94
6099.6,602.0
6100.1,624.25
6100.7,611.12
6101.3,628.07
6101.9,636.71
6102.5,639.23
6103.1,682.61
6103.7,632.55
6104.2,630.72
6104.8,630.2
6105.4,618.78
6106.0,637.15
6106.6,606.75
6107.2,613.24
6107.8,610.76
6108.3,612.02
6108.9,644.6
6109.5,620.41
6110.1,615.74
6110.7,667.97
6111.3,590.58
6111.9,611.91
6112.4,658.89
6113.0,594.48
6113.6,572.37
6114.2,596.1
6114.8,640.89
6115.4,614.28
6115.9,634.91
6116.5,636.38
6117.1,644.72
6117.7,612.52
6118.3,621.91
6118.9,648.07
6119.5,645.5
6120.0,618.78
6120.6,648.83
6121.2,606.2
6121.8,613.09
6122.4,580.38
6123.0,603.56
6123.6,585.08
6124.1,632.93
6124.7,597.2
6125.3,614.1
6125.9,589.73
6126.5,549.95
6127.1,555.12
6127.7,557.12
6128.2,575.66
6128.8,588.21
6129.4,573.71
6130.0,604.64
6130.6,571.95
6131.2,588.25
6131.7,624.04
6132.3,572.72
6132.9,563.78
6133.5,559.29
6134.1,596.38
6134.7,608.67
6135.3,598.69
6135.8,573.41
6136.4,614.71
6137.0,601.7
6137.6,635.02
6138.2,598.59
6138.8,586.68
6139.4,581.19
6139.9,606.1
6140.5,595.91
6141.1,598.61
6141.7,634.06
6142.3,609.4
6142.9,613.35
6143.4,613.96
6144.0,617.91
6144.6,607.64
6145.2,613.97
6145.8,603.1
6146.4,579.94
6147.0,575.81
6147.5,573.93
6148.1,569.58
6148.7,577.23
6149.3,588.44
6149.9,585.42
6150.5,589.92
6151.1,587.9
6151.6,593.81
6152.2,617.54
6152.8,596.72
6153.4,581.07
6154.0,582.56
6154.6,635.84
6155.1,628.88
6155.7,611.48
6156.3,625.64
6156.9,634.8
6157.5,603.07
6158.1,615.87
6158.7,620.36
6159.2,617.41
6159.8,606.26
6160.4,605.06
6161.0,616.15
6161.6,611.7
6162.2,649.58
6162.8,639.05
6163.3,626.74
6163.9,602.25
6164.5,631.12
6165.1,614.97
6165.7,623.31
6166.3,607.0
6166.8,643.59
6167.4,635.3
6168.0,620.7
6168.6,627.79
6169.2,607.1
6169.8,602.72
6170.4,622.88
6170.9,644.89
6171.5,631.41
6172.1,652.82
6172.7,605.54
6173.3,630.73
6173.9,626.43
6174.5,630.98
6175.0,643.36
6175.6,611.11
6176.2,614.66
6176.8,595.69
6177.4,612.82
6178.0,622.9
6178.5,603.14
6179.1,600.85
6179.7,617.02
6180.3,591.47
6180.9,611.57
6181.5,620.81
6182.1,600.31
6182.6,618.72
6183.2,621.78
6183.8,599.65
6184.4,591.16
6185.0,654.96
6185.6,654.6
6186.1,592.36
6186.7,620.87
6187.3,628.65
6187.9,634.57
6188.5,668.77
6189.1,641.62
6189.7,610.48
6190.2,624.28
6190.8,614.98
6191.4,629.79
6192.0,645.03
6192.6,662.51
6193.2,638.25
6193.7,638.19
6194.3,631.76
6194.9,621.87
6195.5,636.16
6196.1,623.98
6196.7,667.92
6197.3,623.28
6197.8,619.38
6198.4,617.66
6199.0,646.3
6199.6,607.61
6200.2,628.86
6200.8,619.69
6201.3,614.25
6201.9,654.26
6202.5,629.53
6203.1,640.63
6203.7,592.18
6204.3,600.34
6204.9,594.92
6205.4,574.36
6206.0,608.92
6206.6,617.5
6207.2,608.99
6207.8,644.16
6208.4,616.13
6209.0,630.74
6209.5,605.8
6210.1,627.8
6210.7,635.85
6211.3,623.84
6211.9,632.93
6212.5,610.7
6213.0,617.84
6213.6,615.83
6214.2,636.0
6214.8,625.44
6215.4,616.75
6216.0,602.47
6216.6,607.21
6217.1,611.99
6217.7,621.87
6218.3,627.72
6218.9,581.19
6219.5,617.79
6220.1,613.4
6220.6,631.58
6221.2,615.54
6221.8,603.45
6222.4,592.32
6223.0,618.33
6223.6,585.42
6224.1,585.22
6224.7,593.39
6225.3,620.56
6225.9,588.74
6226.5,597.7
6227.1,629.05
6227.7,612.26
6228.2,590.88
6228.8,561.15
6229.4,615.88
6230.0,583.57
6230.6,584.33
6231.2,594.4
6231.7,584.37
6232.3,579.13
6232.9,607.51
6233.5,564.86
6234.1,579.6
6234.7,616.06
6235.3,583.19
6235.8,549.84
6236.4,578.84
6237.0,583.17
6237.6,559.76
6238.2,571.11
6238.8,564.69
6239.3,614.86
6239.9,601.96
6240.5,593.51
6241.1,599.51
6241.7,596.4
6242.3,638.06
6242.9,619.9
6243.4,615.17
6244.0,609.07
6244.6,619.14
6245.2,615.55
6245.8,599.75
6246.4,624.18
6246.9,622.52
6247.5,593.56
6248.1,613.6
6248.7,611.0
6249.3,582.65
6249.9,595.07
6250.4,603.13
6251.0,613.7
6251.6,633.43
6252.2,581.42
6252.8,584.45
6253.4,593.9
6254.0,604.34
6254.5,594.21
6255.1,613.2
6255.7,612.52
6256.3,629.54
6256.9,652.29
6257.5,636.96
6258.0,659.44
6258.6,605.26
6259.2,612.38
6259.8,647.06
6260.4,602.13
6261.0,633.84
6261.6,593.4
6262.1,612.09
6262.7,619.77
6263.3,630.57
6263.9,619.17
6264.5,589.6
6265.1,628.77
6265.6,599.43
6266.2,614.4
6266.8,605.29
6267.4,610.62
6268.0,586.29
6268.6,617.85
6269.1,611.93
6269.7,594.95
6270.3,617.12
6270.9,570.0
6271.5,588.45
6272.1,614.33
6272.7,617.56
6273.2,597.25
6273.8,613.43
6274.4,655.91
6275.0,618.51
6275.6,620.91
6276.2,645.14
6276.7,608.6
6277.3,587.73
6277.9,608.86
6278.5,620.74
6279.1,606.74
6279.7,601.01
6280.2,645.92
6280.8,567.15
6281.4,604.85
6282.0,612.07
6282.6,582.14
6283.2,593.65
6283.7,598.87
6284.3,586.72
6284.9,581.86
6285.5,603.95
6286.1,588.29
6286.7,610.43
6287.3,589.92
6287.8,614.06
6288.4,610.91
6289.0,606.49
6289.6,611.53
6290.2,613.98
6290.8,583.66
6291.3,604.47
6291.9,591.34
6292.5,607.66
6293.1,602.55
6293.7,602.99
6294.3,594.05
6294.8,607.76
6295.4,594.02
6296.0,580.85
6296.6,623.08
6297.2,633.52
6297.8,621.01
6298.3,630.97
6298.9,615.43
6299.5,599.6
6300.1,617.96
6300.7,557.82
6301.3,579.07
6301.9,611.07
6302.4,597.95
6303.0,577.16
6303.6,564.95
6304.2,599.19
6304.8,604.35
6305.4,628.23
6305.9,579.96
6306.5,599.53
6307.1,570.25
6307.7,597.24
6308.3,573.47
6308.9,635.52
6309.4,624.85
6310.0,582.93
6310.6,602.34
6311.2,561.59
6311.8,625.02
6312.4,626.99
6312.9,611.06
6313.5,629.12
6314.1,638.2
6314.7,650.06
6315.3,586.77
6315.9,607.37
6316.4,615.99
6317.0,611.98
6317.6,586.32
6318.2,588.69
6318.8,617.89
6319.4,579.81
6319.9,595.81
6320.5,628.83
6321.1,599.38
6321.7,601.39
6322.3,570.14
6322.9,595.43
6323.5,596.94
6324.0,595.72
6324.6,597.56
6325.2,613.06
6325.8,608.27
6326.4,595.9
6327.0,590.87
6327.5,577.71
6328.1,593.32
6328.7,584.58
6329.3,575.9
6329.9,586.56
6330.5,619.09
6331.0,599.77
6331.6,603.55
6332.2,575.55
6332.8,624.0
6333.4,588.78
6334.0,607.15
6334.5,610.16
6335.1,582.86
6335.7,578.42
6336.3,576.92
6336.9,579.59
6337.5,558.56
6338.0,569.72
6338.6,582.44
6339.2,585.09
6339.8,589.62
6340.4,602.27
6341.0,622.82
6341.5,601.39
6342.1,570.51
6342.7,588.85
6343.3,609.88
6343.9,588.53
6344.5,606.38
6345.0,628.58
6345.6,584.77
6346.2,606.0
6346.8,582.18
6347.4,588.02
6348.0,618.08
6348.5,596.59
6349.1,576.72
6349.7,575.69
6350.3,601.66
6350.9,592.66
6351.5,623.79
6352.0,598.31
6352.6,606.95
6353.2,614.27
6353.8,581.24
6354.4,600.48
6355.0,609.55
6355.5,613.41
6356.1,596.84
6356.7,601.21
6357.3,595.68
6357.9,576.42
6358.5,602.12
6359.0,591.73
6359.6,589.99
6360.2,576.33
6360.8,572.56
6361.4,589.32
6362.0,578.28
6362.5,603.06
6363.1,597.74
6363.7,581.75
6364.3,614.08
6364.9,606.95
6365.5,602.66
6366.0,625.45
6366.6,602.52
6367.2,610.07
6367.8,588.34
6368.4,618.69
6369.0,588.73
6369.5,606.86
6370.1,610.76
6370.7,595.89
6371.3,625.21
6371.9,600.15
6372.5,637.21
6373.0,606.24
6373.6,576.06
6374.2,576.03
6374.8,602.75
6375.4,602.51
6376.0,574.13
6376.5,581.82
6377.1,593.06
6377.7,586.22
6378.3,564.46
6378.9,562.53
6379.5,591.68
6380.0,588.56
6380.6,575.63
6381.2,599.92
6381.8,581.72
6382.4,592.7
6383.0,632.37
6383.5,593.92
6384.1,588.6
6384.7,595.85
6385.3,579.67
6385.9,572.76
6386.5,595.22
6387.0,592.47
6387.6,617.06
6388.2,593.59
6388.8,588.64
6389.4,605.45
6390.0,584.04
6390.5,570.37
6391.1,580.3
6391.7,589.24
6392.3,623.92
6392.9,627.47
6393.5,602.25
6394.0,623.08
6394.6,611.33
6395.2,624.73
6395.8,596.63
6396.4,594.59
6397.0,582.73
6397.5,568.09
6398.1,590.15
6398.7,590.16
6399.3,598.03
6399.9,611.21
6400.4,582.16
6401.0,585.55
6401.6,583.51
6402.2,593.15
6402.8,606.36
6403.4,611.5
6403.9,599.07
6404.5,595.82
6405.1,560.18
6405.7,586.02
6406.3,588.59
6406.9,585.92
6407.4,577.44
6408.0,585.68
6408.6,607.21
6409.2,576.7
6409.8,597.49
6410.4,602.19
6410.9,595.81
6411.5,580.02
6412.1,598.28
6412.7,577.48
6413.3,589.91
6413.9,595.69
6414.4,592.12
6415.0,615.29
6415.6,585.7
6416.2,587.84
6416.8,580.82
6417.3,587.78
6417.9,586.78
6418.5,619.19
6419.1,607.64
6419.7,584.4
6420.3,583.19
6420.8,612.26
6421.4,600.28
6422.0,580.08
6422.6,549.84
6423.2,569.5
6423.8,567.61
6424.3,588.03
6424.9,606.51
6425.5,582.09
6426.1,623.37
6426.7,611.1
6427.3,599.65
6427.8,587.9
6428.4,592.85
6429.0,594.4
6429.6,587.23
6430.2,593.18
6430.7,591.45
6431.3,583.08
6431.9,581.59
6432.5,579.22
6433.1,593.29
6433.7,613.31
6434.2,585.75
6434.8,571.11
6435.4,592.36
6436.0,590.01
6436.6,601.31
6437.2,585.73
6437.7,576.82
6438.3,603.34
6438.9,605.88
6439.5,626.87
6440.1,570.48
6440.7,576.32
6441.2,590.42
6441.8,584.73
6442.4,552.13
6443.0,591.3
6443.6,590.08
6444.1,582.55
6444.7,595.94
6445.3,584.85
6445.9,567.79
6446.5,530.25
6447.1,520.35
6447.6,548.23
6448.2,580.25
6448.8,600.09
6449.4,579.84
6450.0,624.62
6450.6,618.72
6451.1,599.17
6451.7,595.15
6452.3,593.07
6452.9,595.78
6453.5,574.29
6454.0,588.32
6454.6,574.23
6455.2,595.05
6455.8,582.52
6456.4,591.41
6457.0,593.65
6457.5,607.42
6458.1,615.75
6458.7,607.68
6459.3,580.18
6459.9,616.11
6460.4,579.64
6461.0,596.2
6461.6,595.64
6462.2,606.64
6462.8,548.25
6463.4,578.31
6463.9,589.09
6464.5,610.28
6465.1,597.44
6465.7,575.39
6466.3,564.67
6466.9,584.45
6467.4,591.05
6468.0,591.16
6468.6,604.38
6469.2,597.72
6469.8,613.49
6470.3,588.54
6470.9,579.95
6471.5,614.96
6472.1,587.01
6472.7,600.8
6473.3,597.94
6473.8,559.43
6474.4,588.87
6475.0,565.63
6475.6,616.59
6476.2,569.12
6476.7,536.25
6477.3,557.05
6477.9,549.91
6478.5,534.84
6479.1,540.7
6479.7,547.26
6480.2,550.81
6480.8,562.08
6481.4,540.7
6482.0,512.38
6482.6,543.44
6483.1,535.03
6483.7,529.13
6484.3,553.53
6484.9,547.86
6485.5,562.04
6486.1,547.52
6486.6,549.74
6487.2,560.14
6487.8,563.15
6488.4,549.32
6489.0,593.32
6489.5,581.93
6490.1,588.59
6490.7,597.01
6491.3,582.32
6491.9,584.19
6492.5,578.09
6493.0,572.84
6493.6,609.87
6494.2,584.31
6494.8,596.27
6495.4,576.29
6495.9,616.81
6496.5,589.85
6497.1,581.16
6497.7,602.82
6498.3,610.95
6498.9,573.87
6499.4,603.21
6500.0,572.21
6500.6,585.51
6501.2,602.87
6501.8,585.24
6502.3,578.96
6502.9,616.7
6503.5,589.86
6504.1,593.87
6504.7,575.99
6505.3,569.79
6505.8,589.79
6506.4,587.24
6507.0,560.4
6507.6,568.88
6508.2,595.16
6508.7,607.32
6509.3,572.27
6509.9,589.84
6510.5,587.01
6511.1,566.17
6511.6,572.85
6512.2,595.72
6512.8,601.63
6513.4,590.52
6514.0,574.45
6514.6,614.87
6515.1,568.61
6515.7,607.04
6516.3,583.03
6516.9,580.07
6517.5,558.81
6518.0,568.65
6518.6,573.33
6519.2,611.9
6519.8,605.31
6520.4,568.5
6521.0,589.99
6521.5,588.03
6522.1,616.57
6522.7,565.83
6523.3,590.83
6523.9,592.83
6524.4,594.65
6525.0,603.19
6525.6,616.22
6526.2,571.4
6526.8,578.39
6527.3,594.99
6527.9,587.37
6528.5,625.43
6529.1,590.52
6529.7,578.48
6530.3,576.39
6530.8,603.24
6531.4,577.49
6532.0,583.38
6532.6,583.74
6533.2,598.05
6533.7,569.54
6534.3,560.48
6534.9,599.32
6535.5,605.33
6536.1,583.52
6536.6,603.13
6537.2,602.43
6537.8,605.15
6538.4,595.18
6539.0,615.25
6539.5,638.56
6540.1,599.41
6540.7,580.12
6541.3,568.44
6541.9,590.56
6542.5,582.45
6543.0,616.95
6543.6,616.43
6544.2,612.09
6544.8,623.54
6545.4,619.25
6545.9,622.05
6546.5,652.69
6547.1,671.54
6547.7,739.45
6548.3,757.17
6548.8,777.91
6549.4,743.79
6550.0,747.78
6550.6,778.84
6551.2,745.79
6551.8,687.99
6552.3,564.62
6552.9,483.28
6553.5,533.01
6554.1,593.05
6554.7,687.53
6555.2,682.8
6555.8,692.66
6556.4,655.39
6557.0,641.21
6557.6,672.08
6558.1,661.46
6558.7,639.13
6559.3,652.92
6559.9,664.86
6560.5,656.59
6561.0,638.58
6561.6,665.1
6562.2,626.49
6562.8,579.22
6563.4,560.36
6563.9,559.6
6564.5,574.04
6565.1,662.07
6565.7,677.7
6566.3,638.89
6566.8,646.0
6567.4,608.0
6568.0,634.44
6568.6,624.79
6569.2,609.35
6569.8,604.4
6570.3,587.21
6570.9,596.31
6571.5,583.72
6572.1,571.89
6572.7,588.51
6573.2,581.92
6573.8,600.17
6574.4,599.29
6575.0,580.8
6575.6,610.32
6576.1,573.55
6576.7,528.4
6577.3,551.95
6577.9,563.37
6578.5,540.46
6579.0,537.65
6579.6,540.42
6580.2,592.5
6580.8,572.47
6581.4,568.18
6581.9,544.49
6582.5,554.81
6583.1,556.95
6583.7,556.41
6584.3,593.81
6584.8,591.16
6585.4,580.44
6586.0,584.65
6586.6,575.54
6587.2,555.97
6587.7,573.53
6588.3,601.03
6588.9,585.25
6589.5,590.63
6590.1,556.62
6590.6,572.02
6591.2,562.13
6591.8,566.54
6592.4,578.61
6593.0,568.66
6593.5,578.05
6594.1,605.87
6594.7,591.89
6595.3,579.45
6595.9,567.0
6596.5,614.22
6597.0,568.46
6597.6,566.18
6598.2,595.44
6598.8,607.93
6599.4,597.79
6599.9,584.01
6600.5,604.81
6601.1,588.61
6601.7,573.98
6602.3,594.75
6602.8,604.22
6603.4,563.25
6604.0,561.07
6604.6,584.32
6605.2,585.69
6605.7,586.48
6606.3,599.87
6606.9,588.65
6607.5,589.44
6608.1,581.38
6608.6,593.88
6609.2,560.22
6609.8,580.41
6610.4,587.62
6611.0,588.88
6611.5,582.82
6612.1,581.08
6612.7,580.98
6613.3,568.32
6613.9,568.4
6614.4,606.29
6615.0,564.81
6615.6,575.9
6616.2,573.29
6616.8,580.36
6617.3,573.95
6617.9,595.52
6618.5,567.28
6619.1,556.57
6619.7,566.65
6620.2,595.65
6620.8,595.16
6621.4,578.77
6622.0,549.63
6622.5,589.21
6623.1,593.89
6623.7,575.49
6624.3,564.5
6624.9,574.69
6625.4,596.51
6626.0,622.99
6626.6,593.45
6627.2,563.93
6627.8,570.41
6628.3,584.55
6628.9,556.09
6629.5,575.14
6630.1,604.54
6630.7,571.47
6631.2,581.9
6631.8,552.29
6632.4,568.06
6633.0,591.77
6633.6,574.73
6634.1,568.66
6634.7,581.89
6635.3,573.65
6635.9,586.82
6636.5,601.04
6637.0,555.58
6637.6,564.08
6638.2,594.19
6638.8,576.54
6639.4,586.19
6639.9,567.55
6640.5,564.05
6641.1,574.43
6641.7,541.69
6642.3,569.04
6642.8,565.67
6643.4,605.42
6644.0,602.49
6644.6,566.99
6645.2,585.06
6645.7,586.76
6646.3,574.24
6646.9,567.72
6647.5,535.85
6648.0,585.51
6648.6,571.76
6649.2,579.21
6649.8,583.22
6650.4,571.45
6650.9,578.81
6651.5,594.46
6652.1,585.99
6652.7,578.74
6653.3,579.51
6653.8,578.4
6654.4,578.75
6655.0,594.9
6655.6,566.41
6656.2,581.44
6656.7,565.22
6657.3,599.29
6657.9,579.19
6658.5,592.15
6659.1,600.3
6659.6,595.36
6660.2,609.34
6660.8,569.22
6661.4,571.75
6661.9,609.93
6662.5,570.72
6663.1,564.44
6663.7,574.22
6664.3,583.45
6664.8,584.47
6665.4,584.1
6666.0,596.43
6666.6,585.87
6667.2,568.05
6667.7,592.82
6668.3,600.22
6668.9,566.18
6669.5,586.21
6670.1,568.36
6670.6,547.06
6671.2,579.46
6671.8,589.25
6672.4,579.61
6672.9,575.49
6673.5,580.08
6674.1,570.84
6674.7,575.51
6675.3,584.04
6675.8,579.53
6676.4,581.15
6677.0,594.14
6677.6,581.87
6678.2,580.2
6678.7,578.92
6679.3,576.93
6679.9,586.91
6680.5,591.68
6681.1,569.28
6681.6,569.73
6682.2,570.36
6682.8,586.41
6683.4,555.48
6683.9,568.24
6684.5,583.07
6685.1,595.46
6685.7,576.76
6686.3,584.06
6686.8,544.74
6687.4,569.99
6688.0,572.24
6688.6,551.99
6689.2,601.05
6689.7,593.73
6690.3,563.69
6690.9,574.89
6691.5,592.99
6692.0,599.5
6692.6,597.71
6693.2,591.66
6693.8,588.14
6694.4,594.26
6694.9,577.46
6695.5,595.75
6696.1,592.64
6696.7,571.04
6697.3,596.76
6697.8,594.26
6698.4,578.74
6699.0,573.9
6699.6,589.79
6700.1,550.14
6700.7,569.67
6701.3,594.07
6701.9,585.06
6702.5,578.78
6703.0,580.46
6703.6,563.52
6704.2,567.37
6704.8,602.03
6705.3,592.62
6705.9,581.51
6706.5,558.58
6707.1,576.67
6707.7,566.88
6708.2,580.93
6708.8,583.08
6709.4,577.91
6710.0,594.43
6710.6,583.26
6711.1,561.61
6711.7,575.77
6712.3,571.27
6712.9,582.46
6713.4,575.44
6714.0,591.71
6714.6,575.47
6715.2,590.6
6715.8,557.43
6716.3,592.42
6716.9,582.51
6717.5,591.33
6718.1,580.25
6718.6,571.46
6719.2,572.94
6719.8,558.49
6720.4,581.91
6721.0,582.51
6721.5,578.1
6722.1,569.72
6722.7,582.25
6723.3,570.5
6723.8,553.84
6724.4,574.78
6725.0,554.3
6725.6,578.68
6726.2,584.5
6726.7,577.82
6727.3,558.92
6727.9,567.4
6728.5,600.77
6729.0,606.95
6729.6,584.54
6730.2,558.89
6730.8,577.38
6731.4,591.63
6731.9,568.68
6732.5,591.35
6733.1,564.56
6733.7,544.05
6734.2,582.32
6734.8,571.51
6735.4,551.36
6736.0,594.33
6736.6,583.01
6737.1,571.74
6737.7,552.72
6738.3,564.64
6738.9,551.63
6739.4,553.67
6740.0,552.06
6740.6,544.7
6741.2,551.05
6741.8,562.06
6742.3,598.14
6742.9,561.94
6743.5,589.1
6744.1,589.62
6744.6,571.32
6745.2,553.34
6745.8,571.11
6746.4,590.71
6747.0,592.45
6747.5,564.41
6748.1,563.81
6748.7,564.38
6749.3,594.13
6749.8,583.81
6750.4,588.44
6751.0,564.14
6751.6,556.23
6752.2,554.65
6752.7,564.97
6753.3,579.89
6753.9,573.48
6754.5,557.86
6755.0,543.34
6755.6,576.15
6756.2,561.4
6756.8,562.54
6757.3,579.97
6757.9,556.61
6758.5,575.67
6759.1,561.93
6759.7,561.1
6760.2,598.19
6760.8,565.37
6761.4,578.86
6762.0,568.27
6762.5,598.98
6763.1,558.59
6763.7,560.38
6764.3,551.16
6764.9,547.76
6765.4,564.74
6766.0,562.62
6766.6,548.06
6767.2,564.59
6767.7,580.0
6768.3,561.25
6768.9,581.47
6769.5,579.89
6770.0,571.06
6770.6,570.91
6771.2,562.43
6771.8,566.65
6772.4,564.46
6772.9,553.66
6773.5,550.25
6774.1,586.63
6774.7,566.24
6775.2,566.77
6775.8,571.24
6776.4,568.38
6777.0,535.17
6777.5,554.76
6778.1,547.44
6778.7,571.91
6779.3,562.6
6779.9,560.31
6780.4,553.48
6781.0,571.43
6781.6,548.99
6782.2,574.73
6782.7,566.22
6783.3,563.82
6783.9,549.73
6784.5,566.56
6785.0,544.05
6785.6,542.81
6786.2,555.87
6786.8,587.58
6787.3,555.4
6787.9,551.11
6788.5,580.38
6789.1,579.37
6789.7,573.01
6790.2,564.63
6790.8,578.85
6791.4,561.24
6792.0,567.06
6792.5,565.01
6793.1,543.53
6793.7,564.85
6794.3,553.14
6794.8,578.43
6795.4,556.68
6796.0,570.14
6796.6,554.22
6797.1,561.29
6797.7,588.07
6798.3,570.56
6798.9,540.23
6799.5,572.86
6800.0,577.13
6800.6,597.01
6801.2,556.85
6801.8,592.93
6802.3,584.04
6802.9,600.47
6803.5,582.02
6804.1,573.12
6804.6,573.2
6805.2,574.14
6805.8,560.2
6806.4,584.64
6806.9,580.3
6807.5,594.85
6808.1,616.47
6808.7,588.28
6809.3,546.02
6809.8,595.05
6810.4,556.47
6811.0,553.03
6811.6,560.79
6812.1,531.79
6812.7,540.42
6813.3,569.59
6813.9,569.78
6814.4,555.97
6815.0,576.53
6815.6,579.75
6816.2,583.12
6816.7,555.43
6817.3,568.41
6817.9,553.85
6818.5,545.35
6819.0,549.37
6819.6,567.02
6820.2,580.25
6820.8,558.33
6821.3,584.29
6821.9,572.16
6822.5,565.42
6823.1,563.41
6823.7,550.73
6824.2,548.71
6824.8,559.38
6825.4,557.99
6826.0,568.36
6826.5,540.63
6827.1,541.68
6827.7,552.25
6828.3,553.97
6828.8,549.8
6829.4,576.1
6830.0,591.06
6830.6,545.55
6831.1,550.27
6831.7,566.38
6832.3,561.75
6832.9,540.28
6833.4,567.4
6834.0,544.71
6834.6,578.45
6835.2,552.8
6835.7,578.7
6836.3,552.43
6836.9,567.02
6837.5,575.05
6838.0,557.74
6838.6,534.76
6839.2,547.9
6839.8,569.87
6840.3,531.38
6840.9,564.64
6841.5,554.46
6842.1,539.5
6842.6,568.29
6843.2,553.43
6843.8,573.23
6844.4,549.28
6845.0,532.52
6845.5,540.9
6846.1,548.64
6846.7,532.51
6847.3,548.14
6847.8,574.7
6848.4,535.13
6849.0,571.07
6849.6,576.95
6850.1,549.69
6850.7,556.73
6851.3,573.17
6851.9,550.82
6852.4,581.21
6853.0,566.19
6853.6,569.71
6854.2,569.49
6854.7,549.65
6855.3,581.26
6855.9,555.32
6856.5,566.61
6857.0,575.05
6857.6,572.33
6858.2,537.13
6858.8,551.01
6859.3,563.84
6859.9,555.32
6860.5,586.26
6861.1,571.76
6861.6,570.43
6862.2,555.71
6862.8,539.0
6863.4,554.43
6863.9,587.75
6864.5,558.98
6865.1,541.17
6865.7,552.26
6866.2,579.88
6866.8,591.16
6867.4,595.9
6868.0,614.63
6868.5,573.25
6869.1,536.44
6869.7,528.39
6870.3,557.23
6870.8,559.52
6871.4,571.96
6872.0,578.17
6872.6,537.83
6873.1,584.4
6873.7,563.28
6874.3,556.65
6874.9,572.57
6875.4,580.6
6876.0,553.71
6876.6,542.81
6877.2,573.82
6877.7,527.71
6878.3,528.38
6878.9,546.32
6879.4,599.43
6880.0,550.07
6880.6,536.79
6881.2,560.95
6881.7,548.87
6882.3,571.23
6882.9,545.91
6883.5,553.86
6884.0,574.72
6884.6,564.55
6885.2,559.23
6885.8,560.11
6886.3,578.77
6886.9,543.87
6887.5,551.08
6888.1,595.33
6888.6,564.01
6889.2,547.22
6889.8,573.37
6890.4,536.45
6890.9,549.59
6891.5,574.3
6892.1,541.53
6892.7,560.29
6893.2,569.67
6893.8,573.09
6894.4,537.8
6895.0,589.63
6895.5,570.07
6896.1,551.78
6896.7,557.16
6897.3,537.45
6897.8,567.38
6898.4,535.7
6899.0,563.8
6899.6,601.04
6900.1,561.45
6900.7,562.97
6901.3,521.0
6901.8,576.23
6902.4,535.61
6903.0,561.28
6903.6,581.48
6904.1,562.36
6904.7,546.07
6905.3,564.64
6905.9,541.96
6906.4,569.76
6907.0,560.95
6907.6,579.38
6908.2,565.63
6908.7,524.16
6909.3,588.29
6909.9,520.94
6910.5,538.65
6911.0,574.41
6911.6,546.87
6912.2,549.0
6912.8,546.2
6913.3,557.69
6913.9,548.27
6914.5,541.31
6915.0,546.21
6915.6,570.65
6916.2,537.89
6916.8,570.93
6917.3,549.57
6917.9,566.69
6918.5,546.33
6919.1,564.04
6919.6,560.62
6920.2,552.39
6920.8,574.17
6921.4,547.29
6921.9,572.2
6922.5,575.95
6923.1,542.13
6923.7,559.64
6924.2,536.99
6924.8,556.96
6925.4,563.27
6925.9,568.6
6926.5,544.43
6927.1,544.96
6927.7,520.71
6928.2,548.38
6928.8,552.47
6929.4,544.44
6930.0,521.74
6930.5,519.11
6931.1,564.53
6931.7,544.06
6932.3,546.07
6932.8,547.48
6933.4,513.96
6934.0,557.86
6934.5,564.76
6935.1,520.52
6935.7,542.03
6936.3,550.14
6936.8,554.37
6937.4,569.61
6938.0,537.08
6938.6,524.62
6939.1,532.24
6939.7,536.58
6940.3,553.92
6940.9,549.34
6941.4,526.27
6942.0,531.91
6942.6,570.34
6943.1,545.83
6943.7,535.43
6944.3,541.49
6944.9,522.05
6945.4,549.52
6946.0,586.64
6946.6,552.07
6947.2,547.52
6947.7,566.83
6948.3,508.37
6948.9,565.66
6949.4,534.57
6950.0,553.07
6950.6,535.62
6951.2,564.68
6951.7,511.6
6952.3,533.72
6952.9,539.71
6953.5,546.01
6954.0,572.68
6954.6,565.75
6955.2,563.71
6955.7,541.55
6956.3,575.29
6956.9,537.32
6957.5,541.33
6958.0,557.02
6958.6,532.45
6959.2,572.54
6959.8,524.9
6960.3,529.07
6960.9,524.28
6961.5,528.48
6962.0,529.12
6962.6,538.14
6963.2,551.99
6963.8,569.26
6964.3,518.55
6964.9,536.4
6965.5,501.55
6966.1,524.22
6966.6,558.71
6967.2,550.5
6967.8,533.24
6968.3,532.51
6968.9,542.04
6969.5,541.3
6970.1,543.42
6970.6,543.91
6971.2,547.74
6971.8,532.04
6972.4,529.24
6972.9,584.43
6973.5,552.55
6974.1,536.26
6974.6,559.42
6975.2,566.25
6975.8,588.04
6976.4,518.38
6976.9,546.71
6977.5,547.82
6978.1,535.49
6978.6,536.81
6979.2,577.63
6979.8,533.56
6980.4,549.38
6980.9,549.65
6981.5,535.11
6982.1,500.04
6982.7,546.41
6983.2,485.62
6983.8,549.95
6984.4,532.08
6984.9,527.52
6985.5,537.79
6986.1,545.25
6986.7,559.36
6987.2,543.2
6987.8,545.6
6988.4,539.53
6988.9,520.44
6989.5,514.71
6990.1,526.02
6990.7,536.33
6991.2,512.45
6991.8,529.6
6992.4,515.49
6992.9,538.09
6993.5,536.18
6994.1,515.46
6994.7,513.35
6995.2,529.14
6995.8,557.52
6996.4,551.91
6996.9,544.88
6997.5,543.9
6998.1,554.62
6998.7,556.27
6999.2,542.0
6999.8,520.44
7000.4,544.46
7000.9,521.12
7001.5,536.1
7002.1,557.76
7002.7,525.71
7003.2,516.25
7003.8,555.83
7004.4,517.4
7004.9,527.13
7005.5,519.24
7006.1,522.68
7006.7,533.33
7007.2,527.53
7007.8,526.6
7008.4,515.06
7008.9,522.8
7009.5,510.89
7010.1,515.83
7010.7,560.09
7011.2,556.48
7011.8,529.36
7012.4,541.14
7012.9,507.61
7013.5,544.52
7014.1,544.19
7014.7,531.52
7015.2,523.05
7015.8,529.71
7016.4,542.62
7016.9,533.23
7017.5,541.32
7018.1,558.54
7018.7,514.9
7019.2,541.26
7019.8,532.88
7020.4,533.83
7020.9,530.84
7021.5,560.81
7022.1,544.36
7022.7,541.31
7023.2,534.89
7023.8,539.23
7024.4,535.59
7024.9,533.25
7025.5,527.09
7026.1,537.19
7026.7,516.58
7027.2,522.54
7027.8,529.04
7028.4,553.66
7028.9,528.21
7029.5,539.45
7030.1,522.42
7030.6,549.48
7031.2,546.71
7031.8,543.6
7032.4,535.49
7032.9,554.92
7033.5,550.47
7034.1,557.47
7034.6,537.66
7035.2,553.03
7035.8,527.69
7036.4,514.93
7036.9,542.96
7037.5,557.31
7038.1,535.88
7038.6,525.67
7039.2,536.59
7039.8,523.49
7040.4,554.34
7040.9,539.45
7041.5,547.54
7042.1,539.07
7042.6,535.84
7043.2,542.61
7043.8,533.6
7044.3,535.77
7044.9,543.99
7045.5,522.04
7046.1,554.07
7046.6,538.28
7047.2,530.18
7047.8,530.0
7048.3,526.88
7048.9,553.41
7049.5,518.27
7050.0,528.62
7050.6,531.52
7051.2,513.01
7051.8,518.74
7052.3,532.98
7052.9,565.83
7053.5,531.47
7054.0,550.42
7054.6,523.31
7055.2,508.01
7055.7,517.22
7056.3,520.78
7056.9,536.97
7057.5,521.96
7058.0,545.98
7058.6,539.71
7059.2,544.62
7059.7,543.73
7060.3,562.32
7060.9,526.1
7061.4,535.73
7062.0,542.02
7062.6,561.91
7063.2,546.83
7063.7,561.64
7064.3,523.71
7064.9,529.49
7065.4,542.95
7066.0,550.96
7066.6,526.07
7067.1,550.73
7067.7,523.25
7068.3,546.41
7068.9,520.44
7069.4,525.76
7070.0,535.13
7070.6,563.2
7071.1,557.01
7071.7,523.16
7072.3,528.26
7072.8,536.84
7073.4,557.18
7074.0,532.34
7074.6,541.15
7075.1,552.31
7075.7,562.43
7076.3,529.49
7076.8,563.1
7077.4,572.9
7078.0,541.33
7078.5,535.43
7079.1,545.67
7079.7,522.89
7080.2,547.26
7080.8,534.16
7081.4,512.05
7082.0,520.7
7082.5,538.51
7083.1,553.29
7083.7,541.13
7084.2,541.85
7084.8,532.0
7085.4,536.34
7085.9,526.03
7086.5,542.05
7087.1,559.26
7087.6,533.51
7088.2,532.12
7088.8,524.15
7089.4,535.82
7089.9,516.46
7090.5,537.45
7091.1,524.25
7091.6,513.91
7092.2,492.17
7092.8,520.54
7093.3,553.94
7093.9,531.47
7094.5,508.54
7095.0,508.76
7095.6,537.79
7096.2,537.57
7096.8,549.35
7097.3,518.45
7097.9,505.7
7098.5,515.96
7099.0,548.66
7099.6,549.08
7100.2,506.4
7100.7,498.25
7101.3,531.71
7101.9,542.58
7102.4,523.76
7103.0,500.13
7103.6,526.95
7104.1,524.09
7104.7,525.7
7105.3,514.49
7105.9,517.41
7106.4,494.26
7107.0,495.62
7107.6,490.79
7108.1,529.98
7108.7,522.12
7109.3,539.05
7109.8,515.43
7110.4,532.81
7111.0,511.29
7111.5,523.9
7112.1,507.12
7112.7,530.61
7113.2,509.52
7113.8,521.81
7114.4,534.48
7114.9,516.57
7115.5,495.53
7116.1,520.67
7116.7,541.55
7117.2,544.38
7117.8,552.85
7118.4,555.46
7118.9,545.15
7119.5,543.59
7120.1,521.04
7120.6,538.01
7121.2,535.16
7121.8,551.86
7122.3,529.25
7122.9,521.19
7123.5,537.41
7124.0,533.37
7124.6,508.35
7125.2,524.21
7125.7,517.84
7126.3,535.04
7126.9,502.86
7127.4,508.03
7128.0,534.28
7128.6,536.82
7129.2,551.27
7129.7,548.3
7130.3,511.09
7130.9,522.14
7131.4,517.91
7132.0,521.2
7132.6,515.94
7133.1,508.11
7133.7,554.71
7134.3,527.21
7134.8,528.43
7135.4,524.74
7136.0,530.84
7136.5,539.54
7137.1,511.32
7137.7,532.45
7138.2,506.34
7138.8,507.15
7139.4,545.11
7139.9,541.81
7140.5,537.63
7141.1,539.1
7141.6,545.77
7142.2,526.65
7142.8,549.27
7143.3,530.45
7143.9,541.97
7144.5,524.32
7145.0,527.47
7145.6,498.7
7146.2,527.82
7146.8,512.05
7147.3,525.44
7147.9,527.72
7148.5,538.95
7149.0,512.35
7149.6,533.71
7150.2,539.7
7150.7,517.42
7151.3,495.42
7151.9,530.13
7152.4,530.23
7153.0,529.47
7153.6,528.93
7154.1,531.04
7154.7,546.86
7155.3,512.57
7155.8,508.37
7156.4,510.59
7157.0,546.94
7157.5,551.77
7158.1,501.84
7158.7,545.22
7159.2,562.52
7159.8,545.17
7160.4,538.06
7160.9,538.34
7161.5,530.93
7162.1,526.44
7162.6,528.47
7163.2,518.65
7163.8,538.45
7164.3,509.0
7164.9,508.8
7165.5,502.47
7166.0,554.19
7166.6,532.46
7167.2,512.66
7167.7,511.53
7168.3,525.72
7168.9,501.87
7169.4,524.52
7170.0,521.38
7170.6,503.69
7171.1,506.65
7171.7,531.84
7172.3,520.35
7172.8,536.64
7173.4,506.62
7174.0,507.3
7174.5,502.14
7175.1,519.68
7175.7,492.96
7176.2,531.62
7176.8,501.65
7177.4,503.92
7177.9,530.75
7178.5,489.16
7179.1,499.18
7179.6,555.12
7180.2,501.14
7180.8,537.66
7181.3,528.14
7181.9,524.11
7182.5,504.5
7183.0,496.28
7183.6,508.1
7184.2,515.89
7184.7,538.18
7185.3,520.88
7185.9,520.98
7186.4,528.79
7187.0,526.39
7187.6,523.35
7188.1,507.48
7188.7,485.85
7189.3,489.89
7189.8,537.38
7190.4,527.64
7191.0,527.69
7191.5,504.98
7192.1,500.21
7192.7,504.45
7193.2,530.13
7193.8,541.26
7194.4,500.03
7194.9,531.62
7195.5,537.74
7196.1,495.46
7196.6,503.52
7197.2,507.29
7197.8,528.02
7198.3,501.87
7198.9,511.39
7199.4,542.29
7200.0,549.21
7200.6,515.92
7201.1,541.58
7201.7,485.91
7202.3,513.95
7202.8,517.35
7203.4,511.06
7204.0,508.08
7204.5,490.52
7205.1,481.39
7205.7,517.06
7206.2,482.95
7206.8,495.7
7207.4,468.41
7207.9,494.12
7208.5,494.83
7209.1,503.76
7209.6,542.83
7210.2,541.31
7210.8,498.87
7211.3,496.58
7211.9,519.04
7212.5,533.19
7213.0,513.42
7213.6,516.97
7214.2,549.86
7214.7,528.7
7215.3,527.94
7215.8,523.8
7216.4,554.47
7217.0,495.99
7217.5,528.5
7218.1,501.57
7218.7,541.65
7219.2,533.75
7219.8,543.96
7220.4,527.44
7220.9,526.12
7221.5,530.68
7222.1,532.05
7222.6,534.3
7223.2,516.17
7223.8,545.98
7224.3,532.33
7224.9,511.77
7225.5,522.91
7226.0,514.53
7226.6,527.13
7227.1,502.95
7227.7,514.31
7228.3,524.44
7228.8,523.75
7229.4,532.41
7230.0,517.66
7230.5,538.93
7231.1,521.97
7231.7,570.09
7232.2,520.11
7232.8,498.31
7233.4,494.39
7233.9,518.23
7234.5,503.49
7235.1,486.69
7235.6,492.6
7236.2,536.74
7236.8,511.21
7237.3,511.65
7237.9,547.49
7238.4,510.85
7239.0,540.72
7239.6,555.66
7240.1,530.76
7240.7,499.93
7241.3,505.52
7241.8,502.47
7242.4,528.41
7243.0,520.98
7243.5,533.75
7244.1,511.56
7244.7,506.95
7245.2,517.42
7245.8,497.59
7246.3,493.98
7246.9,501.43
7247.5,530.65
7248.0,495.57
7248.6,515.15
7249.2,483.2
7249.7,522.42
7250.3,521.05
7250.9,532.13
7251.4,543.73
7252.0,512.78
7252.6,522.66
7253.1,505.14
7253.7,467.23
7254.2,488.59
7254.8,521.94
7255.4,536.53
7255.9,536.88
7256.5,568.76
7257.1,518.52
7257.6,495.93
7258.2,502.13
7258.8,508.32
7259.3,511.92
7259.9,500.57
7260.4,502.69
7261.0,527.2
7261.6,527.06
7262.1,512.15
7262.7,501.85
7263.3,508.22
7263.8,494.5
7264.4,539.48
7265.0,505.64
7265.5,471.88
7266.1,500.35
7266.6,495.13
7267.2,504.49
7267.8,512.48
7268.3,518.16
7268.9,501.6
7269.5,493.51
7270.0,497.77
7270.6,530.57
7271.2,494.32
7271.7,472.03
7272.3,465.12
7272.8,482.71
7273.4,503.55
7274.0,498.08
7274.5,474.56
7275.1,505.25
7275.7,509.43
7276.2,536.97
7276.8,496.11
7277.4,500.37
7277.9,493.58
7278.5,473.19
7279.0,513.51
7279.6,520.0
7280.2,485.09
7280.7,513.02
7281.3,521.8
7281.9,549.97
7282.4,522.66
7283.0,490.64
7283.5,489.76
7284.1,512.53
7284.7,469.83
7285.2,510.65
7285.8,513.49
7286.4,540.56
7286.9,526.23
7287.5,523.95
7288.1,509.27
7288.6,529.87
7289.2,560.18
7289.7,595.4
7290.3,637.33
7290.9,737.42
7291.4,994.58
7292.0,1104.5
7292.6,697.53
7293.1,671.98
7293.7,630.33
7294.2,609.99
7294.8,597.95
7295.4,576.67
7295.9,635.63
7296.5,646.46
7297.1,847.25
7297.6,1398.6
7298.2,1764.1
7298.7,1670.7
7299.3,1158.9
7299.9,1065.1
7300.4,794.99
7301.0,585.68
7301.6,562.79
7302.1,505.94
7302.7,496.82
7303.2,506.8
7303.8,482.72
7304.4,491.78
7304.9,483.17
7305.5,486.11
7306.1,510.09
7306.6,478.96
7307.2,500.01
7307.7,488.55
7308.3,510.8
7308.9,475.5
7309.4,506.76
7310.0,486.23
7310.6,482.77
7311.1,512.0
7311.7,513.66
7312.2,528.73
7312.8,490.8
7313.4,491.12
7313.9,505.47
7314.5,526.75
7315.0,502.3
7315.6,518.33
7316.2,514.68
7316.7,508.69
7317.3,518.45
7317.9,533.2
7318.4,532.38
7319.0,506.79
7319.5,516.67
7320.1,505.54
7320.7,498.18
7321.2,519.63
7321.8,518.22
7322.4,503.65
7322.9,515.72
7323.5,524.51
7324.0,529.15
7324.6,504.38
7325.2,489.43
7325.7,514.58
7326.3,527.53
7326.8,502.74
7327.4,502.42
7328.0,503.67
7328.5,515.77
7329.1,529.72
7329.7,505.12
7330.2,495.57
7330.8,514.68
7331.3,538.1
7331.9,529.35
7332.5,495.15
7333.0,504.62
7333.6,529.66
7334.1,483.39
7334.7,513.95
7335.3,516.62
7335.8,496.73
7336.4,517.09
7336.9,525.75
7337.5,490.11
7338.1,493.56
7338.6,492.72
7339.2,479.46
7339.8,495.38
7340.3,497.55
7340.9,498.05
7341.4,491.81
7342.0,495.22
7342.6,503.68
7343.1,503.2
7343.7,513.11
7344.2,507.15
7344.8,513.93
7345.4,518.21
7345.9,476.67
7346.5,527.89
7347.0,507.46
7347.6,482.92
7348.2,489.37
7348.7,537.77
7349.3,525.37
7349.8,501.87
7350.4,499.46
7351.0,525.91
7351.5,506.32
7352.1,509.36
7352.7,490.15
7353.2,510.28
7353.8,528.74
7354.3,492.59
7354.9,510.82
7355.5,527.06
7356.0,503.64
7356.6,524.41
7357.1,531.08
7357.7,520.71
7358.3,516.42
7358.8,481.72
7359.4,499.02
7359.9,517.87
7360.5,503.41
7361.1,510.35
7361.6,507.05
7362.2,509.5
7362.7,494.86
7363.3,502.88
7363.9,489.4
7364.4,506.26
7365.0,508.94
7365.5,510.62
7366.1,508.01
7366.7,517.33
7367.2,499.75
7367.8,508.41
7368.3,535.22
7368.9,504.71
7369.5,481.29
7370.0,499.29
7370.6,482.61
7371.1,487.8
7371.7,472.01
7372.3,476.91
7372.8,496.23
7373.4,522.0
7373.9,518.11
7374.5,504.34
7375.1,509.96
7375.6,498.87
7376.2,503.87
7376.7,473.75
7377.3,490.08
7377.9,494.25
7378.4,495.0
7379.0,498.87
7379.5,503.55
7380.1,505.11
7380.7,500.72
7381.2,494.99
7381.8,490.86
7382.3,499.12
7382.9,483.57
7383.5,492.4
7384.0,530.89
7384.6,527.15
7385.1,520.83
7385.7,518.11
7386.3,491.91
7386.8,515.15
7387.4,494.28
7387.9,499.17
7388.5,482.75
7389.0,501.39
7389.6,497.89
7390.2,485.15
7390.7,522.78
7391.3,486.56
7391.8,507.19
7392.4,512.78
7393.0,492.54
7393.5,498.57
7394.1,500.24
7394.6,504.23
7395.2,504.54
7395.8,486.26
7396.3,481.58
7396.9,473.76
7397.4,506.13
7398.0,515.53
7398.6,480.03
7399.1,484.51
7399.7,493.4
7400.2,491.48
7400.8,490.49
7401.3,500.83
7401.9,510.18
7402.5,516.57
7403.0,508.52
7403.6,495.21
7404.1,485.11
7404.7,491.77
7405.3,477.69
7405.8,452.85
7406.4,492.32
7406.9,483.72
7407.5,506.71
7408.1,506.53
7408.6,501.92
7409.2,492.27
7409.7,518.63
7410.3,489.5
7410.8,493.44
7411.4,511.25
7412.0,487.32
7412.5,474.2
7413.1,483.85
7413.6,509.58
7414.2,492.5
7414.8,533.23
7415.3,493.14
7415.9,495.09
7416.4,475.05
7417.0,503.62
7417.5,496.64
7418.1,493.88
7418.7,496.55
7419.2,501.01
7419.8,514.67
7420.3,531.48
7420.9,506.42
7421.5,485.82
7422.0,522.35
7422.6,492.68
7423.1,510.05
7423.7,521.41
7424.2,509.98
7424.8,504.49
7425.4,486.74
7425.9,486.73
7426.5,499.67
7427.0,535.95
7427.6,507.26
7428.1,499.25
7428.7,481.23
7429.3,496.46
7429.8,512.9
7430.4,496.52
7430.9,482.15
7431.5,488.54
7432.1,478.99
7432.6,484.28
7433.2,492.66
7433.7,502.6
7434.3,489.11
7434.8,515.94
7435.4,501.99
7436.0,477.76
7436.5,486.2
7437.1,502.01
7437.6,517.91
7438.2,501.35
7438.7,494.32
7439.3,486.9
7439.9,480.72
7440.4,500.01
7441.0,497.29
7441.5,490.2
7442.1,533.73
7442.6,483.81
7443.2,501.26
7443.8,486.29
7444.3,511.64
7444.9,489.67
7445.4,477.24
7446.0,491.79
7446.5,503.07
7447.1,483.13
7447.7,513.32
7448.2,513.08
7448.8,502.64
7449.3,496.44
7449.9,499.87
7450.4,485.79
7451.0,498.02
7451.6,466.21
7452.1,475.34
7452.7,530.45
7453.2,508.08
7453.8,492.39
7454.3,508.48
7454.9,512.18
7455.5,513.96
7456.0,540.8
7456.6,506.88
7457.1,484.69
7457.7,454.14
7458.2,511.74
7458.8,500.44
7459.4,492.15
7459.9,508.98
7460.5,502.93
7461.0,509.7
7461.6,483.6
7462.1,488.42
7462.7,481.58
7463.2,491.33
7463.8,505.07
7464.4,470.35
7464.9,506.27
7465.5,490.93
7466.0,490.44
7466.6,498.46
7467.1,508.97
7467.7,503.51
7468.3,502.14
7468.8,509.89
7469.4,486.01
7469.9,489.45
7470.5,487.53
7471.0,493.23
7471.6,515.19
7472.1,469.0
7472.7,465.21
7473.3,470.73
7473.8,521.62
7474.4,479.69
7474.9,501.36
7475.5,498.19
7476.0,507.95
7476.6,480.28
7477.2,503.04
7477.7,491.25
7478.3,489.72
7478.8,502.07
7479.4,488.1
7479.9,488.15
7480.5,481.93
7481.0,478.95
7481.6,487.47
7482.2,499.56
7482.7,491.36
7483.3,500.62
7483.8,467.08
7484.4,488.7
7484.9,500.93
7485.5,505.24
7486.0,497.6
7486.6,487.09
7487.2,490.58
7487.7,499.28
7488.3,477.52
7488.8,497.0
7489.4,459.85
7489.9,501.96
7490.5,493.74
7491.0,514.98
7491.6,502.21
7492.2,492.24
7492.7,507.3
7493.3,515.77
7493.8,476.62
7494.4,482.41
7494.9,508.2
7495.5,502.89
7496.0,453.08
7496.6,476.51
7497.1,488.59
7497.7,499.83
7498.3,488.67
7498.8,484.45
7499.4,473.13
7499.9,498.8
7500.5,485.22
7501.0,478.26
7501.6,482.54
7502.1,489.84
7502.7,524.0
7503.3,490.33
7503.8,476.93
7504.4,493.37
7504.9,488.19
7505.5,466.69
7506.0,479.9
7506.6,503.33
7507.1,503.26
7507.7,511.66
7508.2,486.98
7508.8,489.54
7509.4,512.67
7509.9,508.09
7510.5,482.82
7511.0,514.72
7511.6,473.35
7512.1,500.24
7512.7,493.67
7513.2,480.79
7513.8,492.99
7514.3,482.76
7514.9,477.73
7515.5,484.62
7516.0,459.88
7516.6,498.8
7517.1,512.84
7517.7,487.73
7518.2,467.69
7518.8,525.5
7519.3,482.95
7519.9,486.73
7520.4,478.6
7521.0,512.21
7521.6,471.12
7522.1,499.79
7522.7,501.8
7523.2,520.33
7523.8,493.6
7524.3,512.01
7524.9,513.2
7525.4,527.68
7526.0,520.0
7526.5,505.47
7527.1,490.15
7527.6,488.38
7528.2,517.87
7528.8,486.05
7529.3,483.09
7529.9,501.38
7530.4,481.92
7531.0,516.51
7531.5,533.34
7532.1,502.05
7532.6,493.14
7533.2,524.92
7533.7,500.23
7534.3,493.7
7534.8,490.4
7535.4,510.24
7536.0,467.18
7536.5,480.52
7537.1,495.87
7537.6,463.79
7538.2,487.69
7538.7,490.03
7539.3,507.4
7539.8,492.75
7540.4,477.05
7540.9,494.04
7541.5,485.38
7542.0,520.8
7542.6,478.47
7543.1,509.37
7543.7,479.12
7544.3,497.57
7544.8,495.31
7545.4,490.29
7545.9,476.46
7546.5,485.29
7547.0,456.15
7547.6,500.91
7548.1,513.15
7548.7,508.49
7549.2,499.27
7549.8,483.98
7550.3,509.25
7550.9,494.49
7551.4,488.0
7552.0,500.72
7552.5,506.87
7553.1,500.51
7553.7,470.77
7554.2,456.96
7554.8,493.36
7555.3,457.43
7555.9,496.67
7556.4,500.16
7557.0,477.69
7557.5,493.04
7558.1,466.78
7558.6,486.91
7559.2,491.35
7559.7,491.16
7560.3,480.8
7560.8,475.55
7561.4,514.51
7561.9,490.28
7562.5,494.97
7563.0,470.37
7563.6,517.05
7564.2,466.25
7564.7,466.95
7565.3,483.6
7565.8,452.9
7566.4,449.39
7566.9,471.24
7567.5,484.73
7568.0,498.75
7568.6,497.56
7569.1,505.78
7569.7,490.67
7570.2,473.38
7570.8,477.86
7571.3,462.64
7571.9,465.73
7572.4,501.01
7573.0,515.07
7573.5,507.87
7574.1,479.5
7574.6,507.93
7575.2,495.27
7575.7,513.62
7576.3,462.1
7576.8,533.32
7577.4,484.51
7578.0,492.9
7578.5,484.62
7579.1,494.24
7579.6,531.65
7580.2,494.11
7580.7,497.55
7581.3,545.16
7581.8,477.58
7582.4,490.84
7582.9,503.27
7583.5,495.08
7584.0,503.32
7584.6,490.34
7585.1,468.21
7585.7,507.77
7586.2,493.59
7586.8,465.49
7587.3,495.61
7587.9,487.19
7588.4,496.04
7589.0,497.97
7589.5,486.62
7590.1,497.01
7590.6,500.0
7591.2,507.59
7591.7,487.33
7592.3,485.17
7592.8,526.39
7593.4,494.15
7593.9,538.03
7594.5,563.83
7595.0,565.59
7595.6,484.63
7596.1,507.38
7596.7,503.53
7597.2,424.92
7597.8,502.88
7598.4,541.86
7598.9,495.36
7599.5,537.31
7600.0,465.81
7600.6,553.14
7601.1,481.2
7601.7,568.39
7602.2,485.05
7602.8,429.84
7603.3,499.61
7603.9,573.9
7604.4,428.37
7605.0,489.38
7605.5,432.54
7606.1,452.46
7606.6,519.93
7607.2,506.74
7607.7,423.85
7608.3,457.29
7608.8,478.39
7609.4,530.96
7609.9,555.22
7610.5,441.85
7611.0,418.25
7611.6,470.88
7612.1,494.25
7612.7,520.94
7613.2,360.88
7613.8,425.37
7614.3,493.22
7614.9,510.65
7615.4,504.13
7616.0,423.84
7616.5,410.07
7617.1,439.5
7617.6,431.52
7618.2,479.12
7618.7,471.29
7619.3,467.39
7619.8,494.29
7620.4,569.94
7620.9,522.25
7621.5,459.14
7622.0,445.2
7622.6,497.7
7623.1,547.71
7623.7,568.63
7624.2,542.8
7624.8,411.25
7625.3,426.6
7625.9,471.34
7626.4,508.43
7627.0,533.54
7627.5,545.74
7628.1,443.79
7628.6,413.27
7629.2,400.09
7629.7,470.25
7630.3,533.69
7630.8,606.37
7631.4,599.48
7631.9,418.45
7632.5,404.94
7633.0,423.76
7633.6,444.83
7634.1,519.41
7634.7,542.17
7635.2,533.72
7635.8,591.43
7636.3,463.4
7636.9,381.68
7637.4,407.75
7638.0,448.79
7638.5,477.92
7639.1,533.36
7639.6,546.97
7640.2,436.88
7640.7,370.97
7641.2,444.15
7641.8,406.19
7642.3,438.35
7642.9,468.89
7643.4,527.44
7644.0,554.29
7644.5,518.57
7645.1,516.59
7645.6,376.55
7646.2,386.86
7646.7,426.24
7647.3,453.73
7647.8,427.54
7648.4,515.97
7648.9,529.44
7649.5,485.86
7650.0,401.93
7650.6,405.68
7651.1,386.71
7651.7,446.66
7652.2,431.0
7652.8,494.59
7653.3,510.89
7653.9,484.37
7654.4,471.28
7655.0,418.18
7655.5,430.24
7656.1,440.71
7656.6,466.68
7657.2,485.88
7657.7,491.92
7658.3,486.52
7658.8,501.89
7659.4,519.15
7659.9,479.85
7660.4,484.86
7661.0,407.34
7661.5,476.34
7662.1,470.87
7662.6,525.84
7663.2,469.72
7663.7,530.3
7664.3,509.76
7664.8,477.97
7665.4,476.08
7665.9,474.57
7666.5,424.96
7667.0,453.89
7667.6,479.96
7668.1,514.5
7668.7,473.55
7669.2,477.63
7669.8,481.1
7670.3,492.14
7670.9,513.46
7671.4,526.42
7672.0,487.75
7672.5,468.29
7673.1,437.38
7673.6,495.4
7674.1,494.57
7674.7,496.08
7675.2,469.21
7675.8,528.98
7676.3,537.15
7676.9,477.63
7677.4,440.65
7678.0,498.05
7678.5,463.2
7679.1,444.09
7679.6,453.52
7680.2,430.94
7680.7,451.09
7681.3,506.05
7681.8,483.68
7682.4,492.86
7682.9,485.08
7683.4,496.14
7684.0,447.08
7684.5,446.41
7685.1,459.72
7685.6,445.19
7686.2,494.96
7686.7,519.97
7687.3,450.6
7687.8,442.05
7688.4,444.78
7688.9,492.17
7689.5,443.41
7690.0,461.02
7690.6,440.14
7691.1,451.51
7691.7,429.23
7692.2,461.61
7692.7,470.61
7693.3,461.6
7693.8,475.25
7694.4,472.95
7694.9,474.03
7695.5,459.83
7696.0,465.55
7696.6,499.01
7697.1,473.38
7697.7,468.56
7698.2,494.42
7698.8,492.87
7699.3,461.69
7699.9,471.65
7700.4,485.36
7700.9,469.67
7701.5,476.9
7702.0,462.28
7702.6,478.79
7703.1,505.37
7703.7,483.72
7704.2,475.73
7704.8,466.12
7705.3,457.75
7705.9,429.9
7706.4,470.5
7707.0,469.59
7707.5,527.22
7708.0,513.51
7708.6,506.84
7709.1,473.03
7709.7,500.18
7710.2,473.61
7710.8,490.69
7711.3,493.03
7711.9,476.44
7712.4,481.48
7713.0,490.75
7713.5,498.18
7714.0,458.1
7714.6,459.86
7715.1,483.23
7715.7,514.36
7716.2,487.52
7716.8,475.73
7717.3,459.19
7717.9,508.05
7718.4,492.26
7719.0,450.72
7719.5,489.51
7720.0,465.49
7720.6,490.0
7721.1,470.49
7721.7,472.56
7722.2,457.86
7722.8,467.36
7723.3,513.6
7723.9,473.49
7724.4,468.16
7725.0,511.22
7725.5,465.7
7726.0,450.58
7726.6,476.47
7727.1,504.1
7727.7,458.49
7728.2,444.83
7728.8,464.22
7729.3,468.79
7729.9,487.71
7730.4,443.57
7731.0,470.26
7731.5,502.04
7732.0,467.75
7732.6,503.41
7733.1,426.97
7733.7,467.86
7734.2,486.4
7734.8,457.54
7735.3,479.65
7735.9,445.48
7736.4,458.95
7736.9,490.76
7737.5,466.44
7738.0,430.99
7738.6,475.99
7739.1,484.47
7739.7,492.18
7740.3,503.99
7741.0,502.45
7741.7,438.37
7742.4,471.77
7743.2,526.28
7743.9,451.91
7744.6,508.51
7745.3,489.13
7746.1,454.95
7746.8,443.84
7747.5,462.38
7748.2,462.21
7748.9,534.14
7749.7,493.05
7750.4,465.01
7751.1,439.29
7751.8,482.55
7752.6,468.14
7753.3,437.6
7754.0,427.66
7754.7,422.74
7755.4,427.3
7756.2,406.79
7756.9,402.07
7757.6,381.43
7758.3,396.76
7759.1,408.39
7759.8,394.91
7760.5,371.64
7761.2,388.7
7762.0,422.98
7762.7,433.72
7763.4,471.54
7764.1,504.71
7764.8,496.69
7765.6,503.82
7766.3,463.34
7767.0,480.06
7767.7,449.6
7768.5,436.62
7769.2,472.64
7769.9,455.51
7770.6,475.5
7771.3,477.33
7772.1,453.97
7772.8,481.04
7773.5,519.35
7774.2,514.38
7775.0,531.47
7775.7,491.7
7776.4,486.52
7777.1,443.96
7777.9,478.85
7778.6,472.47
7779.3,482.22
7780.0,489.4
7780.7,475.5
7781.5,480.14
7782.2,497.0
7782.9,473.49
7783.6,419.19
7784.4,466.69
7785.1,483.03
7785.8,437.1
7786.5,457.56
7787.2,480.6
7788.0,440.44
7788.7,453.28
7789.4,460.38
7790.1,481.63
7790.9,513.34
7791.6,491.31
7792.3,502.03
7793.0,444.93
7793.8,468.69
7794.5,497.2
7795.2,501.48
7795.9,477.94
7796.6,493.44
7797.4,469.16
7798.1,479.97
7798.8,448.77
7799.5,476.29
7800.3,438.71
7801.0,485.47
7801.7,445.41
7802.4,468.8
7803.2,455.3
7803.9,518.24
7804.6,462.75
7805.3,458.92
7806.0,513.12
7806.8,513.53
7807.5,518.87
7808.2,467.63
7808.9,513.03
7809.7,483.53
7810.4,475.06
7811.1,424.26
7811.8,469.7
7812.5,498.8
7813.3,508.96
7814.0,464.43
7814.7,451.23
7815.4,479.31
7816.2,461.79
7816.9,477.49
7817.6,449.45
7818.3,462.35
7819.1,469.33
7819.8,479.51
7820.5,473.43
7821.2,495.06
7821.9,464.25
7822.7,448.95
7823.4,466.22
7824.1,478.8
7824.8,444.17
7825.6,467.03
7826.3,456.48
7827.0,484.73
7827.7,466.28
7828.5,460.64
7829.2,512.53
7829.9,452.85
7830.6,531.0
7831.3,461.97
7832.1,447.72
7832.8,478.42
7833.5,469.37
7834.2,485.66
7835.0,447.72
7835.7,453.15
7836.4,477.34
7837.1,494.45
7837.9,482.95
7838.6,473.83
7839.3,455.5
7840.0,483.73
7840.7,523.12
7841.5,538.62
7842.2,464.85
7842.9,459.19
7843.6,455.14
7844.4,433.74
7845.1,498.93
7845.8,500.1
7846.5,468.62
7847.3,482.28
7848.0,462.55
7848.7,499.08
7849.4,454.64
7850.1,469.34
7850.9,468.12
7851.6,467.69
7852.3,460.27
7853.0,467.93
7853.8,471.18
7854.5,452.73
7855.2,466.14
7855.9,505.51
7856.7,478.64
7857.4,479.24
7858.1,468.94
7858.8,486.18
7859.5,491.7
7860.3,466.02
7861.0,513.65
7861.7,480.59
7862.4,443.36
7863.2,460.14
7863.9,490.59
7864.6,452.25
7865.3,452.57
7866.1,478.36
7866.8,456.55
7867.5,491.46
7868.2,474.01
7868.9,463.08
7869.7,465.15
7870.4,470.68
7871.1,501.22
7871.8,474.15
7872.6,489.46
7873.3,464.15
7874.0,471.16
7874.7,444.91
7875.5,454.39
7876.2,461.14
7876.9,470.82
7877.6,472.84
7878.4,457.83
7879.1,439.26
7879.8,447.52
7880.5,459.51
7881.2,473.94
7882.0,467.46
7882.7,469.07
7883.4,467.38
7884.1,480.74
7884.9,467.99
7885.6,482.27
7886.3,479.65
7887.0,452.89
7887.8,465.04
7888.5,504.06
7889.2,465.28
7889.9,453.99
7890.6,454.67
7891.4,441.2
7892.1,457.37
7892.8,478.39
7893.5,485.06
7894.3,494.08
7895.0,451.33
7895.7,456.31
7896.4,475.5
7897.2,458.05
7897.9,428.95
7898.6,473.61
7899.3,489.6
7900.0,470.42
7900.8,467.28
7901.5,481.55
7902.2,462.18
7902.9,484.74
7903.7,444.93
7904.4,476.45
7905.1,466.57
7905.8,473.7
7906.6,462.24
7907.3,486.74
7908.0,482.87
7908.7,460.75
7909.5,452.41
7910.2,455.03
7910.9,467.6
7911.6,461.87
7912.3,447.31
7913.1,454.14
7913.8,473.94
7914.5,464.79
7915.2,435.83
7916.0,455.3
7916.7,433.76
7917.4,479.01
7918.1,427.49
7918.9,456.84
7919.6,442.69
7920.3,463.57
7921.0,453.68
7921.7,441.74
7922.5,468.4
7923.2,446.7
7923.9,459.66
7924.6,439.88
7925.4,453.75
7926.1,449.03
7926.8,445.0
7927.5,449.25
7928.3,443.47
7929.0,474.73
7929.7,443.41
7930.4,443.03
7931.1,446.89
7931.9,447.81
7932.6,434.66
7933.3,469.0
7934.0,438.75
7934.8,468.76
7935.5,467.56
7936.2,429.54
7936.9,496.11
7937.7,486.71
7938.4,471.19
7939.1,462.37
7939.8,455.8
7940.6,443.85
7941.3,462.52
7942.0,437.55
7942.7,432.31
7943.4,449.06
7944.2,465.24
7944.9,452.86
7945.6,474.39
7946.3,443.53
7947.1,470.29
7947.8,452.52
7948.5,480.1
7949.2,457.98
7950.0,448.34
7950.7,456.88
7951.4,463.94
7952.1,470.47
7952.9,464.07
7953.6,444.83
7954.3,446.55
7955.0,452.05
7955.7,488.13
7956.5,476.12
7957.2,479.27
7957.9,446.47
7958.6,448.08
7959.4,453.61
7960.1,443.19
7960.8,423.27
7961.5,467.31
7962.3,474.23
7963.0,464.31
7963.7,438.65
7964.4,470.19
7965.1,450.72
7965.9,468.71
7966.6,449.21
7967.3,466.78
7968.0,455.11
7968.8,477.78
7969.5,469.84
7970.2,477.43
7970.9,437.32
7971.7,451.74
7972.4,468.42
7973.1,441.54
7973.8,443.03
7974.6,445.78
7975.3,480.39
7976.0,444.06
7976.7,456.46
7977.4,461.74
7978.2,457.39
7978.9,432.85
7979.6,430.31
7980.3,453.39
7981.1,464.83
7981.8,456.51
7982.5,433.23
7983.2,457.14
7984.0,469.64
7984.7,464.01
7985.4,460.75
7986.1,444.78
7986.9,450.09
7987.6,455.96
7988.3,442.28
7989.0,432.12
7989.7,488.36
7990.5,446.62
7991.2,460.33
7991.9,460.23
7992.6,464.82
7993.4,456.66
7994.1,462.03
7994.8,453.68
7995.5,450.61
7996.3,464.89
7997.0,449.76
7997.7,461.8
7998.4,453.02
7999.1,447.49
7999.9,468.33
8000.6,461.52
8001.3,474.44
8002.0,464.76
8002.8,442.29
8003.5,469.44
8004.2,464.7
8004.9,462.35
8005.7,457.7
8006.4,451.92
8007.1,454.8
8007.8,460.13
8008.6,431.88
8009.3,423.15
8010.0,438.19
8010.7,446.27
8011.4,430.54
8012.2,419.54
8012.9,445.92
8013.6,432.16
8014.3,470.05
8015.1,450.25
8015.8,441.16
8016.5,460.55
8017.2,450.36
8018.0,485.03
8018.7,437.54
8019.4,460.87
8020.1,448.68
8020.9,475.4
8021.6,457.79
8022.3,465.29
8023.0,481.64
8023.7,465.0
8024.5,424.08
8025.2,449.39
8025.9,415.33
8026.6,459.77
8027.4,462.14
8028.1,462.73
8028.8,428.19
8029.5,459.3
8030.3,441.86
8031.0,430.4
8031.7,459.32
8032.4,456.93
8033.2,445.7
8033.9,481.56
8034.6,458.44
8035.3,427.49
8036.0,472.58
8036.8,442.8
8037.5,427.02
8038.2,440.03
8038.9,444.24
8039.7,475.35
8040.4,451.09
8041.1,467.05
8041.8,477.31
8042.6,449.25
8043.3,447.37
8044.0,427.39
8044.7,445.89
8045.4,445.62
8046.2,444.99
8046.9,449.69
8047.6,451.95
8048.3,445.99
8049.1,433.21
8049.8,447.56
8050.5,416.74
8051.2,457.17
8052.0,447.58
8052.7,440.49
8053.4,449.64
8054.1,449.66
8054.9,469.21
8055.6,429.15
8056.3,449.45
8057.0,438.91
8057.7,451.52
8058.5,447.0
8059.2,429.08
8059.9,433.28
8060.6,424.92
8061.4,450.49
8062.1,464.09
8062.8,444.66
8063.5,438.44
8064.3,478.44
8065.0,437.96
8065.7,454.46
8066.4,447.36
8067.2,441.61
8067.9,431.15
8068.6,434.27
8069.3,424.78
8070.0,426.93
8070.8,448.59
8071.5,431.41
8072.2,428.88
8072.9,452.74
8073.7,460.35
8074.4,433.1
8075.1,439.06
8075.8,432.78
8076.6,440.33
8077.3,458.92
8078.0,412.82
8078.7,432.79
8079.4,443.33
8080.2,418.66
8080.9,459.62
8081.6,459.09
8082.3,429.22
8083.1,416.38
8083.8,437.51
8084.5,441.56
8085.2,474.78
8086.0,448.07
8086.7,450.9
8087.4,435.91
8088.1,414.13
8088.9,444.92
8089.6,423.61
8090.3,455.56
8091.0,457.21
8091.7,432.39
8092.5,471.82
8093.2,429.84
8093.9,441.53
8094.6,459.23
8095.4,425.48
8096.1,429.06
8096.8,427.65
8097.5,424.15
8098.3,435.7
8099.0,422.09
8099.7,437.62
8100.4,429.97
8101.2,454.32
8101.9,469.87
8102.6,442.96
8103.3,442.84
8104.0,440.85
8104.8,420.13
8105.5,458.07
8106.2,425.57
8106.9,445.32
8107.7,443.29
8108.4,438.87
8109.1,452.98
8109.8,422.82
8110.6,458.66
8111.3,447.46
8112.0,464.5
8112.7,443.49
8113.4,444.71
8114.2,449.58
8114.9,473.55
8115.6,473.61
8116.3,472.11
8117.1,425.51
8117.8,418.42
8118.5,432.81
8119.2,428.52
8120.0,445.82
8120.7,436.95
8121.4,425.95
8122.1,431.85
8122.9,438.03
8123.6,446.09
8124.3,447.71
8125.0,450.94
8125.7,458.52
8126.5,440.56
8127.2,411.11
8127.9,411.76
8128.6,446.34
8129.4,448.8
8130.1,457.48
8130.8,419.16
8131.5,411.34
8132.3,438.48
8133.0,458.37
8133.7,483.84
8134.4,454.55
8135.1,447.19
8135.9,458.01
8136.6,434.38
8137.3,439.94
8138.0,433.48
8138.8,426.56
8139.5,440.46
8140.2,431.89
8140.9,451.07
8141.7,436.04
8142.4,447.28
8143.1,433.77
8143.8,437.27
8144.5,437.01
8145.3,408.36
8146.0,421.09
8146.7,424.57
8147.4,444.17
8148.2,455.76
8148.9,451.18
8149.6,452.15
8150.3,422.81
8151.1,405.39
8151.8,416.78
8152.5,425.89
8153.2,454.74
8154.0,466.15
8154.7,444.54
8155.4,415.13
8156.1,451.35
8156.8,466.19
8157.6,461.98
8158.3,435.59
8159.0,372.84
8159.7,392.34
8160.5,393.13
8161.2,459.93
8161.9,434.49
8162.6,420.17
8163.4,452.48
8164.1,496.73
8164.8,458.65
8165.5,404.54
8166.2,380.58
8167.0,381.04
8167.7,397.53
8168.4,443.15
8169.1,485.28
8169.9,483.29
8170.6,422.91
8171.3,431.9
8172.0,439.78
8172.8,416.18
8173.5,398.36
8174.2,377.44
8174.9,343.66
8175.6,399.02
8176.4,439.63
8177.1,429.73
8177.8,462.98
8178.5,449.95
8179.3,415.41
8180.0,391.05
8180.7,427.67
8181.4,448.64
8182.2,399.7
8182.9,429.84
8183.6,406.5
8184.3,391.7
8185.0,463.74
8185.8,410.02
8186.5,410.68
8187.2,394.33
8187.9,434.4
8188.7,462.02
8189.4,458.11
8190.1,425.59
8190.8,395.85
8191.6,444.16
8192.3,510.83
8193.0,464.55
8193.7,474.91
8194.4,401.85
8195.2,399.85
8195.9,409.88
8196.6,458.84
8197.3,429.47
8198.1,422.36
8198.8,433.29
8199.5,467.68
8200.2,452.35
8201.0,447.24
8201.7,446.22
8202.4,428.88
8203.1,435.44
8203.8,444.57
8204.6,455.73
8205.3,431.45
8206.0,415.23
8206.7,408.5
8207.5,413.67
8208.2,424.43
8208.9,425.12
8209.6,430.37
8210.4,426.16
8211.1,443.17
8211.8,448.13
8212.5,452.92
8213.2,441.43
8214.0,435.52
8214.7,457.89
8215.4,403.01
8216.1,409.3
8216.9,439.71
8217.6,434.13
8218.3,424.67
8219.0,426.45
8219.8,405.68
8220.5,433.59
8221.2,449.6
8221.9,429.88
8222.6,475.51
8223.4,435.15
8224.1,398.38
8224.8,366.83
8225.5,356.76
8226.3,394.06
8227.0,431.51
8227.7,464.48
8228.4,483.07
8229.2,421.77
8229.9,421.82
8230.6,438.31
8231.3,435.79
8232.0,434.3
8232.8,439.8
8233.5,470.47
8234.2,448.52
8234.9,405.02
8235.7,426.15
8236.4,423.87
8237.1,446.1
8237.8,425.77
8238.5,441.5
8239.3,440.48
8240.0,406.95
8240.7,415.7
8241.4,426.06
8242.2,416.32
8242.9,453.85
8243.6,439.73
8244.3,425.27
8245.1,401.51
8245.8,465.09
8246.5,441.63
8247.2,468.07
8247.9,445.13
8248.7,454.83
8249.4,439.27
8250.1,433.95
8250.8,430.26
8251.6,444.03
8252.3,478.91
8253.0,402.35
8253.7,410.56
8254.5,396.59
8255.2,465.17
8255.9,468.97
8256.6,470.93
8257.3,435.21
8258.1,441.51
8258.8,455.15
8259.5,460.3
8260.2,446.48
8261.0,417.62
8261.7,427.44
8262.4,470.38
8263.1,443.94
8263.8,448.76
8264.6,443.45
8265.3,456.96
8266.0,417.86
8266.7,439.13
8267.5,428.82
8268.2,433.39
8268.9,401.71
8269.6,432.03
8270.4,420.96
8271.1,433.14
8271.8,421.93
8272.5,431.54
8273.2,434.51
8274.0,443.68
8274.7,441.19
8275.4,453.4
8276.1,442.19
8276.9,400.76
8277.6,411.99
8278.3,413.02
8279.0,420.28
8279.7,425.66
8280.5,468.82
8281.2,493.61
8281.9,482.09
8282.6,446.76
8283.4,439.62
8284.1,417.9
8284.8,382.42
8285.5,393.92
8286.2,437.2
8287.0,460.46
8287.7,437.93
8288.4,461.62
8289.1,464.26
8289.9,457.0
8290.6,423.93
8291.3,449.28
8292.0,389.6
8292.8,422.15
8293.5,431.51
8294.2,459.4
8294.9,469.84
8295.6,458.41
8296.4,452.49
8297.1,432.1
8297.8,403.12
8298.5,433.62
8299.3,425.61
8300.0,404.74
8300.7,432.55
8301.4,402.01
8302.1,404.24
8302.9,405.45
8303.6,437.09
8304.3,452.64
8305.0,460.34
8305.8,472.08
8306.5,418.29
8307.2,414.31
8307.9,426.38
8308.6,396.41
8309.4,373.41
8310.1,417.02
8310.8,437.11
8311.5,448.75
8312.3,474.81
8313.0,425.74
8313.7,435.37
8314.4,442.47
8315.1,433.71
8315.9,438.19
8316.6,446.64
8317.3,470.26
8318.0,417.55
8318.8,365.89
8319.5,371.3
8320.2,412.68
8320.9,472.19
8321.7,459.97
8322.4,468.55
8323.1,446.3
8323.8,431.56
8324.5,435.22
8325.3,445.44
8326.0,429.39
8326.7,450.99
8327.4,464.67
8328.2,447.65
8328.9,444.26
8329.6,447.93
8330.3,424.64
8331.0,403.1
8331.8,415.0
8332.5,442.7
8333.2,439.78
8333.9,462.03
8334.7,454.14
8335.4,443.35
8336.1,412.0
8336.8,426.34
8337.5,435.17
8338.3,454.32
8339.0,457.22
8339.7,450.55
8340.4,462.54
8341.2,435.76
8341.9,453.24
8342.6,431.41
8343.3,440.28
8344.0,410.29
8344.8,397.71
8345.5,392.78
8346.2,415.67
8346.9,432.62
8347.7,444.16
8348.4,468.82
8349.1,457.81
8349.8,429.86
8350.5,456.99
8351.3,431.33
8352.0,460.99
8352.7,429.94
8353.4,449.68
8354.2,448.1
8354.9,426.98
8355.6,469.3
8356.3,457.19
8357.0,452.96
8357.8,437.86
8358.5,420.06
8359.2,409.87
8359.9,393.61
8360.7,388.97
8361.4,420.84
8362.1,434.56
8362.8,437.5
8363.5,447.22
8364.3,418.58
8365.0,424.98
8365.7,462.55
8366.4,464.84
8367.1,440.27
8367.9,441.96
8368.6,445.8
8369.3,457.73
8370.0,441.21
8370.8,462.35
8371.5,458.07
8372.2,440.71
8372.9,434.22
8373.6,451.46
8374.4,433.68
8375.1,443.33
8375.8,460.85
8376.5,436.86
8377.3,415.28
8378.0,403.11
8378.7,441.19
8379.4,438.63
8380.1,418.46
8380.9,451.05
8381.6,436.81
8382.3,460.87
8383.0,445.53
8383.8,431.62
8384.5,467.43
8385.2,493.15
8385.9,462.37
8386.6,450.24
8387.4,455.55
8388.1,467.03
8388.8,463.2
8389.5,483.54
8390.3,460.82
8391.0,433.94
8391.7,460.4
8392.4,461.69
8393.1,449.64
8393.9,443.29
8394.6,432.06
8395.3,431.21
8396.0,424.43
8396.7,455.03
8397.5,425.09
8398.2,426.33
8398.9,396.31
8399.6,414.07
8400.4,422.61
8401.1,419.06
8401.8,447.21
8402.5,441.91
8403.2,438.37
8404.0,457.53
8404.7,449.99
8405.4,479.83
8406.1,470.09
8406.9,415.81
8407.6,482.7
8408.3,449.89
8409.0,459.57
8409.7,455.65
8410.5,422.33
8411.2,455.5
8411.9,427.12
8412.6,446.74
8413.3,455.28
8414.1,477.28
8414.8,462.09
8415.5,455.95
8416.2,449.56
8417.0,441.29
8417.7,461.27
8418.4,413.44
8419.1,425.97
8419.8,437.37
8420.6,436.59
8421.3,443.15
8422.0,395.55
8422.7,393.19
8423.4,380.47
8424.2,390.16
8424.9,396.71
8425.6,429.07
8426.3,447.48
8427.1,435.63
8427.8,406.19
8428.5,435.28
8429.2,442.29
8429.9,422.26
8430.7,405.81
8431.4,380.1
8432.1,380.58
8432.8,413.17
8433.5,421.7
8434.3,434.23
8435.0,472.83
8435.7,453.03
8436.4,465.09
8437.2,486.59
8437.9,482.71
8438.6,461.71
8439.3,460.58
8440.0,463.97
8440.8,460.12
8441.5,435.61
8442.2,451.33
8442.9,457.18
8443.6,421.53
8444.4,451.93
8445.1,432.78
8445.8,456.8
8446.5,446.13
8447.3,430.58
8448.0,426.93
8448.7,440.34
8449.4,462.11
8450.1,437.35
8450.9,432.34
8451.6,400.9
8452.3,382.45
8453.0,398.41
8453.7,407.39
8454.5,421.14
8455.2,466.13
8455.9,440.75
8456.6,434.01
8457.4,470.17
8458.1,463.52
8458.8,460.14
8459.5,458.22
8460.2,452.34
8461.0,453.72
8461.7,458.96
8462.4,462.2
8463.1,466.32
8463.8,466.38
8464.6,463.94
8465.3,481.14
8466.0,463.66
8466.7,471.52
8467.4,487.49
8468.2,468.43
8468.9,471.99
8469.6,444.74
8470.3,465.36
8471.1,466.59
8471.8,482.76
8472.5,481.96
8473.2,466.26
8473.9,458.54
8474.7,440.32
8475.4,455.82
8476.1,475.51
8476.8,451.77
8477.5,452.02
8478.3,442.01
8479.0,466.34
8479.7,432.6
8480.4,421.59
8481.1,431.36
8481.9,391.54
8482.6,341.69
8483.3,347.68
8484.0,347.27
8484.8,387.97
8485.5,411.79
8486.2,395.95
8486.9,423.74
8487.6,409.84
8488.4,381.88
8489.1,405.14
8489.8,444.34
8490.5,413.99
8491.2,429.23
8492.0,429.18
8492.7,433.12
8493.4,452.19
8494.1,461.24
8494.8,471.06
8495.6,465.4
8496.3,466.87
8497.0,426.34
8497.7,457.16
8498.4,453.08
8499.2,449.46
8499.9,471.63
8500.6,429.39
8501.3,457.39
8502.1,461.74
8502.8,459.83
8503.5,450.92
8504.2,474.56
8504.9,476.38
8505.7,446.58
8506.4,452.37
8507.1,475.25
8507.8,458.63
8508.5,431.82
8509.3,460.99
8510.0,452.1
8510.7,446.82
8511.4,424.81
8512.1,427.52
8512.9,448.38
8513.6,419.47
8514.3,453.7
8515.0,447.72
8515.7,434.36
8516.5,455.03
8517.2,440.09
8517.9,442.88
8518.6,428.12
8519.3,435.1
8520.1,433.75
8520.8,416.01
8521.5,405.63
8522.2,383.88
8523.0,375.89
8523.7,370.51
8524.4,327.25
8525.1,304.67
8525.8,248.88
8526.6,233.46
8527.3,227.12
8528.0,242.31
8528.7,296.39
8529.4,322.87
8530.2,332.18
8530.9,335.52
8531.6,351.73
8532.3,354.51
8533.0,382.94
8533.8,401.89
8534.5,388.21
8535.2,431.8
8535.9,431.74
8536.6,427.49
8537.4,458.39
8538.1,407.66
8538.8,448.2
8539.5,433.51
8540.2,455.85
8541.0,470.83
8541.7,422.49
8542.4,456.98
8543.1,450.4
8543.8,439.75
8544.6,440.37
8545.3,474.42
8546.0,469.91
8546.7,473.95
8547.4,441.43
8548.2,478.58
8548.9,461.04
8549.6,440.51
8550.3,464.03
8551.0,477.18
8551.8,454.72
8552.5,451.88
8553.2,481.53
8553.9,472.81
8554.6,451.72
8555.4,477.45
8556.1,486.54
8556.8,463.87
8557.5,476.06
8558.2,446.63
8559.0,453.31
8559.7,455.48
8560.4,441.96
8561.1,451.96
8561.8,459.5
8562.6,430.94
8563.3,470.37
8564.0,468.59
8564.7,464.3
8565.4,454.33
8566.2,449.99
8566.9,479.78
8567.6,462.77
8568.3,443.76
8569.0,453.62
8569.8,459.12
8570.5,444.52
8571.2,441.4
8571.9,466.72
8572.6,463.31
8573.4,444.53
8574.1,437.37
8574.8,412.02
8575.5,423.78
8576.2,448.89
8577.0,462.63
8577.7,443.28
8578.4,413.9
8579.1,445.21
8579.8,451.68
8580.6,435.14
8581.3,442.12
8582.0,423.14
8582.7,420.12
8583.4,404.47
8584.2,396.51
8584.9,415.03
8585.6,417.22
8586.3,465.15
8587.0,460.03
8587.8,461.15
8588.5,448.03
8589.2,454.07
8589.9,447.97
8590.6,467.54
8591.4,443.57
8592.1,426.17
8592.8,466.34
8593.5,467.05
8594.2,458.88
8595.0,448.77
8595.7,421.18
8596.4,436.69
8597.1,439.75
8597.8,419.79
8598.6,451.1
8599.3,454.81
8600.0,430.46
8600.7,435.64
8601.4,461.86
8602.2,468.54
8602.9,463.67
8603.6,441.55
8604.3,466.48
8605.0,469.36
8605.7,462.4
8606.5,460.01
8607.2,453.39
8607.9,472.51
8608.6,444.19
8609.3,462.65
8610.1,473.48
8610.8,445.27
8611.5,458.59
8612.2,459.13
8612.9,443.45
8613.7,440.01
8614.4,435.97
8615.1,466.06
8615.8,427.99
8616.5,456.59
8617.3,455.44
8618.0,449.58
8618.7,443.8
8619.4,447.33
8620.1,467.5
8620.9,449.42
8621.6,459.03
8622.3,451.25
8623.0,446.51
8623.7,436.47
8624.5,477.3
8625.2,440.56
8625.9,440.46
8626.6,465.0
8627.3,439.08
8628.0,416.35
8628.8,443.42
8629.5,433.02
8630.2,441.38
8630.9,465.02
8631.6,460.12
8632.4,455.07
8633.1,406.76
8633.8,419.69
8634.5,409.07
8635.2,403.06
8636.0,413.13
8636.7,416.92
8637.4,432.44
8638.1,420.95
8638.8,429.64
8639.6,422.71
8640.3,420.28
8641.0,426.76
8641.7,422.19
8642.4,387.19
8643.1,391.76
8643.9,361.6
8644.6,362.91
8645.3,314.92
8646.0,275.43
8646.7,245.85
8647.5,255.06
8648.2,309.22
8648.9,334.7
8649.6,324.11
8650.3,335.53
8651.1,359.99
8651.8,376.68
8652.5,397.55
8653.2,416.3
8653.9,454.89
8654.6,416.0
8655.4,425.12
8656.1,436.25
8656.8,423.65
8657.5,452.99
8658.2,452.51
8659.0,434.04
8659.7,428.97
8660.4,455.19
8661.1,465.28
8661.8,458.9
8662.6,463.3
8663.3,453.53
8664.0,432.66
8664.7,422.8
8665.4,398.03
8666.1,386.6
8666.9,397.05
8667.6,436.82
8668.3,435.82
8669.0,443.58
8669.7,424.22
8670.5,421.56
8671.2,433.39
8671.9,443.16
8672.6,443.09
8673.3,418.59
8674.0,463.0
8674.8,443.08
8675.5,439.71
8676.2,444.3
8676.9,446.47
8677.6,443.78
8678.4,452.2
8679.1,427.52
8679.8,431.44
8680.5,406.19
8681.2,460.2
8682.0,468.21
8682.7,449.47
8683.4,432.4
8684.1,446.48
8684.8,433.71
8685.5,453.11
8686.3,435.62
8687.0,421.18
8687.7,438.18
8688.4,422.38
8689.1,430.64
8689.9,430.6
8690.6,436.65
8691.3,437.14
8692.0,473.72
8692.7,433.37
8693.4,424.43
8694.2,438.03
8694.9,416.6
8695.6,461.38
8696.3,457.66
8697.0,425.22
8697.8,437.92
8698.5,431.38
8699.2,478.55
8699.9,400.88
8700.6,463.79
8701.3,435.63
8702.1,435.29
8702.8,425.18
8703.5,452.28
8704.2,441.11
8704.9,421.38
8705.7,442.97
8706.4,410.56
8707.1,424.94
8707.8,437.75
8708.5,438.2
8709.2,447.2
8710.0,443.74
8710.7,436.52
8711.4,445.69
8712.1,440.08
8712.8,452.43
8713.5,434.35
8714.3,419.76
8715.0,440.24
8715.7,427.32
8716.4,440.86
8717.1,450.09
8717.9,430.18
8718.6,435.46
8719.3,425.09
8720.0,431.32
8720.7,437.63
8721.4,414.45
8722.2,425.23
8722.9,444.17
8723.6,441.42
8724.3,433.07
8725.0,461.0
8725.7,460.32
8726.5,432.41
8727.2,420.88
8727.9,409.42
8728.6,421.81
8729.3,399.53
8730.1,417.49
8730.8,424.05
8731.5,423.54
8732.2,439.89
8732.9,411.81
8733.6,403.03
8734.4,363.55
8735.1,378.09
8735.8,368.72
8736.5,360.38
8737.2,403.85
8737.9,422.95
8738.7,426.42
8739.4,414.12
8740.1,428.4
8740.8,429.96
8741.5,413.23
8742.3,447.51
8743.0,430.8
8743.7,423.0
8744.4,422.7
8745.1,433.11
8745.8,427.96
8746.6,432.54
8747.3,456.23
8748.0,466.35
8748.7,443.94
8749.4,418.48
8750.1,446.54
8750.9,439.13
8751.6,429.05
8752.3,433.32
8753.0,432.4
8753.7,439.85
8754.4,471.31
8755.2,430.66
8755.9,425.78
8756.6,432.7
8757.3,453.8
8758.0,453.15
8758.7,448.38
8759.5,426.64
8760.2,451.8
8760.9,423.4
8761.6,441.78
8762.3,424.19
8763.0,473.23
8763.8,446.49
8764.5,447.88
8765.2,437.07
8765.9,450.19
8766.6,422.04
8767.4,442.0
8768.1,444.9
8768.8,419.94
8769.5,420.23
8770.2,452.01
8770.9,415.68
8771.7,450.46
8772.4,425.67
8773.1,424.92
8773.8,453.28
8774.5,461.61
8775.2,444.57
8776.0,418.13
8776.7,437.52
8777.4,433.07
8778.1,429.4
8778.8,474.8
8779.5,445.07
8780.3,434.54
8781.0,442.74
8781.7,431.81
8782.4,435.18
8783.1,405.65
8783.8,415.8
8784.6,437.41
8785.3,406.8
8786.0,412.14
8786.7,428.61
8787.4,396.88
8788.1,425.21
8788.9,416.77
8789.6,427.17
8790.3,425.59
8791.0,425.84
8791.7,408.4
8792.4,439.0
8793.2,449.3
8793.9,457.95
8794.6,443.79
8795.3,408.11
8796.0,429.92
8796.7,444.62
8797.5,412.1
8798.2,424.03
8798.9,433.39
8799.6,418.26
8800.3,416.11
8801.0,429.29
8801.7,434.37
8802.5,425.79
8803.2,449.7
8803.9,413.17
8804.6,430.12
8805.3,446.7
8806.0,417.88
8806.8,458.21
8807.5,413.83
8808.2,430.06
8808.9,408.21
8809.6,420.73
8810.3,451.36
8811.1,440.76
8811.8,442.65
8812.5,424.22
8813.2,419.12
8813.9,441.65
8814.6,432.66
8815.4,434.45
8816.1,417.84
8816.8,421.79
8817.5,445.36
8818.2,453.66
8818.9,411.8
8819.7,419.47
8820.4,451.11
8821.1,419.14
8821.8,422.92
8822.5,407.72
8823.2,448.15
8823.9,433.18
8824.7,456.95
8825.4,454.66
8826.1,446.61
8826.8,408.48
8827.5,436.63
8828.2,438.1
8829.0,453.97
8829.7,435.09
8830.4,428.56
8831.1,442.3
8831.8,442.85
8832.5,437.0
8833.3,442.49
8834.0,442.04
8834.7,436.53
8835.4,431.42
8836.1,427.48
8836.8,441.07
8837.5,462.49
8838.3,393.26
8839.0,421.37
8839.7,416.57
8840.4,421.36
8841.1,408.76
8841.8,390.02
8842.6,398.54
8843.3,429.1
8844.0,397.15
8844.7,410.52
8845.4,395.5
8846.1,398.59
8846.9,376.87
8847.6,359.15
8848.3,368.75
8849.0,381.04
8849.7,411.71
8850.4,425.81
8851.1,420.99
8851.9,428.03
8852.6,439.56
8853.3,434.22
8854.0,454.99
8854.7,450.22
8855.4,420.69
8856.2,431.45
8856.9,439.14
8857.6,414.18
8858.3,444.68
8859.0,433.67
8859.7,408.34
8860.4,414.17
8861.2,413.08
8861.9,423.01
8862.6,403.07
8863.3,453.02
8864.0,424.49
8864.7,435.26
8865.4,442.1
8866.2,418.09
8866.9,430.19
8867.6,416.53
8868.3,410.83
8869.0,450.9
8869.7,433.96
8870.5,414.97
8871.2,400.47
8871.9,436.67
8872.6,421.57
8873.3,435.87
8874.0,437.83
8874.7,423.41
8875.5,408.74
8876.2,396.6
8876.9,421.76
8877.6,422.92
8878.3,439.89
8879.0,434.45
8879.7,414.9
8880.5,438.52
8881.2,442.39
8881.9,434.94
8882.6,424.07
8883.3,439.46
8884.0,449.6
8884.8,439.02
8885.5,413.97
8886.2,420.03
8886.9,435.27
8887.6,431.17
8888.3,421.75
8889.0,397.85
8889.8,407.45
8890.5,413.73
8891.2,440.39
8891.9,403.76
8892.6,432.51
8893.3,417.24
8894.0,391.93
8894.8,401.45
8895.5,424.92
8896.2,399.47
8896.9,393.31
8897.6,403.55
8898.3,418.6
8899.0,422.54
8899.8,434.13
8900.5,431.18
8901.2,412.98
8901.9,415.27
8902.6,404.87
8903.3,425.36
8904.0,405.75
8904.8,413.87
8905.5,400.27
8906.2,382.56
8906.9,392.98
8907.6,417.46
8908.3,410.13
8909.0,405.63
8909.8,403.91
8910.5,417.06
8911.2,396.4
8911.9,373.18
8912.6,399.7
8913.3,414.54
8914.0,408.27
8914.8,434.66
8915.5,412.11
8916.2,423.04
8916.9,427.18
8917.6,452.44
8918.3,422.37
8919.0,411.11
8919.8,440.57
8920.5,442.02
8921.2,415.21
8921.9,430.23
8922.6,426.72
8923.3,409.28
8924.0,399.4
8924.8,413.1
8925.5,399.82
8926.2,410.47
8926.9,415.03
8927.6,397.48
8928.3,412.44
8929.0,432.38
8929.7,443.67
8930.5,421.46
8931.2,398.2
8931.9,428.83
8932.6,420.52
8933.3,435.48
8934.0,421.88
8934.7,406.39
8935.5,413.05
8936.2,425.69
8936.9,438.41
8937.6,412.98
8938.3,435.21
8939.0,439.37
8939.7,434.92
8940.5,391.36
8941.2,424.9
8941.9,417.0
8942.6,414.42
8943.3,423.77
8944.0,407.67
8944.7,402.74
8945.4,420.43
8946.2,425.13
8946.9,402.13
8947.6,431.8
8948.3,434.3
8949.0,402.44
8949.7,428.75
8950.4,409.28
8951.2,441.76
8951.9,384.93
8952.6,390.23
8953.3,417.03
8954.0,435.47
8954.7,408.96
8955.4,437.95
8956.1,438.07
8956.9,415.31
8957.6,443.27
8958.3,421.53
8959.0,413.03
8959.7,407.31
8960.4,377.17
8961.1,399.3
8961.9,450.22
8962.6,441.07
8963.3,430.12
8964.0,402.91
8964.7,421.95
8965.4,439.53
8966.1,436.1
8966.8,449.18
8967.6,433.95
8968.3,402.79
8969.0,379.8
8969.7,391.29
8970.4,415.05
8971.1,441.93
8971.8,446.34
8972.5,399.09
8973.3,428.89
8974.0,412.27
8974.7,437.23
8975.4,408.98
8976.1,406.9
8976.8,406.56
8977.5,369.71
8978.2,373.86
8979.0,378.22
8979.7,441.99
8980.4,478.82
8981.1,420.5
8981.8,420.07
8982.5,420.41
8983.2,388.22
8984.0,361.63
8984.7,339.51
8985.4,373.3
8986.1,403.81
8986.8,446.82
8987.5,476.21
8988.2,370.39
8988.9,347.75
8989.7,376.05
8990.4,429.39
8991.1,478.3
8991.8,468.11
8992.5,435.7
8993.2,404.14
8993.9,416.59
8994.6,402.08
8995.3,407.66
8996.1,413.65
8996.8,366.53
8997.5,347.34
8998.2,315.24
8998.9,302.72
8999.6,382.27
9000.3,410.87
9001.0,365.88
9001.8,345.89
9002.5,410.91
9003.2,447.97
9003.9,412.08
9004.6,395.52
9005.3,384.08
9006.0,415.95
9006.7,466.05
9007.5,447.85
9008.2,424.47
9008.9,397.01
9009.6,364.85
9010.3,367.26
9011.0,438.25
9011.7,456.23
9012.4,423.9
9013.2,394.49
9013.9,349.23
9014.6,346.85
9015.3,412.69
9016.0,509.06
9016.7,491.58
9017.4,444.53
9018.1,435.95
9018.8,433.96
9019.6,401.21
9020.3,386.38
9021.0,391.34
9021.7,452.19
9022.4,454.92
9023.1,407.93
9023.8,381.45
9024.5,428.47
9025.3,499.85
9026.0,452.1
9026.7,437.13
9027.4,434.62
9028.1,387.09
9028.8,405.98
9029.5,389.66
9030.2,427.73
9030.9,445.79
9031.7,427.46
9032.4,412.75
9033.1,411.74
9033.8,417.08
9034.5,372.38
9035.2,430.87
9035.9,420.37
9036.6,398.41
9037.3,404.92
9038.1,390.16
9038.8,372.35
9039.5,366.6
9040.2,372.09
9040.9,390.57
9041.6,404.27
9042.3,442.55
9043.0,422.83
9043.8,387.99
9044.5,373.28
9045.2,379.54
9045.9,340.16
9046.6,333.18
9047.3,349.35
9048.0,385.95
9048.7,399.56
9049.4,373.56
9050.2,411.77
9050.9,390.38
9051.6,410.38
9052.3,454.51
9053.0,455.47
9053.7,404.63
9054.4,416.68
9055.1,430.48
9055.8,381.16
9056.5,379.24
9057.3,413.51
9058.0,394.67
9058.7,369.8
9059.4,407.18
9060.1,416.02
9060.8,402.45
9061.5,426.3
9062.2,416.72
9062.9,386.43
9063.7,409.88
9064.4,390.88
9065.1,405.93
9065.8,369.5
9066.5,349.9
9067.2,366.36
9067.9,403.32
9068.6,440.22
9069.3,386.84
9070.1,370.39
9070.8,397.16
9071.5,403.43
9072.2,382.14
9072.9,374.39
9073.6,425.88
9074.3,433.38
9075.0,407.16
9075.7,406.15
9076.4,360.99
9077.2,364.43
9077.9,336.34
9078.6,369.27
9079.3,390.68
9080.0,396.08
9080.7,445.52
9081.4,447.71
9082.1,419.32
9082.8,402.67
9083.5,386.39
9084.3,371.15
9085.0,363.38
9085.7,450.81
9086.4,467.9
9087.1,450.85
9087.8,391.28
9088.5,396.11
9089.2,408.59
9089.9,407.84
9090.7,378.18
9091.4,386.46
9092.1,386.27
9092.8,416.09
9093.5,425.05
9094.2,426.9
9094.9,401.39
9095.6,397.69
9096.3,340.89
9097.0,325.15
9097.8,329.53
9098.5,415.77
9099.2,445.33
9099.9,462.0
9100.6,444.94
9101.3,414.67
9102.0,420.45
9102.7,385.87
9103.4,348.79
9104.1,382.59
9104.8,387.9
9105.6,406.43
9106.3,430.16
9107.0,442.94
9107.7,434.11
9108.4,422.93
9109.1,416.72
9109.8,446.82
9110.5,433.2
9111.2,407.84
9111.9,408.07
9112.7,414.65
9113.4,385.35
9114.1,410.39
9114.8,377.71
9115.5,381.21
9116.2,359.45
9116.9,389.64
9117.6,425.14
9118.3,482.52
9119.0,412.92
9119.7,425.71
9120.5,419.31
9121.2,392.23
9121.9,389.05
9122.6,392.16
9123.3,412.84
9124.0,398.99
9124.7,389.39
9125.4,370.16
9126.1,343.53
9126.8,361.35
9127.5,348.14
9128.3,358.63
9129.0,382.51
9129.7,449.68
9130.4,442.86
9131.1,416.86
9131.8,411.97
9132.5,362.38
9133.2,360.69
9133.9,340.94
9134.6,372.36
9135.3,411.48
9136.1,516.63
9136.8,468.86
9137.5,407.75
9138.2,403.68
9138.9,378.84
9139.6,410.77
9140.3,396.21
9141.0,394.7
9141.7,396.04
9142.4,389.67
9143.1,394.29
9143.9,416.33
9144.6,408.27
9145.3,378.81
9146.0,409.34
9146.7,411.6
9147.4,385.71
9148.1,418.07
9148.8,416.24
9149.5,377.41
9150.2,376.62
9150.9,374.01
9151.6,423.51
9152.4,420.07
9153.1,363.6
9153.8,352.09
9154.5,370.32
9155.2,426.31
9155.9,421.06
9156.6,404.09
9157.3,369.33
9158.0,362.36
9158.7,387.62
9159.4,391.5
9160.1,396.58
9160.9,418.16
9161.6,388.76
9162.3,403.4
9163.0,426.16
9163.7,419.25
9164.4,395.21
9165.1,375.18
9165.8,374.39
9166.5,383.17
9167.2,400.52
9167.9,403.16
9168.6,410.22
9169.4,374.25
9170.1,382.49
9170.8,377.04
9171.5,365.61
9172.2,352.94
9172.9,376.54
9173.6,395.61
9174.3,422.91
9175.0,410.2
9175.7,393.6
9176.4,442.34
9177.1,422.57
9177.8,383.31
9178.6,367.86
9179.3,382.72
9180.0,394.97
9180.7,378.16
9181.4,342.04
9182.1,346.52
9182.8,359.17
9183.5,402.67
9184.2,404.48
9184.9,423.54
9185.6,377.51
9186.3,356.36
9187.0,435.25
9187.8,366.21
9188.5,357.16
9189.2,385.06
9189.9,374.96
9190.6,380.4
9191.3,391.9
9192.0,383.81
9192.7,359.14
9193.4,325.38
9194.1,357.29
9194.8,383.47
9195.5,386.84
9196.2,378.44
9196.9,370.15
9197.7,356.81
9198.4,366.35
9199.1,364.16
9199.8,365.96
9200.5,392.69
9201.2,370.14
9201.9,377.11
9202.6,344.62
9203.3,341.07
9204.0,354.66
9204.7,370.99
9205.4,355.31
9206.1,372.92
9206.8,361.24
9207.6,390.1
9208.3,382.03
9209.0,389.98
9209.7,370.39
9210.4,372.51
9211.1,347.39
9211.8,338.5
9212.5,320.57
9213.2,295.67
9213.9,311.01
9214.6,307.46
9215.3,312.66
9216.0,363.66
9216.7,405.22
9217.4,397.5
9218.2,390.08
9218.9,389.39
9219.6,382.19
9220.3,369.35
9221.0,368.99
9221.7,342.12
9222.4,336.58
9223.1,351.13
9223.8,365.04
9224.5,387.99
9225.2,367.97
9225.9,389.78
9226.6,374.69
9227.3,365.39
9228.0,384.17
9228.8,373.69
9229.5,394.21
9230.2,372.43
9230.9,385.71
9231.6,382.59
9232.3,373.14
9233.0,371.24
9233.7,386.67
9234.4,371.82
9235.1,371.53
9235.8,359.69
9236.5,356.63
9237.2,353.99
9237.9,372.27
9238.6,375.23
9239.3,416.36
9240.0,375.31
9240.8,356.2
9241.5,387.97
9242.2,363.49
9242.9,330.97
9243.6,341.37
9244.3,385.97
9245.0,356.23
9245.7,362.02
9246.4,377.12
9247.1,367.02
9247.8,332.17
9248.5,370.71
9249.2,381.67
9249.9,367.07
9250.6,353.63
9251.3,368.36
9252.0,369.5
9252.8,396.12
9253.5,410.2
9254.2,365.28
9254.9,408.63
9255.6,373.66
9256.3,379.34
9257.0,384.69
9257.7,370.72
9258.4,355.75
9259.1,380.65
9259.8,366.4
9260.5,405.21
9261.2,384.11
9261.9,403.84
9262.6,358.18
9263.3,343.29
9264.0,346.1
9264.7,395.74
9265.4,354.32
9266.2,377.93
9266.9,369.56
9267.6,385.96
9268.3,372.12
9269.0,368.71
9269.7,367.49
9270.4,333.08
9271.1,359.8
9271.8,342.95
9272.5,332.05
9273.2,377.61
9273.9,373.38
9274.6,378.3
9275.3,383.89
9276.0,364.91
9276.7,310.32
9277.4,336.24
9278.1,396.46
9278.8,415.16
9279.5,411.46
9280.3,378.7
9281.0,379.91
9281.7,350.08
9282.4,365.91
9283.1,357.84
9283.8,344.43
9284.5,387.94
9285.2,412.94
9285.9,397.04
9286.6,376.33
9287.3,417.44
9288.0,383.47
9288.7,381.84
9289.4,393.81
9290.1,391.63
9290.8,348.86
9291.5,369.63
9292.2,367.37
9292.9,342.12
9293.6,373.33
9294.3,375.44
9295.1,416.87
9295.8,366.79
9296.5,405.7
9297.2,423.04
9297.9,383.64
9298.6,335.7
9299.3,342.12
9300.0,402.91
9300.7,410.7
9301.4,362.23
9302.1,370.1
9302.8,372.24
9303.5,467.37
9304.2,419.2
9304.9,346.01
9305.6,298.71
9306.3,293.73
9307.0,305.16
9307.7,349.36
9308.4,453.04
9309.1,475.73
9309.8,435.82
9310.5,435.05
9311.2,446.24
9311.9,404.75
9312.7,314.13
9313.4,267.19
9314.1,247.59
9314.8,286.54
9315.5,479.4
9316.2,481.52
9316.9,438.16
9317.6,395.17
9318.3,423.95
9319.0,390.32
9319.7,428.98
9320.4,343.94
9321.1,316.06
9321.8,313.76
9322.5,306.09
9323.2,335.3
9323.9,376.27
9324.6,517.58
9325.3,431.56
9326.0,402.0
9326.7,375.27
9327.4,437.73
9328.1,434.66
9328.8,328.52
9329.5,357.5
9330.2,323.55
9330.9,318.19
9331.6,240.62
9332.4,267.98
9333.1,417.28
9333.8,457.18
9334.5,473.24
9335.2,426.55
9335.9,406.94
9336.6,358.13
9337.3,351.12
9338.0,473.23
9338.7,552.57
9339.4,422.84
9340.1,308.42
9340.8,192.81
9341.5,177.03
9342.2,260.09
9342.9,431.45
9343.6,587.34
9344.3,569.02
9345.0,583.54
9345.7,479.3
9346.4,457.41
9347.1,438.05
9347.8,413.27
9348.5,404.57
9349.2,439.66
9349.9,381.9
9350.6,285.38
9351.3,216.29
9352.0,224.4
9352.7,386.77
9353.4,711.46
9354.1,503.67
9354.8,311.97
9355.5,250.8
9356.2,219.43
9356.9,410.57
9357.7,706.67
9358.4,592.27
9359.1,460.84
9359.8,410.34
9360.5,417.74
9361.2,409.91
9361.9,330.09
9362.6,309.35
9363.3,254.17
9364.0,289.65
9364.7,349.02
9365.4,382.25
9366.1,457.14
9366.8,332.43
9367.5,287.27
9368.2,264.81
9368.9,280.49
9369.6,362.84
9370.3,410.27
9371.0,537.1
9371.7,546.53
9372.4,435.85
9373.1,415.83
9373.8,328.68
9374.5,347.46
9375.2,315.19
9375.9,293.19
9376.6,310.47
9377.3,375.47
9378.0,310.89
9378.7,276.93
9379.4,301.34
9380.1,402.41
9380.8,470.24
9381.5,499.73
9382.2,403.03
9382.9,385.84
9383.6,333.56
9384.3,276.51
9385.0,245.35
9385.7,357.54
9386.4,477.78
9387.1,444.29
9387.8,408.85
9388.5,364.13
9389.2,326.1
9389.9,308.96
9390.6,327.35
9391.3,346.87
9392.0,336.2
9392.7,350.16
9393.4,383.78
9394.1,354.44
9394.8,372.93
9395.5,347.15
9396.2,316.67
9396.9,317.47
9397.6,294.48
9398.4,363.0
9399.1,377.07
9399.8,418.86
9400.5,350.2
9401.2,390.99
9401.9,378.35
9402.6,352.33
9403.3,385.05
9404.0,422.93
9404.7,359.71
9405.4,371.01
9406.1,383.26
9406.8,304.38
9407.5,316.76
9408.2,291.05
9408.9,336.24
9409.6,383.22
9410.3,451.17
9411.0,389.01
9411.7,360.71
9412.4,387.76
9413.1,391.46
9413.8,381.8
9414.5,317.7
9415.2,324.08
9415.9,298.43
9416.6,383.16
9417.3,434.32
9418.0,434.61
9418.7,321.19
9419.4,326.67
9420.1,336.94
9420.8,371.63
9421.5,444.38
9422.2,443.61
9422.9,358.88
9423.6,310.36
9424.3,251.83
9425.0,220.16
9425.7,212.47
9426.4,379.21
9427.1,534.11
9427.8,497.34
9428.5,405.68
9429.2,373.43
9429.9,476.52
9430.6,424.17
9431.3,388.43
9432.0,410.31
9432.7,397.71
9433.4,370.82
9434.1,335.78
9434.8,314.78
9435.5,281.87
9436.2,294.04
9436.9,413.67
9437.6,355.58
9438.3,282.74
9439.0,302.7
9439.7,316.44
9440.4,401.97
9441.1,436.1
9441.8,367.27
9442.5,468.59
9443.2,421.43
9443.9,374.67
9444.6,375.48
9445.3,387.64
9446.0,385.42
9446.7,362.8
9447.4,331.86
9448.1,316.72
9448.8,376.01
9449.5,436.9
9450.2,399.0
9450.9,399.38
9451.6,338.49
9452.3,269.35
9453.0,247.0
9453.7,344.73
9454.4,323.38
9455.1,432.4
9455.8,460.78
9456.5,438.64
9457.2,360.98
9457.9,261.91
9458.6,247.41
9459.3,318.01
9460.0,493.19
9460.7,571.86
9461.3,462.83
9462.0,379.81
9462.7,330.3
9463.4,340.76
9464.1,386.82
9464.8,375.45
9465.5,386.82
9466.2,304.25
9466.9,309.37
9467.6,324.88
9468.3,411.51
9469.0,434.7
9469.7,463.83
9470.4,418.38
9471.1,352.36
9471.8,298.77
9472.5,253.19
9473.2,316.9
9473.9,397.4
9474.6,473.97
9475.3,492.07
9476.0,460.84
9476.7,369.97
9477.4,321.63
9478.1,262.71
9478.8,220.87
9479.5,237.4
9480.2,373.18
9480.9,524.56
9481.6,490.63
9482.3,423.57
9483.0,379.27
9483.7,389.53
9484.4,342.07
9485.1,371.95
9485.8,385.59
9486.5,400.15
9487.2,372.42
9487.9,404.96
9488.6,406.34
9489.3,384.13
9490.0,340.12
9490.7,322.77
9491.4,265.01
9492.1,251.44
9492.8,302.15
9493.5,452.65
9494.2,438.5
9494.9,338.03
9495.6,339.34
9496.3,344.33
9497.0,384.16
9497.7,319.83
9498.4,240.42
9499.1,254.42
9499.8,348.09
9500.5,535.39
9501.1,551.86
9501.8,476.82
9502.5,378.65
9503.2,362.03
9503.9,330.98
9504.6,375.3
9505.3,377.19
9506.0,381.03
9506.7,344.88
9507.4,375.55
9508.1,390.49
9508.8,351.88
9509.5,346.46
9510.2,373.01
9510.9,359.1
9511.6,349.56
9512.3,370.85
9513.0,393.5
9513.7,344.37
9514.4,309.8
9515.1,279.83
9515.8,303.8
9516.5,514.42
9517.2,454.9
9517.9,312.5
9518.6,385.46
9519.3,334.25
9520.0,277.06
9520.7,292.09
9521.4,327.03
9522.1,404.62
9522.8,366.97
9523.5,344.33
9524.2,366.59
9524.8,357.44
9525.5,299.02
9526.2,265.04
9526.9,313.02
9527.6,405.0
9528.3,422.74
9529.0,359.72
9529.7,335.58
9530.4,289.84
9531.1,322.85
9531.8,317.36
9532.5,347.22
9533.2,344.62
9533.9,314.03
9534.6,370.36
9535.3,392.96
9536.0,409.02
9536.7,356.21
9537.4,358.53
9538.1,362.54
9538.8,349.65
9539.5,343.98
9540.2,405.07
9540.9,329.81
9541.6,282.47
9542.3,249.75
9543.0,384.23
9543.7,457.04
9544.3,395.38
9545.0,395.1
9545.7,388.0
9546.4,356.73
9547.1,348.17
9547.8,370.62
9548.5,382.25
9549.2,386.43
9549.9,343.6
9550.6,344.94
9551.3,273.7
9552.0,274.7
9552.7,335.12
9553.4,439.64
9554.1,379.29
9554.8,335.32
9555.5,307.65
9556.2,315.93
9556.9,482.01
9557.6,446.29
9558.3,396.94
9559.0,364.76
9559.7,345.53
9560.3,346.19
9561.0,321.23
9561.7,319.18
9562.4,349.01
9563.1,338.12
9563.8,320.36
9564.5,350.55
9565.2,365.76
9565.9,434.34
9566.6,424.62
9567.3,386.66
9568.0,322.59
9568.7,365.7
9569.4,352.84
9570.1,388.44
9570.8,393.35
9571.5,413.63
9572.2,389.76
9572.9,357.53
9573.6,352.26
9574.2,368.07
9574.9,328.0
9575.6,350.01
9576.3,360.22
9577.0,317.45
9577.7,286.97
9578.4,290.35
9579.1,314.15
9579.8,384.68
9580.5,474.43
9581.2,432.56
9581.9,374.5
9582.6,398.66
9583.3,344.68
9584.0,330.53
9584.7,333.26
9585.4,324.0
9586.1,332.49
9586.8,284.74
9587.4,298.02
9588.1,323.91
9588.8,355.18
9589.5,341.11
9590.2,366.88
9590.9,329.88
9591.6,384.32
9592.3,385.02
9593.0,367.56
9593.7,381.35
9594.4,352.98
9595.1,358.43
9595.8,318.77
9596.5,332.98
9597.2,392.18
9597.9,360.72
9598.6,352.95
9599.2,376.19
9599.9,381.98
9600.6,326.81
9601.3,329.59
9602.0,318.61
9602.7,282.67
9603.4,296.65
9604.1,324.55
9604.8,357.94
9605.5,375.02
9606.2,338.0
9606.9,379.66
9607.6,315.68
9608.3,369.45
9609.0,416.02
9609.7,402.94
9610.3,376.51
9611.0,338.87
9611.7,343.55
9612.4,309.47
9613.1,322.0
9613.8,344.4
9614.5,379.77
9615.2,404.07
9615.9,376.95
9616.6,328.31
9617.3,345.75
9618.0,364.31
9618.7,309.6
9619.4,317.02
9620.0,361.71
9620.7,311.47
9621.4,348.63
9622.1,347.18
9622.8,357.63
9623.5,321.25
9624.2,293.71
9624.9,326.9
9625.6,402.57
9626.3,347.64
9627.0,354.58
9627.7,351.0
9628.4,356.21
9629.1,356.92
9629.7,410.2
9630.4,339.87
9631.1,341.94
9631.8,329.84
9632.5,337.1
9633.2,310.11
9633.9,290.81
9634.6,281.51
9635.3,280.1
9636.0,356.42
9636.7,390.1
9637.4,400.9
9638.1,343.93
9638.8,308.84
9639.4,326.71
9640.1,402.34
9640.8,368.03
9641.5,333.16
9642.2,319.95
9642.9,282.16
9643.6,255.17
9644.3,285.57
9645.0,414.81
9645.7,378.58
9646.4,394.15
9647.1,370.84
9647.8,335.84
9648.4,351.16
9649.1,359.53
9649.8,311.45
9650.5,338.38
9651.2,316.72
9651.9,363.68
9652.6,319.89
9653.3,339.68
9654.0,339.72
9654.7,325.19
9655.4,307.86
9656.1,313.85
9656.7,366.46
9657.4,331.84
9658.1,332.11
9658.8,323.96
9659.5,294.97
9660.2,330.46
9660.9,327.69
9661.6,422.19
9662.3,381.97
9663.0,348.95
9663.7,367.72
9664.3,340.69
9665.0,348.16
9665.7,352.89
9666.4,393.79
9667.1,370.21
9667.8,316.67
9668.5,329.13
9669.2,329.06
9669.9,414.5
9670.6,394.15
9671.3,364.17
9672.0,353.76
9672.6,334.6
9673.3,348.31
9674.0,352.58
9674.7,338.25
9675.4,350.53
9676.1,307.55
9676.8,355.83
9677.5,304.86
9678.2,289.75
9678.9,305.64
9679.6,374.73
9680.2,315.3
9680.9,337.92
9681.6,375.18
9682.3,347.92
9683.0,329.44
9683.7,358.84
9684.4,361.96
9685.1,320.33
9685.8,317.81
9686.5,361.14
9687.1,359.84
9687.8,339.77
9688.5,323.99
9689.2,349.51
9689.9,357.73
9690.6,321.42
9691.3,358.27
9692.0,340.5
9692.7,321.91
9693.4,370.83
9694.1,374.89
9694.7,319.34
9695.4,365.28
9696.1,341.79
9696.8,349.73
9697.5,355.59
9698.2,361.73
9698.9,323.48
9699.6,304.59
9700.3,384.81
9701.0,359.38
9701.6,370.42
9702.3,386.02
9703.0,330.36
9703.7,360.59
9704.4,317.39
9705.1,337.39
9705.8,350.31
9706.5,327.55
9707.2,348.41
9707.8,336.26
9708.5,349.59
9709.2,335.21
9709.9,341.69
9710.6,304.69
9711.3,333.93
9712.0,320.07
9712.7,297.12
9713.4,315.08
9714.1,330.2
9714.7,356.96
9715.4,401.41
9716.1,345.94
9716.8,347.44
9717.5,343.19
9718.2,333.6
9718.9,382.67
9719.6,344.06
9720.3,338.0
9720.9,338.43
9721.6,341.89
9722.3,311.35
9723.0,340.61
9723.7,353.97
9724.4,356.09
9725.1,340.24
9725.8,342.3
9726.5,350.08
9727.1,349.51
9727.8,349.32
9728.5,346.59
9729.2,348.09
9729.9,370.4
9730.6,350.16
9731.3,337.73
9732.0,330.96
9732.7,323.4
9733.3,348.94
9734.0,333.28
9734.7,365.94
9735.4,363.05
9736.1,386.96
9736.8,365.45
9737.5,345.67
9738.2,367.13
9738.8,334.36
9739.5,326.18
9740.2,333.07
9740.9,341.5
9741.6,322.82
9742.3,362.67
9743.0,345.75
9743.7,387.29
9744.4,396.1
9745.0,349.0
9745.7,349.36
9746.4,329.93
9747.1,285.1
9747.8,331.89
9748.5,378.62
9749.2,377.82
9749.9,353.83
9750.5,338.88
9751.2,406.14
9751.9,359.93
9752.6,360.94
9753.3,369.53
9754.0,369.19
9754.7,341.55
9755.4,359.77
9756.0,292.86
9756.7,368.17
9757.4,361.3
9758.1,360.93
9758.8,391.07
9759.5,320.76
9760.2,317.82
9760.9,317.82
9761.5,347.82
9762.2,345.05
9762.9,354.09
9763.6,351.8
9764.3,316.89
9765.0,374.26
9765.7,342.67
9766.4,350.16
9767.0,346.87
9767.7,363.19
9768.4,325.91
9769.1,329.58
9769.8,343.09
9770.5,403.49
9771.2,330.19
9771.8,315.95
9772.5,325.57
9773.2,376.99
9773.9,376.89
9774.6,391.47
9775.3,300.04
9776.0,338.03
9776.7,330.0
9777.3,331.97
9778.0,297.41
9778.7,347.21
9779.4,332.96
9780.1,303.59
9780.8,307.27
9781.5,352.4
9782.1,408.88
9782.8,347.84
9783.5,369.64
9784.2,329.08
9784.9,315.91
9785.6,340.09
9786.3,356.2
9787.0,322.92
9787.6,364.68
9788.3,331.41
9789.0,330.39
9789.7,345.7
9790.4,323.39
9791.1,330.15
9791.8,318.66
9792.4,335.04
9793.1,367.05
9793.8,379.96
9794.5,378.55
9795.2,350.08
9795.9,344.84
9796.6,336.26
9797.2,347.82
9797.9,350.05
9798.6,307.9
9799.3,369.3
9800.0,299.62
9800.7,324.25
9801.4,328.92
9802.0,327.29
9802.7,378.54
9803.4,341.13
9804.1,386.6
9804.8,367.46
9805.5,326.71
9806.2,340.37
9806.8,365.25
9807.5,348.4
9808.2,311.35
9808.9,341.78
9809.6,384.63
9810.3,326.73
9811.0,340.54
9811.6,372.21
9812.3,344.29
9813.0,343.25
9813.7,357.37
9814.4,322.41
9815.1,311.08
9815.7,311.58
9816.4,348.36
9817.1,336.06
9817.8,335.2
9818.5,347.87
9819.2,341.59
9819.9,339.77
9820.5,331.87
9821.2,330.37
9821.9,336.19
9822.6,319.2
9823.3,325.09
9824.0,378.34
9824.6,286.84
9825.3,381.62
9826.0,357.05
9826.7,314.82
9827.4,327.37
9828.1,351.66
9828.8,347.58
9829.4,358.97
9830.1,360.43
9830.8,380.53
9831.5,332.17
9832.2,308.26
9832.9,348.91
9833.5,337.3
9834.2,307.71
9834.9,306.48
9835.6,423.06
9836.3,1173.4
9837.0,476.55
9837.6,318.43
9838.3,314.94
9839.0,317.57
9839.7,357.75
9840.4,359.73
9841.1,333.72
9841.8,363.89
9842.4,358.15
9843.1,324.73
9843.8,334.21
9844.5,361.06
9845.2,349.4
9845.9,346.55
9846.5,324.25
9847.2,375.36
9847.9,302.51
9848.6,349.74
9849.3,374.25
9850.0,317.77
9850.6,355.53
9851.3,356.51
9852.0,313.39
9852.7,349.28
9853.4,340.94
9854.1,350.01
9854.7,286.33
9855.4,340.21
9856.1,362.12
9856.8,324.46
9857.5,323.97
9858.2,327.39
9858.8,318.17
9859.5,345.02
9860.2,324.95
9860.9,349.08
9861.6,328.44
9862.2,324.76
9862.9,333.71
9863.6,334.44
9864.3,318.41
9865.0,342.38
9865.7,319.93
9866.3,333.7
9867.0,344.25
9867.7,375.68
9868.4,340.05
9869.1,342.06
9869.8,355.02
9870.4,346.93
9871.1,344.74
9871.8,352.8
9872.5,327.63
9873.2,306.19
9873.9,402.04
9874.5,324.87
9875.2,344.0
9875.9,292.43
9876.6,325.03
9877.3,318.37
9877.9,336.44
9878.6,322.16
9879.3,355.47
9880.0,364.97
9880.7,314.51
9881.4,357.97
9882.0,348.79
9882.7,373.47
9883.4,370.76
9884.1,381.59
9884.8,348.38
9885.4,332.74
9886.1,368.77
9886.8,325.42
9887.5,372.12
9888.2,326.79
9888.9,326.32
9889.5,351.45
9890.2,346.22
9890.9,338.56
9891.6,324.82
9892.3,311.71
9892.9,316.61
9893.6,336.89
9894.3,325.84
9895.0,360.58
9895.7,336.28
9896.4,358.6
9897.0,314.24
9897.7,341.76
9898.4,346.35
9899.1,322.91
9899.8,344.92
9900.4,318.5
9901.1,300.62
9901.8,349.23
9902.5,337.7
9903.2,348.37
9903.8,304.6
9904.5,343.08
9905.2,326.12
9905.9,314.84
9906.6,337.07
9907.2,334.49
9907.9,356.94
9908.6,336.61
9909.3,378.57
9910.0,335.01
9910.6,320.24
9911.3,382.22
9912.0,319.57
9912.7,357.88
9913.4,363.77
9914.1,297.8
9914.7,315.45
9915.4,343.41
9916.1,318.17
9916.8,313.15
9917.5,322.74
9918.1,320.79
9918.8,309.69
9919.5,336.36
9920.2,345.99
9920.9,331.64
9921.5,373.74
9922.2,308.98
9922.9,375.84
9923.6,309.45
9924.3,328.52
9924.9,314.7
9925.6,370.44
9926.3,307.29
9927.0,333.9
9927.7,353.03
9928.3,341.2
9929.0,346.34
9929.7,325.05
9930.4,379.85
9931.1,317.89
9931.7,342.33
9932.4,364.93
9933.1,361.3
9933.8,286.59
9934.4,327.52
9935.1,363.19
9935.8,331.63
9936.5,319.64
9937.2,307.45
9937.8,329.31
9938.5,320.47
9939.2,329.52
9939.9,315.18
9940.6,326.24
9941.2,364.97
9941.9,313.42
9942.6,343.92
9943.3,354.59
9944.0,369.68
9944.6,380.3
9945.3,359.89
9946.0,364.07
9946.7,337.3
9947.4,383.49
9948.0,327.99
9948.7,299.49
9949.4,331.05
9950.1,319.71
9950.7,345.25
9951.4,317.13
9952.1,370.56
9952.8,346.83
9953.5,326.9
9954.1,351.1
9954.8,356.01
9955.5,389.85
9956.2,320.16
9956.9,359.67
9957.5,357.76
9958.2,312.1
9958.9,353.54
9959.6,343.63
9960.2,314.59
9960.9,315.53
9961.6,299.71
9962.3,330.74
9963.0,330.39
9963.6,291.99
9964.3,329.17
9965.0,382.05
9965.7,320.19
9966.3,331.25
9967.0,312.98
9967.7,309.79
9968.4,356.45
9969.1,357.61
9969.7,354.42
9970.4,318.28
9971.1,296.75
9971.8,318.06
9972.4,312.45
9973.1,324.37
9973.8,324.66
9974.5,332.88
9975.2,312.32
9975.8,378.81
9976.5,333.53
9977.2,318.74
9977.9,292.02
9978.5,346.37
9979.2,293.22
9979.9,344.78
9980.6,345.33
9981.3,317.65
9981.9,359.88
9982.6,328.74
9983.3,357.8
9984.0,319.29
9984.6,335.61
9985.3,404.77
9986.0,326.63
9986.7,326.6
9987.3,354.84
9988.0,363.58
9988.7,305.27
9989.4,317.28
9990.1,311.4
9990.7,319.42
9991.4,319.14
9992.1,334.24
9992.8,340.24
9993.4,337.62
9994.1,320.75
9994.8,339.8
9995.5,334.85
9996.1,331.18
9996.8,336.0
9997.5,317.01
9998.2,312.01
9998.8,386.82
9999.5,361.26
10000.0,372.35
10001.0,328.16
10002.0,333.01
10002.0,300.7
10003.0,353.59
10004.0,320.12
10004.0,351.14
10005.0,334.98
10006.0,350.48
10006.0,341.46
10007.0,314.11
10008.0,347.88
10008.0,335.05
10009.0,313.33
10010.0,341.65
10010.0,369.34
10011.0,318.13
10012.0,380.74
10012.0,355.86
10013.0,297.92
10014.0,314.39
10014.0,320.52
10015.0,350.58
10016.0,325.18
10016.0,327.63
10017.0,312.48
10018.0,302.65
10018.0,324.3
10019.0,332.54
10020.0,301.2
10020.0,327.49
10021.0,343.14
10022.0,338.07
10022.0,334.57
10023.0,319.13
10024.0,335.27
10025.0,316.71
10025.0,289.13
10026.0,306.24
10027.0,350.75
10027.0,309.08
10028.0,304.69
10029.0,344.18
10029.0,321.18
10030.0,351.69
10031.0,427.16
10031.0,346.77
10032.0,264.45
10033.0,268.7
10033.0,320.37
10034.0,265.27
10035.0,321.31
10035.0,286.57
10036.0,320.26
10037.0,319.58
10037.0,284.78
10038.0,347.44
10039.0,325.37
10039.0,306.76
10040.0,279.08
10041.0,301.16
10041.0,298.84
10042.0,313.08
10043.0,347.41
10043.0,327.39
10044.0,357.39
10045.0,356.15
10045.0,339.03
10046.0,331.72
10047.0,338.65
10047.0,331.91
10048.0,352.6
10049.0,393.78
10049.0,371.91
10050.0,331.35
10051.0,314.2
10051.0,295.97
10052.0,349.76
10053.0,408.5
10054.0,322.38
10054.0,280.72
10055.0,331.4
10056.0,329.1
10056.0,317.09
10057.0,305.87
10058.0,365.12
10058.0,310.48
10059.0,313.03
10060.0,390.79
10060.0,327.43
10061.0,347.68
10062.0,326.31
10062.0,349.75
10063.0,322.39
10064.0,318.68
10064.0,356.03
10065.0,345.53
10066.0,330.53
10066.0,308.62
10067.0,325.91
10068.0,315.32
10068.0,337.28
10069.0,316.76
10070.0,324.82
10070.0,330.37
10071.0,272.43
10072.0,328.64
10072.0,375.0
10073.0,322.89
10074.0,319.06
10074.0,307.73
10075.0,308.23
10076.0,348.17
10076.0,317.01
10077.0,364.46
10078.0,337.19
10078.0,328.47
10079.0,301.59
10080.0,322.3
10080.0,353.15
10081.0,362.76
10082.0,269.47
10082.0,366.42
10083.0,312.73
10084.0,311.28
10084.0,321.01
10085.0,281.27
10086.0,314.79
10086.0,287.77
10087.0,338.25
10088.0,351.9
10088.0,287.82
10089.0,304.69
10090.0,285.35
10091.0,271.85
10091.0,278.99
10092.0,295.89
10093.0,429.99
10093.0,301.75
10094.0,276.23
10095.0,318.49
10095.0,292.27
10096.0,331.44
10097.0,341.91
10097.0,365.07
10098.0,296.09
10099.0,305.31
10099.0,353.14
10100.0,311.1
10101.0,307.36
10101.0,298.9
10102.0,310.52
10103.0,312.29
10103.0,286.34
10104.0,247.46
10105.0,367.44
10105.0,297.78
10106.0,393.81
10107.0,280.68
10107.0,311.31
10108.0,296.25
10109.0,327.38
10109.0,455.57
10110.0,333.23
10111.0,396.15
10111.0,335.11
10112.0,414.85
10113.0,296.47
10113.0,341.19
10114.0,318.83
10115.0,275.22
10115.0,276.18
10116.0,271.0
10117.0,280.16
10117.0,376.27
10118.0,294.09
10119.0,294.61
10119.0,300.54
10120.0,360.44
10121.0,277.17
10121.0,298.91
10122.0,376.93
10123.0,385.83
10123.0,249.61
10124.0,290.24
10125.0,365.78
10125.0,326.58
10126.0,340.3
10127.0,309.57
10127.0,284.64
10128.0,328.09
10129.0,388.45
10129.0,334.52
10130.0,286.62
10131.0,295.71
10131.0,322.63
10132.0,370.65
10133.0,296.37
10133.0,341.07
10134.0,382.22
10135.0,326.65
10135.0,313.56
10136.0,289.04
10137.0,261.55
10137.0,366.02
10138.0,300.78
10139.0,372.43
10139.0,292.45
10140.0,264.46
10141.0,311.35
10141.0,341.33
10142.0,432.61
10143.0,449.29
10143.0,273.12
10144.0,315.46
10145.0,259.79
10145.0,301.78
10146.0,284.63
10147.0,322.67
10147.0,318.15
10148.0,314.81
10149.0,390.48
10149.0,275.08
10150.0,340.65
10151.0,363.17
10151.0,367.07
10152.0,302.73
10153.0,293.31
10153.0,321.79
10154.0,337.05
10155.0,306.63
10155.0,308.97
10156.0,320.08
10157.0,366.5
10157.0,289.71
10158.0,315.93
10159.0,320.13
10159.0,337.73
10160.0,284.31
10161.0,298.87
10161.0,269.32
10162.0,348.64
10163.0,278.03
10163.0,326.83
10164.0,325.41
10165.0,276.91
10166.0,349.33
10166.0,322.76
10167.0,338.35
10168.0,316.38
10168.0,293.83
10169.0,399.02
10170.0,376.42
10170.0,296.13
10171.0,318.63
10172.0,268.85
10172.0,358.99
10173.0,284.62
10174.0,326.48
10174.0,286.64
10175.0,282.35
10176.0,254.82
10176.0,288.06
10177.0,410.92
10178.0,261.15
10178.0,419.3
10179.0,342.61
10180.0,471.92
10180.0,372.55
10181.0,395.79
10182.0,426.49
10182.0,407.86
10183.0,284.62
10184.0,296.03
10184.0,361.9
10185.0,300.39
10186.0,391.3
10186.0,259.71
10187.0,289.83
10188.0,274.15
10188.0,229.51
10189.0,331.01
10190.0,544.5
10190.0,328.26
10191.0,314.96
10192.0,276.85
10192.0,308.26
10193.0,521.37
10194.0,309.72
10194.0,381.91
10195.0,324.96
10196.0,265.6
10196.0,272.47
10197.0,314.86
10198.0,275.97
10198.0,288.28
10199.0,286.01
10199.0,275.07
10200.0,228.06
10201.0,331.6
10201.0,348.86
10202.0,373.08
10203.0,414.22
10203.0,332.68
10204.0,496.24
10205.0,396.99
10205.0,390.36
10206.0,376.05
10207.0,276.29
10207.0,296.75
10208.0,317.18
10209.0,356.24
10209.0,399.62
10210.0,274.92
10211.0,302.35
10211.0,316.64
10212.0,433.37
10213.0,250.14
10213.0,337.44
10214.0,411.75
10215.0,419.88
10215.0,272.8
10216.0,257.14
10217.0,479.54
10217.0,292.56
10218.0,222.38
10219.0,307.57
10219.0,264.52
10220.0,352.74
10221.0,264.88
10221.0,313.22
10222.0,362.82
10223.0,355.33
10223.0,323.22
10224.0,247.24
10225.0,310.95
10225.0,221.89
10226.0,292.26
10227.0,311.11
10227.0,291.93
10228.0,299.26
10229.0,259.66
10229.0,249.27
10230.0,302.61
10231.0,497.63
10231.0,260.45
10232.0,325.59
10233.0,328.41
10233.0,244.33
10234.0,256.53
10235.0,317.87
10235.0,396.11
10236.0,213.7
10237.0,623.2
10237.0,302.64
10238.0,277.87
10239.0,214.28
10239.0,294.57
10240.0,275.11
10241.0,325.84
10241.0,266.23
10242.0,297.88
10243.0,267.21
10243.0,
10244.0,
10245.0,
10245.0,
10246.0,
10247.0,
10247.0,
10248.0,
10249.0,
10249.0,
10250.0,
10251.0,
10251.0,
10252.0,
10253.0,
10253.0,
10254.0,
10255.0,
10255.0,
10256.0,
10257.0,
10257.0,
10258.0,
10259.0,
10259.0,
10260.0,
10261.0,
10261.0,
10262.0,
10263.0,
10263.0,
10264.0,
10265.0,
10265.0,
10266.0,
10267.0,
10267.0,
10268.0,
10269.0,
10269.0,
10270.0,
10271.0,
10271.0,
10272.0,
10272.0,
10273.0,
10274.0,
10274.0,
10275.0,
10276.0,
10276.0,
10277.0,
10278.0,
10278.0,
10279.0,
10280.0,
10280.0,
10281.0,
10282.0,
10282.0,
10283.0,
10284.0,
10284.0,
10285.0,
10286.0,
10286.0,
10287.0,
10288.0,
10288.0,
10289.0,
10290.0,
10290.0,
10291.0,
10292.0,
10292.0,
10293.0,
10294.0,
10294.0,
10295.0,
10296.0,
10296.0,
10297.0,
10298.0,
10298.0,
10299.0,
10300.0,
10300.0,
10301.0,
10302.0,
10302.0,
10303.0,
10304.0,
10304.0,
10305.0,
10306.0,
10306.0,
10307.0,
10308.0,
10308.0,
10309.0,
10309.0,
10310.0,
10311.0,
10311.0,
10312.0,
10313.0,
10313.0,
10314.0,
10315.0,
10315.0,
10316.0,
10317.0,
10317.0,
10318.0,
10319.0,
10319.0,
10320.0,
10321.0,
10321.0,
10322.0,
10323.0,
10323.0,
10324.0,
10325.0,
10325.0,
10326.0,
10327.0,
10327.0,
10328.0,
10329.0,
10329.0,
10330.0,
10331.0,
10331.0,
10332.0,
10333.0,
10333.0,
10334.0,
10335.0,
10335.0,
10336.0,
10336.0,
10337.0,
10338.0,
10338.0,
10339.0,
10340.0,
10340.0,
10341.0,
10342.0,
10342.0,
10343.0,
10344.0,
10344.0,
10345.0,
10346.0,
10346.0,
10347.0,
10348.0,
10348.0,
10349.0,
10350.0,
10350.0,
10351.0,
10352.0,
10352.0,
10353.0,
10354.0,
10354.0,
10355.0,
10356.0,
10356.0,
10357.0,
10358.0,
10358.0,
10359.0,
10359.0,
10360.0,
10361.0,
10361.0,
10362.0,
10363.0,
10363.0,
10364.0,
10365.0,
10365.0,
10366.0,
10367.0,
10367.0,
10368.0,
10369.0,
10369.0,
10370.0,
10371.0,
10371.0,
10372.0,
10373.0,
10373.0,
10374.0,
10375.0,
10375.0,
10376.0,
10377.0,
10377.0,
10378.0,
10378.0,
10379.0,
10380.0,
10380.0,
10381.0,
10382.0,
10382.0,
10383.0,
10384.0,
10384.0,
10385.0,
10386.0,
10386.0,
10387.0,
10388.0,
10388.0,
10389.0,
10390.0,
10390.0,
10391.0,
10392.0,
10392.0,
10393.0,
10394.0,
10394.0,
10395.0,
10396.0,
10396.0,
10397.0,
10397.0,
10398.0,
10399.0,
10399.0,
