wav,flam
9650.171399116516,4.596614447172119e-15
9651.609659194946,4.837918040218872e-15
9653.047919273376,4.576140390287562e-15
9654.486775398254,5.2661397818680195e-15
9655.925035476685,5.625866204237448e-15
9657.363295555115,5.364185116062126e-15
9658.801555633545,4.443450138001334e-15
9660.239815711975,4.814758465375045e-15
9661.678075790405,5.038446737734223e-15
9663.116335868835,5.053216451235496e-15
9664.554595947266,4.583451131655314e-15
9665.992856025696,4.752316890569352e-15
9667.431116104126,4.585013060410051e-15
9668.869376182556,4.760685576088225e-15
9670.307636260986,4.672485305840055e-15
9671.745896339417,4.897171806527573e-15
9673.184156417847,5.109308243552097e-15
9674.622416496277,5.734213153136061e-15
9676.06008052826,5.7390916393957724e-15
9677.49834060669,5.1455434660026885e-15
9678.93660068512,3.784079457793592e-15
9680.374264717102,4.5016709476308585e-15
9681.812524795532,5.6805908853771805e-15
9683.250784873962,5.727524557468068e-15
9684.688448905945,4.29054163278062e-15
9686.126708984375,3.875490829944803e-15
9687.564373016357,3.821141807917178e-15
9689.00203704834,4.4287659748277336e-15
9690.44029712677,6.043937526563174e-15
9691.877961158752,7.0174985614124274e-15
9693.316221237183,4.932756507674673e-15
9694.753885269165,4.0663773279050845e-15
9696.191549301147,5.089986151475805e-15
9697.62921333313,5.073437668785298e-15
9699.06747341156,5.552704156934832e-15
9700.505137443542,5.254937347624108e-15
9701.942801475525,5.110873136922149e-15
9703.380465507507,4.463303743252028e-15
9704.81812953949,4.582292814099944e-15
9706.255793571472,5.508277702367817e-15
9707.693457603455,4.812147909831607e-15
9709.131121635437,4.546561999769442e-15
9710.56878566742,5.012397509990838e-15
9712.006449699402,4.297652897889293e-15
9713.444113731384,5.4578326551940875e-15
9714.881181716919,5.430119431225821e-15
9716.318845748901,6.2684054927503e-15
9717.756509780884,5.100797680014559e-15
9719.194173812866,5.025655269681262e-15
9720.6312417984,5.5032920664402785e-15
9722.068905830383,5.210550703605614e-15
9723.506569862366,4.835457409507098e-15
9724.9436378479,4.000505269663012e-15
9726.381301879883,3.936352264787392e-15
9727.818369865417,5.588254129731095e-15
9729.2560338974,5.208128189376467e-15
9730.693101882935,4.704122409936477e-15
9732.130765914917,5.219317071093223e-15
9733.567833900452,5.336480362423332e-15
9735.004901885986,5.906767740535392e-15
9736.442565917969,5.151382487624586e-15
9737.879633903503,5.05671977950534e-15
9739.316701889038,4.381702283179443e-15
9740.753769874573,4.631630789211612e-15
9742.190837860107,5.3586603436636595e-15
9743.62850189209,4.838254735815405e-15
9745.065569877625,4.5463205953794744e-15
9746.50263786316,4.677585714731947e-15
9747.939705848694,3.91275773852515e-15
9749.376773834229,4.50691492860731e-15
9750.813841819763,5.347632821723356e-15
9752.250909805298,5.1755991595865865e-15
9753.687977790833,4.686874701548011e-15
9755.12444972992,5.2187321948431436e-15
9756.561517715454,5.437594920501814e-15
9757.998585700989,5.964168622271974e-15
9759.435653686523,4.941967143943116e-15
9760.87212562561,4.47048022989764e-15
9762.309193611145,4.5684273082698644e-15
9763.74626159668,4.8664905791121274e-15
9765.182733535767,4.704449788170591e-15
9766.619801521301,4.524941483790776e-15
9768.056273460388,4.4572643983381045e-15
9769.493341445923,5.388120573085638e-15
9770.92981338501,4.5522180622747325e-15
9772.366881370544,5.137535193002873e-15
9773.803353309631,6.026855413115897e-15
9775.240421295166,6.1090396318561925e-15
9776.676893234253,5.733941255559993e-15
9778.11336517334,5.300276056675315e-15
9779.550433158875,4.584436230972971e-15
9780.986905097961,4.387374862827205e-15
9782.423377037048,5.093099844589912e-15
9783.859848976135,5.285554200535562e-15
9785.296320915222,6.555971907793714e-15
9786.732792854309,5.988541571812743e-15
9788.169264793396,5.169664846758123e-15
9789.605736732483,4.691889983628704e-15
9791.04220867157,4.637804812364149e-15
9792.478680610657,4.8050705260408236e-15
9793.915152549744,5.517809787639744e-15
9795.35162448883,5.377946013323219e-15
9796.788096427917,5.111273359989727e-15
9798.224568367004,4.929604274561466e-15
9799.661040306091,5.4520054920334515e-15
9801.09691619873,6.198671811301695e-15
9802.533388137817,6.014571741314815e-15
9803.969860076904,5.386972843442108e-15
9805.405735969543,5.016690696483996e-15
9806.84220790863,5.106368192192177e-15
9808.278679847717,5.914197913548707e-15
9809.714555740356,6.022712151454402e-15
9811.151027679443,5.334683382025732e-15
9812.586903572083,4.73789996629061e-15
9814.022779464722,5.1584552127341594e-15
9815.459251403809,5.452608155975423e-15
9816.895127296448,5.052993681570368e-15
9818.331599235535,5.402937720431957e-15
9819.767475128174,6.005240402851388e-15
9821.203351020813,5.10567616627427e-15
9822.639226913452,4.06530371364444e-15
9824.075102806091,5.305995223135176e-15
9825.511574745178,5.533157601127518e-15
9826.947450637817,5.110458514294468e-15
9828.383326530457,4.870067599248382e-15
9829.819202423096,5.291336894466467e-15
9831.255078315735,5.184983014092743e-15
9832.690954208374,5.531441088859907e-15
9834.126830101013,5.540097342064372e-15
9835.562705993652,5.31107022103865e-15
9836.998581886292,5.166108578929076e-15
9838.433861732483,4.7064521740579e-15
9839.869737625122,4.874136745526992e-15
9841.305613517761,5.3314273873764865e-15
9842.7414894104,5.558341161198809e-15
9844.176769256592,5.328570768761871e-15
9845.612645149231,5.904584936630318e-15
9847.04852104187,6.656535470940007e-15
9848.483800888062,5.3787849994574744e-15
9849.9196767807,4.928838556777148e-15
9851.354956626892,5.111462671853438e-15
9852.790832519531,5.4822259335255905e-15
9854.226112365723,5.838804781463022e-15
9855.661988258362,5.8187720287439845e-15
9857.097268104553,5.48261006296717e-15
9858.532547950745,5.4019776085862444e-15
9859.968423843384,4.945019427168547e-15
9861.403703689575,5.091157598041858e-15
9862.838983535767,5.3843097718559406e-15
9864.274263381958,5.350559320556119e-15
9865.710139274597,5.420456479363544e-15
9867.145419120789,5.0211736183573396e-15
9868.58069896698,4.944675531791962e-15
9870.015978813171,5.400297095218892e-15
9871.451258659363,5.408075822290002e-15
9872.886538505554,5.3944669674429405e-15
9874.321818351746,5.267923633254937e-15
9875.757098197937,5.1808651634196665e-15
9877.192378044128,5.200883093062127e-15
9878.627061843872,4.8799656027535224e-15
9880.062341690063,4.793525890486221e-15
9881.497621536255,5.445290638344093e-15
9882.932901382446,5.801169413550619e-15
9884.36758518219,5.380275353928168e-15
9885.802865028381,5.175912138260597e-15
9887.238144874573,5.513426392137703e-15
9888.672828674316,5.292961927175774e-15
9890.108108520508,4.881024817454064e-15
9891.542792320251,5.068771364278874e-15
9892.978072166443,5.612334852905061e-15
9894.412755966187,5.6638785018113796e-15
9895.848035812378,5.642210551987667e-15
9897.282719612122,5.58917485454476e-15
9898.717999458313,5.6270689910225494e-15
9900.152683258057,5.510685393520388e-15
9901.5873670578,5.266905923168811e-15
9903.022050857544,5.432061254257402e-15
9904.457330703735,5.143077753093231e-15
9905.892014503479,4.920506293675008e-15
9907.326698303223,4.5680863775085945e-15
9908.761382102966,5.318607543719793e-15
9910.19606590271,4.7477865348509625e-15
9911.630749702454,4.9990512353574254e-15
9913.065433502197,4.900252041840263e-15
9914.500117301941,5.1248872970344715e-15
9915.934801101685,5.3358641459542045e-15
9917.369484901428,5.301688060598388e-15
9918.804168701172,5.401429578269371e-15
9920.238852500916,5.480824517514358e-15
9921.672940254211,5.029163256632316e-15
9923.107624053955,5.3225741990117845e-15
9924.542307853699,5.260782298476636e-15
9925.976991653442,5.0988901618173425e-15
9927.411079406738,4.9449088893689305e-15
9928.845763206482,5.285734618553327e-15
9930.279850959778,5.359470107161235e-15
9931.714534759521,4.911360878943503e-15
9933.148622512817,4.443680954479461e-15
9934.583306312561,4.9012828809370714e-15
9936.017394065857,5.332302372411e-15
9937.4520778656,5.490469258168269e-15
9938.886165618896,5.514097665748402e-15
9940.320253372192,5.284709708687149e-15
9941.754937171936,5.169591154891712e-15
9943.189024925232,5.475528867528124e-15
9944.623112678528,5.259472362023707e-15
9946.057200431824,5.5634453817389636e-15
9947.491884231567,5.2879500332268705e-15
9948.925971984863,5.008435513380056e-15
9950.36005973816,5.122703222579976e-15
9951.794147491455,5.043914758925223e-15
9953.228235244751,4.9435913296194765e-15
9954.662322998047,4.9352412788254436e-15
9956.096410751343,5.141861413780974e-15
9957.530498504639,5.31882438415429e-15
9958.963990211487,5.546913416190928e-15
9960.398077964783,5.512977464675658e-15
9961.832165718079,5.390034444029959e-15
9963.266253471375,5.433546950046886e-15
9964.70034122467,5.05415919890579e-15
9966.133832931519,5.209239073086791e-15
9967.567920684814,5.245924070032375e-15
9969.001412391663,5.301716859718595e-15
9970.435500144958,5.16708520791726e-15
9971.869587898254,5.108179148633407e-15
9973.303079605103,5.138840470774592e-15
9974.737167358398,5.186843945477861e-15
9976.170659065247,5.246125663873821e-15
9977.604150772095,5.351858245580734e-15
9979.03823852539,5.327906694931224e-15
9980.471730232239,4.959990734511267e-15
9981.905221939087,4.920669771033828e-15
9983.339309692383,5.096166527375446e-15
9984.772801399231,5.260560799360929e-15
9986.20629310608,5.103343014021058e-15
9987.639784812927,5.113319791590293e-15
9989.073276519775,5.0732326868120625e-15
9990.506768226624,5.375798784801929e-15
9991.940259933472,5.3811020580846886e-15
9993.37375164032,5.331507008473528e-15
9994.807243347168,5.350596166489325e-15
9996.240735054016,5.3028489192526e-15
9997.674226760864,5.1026090599722625e-15
9999.107718467712,5.21400405693157e-15
10000.54121017456,5.247049776819276e-15
10001.974105834961,5.31280409748168e-15
10003.408193588257,5.569539360277985e-15
10004.841089248657,5.435664108898548e-15
10006.273984909058,5.289185430780441e-15
10007.708072662354,5.154253082282831e-15
10009.140968322754,5.151149977080565e-15
10010.573863983154,5.417083594167578e-15
10012.00795173645,5.3843292536137274e-15
10013.44084739685,5.319743838418534e-15
10014.873743057251,5.2452684665312e-15
10016.306638717651,5.338581004132523e-15
10017.739534378052,5.2098154790073976e-15
10019.173622131348,5.13478741812198e-15
10020.606517791748,5.2648404333269314e-15
10022.039413452148,4.997209362213621e-15
10023.472309112549,4.870770636594603e-15
10024.90520477295,4.772221317796881e-15
10026.33810043335,5.194374491895425e-15
10027.77099609375,5.256896111314633e-15
10029.20389175415,5.6795778339722644e-15
10030.63678741455,5.786387418071611e-15
10032.069683074951,5.460577888976139e-15
10033.502578735352,5.304897044919061e-15
10034.935474395752,5.399262444473821e-15
10036.368370056152,5.130173206141812e-15
10037.801265716553,5.173405344253198e-15
10039.234161376953,5.411661312755729e-15
10040.667057037354,5.596568181624869e-15
10042.099952697754,5.360699575484174e-15
10043.532848358154,5.1972412749054075e-15
10044.965744018555,4.987788238257785e-15
10046.398639678955,5.06579107885396e-15
10047.83034324646,5.086537880347533e-15
10049.26323890686,5.114922377926498e-15
10050.69613456726,5.067344113762751e-15
10052.129030227661,5.2958388745811234e-15
10053.561925888062,5.224112124607629e-15
10054.993629455566,5.094227245442708e-15
10056.426525115967,5.110284025507334e-15
10057.859420776367,5.285930706680616e-15
10059.291124343872,5.337739053382952e-15
10060.724020004272,5.170277251578988e-15
10062.156915664673,5.3414947974710775e-15
10063.588619232178,5.22456994591562e-15
10065.021514892578,5.081737744635443e-15
10066.453218460083,5.172435068012118e-15
10067.886114120483,5.425917300774493e-15
10069.319009780884,5.2092339908891075e-15
10070.750713348389,5.061805365320655e-15
10072.183609008789,5.122317399072502e-15
10073.615312576294,5.1887561223562875e-15
10075.048208236694,5.252340344607826e-15
10076.4799118042,5.154427994586439e-15
10077.9128074646,5.375899158206179e-15
10079.344511032104,5.402649305713417e-15
10080.77621459961,5.199497347160419e-15
10082.20911026001,5.090463454541583e-15
10083.640813827515,5.130773752501415e-15
10085.07251739502,5.279026117611073e-15
10086.50541305542,5.29398895462432e-15
10087.937116622925,5.127444489502232e-15
10089.36882019043,5.13487847416381e-15
10090.80171585083,4.918964270194531e-15
10092.233419418335,4.9789934951664436e-15
10093.66512298584,5.092292198674705e-15
10095.096826553345,5.259661673887419e-15
10096.529722213745,5.3711108809553505e-15
10097.96142578125,5.0731077494523425e-15
10099.393129348755,5.102086017127333e-15
10100.82483291626,5.180140950249764e-15
10102.256536483765,5.219322153290906e-15
10103.68824005127,5.005398053231202e-15
10105.119943618774,5.225965856212695e-15
10106.552839279175,5.232040776510403e-15
10107.98454284668,5.2583339497425975e-15
10109.416246414185,5.215383450086174e-15
10110.84794998169,5.109171447731115e-15
10112.279653549194,4.980053556899932e-15
10113.7113571167,5.007805744383772e-15
10115.143060684204,5.094460603019676e-15
10116.574764251709,5.1531629508797146e-15
10118.005275726318,5.24627728277138e-15
10119.436979293823,5.047335924999183e-15
10120.868682861328,5.047814075097908e-15
10122.300386428833,4.980164094699549e-15
10123.732089996338,5.0999862224510896e-15
10125.163793563843,5.4434068370693995e-15
10126.595497131348,5.328688082825066e-15
10128.026008605957,5.310650939729759e-15
10129.457712173462,5.145830610171808e-15
10130.889415740967,4.984547913718064e-15
10132.321119308472,4.696598639782491e-15
10133.752822875977,4.666183380712483e-15
10135.183334350586,5.198204351366436e-15
10136.61503791809,5.463907151975322e-15
10138.046741485596,5.379621868009362e-15
10139.477252960205,5.19462606068076e-15
10140.90895652771,5.066139209395281e-15
10142.340660095215,5.1189034327785935e-15
10143.771171569824,5.2014645811804174e-15
10145.20287513733,5.264666368056271e-15
10146.633386611938,5.235133717317302e-15
10148.065090179443,5.0326881842423146e-15
10149.495601654053,4.89891711791539e-15
10150.927305221558,4.952081140849806e-15
10152.357816696167,4.877327095122825e-15
10153.789520263672,5.075371021487406e-15
10155.220031738281,5.175722402880412e-15
10156.651735305786,5.190888527801e-15
10158.082246780396,5.0435348646483795e-15
10159.5139503479,5.0539271118782425e-15
10160.94446182251,5.1606176878485e-15
10162.37497329712,5.0865895493573156e-15
10163.806676864624,5.2024276576414456e-15
10165.237188339233,5.215583349861726e-15
10166.667699813843,5.097021183619226e-15
10168.099403381348,5.106593079439673e-15
10169.529914855957,5.093387412275505e-15
10170.960426330566,5.042496402255046e-15
10172.390937805176,4.9297368352177115e-15
10173.82264137268,4.760168038957452e-15
10175.25315284729,5.103350637317584e-15
10176.6836643219,5.224831679096322e-15
10178.114175796509,5.2477803427362826e-15
10179.544687271118,5.166264856507844e-15
10180.975198745728,5.058576052209248e-15
10182.406902313232,4.8455866530068385e-15
10183.837413787842,4.920691370373983e-15
10185.267925262451,4.993973272838636e-15
10186.69843673706,5.10130801736528e-15
10188.12894821167,5.091488364407761e-15
10189.55945968628,5.215445283491323e-15
10190.989971160889,5.125699178114415e-15
10192.420482635498,5.1108896540646206e-15
10193.850994110107,5.116640584260004e-15
10195.281505584717,5.071497963336086e-15
10196.712017059326,5.071866422668141e-15
10198.142528533936,5.158242607464399e-15
10199.573040008545,5.112506639960929e-15
10201.002359390259,5.087575919224393e-15
10202.432870864868,4.993342656809405e-15
10203.863382339478,4.943622669838525e-15
10205.293893814087,5.107302469532999e-15
10206.724405288696,5.294233323629603e-15
10208.154916763306,5.385397785676689e-15
10209.58423614502,5.331957630001468e-15
10211.014747619629,5.377358595974298e-15
10212.445259094238,5.0923214213113854e-15
10213.874578475952,4.88000498978557e-15
10215.305089950562,5.024328816085862e-15
10216.73560142517,5.192059550850579e-15
10218.164920806885,5.3467277670192145e-15
10219.595432281494,5.175839293427133e-15
10221.025943756104,5.126590256774926e-15
10222.455263137817,5.1797110810290325e-15
10223.885774612427,5.184701799154255e-15
10225.31509399414,5.269036634547629e-15
10226.74560546875,5.164566978965073e-15
10228.17611694336,5.103275251385278e-15
10229.605436325073,4.888421532665962e-15
10231.035947799683,5.057702337724155e-15
10232.465267181396,5.307009545089513e-15
10233.89458656311,5.097799183381279e-15
10235.32509803772,4.966992308853271e-15
10236.754417419434,4.91384056789659e-15
10238.184928894043,5.030436347152039e-15
10239.614248275757,5.067116261899939e-15
10241.04356765747,5.166530401336808e-15
10242.47407913208,5.151437968282631e-15
10243.903398513794,5.0977394675584976e-15
10245.332717895508,5.087794453724785e-15
10246.763229370117,5.1638347189821715e-15
10248.192548751831,5.191877862283393e-15
10249.621868133545,5.003405408222786e-15
10251.052379608154,5.0974455471258e-15
10252.481698989868,5.104444580368963e-15
10253.911018371582,5.139038676484249e-15
10255.340337753296,5.204405056056811e-15
10256.76965713501,5.2250853654640245e-15
10258.198976516724,5.171167059690078e-15
10259.629487991333,5.032367582271779e-15
10261.058807373047,5.185591183748872e-15
10262.48812675476,5.2909430241459936e-15
10263.917446136475,5.332531071306759e-15
10265.346765518188,5.221191131489023e-15
10266.776084899902,5.0665479027923316e-15
10268.205404281616,5.120373881975027e-15
10269.63472366333,5.079766698967182e-15
10271.064043045044,5.175520385522492e-15
10272.493362426758,5.114922801442972e-15
10273.922681808472,5.011787222752341e-15
10275.352001190186,4.923340889432994e-15
10276.7813205719,4.994057976133361e-15
10278.209447860718,5.082005407046775e-15
10279.638767242432,5.1322602953238466e-15
10281.068086624146,5.1197940879226314e-15
10282.49740600586,5.107737420951414e-15
10283.926725387573,5.107071229538398e-15
10285.356044769287,5.02653660746288e-15
10286.784172058105,5.133977654624405e-15
10288.21349143982,5.107100028658605e-15
10289.642810821533,5.294847422516362e-15
10291.072130203247,5.082384877807145e-15
10292.500257492065,5.083347954268173e-15
10293.92957687378,5.189900887384502e-15
10295.358896255493,5.198659631575585e-15
10296.787023544312,5.137064242684199e-15
10298.216342926025,5.1523066005700405e-15
10299.64566230774,5.263157802377211e-15
10301.073789596558,5.198245008947904e-15
10302.503108978271,5.091222396062323e-15
10303.93123626709,4.904367351414498e-15
10305.360555648804,4.679155690299683e-15
10306.788682937622,4.651477618198728e-15
10308.218002319336,4.6803521243376795e-15
10309.646129608154,4.6985298749022304e-15
10311.075448989868,4.8204357037040166e-15
10312.503576278687,4.725628999983737e-15
10313.9328956604,4.465628848692241e-15
10315.361022949219,4.524569212810458e-15
10316.789150238037,4.777999353046576e-15
10318.218469619751,4.989058364162193e-15
10319.64659690857,4.9765218530263555e-15
10321.074724197388,4.940864730562265e-15
10322.504043579102,4.8686907471926204e-15
10323.93217086792,4.943006453369397e-15
10325.360298156738,4.9648018816516714e-15
10326.789617538452,5.1534877880149866e-15
10328.21774482727,5.147171886843785e-15
10329.645872116089,5.092116015821676e-15
10331.073999404907,5.1799291920129505e-15
10332.502126693726,5.045328880430664e-15
10333.93144607544,5.09996758772625e-15
10335.359573364258,5.0893009018214766e-15
10336.787700653076,5.040109463409683e-15
10338.215827941895,5.097357032182812e-15
10339.643955230713,5.0319453363475725e-15
10341.072082519531,5.084852284782497e-15
10342.50020980835,5.1109159120859855e-15
10343.928337097168,5.0700647835893314e-15
10345.356464385986,5.0383074008143996e-15
10346.784591674805,5.0419047497413886e-15
10348.212718963623,5.061602500929787e-15
10349.640846252441,5.032272714581686e-15
10351.06897354126,4.962968902353813e-15
10352.497100830078,5.072118838486423e-15
10353.925228118896,5.003264800753542e-15
10355.353355407715,4.907280721236579e-15
10356.781482696533,4.834449863816339e-15
10358.209609985352,4.835913113232721e-15
10359.636545181274,4.877580781490528e-15
10361.064672470093,5.060511522493724e-15
10362.492799758911,5.123527385637655e-15
10363.92092704773,5.110403457152897e-15
10365.349054336548,5.0787587297599496e-15
10366.77598953247,5.026788599764688e-15
10368.204116821289,5.040591001640197e-15
10369.632244110107,5.070974920491156e-15
10371.05917930603,5.077458957702388e-15
10372.487306594849,4.9243755401780654e-15
10373.915433883667,4.7083042115970714e-15
10375.34236907959,4.661123205885586e-15
10376.770496368408,4.665806451050955e-15
10378.198623657227,4.915516846099206e-15
10379.62555885315,5.138963714068417e-15
10381.053686141968,5.062717619804848e-15
10382.48062133789,4.9417807966947204e-15
10383.908748626709,4.880738943834366e-15
10385.335683822632,4.890469234815949e-15
10386.76381111145,5.084380063914403e-15
10388.190746307373,5.203182787513923e-15
10389.618873596191,5.289810964611988e-15
10391.045808792114,5.220898058089273e-15
10392.472743988037,5.169263353141124e-15
10393.900871276855,5.077535614184114e-15
10395.327806472778,5.062792158704206e-15
10396.755933761597,5.1203654116455544e-15
10398.18286895752,5.1350012939411615e-15
10399.609804153442,5.141638644115846e-15
10401.036739349365,4.96390614430995e-15
10402.464866638184,5.0128227205303594e-15
10403.891801834106,5.0337706923489055e-15
10405.31873703003,5.163416284706228e-15
10406.745672225952,5.148701628346526e-15
10408.17379951477,5.162758563622685e-15
10409.600734710693,5.042549341814249e-15
10411.027669906616,4.961120676462904e-15
10412.454605102539,4.988872016913797e-15
10413.881540298462,5.068629486260209e-15
10415.308475494385,5.025351184853198e-15
10416.736602783203,4.981019597976276e-15
10418.163537979126,4.9695655949470296e-15
10419.590473175049,5.172400339661281e-15
10421.017408370972,5.183647243134923e-15
10422.444343566895,5.272924092259053e-15
10423.871278762817,5.293969896383007e-15
10425.29821395874,5.135641227332812e-15
10426.725149154663,5.132639342567743e-15
10428.152084350586,5.290986646342777e-15
10429.579019546509,5.235297194676122e-15
10431.004762649536,5.206216859530988e-15
10432.431697845459,5.046677356882693e-15
10433.858633041382,4.903810003735205e-15
10435.285568237305,4.765323928507389e-15
10436.712503433228,4.8285379973609776e-15
10438.13943862915,4.736878021039748e-15
10439.565181732178,4.752239810571152e-15
10440.9921169281,4.763518477780317e-15
10442.419052124023,4.73524705909981e-15
10443.845987319946,4.742119884433831e-15
10445.271730422974,4.794698607601695e-15
10446.698665618896,4.7294203194556475e-15
10448.12560081482,4.8423573398954315e-15
10449.552536010742,4.9804088872213055e-15
10450.97827911377,5.1105411000068254e-15
10452.405214309692,5.134629446477317e-15
10453.83095741272,5.014824259384721e-15
10455.257892608643,5.053119889479509e-15
10456.684827804565,5.023113323806552e-15
10458.110570907593,5.125331142298833e-15
10459.537506103516,5.179356174224133e-15
10460.963249206543,5.347284267665561e-15
10462.390184402466,5.233242716262557e-15
10463.815927505493,5.162652684504278e-15
10465.242862701416,5.2468558062743545e-15
10466.668605804443,5.267036366242688e-15
10468.09434890747,5.112222460407125e-15
10469.521284103394,4.9786767048441705e-15
10470.94702720642,4.926652364740285e-15
10472.373962402344,4.814560259665387e-15
10473.799705505371,4.805019280547515e-15
10475.225448608398,4.8992279790070325e-15
10476.652383804321,4.964866256155663e-15
10478.078126907349,5.050710927777518e-15
10479.503870010376,5.065162580407097e-15
10480.929613113403,4.883560834098143e-15
10482.356548309326,4.849159861494831e-15
10483.782291412354,4.779540953010579e-15
10485.20803451538,4.91016486842198e-15
10486.633777618408,4.948957706856806e-15
10488.059520721436,4.970338512511399e-15
10489.486455917358,4.95358547136413e-15
10490.912199020386,5.022104931082846e-15
10492.337942123413,5.1704979036617475e-15
10493.76368522644,5.018001056453399e-15
10495.189428329468,5.1094937437675455e-15
10496.615171432495,5.000996446520795e-15
10498.040914535522,4.9575923607211164e-15
10499.46665763855,4.918063027138653e-15
10500.892400741577,4.997405026824437e-15
10502.318143844604,4.994150302724612e-15
10503.743886947632,5.0228435438128514e-15
10505.16963005066,5.076622512666974e-15
10506.595373153687,4.99394574426785e-15
10508.021116256714,4.973785089573777e-15
10509.446859359741,4.850625652010054e-15
10510.872602462769,4.786631889328518e-15
10512.2971534729,4.787935473034343e-15
10513.722896575928,4.971840301926881e-15
10515.148639678955,5.114635233757379e-15
10516.574382781982,5.024558362014568e-15
10518.00012588501,4.85173907681922e-15
10519.424676895142,4.815705024693601e-15
10520.850419998169,4.980880684572926e-15
10522.276163101196,4.9781655204605025e-15
10523.701906204224,5.064703488549685e-15
10525.126457214355,5.083677026568182e-15
10526.552200317383,5.0527332189390876e-15
10527.97794342041,5.0460611404135654e-15
10529.402494430542,5.0551345573445535e-15
10530.82823753357,5.152699200341093e-15
10532.252788543701,5.169306551821434e-15
10533.678531646729,5.093027423272922e-15
10535.10308265686,5.022805003813751e-15
10536.528825759888,5.058651438141553e-15
10537.95337677002,5.082856251642292e-15
10539.379119873047,5.078688002508854e-15
10540.803670883179,5.098595394351698e-15
10542.229413986206,5.044948562637347e-15
10543.653964996338,5.104308208064455e-15
10545.079708099365,4.930617325966382e-15
10546.504259109497,4.938111026450741e-15
10547.930002212524,4.939211745765698e-15
10549.354553222656,5.023496182698711e-15
10550.779104232788,5.030717985607001e-15
10552.204847335815,5.01916064455819e-15
10553.629398345947,4.959778129241506e-15
10555.05394935608,4.987801790784941e-15
10556.478500366211,4.9366714939568825e-15
10557.904243469238,4.8234231889089825e-15
10559.32879447937,4.783289497318653e-15
10560.753345489502,4.634752105622244e-15
10562.177896499634,4.599481653698575e-15
10563.603639602661,4.624878242556101e-15
10565.028190612793,4.639138889256074e-15
10566.452741622925,4.663786700988227e-15
10567.877292633057,4.773053951184032e-15
10569.301843643188,4.7417141556520964e-15
10570.72639465332,4.729839177248065e-15
10572.150945663452,4.6992282535672416e-15
10573.575496673584,4.779068732142485e-15
10575.000047683716,4.905313910733055e-15
10576.424598693848,5.047523119280526e-15
10577.84914970398,4.949498537393628e-15
10579.273700714111,4.849479616432419e-15
10580.698251724243,4.724209796280613e-15
10582.122802734375,4.702668054366041e-15
10583.547353744507,4.6505657872310084e-15
10584.971904754639,4.799275973648657e-15
10586.39645576477,4.781299393409079e-15
10587.821006774902,4.802670881701252e-15
10589.245557785034,4.673454735048188e-15
10590.66891670227,4.670369417537814e-15
10592.093467712402,4.6823955913229305e-15
10593.518018722534,4.822441477723115e-15
10594.942569732666,4.822942921227889e-15
10596.365928649902,4.750409795888609e-15
10597.790479660034,4.896434464346988e-15
10599.215030670166,4.9975642690185205e-15
10600.639581680298,4.968858745952546e-15
10602.062940597534,4.944833503436625e-15
10603.487491607666,4.8889687159498884e-15
10604.912042617798,4.82927618657451e-15
10606.335401535034,4.8336587350436035e-15
10607.759952545166,4.928009311521786e-15
10609.183311462402,5.022348876571655e-15
10610.607862472534,4.989704226784474e-15
10612.03122138977,5.024298746416234e-15
10613.455772399902,4.972428989825223e-15
10614.880323410034,4.861961493943159e-15
10616.30368232727,4.941439018900503e-15
10617.727041244507,5.052158930600849e-15
10619.151592254639,5.040324609778286e-15
10620.574951171875,4.997399944626753e-15
10621.999502182007,4.997723934729078e-15
10623.422861099243,4.874812254302427e-15
10624.847412109375,4.8389065276683175e-15
10626.270771026611,4.897934983213049e-15
10627.694129943848,4.969447010334414e-15
10629.11868095398,5.065711457756918e-15
10630.542039871216,5.0453852081216565e-15
10631.965398788452,4.967710592792543e-15
10633.388757705688,4.9151746447885156e-15
10634.81330871582,4.8584234373224774e-15
10636.236667633057,4.826505541804041e-15
10637.660026550293,4.7002040355224785e-15
10639.08338546753,4.655064379213876e-15
10640.506744384766,4.633614963890555e-15
10641.931295394897,4.736293991822616e-15
10643.354654312134,4.7738755731428686e-15
10644.77801322937,4.811643501711517e-15
10646.201372146606,4.799154424420726e-15
10647.624731063843,4.710426452646417e-15
10649.04808998108,4.66176822147492e-15
10650.471448898315,4.706734659545809e-15
10651.894807815552,4.836664431456935e-15
10653.318166732788,4.897989616838147e-15
10654.741525650024,4.898146317933389e-15
10656.16488456726,4.978089711011723e-15
10657.588243484497,4.989829164144194e-15
10659.011602401733,4.860920913967457e-15
10660.43496131897,4.743158770343639e-15
10661.858320236206,4.665354135457121e-15
10663.281679153442,4.638244422463774e-15
10664.705038070679,4.656341281381862e-15
10666.12720489502,4.5368062977994405e-15
10667.550563812256,4.386887818882534e-15
10668.973922729492,4.223161432375961e-15
10670.397281646729,4.104017778015171e-15
10671.820640563965,4.0762812606408554e-15
10673.242807388306,4.151352520206583e-15
10674.666166305542,4.1952771077523494e-15
10676.089525222778,4.2921378663697204e-15
10677.51169204712,4.277470220338591e-15
10678.935050964355,4.326516816116404e-15
10680.358409881592,4.596965542328756e-15
10681.780576705933,4.696286084624954e-15
10683.203935623169,4.818805165280552e-15
10684.627294540405,4.9113409736692426e-15
10686.049461364746,4.992431672874633e-15
10687.472820281982,5.024443589050215e-15
10688.894987106323,5.058382928697274e-15
10690.31834602356,4.9889211448247376e-15
10691.7405128479,4.9446988251980115e-15
10693.163871765137,4.79915018925599e-15
10694.586038589478,4.7963253343768966e-15
10696.009397506714,4.82781547825697e-15
10697.431564331055,4.928376923820895e-15
10698.853731155396,4.956410326243223e-15
10700.277090072632,4.8910460642530296e-15
10701.699256896973,4.842125252867884e-15
10703.122615814209,4.7320579800533974e-15
10704.54478263855,4.769506577200931e-15
10705.96694946289,4.7648419667604015e-15
10707.389116287231,4.848544915575124e-15
10708.812475204468,4.7336639545213915e-15
10710.234642028809,4.7366878621430894e-15
10711.65680885315,4.621487569668242e-15
10713.07897567749,4.508866492517784e-15
10714.502334594727,4.4768278948043635e-15
10715.924501419067,4.58799503990086e-15
10717.346668243408,4.676735293652904e-15
10718.768835067749,4.7195642440813965e-15
10720.19100189209,4.796642971732117e-15
10721.61316871643,4.782625847004479e-15
10723.036527633667,4.7970465829314836e-15
10724.458694458008,4.8207618113887095e-15
10725.880861282349,4.809380653192927e-15
10727.30302810669,4.840535795542361e-15
10728.72519493103,4.740186531731723e-15
10730.147361755371,4.717957846096929e-15
10731.569528579712,4.67913197337716e-15
10732.991695404053,4.745532580178319e-15
10734.413862228394,4.704800459810754e-15
10735.834836959839,4.659565512295585e-15
10737.25700378418,4.660273208323016e-15
10738.67917060852,4.72835686959037e-15
10740.101337432861,4.8163115002838354e-15
10741.523504257202,4.845166101148527e-15
10742.945671081543,4.87999101374194e-15
10744.367837905884,4.922057634517904e-15
10745.78881263733,4.92507434235955e-15
10747.21097946167,4.877003952053448e-15
10748.63314628601,4.875554678680696e-15
10750.055313110352,4.892490678944572e-15
10751.476287841797,4.848940056445018e-15
10752.898454666138,4.940315006179497e-15
10754.320621490479,4.992434213973475e-15
10755.741596221924,4.991697718825837e-15
10757.163763046265,4.921476993432561e-15
10758.585929870605,4.8381137048296875e-15
10760.00690460205,4.73340222134069e-15
10761.429071426392,4.6441825469405e-15
10762.850046157837,4.530531054209707e-15
10764.272212982178,4.5219794095742276e-15
10765.694379806519,4.518674710530515e-15
10767.115354537964,4.5002123568956866e-15
10768.537521362305,4.551052121422837e-15
10769.95849609375,4.50091920589017e-15
10771.38066291809,4.60455792215147e-15
10772.801637649536,4.616649740989999e-15
10774.222612380981,4.650353605477721e-15
10775.644779205322,4.85844588369558e-15
10777.065753936768,4.925416543670241e-15
10778.487920761108,5.0031368987785065e-15
10779.908895492554,5.02461468970556e-15
10781.329870223999,4.9892290413010645e-15
10782.750844955444,4.940082919151949e-15
10784.173011779785,4.93049916487024e-15
10785.59398651123,4.851712818797855e-15
10787.014961242676,4.753358741094475e-15
10788.437128067017,4.642876422135834e-15
10789.858102798462,4.650689030524834e-15
10791.279077529907,4.7409234503958345e-15
10792.700052261353,4.733566545732457e-15
10794.121026992798,4.722689795656765e-15
10795.542001724243,4.6088672022706265e-15
10796.964168548584,4.497198190152882e-15
10798.38514328003,4.467579989086241e-15
10799.806118011475,4.41892599307948e-15
10801.22709274292,4.467632081612497e-15
10802.648067474365,4.34446629130167e-15
10804.06904220581,4.1763747205014225e-15
10805.490016937256,4.190863219064207e-15
10806.910991668701,4.127603833947941e-15
10808.331966400146,4.130659928821634e-15
10809.752941131592,4.2565616355520926e-15
10811.173915863037,4.407322488735044e-15
10812.594890594482,4.6500080160352415e-15
10814.015865325928,4.76006851258615e-15
10815.435647964478,4.8586254546803976e-15
10816.856622695923,4.679185336452837e-15
10818.277597427368,4.8630418844673815e-15
10819.698572158813,5.036935207439848e-15
10821.119546890259,5.03678951777292e-15
10822.540521621704,5.036240640423099e-15
10823.960304260254,5.005613623116278e-15
10825.3812789917,4.997097553864583e-15
10826.802253723145,4.917837716374683e-15
10828.22322845459,4.8585504922645656e-15
10829.64301109314,4.830463303250087e-15
10831.063985824585,4.793881644324068e-15
10832.48496055603,4.918569552841111e-15
10833.90474319458,4.994537396781507e-15
10835.325717926025,4.925334381474357e-15
10836.745500564575,4.8464806962826654e-15
10838.16647529602,4.777790135908604e-15
10839.587450027466,4.748272308246213e-15
10841.007232666016,4.792851652260207e-15
10842.428207397461,4.803333684982479e-15
10843.84799003601,4.804588140777362e-15
10845.268964767456,4.6126428516330125e-15
10846.688747406006,4.402386827751393e-15
10848.109722137451,4.1955121593952125e-15
10849.529504776001,4.102668454530195e-15
10850.94928741455,4.160504287685192e-15
10852.370262145996,4.184786181184131e-15
10853.790044784546,4.184189022956317e-15
10855.211019515991,4.1033664096787326e-15
10856.630802154541,4.078562743884285e-15
10858.05058479309,4.198264592957315e-15
10859.471559524536,4.290485728606101e-15
10860.891342163086,4.287153077475129e-15
10862.311124801636,4.353318632633425e-15
10863.730907440186,4.373215013047955e-15
10865.15188217163,4.320026849674542e-15
10866.57166481018,4.388694540159027e-15
10867.99144744873,4.425507015563173e-15
10869.41123008728,4.3564679011313164e-15
10870.83101272583,4.347746849906386e-15
10872.25079536438,4.4321100609034936e-15
10873.671770095825,4.4427737821929516e-15
10875.091552734375,4.5668552151197604e-15
10876.511335372925,4.6589450606617216e-15
10877.931118011475,4.662469564755247e-15
10879.350900650024,4.638706478936501e-15
10880.770683288574,4.594702270293693e-15
10882.190465927124,4.574512392962939e-15
10883.610248565674,4.620675265071825e-15
10885.030031204224,4.633344336863908e-15
10886.449813842773,4.725083087249232e-15
10887.869596481323,4.711595781630102e-15
10889.289379119873,4.506259748622609e-15
10890.709161758423,4.397444814020638e-15
10892.127752304077,4.340303547882389e-15
10893.547534942627,4.3328073062991884e-15
10894.967317581177,4.280071882036083e-15
10896.387100219727,4.39219659787945e-15
10897.806882858276,4.482099404351601e-15
10899.226665496826,4.401409775246735e-15
10900.64525604248,4.240790729107165e-15
10902.06503868103,4.0536667514985865e-15
10903.48482131958,4.0407664397119035e-15
10904.90460395813,4.1270214987967034e-15
10906.323194503784,4.186248160051092e-15
10907.742977142334,4.162932307628497e-15
10909.162759780884,4.208744931613693e-15
10910.581350326538,4.126879197261565e-15
10912.001132965088,4.043667951072723e-15
10913.419723510742,3.954767184577174e-15
10914.839506149292,3.9838424375246255e-15
10916.259288787842,3.990298522648598e-15
10917.677879333496,4.125682339707094e-15
10919.097661972046,4.202036430671439e-15
10920.5162525177,4.384207806637421e-15
10921.93603515625,4.634276073105887e-15
10923.354625701904,4.6956317516732e-15
10924.774408340454,4.387422720188725e-15
10926.192998886108,4.311522638884109e-15
10927.611589431763,4.501122493797511e-15
10929.031372070312,4.480514182190814e-15
10930.449962615967,4.5243887947926924e-15
10931.869745254517,4.50637198048812e-15
10933.28833580017,4.388918156857102e-15
10934.706926345825,4.301285822200067e-15
10936.12551689148,4.2508107053567095e-15
10937.54529953003,4.058358466993428e-15
10938.963890075684,3.919892297039873e-15
10940.382480621338,3.796545241678334e-15
10941.802263259888,3.7356198558482264e-15
10943.220853805542,3.668860954110379e-15
10944.639444351196,3.674884205398304e-15
10946.05803489685,3.717653863520489e-15
10947.476625442505,3.76338178421096e-15
10948.89521598816,3.738904226101205e-15
10950.313806533813,3.5775139564631596e-15
10951.733589172363,3.5146052429870563e-15
10953.152179718018,3.420258689915373e-15
10954.570770263672,3.534586114938075e-15
10955.989360809326,3.625319648973245e-15
10957.40795135498,3.74454800662876e-15
10958.826541900635,3.742987771939918e-15
10960.245132446289,3.7629116809252336e-15
10961.663722991943,3.76502587516158e-15
10963.082313537598,3.781682778069336e-15
10964.500904083252,3.845877711075845e-15
10965.919494628906,3.739340448069041e-15
10967.336893081665,3.683677254423751e-15
10968.75548362732,3.6561063319906235e-15
10970.174074172974,3.618078364307168e-15
10971.592664718628,3.555045984020766e-15
10973.011255264282,3.576881222851561e-15
10974.429845809937,3.676157295918027e-15
10975.847244262695,3.676493991514561e-15
10977.26583480835,3.561757873094809e-15
10978.684425354004,3.590053855730786e-15
10980.103015899658,3.639747584680301e-15
10981.520414352417,3.561479199255162e-15
10982.939004898071,3.5371754946578312e-15
10984.357595443726,3.579982210471459e-15
10985.774993896484,3.6945459576864445e-15
10987.193584442139,3.691294198201935e-15
10988.612174987793,3.664226413339477e-15
10990.029573440552,3.61497737668727e-15
10991.448163986206,3.764414740890136e-15
10992.865562438965,3.795366171815756e-15
10994.28415298462,3.731989896152768e-15
10995.702743530273,3.635492514669769e-15
10997.120141983032,3.5207981126226693e-15
10998.538732528687,3.4924121327360464e-15
10999.956130981445,3.472671818142048e-15
11001.373529434204,3.568417246126122e-15
11002.792119979858,3.737316039325103e-15
11004.209518432617,3.685333627352107e-15
11005.628108978271,3.656273620997706e-15
11007.04550743103,3.639401571721348e-15
11008.462905883789,3.750424721216811e-15
11009.881496429443,3.768088322782378e-15
11011.298894882202,3.819160174337076e-15
11012.716293334961,3.821251498683847e-15
11014.134883880615,3.84338192849676e-15
11015.552282333374,3.701663152025749e-15
11016.969680786133,3.703917530214866e-15
11018.388271331787,3.749240569156549e-15
11019.805669784546,3.866306028181251e-15
11021.223068237305,3.8569522433447214e-15
11022.640466690063,3.809801730819337e-15
11024.057865142822,3.7586625401453324e-15
11025.475263595581,3.8445914915454394e-15
11026.893854141235,3.840785772513426e-15
11028.311252593994,3.983040720840049e-15
11029.728651046753,3.9731740575539576e-15
11031.146049499512,3.94288373584367e-15
11032.56344795227,3.773171791015325e-15
11033.98084640503,3.73528866596585e-15
11035.398244857788,3.707098985964753e-15
11036.815643310547,3.882467416814863e-15
11038.233041763306,4.005776779210249e-15
11039.650440216064,4.036285635420928e-15
11041.067838668823,3.8846781728071964e-15
11042.485237121582,3.763552884866305e-15
11043.90263557434,3.727315544833345e-15
11045.318841934204,3.6957830493059094e-15
11046.736240386963,3.728244739976483e-15
11048.153638839722,3.810005442243152e-15
11049.57103729248,3.9148007819939275e-15
11050.98843574524,3.9652398999370266e-15
11052.405834197998,3.906537975593462e-15
11053.822040557861,3.790464392149995e-15
11055.23943901062,3.72656295605971e-15
11056.656837463379,3.674287894203437e-15
11058.074235916138,3.787298606509632e-15
11059.490442276001,3.93537351821684e-15
11060.90784072876,3.98809666050221e-15
11062.325239181519,4.046672376936634e-15
11063.741445541382,4.039784305009562e-15
11065.15884399414,3.868581158677576e-15
11066.575050354004,3.7390808324707075e-15
11067.992448806763,3.752347062490604e-15
11069.409847259521,3.87470351282033e-15
11070.826053619385,4.027715779577083e-15
11072.243452072144,4.042430859453258e-15
11073.659658432007,4.0559986332023776e-15
11075.077056884766,4.057170503284904e-15
11076.493263244629,3.880506112025495e-15
11077.910661697388,3.77196858071375e-15
11079.326868057251,3.6901955964693464e-15
11080.74426651001,3.7947508023795755e-15
11082.160472869873,3.873136078351436e-15
11083.576679229736,3.832380241061348e-15
11084.994077682495,3.841727249634299e-15
11086.410284042358,3.8391823391442734e-15
11087.826490402222,3.893763448199446e-15
11089.24388885498,3.840722245042382e-15
11090.660095214844,3.766919417315167e-15
11092.076301574707,3.780950518086435e-15
11093.493700027466,3.793768667677234e-15
11094.90990638733,3.761471301398428e-15
11096.326112747192,3.7663523287569806e-15
11097.742319107056,3.797046685183108e-15
11099.158525466919,3.870636484124088e-15
11100.575923919678,3.885811079374149e-15
11101.992130279541,3.966410075953658e-15
11103.408336639404,4.020307205903923e-15
11104.824542999268,4.023376853304773e-15
11106.24074935913,3.8757534101584515e-15
11107.656955718994,3.750138847597112e-15
11109.073162078857,3.71752087934777e-15
11110.48936843872,3.84379528057502e-15
11111.905574798584,3.9857711315455235e-15
11113.321781158447,4.068342020826241e-15
11114.73798751831,4.049661979723968e-15
11116.154193878174,4.001610224142705e-15
11117.570400238037,4.0079528068517455e-15
11118.9866065979,3.8423832766519474e-15
11120.402812957764,3.7462302140620074e-15
11121.819019317627,3.772878294099101e-15
11123.23522567749,3.916209397785211e-15
11124.651432037354,4.0126839093786344e-15
11126.067638397217,4.175274848219413e-15
11127.482652664185,4.257653461021103e-15
11128.898859024048,4.252270143124829e-15
11130.315065383911,4.2246602571761275e-15
11131.731271743774,4.01960628614007e-15
11133.146286010742,3.87033197577955e-15
11134.562492370605,3.791198346198791e-15
11135.978698730469,3.877167108147419e-15
11137.394905090332,4.0546209341136685e-15
11138.8099193573,4.226837555367045e-15
11140.226125717163,4.230354859680518e-15
11141.642332077026,4.298194575459062e-15
11143.057346343994,4.148686907521574e-15
11144.473552703857,4.036469018054009e-15
11145.888566970825,3.837376464900727e-15
11147.304773330688,3.753988612342383e-15
11148.719787597656,3.812440661966508e-15
11150.13599395752,3.822967163918511e-15
11151.552200317383,3.96266915494211e-15
11152.96721458435,4.12392686392391e-15
11154.382228851318,4.157817922692975e-15
11155.798435211182,4.0900811214175225e-15
11157.21344947815,3.994700552875478e-15
11158.629655838013,3.8835592422838735e-15
11160.04467010498,3.857234728832631e-15
11161.460876464844,3.878677367892373e-15
11162.875890731812,3.944913650301765e-15
11164.29090499878,3.98832662994739e-15
11165.707111358643,4.0915735934705846e-15
11167.12212562561,4.143739811593135e-15
11168.537139892578,4.144128599715925e-15
11169.952154159546,4.226386510322632e-15
11171.36836051941,4.196335475419944e-15
11172.783374786377,3.91213771040776e-15
11174.198389053345,3.801213663767126e-15
11175.613403320312,3.780698525784627e-15
11177.029609680176,3.791486760917331e-15
11178.444623947144,3.8571940712511625e-15
11179.859638214111,3.95496284918799e-15
11181.27465248108,4.06641417383829e-15
11182.689666748047,4.0899777833979575e-15
11184.104681015015,4.043966106670157e-15
11185.519695281982,4.143944370049897e-15
11186.93470954895,4.198566136686538e-15
11188.349723815918,4.1848065099748654e-15
11189.764738082886,4.154801638367803e-15
11191.179752349854,4.35104816081831e-15
11192.594766616821,4.4025452229125295e-15
11194.009780883789,4.2712771389447415e-15
11195.424795150757,4.3240494091410526e-15
11196.839809417725,4.2630261910055374e-15
11198.254823684692,4.1574325227019746e-15
11199.66983795166,4.128631708429434e-15
11201.084852218628,4.207212225495636e-15
11202.499866485596,4.215955299577195e-15
11203.914880752563,4.0833963373977916e-15
11205.328702926636,4.124506234459832e-15
11206.743717193604,4.1477094315004424e-15
11208.158731460571,4.153925382783868e-15
11209.573745727539,4.235011846824522e-15
11210.988759994507,4.340964233581247e-15
11212.40258216858,4.275516962362223e-15
11213.817596435547,4.0078926675124905e-15
11215.232610702515,3.9620398094623e-15
11216.646432876587,4.032284251778099e-15
11218.061447143555,4.107428779693764e-15
11219.476461410522,4.07093055351305e-15
11220.890283584595,4.029024868997064e-15
11222.305297851562,4.242472513023938e-15
11223.719120025635,4.24991750911383e-15
11225.134134292603,4.231471672621473e-15
11226.54914855957,4.160492005707457e-15
11227.962970733643,4.019887501078559e-15
11229.37798500061,3.898140067437909e-15
11230.791807174683,3.781520147743463e-15
11232.20682144165,3.796527030469968e-15
11233.620643615723,3.949550732171509e-15
11235.03565788269,4.092244020048336e-15
11236.449480056763,3.9731321294230685e-15
11237.863302230835,3.6325291699038e-15
11239.278316497803,3.8599452342638445e-15
11240.692138671875,4.049245239513919e-15
11242.105960845947,4.0505407764067445e-15
11243.520975112915,4.080864132401975e-15
11244.934797286987,4.140474076064996e-15
11246.34861946106,4.102539705522212e-15
11247.763633728027,3.939002630879351e-15
11249.1774559021,4.000313416700459e-15
11250.591278076172,4.2629749455122285e-15
11252.005100250244,4.4317636244280666e-15
11253.420114517212,4.55750015973381e-15
11254.833936691284,4.2684577897798056e-15
11256.247758865356,4.081739964469436e-15
11257.661581039429,4.2287573555419965e-15
11259.075403213501,4.355251985335533e-15
11260.489225387573,4.340397992056008e-15
11261.903047561646,4.170002068122755e-15
11263.318061828613,4.106699907842652e-15
11264.731884002686,4.113066207474215e-15
11266.145706176758,4.108262683630336e-15
11267.55952835083,4.076517159316666e-15
11268.973350524902,3.9969257084279154e-15
11270.387172698975,3.930213393502167e-15
11271.800994873047,3.904101485320685e-15
11273.21481704712,3.825865710664015e-15
11274.628639221191,3.796929794636387e-15
11276.041269302368,4.089774071974143e-15
11277.45509147644,4.160865547237196e-15
11278.868913650513,3.983238503033233e-15
11280.282735824585,4.036918792549001e-15
11281.696557998657,3.9038109530197766e-15
11283.11038017273,3.9948322664987764e-15
11284.524202346802,3.988648078950873e-15
11285.936832427979,3.983942810928875e-15
11287.35065460205,4.2342732340945165e-15
11288.764476776123,4.1264819388093024e-15
11290.178298950195,4.011593777975518e-15
11291.590929031372,4.066081713406493e-15
11293.004751205444,4.139628313667163e-15
11294.418573379517,4.292541477569087e-15
11295.831203460693,4.4256150122639476e-15
11297.245025634766,4.214416240712034e-15
11298.658847808838,4.182255670254209e-15
11300.071477890015,4.280132868408285e-15
11301.485300064087,4.2498848983453606e-15
11302.89912223816,4.2260345681330476e-15
11304.311752319336,4.226801132950313e-15
11305.725574493408,4.04580670926454e-15
11307.138204574585,3.883050598999047e-15
11308.552026748657,3.879814933140536e-15
11309.964656829834,3.864190563395483e-15
11311.378479003906,3.9439658204337875e-15
11312.791109085083,4.0314998992689415e-15
11314.20373916626,3.966492661666016e-15
11315.617561340332,3.928974184300334e-15
11317.030191421509,3.821666544828002e-15
11318.444013595581,3.953422943289882e-15
11319.856643676758,4.0159585387527195e-15
11321.269273757935,4.080903519434022e-15
11322.683095932007,4.245077562853219e-15
11324.095726013184,4.081936476113199e-15
11325.50835609436,3.871996819037379e-15
11326.922178268433,3.814608219278532e-15
11328.33480834961,3.706373078728956e-15
11329.747438430786,3.870481900611214e-15
11331.160068511963,3.931595751272086e-15
11332.57269859314,4.002062963253013e-15
11333.986520767212,4.1475332486474135e-15
11335.399150848389,4.131891514726942e-15
11336.811780929565,3.9435910083546275e-15
11338.224411010742,4.112391969248201e-15
11339.637041091919,4.232503358751229e-15
11341.049671173096,4.1343377458786124e-15
11342.462301254272,4.2492669878103385e-15
11343.87493133545,4.5067336635565974e-15
11345.288753509521,4.8006735780116265e-15
11346.701383590698,4.352856576160698e-15
11348.114013671875,4.1325475417445905e-15
11349.526643753052,4.213187619422042e-15
11350.938081741333,4.206653607266922e-15
11352.35071182251,3.989545510358489e-15
11353.763341903687,3.980239159367006e-15
11355.175971984863,3.935736471834738e-15
11356.58860206604,3.926300101285852e-15
11358.001232147217,3.9753970955240265e-15
11359.413862228394,4.053493109744399e-15
11360.82649230957,3.845254294826666e-15
11362.239122390747,3.9746542476292845e-15
11363.650560379028,4.177104439385482e-15
11365.063190460205,3.858906771870511e-15
11366.475820541382,3.766060102390178e-15
11367.888450622559,3.760102072639191e-15
11369.29988861084,3.7997635433614264e-15
11370.712518692017,3.8743481824989566e-15
11372.125148773193,3.896100412100921e-15
11373.53777885437,3.876484399591932e-15
11374.949216842651,3.902318057450241e-15
11376.361846923828,3.990572114290561e-15
11377.774477005005,3.899851073991363e-15
11379.185914993286,3.8346295370527816e-15
11380.598545074463,3.8341446106904785e-15
11382.009983062744,3.922050536989477e-15
11383.42261314392,4.136797529557439e-15
11384.834051132202,4.066000398243556e-15
11386.246681213379,3.900091631348383e-15
11387.65811920166,3.892133333292455e-15
11389.070749282837,3.782353204647088e-15
11391.695737838745,3.780021322943297e-15
11393.418312072754,3.8617354383978664e-15
11395.139694213867,3.900886995285855e-15
11396.86107635498,3.967357058788689e-15
11398.58365058899,3.894507143127135e-15
11400.305032730103,3.788331139672335e-15
11402.026414871216,3.934979647896367e-15
11403.748989105225,3.994705211556688e-15
11405.470371246338,4.0764866661305646e-15
11407.191753387451,4.1589694639847675e-15
11408.913135528564,3.969812607302779e-15
11410.635709762573,3.877339479352185e-15
11412.357091903687,3.937241225865536e-15
11414.0784740448,3.849692323953805e-15
11415.799856185913,3.854885482953421e-15
11417.521238327026,3.998187364002851e-15
11419.243812561035,4.061474277689903e-15
11420.965194702148,4.0589793421437655e-15
11422.686576843262,3.9401219849191475e-15
11424.407958984375,4.0303661456690416e-15
11426.129341125488,4.053610423807594e-15
11427.850723266602,4.186681417403613e-15
11429.572105407715,4.149486506623782e-15
11431.293487548828,4.046400055844092e-15
11433.014869689941,3.988847555209951e-15
11434.736251831055,4.026217801809864e-15
11436.457633972168,4.086049668105066e-15
11438.179016113281,4.110346808197055e-15
11439.900398254395,4.189219128113587e-15
11441.621780395508,4.426986782122026e-15
11443.343162536621,4.1902211680901885e-15
11445.064544677734,4.036787078925703e-15
11446.785926818848,4.085350865923581e-15
11448.507308959961,4.1312456521046606e-15
11450.227499008179,4.236575893161627e-15
11451.948881149292,4.3638739337056344e-15
11453.670263290405,4.2733955683458245e-15
11455.391645431519,4.04890092062086e-15
11457.113027572632,4.110653434123961e-15
11458.83321762085,3.935153289650554e-15
11460.554599761963,3.95189193123772e-15
11462.275981903076,4.058744290500902e-15
11463.99736404419,4.293856919736173e-15
11465.717554092407,4.2080774696512564e-15
11467.43893623352,4.1172005752897634e-15
11469.160318374634,4.148290496102259e-15
11470.880508422852,4.043013618120969e-15
11472.601890563965,4.158097867082043e-15
11474.323272705078,4.278202903837966e-15
11476.043462753296,4.176623748187915e-15
11477.76484489441,4.0593494955417156e-15
11479.485034942627,3.932453795647654e-15
11481.20641708374,3.9697279040080535e-15
11482.926607131958,4.0755621296686365e-15
11484.647989273071,4.102204703991573e-15
11486.368179321289,4.179212704391198e-15
11488.089561462402,4.010470612287459e-15
11489.80975151062,3.9935998335605214e-15
11491.531133651733,3.971650668798321e-15
11493.251323699951,4.085319102188059e-15
11494.972705841064,4.278613291300911e-15
11496.692895889282,4.286476721666746e-15
11498.4130859375,4.2706672752227184e-15
11500.134468078613,4.14545674737722e-15
11501.854658126831,3.992481326553672e-15
11503.574848175049,3.895506218488422e-15
11505.296230316162,3.984797467172655e-15
11507.01642036438,4.1120912725519255e-15
11508.736610412598,4.138263743589136e-15
11510.457992553711,4.0749759828691366e-15
11512.178182601929,4.101918406855401e-15
11513.898372650146,4.043507861845692e-15
11515.618562698364,4.015854777216681e-15
11517.338752746582,4.039242203923319e-15
11519.060134887695,4.254994624599672e-15
11520.780324935913,4.233742144436588e-15
11522.50051498413,4.295742838593235e-15
11524.220705032349,4.3588213821752625e-15
11525.940895080566,4.252117677194323e-15
11527.661085128784,3.982401210964872e-15
11529.381275177002,4.03061813797085e-15
11531.10146522522,4.076207992290918e-15
11532.821655273438,4.134861635756489e-15
11534.541845321655,4.143583110497893e-15
11536.262035369873,4.241215516130213e-15
11537.98222541809,4.3260962642580926e-15
11539.702415466309,4.197614071653824e-15
11541.422605514526,4.202826712411227e-15
11543.142795562744,4.21129238320256e-15
11544.862985610962,4.190903453129202e-15
11546.58317565918,4.221926034822391e-15
11548.303365707397,4.164869048462394e-15
11550.023555755615,4.079554195949046e-15
11551.743745803833,4.026635812569334e-15
11553.46393585205,4.021341009616047e-15
11555.182933807373,4.097709923656968e-15
11556.90312385559,4.180744139959834e-15
11558.623313903809,4.159408650567919e-15
11560.343503952026,4.235721236917848e-15
11562.062501907349,4.154366263432914e-15
11563.782691955566,4.106673649821287e-15
11565.502882003784,3.91657701008432e-15
11567.223072052002,3.797661207586341e-15
11568.942070007324,3.8664038604866585e-15
11570.662260055542,3.990693240002018e-15
11572.38245010376,4.035118424019612e-15
11574.101448059082,3.986112062306793e-15
11575.8216381073,4.013262856398083e-15
11577.540636062622,3.891360839244559e-15
11579.26082611084,3.739736012455409e-15
11580.981016159058,3.7394192221331356e-15
11582.70001411438,3.760750476360314e-15
11584.420204162598,3.726296564197798e-15
11586.13920211792,3.764305050123467e-15
11587.859392166138,3.839764250779037e-15
11589.57839012146,3.807236915055051e-15
11591.298580169678,3.868476126592116e-15
11593.017578125,3.886411202217279e-15
11594.736576080322,3.9243286321011175e-15
11596.45676612854,3.948134069567226e-15
11598.175764083862,3.979725433884496e-15
11599.89595413208,4.10528451578779e-15
11601.614952087402,3.9814194997790046e-15
11603.333950042725,3.8527310546520796e-15
11605.054140090942,3.8582562505670194e-15
11606.773138046265,3.9203801880174916e-15
11608.492136001587,3.976652821868331e-15
11610.212326049805,4.004877230220265e-15
11611.931324005127,3.846652322706109e-15
11613.65032196045,3.727913550094107e-15
11615.369319915771,3.734316695658876e-15
11617.088317871094,3.815847004963891e-15
11618.808507919312,3.854953245589201e-15
11620.527505874634,3.923994054086952e-15
11622.246503829956,3.997178547762671e-15
11623.965501785278,3.9440700054863e-15
11625.6844997406,3.975980277708211e-15
11627.403497695923,4.099856728661784e-15
11629.122495651245,4.111896454974057e-15
11630.841493606567,4.046848136273189e-15
11632.56049156189,4.009566404616265e-15
11634.280681610107,3.932756609926298e-15
11635.99967956543,4.0216459414770585e-15
11637.718677520752,4.047954784818777e-15
11639.437675476074,3.950942830820321e-15
11641.155481338501,3.8030678188886655e-15
11642.874479293823,3.6711115206512334e-15
11644.593477249146,3.691152743699744e-15
11646.312475204468,3.787611585183643e-15
11648.03147315979,3.976926837026768e-15
11649.750471115112,4.082140611053487e-15
11651.469469070435,4.140945873416617e-15
11653.188467025757,4.052402131308336e-15
11654.90746498108,3.946721218611206e-15
11656.625270843506,3.940763188860219e-15
11658.344268798828,4.01107793491064e-15
11660.06326675415,3.989166886631066e-15
11661.782264709473,3.9470998423386285e-15
11663.5000705719,3.906189421535667e-15
11665.219068527222,3.916956057328216e-15
11666.938066482544,3.889019640178348e-15
11668.65587234497,3.93436470197666e-15
11670.374870300293,3.923766625740614e-15
11672.093868255615,3.921129812175812e-15
11673.811674118042,3.964101064139443e-15
11675.530672073364,3.9910269709832365e-15
11677.249670028687,4.0568109377987945e-15
11678.967475891113,4.193945571959266e-15
11680.686473846436,4.192766502096688e-15
11682.404279708862,4.087673430264952e-15
11684.123277664185,4.066321847247039e-15
11685.841083526611,4.058190330953398e-15
11687.560081481934,4.055177858276488e-15
11689.27788734436,4.103908510764975e-15
11690.996885299683,4.053589671500386e-15
11692.71469116211,4.1440540608165665e-15
11694.433689117432,4.156746002498225e-15
11696.151494979858,4.108279624289281e-15
11697.869300842285,3.9418304503737595e-15
11699.588298797607,3.9551771485236455e-15
11701.306104660034,3.9969130029337066e-15
11703.023910522461,4.032466363861759e-15
11704.742908477783,4.098951673957643e-15
11706.46071434021,4.037589642643226e-15
11708.178520202637,4.004627779017299e-15
11709.897518157959,3.950635357860468e-15
11711.615324020386,4.01197113115352e-15
11713.333129882812,4.0747828593571626e-15
11715.05093574524,4.0814096216200066e-15
11716.768741607666,4.220369188265337e-15
11718.487739562988,4.193688920976248e-15
11720.205545425415,4.102409685964809e-15
11721.923351287842,4.058616812042341e-15
11723.641157150269,4.1043570147105465e-15
11725.358963012695,4.117012533975473e-15
11727.076768875122,3.98936001014304e-15
11728.794574737549,3.916784533156397e-15
11730.512380599976,3.965415235757108e-15
11732.230186462402,3.919360783865471e-15
11733.94799232483,3.903486962917452e-15
11735.665798187256,3.912355397875204e-15
11737.383604049683,3.8831878183365025e-15
11739.10140991211,3.809069047319962e-15
11740.819215774536,3.8627484898027826e-15
11742.537021636963,3.960187348406655e-15
11744.25482749939,3.910510136599611e-15
11745.972633361816,3.970956525298046e-15
11747.690439224243,4.0032081517977006e-15
11749.40824508667,4.0576071487692135e-15
11751.126050949097,4.0414161139824475e-15
11752.842664718628,3.974194308738925e-15
11754.560470581055,3.895766257603229e-15
11756.278276443481,3.793246471865252e-15
11757.996082305908,3.784960372058737e-15
11759.71269607544,3.915776987465638e-15
11761.430501937866,3.9928874788518805e-15
11763.148307800293,4.062710522276421e-15
11764.86611366272,4.049100820396412e-15
11766.582727432251,3.995682264061346e-15
11768.300533294678,3.937673212668635e-15
11770.018339157104,4.015571868212298e-15
11771.734952926636,4.0857862408584696e-15
11773.452758789062,4.09152404204317e-15
11775.169372558594,4.13775975898552e-15
11776.88717842102,4.19838190702051e-15
11778.603792190552,4.16679986006566e-15
11780.321598052979,4.136818281864647e-15
11782.039403915405,4.099792354157793e-15
11783.756017684937,4.037036953645143e-15
11785.472631454468,4.0005196692231154e-15
11787.190437316895,3.967615403837601e-15
11788.907051086426,4.078376396635889e-15
11790.624856948853,4.028172330335653e-15
11792.341470718384,4.027891538913638e-15
11794.05927658081,4.0572344542724216e-15
11795.775890350342,4.072621654792243e-15
11797.492504119873,4.024381010863743e-15
11799.2103099823,3.920424233730749e-15
11800.926923751831,3.7410493370401265e-15
11802.643537521362,3.684484900338958e-15
11804.361343383789,3.679963014950041e-15
11806.07795715332,3.7276297940567766e-15
11807.794570922852,3.8169494183447426e-15
11809.511184692383,3.905950558244541e-15
11811.22899055481,3.903823658513985e-15
11812.94560432434,3.736471547476691e-15
11814.662218093872,3.690239642182604e-15
11816.378831863403,3.783819842195259e-15
11818.095445632935,3.877514815172267e-15
11819.812059402466,3.947334046948544e-15
11821.528673171997,4.029145571192048e-15
11823.246479034424,3.940904219845937e-15
11824.963092803955,3.941046944897549e-15
11826.679706573486,4.05485344465769e-15
11828.396320343018,4.063546967311834e-15
11830.112934112549,4.056634331429292e-15
11831.82954788208,3.973008886129243e-15
11833.546161651611,4.012653839709007e-15
11835.262775421143,3.979115570162473e-15
11836.979389190674,3.999428267270578e-15
11838.696002960205,4.114368944147092e-15
11840.41142463684,4.1936766389985124e-15
11842.128038406372,4.150865052745438e-15
11843.844652175903,4.043991517658574e-15
11845.561265945435,4.063687998297552e-15
11847.277879714966,3.89269322207059e-15
11848.994493484497,3.893875256548484e-15
11850.709915161133,4.016460405773968e-15
11852.426528930664,4.061241767145882e-15
11854.143142700195,3.964316210508046e-15
11855.859756469727,3.748689150707887e-15
11857.576370239258,3.6052627558152105e-15
11859.291791915894,3.6609928650633335e-15
11861.008405685425,3.754633204415244e-15
11862.725019454956,3.787256678378743e-15
11864.440441131592,3.852168201258629e-15
11866.157054901123,3.774761671857321e-15
11867.872476577759,3.660227147279016e-15
11869.58909034729,3.697597393878928e-15
11871.305704116821,3.925223522409892e-15
11873.021125793457,4.057485176024809e-15
11874.737739562988,4.1361584431987355e-15
11876.453161239624,3.958846495251151e-15
11878.169775009155,3.878104350103556e-15
11879.885196685791,3.851869622144722e-15
11881.601810455322,3.916843825462705e-15
11883.317232131958,4.067934174462138e-15
11885.03384590149,4.194762958753366e-15
11886.749267578125,4.225787658028923e-15
11888.465881347656,4.2048117341231175e-15
11890.181303024292,4.17737040773092e-15
11891.896724700928,4.1935301022986374e-15
11893.613338470459,4.0472318421982956e-15
11895.328760147095,4.0006399479016255e-15
11897.04418182373,3.975914632654799e-15
11898.760795593262,3.880905488060126e-15
11900.476217269897,3.956650985851868e-15
11902.191638946533,4.0273943305736e-15
11903.907060623169,4.064490985531549e-15
11905.6236743927,4.044156265566815e-15
11907.339096069336,4.0636308235736125e-15
11909.054517745972,4.064932289697069e-15
11910.769939422607,3.99934906969001e-15
11912.485361099243,3.872175542989249e-15
11914.200782775879,3.867340255409848e-15
11915.916204452515,3.868709907685558e-15
11917.632818222046,3.9847580801406074e-15
11919.348239898682,4.031926803874358e-15
11921.063661575317,4.0129223491532865e-15
11922.779083251953,3.904679585307186e-15
11924.494504928589,3.885657342894222e-15
11926.209926605225,3.935279497559695e-15
11927.92534828186,3.8628713095801345e-15
11929.640769958496,3.902659835244458e-15
11931.356191635132,3.927698129165295e-15
11933.071613311768,3.811749906598022e-15
11934.785842895508,3.856556678958354e-15
11936.501264572144,3.921874777652922e-15
11938.21668624878,3.950694226650302e-15
11939.932107925415,4.0284954734050304e-15
11941.64752960205,4.0455962215771475e-15
11943.362951278687,3.880153322802964e-15
11945.078372955322,3.683375287178055e-15
11946.792602539062,3.607296481921568e-15
11948.508024215698,3.6610157349529094e-15
11950.223445892334,3.743575189288839e-15
11951.93886756897,3.845924297887944e-15
11953.65309715271,3.933279229254754e-15
11955.368518829346,3.859370945925606e-15
11957.083940505981,3.76741366103989e-15
11958.798170089722,3.623766190547981e-15
11960.513591766357,3.6361100016883176e-15
11962.229013442993,3.7599902642901535e-15
11963.943243026733,3.835624377249332e-15
11965.65866470337,3.797138164741412e-15
11967.37289428711,3.660621017599489e-15
11969.088315963745,3.541201230497894e-15
11970.802545547485,3.615771470075321e-15
11972.517967224121,3.835306316377638e-15
11974.232196807861,3.944645564373959e-15
11975.947618484497,3.736465194729586e-15
11977.661848068237,3.5409282741306414e-15
11979.377269744873,3.694336740548473e-15
11981.091499328613,3.901629843180597e-15
11982.806921005249,3.972219874938876e-15
11984.52115058899,3.950288497868567e-15
11986.23538017273,3.97863530248138e-15
11987.950801849365,3.941705089497566e-15
11989.665031433105,3.94458966019944e-15
11991.379261016846,3.933966172974977e-15
11993.093490600586,3.986584283174888e-15
11994.808912277222,3.919432358149514e-15
11996.523141860962,3.9333999314497374e-15
11998.237371444702,3.974513216643567e-15
11999.951601028442,3.908842752242941e-15
12001.667022705078,3.9802120543126936e-15
12003.381252288818,3.997021423150955e-15
12005.095481872559,3.903158737650391e-15
12006.809711456299,3.800075251486016e-15
12008.523941040039,3.794634758865802e-15
12010.23817062378,3.887306939559e-15
12011.95240020752,3.877834993626329e-15
12013.66662979126,3.829054366193954e-15
12015.382051467896,3.66941576069083e-15
12017.096281051636,3.6065587162245095e-15
12018.810510635376,3.674146016184772e-15
12020.524740219116,3.858936841540138e-15
12022.238969802856,3.9123041523818954e-15
12023.952007293701,3.9408216341335796e-15
12025.666236877441,3.8384564319084765e-15
12027.380466461182,3.837879178954923e-15
12029.094696044922,3.8249280451914044e-15
12030.808925628662,3.766561969411426e-15
12032.523155212402,3.854846942954321e-15
12034.237384796143,3.997544465995885e-15
12035.951614379883,4.07171405898926e-15
12037.664651870728,4.030777803681407e-15
12039.378881454468,3.957834290879182e-15
12041.093111038208,3.928895833752713e-15
12042.807340621948,4.011810194893542e-15
12044.520378112793,4.021326610055944e-15
12046.234607696533,3.9487752735082975e-15
12047.948837280273,3.873154713076275e-15
12049.663066864014,3.86553184006746e-15
12051.376104354858,3.967401951534893e-15
12053.090333938599,4.009124676934272e-15
12054.804563522339,3.969581790824652e-15
12056.517601013184,3.952124018265267e-15
12058.231830596924,3.8250313832109695e-15
12059.944868087769,3.817255620755175e-15
12061.659097671509,3.784597841957312e-15
12063.372135162354,3.8765030343167715e-15
12065.086364746094,3.8785727593233874e-15
12066.799402236938,3.679705940450549e-15
12068.513631820679,3.670597795168724e-15
12070.226669311523,3.7216891284812086e-15
12071.940898895264,3.79014506072888e-15
12073.653936386108,3.824602784539659e-15
12075.366973876953,3.849580939121241e-15
12077.081203460693,3.837467520942557e-15
12078.794240951538,3.8302029428704306e-15
12080.508470535278,3.816874032412437e-15
12082.221508026123,3.785266574469169e-15
12083.934545516968,3.611400356551015e-15
12085.647583007812,3.712417082324089e-15
12087.361812591553,3.656234233965659e-15
12089.074850082397,3.685463223393037e-15
12090.787887573242,3.759697614406877e-15
12092.500925064087,3.9117645923944944e-15
12094.215154647827,3.929667480767661e-15
12095.928192138672,3.941866025757544e-15
12097.641229629517,3.875858018727437e-15
12099.354267120361,3.92344390618771e-15
12101.067304611206,3.8738895141580184e-15
12102.78034210205,3.834857812432067e-15
12104.493379592896,3.858162229909874e-15
12106.20641708374,3.9163999801983436e-15
12107.92064666748,3.899087050272939e-15
12109.633684158325,3.909618210906152e-15
12111.34672164917,3.929941495926098e-15
12113.059759140015,3.925481867458804e-15
12114.771604537964,3.9391326504367545e-15
12116.484642028809,3.8991027203824635e-15
12118.197679519653,3.8713052166359455e-15
12119.910717010498,3.878471115369717e-15
12121.623754501343,4.000445130323757e-15
12123.336791992188,4.0338635447082546e-15
12125.049829483032,3.943638442199674e-15
12126.762866973877,3.9675412884547165e-15
12128.475904464722,3.932807008386659e-15
12130.18774986267,3.9624184331897225e-15
12131.900787353516,3.9747711381760056e-15
12133.61382484436,4.066113053625541e-15
12135.326862335205,4.079225970681985e-15
12137.038707733154,4.076492595361195e-15
12138.751745223999,4.021760290924938e-15
12140.464782714844,3.94342668396286e-15
12142.176628112793,3.960358449062e-15
12143.889665603638,3.960152620055817e-15
12145.602703094482,3.8148106601529255e-15
12147.314548492432,3.85094466216632e-15
12149.027585983276,3.877948072524787e-15
12150.740623474121,3.960981018278232e-15
12152.45246887207,3.976230575944125e-15
12154.165506362915,3.982116184378121e-15
12155.877351760864,4.006905027095992e-15
12157.590389251709,3.9270603133560126e-15
12159.302234649658,3.910473714182879e-15
12161.015272140503,3.8918648238481755e-15
12162.727117538452,3.85610436336452e-15
12164.438962936401,3.82259108128993e-15
12166.152000427246,3.774419047030157e-15
12167.863845825195,3.820407006835435e-15
12169.57688331604,3.901640854608911e-15
12171.28872871399,3.9511605182877656e-15
12173.000574111938,4.01792958442098e-15
12174.713611602783,3.973859307208286e-15
12176.425457000732,3.949147120972142e-15
12178.137302398682,3.942602097388708e-15
12179.84914779663,3.894184000057758e-15
12181.562185287476,3.957888077471333e-15
12183.274030685425,3.9537503215239956e-15
12184.985876083374,3.910136595069872e-15
12186.697721481323,3.938215737271352e-15
12188.409566879272,3.923974572329165e-15
12190.122604370117,3.920841820973745e-15
12191.834449768066,3.979727974983338e-15
12193.546295166016,4.0106353601957e-15
12195.258140563965,4.0345327007365855e-15
12196.969985961914,3.985072752880512e-15
12198.681831359863,3.890296542346334e-15
12200.393676757812,3.94379683736081e-15
12202.105522155762,3.9178005491766286e-15
12203.817367553711,3.9366961601639775e-15
12205.52921295166,3.893845186878856e-15
12207.24105834961,3.883744742499322e-15
12208.952903747559,3.9393422910912e-15
12210.664749145508,3.8693799107468365e-15
12212.376594543457,3.8497596630731115e-15
12214.088439941406,3.8667570732256636e-15
12215.79909324646,3.868552359557369e-15
12217.51093864441,3.849156152098193e-15
12219.222784042358,3.94142302752613e-15
12220.934629440308,4.02028814766261e-15
12222.646474838257,4.057186173394428e-15
12224.35712814331,3.989797079143823e-15
12226.06897354126,3.9603199090629e-15
12227.780818939209,3.9675594996630825e-15
12229.492664337158,4.0332638453815985e-15
12231.203317642212,4.002910419716741e-15
12232.915163040161,3.976164507374239e-15
12234.62700843811,3.9727446118497e-15
12236.337661743164,3.897758055578697e-15
12238.049507141113,3.897766102391696e-15
12239.760160446167,4.001901179960087e-15
12241.472005844116,3.96934335105e-15
12243.183851242065,3.8345740563947364e-15
12244.89450454712,3.7125839478146985e-15
12246.606349945068,3.680733391415569e-15
12248.317003250122,3.690488246352623e-15
12250.028848648071,3.755359111651041e-15
12251.739501953125,3.801300484644219e-15
12253.451347351074,3.841377001510609e-15
12255.162000656128,3.732153373511588e-15
12256.872653961182,3.656595070001189e-15
12258.58449935913,3.8207365026519165e-15
12260.295152664185,3.998462226194235e-15
12262.005805969238,3.9149905173741124e-15
12263.717651367188,3.867790453421314e-15
12265.428304672241,3.853967722755071e-15
12267.138957977295,3.816391223632502e-15
12268.850803375244,3.805921472887965e-15
12270.561456680298,3.802515553407056e-15
12272.272109985352,3.87171560409889e-15
12273.982763290405,3.856385154786535e-15
12275.694608688354,3.810655963546643e-15
12277.405261993408,3.833765986963056e-15
12279.115915298462,3.924306609244489e-15
12280.826568603516,3.883178500974083e-15
12282.53722190857,3.90133719329732e-15
12284.247875213623,3.821086750775606e-15
12285.958528518677,3.768356832226658e-15
12287.66918182373,3.8546292554868765e-15
12289.379835128784,3.8770527586995396e-15
12291.090488433838,3.916492730306068e-15
12292.801141738892,4.002351377971553e-15
12294.511795043945,3.963853730518845e-15
12296.222448348999,3.93967390449005e-15
12297.933101654053,3.889181423471274e-15
12299.643754959106,3.948266630223471e-15
12301.35440826416,3.907886875561964e-15
12303.065061569214,3.937152287406074e-15
12304.775714874268,3.912626871934799e-15
12306.486368179321,3.812321230320945e-15
12308.197021484375,3.8420118527045764e-15
12309.907674789429,3.843494583878745e-15
12311.617136001587,3.7888702761432625e-15
12313.32778930664,3.761558122275521e-15
12315.038442611694,3.787575586283384e-15
12316.749095916748,3.879097919750685e-15
12318.458557128906,3.901584103401445e-15
12320.16921043396,3.979250248401086e-15
12321.879863739014,3.934965671852737e-15
12323.589324951172,3.889908177740018e-15
12325.299978256226,3.8963231817660485e-15
12327.01063156128,3.828535134997287e-15
12328.720092773438,3.752281840953666e-15
12330.430746078491,3.837210022926592e-15
12332.14020729065,3.884030192602547e-15
12333.850860595703,3.887987107015645e-15
12335.560321807861,3.8496266789003926e-15
12337.270975112915,3.807790027569608e-15
12338.980436325073,3.8020022514410196e-15
12340.691089630127,3.8740813671205715e-15
12342.400550842285,3.8745197066707756e-15
12344.111204147339,3.841252487667363e-15
12345.820665359497,3.892138839006612e-15
12347.53131866455,3.849057896276311e-15
12349.240779876709,3.849260760667179e-15
12350.950241088867,3.883105232624145e-15
12352.66089439392,3.890343552674907e-15
12354.37035560608,3.8824551348371275e-15
12356.079816818237,3.782555645521482e-15
12357.790470123291,3.8211828890151196e-15
12359.49993133545,3.849919328783669e-15
12361.209392547607,3.898542408087855e-15
12362.918853759766,3.857237693447946e-15
12364.62950706482,3.842059710066096e-15
12366.338968276978,3.814747556198355e-15
12368.048429489136,3.733246046013546e-15
12369.757890701294,3.7259772327766835e-15
12371.467351913452,3.752085752826376e-15
12373.17681312561,3.670065011444901e-15
12374.886274337769,3.820280798926294e-15
12376.595735549927,3.790940424666352e-15
12378.305196762085,3.745411556718486e-15
12380.015850067139,3.749064809819994e-15
12381.725311279297,3.756431878878738e-15
12383.434772491455,3.787883482759711e-15
12385.144233703613,3.867656622215648e-15
12386.852502822876,3.8111836650727825e-15
12388.561964035034,3.880867795093973e-15
12390.271425247192,3.876421719153835e-15
12391.98088645935,3.793627636691516e-15
12393.690347671509,3.773167555850589e-15
12395.399808883667,3.813291506562025e-15
12397.109270095825,3.793517945924847e-15
12398.818731307983,3.723340419211881e-15
12400.527000427246,3.8124127098792485e-15
12402.236461639404,3.817491095914512e-15
12403.945922851562,3.8366027003034105e-15
12405.65538406372,3.801723154084899e-15
12407.363653182983,3.725994596952102e-15
12409.073114395142,3.727391777798598e-15
12410.7825756073,3.817137883175507e-15
12412.490844726562,3.84559226097262e-15
12414.20030593872,3.79183107981039e-15
12415.909767150879,3.794015577781359e-15
12417.618036270142,3.777501823441689e-15
12419.3274974823,3.798305799659202e-15
12421.036958694458,3.802265255171142e-15
12422.74522781372,3.805496685864917e-15
12424.454689025879,3.804967713789357e-15
12426.162958145142,3.72463637962118e-15
12427.8724193573,3.826719519874847e-15
12429.580688476562,3.842054204351939e-15
12431.29014968872,3.853823303637564e-15
12432.998418807983,3.878593511630595e-15
12434.706687927246,3.861714262574185e-15
12436.416149139404,3.866303487082409e-15
12438.124418258667,3.878152207465076e-15
12439.833879470825,3.838576287070513e-15
12441.542148590088,3.809898716091798e-15
12443.25041770935,3.811755835828653e-15
12444.959878921509,3.8353169042894784e-15
12446.668148040771,3.787702217708999e-15
12448.376417160034,3.846757354791569e-15
12450.084686279297,3.833273013787754e-15
12451.794147491455,3.919182483430074e-15
12453.502416610718,3.807037862312446e-15
12455.21068572998,3.803122876030237e-15
12456.918954849243,3.844860424506193e-15
12458.627223968506,3.894026028413095e-15
12460.335493087769,3.9292913981390804e-15
12462.044954299927,3.901538787138767e-15
12463.75322341919,3.922058160286002e-15
12465.461492538452,3.866821024213181e-15
12467.169761657715,3.817302631083748e-15
12468.878030776978,3.715945398065877e-15
12470.58629989624,3.754969476495304e-15
12472.294569015503,3.849720276041064e-15
12474.002838134766,3.8799186946765745e-15
12475.711107254028,3.839644395617001e-15
12477.419376373291,3.95108979103667e-15
12479.127645492554,3.8466734985297905e-15
12480.83472251892,3.912072912387295e-15
12482.542991638184,3.883259816137019e-15
12484.251260757446,3.837712736980787e-15
12485.959529876709,3.78260562046537e-15
12487.667798995972,3.859224832742205e-15
12489.376068115234,3.880995697069008e-15
12491.083145141602,3.900191581236159e-15
12492.791414260864,3.797587939236404e-15
12494.499683380127,3.772046931261371e-15
12496.20795249939,3.709646861070094e-15
12497.915029525757,3.7385298375385186e-15
12499.62329864502,3.727050423520855e-15
12501.331567764282,3.791584169706265e-15
12503.03864479065,3.878695155584266e-15
12504.746913909912,3.868198299785417e-15
12506.455183029175,3.8924873930644074e-15
12508.162260055542,3.79724192627745e-15
12509.870529174805,3.806738436165592e-15
12511.577606201172,3.821617416917061e-15
12513.285875320435,3.861944232019365e-15
12514.992952346802,3.7835941079148155e-15
12516.701221466064,3.757489399513385e-15
12518.408298492432,3.803923745681866e-15
12520.116567611694,3.812454638010138e-15
12521.823644638062,3.831512879323359e-15
12523.531913757324,3.8277130895219766e-15
12525.238990783691,3.8791508593098885e-15
12526.946067810059,3.798656894815839e-15
12528.654336929321,3.7389774944511425e-15
12530.361413955688,3.714261920083209e-15
12532.068490982056,3.665352120126378e-15
12533.776760101318,3.689205414954006e-15
12535.483837127686,3.749461221239309e-15
12537.190914154053,3.871091340816764e-15
12538.899183273315,3.8624168764039325e-15
12540.606260299683,3.8128705311872395e-15
12542.31333732605,3.756620767225976e-15
12544.020414352417,3.774959877566979e-15
12545.727491378784,3.7797934710804854e-15
12547.434568405151,3.740374251781165e-15
12549.142837524414,3.7743093562634875e-15
12550.849914550781,3.8508785935964344e-15
12552.556991577148,3.797892024064468e-15
12554.264068603516,3.746120523295338e-15
12555.971145629883,3.744927900905604e-15
12557.67822265625,3.8073148420861985e-15
12559.385299682617,3.8980214828252934e-15
12561.092376708984,3.897287105260024e-15
12562.799453735352,3.864051649992133e-15
12564.506530761719,3.831147384606619e-15
12566.213607788086,3.721422736619297e-15
12567.920684814453,3.719488113367768e-15
12569.62776184082,3.764889079340599e-15
12571.333646774292,3.778310316389843e-15
12573.04072380066,3.838359446636016e-15
12574.747800827026,3.86642037762913e-15
12576.454877853394,3.9115066708620555e-15
12578.16195487976,3.862692585628264e-15
12579.869031906128,3.882258199676891e-15
12581.5749168396,3.798630213278e-15
12583.281993865967,3.775093285256171e-15
12584.989070892334,3.733037252392048e-15
12586.696147918701,3.699120782634565e-15
12588.402032852173,3.7056962994041e-15
12590.10910987854,3.812726535586206e-15
12591.814994812012,3.762299276104369e-15
12593.522071838379,3.873565524055694e-15
12595.229148864746,3.777096094659954e-15
12596.935033798218,3.774881950535831e-15
12598.642110824585,3.772576750369879e-15
12600.347995758057,3.756193439104086e-15
12602.055072784424,3.796826456616822e-15
12603.760957717896,3.788043148470269e-15
12605.468034744263,3.809938950156792e-15
12607.173919677734,3.897479805255524e-15
12608.880996704102,3.876708016290007e-15
12610.586881637573,3.8145197043355436e-15
12612.29395866394,3.787850871991242e-15
12613.999843597412,3.81324661381582e-15
12615.705728530884,3.859370945925606e-15
12617.412805557251,3.832988410717476e-15
12619.118690490723,3.876320075200165e-15
12620.824575424194,3.836224923608935e-15
12622.531652450562,3.698006087275978e-15
12624.237537384033,3.693667584520142e-15
12625.943422317505,3.7868052098178565e-15
12627.650499343872,3.909703337717351e-15
12629.356384277344,3.88752759164176e-15
12631.062269210815,3.853183793762387e-15
12632.768154144287,3.856074717211366e-15
12634.474039077759,3.9341245681361135e-15
12636.17992401123,3.881273947392181e-15
12637.887001037598,3.853667873091743e-15
12639.59288597107,3.835251259236066e-15
12641.298770904541,3.7603866757094685e-15
12643.004655838013,3.799123186453302e-15
12644.710540771484,3.872356808039962e-15
12646.416425704956,3.8556753411767355e-15
12648.122310638428,3.8397274048458316e-15
12649.8281955719,3.736030243311171e-15
12651.534080505371,3.701259540826382e-15
12653.239965438843,3.681902720399253e-15
12654.945850372314,3.639205907110532e-15
12656.651735305786,3.713034569342638e-15
12658.356428146362,3.746694388117103e-15
12660.062313079834,3.71422930931474e-15
12661.768198013306,3.660292368815954e-15
12663.474082946777,3.744075785760666e-15
12665.179967880249,3.7407300056190116e-15
12666.88585281372,3.804073246997056e-15
12668.590545654297,3.85451405900605e-15
12670.296430587769,3.874699701172067e-15
12672.00231552124,3.942323000032588e-15
12673.708200454712,3.901229620113019e-15
12675.412893295288,3.8838442688706246e-15
12677.11877822876,3.965327567847067e-15
12678.824663162231,3.969085853034035e-15
12680.529356002808,3.853600533972436e-15
12682.23524093628,3.835271164510327e-15
12683.939933776855,3.973098671621652e-15
12685.645818710327,4.0239723174666925e-15
12687.351703643799,4.091808645113448e-15
12689.056396484375,4.1286787187580064e-15
12690.762281417847,4.1235876272285345e-15
12692.466974258423,4.12778001680097e-15
12694.172859191895,4.0107903672250474e-15
12695.87755203247,3.910523265610293e-15
12697.583436965942,3.8928054539361014e-15
12699.288129806519,3.779669380753713e-15
12700.992822647095,3.773230659805159e-15
12702.698707580566,3.76432876704599e-15
12704.403400421143,3.784680851186143e-15
12706.108093261719,3.743885203347534e-15
12707.81397819519,3.798368056580825e-15
12709.518671035767,3.752335204029343e-15
12711.223363876343,3.7692068297892276e-15
12712.929248809814,3.816267556822203e-15
12714.63394165039,3.844807484946989e-15
12716.338634490967,3.764225005509951e-15
12718.043327331543,3.7851446017247645e-15
12719.74802017212,3.725013732799182e-15
12721.45390510559,3.688182199153723e-15
12723.158597946167,3.7207362164155475e-15
12724.863290786743,3.763239482675821e-15
12726.56798362732,3.8884470459060044e-15
12728.272676467896,3.8909288524414595e-15
12729.977369308472,3.943021802214073e-15
12731.682062149048,3.944397383720414e-15
12733.386754989624,3.876616536731704e-15
12735.0914478302,3.8549426576773606e-15
12736.796140670776,3.881278606073391e-15
12738.500833511353,3.874332935905906e-15
12740.205526351929,3.905485537156498e-15
12741.910219192505,3.866291205104674e-15
12743.614912033081,3.8547076060344975e-15
12745.319604873657,3.825860204949858e-15
12747.024297714233,3.8283822455503075e-15
12748.72899055481,3.763377972562697e-15
12750.433683395386,3.7468341485534e-15
12752.137184143066,3.806729118803172e-15
12753.841876983643,3.7803796178799854e-15
12755.546569824219,3.8397307929776206e-15
12757.251262664795,3.838231121144507e-15
12758.954763412476,3.883789635245527e-15
12760.659456253052,3.855242083824215e-15
12762.364149093628,3.899673197072439e-15
12764.068841934204,3.977752270633867e-15
12765.772342681885,3.94267240112333e-15
12767.477035522461,3.932371209935297e-15
12769.180536270142,3.842567082801502e-15
12770.885229110718,3.804534456436836e-15
12772.589921951294,3.743440087533752e-15
12774.293422698975,3.7982799651543105e-15
12775.99811553955,3.830676434287946e-15
12777.701616287231,3.717514103084192e-15
12779.406309127808,3.715886105759569e-15
12781.109809875488,3.716573472996266e-15
12782.814502716064,3.7106573713761686e-15
12784.518003463745,3.707130749700275e-15
12786.222696304321,3.680555938013119e-15
12787.926197052002,3.653691017541528e-15
12789.629697799683,3.704943710630465e-15
12791.334390640259,3.672013610740059e-15
12793.03789138794,3.6820001291881874e-15
12794.74139213562,3.673090613132493e-15
12796.446084976196,3.8783364371311035e-15
12798.149585723877,4.067935021495085e-15
12799.853086471558,4.225267579799309e-15
12801.557779312134,4.1134621953770566e-15
12803.261280059814,3.973085119094496e-15
12804.964780807495,3.931676219402075e-15
12806.668281555176,4.132871955363389e-15
12808.371782302856,4.131232946610452e-15
12810.076475143433,3.97357131600622e-15
12811.779975891113,3.978960139616652e-15
12813.483476638794,3.96360216173351e-15
12815.186977386475,3.921473707552397e-15
12816.890478134155,3.841669651393886e-15
12818.593978881836,3.87679822529889e-15
12820.297479629517,3.838365375866647e-15
12822.000980377197,3.8765030343167715e-15
12823.704481124878,3.996175237236648e-15
12825.407981872559,3.91768747027817e-15
12827.11148262024,3.954648176448085e-15
12828.81498336792,3.841988559298527e-15
12830.5184841156,3.749636133542917e-15
12832.221984863281,3.807535070652485e-15
12833.925485610962,3.7867404117973916e-15
12835.628986358643,3.783071065069886e-15
12837.332487106323,3.713535589330939e-15
12839.034795761108,3.69741782289411e-15
12840.738296508789,3.737646805691006e-15
12842.44179725647,3.679433195841533e-15
12844.14529800415,3.6725358065520415e-15
12845.847606658936,3.736062007046693e-15
12847.551107406616,3.649713350821222e-15
12849.254608154297,3.674364974201637e-15
12850.958108901978,3.679232449033034e-15
12852.660417556763,3.5721128508749925e-15
12854.363918304443,3.543124418804635e-15
12856.067419052124,3.518599215091597e-15
12857.76972770691,3.654594801696248e-15
12859.47322845459,3.616103506990645e-15
12861.175537109375,3.589198775970533e-15
12862.879037857056,3.5415457611491898e-15
12864.58134651184,3.637028185403141e-15
12866.284847259521,3.667407022056417e-15
12867.987155914307,3.663445448962108e-15
12869.690656661987,3.4416322957899143e-15
12871.392965316772,3.3294582402773696e-15
12873.096466064453,3.356654562389574e-15
12874.798774719238,3.4305920683554017e-15
12876.502275466919,3.5317775654432164e-15
12878.204584121704,3.627967050449888e-15
12879.90689277649,3.691279798641832e-15
12881.61039352417,3.619771159652256e-15
12883.312702178955,3.622681988375495e-15
12885.01501083374,3.546292533785603e-15
12886.71851158142,3.588856151143368e-15
12888.420820236206,3.710648901046696e-15
12890.123128890991,3.766362493152348e-15
12891.825437545776,3.750351876383347e-15
12893.528938293457,3.812945070086598e-15
12895.231246948242,3.803624743051485e-15
12896.933555603027,3.750208304298787e-15
12898.635864257812,3.744297708392847e-15
12900.338172912598,3.648257724701365e-15
12902.040481567383,3.648366568435087e-15
12903.742790222168,3.663011768093114e-15
12905.445098876953,3.615601216452923e-15
12907.147407531738,3.619073204503718e-15
12908.850908279419,3.629164331520832e-15
12910.553216934204,3.6045415072606234e-15
12912.25552558899,3.6667632770165035e-15
12913.956642150879,3.702021446962437e-15
12915.658950805664,3.701248105881594e-15
12917.36125946045,3.719951440389916e-15
12919.063568115234,3.668199421378573e-15
12920.76587677002,3.606636219739183e-15
12922.468185424805,3.585789891874308e-15
12924.17049407959,3.575234590802098e-15
12925.872802734375,3.667143594809821e-15
12927.57511138916,3.724361517429796e-15
12929.27622795105,3.724998486206131e-15
12930.978536605835,3.705713240063045e-15
12932.68084526062,3.6297377728261235e-15
12934.383153915405,3.599126002112353e-15
12936.084270477295,3.6342778694234065e-15
12937.78657913208,3.636761370024756e-15
12939.488887786865,3.631701195197859e-15
12941.190004348755,3.662247744374691e-15
12942.89231300354,3.699789938662896e-15
12944.594621658325,3.666693396798355e-15
12946.295738220215,3.6205233249094176e-15
12947.998046875,3.5241830680381343e-15
12949.69916343689,3.5041346452095723e-15
12951.401472091675,3.553402316586619e-15
12953.102588653564,3.6102060400953866e-15
12954.80489730835,3.601017426683572e-15
12956.50601387024,3.6236323593423145e-15
12958.208322525024,3.627906911110633e-15
12959.909439086914,3.613052070798161e-15
12961.6117477417,3.656518413519463e-15
12963.312864303589,3.717610664840179e-15
12965.015172958374,3.7279491254778915e-15
12966.716289520264,3.783209554956762e-15
12968.417406082153,3.79684720892403e-15
12970.119714736938,3.82911111740142e-15
12971.820831298828,3.855084959212499e-15
12973.521947860718,3.75005329726944e-15
12975.224256515503,3.6837255353017444e-15
12976.925373077393,3.7214142662898245e-15
12978.626489639282,3.656318513743911e-15
12980.327606201172,3.65818198622787e-15
12982.028722763062,3.6294811218431054e-15
12983.731031417847,3.65688475526915e-15
12985.432147979736,3.693161058817684e-15
12987.133264541626,3.682272873797203e-15
12988.834381103516,3.702466139259746e-15
12990.535497665405,3.586305311422712e-15
12992.236614227295,3.577484310310006e-15
12993.937730789185,3.5619488790244146e-15
12995.638847351074,3.595589639557566e-15
12997.339963912964,3.630670779617524e-15
12999.041080474854,3.6692133198164365e-15
13000.742197036743,3.6357932113660445e-15
13002.443313598633,3.6178699942021435e-15
13004.144430160522,3.686422911722276e-15
13005.845546722412,3.5666435591345715e-15
13007.546663284302,3.5452763060071345e-15
13009.247779846191,3.568830598204382e-15
13010.948896408081,3.56427779611289e-15
13012.65001296997,3.612445595207927e-15
13014.349937438965,3.59763225950987e-15
13016.051054000854,3.5849212595868984e-15
13017.752170562744,3.4919443587909252e-15
13019.453287124634,3.5240024382621324e-15
13021.154403686523,3.591838130634177e-15
13022.854328155518,3.6286904165868435e-15
13024.555444717407,3.6591641209302115e-15
13026.256561279297,3.646214257716114e-15
13027.956485748291,3.669097276302663e-15
13029.65760231018,3.682451597749074e-15
13031.35871887207,3.677618004235567e-15
13033.058643341064,3.690362885476429e-15
13034.759759902954,3.661382076702597e-15
13036.459684371948,3.632494018036489e-15
13038.160800933838,3.648328451952461e-15
13039.861917495728,3.6344595579905926e-15
13041.561841964722,3.727168161100523e-15
13043.262958526611,3.747610454249558e-15
13044.962882995605,3.777429825641172e-15
13046.6628074646,3.7084207808789436e-15
13048.36392402649,3.626514388945347e-15
13050.063848495483,3.556028542239581e-15
13051.764965057373,3.602168967975364e-15
13053.464889526367,3.681755336666431e-15
13055.164813995361,3.650713696731929e-15
13056.865930557251,3.668028744239701e-15
13058.565855026245,3.62263582507987e-15
13060.26577949524,3.601402403158099e-15
13061.966896057129,3.578568512482491e-15
13063.666820526123,3.5815454097756164e-15
13065.366744995117,3.709762057550921e-15
13067.066669464111,3.758469840149832e-15
13068.767786026001,3.667871196111512e-15
13070.467710494995,3.656164777263984e-15
13072.16763496399,3.5344296256010696e-15
13073.867559432983,3.558081750103725e-15
13075.567483901978,3.5063036848292537e-15
13077.267408370972,3.6294264882180075e-15
13078.968524932861,3.5786659212714254e-15
13080.668449401855,3.666732360313929e-15
13082.36837387085,3.688868295840999e-15
13084.068298339844,3.582336115031878e-15
13085.768222808838,3.5496099383235244e-15
13087.468147277832,3.5240860827656737e-15
13089.168071746826,3.578923419287391e-15
13090.86799621582,3.68999866130911e-15
13092.567920684814,3.525931767557741e-15
13094.266653060913,3.409729011589818e-15
13095.966577529907,3.44035264076485e-15
13097.666501998901,3.5124116394119045e-15
13099.366426467896,3.563692072829864e-15
13101.06635093689,3.5402968110684633e-15
13102.766275405884,3.4748895621561967e-15
13104.466199874878,3.4507478526100283e-15
13106.164932250977,3.4167015750533785e-15
13107.86485671997,3.4318778643693338e-15
13109.564781188965,3.539113717799386e-15
13111.264705657959,3.594466897385981e-15
13112.963438034058,3.6515967285794416e-15
13114.663362503052,3.711339656415182e-15
13116.363286972046,3.650734025522663e-15
13118.062019348145,3.561197984316674e-15
13119.761943817139,3.416999518892575e-15
13121.460676193237,3.336727688788943e-15
13123.160600662231,3.385906845223001e-15
13124.860525131226,3.3998778066550136e-15
13126.559257507324,3.431950073928087e-15
13128.259181976318,3.542818639910676e-15
13129.957914352417,3.5519896773888353e-15
13131.657838821411,3.4962777793490782e-15
13133.35657119751,3.4429314325727656e-15
13135.056495666504,3.497767075028588e-15
13136.755228042603,3.566853199789017e-15
13138.455152511597,3.5958949949350515e-15
13140.153884887695,3.648005308883083e-15
13141.852617263794,3.691735502367455e-15
13143.552541732788,3.716183837840529e-15
13145.251274108887,3.695487011290844e-15
13146.950006484985,3.606141128981513e-15
13148.64993095398,3.603946890131651e-15
13150.348663330078,3.619341713947998e-15
13152.047395706177,3.566334815625297e-15
13153.746128082275,3.577777383709756e-15
13155.44605255127,3.6486672651313626e-15
13157.144784927368,3.7159996081745014e-15
13158.843517303467,3.653457236448086e-15
13160.542249679565,3.6159980513887115e-15
13162.240982055664,3.580573439468642e-15
13163.939714431763,3.641534400682534e-15
13165.639638900757,3.676038287788938e-15
13167.338371276855,3.624662774922649e-15
13169.037103652954,3.675210313082997e-15
13170.735836029053,3.6880894490459986e-15
13172.434568405151,3.66697884690158e-15
13174.13330078125,3.5513806606997595e-15
13175.832033157349,3.5411531613781374e-15
13177.530765533447,3.6162979010520395e-15
13179.229497909546,3.670158608585572e-15
13180.928230285645,3.666401593948026e-15
13182.626962661743,3.661906390096947e-15
13184.324502944946,3.665981465606188e-15
13186.023235321045,3.610826068212777e-15
13187.721967697144,3.570847807168268e-15
13189.420700073242,3.573030187556869e-15
13191.11943244934,3.602755961807811e-15
13192.81816482544,3.652881677560426e-15
13194.515705108643,3.583679932802697e-15
13196.214437484741,3.6019436572113945e-15
13197.91316986084,3.5472888562898108e-15
13199.611902236938,3.60531993053915e-15
13201.309442520142,3.633961926134081e-15
13203.00817489624,3.6445782135784924e-15
13204.706907272339,3.6059204768987534e-15
13206.404447555542,3.6181118221085846e-15
13208.10317993164,3.597991401479506e-15
13209.80191230774,3.6519114013193466e-15
13211.499452590942,3.6039621367247015e-15
13213.198184967041,3.595617591644826e-15
13214.895725250244,3.63277904462324e-15
13216.594457626343,3.6302921558901014e-15
13218.291997909546,3.589623562993581e-15
13219.990730285645,3.5814941642823075e-15
13221.688270568848,3.554021074154588e-15
13223.387002944946,3.547434969473212e-15
13225.08454322815,3.579960611131304e-15
13226.783275604248,3.623772543295085e-15
13228.480815887451,3.58461082201173e-15
13230.178356170654,3.648890458312964e-15
13231.877088546753,3.650236393666151e-15
13233.574628829956,3.5523316669412892e-15
13235.27216911316,3.556318651024015e-15
13236.970901489258,3.5178618729110123e-15
13238.668441772461,3.5445550574525475e-15
13240.365982055664,3.621691383343681e-15
13242.063522338867,3.67426841244565e-15
13243.762254714966,3.61694715180611e-15
13245.459794998169,3.5444618838283495e-15
13247.157335281372,3.5796755845445526e-15
13248.854875564575,3.4955427665090983e-15
13250.552415847778,3.503023126224538e-15
13252.249956130981,3.434715001226162e-15
13253.94868850708,3.494550255653153e-15
13255.646228790283,3.4994785050985154e-15
13257.343769073486,3.4790991041458138e-15
13259.04130935669,3.449943806584847e-15
13260.738849639893,3.4064852989183075e-15
13262.436389923096,3.3394312061983417e-15
13264.133930206299,3.244332064353023e-15
13265.831470489502,3.1770344496607214e-15
13267.529010772705,3.209711074941661e-15
13269.226551055908,3.3433660977548116e-15
13270.924091339111,3.3837833336242346e-15
13272.620439529419,3.433855051026462e-15
13274.317979812622,3.3982227042760786e-15
13276.015520095825,3.482664265820807e-15
13277.713060379028,3.449161359899821e-15
13279.410600662231,3.4215097575784675e-15
13281.108140945435,3.495304538492683e-15
13282.804489135742,3.5013845409880744e-15
13284.502029418945,3.527010675774306e-15
13286.199569702148,3.5232060155334765e-15
13287.897109985352,3.4645159496511733e-15
13289.59345817566,3.361894096443052e-15
13291.290998458862,3.2545906921354565e-15
13292.988538742065,3.318214724935516e-15
13294.684886932373,3.356085356249019e-15
13296.382427215576,3.340530231447404e-15
13298.07996749878,3.380637453258132e-15
13299.776315689087,3.3613346311813907e-15
13301.47385597229,3.3217784043028517e-15
13303.170204162598,3.2662913935105906e-15
13304.8677444458,3.2581382778767943e-15
13306.564092636108,3.3164442143175177e-15
13308.261632919312,3.374836759877098e-15
13309.95798110962,3.3738603426471505e-15
13311.655521392822,3.5012208518710175e-15
13313.35186958313,3.578295767873475e-15
13315.049409866333,3.594169165305021e-15
13316.74575805664,3.5370988381761047e-15
13318.442106246948,3.51617204218124e-15
13320.139646530151,3.5468507284978435e-15
13321.835994720459,3.4122974272441297e-15
13323.532342910767,3.361872497102897e-15
13325.22988319397,3.4120191769209567e-15
13326.926231384277,3.3625602878560677e-15
13328.622579574585,3.3384139196286893e-15
13330.320119857788,3.3006534025983294e-15
13332.016468048096,3.3843955266868626e-15
13333.712816238403,3.3988967307438563e-15
13335.409164428711,3.3695425921985217e-15
13337.105512619019,3.3886711372463655e-15
13338.803052902222,3.3714861092959967e-15
13340.49940109253,3.4021027504492138e-15
13342.195749282837,3.4491933353935798e-15
13343.892097473145,3.5167838117273944e-15
13345.588445663452,3.485095250379427e-15
13347.28479385376,3.4681018636333744e-15
13348.981142044067,3.5212804978861307e-15
13350.677490234375,3.475054098306201e-15
13352.373838424683,3.3791479458203854e-15
13354.07018661499,3.3165238354145596e-15
13355.766534805298,3.3346685516941676e-15
13357.462882995605,3.363717334862017e-15
13359.159231185913,3.455607280628426e-15
13360.85557937622,3.4814566085962593e-15
13362.551927566528,3.391161414111293e-15
13364.248275756836,3.356906554691382e-15
13365.943431854248,3.315797716420526e-15
13367.639780044556,3.3624741022536845e-15
13369.336128234863,3.3481912209388457e-15
13371.03247642517,3.422803176888925e-15
13372.728824615479,3.4021800422056507e-15
13374.42398071289,3.383564587365606e-15
13376.120328903198,3.373502894743409e-15
13377.816677093506,3.4598526097600647e-15
13379.511833190918,3.529843577466398e-15
13381.208181381226,3.554312877004917e-15
13382.904529571533,3.534654301090329e-15
13384.599685668945,3.4251045654066148e-15
13386.296033859253,3.4232033999565025e-15
13387.99238204956,3.4384404638864233e-15
13389.687538146973,3.391467193005252e-15
13391.38388633728,3.473455535376495e-15
13393.079042434692,3.5013811528562854e-15
13394.775390625,3.463611106705269e-15
13396.470546722412,3.4459407288761233e-15
13398.16689491272,3.385101740406636e-15
13399.862051010132,3.328980513695118e-15
13401.55839920044,3.3699824140563835e-15
13403.253555297852,3.465620268856156e-15
13404.94990348816,3.5332018513440245e-15
13406.645059585571,3.516841198209571e-15
13408.340215682983,3.4401715874723742e-15
13410.036563873291,3.3898010791980028e-15
13411.731719970703,3.3287835785348815e-15
13413.426876068115,3.3236912164559887e-15
13415.123224258423,3.4358504488919564e-15
13416.818380355835,3.4806792441089167e-15
13418.513536453247,3.3449204032130232e-15
13420.20869255066,3.332602003061104e-15
13421.905040740967,3.3764298170926464e-15
13423.600196838379,3.3924582215535395e-15
13425.295352935791,3.3874668681536067e-15
13426.990509033203,3.3803498855725393e-15
13428.685665130615,3.376672280273798e-15
13430.382013320923,3.314629657986262e-15
13432.077169418335,3.3455599130882002e-15
13433.772325515747,3.44397582419673e-15
13435.46748161316,3.390535668521509e-15
13437.162637710571,3.4152842771743852e-15
13438.857793807983,3.4803137493921764e-15
13440.552949905396,3.586331569444077e-15
13442.248106002808,3.534398497140258e-15
13443.94326210022,3.5308572641460246e-15
13445.638418197632,3.4822197852817354e-15
13447.333574295044,3.4225249265657518e-15
13449.028730392456,3.4275592668877577e-15
13450.723886489868,3.395162162479412e-15
13452.417850494385,3.3743943969203943e-15
13454.113006591797,3.3776175690429337e-15
13455.808162689209,3.4213958316470618e-15
13457.503318786621,3.428267809948136e-15
13459.198474884033,3.4085427419471882e-15
13460.893630981445,3.39419336854599e-15
13462.587594985962,3.353278500820055e-15
13464.282751083374,3.3950819061076597e-15
13465.977907180786,3.5603962676320974e-15
13467.673063278198,3.4699111260087095e-15
13469.367027282715,3.3724119163073456e-15
13471.062183380127,3.28155513897835e-15
13472.757339477539,3.2615173040616285e-15
13474.451303482056,3.332116864940564e-15
13476.146459579468,3.3874579743076606e-15
13477.840423583984,3.556621041786185e-15
13479.535579681396,3.695766108646964e-15
13481.230735778809,3.5219623594086704e-15
13482.924699783325,3.3511755297702594e-15
13484.619855880737,3.4705514829168338e-15
13486.313819885254,3.3119303757415995e-15
13488.008975982666,3.5266907090784807e-15
13489.702939987183,3.5576984676950925e-15
13491.398096084595,3.504208760592457e-15
13493.092060089111,3.4773353697913935e-15
13494.786024093628,3.481718341776961e-15
13496.48118019104,3.4603627353525486e-15
13498.175144195557,3.481901089135331e-15
13499.870300292969,3.492322770760111e-15
13501.564264297485,3.5104757456109548e-15
13503.258228302002,3.613724191441807e-15
13504.953384399414,3.663027861719112e-15
13506.64734840393,3.711683975308241e-15
13508.341312408447,3.639730644021356e-15
13510.035276412964,3.630439539622924e-15
13511.730432510376,3.57462642114597e-15
13513.424396514893,3.616136964792061e-15
13515.11836051941,3.657551370198639e-15
13516.812324523926,3.623798377799976e-15
13518.506288528442,3.6992757896639125e-15
13520.200252532959,3.592364985127369e-15
13521.894216537476,3.383153776386188e-15
13523.589372634888,3.3698051724121705e-15
13525.283336639404,3.611990314998778e-15
13526.97730064392,3.5177456176390016e-15
13528.671264648438,3.37500341360947e-15
13530.365228652954,3.463647317363764e-15
13532.05919265747,3.721452806288925e-15
13533.753156661987,3.661551906808521e-15
13535.447120666504,3.474687121281803e-15
13537.14108467102,3.533292272111144e-15
13538.835048675537,3.376322243908345e-15
13540.529012680054,3.3770576802647986e-15
13542.221784591675,3.598510632676173e-15
13543.915748596191,3.689182121547957e-15
13545.609712600708,3.686290774582504e-15
13547.303676605225,3.741585932412212e-15
13548.997640609741,4.047759120207961e-15
13550.691604614258,4.191062271806812e-15
13552.384376525879,4.051229414192862e-15
13554.078340530396,3.756564863051457e-15
13555.772304534912,3.595088196052792e-15
13557.466268539429,3.688677289911393e-15
13559.15904045105,4.125789489374922e-15
13560.853004455566,3.9012393609919125e-15
13562.546968460083,3.761179922064572e-15
13564.239740371704,3.623531562421591e-15
13565.93370437622,3.61608190765049e-15
13567.626476287842,3.464517220200594e-15
13569.320440292358,3.3858850341246093e-15
13571.014404296875,3.5368345638965614e-15
13572.707176208496,3.648630842714631e-15
13574.401140213013,3.606867459733784e-15
13576.093912124634,3.5658304075052074e-15
13577.78787612915,3.924097815622991e-15
13579.480648040771,3.849994291199501e-15
13581.174612045288,3.644610824346962e-15
13582.86738395691,3.8241953616920295e-15
13584.561347961426,4.048826381721502e-15
13586.254119873047,3.88310692669004e-15
13587.946891784668,3.949567672830454e-15
13589.640855789185,3.749644180355916e-15
13591.333627700806,3.736608766814146e-15
13593.026399612427,3.687160253902861e-15
13594.720363616943,3.759954265389895e-15
13596.413135528564,4.19487900226714e-15
13598.105907440186,4.070043286500801e-15
13599.799871444702,3.5855823688022304e-15
13601.492643356323,3.543442479676329e-15
13603.185415267944,3.5302050487766388e-15
13604.878187179565,3.520005501542276e-15
13606.570959091187,3.674117640581039e-15
13608.264923095703,3.726643424189699e-15
13609.957695007324,4.220328107167395e-15
13611.650466918945,4.3189096132171135e-15
13613.343238830566,3.803084336031137e-15
13615.036010742188,3.5010423396773837e-15
13616.728782653809,4.043865733265907e-15
13618.42155456543,4.4174127687192106e-15
13620.11432647705,5.2205668682068964e-15
13621.807098388672,4.9488823209245004e-15
13623.499870300293,5.44538254141887e-15
13625.192642211914,4.707737970071832e-15
13626.885414123535,4.398308787626837e-15
13628.578186035156,4.472395794907855e-15
13630.270957946777,4.055601374750115e-15
13631.963729858398,3.744369706193363e-15
13633.65650177002,3.5485373828540636e-15
13635.34927368164,3.5847497354150794e-15
13637.042045593262,3.580669154191682e-15
13638.733625411987,3.4681677204450234e-15
13640.426397323608,3.636550035304416e-15
13642.11916923523,3.984897417060431e-15
13643.81194114685,3.9563799353087466e-15
13645.504713058472,4.232069254365761e-15
13647.196292877197,4.2487308159547266e-15
13648.889064788818,4.675718430599725e-15
13650.58183670044,4.22409655674973e-15
13652.273416519165,3.803441783934878e-15
13653.966188430786,3.9073765382112435e-15
13655.658960342407,4.409792013292764e-15
13657.350540161133,4.062072706467138e-15
13659.043312072754,3.704419820752588e-15
13660.736083984375,3.603921479143233e-15
13662.4276638031,3.601526917001345e-15
13664.120435714722,3.653416155350144e-15
13665.812015533447,3.445943269974965e-15
13667.504787445068,3.4576852642062778e-15
13669.196367263794,3.768277211129616e-15
13670.889139175415,4.069702355739531e-15
13672.58071899414,3.673233761700579e-15
13674.273490905762,3.6890847127590224e-15
13675.965070724487,3.5907187765943805e-15
13677.656650543213,4.402316524016771e-15
13679.349422454834,4.829399853384809e-15
13681.04100227356,4.321642141504956e-15
13682.73377418518,3.836425670417434e-15
13684.425354003906,3.962523041758708e-15
13686.116933822632,4.571008217660148e-15
13687.809705734253,4.4433294358063504e-15
13689.501285552979,3.93886710560779e-15
13691.192865371704,3.751279800977064e-15
13692.88444519043,3.745645761328402e-15
13694.57721710205,3.7208395544351125e-15
13696.268796920776,3.47577852323434e-15
13697.960376739502,3.4013859488176e-15
13699.651956558228,4.002866797519957e-15
13701.343536376953,4.202749632413027e-15
13703.035116195679,3.998757417176353e-15
13704.7278881073,3.922879782244839e-15
13706.419467926025,3.810898214969558e-15
13708.111047744751,3.716695022224197e-15
13709.802627563477,4.1365095383553725e-15
13711.494207382202,4.773006517338986e-15
13713.185787200928,4.6762300384998665e-15
13714.877367019653,4.123508429647966e-15
13716.568946838379,3.949774348869584e-15
13718.260526657104,3.8427250544461646e-15
13719.95210647583,3.827335312827501e-15
13721.643686294556,4.014831984932871e-15
13723.335266113281,4.464909294203548e-15
13725.025653839111,4.032410036170766e-15
13726.717233657837,3.600602380539417e-15
13728.408813476562,3.644700186322897e-15
13730.100393295288,3.748565907414061e-15
13731.791973114014,3.709630767444096e-15
13733.48355293274,3.836475221844849e-15
13735.17394065857,3.970074763999954e-15
13736.865520477295,3.699696765038698e-15
13738.55710029602,3.634906367870269e-15
13740.248680114746,3.654532121258151e-15
13741.939067840576,3.5100884397958228e-15
13743.630647659302,3.59039648055795e-15
13745.322227478027,3.706444229496526e-15
13747.013807296753,3.5736133697410535e-15
13748.704195022583,3.779419082517799e-15
13750.395774841309,4.044404022703887e-15
13752.086162567139,3.711536168058945e-15
13753.777742385864,3.5248689529671735e-15
13755.46932220459,3.3877809056188013e-15
13757.15970993042,3.34291695853453e-15
13758.851289749146,3.4749105262216412e-15
13760.541677474976,3.799983348411239e-15
13762.233257293701,3.8435373590425814e-15
13763.923645019531,3.5477708180367985e-15
13765.615224838257,3.566095952334172e-15
13767.305612564087,3.572771842507956e-15
13768.996000289917,3.651351089024738e-15
13770.687580108643,4.187289163543268e-15
13772.377967834473,4.425831429181971e-15
13774.069547653198,3.823556275333326e-15
13775.759935379028,3.5086880825757746e-15
13777.450323104858,3.4319477445874822e-15
13779.141902923584,3.389389421185637e-15
13780.832290649414,3.4387250669567007e-15
13782.522678375244,3.5309584845832215e-15
13784.21425819397,3.3881656703350915e-15
13785.9046459198,3.3447598904695185e-15
13787.59503364563,4.467343666893957e-15
13789.28542137146,4.62667861108549e-15
13790.97580909729,3.99692740249381e-15
13792.667388916016,3.7742492169242324e-15
13794.357776641846,3.629125791521732e-15
13796.048164367676,3.5154298295612084e-15
13797.738552093506,3.4181690596344965e-15
13799.428939819336,3.391087722244882e-15
13801.119327545166,3.61552964216888e-15
13802.809715270996,3.788289211541446e-15
13804.500102996826,3.5217421308423843e-15
13806.190490722656,3.6426164852726515e-15
13807.880878448486,4.577797610248865e-15
13809.571266174316,5.439946707479866e-15
13811.261653900146,5.016035940015769e-15
13812.952041625977,4.119648076990855e-15
13814.642429351807,3.5695243181881834e-15
13816.332817077637,3.243220968884462e-15
13818.023204803467,3.229329205033018e-15
13819.713592529297,3.794710568314581e-15
13821.403980255127,3.81373577534286e-15
13823.094367980957,3.5990607805754145e-15
13824.783563613892,3.7655412947099846e-15
13826.473951339722,2.98058485106111e-15
13828.164339065552,3.654807830482483e-15
13829.854726791382,6.415529186457741e-15
13831.545114517212,4.236418768549912e-15
13833.234310150146,3.624340902402693e-15
13834.924697875977,3.478932026896968e-15
13836.615085601807,3.5004847802398535e-15
13838.304281234741,3.762092600065239e-15
13839.994668960571,4.597107843863895e-15
13841.685056686401,3.901792049989996e-15
13843.374252319336,3.676405053055099e-15
13845.064640045166,3.6713669010848306e-15
13846.755027770996,3.415718381559853e-15
13848.44422340393,3.500363654528396e-15
13850.13461112976,4.0947940127360454e-15
13851.823806762695,4.905017025685042e-15
13853.514194488525,4.578908493959189e-15
13855.20339012146,3.885520123556767e-15
13856.89377784729,3.5547020886441804e-15
13858.582973480225,3.980947702427384e-15
13860.273361206055,3.824279641470281e-15
13861.96255683899,3.438132779168333e-15
13863.65294456482,3.6271716865124166e-15
13865.342140197754,3.9292037302290396e-15
13867.031335830688,3.6227849028785866e-15
13868.721723556519,3.352903900499132e-15
13870.410919189453,3.4058904700310982e-15
13872.101306915283,3.5512453471864356e-15
13873.790502548218,3.4157463336471124e-15
13875.479698181152,3.275391703737654e-15
13877.168893814087,3.2529002261309737e-15
13878.859281539917,3.5787180137976816e-15
13880.548477172852,3.965645205202288e-15
13882.237672805786,4.988161779787524e-15
13883.92686843872,4.923203670095539e-15
13885.61725616455,3.998170423343906e-15
13887.306451797485,3.401291292885744e-15
13888.99564743042,3.2922205543337024e-15
13890.684843063354,3.34402678345367e-15
13892.374038696289,3.2213363903844895e-15
13894.063234329224,3.06487479370828e-15
13895.752429962158,2.9475675067771375e-15
13897.441625595093,2.80613820381585e-15
13899.130821228027,3.307438771780547e-15
13900.820016860962,3.5424084642059683e-15
13902.509212493896,3.3072503069497827e-15
13904.198408126831,3.222462520687864e-15
13905.887603759766,3.1617476225451495e-15
13907.5767993927,3.3859756666499655e-15
13909.265995025635,3.4970672140559192e-15
13910.95519065857,3.4382221411442685e-15
13912.644386291504,3.3170564073801458e-15
13914.333581924438,3.1647192258823544e-15
13916.022777557373,3.2677171617190564e-15
13917.711973190308,3.4694338229429317e-15
13919.401168823242,3.3024910405773976e-15
13921.089172363281,3.405462294876261e-15
13922.778367996216,3.1796983682798362e-15
13924.46756362915,4.18917635294975e-15
13926.156759262085,5.267046530638055e-15
13927.84595489502,4.4740051575076385e-15
13929.533958435059,3.811064656943693e-15
13931.223154067993,3.4735940252633712e-15
13932.912349700928,3.1400724729413855e-15
13934.600353240967,3.0279547451198333e-15
13936.289548873901,2.987980719240061e-15
13937.978744506836,3.0001081134623745e-15
13939.666748046875,3.37405643077444e-15
13941.35594367981,3.4177828126105486e-15
13943.045139312744,3.2552947882728616e-15
13944.733142852783,3.0110356855149022e-15
13946.422338485718,3.146260260379315e-15
13948.110342025757,3.3805224685355423e-15
13949.799537658691,3.818765033467182e-15
13951.48754119873,4.046429278480772e-15
13953.176736831665,3.940182547774876e-15
13954.864740371704,3.994668365623483e-15
13956.553936004639,4.492973613328451e-15
13958.241939544678,4.183837080766733e-15
13959.931135177612,3.674036748934576e-15
13961.619138717651,3.2107393729396277e-15
13963.30714225769,3.155124883688805e-15
13964.996337890625,4.906631046966035e-15
13966.684341430664,4.265691803690547e-15
13968.372344970703,3.596493423712287e-15
13970.061540603638,3.114035103659262e-15
13971.749544143677,3.1690215179796958e-15
13973.437547683716,3.618157561887736e-15
13975.125551223755,3.2087653626560516e-15
13976.81474685669,3.0478814069622275e-15
13978.502750396729,2.9208342999288445e-15
13980.190753936768,2.8841020808964514e-15
13981.878757476807,3.1590665515088528e-15
13983.567953109741,3.310727165440025e-15
13985.25595664978,3.3983669116353487e-15
13986.94396018982,3.206088738542728e-15
13988.631963729858,3.0736208324051544e-15
13990.319967269897,3.1816279093336815e-15
13992.007970809937,3.306485436198412e-15
13993.695974349976,3.2549542810280654e-15
13995.383977890015,3.846846716767504e-15
13997.071981430054,3.987773093916359e-15
13998.759984970093,3.3073504685957955e-15
14000.447988510132,3.57512151190364e-15
14002.13599205017,3.795393276870068e-15
14003.82399559021,3.4302312323198714e-15
14005.511999130249,3.838376387294961e-15
14007.200002670288,5.066664369822579e-15
14008.888006210327,4.635811743839259e-15
14010.576009750366,3.788283282310815e-15
14012.264013290405,3.5272313278570657e-15
14013.952016830444,3.89846363402376e-15
14015.640020370483,4.548700757961259e-15
14017.326831817627,4.205031115656456e-15
14019.014835357666,3.72057189202378e-15
14020.702838897705,3.3392749286195733e-15
14022.390842437744,3.2273598534306516e-15
14024.078845977783,3.0121097232920207e-15
14025.765657424927,3.0055170541053037e-15
14027.453660964966,3.138977894615296e-15
14029.141664505005,3.1949724899011994e-15
14030.828475952148,3.2613682262629118e-15
14032.516479492188,3.277229553474959e-15
14034.204483032227,3.0296833276069425e-15
14035.89129447937,2.8153439696448467e-15
14037.57929801941,2.801006666463147e-15
14039.267301559448,2.7478498433087823e-15
14040.954113006592,3.0724828436405182e-15
14042.64211654663,3.3238957749127506e-15
14044.328927993774,3.3064193676285263e-15
14046.016931533813,3.4092796606112995e-15
14047.703742980957,2.8594045059786473e-15
14049.391746520996,3.020058492227292e-15
14051.07855796814,4.343267316164832e-15
14052.766561508179,3.8262604280174355e-15
14054.453372955322,3.6038587987051365e-15
14056.141376495361,3.1043827397088256e-15
14057.828187942505,2.99647391860218e-15
14059.514999389648,3.036978610623407e-15
14061.203002929688,2.9258173947575416e-15
14062.889814376831,3.104147264549489e-15
14064.57781791687,2.877410944129616e-15
14066.264629364014,2.7403644013956592e-15
14067.951440811157,2.9009247905036322e-15
14069.6382522583,3.1955414842835175e-15
14071.32625579834,3.4517232110487916e-15
14073.013067245483,3.923037330373028e-15
14074.699878692627,4.089647864065002e-15
14076.387882232666,3.719997603685542e-15
14078.07469367981,3.121452359420131e-15
14079.761505126953,2.862679770627443e-15
14081.448316574097,2.7369129538938348e-15
14083.13512802124,2.990397939513288e-15
14084.821939468384,3.235575437744308e-15
14086.509943008423,2.9848077338196465e-15
14088.196754455566,2.723405954758681e-15
14089.88356590271,3.1034738733564217e-15
14091.570377349854,3.186858337782977e-15
14093.257188796997,2.8603436537589155e-15
14094.94400024414,3.390740015220034e-15
14096.630811691284,3.6522807076843494e-15
14098.317623138428,3.1261840972217304e-15
14100.004434585571,3.337791773928931e-15
14101.691246032715,2.953525960044598e-15
14103.378057479858,2.690072031910672e-15
14105.064868927002,2.7342801637355316e-15
14106.751680374146,2.9224813554947805e-15
14108.438491821289,2.645556427125959e-15
14110.124111175537,2.609204525886883e-15
14111.81092262268,2.8504704259674826e-15
14113.497734069824,2.8058798587669376e-15
14115.184545516968,2.8160131256731776e-15
14116.871356964111,2.8506046806896224e-15
14118.558168411255,2.7207270013047524e-15
14120.243787765503,2.6467454496256673e-15
14121.930599212646,2.6021718230840674e-15
14123.61741065979,3.3036057359359843e-15
14125.304222106934,3.1975349763248805e-15
14126.989841461182,2.918923181841602e-15
14128.676652908325,2.744157203175227e-15
14130.363464355469,2.6959972391349526e-15
14132.049083709717,2.7673457888974977e-15
14133.73589515686,2.7221944858858704e-15
14135.422706604004,2.8677280869930785e-15
14137.108325958252,3.203786291233854e-15
14138.795137405396,2.8922244915859097e-15
14140.481948852539,2.544583958824379e-15
14142.167568206787,3.398760570197585e-15
14143.85437965393,3.425119176724955e-15
14145.539999008179,2.7356807327138166e-15
14147.226810455322,3.1697770713686466e-15
14148.91242980957,3.54692738497957e-15
14150.599241256714,2.802915878726258e-15
14152.284860610962,2.5343530713709678e-15
14153.971672058105,2.9245178344582167e-15
14155.657291412354,2.9073262420025066e-15
14157.342910766602,2.6825918839534692e-15
14159.029722213745,2.5951429319295144e-15
14160.715341567993,2.5856783975351317e-15
14162.402153015137,2.682638894282042e-15
14164.087772369385,2.582160246188711e-15
14165.773391723633,2.681220114095391e-15
14167.460203170776,2.806670140506726e-15
14169.145822525024,2.7581421406508693e-15
14170.831441879272,2.8323634026540274e-15
14172.51706123352,2.7863686665851716e-15
14174.203872680664,2.5241408186423963e-15
14175.889492034912,2.7910284065862543e-15
14177.57511138916,3.2367398962885457e-15
14179.260730743408,2.737441925969395e-15
14180.947542190552,2.7889074360863296e-15
14182.6331615448,2.8479659613006884e-15
14184.318780899048,2.6709193464238314e-15
14186.004400253296,2.6458431477786046e-15
14187.690019607544,2.8131755652998757e-15
14189.375638961792,2.8858139344828523e-15
14191.06125831604,3.4298030571650344e-15
14192.746877670288,3.1288806266093145e-15
14194.432497024536,3.100644148037882e-15
14196.118116378784,3.1362703537993978e-15
14197.803735733032,3.0081146923962958e-15
14199.48935508728,2.7890243266330507e-15
14201.174974441528,3.123994728811315e-15
14202.860593795776,2.7190784634311587e-15
14204.546213150024,2.490125881304795e-15
14206.231832504272,2.6345932796896466e-15
14207.91745185852,2.840069920166384e-15
14209.603071212769,2.65777170101655e-15
14211.288690567017,2.7069065999791144e-15
14212.974309921265,2.9792384921914494e-15
14214.659929275513,2.7847944558526995e-15
14216.34554862976,2.967403112577702e-15
14218.31727027893,2.727314588293786e-15
14220.465421676636,2.631631628989572e-15
14222.61357307434,2.727586062353381e-15
14224.761724472046,2.6518179064302996e-15
14226.909875869751,2.7445180392107575e-15
14229.058027267456,2.8457738400331943e-15
14231.206178665161,2.6273782530449345e-15
14233.354330062866,2.9831437375947654e-15
14235.502481460571,3.0217989331756626e-15
14237.650632858276,2.698328909080507e-15
14239.798784255981,2.9241944796306023e-15
14241.945743560791,2.996391121131586e-15
14244.093894958496,2.8807224194369067e-15
14246.242046356201,2.9253936665256776e-15
14248.390197753906,2.8666728956990364e-15
14250.537157058716,2.8572608773473835e-15
14252.68530845642,2.773889330173274e-15
14254.833459854126,2.7921132440334503e-15
14256.981611251831,2.9600610309909016e-15
14259.12857055664,3.00029382543606e-15
14261.276721954346,2.9138824887724917e-15
14263.423681259155,2.6929237800858404e-15
14265.57183265686,2.6638821966980426e-15
14267.719984054565,2.5696919212051276e-15
14269.866943359375,2.656783637083578e-15
14272.01509475708,2.7444500648167404e-15
14274.16205406189,2.959790192206017e-15
14276.310205459595,2.847108975716304e-15
14278.457164764404,2.962820876091293e-15
14280.60531616211,2.80889084913619e-15
14282.752275466919,3.0675575588104713e-15
14284.899234771729,3.1184394632267475e-15
14287.047386169434,3.031851096677203e-15
14289.194345474243,2.903562451101382e-15
14291.341304779053,2.9416814748266674e-15
14293.489456176758,2.8578245777737812e-15
14295.636415481567,2.853531179522386e-15
14297.783374786377,2.8642508049863628e-15
14299.930334091187,2.9459579324191175e-15
14302.078485488892,2.8780817942238414e-15
14304.225444793701,2.726518377323367e-15
14306.37240409851,2.7495532265657107e-15
14308.51936340332,2.8185178020982086e-15
14310.66632270813,2.988171725169667e-15
14312.81328201294,3.3236713111817282e-15
14314.960241317749,3.1834774057740113e-15
14317.108392715454,3.2282570730800307e-15
14319.255352020264,3.1146489907877845e-15
14321.402311325073,2.786418429770823e-15
14323.549270629883,2.7471360062924837e-15
14325.696229934692,3.291064566118937e-15
14327.843189239502,3.096804759446215e-15
14329.988956451416,3.00575189398993e-15
14332.135915756226,3.064541909760009e-15
14334.282875061035,3.0002999664249276e-15
14336.429834365845,2.9747612877905e-15
14338.576793670654,2.947086603821334e-15
14340.723752975464,2.8136571035303898e-15
14342.870712280273,2.7336999461666624e-15
14345.016479492188,2.9396695598187016e-15
14347.163438796997,2.9124764140800495e-15
14349.310398101807,2.9471594486547978e-15
14351.45616531372,2.93595807320207e-15
14353.60312461853,3.0114365438571903e-15
14355.75008392334,2.9712702414983914e-15
14357.895851135254,2.9411438206633977e-15
14360.042810440063,2.9158001713650754e-15
14362.189769744873,3.009626434448908e-15
14364.335536956787,2.934407579392121e-15
14366.482496261597,2.83194454486161e-15
14368.62826347351,2.7893673749766887e-15
14370.77522277832,2.8422899935211373e-15
14372.920989990234,2.9777307735453368e-15
14375.067949295044,2.8667503992137102e-15
14377.213716506958,2.9719491384056157e-15
14379.360675811768,3.1480513115462842e-15
14381.506443023682,2.873709198391878e-15
14383.652210235596,2.631895056236168e-15
14385.799169540405,2.630702222088197e-15
14387.94493675232,2.7161534469060528e-15
14390.090703964233,2.7116781483292347e-15
14392.237663269043,2.8907868649161823e-15
14394.383430480957,2.8839746024378896e-15
14396.529197692871,3.0629840044117717e-15
14398.674964904785,2.9147189338079053e-15
14400.821924209595,2.7963189743748047e-15
14402.967691421509,2.721089531406177e-15
14405.113458633423,2.7603850838951987e-15
14407.259225845337,2.7513370779526283e-15
14409.404993057251,2.755904703120697e-15
14411.550760269165,2.7301356315246163e-15
14413.69652748108,2.7448153477752438e-15
14415.842294692993,3.0445544733036494e-15
14417.989253997803,3.067751952871866e-15
14420.135021209717,2.9067900701468946e-15
14422.28078842163,2.8674523777687472e-15
14424.42536354065,2.886738894461254e-15
14426.571130752563,2.7601413501646263e-15
14428.716897964478,2.806041642059863e-15
14430.862665176392,2.977444264650928e-15
14433.008432388306,2.804771727913692e-15
14435.15419960022,2.7602696756561353e-15
14437.299966812134,2.889568408021557e-15
14439.445734024048,2.991306594107455e-15
14441.590309143066,3.0646700234932813e-15
14443.73607635498,3.011648090335767e-15
14445.881843566895,2.8779543157652797e-15
14448.027610778809,2.8390433162343116e-15
14450.172185897827,2.9058462636854165e-15
14452.317953109741,2.89339276177841e-15
14454.463720321655,2.8846689576964013e-15
14456.608295440674,2.9941092143716827e-15
14458.754062652588,3.1546143345798474e-15
14460.898637771606,2.9558548771330736e-15
14463.04440498352,2.9686778971633196e-15
14465.190172195435,2.938226427434817e-15
14467.334747314453,2.8187952053884344e-15
14469.480514526367,2.8384491226218127e-15
14471.625089645386,2.9034608071477116e-15
14473.769664764404,2.8677596389703637e-15
14475.915431976318,2.7972394874302333e-15
14478.060007095337,2.701492365380265e-15
14480.205774307251,2.643501736954157e-15
14482.35034942627,2.7226802592811208e-15
14484.494924545288,2.7462389984013414e-15
14486.640691757202,2.793884601684396e-15
14488.78526687622,2.898017349912182e-15
14490.92984199524,2.8019688958912277e-15
14493.075609207153,2.7494545472273556e-15
14495.220184326172,2.755423164890183e-15
14497.36475944519,2.7285125046394403e-15
14499.509334564209,2.7335565858403396e-15
14501.653909683228,2.7446213772303225e-15
14503.799676895142,2.8589655311537327e-15
14505.94425201416,2.7751975725603083e-15
14508.088827133179,3.007370573952133e-15
14510.233402252197,2.8430417352618255e-15
14512.377977371216,2.824033045376018e-15
14514.522552490234,2.6511760672145177e-15
14516.667127609253,2.545169893865642e-15
14518.811702728271,2.58415267943889e-15
14520.95627784729,2.5251466702672608e-15
14523.100852966309,2.483605633435068e-15
14525.245428085327,2.4861755313970377e-15
14527.390003204346,2.464915851453902e-15
14529.534578323364,2.578961426263405e-15
14531.679153442383,2.649913776364872e-15
14533.822536468506,2.5561887337182364e-15
14535.967111587524,2.521403843431581e-15
14538.111686706543,2.594451541286318e-15
14540.256261825562,2.6397595453931874e-15
14542.40083694458,2.6282009337949552e-15
14544.544219970703,2.5987762797567617e-15
14546.688795089722,2.5944691172199736e-15
14548.83337020874,2.6848360977472195e-15
14550.976753234863,2.6932390881004558e-15
14553.121328353882,2.7901817971554737e-15
14555.2659034729,2.8755828352712044e-15
14557.409286499023,2.7691476397345444e-15
14559.553861618042,2.6773220684721266e-15
14561.697244644165,2.658365894629049e-15
14563.841819763184,2.6439430411196764e-15
14565.985202789307,2.595690750488151e-15
14568.129777908325,2.5328811398668766e-15
14570.273160934448,2.542240430417563e-15
14572.417736053467,2.6112920385853913e-15
14574.56111907959,2.6356586353790557e-15
14576.705694198608,2.5663402118328424e-15
14578.849077224731,2.6896599503818328e-15
14580.992460250854,2.625465864408271e-15
14583.137035369873,2.6060940091463284e-15
14585.280418395996,2.5694251058267425e-15
14587.42380142212,2.557067318642776e-15
14589.568376541138,2.5488222999342025e-15
14591.71175956726,2.5721841038941866e-15
14593.855142593384,2.597729982308666e-15
14595.998525619507,2.583372350336232e-15
14598.14190864563,2.5208683068506793e-15
14600.286483764648,2.53775348513772e-15
14602.429866790771,2.6058259232185224e-15
14604.573249816895,2.775895527708846e-15
14606.716632843018,2.6960188384751076e-15
14608.86001586914,2.6344685540881634e-15
14611.003398895264,2.5928925771468965e-15
14613.146781921387,2.6090584127034817e-15
14615.29016494751,2.663874785159754e-15
14617.433547973633,2.6903994101447858e-15
14619.576930999756,2.6662619357633536e-15
14621.720314025879,2.623380681050368e-15
14623.863697052002,2.5252231149907505e-15
14626.007080078125,2.5203638987305894e-15
14628.150463104248,2.6251630501296277e-15
14630.293846130371,2.639256831338992e-15
14632.437229156494,2.629705052551042e-15
14634.579420089722,2.6766518536526116e-15
14636.722803115845,2.6161294437471606e-15
14638.866186141968,2.613456207765626e-15
14641.00956916809,2.7184946459722636e-15
14643.151760101318,2.698976042252209e-15
14645.295143127441,2.648288108380854e-15
14647.438526153564,2.6490519203410407e-15
14649.580717086792,2.6077798164696013e-15
14651.724100112915,2.6126331034991316e-15
14653.867483139038,2.823467650883726e-15
14656.009674072266,2.7139128330023283e-15
14658.153057098389,2.6322328106238857e-15
14660.295248031616,2.6246429719000135e-15
14662.43863105774,2.738682405720649e-15
14664.580821990967,2.706234479335468e-15
14666.72420501709,2.7858896694534993e-15
14668.866395950317,2.777561641516095e-15
14671.00977897644,2.685977262885408e-15
14673.151969909668,2.633987439374123e-15
14675.295352935791,2.6077707108654183e-15
14677.437543869019,2.574414553402544e-15
14679.579734802246,2.5482202712669415e-15
14681.72311782837,2.5161234400383975e-15
14683.865308761597,2.513690761413883e-15
14686.007499694824,2.5702109406435577e-15
14688.150882720947,2.6665639030090497e-15
14690.293073654175,2.7002476504642747e-15
14692.435264587402,2.7074436188676736e-15
14694.57745552063,2.680001233684292e-15
14696.720838546753,2.7183502268547568e-15
14698.86302947998,2.7472986366183566e-15
14701.005220413208,2.761124120141678e-15
14703.147411346436,2.8823809099476306e-15
14705.289602279663,2.9854345382006146e-15
14707.43179321289,2.855645162000496e-15
14709.573984146118,2.809233685721591e-15
14711.716175079346,2.715052304074622e-15
14713.858366012573,2.701027767808696e-15
14716.0005569458,2.5997408385254476e-15
14718.142747879028,2.5184267343802188e-15
14720.284938812256,2.633906971244134e-15
14722.427129745483,2.6963974622025303e-15
14724.569320678711,2.781424958788522e-15
14726.711511611938,2.7886745020258346e-15
14728.853702545166,2.7951549393470405e-15
14730.995893478394,2.6958725135334694e-15
14733.136892318726,2.6731159146142986e-15
14735.279083251953,2.652144649389703e-15
14737.42127418518,2.616381012532495e-15
14739.563465118408,2.6397205818776137e-15
14741.70446395874,2.6256996455017133e-15
14743.846654891968,2.622703689967275e-15
14745.988845825195,2.582988220894652e-15
14748.129844665527,2.5512657782287944e-15
14750.272035598755,2.583893699115267e-15
14752.414226531982,2.6342911006857136e-15
14754.555225372314,2.7637283229380114e-15
14756.697416305542,2.7455099147919923e-15
14758.838415145874,2.656758649611634e-15
14760.980606079102,2.608781009413256e-15
14763.121604919434,2.659041826920958e-15
14765.263795852661,2.8130476633248403e-15
14767.404794692993,2.9318719862645153e-15
14769.54698562622,2.8232548338557283e-15
14771.687984466553,2.7473098598049077e-15
14773.83017539978,2.7483620864836343e-15
14775.971174240112,2.7793728097155615e-15
14778.112173080444,2.7194844039711303e-15
14780.254364013672,2.7324404081740953e-15
14782.395362854004,2.7380365430983676e-15
14784.536361694336,2.7523844341919082e-15
14786.678552627563,2.720520537023859e-15
14788.819551467896,2.698622829513204e-15
14790.960550308228,2.7447285268981502e-15
14793.10154914856,2.691950539229445e-15
14795.243740081787,2.6010336225611944e-15
14797.38473892212,2.7369542467500134e-15
14799.525737762451,2.808383052884311e-15
14801.666736602783,2.744557214484568e-15
14803.807735443115,2.731876284231224e-15
14805.948734283447,2.7137288150945373e-15
14808.08973312378,2.6330396095061454e-15
14810.230731964111,2.611518408140545e-15
14812.371730804443,2.661160044563804e-15
14814.512729644775,2.787730060289646e-15
14816.653728485107,2.800650700867063e-15
14818.79472732544,2.887656866417841e-15
14820.935726165771,2.869579065741066e-15
14823.076725006104,2.751696431680501e-15
14825.217723846436,2.6520057359863533e-15
14827.358722686768,2.707151392500871e-15
14829.4997215271,2.737638437613158e-15
14831.639528274536,2.7477316822126403e-15
14833.780527114868,2.764409125669367e-15
14835.9215259552,2.75324692549045e-15
14838.062524795532,2.667156614313891e-15
14840.202331542969,2.691812261100806e-15
14842.3433303833,2.664237103502942e-15
14844.484329223633,2.5063251746627966e-15
14846.62413597107,2.4064851894116954e-15
14848.765134811401,2.3734295168868595e-15
14850.906133651733,2.4937353004512823e-15
14853.04594039917,2.5577845437908635e-15
14855.186939239502,2.579137609116434e-15
14857.326745986938,2.5906411635730946e-15
14859.46774482727,2.6100130188350373e-15
14861.608743667603,2.7490547476762515e-15
14863.748550415039,2.8511078182602914e-15
14865.888357162476,2.8029292194951773e-15
14868.029356002808,2.6782794274607608e-15
14870.169162750244,2.6360440353700564e-15
14872.310161590576,2.6294716949740735e-15
14874.449968338013,2.6744514738138818e-15
14876.58977508545,2.7428184676020918e-15
14878.730773925781,2.7391762259288983e-15
14880.870580673218,2.6916398898960397e-15
14883.010387420654,2.7074700886472753e-15
14885.151386260986,2.735831292820191e-15
14887.291193008423,2.788563964226218e-15
14889.43099975586,2.852652171081373e-15
14891.570806503296,2.8685706730173597e-15
14893.711805343628,2.8003025703257417e-15
14895.851612091064,2.775251359152459e-15
14897.991418838501,2.818469732978452e-15
14900.131225585938,2.7783150773226777e-15
14902.271032333374,2.6782048885614024e-15
14904.41083908081,2.6364474348111863e-15
14906.550645828247,2.7079251570981877e-15
14908.690452575684,2.763763898321796e-15
14910.83025932312,2.8507351237634995e-15
14912.970066070557,2.8092296623150916e-15
14915.109872817993,2.641599089196387e-15
14917.24967956543,2.6537866227579554e-15
14919.389486312866,2.7119398815099362e-15
14921.529293060303,2.7171859800687558e-15
14923.66909980774,2.752158699911465e-15
14925.808906555176,2.7423949511284646e-15
14927.948713302612,2.7046541276141284e-15
14930.087327957153,2.7271676280774372e-15
14932.22713470459,2.781942919435768e-15
14934.366941452026,2.8439016854615255e-15
14936.506748199463,2.8223934013483706e-15
14938.6465549469,2.7260791907402155e-15
14940.78516960144,2.62656446614086e-15
14942.924976348877,2.7097941352963043e-15
14945.064783096313,2.8257355815999993e-15
14947.203397750854,2.8708811671392326e-15
14949.343204498291,2.8451728701571173e-15
14951.481819152832,2.721586316229742e-15
14953.621625900269,2.7306724386549387e-15
14955.761432647705,2.849938489276607e-15
14957.900047302246,3.0044222640209775e-15
14960.039854049683,3.0075495096622403e-15
14962.178468704224,2.916224111355176e-15
14964.31827545166,2.8430919219639503e-15
14966.456890106201,2.7231361747649804e-15
14968.596696853638,2.6929517321730998e-15
14970.735311508179,2.7072464719492e-15
14972.87392616272,2.6962850185787823e-15
14975.013732910156,2.735069174925899e-15
14977.152347564697,2.751072803673085e-15
14979.290962219238,2.745081104362445e-15
14981.430768966675,2.7315326006128755e-15
14983.569383621216,2.6944185814795074e-15
14985.707998275757,2.6140211787414446e-15
14987.846612930298,2.5818326561963603e-15
14989.986419677734,2.597892189118065e-15
14992.125034332275,2.5685810374948036e-15
14994.263648986816,2.537918233045961e-15
14996.402263641357,2.5788504649473147e-15
14998.540878295898,2.598130628892717e-15
15000.67949295044,2.58041451128442e-15
15002.81810760498,2.5320506240620938e-15
15004.957914352417,2.4422668257190324e-15
15007.096529006958,2.3931848663156716e-15
15009.235143661499,2.4718352636000224e-15
15011.37375831604,2.534516336971551e-15
15013.512372970581,2.4999050884390826e-15
15015.650987625122,2.4055811934987383e-15
15017.788410186768,2.3482072050582314e-15
15019.927024841309,2.3832074534717263e-15
15022.06563949585,2.4357084613666792e-15
15024.20425415039,2.495299770304861e-15
15026.342868804932,2.559618581879906e-15
15028.481483459473,2.56784094245714e-15
15030.620098114014,2.5486941862009303e-15
15032.75752067566,2.6371629658933794e-15
15034.8961353302,2.7205256192215426e-15
15037.034749984741,2.786297727575839e-15
15039.173364639282,2.762064750229604e-15
15041.310787200928,2.7206520388889203e-15
15043.449401855469,2.638835220689496e-15
15045.58801651001,2.6203857843071134e-15
15047.725439071655,2.684559541489941e-15
15049.864053726196,2.7847601510183357e-15
15052.001476287842,2.8301992334737926e-15
15054.140090942383,2.792399964686096e-15
15056.278705596924,2.7553852601657934e-15
15058.41612815857,2.625963496264783e-15
15060.55474281311,2.5633311272877215e-15
15062.692165374756,2.5609026838279434e-15
15064.830780029297,2.521024160912974e-15
15066.968202590942,2.556049396798413e-15
15069.105625152588,2.585155354690202e-15
15071.244239807129,2.605765148604557e-15
15073.381662368774,2.689402875882341e-15
15075.520277023315,2.7461466718100907e-15
15077.657699584961,2.750213912264569e-15
15079.795122146606,2.7427941154048582e-15
15081.932544708252,2.7007863634187284e-15
15084.071159362793,2.6907441525543183e-15
15086.208581924438,2.6957532936461434e-15
15088.346004486084,2.7223920563208175e-15
15090.48342704773,2.700166758817812e-15
15092.62204170227,2.6325612476491836e-15
15094.759464263916,2.6006007887251475e-15
15096.896886825562,2.609630371701115e-15
15099.034309387207,2.6403831734006034e-15
15101.171731948853,2.6219453837212454e-15
15103.309154510498,2.569471057364131e-15
15105.446577072144,2.5845219858038927e-15
15107.583999633789,2.663208381988502e-15
15109.721422195435,2.599273699855037e-15
15111.85884475708,2.4963558086318503e-15
15113.996267318726,2.5161484275103415e-15
15116.133689880371,2.602110836711865e-15
15118.271112442017,2.697009019990448e-15
15120.408535003662,2.7251612187836286e-15
15122.545957565308,2.6938313758888234e-15
15124.683380126953,2.678211241308507e-15
15126.820802688599,2.6788031055804008e-15
15128.957033157349,2.611044493206556e-15
15131.094455718994,2.5712006986424243e-15
15133.23187828064,2.6280861608306023e-15
15135.369300842285,2.652159260708043e-15
15137.505531311035,2.6658284666525962e-15
15139.64295387268,2.703384425226194e-15
15141.780376434326,2.6670697934367974e-15
15143.916606903076,2.6747460295212895e-15
15146.054029464722,2.648408810575838e-15
15148.191452026367,2.626400777023803e-15
15150.327682495117,2.6327249367662404e-15
15152.465105056763,2.6409381917392918e-15
15154.601335525513,2.663267039020099e-15
15156.738758087158,2.643066785535742e-15
15158.874988555908,2.608683177107848e-15
15161.012411117554,2.605376783998241e-15
15163.148641586304,2.573176614750132e-15
15165.28606414795,2.565855497228776e-15
15167.4222946167,2.6189837330211707e-15
15169.559717178345,2.703924196971832e-15
15171.695947647095,2.733509787270004e-15
15173.832178115845,2.668927548448363e-15
15175.96960067749,2.5793629198804036e-15
15178.10583114624,2.583169909461838e-15
15180.24206161499,2.6087816446879663e-15
15182.379484176636,2.648759482216001e-15
15184.515714645386,2.6378751088437834e-15
15186.651945114136,2.6461465973319585e-15
15188.788175582886,2.617809957114513e-15
15190.925598144531,2.5780428190321078e-15
15193.061828613281,2.582454378379645e-15
15195.198059082031,2.644326323528309e-15
15197.334289550781,2.7127744207212185e-15
15199.470520019531,2.79187734535764e-15
15201.606750488281,2.804536888029066e-15
15203.742980957031,2.7933088310384997e-15
15205.879211425781,2.7596507063299292e-15
15208.015441894531,2.690127724326954e-15
15210.151672363281,2.6250984638673995e-15
15212.287902832031,2.697029348781182e-15
15214.424133300781,2.7742292021433598e-15
15216.560363769531,2.7546015429313463e-15
15218.696594238281,2.6445787393465908e-15
15220.832824707031,2.572784438495553e-15
15222.969055175781,2.6286106859831895e-15
15225.105285644531,2.6769629265024908e-15
15227.241516113281,2.6307333505490088e-15
15229.376554489136,2.6519089624721295e-15
15231.512784957886,2.6064588685883582e-15
15233.649015426636,2.6084064090923327e-15
15235.785245895386,2.6628568633153913e-15
15237.92028427124,2.7340529471474306e-15
15240.05651473999,2.7488171549345467e-15
15242.19274520874,2.690676389918538e-15
15244.327783584595,2.5757418540308915e-15
15246.464014053345,2.5112278013615045e-15
15248.600244522095,2.55940364726954e-15
15250.73528289795,2.60016731961439e-15
15252.8715133667,2.6390844601342257e-15
15255.006551742554,2.6766385128836924e-15
15257.142782211304,2.638533041685563e-15
15259.277820587158,2.572426567075338e-15
15261.414051055908,2.5082551392331155e-15
15263.549089431763,2.5045442878911944e-15
15265.685319900513,2.516135510257896e-15
15267.820358276367,2.584880492498818e-15
15269.956588745117,2.7298732630692043e-15
15272.091627120972,2.7725565238307694e-15
15274.226665496826,2.6919499039547348e-15
15276.362895965576,2.610230282786008e-15
15278.49793434143,2.648355447500161e-15
15280.632972717285,2.7559470547680598e-15
15282.76801109314,2.801705045128158e-15
15284.90424156189,2.791926049752107e-15
15287.039279937744,2.797050175566522e-15
15289.174318313599,2.7831463414955794e-15
15291.309356689453,2.7189323502477573e-15
15293.444395065308,2.687455970653077e-15
15295.580625534058,2.6881770074494273e-15
15297.715663909912,2.6611833379698536e-15
15299.850702285767,2.6141806326937652e-15
15301.985740661621,2.619154833676516e-15
15304.120779037476,2.629823213647184e-15
15306.25581741333,2.6567929544459978e-15
15308.390855789185,2.6188350787389276e-15
15310.525894165039,2.5506779373634e-15
15312.660932540894,2.5996205598469374e-15
15314.795970916748,2.6685131375789187e-15
15316.931009292603,2.5989130755777433e-15
15319.066047668457,2.6001768487350467e-15
15321.201086044312,2.6217501426269033e-15
15323.33493232727,2.546146734612063e-15
15325.469970703125,2.543505897640761e-15
15327.60500907898,2.6117144962678343e-15
15329.740047454834,2.657133249932557e-15
15331.875085830688,2.808380723543706e-15
15334.008932113647,2.8490006120457595e-15
15336.143970489502,2.828772194715906e-15
15338.279008865356,2.758721722945028e-15
15340.414047241211,2.687183649560535e-15
15342.54789352417,2.662475698489127e-15
15344.682931900024,2.6522579400463982e-15
15346.817970275879,2.669497601621865e-15
15348.951816558838,2.7054060811130534e-15
15351.086854934692,2.6769868551832507e-15
15353.220701217651,2.5883183874734865e-15
15355.355739593506,2.5575757501693653e-15
15357.489585876465,2.599185820186759e-15
15359.62462425232,2.6318539751382262e-15
15361.758470535278,2.6042877113863086e-15
15363.893508911133,2.5579867729070204e-15
15366.027355194092,2.544226934437111e-15
15368.162393569946,2.5502101634182787e-15
15370.296239852905,2.573265976726067e-15
15372.430086135864,2.5722808774084104e-15
15374.565124511719,2.5727020645414326e-15
15376.698970794678,2.6103850780571187e-15
15378.832817077637,2.670240661274844e-15
15380.967855453491,2.675804185430647e-15
15383.10170173645,2.600553778396575e-15
15385.23554801941,2.5632923755303846e-15
15387.369394302368,2.5644581046240433e-15
15389.504432678223,2.5433326794030474e-15
15391.638278961182,2.5401508001366866e-15
15393.77212524414,2.6424035587380417e-15
15395.9059715271,2.8141661703316896e-15
15398.039817810059,2.791839652391487e-15
15400.173664093018,2.6323931116091536e-15
15402.307510375977,2.5105484809378065e-15
15404.441356658936,2.517740214176469e-15
15406.575202941895,2.6055783778396874e-15
15408.709049224854,2.6783344846023323e-15
15410.842895507812,2.7233892258579726e-15
15412.976741790771,2.7092609280560077e-15
15415.11058807373,2.656918738838665e-15
15417.24443435669,2.585350807542781e-15
15419.378280639648,2.5838225483476975e-15
15421.512126922607,2.6155534613430276e-15
15423.645973205566,2.635364079671648e-15
15425.779819488525,2.627076497557475e-15
15427.912473678589,2.633833067619486e-15
15430.046319961548,2.690295860366984e-15
15432.180166244507,2.771357548693931e-15
15434.314012527466,2.7807630025402427e-15
15436.44666671753,2.787099656018652e-15
15438.580513000488,2.701632125816562e-15
15440.714359283447,2.6303598090192696e-15
15442.848205566406,2.6365198561281765e-15
15444.98085975647,2.647594176638816e-15
15447.114706039429,2.694748289054226e-15
15449.247360229492,2.710207910891038e-15
15451.381206512451,2.6937189322650754e-15
15453.51505279541,2.693772718857226e-15
15455.647706985474,2.7061885277980795e-15
15457.781553268433,2.6594384500985098e-15
15459.914207458496,2.64341978651651e-15
15462.048053741455,2.673322167136955e-15
15464.180707931519,2.681722192874876e-15
15466.313362121582,2.652270857298844e-15
15468.447208404541,2.663270638910125e-15
15470.579862594604,2.69191898725216e-15
15472.713708877563,2.6816830176010654e-15
15474.846363067627,2.6660018966485465e-15
15476.97901725769,2.6120878260393367e-15
15479.11286354065,2.5487903244404437e-15
15481.245517730713,2.5460669017567843e-15
15483.378171920776,2.6330112339024124e-15
15485.51082611084,2.701065249016612e-15
15487.644672393799,2.694005652917721e-15
15489.777326583862,2.707807843034993e-15
15491.909980773926,2.7529949331886417e-15
15494.04263496399,2.7031658907258026e-15
15496.175289154053,2.6486044751866536e-15
15498.307943344116,2.618187098534278e-15
15500.44059753418,2.6138769713821746e-15
15502.573251724243,2.600175366427389e-15
15504.705905914307,2.602149376710965e-15
15506.839752197266,2.612380475922613e-15
15508.97240638733,2.628370340384406e-15
15511.105060577393,2.613525664467301e-15
15513.23652267456,2.6354943109872884e-15
15515.369176864624,2.6679545193502045e-15
15517.501831054688,2.635050677481164e-15
15519.634485244751,2.592543387814391e-15
15521.767139434814,2.5175466671480216e-15
15523.899793624878,2.467943147207389e-15
15526.032447814941,2.5112720588329985e-15
15528.165102005005,2.5393639065286874e-15
15530.296564102173,2.5571657862228942e-15
15532.429218292236,2.550080567377349e-15
15534.5618724823,2.5050304848029184e-15
15536.694526672363,2.475594395819937e-15
15538.825988769531,2.509247438330824e-15
15540.958642959595,2.4691897679475104e-15
15543.091297149658,2.4374277264913686e-15
15545.222759246826,2.452702695145679e-15
15547.35541343689,2.4500940454263726e-15
15549.488067626953,2.4428650427380308e-15
15551.619529724121,2.4674417037026143e-15
15553.752183914185,2.4910830285351923e-15
15555.883646011353,2.542359862063126e-15
15558.016300201416,2.460517632875284e-15
15560.147762298584,2.346114398403803e-15
15562.280416488647,2.314498893647536e-15
15564.411878585815,2.3814115318653104e-15
15566.544532775879,2.48529482889013e-15
15568.675994873047,2.489144170118927e-15
15570.807456970215,2.4450203180723194e-15
15572.940111160278,2.4151052319576656e-15
15575.071573257446,2.4290916517409654e-15
15577.203035354614,2.463419779510814e-15
15579.335689544678,2.5203310762038833e-15
15581.467151641846,2.468693618398656e-15
15583.598613739014,2.50147231114974e-15
15585.730075836182,2.5335579191917328e-15
15587.862730026245,2.5529321037942804e-15
15589.994192123413,2.5411104884659258e-15
15592.125654220581,2.523491567888326e-15
15594.257116317749,2.575181329978046e-15
15596.388578414917,2.5871213181607794e-15
15598.520040512085,2.5720714485122018e-15
15600.651502609253,2.5812861081871445e-15
15602.784156799316,2.562268524455391e-15
15604.915618896484,2.5466617306439936e-15
15607.047080993652,2.5503444181404185e-15
15609.17854309082,2.5754466630487733e-15
15611.310005187988,2.504394998334241e-15
15613.441467285156,2.5632229188287097e-15
15615.572929382324,2.6136078266631845e-15
15617.703199386597,2.6483516358518982e-15
15619.834661483765,2.6596817603126086e-15
15621.966123580933,2.638568617069348e-15
15624.0975856781,2.618600450612538e-15
15626.229047775269,2.523173295258395e-15
15628.360509872437,2.478762299042668e-15
15630.490779876709,2.5145365238117166e-15
15632.622241973877,2.5287978057864004e-15
15634.753704071045,2.5644201998996537e-15
15636.885166168213,2.634314394091763e-15
15639.015436172485,2.6320104644752314e-15
15641.146898269653,2.588345069011325e-15
15643.278360366821,2.5644206234161273e-15
15645.408630371094,2.559256263536718e-15
15647.540092468262,2.5724695539974113e-15
15649.67155456543,2.5651406014212935e-15
15651.801824569702,2.5798309055837616e-15
15653.93328666687,2.642943754000153e-15
15656.063556671143,2.6502119319623055e-15
15658.19501876831,2.639412261884813e-15
15660.325288772583,2.5884808060411225e-15
15662.456750869751,2.5517278347015216e-15
15664.587020874023,2.490732145136792e-15
15666.718482971191,2.4751539386873647e-15
15668.848752975464,2.4985570355035274e-15
15670.979022979736,2.4869423079725396e-15
15673.110485076904,2.446176941561795e-15
15675.240755081177,2.4578740430469034e-15
15677.37102508545,2.4622879317350455e-15
15679.502487182617,2.444057665127765e-15
15681.63275718689,2.4479540166851346e-15
15683.763027191162,2.4894867949460915e-15
15685.89448928833,2.5159292577352395e-15
15688.024759292603,2.5755101905198174e-15
15690.155029296875,2.5624766828021787e-15
15692.285299301147,2.5548027760582915e-15
15694.41556930542,2.5568085500773897e-15
15696.545839309692,2.5502794083617168e-15
15698.67730140686,2.554309379366516e-15
15700.807571411133,2.579219347795844e-15
15702.937841415405,2.594629841721715e-15
15705.068111419678,2.5711801580934534e-15
15707.19838142395,2.5307423816750595e-15
15709.328651428223,2.513377359223399e-15
15711.458921432495,2.558730256076473e-15
15713.589191436768,2.52620736727546e-15
15715.71946144104,2.500399967438516e-15
15717.849731445312,2.4898675362558824e-15
15719.97880935669,2.4987829815422075e-15
15722.109079360962,2.568715715733417e-15
15724.239349365234,2.5779113171670465e-15
15726.369619369507,2.5993827553469958e-15
15728.49988937378,2.616026741002306e-15
15730.630159378052,2.55236925040083e-15
15732.759237289429,2.4638534603798083e-15
15734.889507293701,2.3806458140809925e-15
15737.019777297974,2.3151686849505774e-15
15739.150047302246,2.2780366663670802e-15
15741.279125213623,2.2403339593353704e-15
15743.409395217896,2.2408339205324873e-15
15745.539665222168,2.2017361502366497e-15
15747.668743133545,2.2011807083814876e-15
15749.799013137817,2.2465062884220125e-15
15751.928091049194,2.2986151200623866e-15
15754.058361053467,2.3059029915405626e-15
15756.18863105774,2.2770041332043772e-15
15758.317708969116,2.2360310319633186e-15
15760.447978973389,2.2743171329374498e-15
15762.577056884766,2.3147155223237964e-15
15764.706134796143,2.351592795748407e-15
15766.836404800415,2.386789132289191e-15
15768.965482711792,2.451716960553312e-15
15771.095752716064,2.4719199668947478e-15
15773.224830627441,2.4411853764036255e-15
15775.353908538818,2.4605887836428534e-15
15777.48417854309,2.4898810887830384e-15
15779.613256454468,2.5218858051785685e-15
15781.742334365845,2.511879169697943e-15
15783.872604370117,2.4823477895083955e-15
15786.001682281494,2.448723546117715e-15
15788.130760192871,2.4400418819248322e-15
15790.259838104248,2.446502837488251e-15
15792.388916015625,2.4274471372738712e-15
15794.519186019897,2.4261067076348413e-15
15796.648263931274,2.400459820541402e-15
15798.777341842651,2.3820146193237555e-15
15800.906419754028,2.368814034357271e-15
15803.035497665405,2.4148157584479414e-15
15805.164575576782,2.4290255831710796e-15
15807.29365348816,2.3859859332969573e-15
15809.422731399536,2.372069181973569e-15
15811.551809310913,2.3528993440695466e-15
15813.68088722229,2.38865196949844e-15
15815.809965133667,2.4705916074752162e-15
15817.939043045044,2.5055054585280912e-15
15820.06812095642,2.5358686250718425e-15
15822.197198867798,2.5708519328263924e-15
15824.326276779175,2.558296151691005e-15
15826.454162597656,2.497016070814235e-15
15828.583240509033,2.4581169297445285e-15
15830.71231842041,2.540018451238678e-15
15832.841396331787,2.5616258382066617e-15
15834.970474243164,2.5644058003395503e-15
15837.098360061646,2.5465776626239786e-15
15839.227437973022,2.565591011190996e-15
15841.3565158844,2.5696372875800297e-15
15843.48440170288,2.508322901868896e-15
15845.613479614258,2.4831096956444507e-15
15847.742557525635,2.4051007140594082e-15
15849.870443344116,2.3407696205066282e-15
15851.999521255493,2.3225611649977393e-15
15854.127407073975,2.2632855875906466e-15
15856.256484985352,2.2036489623897867e-15
15858.384370803833,2.2013657850804627e-15
15860.51344871521,2.1942221209615568e-15
15862.641334533691,2.225990515164803e-15
15864.770412445068,2.2386665749787003e-15
15866.89829826355,2.215769792106759e-15
15869.027376174927,2.230497577477143e-15
15871.155261993408,2.2295688058504787e-15
15873.284339904785,2.2634835815420673e-15
15875.412225723267,2.3082579548921664e-15
15877.540111541748,2.355150334126875e-15
15879.669189453125,2.3514909400364995e-15
15881.797075271606,2.3737100965506375e-15
15883.924961090088,2.403775319255192e-15
15886.05284690857,2.411488189514653e-15
15888.181924819946,2.4697562212309867e-15
15890.309810638428,2.502234217285795e-15
15892.43769645691,2.5145060306256154e-15
15894.56558227539,2.5051799861181088e-15
15896.693468093872,2.5098274441414563e-15
15898.821353912354,2.57399082517068e-15
15900.949239730835,2.5841963016356734e-15
15903.078317642212,2.581629791805493e-15
15905.206203460693,2.49421260351706e-15
15907.334089279175,2.446449686170811e-15
15909.461975097656,2.4738613664098547e-15
15911.589860916138,2.5097338470007847e-15
15913.71774673462,2.576427315443457e-15
15915.8456325531,2.6324377925971212e-15
15917.973518371582,2.6264333877922723e-15
15920.100212097168,2.568928109244941e-15
15922.22809791565,2.4637444048878493e-15
15924.35598373413,2.3997400542944726e-15
15926.483869552612,2.389024875753469e-15
15928.611755371094,2.4343072571136838e-15
15930.739641189575,2.4491798851180484e-15
15932.866334915161,2.4607105446290212e-15
15934.994220733643,2.4755395504366022e-15
15937.122106552124,2.3901565117710006e-15
15939.249992370605,2.3487010252664807e-15
15941.376686096191,2.31446141243962e-15
15943.504571914673,2.272029085188679e-15
15945.632457733154,2.224844479587168e-15
15947.75915145874,2.1847967618409845e-15
15949.887037277222,2.2039831168874785e-15
15952.014923095703,2.2920885194455554e-15
15954.141616821289,2.357434358469146e-15
15956.26950263977,2.345272659412469e-15
15958.396196365356,2.3107217619774923e-15
15960.524082183838,2.263878087137251e-15
15962.650775909424,2.2151156709132418e-15
15964.778661727905,2.2492701569289033e-15
15966.905355453491,2.3243704273730745e-15
15969.033241271973,2.3598111329191417e-15
15971.159934997559,2.4524886075682605e-15
15973.286628723145,2.4633024654476194e-15
15975.414514541626,2.377586119317273e-15
15977.541208267212,2.333464808369507e-15
15979.667901992798,2.3566434414546474e-15
15981.79578781128,2.3487147895518735e-15
15983.922481536865,2.2905507311298152e-15
15986.049175262451,2.2793565554571392e-15
15988.175868988037,2.3159140739441612e-15
15990.303754806519,2.4041488607849312e-15
15992.430448532104,2.475543150326628e-15
15994.55714225769,2.5008455067687717e-15
15996.683835983276,2.473918964650268e-15
15998.810529708862,2.460505139139312e-15
16000.937223434448,2.4880144399255268e-15
16003.063917160034,2.4775485008292526e-15
16005.191802978516,2.45548583365212e-15
16007.318496704102,2.4814641223861724e-15
16009.445190429688,2.4923993177352255e-15
16011.571884155273,2.5354141918956406e-15
16013.69857788086,2.5570541896320935e-15
16015.825271606445,2.539784458386999e-15
16017.950773239136,2.508248998244248e-15
16020.077466964722,2.4672339688723e-15
16022.204160690308,2.4527450467930418e-15
16024.330854415894,2.4837290884871304e-15
16026.45754814148,2.4846296962682986e-15
16028.584241867065,2.5194842550148658e-15
16030.710935592651,2.5465219702076967e-15
16032.836437225342,2.5628053315857133e-15
16034.963130950928,2.4572889550385875e-15
16037.089824676514,2.444273446771078e-15
16039.2165184021,2.4508430343099822e-15
16041.34202003479,2.4388645061281487e-15
16043.468713760376,2.4410752621204825e-15
16045.595407485962,2.4461040967283312e-15
16047.720909118652,2.4399474377512134e-15
16049.847602844238,2.4774441040185035e-15
16051.974296569824,2.5045411115176422e-15
16054.099798202515,2.530331570695641e-15
16056.2264919281,2.5262954587019744e-15
16058.351993560791,2.5068321238817283e-15
16060.478687286377,2.5467722684436103e-15
16062.604188919067,2.535293489700657e-15
16064.730882644653,2.505978102912659e-15
16066.856384277344,2.5067152333350072e-15
16068.98307800293,2.5142307449177578e-15
16071.10857963562,2.511768843656563e-15
16073.235273361206,2.52678419671254e-15
16075.360774993896,2.524254532815565e-15
16077.486276626587,2.5413360109881322e-15
16079.612970352173,2.5380916630419114e-15
16081.738471984863,2.514351870629215e-15
16083.863973617554,2.4598165013531943e-15
16085.989475250244,2.431684419592511e-15
16088.11616897583,2.430023599741182e-15
16090.24167060852,2.438180527023241e-15
16092.367172241211,2.4812354234904138e-15
16094.492673873901,2.510295641603051e-15
16096.618175506592,2.4914800752292177e-15
16098.744869232178,2.49409698351976e-15
16100.870370864868,2.5336066235862e-15
16102.995872497559,2.5520037556840897e-15
16105.121374130249,2.5710177395258174e-15
16107.24687576294,2.5744664341705633e-15
16109.37237739563,2.563380466956899e-15
16111.49787902832,2.543973883344119e-15
16113.62338066101,2.544049692792898e-15
16115.748882293701,2.5287389369965663e-15
16117.874383926392,2.5624919293952293e-15
16119.999885559082,2.619835424649635e-15
16122.125387191772,2.627776358530144e-15
16124.250888824463,2.626028082527011e-15
16126.376390457153,2.6648852954658285e-15
16128.500699996948,2.664825791401284e-15
16130.626201629639,2.5819990981704958e-15
16132.75170326233,2.5553012549477507e-15
16134.87720489502,2.5396622738843577e-15
16137.00270652771,2.5570768477634325e-15
16139.127016067505,2.5204134501580037e-15
16141.252517700195,2.534125854782867e-15
16143.378019332886,2.5266393540785597e-15
16145.50232887268,2.4692041675076137e-15
16147.627830505371,2.4315804462982354e-15
16149.753332138062,2.3994878502344276e-15
16151.877641677856,2.286106349255572e-15
16154.003143310547,2.216651129888377e-15
16156.127452850342,2.2250183330995918e-15
16158.252954483032,2.246713599735853e-15
16160.378456115723,2.276842138153215e-15
16162.502765655518,2.2988978173085328e-15
16164.628267288208,2.291977558129465e-15
16166.752576828003,2.2466858594068304e-15
16168.876886367798,2.195841647956707e-15
16171.002388000488,2.1593711621050154e-15
16173.126697540283,2.2013399505755715e-15
16175.252199172974,2.2699841358957704e-15
16177.376508712769,2.289789883784944e-15
16179.500818252563,2.3051184272731683e-15
16181.626319885254,2.2993384861993418e-15
16183.750629425049,2.2975637404166072e-15
16185.874938964844,2.2799981829146844e-15
16188.000440597534,2.269897315018677e-15
16190.12475013733,2.3044801879474122e-15
16192.249059677124,2.3593522528199667e-15
16194.373369216919,2.4192741163658145e-15
16196.497678756714,2.4591827089504113e-15
16198.623180389404,2.4457299199238816e-15
16200.7474899292,2.419114662413494e-15
16202.871799468994,2.3898941433155886e-15
16204.996109008789,2.354601456777054e-15
16207.120418548584,2.3350009026193528e-15
16209.244728088379,2.331410329955942e-15
16211.369037628174,2.343426762862165e-15
16213.493347167969,2.3471655662913454e-15
16215.617656707764,2.3558427835612553e-15
16217.741966247559,2.360040255331374e-15
16219.866275787354,2.3596080567700375e-15
16221.990585327148,2.357523085170371e-15
16224.114894866943,2.366595655068412e-15
16226.239204406738,2.379207128620081e-15
16228.363513946533,2.4016653601835816e-15
16230.486631393433,2.4683217709348115e-15
16232.610940933228,2.38631669966286e-15
16234.735250473022,2.4122257434534746e-15
16236.859560012817,2.447480101751146e-15
16238.983869552612,2.5029616068292498e-15
16241.106986999512,2.5136791147108584e-15
16243.231296539307,2.482064245229302e-15
16245.355606079102,2.4815388730437676e-15
16247.478723526001,2.46314025863822e-15
16249.603033065796,2.4656991451718754e-15
16251.72734260559,2.489915817133876e-15
16253.85046005249,2.4886279035375757e-15
16255.974769592285,2.4743543395851567e-15
16258.097887039185,2.4709539258184043e-15
16260.22219657898,2.4892822364893296e-15
16262.345314025879,2.481773712928394e-15
16264.469623565674,2.448798720291784e-15
16266.592741012573,2.438287041416358e-15
16268.717050552368,2.455090481023989e-15
16270.840167999268,2.441481414418691e-15
16272.964477539062,2.455714109031405e-15
16275.087594985962,2.4891085947351425e-15
16277.211904525757,2.4950117791027945e-15
16279.335021972656,2.4822442397305937e-15
16281.458139419556,2.440408011916283e-15
16283.58244895935,2.4024003730235615e-15
16285.70556640625,2.3742704088452462e-15
16287.82868385315,2.3595432587495725e-15
16289.951801300049,2.412077724445942e-15
16292.076110839844,2.4335555153729956e-15
16294.199228286743,2.462232662835237e-15
16296.322345733643,2.475484281536794e-15
16298.445463180542,2.467602216446119e-15
16300.568580627441,2.4417488650717864e-15
16302.69169807434,2.432503076936032e-15
16304.816007614136,2.4543243397231974e-15
16306.939125061035,2.493831226932559e-15
16309.062242507935,2.5379868427146887e-15
16311.185359954834,2.5751603659126014e-15
16313.308477401733,2.582316947283953e-15
16315.431594848633,2.542765379086624e-15
16317.554712295532,2.5013418680758627e-15
16319.677829742432,2.4646985875029313e-15
16321.800947189331,2.483919247383789e-15
16323.92406463623,2.5377464971159053e-15
16326.045989990234,2.5279857129482204e-15
16328.169107437134,2.4882808317874382e-15
16330.292224884033,2.4794287022139204e-15
16332.415342330933,2.474151898710763e-15
16334.538459777832,2.474550639470683e-15
16336.661577224731,2.4639542573005315e-15
16338.783502578735,2.4108880666715233e-15
16340.906620025635,2.3951525238521433e-15
16343.029737472534,2.335284446898446e-15
16345.152854919434,2.2723998738613397e-15
16347.274780273438,2.2830856180074263e-15
16349.397897720337,2.413593913421527e-15
16351.521015167236,2.4738732248711162e-15
16353.64294052124,2.451892931648104e-15
16355.76605796814,2.3693995458820604e-15
16357.887983322144,2.293163616013858e-15
16360.011100769043,2.237674275880992e-15
16362.134218215942,2.201876757705894e-15
16364.256143569946,2.1855127164396512e-15
16366.379261016846,2.2367990790882414e-15
16368.50118637085,2.2925723870166744e-15
16370.623111724854,2.2894667407155666e-15
16372.746229171753,2.2937264694073084e-15
16374.868154525757,2.2450343569179214e-15
16376.991271972656,2.1796605658070713e-15
16379.11319732666,2.126989727806194e-15
16381.235122680664,2.128584479087637e-15
16383.358240127563,2.1698851703210462e-15
16385.480165481567,2.159798490226905e-15
16387.60209083557,2.2046281324768126e-15
16389.72520828247,2.2140174926971266e-15
16391.847133636475,2.228986894215715e-15
16393.96905899048,2.2724555662776216e-15
16396.090984344482,2.276296648935183e-15
16398.214101791382,2.2888784763336984e-15
16400.336027145386,2.3022694319550785e-15
16402.45795249939,2.285571447949381e-15
16404.579877853394,2.265426251606595e-15
16406.701803207397,2.2114971461625714e-15
16408.8237285614,2.195736192354774e-15
16410.945653915405,2.2147510232294488e-15
16413.06757926941,2.2349654645156727e-15
16415.189504623413,2.2223389561291896e-15
16417.311429977417,2.1933738174648816e-15
16419.43335533142,2.1944300675501077e-15
16421.555280685425,2.2061458037600555e-15
16423.67720603943,2.2312088733946e-15
16425.799131393433,2.251109700732103e-15
16427.921056747437,2.332785699704046e-15
16430.04298210144,2.3550385257778373e-15
16432.164907455444,2.3376635506890467e-15
16434.28683280945,2.3264799629282113e-15
16436.407566070557,2.2789188511816456e-15
16438.52949142456,2.2861988876050595e-15
16440.651416778564,2.3445111767928873e-15
16442.77334213257,2.384138342680759e-15
16444.894075393677,2.3867124758074646e-15
16447.01600074768,2.3687494480950427e-15
16449.137926101685,2.350059242597403e-15
16451.258659362793,2.3541569762379824e-15
16453.380584716797,2.3631420899842192e-15
16455.5025100708,2.3506809647806876e-15
16457.62324333191,2.308062078523114e-15
16459.745168685913,2.3149592560543688e-15
16461.86590194702,2.3408625823725894e-15
16463.987827301025,2.4021608744577254e-15
16466.108560562134,2.4290982162463066e-15
16468.230485916138,2.4257723413789126e-15
16470.351219177246,2.411991327085322e-15
16472.47314453125,2.431918200685953e-15
16474.59387779236,2.4119771392834555e-15
16476.715803146362,2.4138509879210188e-15
16478.83653640747,2.427411138373613e-15
16480.958461761475,2.4287689321880615e-15
16483.079195022583,2.4101179019642323e-15
16485.19992828369,2.3678361348196657e-15
16487.321853637695,2.370171192897009e-15
16489.442586898804,2.3797879814636607e-15
16491.563320159912,2.381643830651095e-15
16493.68405342102,2.348646179883146e-15
16495.805978775024,2.2965684767035834e-15
16497.926712036133,2.2669602282740725e-15
16500.04744529724,2.2666411086111945e-15
16502.16817855835,2.2735656029549984e-15
16504.288911819458,2.3276863496033383e-15
16506.409645080566,2.3441530936144355e-15
16508.530378341675,2.3628704041663874e-15
16510.65230369568,2.3290096268251863e-15
16512.773036956787,2.3160762807535604e-15
16514.893770217896,2.329080354076282e-15
16517.014503479004,2.347619364192837e-15
16519.135236740112,2.378298685784151e-15
16521.25597000122,2.3521370144170177e-15
16523.37670326233,2.348103231763956e-15
16525.497436523438,2.3370392874069203e-15
16527.61697769165,2.3335133010057374e-15
16529.73771095276,2.327446004004555e-15
16531.858444213867,2.364828109065729e-15
16533.979177474976,2.4122744478479417e-15
16536.099910736084,2.439462934905384e-15
16538.220643997192,2.4411330721191326e-15
16540.340185165405,2.4279110995707297e-15
16542.460918426514,2.3981916780668917e-15
16544.581651687622,2.378504303032097e-15
16546.70238494873,2.3654445372930932e-15
16548.821926116943,2.39073672933987e-15
16550.94265937805,2.4098792504313434e-15
16553.06339263916,2.4358342457593465e-15
16555.182933807373,2.4459482426660364e-15
16557.30366706848,2.3956374502144464e-15
16559.42440032959,2.336635040932843e-15
16561.543941497803,2.2910875382601377e-15
16563.66467475891,2.273895310529717e-15
16565.784215927124,2.307006675470835e-15
16567.904949188232,2.356639418048148e-15
16570.024490356445,2.3754829365092408e-15
16572.145223617554,2.3572046007822034e-15
16574.264764785767,2.3102298475933744e-15
16576.385498046875,2.2768696667240006e-15
16578.505039215088,2.2202671135402056e-15
16580.625772476196,2.205640760365255e-15
16582.74531364441,2.2058016966252335e-15
16584.864854812622,2.2350522853927662e-15
16586.98558807373,2.214187322803051e-15
16589.105129241943,2.2113059284747287e-15
16591.224670410156,2.2088241219392736e-15
16593.34421157837,2.208932965672996e-15
16595.464944839478,2.1962456826725473e-15
16597.58448600769,2.1723654945488436e-15
16599.704027175903,2.1822215699230946e-15
16601.823568344116,2.2075131266951608e-15
16603.94310951233,2.257652394974932e-15
16606.063842773438,2.269216724045558e-15
16608.18338394165,2.275045157755615e-15
16610.302925109863,2.2774596251717632e-15
16612.422466278076,2.293403326337931e-15
16614.54200744629,2.318339341030387e-15
16616.661548614502,2.3115982293196637e-15
16618.781089782715,2.298157086996159e-15
16620.900630950928,2.2857580069560136e-15
16623.02017211914,2.269346320086488e-15
16625.139713287354,2.2542837449437015e-15
16627.259254455566,2.2392376869433865e-15
16629.37879562378,2.2079679833878364e-15
16631.498336791992,2.217758837225149e-15
16633.617877960205,2.233289821587767e-15
16635.736227035522,2.2555674233752654e-15
16637.855768203735,2.272987926484971e-15
16639.97530937195,2.289825035652255e-15
16642.09485054016,2.2827925446076763e-15
16644.214391708374,2.273841100421093e-15
16646.33274078369,2.279136326890853e-15
16648.452281951904,2.284352567538282e-15
16650.571823120117,2.3122822084245716e-15
16652.69136428833,2.334245349230402e-15
16654.809713363647,2.330093405481198e-15
16656.92925453186,2.3119597006299045e-15
16659.047603607178,2.305877368793908e-15
16661.16714477539,2.322264915224437e-15
16663.286685943604,2.345684740941308e-15
16665.40503501892,2.3610132844295324e-15
16667.524576187134,2.3549849509439235e-15
16669.64292526245,2.350917922247682e-15
16671.762466430664,2.324261795397589e-15
16673.88081550598,2.302542388322331e-15
16676.000356674194,2.3201837552730333e-15
16678.11870574951,2.343469749784238e-15
16680.238246917725,2.3706440490398138e-15
16682.356595993042,2.3398743066813804e-15
16684.47494506836,2.2753227728040774e-15
16686.594486236572,2.2621598808037456e-15
16688.71283531189,2.2467199524829574e-15
16690.831184387207,2.2900378526802528e-15
16692.95072555542,2.3332780376046375e-15
16695.069074630737,2.282334935057922e-15
16697.187423706055,2.3079487878664186e-15
16699.305772781372,2.3087837505941745e-15
16701.425313949585,2.3100000899064317e-15
16703.543663024902,2.3482648032986447e-15
16705.66201210022,2.3967163584310116e-15
16707.780361175537,2.441565270680469e-15
16709.898710250854,2.4166271384056448e-15
16712.017059326172,2.348476985051932e-15
16714.13540840149,2.3117085553610436e-15
16716.253757476807,2.300533437929681e-15
16718.372106552124,2.299354368067103e-15
16720.491647720337,2.306748753938396e-15
16722.609996795654,2.320010113518846e-15
16724.727153778076,2.29503555882729e-15
16726.845502853394,2.243362525638278e-15
16728.96385192871,2.1985570238273675e-15
16731.08220100403,2.2191185368637288e-15
16733.200550079346,2.292073272852505e-15
16735.318899154663,2.363302602727724e-15
16737.43724822998,2.391478306685191e-15
16739.555597305298,2.376051930891559e-15
16741.673946380615,2.3759454164984416e-15
16743.791103363037,2.361352097608434e-15
16745.909452438354,2.3207955248191877e-15
16748.027801513672,2.3204696288927316e-15
16750.14615058899,2.3524870507824706e-15
16752.26330757141,2.3915346343761834e-15
16754.38165664673,2.4356396399397148e-15
16756.500005722046,2.404645645608496e-15
16758.617162704468,2.3475031089208263e-15
16760.735511779785,2.3424380636544824e-15
16762.853860855103,2.324908505052818e-15
16764.971017837524,2.32204807478994e-15
16767.08936691284,2.3380533976030205e-15
16769.206523895264,2.327505084552626e-15
16771.32487297058,2.307378311176443e-15
16773.442029953003,2.2892988164337734e-15
16775.56037902832,2.300455934415007e-15
16777.677536010742,2.2641986891077867e-15
16779.79588508606,2.2425383625805997e-15
16781.91304206848,2.215701394196268e-15
16784.0313911438,2.165770284263285e-15
16786.14854812622,2.1525603819343804e-15
16788.265705108643,2.1957762146615316e-15
16790.38405418396,2.246681836000331e-15
16792.501211166382,2.2667821395969123e-15
16794.618368148804,2.2661966280721228e-15
16796.735525131226,2.2131122262347485e-15
16798.853874206543,2.1476910012788522e-15
16800.971031188965,2.1337780616037267e-15
16803.088188171387,2.1551544203353467e-15
16805.20534515381,2.1759264210591007e-15
16807.323694229126,2.1934354391117943e-15
16809.440851211548,2.2089130603987353e-15
16811.55800819397,2.223155284132106e-15
16813.67516517639,2.2332379408197475e-15
16815.792322158813,2.2083639712906777e-15
16817.909479141235,2.1607717310833004e-15
16820.026636123657,2.1521059487581784e-15
16822.14379310608,2.1651413622999485e-15
16824.2609500885,2.16166026864497e-15
16826.378107070923,2.1629822753173973e-15
16828.495264053345,2.156788558648837e-15
16830.612421035767,2.1852410306218194e-15
16832.72957801819,2.215102753660796e-15
16834.84673500061,2.247933750696373e-15
16836.963891983032,2.290199000698468e-15
16839.081048965454,2.3067608241578944e-15
16841.19701385498,2.261809632680056e-15
16843.314170837402,2.1925081497927877e-15
16845.431327819824,2.2148012099315736e-15
16847.548484802246,2.2391481132092144e-15
16849.665641784668,2.224620439372619e-15
16851.781606674194,2.1970192355116273e-15
16853.898763656616,2.2035352482166178e-15
16856.015920639038,2.194048267449133e-15
16858.131885528564,2.2026617454897618e-15
16860.249042510986,2.2160147963867522e-15
16862.36619949341,2.2304240973689687e-15
16864.482164382935,2.254156054726903e-15
16866.599321365356,2.2237907706007835e-15
16868.715286254883,2.2171085276798943e-15
16870.832443237305,2.2362002267945326e-15
16872.949600219727,2.2287999116926086e-15
16875.065565109253,2.2481444501420023e-15
16877.182722091675,2.2615510758729066e-15
16879.2986869812,2.2744901394169265e-15
16881.414651870728,2.296478267694701e-15
16883.53180885315,2.3099579500173058e-15
16885.647773742676,2.289066305889752e-15
16887.764930725098,2.2708542504908374e-15
16889.880895614624,2.2703644536890876e-15
16891.99686050415,2.24039579274052e-15
16894.114017486572,2.2491369609979476e-15
16896.2299823761,2.2727340283590315e-15
16898.345947265625,2.2960195993537626e-15
16900.463104248047,2.349750075571655e-15
16902.579069137573,2.4112594906188943e-15
16904.6950340271,2.3725854485549206e-15
16906.810998916626,2.322794522574708e-15
16908.926963806152,2.2906216701391478e-15
16911.044120788574,2.261541334994013e-15
16913.1600856781,2.2771921745186677e-15
16915.276050567627,2.2919756523053338e-15
16917.392015457153,2.272403050234892e-15
16919.50798034668,2.281182334974946e-15
16921.623945236206,2.2514084916042468e-15
16923.739910125732,2.2667476230043117e-15
16925.85587501526,2.2787464799768793e-15
16927.971839904785,2.2472582419209375e-15
16930.08780479431,2.2408199444888576e-15
16932.203769683838,2.2465945916067638e-15
16934.319734573364,2.251357034352701e-15
16936.43569946289,2.2368727709546525e-15
16938.551664352417,2.2259367285726523e-15
16940.667629241943,2.2385547666296628e-15
16942.782402038574,2.2707879701627147e-15
16944.8983669281,2.3017584593296473e-15
16947.014331817627,2.2769935452925365e-15
16949.130296707153,2.218796664343772e-15
16951.24626159668,2.2346410508968743e-15
16953.36103439331,2.242890093011947e-15
16955.476999282837,2.2777878504388243e-15
16957.592964172363,2.291726624618841e-15
16959.707736968994,2.268344491868123e-15
16961.82370185852,2.2597483780029126e-15
16963.939666748047,2.229041527840813e-15
16966.054439544678,2.2241270426808435e-15
16968.170404434204,2.205668077177804e-15
16970.28636932373,2.219522783337806e-15
16972.40114212036,2.2200096155242403e-15
16974.517107009888,2.2066775286926944e-15
16976.63187980652,2.2067662553939193e-15
16978.747844696045,2.2359029182300464e-15
16980.862617492676,2.2536465644091295e-15
16982.978582382202,2.2772264793530315e-15
16985.093355178833,2.2730552656042777e-15
16987.208127975464,2.291855161868587e-15
16989.32409286499,2.297607362613391e-15
16991.43886566162,2.283702893267738e-15
16993.554830551147,2.281420562991361e-15
16995.66960334778,2.2781876499899283e-15
16997.78437614441,2.2722543959526487e-15
16999.89914894104,2.2625702682666903e-15
17002.015113830566,2.283937733152364e-15
17004.129886627197,2.305693774402591e-15
17006.244659423828,2.3685482777700698e-15
17008.35943222046,2.405980357775132e-15
17010.475397109985,2.3376728680514665e-15
17012.590169906616,2.285715443550414e-15
17014.704942703247,2.225304418477527e-15
17016.819715499878,2.241588626888491e-15
17018.93448829651,2.2221083514092996e-15
17021.04926109314,2.195439307306761e-15
17023.16403388977,2.158227667626222e-15
17025.2788066864,2.102372621018379e-15
17027.393579483032,2.059986880579537e-15
17029.508352279663,2.0476650922958287e-15
17031.623125076294,2.069210434100426e-15
17033.737897872925,2.1344802519170005e-15
17035.852670669556,2.1539469748690357e-15
17037.967443466187,2.1311226133140845e-15
17040.082216262817,2.1004424446898233e-15
17042.19698905945,2.084138119246362e-15
17044.31176185608,2.084663067915423e-15
17046.42653465271,2.1019321638858068e-15
17048.540115356445,2.1192332353499495e-15
17050.654888153076,2.142436644148797e-15
17052.769660949707,2.1913350091608405e-15
17054.884433746338,2.175805718864117e-15
17056.998014450073,2.1307613537620805e-15
17059.112787246704,2.1505554549482294e-15
17061.227560043335,2.209151923689861e-15
17063.342332839966,2.2057606155272916e-15
17065.4559135437,2.188289078682514e-15
17067.570686340332,2.189295565582089e-15
17069.684267044067,2.1699902024065057e-15
17071.7990398407,2.162187334896399e-15
17073.91381263733,2.142833055568112e-15
17076.027393341064,2.184757586567174e-15
17078.142166137695,2.2063764084799455e-15
17080.25574684143,2.183872860653767e-15
17082.37051963806,2.169571768130562e-15
17084.484100341797,2.192928066376389e-15
17086.598873138428,2.1741453225292617e-15
17088.712453842163,2.1701132339420944e-15
17090.8260345459,2.1831780818787816e-15
17092.94080734253,2.2054021088323663e-15
17095.054388046265,2.2140437507184915e-15
17097.16796875,2.2216803880126994e-15
17099.28274154663,2.2274980220526788e-15
17101.396322250366,2.2251697402389135e-15
17103.5099029541,2.2292124167379215e-15
17105.624675750732,2.2336148704812757e-15
17107.738256454468,2.2488011124343612e-15
17109.851837158203,2.2652462571053035e-15
17111.96541786194,2.2334924742203974e-15
17114.078998565674,2.237140433365985e-15
17116.193771362305,2.2326471353390377e-15
17118.30735206604,2.1985089547076108e-15
17120.420932769775,2.177659450469183e-15
17122.53451347351,2.174011914840069e-15
17124.648094177246,2.2499890761428854e-15
17126.76167488098,2.25309027552102e-15
17128.875255584717,2.233310150378501e-15
17130.988836288452,2.2321293864500285e-15
17133.102416992188,2.2147376824605295e-15
17135.215997695923,2.1650674586753006e-15
17137.32957839966,2.1663043385365286e-15
17139.443159103394,2.1946903184231516e-15
17141.55673980713,2.209182628634199e-15
17143.670320510864,2.206767949459814e-15
17145.7839012146,2.1893548578883967e-15
17147.89628982544,2.1890145624018373e-15
17150.009870529175,2.2106107261832698e-15
17152.12345123291,2.204004080952923e-15
17154.237031936646,2.2095934396136174e-15
17156.35061264038,2.189078513389355e-15
17158.46300125122,2.19220893540417e-15
17160.576581954956,2.170522562613855e-15
17162.69016265869,2.157581593245704e-15
17164.80255126953,2.1557733896615527e-15
17166.916131973267,2.1603073452699682e-15
17169.029712677002,2.173425768040569e-15
17171.14210128784,2.1825387837618414e-15
17173.255681991577,2.144908286288885e-15
17175.368070602417,2.142629555902534e-15
17177.481651306152,2.160224759557611e-15
17179.595232009888,2.196909332986721e-15
17181.707620620728,2.1755971370008556e-15
17183.821201324463,2.1649404037332124e-15
17185.933589935303,2.1516739619550787e-15
17188.045978546143,2.1353344846443065e-15
17190.159559249878,2.1160494502594574e-15
17192.271947860718,2.0943217846129637e-15
17194.385528564453,2.0967985089507353e-15
17196.497917175293,2.1198898976423084e-15
17198.610305786133,2.145365048805692e-15
17200.723886489868,2.1577933514825174e-15
17202.836275100708,2.1247709250008613e-15
17204.948663711548,2.0865015529274384e-15
17207.062244415283,2.0919721152172803e-15
17209.174633026123,2.1804383538108875e-15
17211.287021636963,2.2104063794847447e-15
17213.399410247803,2.1950346373162104e-15
17215.512990951538,2.1990807019470074e-15
17217.625379562378,2.218286962267762e-15
17219.737768173218,2.2122912395506223e-15
17221.850156784058,2.1817743365269444e-15
17223.962545394897,2.1524204097398466e-15
17226.074934005737,2.187354166066982e-15
17228.187322616577,2.2226889924946425e-15
17230.299711227417,2.231191509219181e-15
17232.412099838257,2.2131215435971683e-15
17234.524488449097,2.2181791773252238e-15
17236.636877059937,2.21716464361265e-15
17238.749265670776,2.1978937970296673e-15
17240.861654281616,2.1901978674291516e-15
17242.974042892456,2.176137544021204e-15
17245.086431503296,2.232805954016648e-15
17247.198820114136,2.2141072781895355e-15
17249.311208724976,2.2131465310691123e-15
17251.423597335815,2.1768138998295864e-15
17253.53479385376,2.135932278146831e-15
17255.6471824646,2.1132574179070704e-15
17257.75957107544,2.1045520367916643e-15
17259.87195968628,2.1041738365807153e-15
17261.983156204224,2.1263042663936284e-15
17264.095544815063,2.172924959810505e-15
17266.207933425903,2.1690773126476024e-15
17268.319129943848,2.1709244797473272e-15
17270.431518554688,2.1521171719447296e-15
17272.543907165527,2.1326936476730044e-15
17274.65510368347,2.0993118674634756e-15
17276.76749229431,2.085964745797116e-15
17278.87988090515,2.121754428917452e-15
17280.991077423096,2.1661444610677344e-15
17283.103466033936,2.2087209956779454e-15
17285.21466255188,2.166927331269234e-15
17287.32705116272,2.120080056538967e-15
17289.438247680664,2.0774122541286893e-15
17291.54944419861,2.0410086838798308e-15
17293.66183280945,1.9939276280561214e-15
17295.773029327393,2.024757086237336e-15
17297.885417938232,2.040329363456133e-15
17299.996614456177,2.030276564679882e-15
17302.10781097412,2.0071904699442292e-15
17304.22019958496,2.0398230495119116e-15
17306.331396102905,2.080334094280243e-15
17308.44259262085,2.100357741395098e-15
17310.55498123169,2.129162579074138e-15
17312.666177749634,2.150902526698367e-15
17314.777374267578,2.163584515742895e-15
17316.888570785522,2.165603207014439e-15
17318.999767303467,2.1426030861229324e-15
17321.112155914307,2.151219528778877e-15
17323.22335243225,2.1391543914781866e-15
17325.334548950195,2.110824739282556e-15
17327.44574546814,2.128703487216726e-15
17329.556941986084,2.1479271117128993e-15
17331.66813850403,2.1224750421973285e-15
17333.779335021973,2.0995528483369694e-15
17335.890531539917,2.080339811752637e-15
17338.00172805786,2.049201610062148e-15
17340.112924575806,2.023816879665884e-15
17342.22412109375,2.007440768180143e-15
17344.335317611694,2.0491308828110523e-15
17346.44651412964,2.1045994706367106e-15
17348.557710647583,2.1137902016308933e-15
17350.668907165527,2.104956706782215e-15
17352.778911590576,2.1270037038498236e-15
17354.89010810852,2.160237253293583e-15
17357.001304626465,2.1591054055178143e-15
17359.11250114441,2.164234190013439e-15
17361.223697662354,2.155561631424739e-15
17363.333702087402,2.154877017045121e-15
17365.444898605347,2.1394760522399064e-15
17367.55609512329,2.1122284846343932e-15
17369.667291641235,2.1088316707576667e-15
17371.777296066284,2.117923934171731e-15
17373.88849258423,2.1236483945875125e-15
17375.998497009277,2.119313279963465e-15
17378.10969352722,2.108258864727086e-15
17380.220890045166,2.05976072278262e-15
17382.330894470215,2.0459032637655397e-15
17384.44209098816,2.0841885177067237e-15
17386.552095413208,2.088144585086875e-15
17388.663291931152,2.0930351415660844e-15
17390.7732963562,2.102666753209313e-15
17392.884492874146,2.0908663137046398e-15
17394.994497299194,2.120751330149666e-15
17397.10569381714,2.136422286706818e-15
17399.215698242188,2.1146717511707483e-15
17401.325702667236,2.0956342621647342e-15
17403.43689918518,2.078906420247646e-15
17405.54690361023,2.072084205132223e-15
17407.65690803528,2.0867556628116147e-15
17409.768104553223,2.1011700459915147e-15
17411.87810897827,2.0947249722958567e-15
17413.98811340332,2.089497508461877e-15
17416.09811782837,2.0958657139175715e-15
17418.209314346313,2.1014804835666834e-15
17420.319318771362,2.1186888049231018e-15
17422.42932319641,2.0778167123610032e-15
17424.53932762146,2.06080342034069e-15
17426.64933204651,2.035935591800488e-15
17428.759336471558,2.006781776547179e-15
17430.869340896606,2.04488978884415e-15
17432.98053741455,2.0611814087934024e-15
17435.0905418396,2.0714607888830438e-15
17437.20054626465,2.099754230420179e-15
17439.310550689697,2.086961068301324e-15
17441.420555114746,2.069470473215233e-15
17443.530559539795,2.06294599018077e-15
17445.63937187195,2.052249234606369e-15
17447.749376296997,2.097467876737303e-15
17449.859380722046,2.114870803913353e-15
17451.969385147095,2.1145360141409508e-15
17454.079389572144,2.1351752424502227e-15
17456.189393997192,2.109263869319003e-15
17458.29939842224,2.0854836310830755e-15
17460.40940284729,2.0939836067087724e-15
17462.518215179443,2.156202411849337e-15
17464.628219604492,2.1787370881363273e-15
17466.73822402954,2.1376299439313656e-15
17468.84822845459,2.075838043396217e-15
17470.957040786743,2.038203946033235e-15
17473.067045211792,2.020144568323063e-15
17475.17704963684,2.0228463916665673e-15
17477.285861968994,2.037558506927427e-15
17479.395866394043,2.0442602316061032e-15
17481.504678726196,2.024122235043369e-15
17483.614683151245,2.017689655083683e-15
17485.724687576294,2.014192467802707e-15
17487.833499908447,2.0364164947562916e-15
17489.943504333496,2.0241376933946564e-15
17492.05231666565,2.0357450093873557e-15
17494.1623210907,2.023321577149977e-15
17496.27113342285,2.012815615746945e-15
17498.379945755005,2.0134841365005655e-15
17500.489950180054,2.031459022674249e-15
17502.598762512207,2.0557152934265336e-15
17504.708766937256,2.0644956369577716e-15
17506.81757926941,2.063422022697127e-15
17508.926391601562,2.032156554306313e-15
17511.03639602661,2.0250632886477686e-15
17513.145208358765,2.0117212491790925e-15
17515.254020690918,1.994524574525699e-15
17517.36283302307,1.982678183483637e-15
17519.47283744812,2.0079748224533867e-15
17521.581649780273,2.0376080583548416e-15
17523.690462112427,2.0437376122776473e-15
17525.79927444458,2.021614382244786e-15
17527.908086776733,1.995209400663554e-15
17530.018091201782,2.024569891955993e-15
17532.126903533936,2.0549042593795376e-15
17534.23571586609,2.0415941954046203e-15
17536.344528198242,2.01228494960549e-15
17538.453340530396,2.03477113325625e-15
17540.56215286255,2.0586928259943692e-15
17542.670965194702,2.055893170345457e-15
17544.779777526855,2.0598966715706544e-15
17546.88858985901,2.0828675698254806e-15
17548.997402191162,2.0929762727762502e-15
17551.106214523315,2.0814172376615444e-15
17553.21502685547,2.019612843390424e-15
17555.322647094727,1.965023052247542e-15
17557.43145942688,1.964913784997346e-15
17559.540271759033,1.9783771619357165e-15
17561.649084091187,2.0108930627149146e-15
17563.75789642334,2.0389294297525583e-15
17565.866708755493,2.043401763714061e-15
17567.97432899475,2.0207290210566683e-15
17570.083141326904,1.9821324825073684e-15
17572.191953659058,1.9850263705716627e-15
17574.299573898315,1.9748922566324755e-15
17576.40838623047,1.9664115510063286e-15
17578.517198562622,1.989916080017925e-15
17580.62481880188,1.9880515487427815e-15
17582.733631134033,1.934690378889892e-15
17584.842443466187,1.9187949586017177e-15
17586.950063705444,1.9243667413287565e-15
17589.058876037598,1.9500561918277953e-15
17591.166496276855,1.9651551893873137e-15
17593.27530860901,1.9908592512046927e-15
17595.382928848267,1.968461370738684e-15
17597.49174118042,1.947909810339453e-15
17599.599361419678,1.955586046423945e-15
17601.70817375183,1.972922057997162e-15
17603.81579399109,1.996321554923299e-15
17605.923414230347,2.0190650248317872e-15
17608.0322265625,2.026081845766842e-15
17610.139846801758,2.0288467730649167e-15
17612.247467041016,2.033346847355442e-15
17614.35627937317,2.058001223592936e-15
17616.463899612427,2.0540231333561563e-15
17618.571519851685,2.0278976726475183e-15
17620.680332183838,2.0569807606497315e-15
17622.787952423096,2.055350222226267e-15
17624.895572662354,2.085453561413448e-15
17627.00319290161,2.1053183898506926e-15
17629.11081314087,2.087067794452678e-15
17631.219625473022,2.0615155632910942e-15
17633.32724571228,2.0293897211841067e-15
17635.434865951538,1.973229954473489e-15
17637.542486190796,1.9582438240541922e-15
17639.650106430054,1.9995195278156574e-15
17641.75772666931,1.9855502604495395e-15
17643.86534690857,1.973124287113319e-15
17645.972967147827,1.9527582269295365e-15
17648.080587387085,1.9807319135290834e-15
17650.188207626343,2.057580036459914e-15
17652.2958278656,2.0932680756265793e-15
17654.40344810486,2.070406444621949e-15
17656.511068344116,2.099801028990515e-15
17658.618688583374,2.0357771966393514e-15
17660.725116729736,1.9444003410807415e-15
17662.832736968994,1.916915816008234e-15
17664.940357208252,1.9205478932860605e-15
17667.04797744751,1.9320978227965833e-15
17669.155597686768,1.9752384813496657e-15
17671.26202583313,1.994224724862371e-15
17673.369646072388,2.028127430334461e-15
17675.477266311646,2.001777082378327e-15
17677.583694458008,1.9869292300876695e-15
17679.691314697266,1.9476095371596513e-15
17681.798934936523,1.9402699966716928e-15
17683.905363082886,1.9507287359879152e-15
17686.012983322144,1.950641491594348e-15
17688.1206035614,1.957597537915437e-15
17690.227031707764,1.967736734052308e-15
17692.33465194702,1.9583344565795484e-15
17694.441080093384,1.9394284694385956e-15
17696.54870033264,1.9646647573108534e-15
17698.655128479004,1.939230263728938e-15
17700.76274871826,1.9539398378909563e-15
17702.869176864624,1.9790708819195178e-15
17704.976797103882,1.9850712633178672e-15
17707.083225250244,1.9318748413732186e-15
17709.189653396606,1.9364716891779677e-15
17711.297273635864,1.952069165626945e-15
17713.403701782227,1.9700916974039117e-15
17715.51012992859,1.9829784566634387e-15
17717.617750167847,1.938660210555436e-15
17719.72417831421,1.928231540908841e-15
17721.83060646057,1.947421495845361e-15
17723.93822669983,1.9498833971065554e-15
17726.04465484619,1.9119195921688545e-15
17728.151082992554,1.868631338124713e-15
17730.257511138916,1.836426721953631e-15
17732.36393928528,1.8866951627578583e-15
17734.471559524536,1.939547477567685e-15
17736.5779876709,1.9931951563149832e-15
17738.68441581726,1.9884011615917607e-15
17740.790843963623,1.951988697496956e-15
17742.897272109985,1.8911793551806225e-15
17745.003700256348,1.822072478112986e-15
17747.11012840271,1.8217501820765557e-15
17749.216556549072,1.8317009133826624e-15
17751.322984695435,1.840093104065821e-15
17753.429412841797,1.8660658870857166e-15
17755.53584098816,1.9317920439026245e-15
17757.64226913452,1.954351495903322e-15
17759.748697280884,1.947989219678258e-15
17761.855125427246,1.924255780012666e-15
17763.960361480713,1.9181632837813028e-15
17766.066789627075,1.9424180722259297e-15
17768.173217773438,1.9668316793481667e-15
17770.2796459198,1.9308526843641195e-15
17772.386074066162,1.9012556591211597e-15
17774.49131011963,1.8986408684129857e-15
17776.59773826599,1.9117880903037933e-15
17778.704166412354,1.9122990629292244e-15
17780.80940246582,1.938617011875126e-15
17782.915830612183,1.964863810053458e-15
17785.022258758545,1.982278172174296e-15
17787.12749481201,1.954359119199847e-15
17789.233922958374,1.920014686045764e-15
17791.340351104736,1.8931603534860135e-15
17793.445587158203,1.865737026543945e-15
17795.552015304565,1.8314506151467487e-15
17797.657251358032,1.8548158072385218e-15
17799.763679504395,1.8841618989708575e-15
17801.86891555786,1.8816324468321193e-15
17803.975343704224,1.8271140182150435e-15
17806.08057975769,1.833511869823892e-15
17808.187007904053,1.893732312483647e-15
17810.29224395752,1.9781889088631892e-15
17812.397480010986,1.941593062135304e-15
17814.50390815735,1.9130986620314325e-15
17816.609144210815,1.891099310567107e-15
17818.714380264282,1.9231478609176575e-15
17820.820808410645,1.9561190419060048e-15
17822.92604446411,1.9462350144444944e-15
17825.031280517578,1.9121078452413818e-15
17827.13770866394,1.9016315299915038e-15
17829.242944717407,1.953592554382582e-15
17831.348180770874,1.95589606048264e-15
17833.45341682434,1.9345559124095153e-15
17835.558652877808,1.9448774323882825e-15
17837.663888931274,1.969758389939167e-15
17839.770317077637,1.9917230130526552e-15
17841.875553131104,1.9680539478910547e-15
17843.98078918457,1.9936853766332066e-15
17846.086025238037,2.031706779811321e-15
17848.191261291504,1.9362745422594942e-15
17850.29649734497,1.9436678693396034e-15
17852.401733398438,1.968001220090088e-15
17854.506969451904,2.032615434405488e-15
17856.61220550537,2.0220033821258124e-15
17858.717441558838,1.972058719665673e-15
17860.822677612305,1.9273197099411218e-15
17862.92791366577,1.8778324452724997e-15
17865.031957626343,1.9170185187530886e-15
17867.13719367981,1.9641277384222942e-15
17869.242429733276,2.0141778564843667e-15
17871.347665786743,1.962740933729402e-15
17873.45290184021,1.9500341689711667e-15
17875.558137893677,1.9193173661719368e-15
17877.662181854248,1.8995114065245263e-15
17879.767417907715,1.969116762481622e-15
17881.87265396118,1.986298402300202e-15
17883.976697921753,1.9478090134187297e-15
17886.08193397522,1.9433341383583852e-15
17888.187170028687,1.897638828436384e-15
17890.291213989258,1.8959174457293263e-15
17892.396450042725,1.8679278772620184e-15
17894.50168609619,1.832298706885187e-15
17896.605730056763,1.8370838077624635e-15
17898.71096611023,1.8409119731675793e-15
17900.8150100708,1.8851194697177285e-15
17902.920246124268,1.9282118473928174e-15
17905.02429008484,1.9615010892528586e-15
17907.129526138306,1.940606056993516e-15
17909.233570098877,1.887941571739743e-15
17911.338806152344,1.9016101424095856e-15
17913.442850112915,1.8978050586522825e-15
17915.546894073486,1.8598029254737183e-15
17917.652130126953,1.844243777265604e-15
17919.756174087524,1.8871447254946135e-15
17921.860218048096,1.880551421033186e-15
17923.965454101562,1.9106486192314994e-15
17926.069498062134,1.9154877184591633e-15
17928.173542022705,1.879566745232003e-15
17930.278778076172,1.8913771373738064e-15
17932.382822036743,1.9000268260729305e-15
17934.486865997314,1.9040419740011527e-15
17936.590909957886,1.903261433140258e-15
17938.694953918457,1.8878183284459175e-15
17940.79899787903,1.918373136193985e-15
17942.904233932495,1.886953507806771e-15
17945.008277893066,1.883564740743043e-15
17947.112321853638,1.88537654421722e-15
17949.21636581421,1.9259070707433384e-15
17951.32040977478,1.915384803956072e-15
17953.42445373535,1.9062819526301667e-15
17955.528497695923,1.8966575407669897e-15
17957.632541656494,1.926834571820582e-15
17959.736585617065,1.9355996687587694e-15
17961.840629577637,1.927090164012416e-15
17963.944673538208,1.899916288273314e-15
17966.04871749878,1.904379940147107e-15
17968.151569366455,1.9166676353546885e-15
17970.255613327026,1.8824843502188203e-15
17972.359657287598,1.845169372518716e-15
17974.46370124817,1.804324173252693e-15
17976.56774520874,1.8253600247395167e-15
17978.67178916931,1.872606887262651e-15
17980.774641036987,1.8194367233393674e-15
17982.87868499756,1.802498605493123e-15
17984.98272895813,1.7960886836647762e-15
17987.085580825806,1.8285694325766632e-15
17989.189624786377,1.807538663287523e-15
17991.29366874695,1.7764235432448467e-15
17993.396520614624,1.8280099673150018e-15
17995.500564575195,2.021433752468784e-15
17997.604608535767,2.006194570956495e-15
17999.707460403442,1.9089676823476733e-15
18001.811504364014,1.9311777332576283e-15
18003.91435623169,1.9480195011061224e-15
18006.01840019226,1.9722977947150356e-15
18008.121252059937,2.0397821801722065e-15
18010.225296020508,2.063864809170304e-15
18012.328147888184,1.987325217990511e-15
18014.432191848755,1.8868683809955718e-15
18016.53504371643,1.861686726748412e-15
18018.637895584106,1.917997053565404e-15
18020.741939544678,1.9462381908180466e-15
18022.844791412354,1.8771296196845155e-15
18024.94764328003,1.8981104140297677e-15
18027.0516872406,1.8822560748395353e-15
18029.154539108276,1.860948114018406e-15
18031.257390975952,1.8795783919350276e-15
18033.361434936523,1.944500714484991e-15
18035.4642868042,1.9218402538053337e-15
18037.567138671875,1.9020772810799964e-15
18039.66999053955,1.8962145425355757e-15
18041.772842407227,1.9006762885852378e-15
18043.876886367798,1.8991431589507075e-15
18045.979738235474,1.8959788556180022e-15
18048.08259010315,1.87130309179859e-15
18050.185441970825,1.8613405020312217e-15
18052.2882938385,1.9016660465841044e-15
18054.391145706177,2.033408045485881e-15
18056.493997573853,2.0313777075113126e-15
18058.59684944153,2.0336367443816398e-15
18060.699701309204,2.270679549945466e-15
18062.80255317688,2.1056322155576504e-15
18064.905405044556,2.068042799182636e-15
18067.00825691223,1.9662480736475085e-15
18069.111108779907,1.902861421830917e-15
18071.213960647583,1.94207248278345e-15
18073.315620422363,1.9426831935384203e-15
18075.41847229004,1.857257591467219e-15
18077.521324157715,1.7798544501977003e-15
18079.62417602539,1.814422288291622e-15
18081.727027893066,1.86389917680664e-15
18083.828687667847,1.897766942169656e-15
18085.931539535522,1.907141479313393e-15
18088.0343914032,1.9434052891259546e-15
18090.137243270874,1.9169189923817862e-15
18092.238903045654,1.8983590181997868e-15
18094.34175491333,1.8779076194465685e-15
18096.444606781006,1.8777869172515848e-15
18098.546266555786,1.863252890667885e-15
18100.649118423462,1.941853313008348e-15
18102.750778198242,2.0669416563512052e-15
18104.853630065918,1.9844743168482898e-15
18106.9552898407,2.0518418117587396e-15
18109.058141708374,2.1871582896979295e-15
18111.159801483154,1.989205207616942e-15
18113.26265335083,1.968086558659524e-15
18115.36431312561,1.9228933275170076e-15
18117.467164993286,2.0024898606034415e-15
18119.568824768066,2.098858069561984e-15
18121.671676635742,1.9969998165558127e-15
18123.773336410522,1.9783816088586896e-15
18125.874996185303,2.3306973399725905e-15
18127.97784805298,1.946760386630029e-15
18130.07950782776,1.994225571895318e-15
18132.18116760254,1.9040034340020526e-15
18134.284019470215,1.876254211133528e-15
18136.385679244995,1.7923123990276797e-15
18138.487339019775,1.8275591340288257e-15
18140.588998794556,1.8407819536101757e-15
18142.690658569336,1.8594662298771847e-15
18144.79351043701,1.8696668359027314e-15
18146.895170211792,1.9302345620708606e-15
18148.996829986572,1.9217214574344813e-15
18151.098489761353,1.8023378809913816e-15
18153.200149536133,1.9896283005740954e-15
18155.301809310913,2.1209021020142773e-15
18157.403469085693,2.08963155142578e-15
18159.505128860474,2.0294047560189205e-15
18161.606788635254,2.016453834013639e-15
18163.708448410034,2.0016733208422883e-15
18165.810108184814,2.020517051061618e-15
18167.911767959595,2.062591295134107e-15
18170.013427734375,1.96893147402441e-15
18172.115087509155,1.9496824385398194e-15
18174.216747283936,1.9418867708097644e-15
18176.318407058716,1.932042553896775e-15
18178.420066833496,1.9343138727448373e-15
18180.52053451538,1.9465911917988148e-15
18182.62219429016,2.18338751077499e-15
18184.72385406494,2.154106640579593e-15
18186.82551383972,1.8433471928909354e-15
18188.925981521606,1.778668815829781e-15
18191.027641296387,1.7627804894425401e-15
18193.129301071167,1.792532627593966e-15
18195.230960845947,1.8625638293652937e-15
18197.331428527832,1.9129815597264746e-15
18199.433088302612,1.9993977668294896e-15
18201.534748077393,2.6944022760952728e-15
18203.635215759277,3.887165485056809e-15
18205.736875534058,2.294213301593743e-15
18207.837343215942,2.442384139782227e-15
18209.939002990723,2.1735377881478436e-15
18212.039470672607,2.1685648577145136e-15
18214.141130447388,2.277962974500669e-15
18216.241598129272,2.2254422730896926e-15
18218.343257904053,2.328732647051434e-15
18220.443725585938,2.1555091153820094e-15
18222.545385360718,2.135578218374879e-15
18224.645853042603,2.1005534060059136e-15
18226.746320724487,1.995830699330365e-15
18228.847980499268,1.971834891209361e-15
18230.948448181152,1.925467884160187e-15
18233.048915863037,1.925533740971836e-15
18235.150575637817,1.915969680206151e-15
18237.251043319702,1.8706502411544937e-15
18239.351511001587,1.879224755679549e-15
18241.45197868347,1.8584597429776098e-15
18243.553638458252,1.806102942441927e-15
18245.654106140137,1.840444410980695e-15
18247.75457382202,1.8588021560465373e-15
18249.855041503906,1.856409287970544e-15
18251.95550918579,1.875538891809572e-15
18254.055976867676,1.9221650909406057e-15
18256.157636642456,1.933398865403566e-15
18258.25810432434,1.891887474724527e-15
18260.358572006226,2.241340869751419e-15
18262.45903968811,3.0764058767357265e-15
18264.559507369995,2.3657592100329982e-15
18266.65997505188,2.224941888376102e-15
18268.760442733765,2.0291970211886064e-15
18270.86091041565,1.970282279817044e-15
18272.961378097534,1.963352279759083e-15
18275.060653686523,1.9670093445088533e-15
18277.16112136841,1.9737667616038113e-15
18279.261589050293,2.0985705018763913e-15
18281.362056732178,2.255108966792564e-15
18283.462524414062,2.075349940660362e-15
18285.562992095947,2.1451335970528547e-15
18287.662267684937,2.2798330114899698e-15
18289.76273536682,2.0988055535192543e-15
18291.863203048706,2.1133662616407926e-15
18293.96367073059,1.9673318523035204e-15
18296.06294631958,1.9876024095225e-15
18298.163414001465,2.1460706272507547e-15
18300.26388168335,2.2285455900501955e-15
18302.36315727234,2.0260333531306116e-15
18304.463624954224,2.103012130893556e-15
18306.56409263611,2.0326353396797484e-15
18308.663368225098,2.191467146300612e-15
18310.763835906982,2.447781010205658e-15
18312.86311149597,2.02711204958894e-15
18314.963579177856,2.120416328619027e-15
18317.062854766846,1.997574104894051e-15
18319.16332244873,1.9397793528369957e-15
18321.26259803772,1.9471030114571932e-15
18323.363065719604,2.138959785658555e-15
18325.462341308594,2.28783831987447e-15
18327.56280899048,2.019881988109414e-15
18329.662084579468,2.031228629712596e-15
18331.761360168457,1.8534283672709193e-15
18333.86182785034,1.8121558398830062e-15
18335.96110343933,1.872830715718963e-15
18338.06037902832,1.9123479790819284e-15
18340.160846710205,1.978577696985979e-15
18342.260122299194,2.061880634491361e-15
18344.359397888184,2.089206552644495e-15
18346.458673477173,2.235186540114906e-15
18348.559141159058,2.8407244648763746e-15
18350.658416748047,2.236432525580317e-15
18352.757692337036,2.327299255546443e-15
18354.856967926025,2.306280768235038e-15
18356.956243515015,2.374888531138505e-15
18359.055519104004,2.638398151688713e-15
18361.154794692993,2.9974037490200283e-15
18363.254070281982,2.3354443243672404e-15
18365.35334587097,2.2755942468636724e-15
18367.45262145996,2.1728290333292285e-15
18369.55189704895,2.152230462601425e-15
18371.65117263794,2.2309558223016076e-15
18373.75044822693,2.93662595868098e-15
18375.849723815918,5.020479474857065e-15
18377.948999404907,3.3381240226024915e-15
18380.048274993896,2.6301825673750567e-15
18382.147550582886,2.278241224823842e-15
18384.246826171875,2.023328141655318e-15
18386.346101760864,1.9300757433932504e-15
18388.444185256958,1.9300903547115906e-15
18390.543460845947,1.9814929726321914e-15
18392.642736434937,2.023442067586724e-15
18394.742012023926,2.1212538324456246e-15
18396.841287612915,3.1908775091176985e-15
18398.93937110901,3.710552762807183e-15
18401.038646697998,2.739201425159079e-15
18403.137922286987,2.4155929111770473e-15
18405.23600578308,2.1439943377387976e-15
18407.33528137207,2.0674596169984513e-15
18409.43455696106,2.04935365247618e-15
18411.532640457153,2.1586471606933498e-15
18413.631916046143,2.805038966808551e-15
18415.729999542236,4.234806441334813e-15
18417.829275131226,4.056431890554898e-15
18419.92735862732,3.3916713279455403e-15
18422.02663421631,2.6390768368377004e-15
18424.124717712402,2.108630288674457e-15
18426.22399330139,2.001554524471436e-15
18428.322076797485,1.952112576065492e-15
18430.421352386475,1.972825496241175e-15
18432.51943588257,2.024746921841969e-15
18434.617519378662,1.9898720343046678e-15
18436.71679496765,2.0341631753583583e-15
18438.814878463745,1.9056799239629057e-15
18440.91296195984,1.825625569568481e-15
18443.012237548828,1.8082410653590337e-15
18445.110321044922,1.776718734226965e-15
18447.208404541016,1.8142158240107287e-15
18449.30648803711,1.81527969739248e-15
18451.404571533203,1.8565335900555535e-15
18453.503847122192,1.877156301222354e-15
18455.601930618286,1.8800442600560175e-15
18457.70001411438,1.8913385973747063e-15
18459.798097610474,2.0348139084200864e-15
18461.896181106567,2.2275391031506206e-15
18463.99426460266,2.638754752559507e-15
18466.092348098755,2.5770297676271916e-15
18468.19043159485,3.5149444796824317e-15
18470.288515090942,3.464499220750465e-15
18472.386598587036,2.7530192853858753e-15
18474.48468208313,2.4661319790079224e-15
18476.582765579224,2.2376348888489446e-15
18478.680849075317,2.6603759038128835e-15
18480.77893257141,2.617442980090115e-15
18482.877016067505,1.6197425650352985e-15
18484.9750995636,2.4261450358757045e-15
18487.073183059692,2.269148749651541e-15
18489.171266555786,2.27455769029447e-15
18491.26935005188,2.1313521592427904e-15
18493.366241455078,2.0617165218578303e-15
18495.464324951172,2.012047568622022e-15
18497.562408447266,2.0025715992828515e-15
18499.66049194336,1.9983508341066833e-15
18501.757383346558,2.111198492570532e-15
18503.85546684265,2.176702938513496e-15
18505.953550338745,2.09386481033792e-15
18508.050441741943,2.0793043139746186e-15
18510.148525238037,1.94273105089994e-15
18512.24660873413,1.8880491449240443e-15
18514.34350013733,1.8626097809026822e-15
18516.441583633423,1.8861553910122205e-15
18518.53847503662,1.9356379969996326e-15
18520.636558532715,1.9571657628705743e-15
18522.733449935913,1.9981507225728945e-15
18524.831533432007,2.0568316828510147e-15
18526.928424835205,2.4079344627844475e-15
18529.0265083313,2.5376509941511024e-15
18531.123399734497,2.3273841705994053e-15
18533.22148323059,2.543012712707222e-15
18535.31837463379,
18918.39623451233,
18921.258449554443,1.624571711625832e-15
18924.120664596558,1.8293368444268756e-15
18926.982879638672,1.878048862190523e-15
18929.845094680786,1.836054027456839e-15
18932.7073097229,1.793157314392566e-15
18935.569524765015,1.6937307870988432e-15
18938.43173980713,1.7863050296075154e-15
18941.293954849243,1.8864471938625496e-15
18944.156169891357,1.873442061748644e-15
18947.01838493347,1.7782048535329225e-15
18949.880599975586,1.776658171371236e-15
18952.7428150177,1.779209434608366e-15
18955.60383796692,1.7894674271160893e-15
18958.466053009033,1.8077802794357273e-15
18961.328268051147,1.7907278121416037e-15
18964.189291000366,1.7868945645388044e-15
18967.05150604248,1.8364250278877364e-15
18969.9125289917,1.8537678157245314e-15
18972.774744033813,1.886267411119495e-15
18975.635766983032,1.807339822303155e-15
18978.497982025146,1.819854945857074e-15
18981.359004974365,1.94115006390389e-15
18984.220027923584,2.046536632651849e-15
18987.081050872803,1.976856949553632e-15
18989.943265914917,2.0757740924086995e-15
18992.804288864136,2.178377099133744e-15
18995.665311813354,2.3265456079816236e-15
18998.526334762573,2.408542844198813e-15
19001.387357711792,2.5870429676131583e-15
19004.24838066101,2.395491337031045e-15
19007.10940361023,2.012546259269718e-15
19009.97042655945,2.0736548159746692e-15
19012.83025741577,2.060796855835349e-15
19015.69128036499,1.9392431809813837e-15
19018.55230331421,1.89486585432531e-15
19021.413326263428,1.9249005838437635e-15
19024.27315711975,1.930403545143838e-15
19027.13418006897,1.8045960708287616e-15
19029.994010925293,1.5586821833292225e-15
19032.85503387451,1.953501710098989e-15
19035.714864730835,2.0059745541484457e-15
19038.575887680054,1.9515802158581426e-15
19041.435718536377,1.874442831175825e-15
19044.296741485596,1.8404166706516723e-15
19047.15657234192,1.8810528645379606e-15
19050.016403198242,2.1254591392705054e-15
19052.876234054565,2.0210455996207046e-15
19055.737257003784,1.8808010839943892e-15
19058.597087860107,2.460415353646903e-15
19061.45691871643,2.3124730025959406e-15
19064.316749572754,2.238641799264993e-15
19067.176580429077,1.919990757365004e-15
19070.0364112854,1.824655293327401e-15
19072.896242141724,1.935698983371835e-15
19075.756072998047,1.846620339957363e-15
19078.61590385437,1.7878675936369628e-15
19081.474542617798,1.7374460516275192e-15
19084.33437347412,1.7631452430054515e-15
19087.194204330444,1.6935199817740953e-15
19090.052843093872,1.6950033482229744e-15
19092.912673950195,1.7750387502552044e-15
19095.77250480652,1.8070325611015386e-15
19098.631143569946,1.7685924060101255e-15
19101.49097442627,1.827181780850824e-15
19104.349613189697,1.82287101842401e-15
19107.20944404602,1.7917957089298546e-15
19110.06808280945,1.9096476380460817e-15
19112.926721572876,1.913777558938657e-15
19115.7865524292,1.6755215904361255e-15
19118.645191192627,1.9873074302986186e-15
19121.503829956055,2.0232961661615593e-15
19124.362468719482,1.8958795410049366e-15
19127.22110748291,1.905362710124159e-15
19130.079746246338,1.936224779073843e-15
19132.938385009766,1.8420021045706956e-15
19135.797023773193,1.3958317347692291e-15
19138.65566253662,1.9451762232604265e-15
19141.51430130005,2.1250180468632227e-15
19144.372940063477,1.9721237294443748e-15
19147.231578826904,1.8746543776544016e-15
19150.090217590332,1.7927157984688096e-15
19152.94885635376,1.7839636187830677e-15
19155.806303024292,1.8017940858392444e-15
19158.66494178772,1.8623378833266136e-15
19161.523580551147,1.839514157046373e-15
19164.38102722168,1.8006730377335533e-15
19167.239665985107,1.959221088317087e-15
19170.09711265564,1.892909843491863e-15
19172.955751419067,1.8263328420794383e-15
19175.8131980896,1.7673603965883441e-15
19178.671836853027,1.7244406018762583e-15
19181.52928352356,1.6866028989685799e-15
19184.38673019409,1.7093789796455375e-15
19187.244176864624,1.7367927774669494e-15
19190.10281562805,1.7205518736154138e-15
19192.960262298584,1.7795624355891344e-15
19195.817708969116,1.9429872783664846e-15
19198.67515563965,1.8742126499724085e-15
19201.53260231018,2.0977783143124717e-15
19204.390048980713,2.3165557014017063e-15
19207.247495651245,1.779908236789851e-15
19210.104942321777,2.1371530643820615e-15
19212.96238899231,1.9942850759598627e-15
19215.81983566284,1.842967086855855e-15
19218.677282333374,1.7264228707310702e-15
19221.534729003906,1.7154235126362626e-15
19224.390983581543,1.683552945083754e-15
19227.248430252075,1.677279395559915e-15
19230.105876922607,1.6730777945041784e-15
19232.962131500244,1.7079514114920588e-15
19235.819578170776,1.77084763123219e-15
19238.675832748413,1.7934497525176054e-15
19241.533279418945,1.4370196647415351e-15
19244.389533996582,1.8446814815410977e-15
19247.246980667114,1.82885805905344e-15
19250.10323524475,1.7331994519464598e-15
19252.960681915283,1.6901940010275829e-15
19255.81693649292,1.6197354711343652e-15
19258.673191070557,1.581364772744627e-15
19261.529445648193,1.5992504028214936e-15
19264.386892318726,1.63155242778151e-15
19267.243146896362,1.6539851424774744e-15
19270.099401474,1.5123456694661496e-15
19272.955656051636,1.7299182580670334e-15
19275.811910629272,1.8624217395883918e-15
19278.66816520691,1.8068508725343525e-15
19281.524419784546,1.740708081386514e-15
19284.380674362183,1.6715202067932962e-15
19287.23692893982,1.686709413361697e-15
19290.093183517456,1.8764301822283202e-15
19292.948246002197,1.7516585233286175e-15
19295.804500579834,1.726476445564984e-15
19298.66075515747,1.7162685338802672e-15
19301.517009735107,1.6927392291549636e-15
19304.37207221985,1.786364745430297e-15
19307.228326797485,1.8729565001116303e-15
19310.084581375122,1.744275254764757e-15
19312.939643859863,1.778638110885443e-15
19315.7958984375,1.7814356489519872e-15
19318.65096092224,1.6814052930459907e-15
19321.507215499878,1.710411089291767e-15
19324.36227798462,1.7219484191871993e-15
19327.21734046936,1.6607550533084044e-15
19330.073595046997,1.6492102059955651e-15
19332.92865753174,1.6948953515221995e-15
19335.78372001648,1.686361388699494e-15
19338.63878250122,1.6255642224817773e-15
19341.495037078857,1.6087740177639473e-15
19344.3500995636,1.674805953474814e-15
19347.20516204834,1.6587483263772406e-15
19350.06022453308,1.6366727419476622e-15
19352.915287017822,1.6106084793694633e-15
19355.770349502563,1.5719037323611517e-15
19358.625411987305,1.6051947741662059e-15
19361.480474472046,1.6669846629981046e-15
19364.335536956787,1.6457415001974404e-15
19367.189407348633,1.646108900738312e-15
19370.044469833374,1.7110510226834175e-15
19372.899532318115,1.6524525422385362e-15
19375.754594802856,1.689463435110576e-15
19378.608465194702,1.6431939427294547e-15
19381.463527679443,1.629900713534364e-15
19384.318590164185,1.7388734080227611e-15
19387.17246055603,1.7192740185353623e-15
19390.02752304077,1.6169281921889276e-15
19392.881393432617,1.745610496326985e-15
19395.73645591736,1.777194343226848e-15
19398.590326309204,1.607821846852115e-15
19401.445388793945,1.6998753758564627e-15
19404.29925918579,1.6047863984065109e-15
19407.153129577637,1.5002924965058393e-15
19410.008192062378,1.4466514881430006e-15
19412.862062454224,1.5311348719394997e-15
19415.71593284607,1.5710550053480029e-15
19418.569803237915,1.581213789121779e-15
19421.42367362976,1.5083272392852568e-15
19424.278736114502,1.5189570792568247e-15
19427.132606506348,1.5469759762399313e-15
19429.986476898193,1.5557605549359056e-15
19432.84034729004,1.6057727682735885e-15
19435.694217681885,1.6053040414164017e-15
19438.54808807373,1.711863750796308e-15
19441.40076637268,1.821999633279522e-15
19444.254636764526,1.7721428504876603e-15
19447.108507156372,1.7629178146591137e-15
19449.962377548218,1.741332768185114e-15
19452.816247940063,1.7568248949112767e-15
19455.668926239014,1.7304922287679166e-15
19458.52279663086,1.6692451821760895e-15
19461.376667022705,1.5553877545599953e-15
19464.229345321655,1.4847349364845012e-15
19467.0832157135,1.507116723324512e-15
19469.93589401245,1.5411828002763039e-15
19472.789764404297,1.586841370144218e-15
19475.642442703247,1.6520377078526184e-15
19478.496313095093,1.6515463228640925e-15
19481.348991394043,1.5325575696535317e-15
19484.20286178589,1.5642192377054239e-15
19487.05554008484,1.6843971192948112e-15
19489.90821838379,1.7115931237696603e-15
19492.762088775635,1.677480354126651e-15
19495.614767074585,1.6972998663012176e-15
19498.467445373535,1.6720541551874216e-15
19501.320123672485,1.6173228036632297e-15
19504.172801971436,1.6218186427890188e-15
19507.025480270386,1.6315945676706359e-15
19509.878158569336,1.6513246119901487e-15
19512.730836868286,1.6676652539712234e-15
19515.583515167236,1.6432961160787172e-15
19518.436193466187,1.6675041059530083e-15
19521.288871765137,1.7175569768721594e-15
19524.141550064087,1.7259953308509436e-15
19526.994228363037,1.7541526118418078e-15
19529.846906661987,1.7628309937820202e-15
19532.699584960938,1.7308318889797656e-15
19535.551071166992,1.7767426629077248e-15
19538.403749465942,1.799110473704106e-15
19541.256427764893,1.7550928184132601e-15
19544.107913970947,1.6892378067092512e-15
19546.960592269897,1.7640990021040599e-15
19549.813270568848,1.7269684658282203e-15
19552.664756774902,1.7110954919131484e-15
19555.517435073853,1.7528005354997532e-15
19558.368921279907,1.7751820047024088e-15
19561.221599578857,1.769542565218708e-15
19564.073085784912,1.7078759196806348e-15
19566.924571990967,1.7800086101941006e-15
19569.777250289917,1.7071331776650112e-15
19572.62873649597,1.7209664962430948e-15
19575.480222702026,1.7743945816988175e-15
19578.332901000977,1.7076424562245478e-15
19581.18438720703,1.678014937795487e-15
19584.035873413086,1.6457712522297127e-15
19586.88735961914,1.6027659071899542e-15
19589.738845825195,1.5745440399368617e-15
19592.59033203125,1.5688116385871999e-15
19595.441818237305,1.647067000880775e-15
19598.29330444336,1.6094158569797293e-15
19601.144790649414,1.573729935395432e-15
19603.99627685547,1.590143528089089e-15
19606.847763061523,1.561844474958678e-15
19609.699249267578,1.5393901609225586e-15
19612.550735473633,1.5587942034364969e-15
19615.402221679688,1.5616120702937751e-15
19618.252515792847,1.6041564176519905e-15
19621.1040019989,1.5843796806412603e-15
19623.955488204956,1.632254406336547e-15
19626.80697441101,1.5747166228998648e-15
19629.65726852417,1.6125509376757542e-15
19632.508754730225,1.5737448643511273e-15
19635.359048843384,1.653407466007447e-15
19638.21053504944,1.6598605865161039e-15
19641.062021255493,1.645542553333954e-15
19643.912315368652,1.6362132265737767e-15
19646.76260948181,1.6092917666529565e-15
19649.614095687866,1.6503101841566933e-15
19652.464389801025,1.569463430440112e-15
19655.31587600708,1.650827827166584e-15
19658.16617012024,1.6525460335000894e-15
19661.0164642334,1.584552157725145e-15
19663.867950439453,1.5877316017717824e-15
19666.718244552612,1.5472751906285488e-15
19669.56853866577,1.6536819046823574e-15
19672.41883277893,1.5512868445458636e-15
19675.26912689209,1.5950187320961295e-15
19678.11942100525,1.5576884019238564e-15
19680.96971511841,1.5103038965467931e-15
19683.820009231567,1.5504435173677535e-15
19686.670303344727,1.4524330174036032e-15
19689.520597457886,1.496712511754269e-15
19692.370891571045,1.4501631808631985e-15
19695.221185684204,1.401336390135198e-15
19698.071479797363,1.4346087972154126e-15
19700.921773910522,1.4138047151187813e-15
19703.77206802368,1.5151265845111039e-15
19706.62236213684,1.509436323050568e-15
19709.471464157104,1.447063887309195e-15
19712.321758270264,1.4776377532985758e-15
19715.172052383423,1.434931410889198e-15
19718.021154403687,1.5106753204941641e-15
19720.871448516846,1.5218473674310931e-15
19723.721742630005,1.484875438074627e-15
19726.57084465027,1.4656704483032934e-15
19729.421138763428,1.379991265743508e-15
19732.27024078369,1.340119836729472e-15
19735.12053489685,1.3662061221642995e-15
19737.969636917114,1.3978240621402896e-15
19740.819931030273,1.4497654988944626e-15
19743.669033050537,1.439253078865208e-15
19746.5181350708,1.3932888359824533e-15
19749.36842918396,1.3969301247435811e-15
19752.217531204224,1.3813148606027113e-15
19755.066633224487,1.4431198901485422e-15
19757.91573524475,1.4849981519728605e-15
19760.76602935791,1.4510650591937875e-15
19763.615131378174,1.4660391193935859e-15
19766.464233398438,1.4534986907303676e-15
19769.3133354187,1.4696382682655878e-15
19772.162437438965,1.4728341235755783e-15
19775.01153945923,1.4581148085346667e-15
19777.860641479492,1.473986829537673e-15
19780.709743499756,1.4656541429190588e-15
19783.55884552002,1.4502272377298346e-15
19786.407947540283,1.448617769250933e-15
19789.257049560547,1.4820571477008751e-15
19792.10615158081,1.4715413395398314e-15
19794.955253601074,1.4888810568821926e-15
19797.803163528442,1.4599716106341665e-15
19800.652265548706,1.4942733745035319e-15
19803.50136756897,1.4758987946578627e-15
19806.350469589233,1.4482422160179442e-15
19809.1983795166,1.4345323524919229e-15
19812.047481536865,1.4279420126458108e-15
19814.89658355713,1.3902987037995272e-15
19817.744493484497,1.3115858378353164e-15
19820.59359550476,1.288368135355484e-15
19823.44150543213,1.2946111916932218e-15
19826.290607452393,1.2862842225470016e-15
19829.13851737976,1.3424090491485452e-15
19831.987619400024,1.368557909142351e-15
19834.835529327393,1.3934132439465813e-15
19837.68343925476,1.3632627885517092e-15
19840.532541275024,1.389270511680679e-15
19843.380451202393,1.4220068527844e-15
19846.22836112976,1.4405603683401765e-15
19849.077463150024,1.4583528247928451e-15
19851.925373077393,1.446228395185847e-15
19854.77328300476,1.4449109413155114e-15
19857.62119293213,1.4140756597827843e-15
19860.469102859497,1.4033557166814523e-15
19863.31820487976,1.4172953378944163e-15
19866.16611480713,1.464892872057714e-15
19869.014024734497,1.4177161015109649e-15
19871.861934661865,1.4243170292689176e-15
19874.709844589233,1.410577943106216e-15
19877.5577545166,1.3787239985752972e-15
19880.40566444397,1.3633717381645498e-15
19883.253574371338,1.3654848736097125e-15
19886.10029220581,1.3656703738251612e-15
19888.94820213318,1.3455929401181557e-15
19891.796112060547,1.358152109385332e-15
19894.644021987915,1.3887351868580142e-15
19897.491931915283,1.4030525847654536e-15
19900.338649749756,1.400858240036473e-15
19903.186559677124,1.382790815513302e-15
19906.034469604492,1.3442365227322463e-15
19908.881187438965,1.3653201257014715e-15
19911.729097366333,1.4119641125243977e-15
19914.5770072937,1.4283084602746167e-15
19917.423725128174,1.4265624077329704e-15
19920.271635055542,1.4172938555867586e-15
19923.118352890015,1.4199844557437119e-15
19925.966262817383,1.38975490864739e-15
19928.812980651855,1.3598516809939978e-15
19931.660890579224,1.3588956984339029e-15
19934.507608413696,1.3989049820601045e-15
19937.35432624817,1.4383305541065296e-15
19940.202236175537,1.4405921320756986e-15
19943.04895401001,1.434160716786315e-15
19945.895671844482,1.4193013236717513e-15
19948.74358177185,1.412481861413407e-15
19951.590299606323,1.4339714049226037e-15
19954.437017440796,1.4406016611963552e-15
19957.28373527527,1.4248349899161636e-15
19960.13045310974,1.4110314233703523e-15
19962.977170944214,1.4458176900855471e-15
19965.823888778687,1.4278281925935235e-15
19968.671798706055,1.4411133749756152e-15
19971.518516540527,1.47375442487277e-15
19974.365234375,1.510745306591431e-15
19977.211952209473,1.523786437605595e-15
19980.05747795105,1.4772399654507215e-15
19982.904195785522,1.472366561388694e-15
19985.750913619995,1.4578430168377165e-15
19988.597631454468,1.4472432465357761e-15
19991.44434928894,1.4952731910186472e-15
19994.291067123413,1.5882573974737905e-15
19997.137784957886,1.5943699048585327e-15
19999.983310699463,1.5680951545929411e-15
20002.830028533936,1.612140656091928e-15
20005.67674636841,1.6320231663419465e-15
20008.52346420288,1.620119600575945e-15
20011.367797851562,1.7122667267209643e-15
20014.214515686035,1.6293784118432634e-15
20017.061233520508,1.6455922106404868e-15
20019.90795135498,1.655397569917021e-15
20022.754669189453,1.691142783807626e-15
20025.599002838135,1.8017849802350614e-15
20028.445720672607,1.7607607393798123e-15
20031.29243850708,1.7619098454518811e-15
20034.139156341553,1.725194037682841e-15
20036.983489990234,1.7261171977162298e-15
20039.830207824707,1.7414727403796478e-15
20042.67692565918,1.7590385096398074e-15
20045.52125930786,1.756402543107952e-15
20048.367977142334,1.786232608290525e-15
20051.214694976807,1.7713902617140249e-15
20054.05902862549,1.7875999312256304e-15
20056.90574645996,1.7194275432570521e-15
20059.750080108643,1.725471758610422e-15
20062.596797943115,1.6859939881586224e-15
20065.441131591797,1.6774352496222097e-15
20068.28784942627,1.6366930707383963e-15
20071.134567260742,1.6324489062770602e-15
20073.978900909424,1.559993072694217e-15
20076.825618743896,1.6182796332562719e-15
20079.669952392578,1.5619572362197813e-15
20082.51667022705,1.6290615156418719e-15
20085.361003875732,1.5285029288141438e-15
20088.205337524414,1.4873786321920003e-15
20091.052055358887,1.5343458679634224e-15
20093.89638900757,1.4800034104411387e-15
20096.74310684204,1.5810209832471602e-15
20099.587440490723,1.6223874254131e-15
20102.431774139404,1.6196666497074008e-15
20105.278491973877,1.7079930219855927e-15
20108.12282562256,1.5657572377794009e-15
20110.96954345703,1.6341587481602114e-15
20113.813877105713,1.551118814384952e-15
20116.658210754395,1.603964458810319e-15
20119.504928588867,1.6141061960460315e-15
20122.34926223755,1.5228523720230104e-15
20125.19359588623,1.705589142481285e-15
20128.037929534912,1.5930130639561497e-15
20130.884647369385,1.6941377864299989e-15
20133.728981018066,1.6455996221787753e-15
20136.573314666748,1.5665649895737262e-15
20139.41764831543,1.6714286213558743e-15
20142.26198196411,1.5266360681983953e-15
20145.108699798584,1.6107189112899616e-15
20147.953033447266,1.6396005113298467e-15
20150.797367095947,1.5208823851459337e-15
20153.64170074463,1.6533063514493685e-15
20156.48603439331,1.516669560903646e-15
20159.330368041992,1.5622032992909586e-15
20162.177085876465,1.6264240668023588e-15
20165.021419525146,1.4862487961194814e-15
20167.865753173828,1.5831496829227286e-15
20170.71008682251,1.5513259139405557e-15
20173.55442047119,1.4716887232726537e-15
20176.398754119873,1.5719870592273378e-15
20179.243087768555,1.5062537026303783e-15
20182.087421417236,1.5310030524370833e-15
20184.931755065918,1.6288113232850766e-15
20187.7760887146,1.4943203848321045e-15
20190.62042236328,1.5494463478305984e-15
20193.464756011963,1.579227602739586e-15
20196.309089660645,1.422954576773259e-15
20199.153423309326,1.4646404562394322e-15
20201.997756958008,1.5315655881931785e-15
20204.84209060669,1.428633615047244e-15
20207.68404006958,1.4726614347334568e-15
20210.52837371826,1.4752866015952347e-15
20213.372707366943,1.3899903838067267e-15
20216.217041015625,1.4644548501448651e-15
20219.061374664307,1.4593232069130433e-15
20221.90570831299,1.4224079228849248e-15
20224.75004196167,1.4831521495434381e-15
20227.59199142456,1.4728456643994846e-15
20230.436325073242,1.4183757284186391e-15
20233.280658721924,1.432355371938361e-15
20236.124992370605,1.4093782268155487e-15
20238.969326019287,1.3458870723090897e-15
20241.811275482178,1.3930185265931608e-15
20244.65560913086,1.4111167619397882e-15
20247.49994277954,1.3797627786059862e-15
20250.34189224243,1.3800390172259095e-15
20253.186225891113,1.3953206562646796e-15
20256.030559539795,1.3863344837272587e-15
20258.874893188477,1.3918265394781372e-15
20261.716842651367,1.4358217483958807e-15
20264.56117630005,1.3811490539032863e-15
20267.40312576294,1.3823559699740052e-15
20270.24745941162,1.3758906733667316e-15
20273.091793060303,1.3694700577474256e-15
20275.933742523193,1.424652348436912e-15
20278.778076171875,1.3943493212324157e-15
20281.620025634766,1.387990750776496e-15
20284.464359283447,1.392621903415609e-15
20287.30869293213,1.372673959870415e-15
20290.15064239502,1.3583661969627505e-15
20292.9949760437,1.3574263080286535e-15
20295.83692550659,1.3787771498927374e-15
20298.681259155273,1.4041270460590457e-15
20301.523208618164,1.391033399002152e-15
20304.367542266846,1.376013387264965e-15
20307.209491729736,1.3610578559108879e-15
20310.053825378418,1.3474732473819418e-15
20312.89577484131,1.3811954289571484e-15
20315.7377243042,1.3784115492968788e-15
20318.58205795288,1.3703382665183612e-15
20321.42400741577,1.3624226377471514e-15
20324.268341064453,1.3630513479522509e-15
20327.110290527344,1.3522078439197381e-15
20329.952239990234,1.337067235866686e-15
20332.796573638916,1.33933844883563e-15
20335.638523101807,1.3890387422904864e-15
20338.480472564697,1.4147943672385296e-15
20341.32480621338,1.3919468181566473e-15
20344.16675567627,1.3505905403860745e-15
20347.00870513916,1.360684102622912e-15
20349.85303878784,1.3636513649162622e-15
20352.694988250732,1.3838798881252341e-15
20355.536937713623,1.3831106763300088e-15
20358.378887176514,1.3738263481951544e-15
20361.220836639404,1.3542118179938234e-15
20364.065170288086,1.336757010049754e-15
20366.907119750977,1.3156293613672716e-15
20369.749069213867,1.3133265964210424e-15
20372.591018676758,1.3380415355142652e-15
20375.43296813965,1.3611927459077381e-15
20378.27730178833,1.381205487473397e-15
20381.11925125122,1.3715731346763396e-15
20383.96120071411,1.3488646048769254e-15
20386.803150177002,1.3485451675766921e-15
20389.645099639893,1.3643266619334606e-15
20392.487049102783,1.3638372886481845e-15
20395.328998565674,1.315984479930408e-15
20398.170948028564,1.291220836442718e-15
20401.012897491455,1.3170902814430485e-15
20403.854846954346,1.3085839530702472e-15
20406.696796417236,1.304907935958282e-15
20409.538745880127,1.3083505954932786e-15
20412.380695343018,1.3458087217614687e-15
20415.22264480591,1.3524019203437778e-15
20418.0645942688,1.3346845321860596e-15
20420.90654373169,1.325795239041981e-15
20423.74849319458,1.3029148674333925e-15
20426.59044265747,1.3163595037678048e-15
20429.43239212036,1.3365977678556702e-15
20432.274341583252,1.3485652846091894e-15
20435.116291046143,1.3280984275046838e-15
20437.958240509033,1.3284205117828772e-15
20440.800189971924,1.3468984296481114e-15
20443.642139434814,1.3285323201319148e-15
20446.484088897705,1.317321521437649e-15
20449.326038360596,1.3059906558231097e-15
20452.165603637695,1.2930862147508089e-15
20455.007553100586,1.2831740234438022e-15
20457.849502563477,1.306038619063748e-15
20460.691452026367,1.345494896054511e-15
20463.533401489258,1.3539889424495771e-15
20466.372966766357,1.3396046289393046e-15
20469.214916229248,1.321711693203268e-15
20472.05686569214,1.3303246418483049e-15
20474.89881515503,1.342383744039246e-15
20477.73838043213,1.3667547877558835e-15
20480.58032989502,1.3520834359556102e-15
20483.42227935791,1.3844323653650807e-15
20486.2642288208,1.3555357304903819e-15
20489.1037940979,1.3580369129045054e-15
20491.94574356079,1.3615408764490597e-15
20494.78769302368,1.364735143572274e-15
20497.62725830078,1.3492738276695677e-15
20500.469207763672,1.3709953523271937e-15
20503.311157226562,1.3473729798568106e-15
20506.150722503662,1.3796224887740972e-15
20508.992671966553,1.3652307637255362e-15
20511.832237243652,1.3634978401945723e-15
20514.674186706543,1.3145785111170843e-15
20517.513751983643,1.3061231106002366e-15
20520.355701446533,1.3484804754353456e-15
20523.197650909424,1.3373942964634445e-15
20526.037216186523,1.3475573154019568e-15
20528.879165649414,1.3864509507575062e-15
20531.718730926514,1.3658096048658661e-15
20534.560680389404,1.3541398201933068e-15
20537.400245666504,1.3414463962039907e-15
20540.242195129395,1.3587295740971226e-15
20543.081760406494,1.3691996424790146e-15
20545.923709869385,1.3880533253354745e-15
20548.763275146484,1.3507289243938321e-15
20551.602840423584,1.391919924860572e-15
20554.444789886475,1.4069691592344391e-15
20557.284355163574,1.4233821166533857e-15
20560.126304626465,1.427810087264276e-15
20562.965869903564,1.4399552691784817e-15
20565.805435180664,1.3971278010576466e-15
20568.647384643555,1.3268130550072254e-15
20571.486949920654,1.330982680569203e-15
20574.326515197754,1.3285209910662453e-15
20577.168464660645,1.3819413473463243e-15
20580.008029937744,1.3595627368798656e-15
20582.847595214844,1.3703732066274355e-15
20585.689544677734,1.3232929978366733e-15
20588.529109954834,1.312654687535633e-15
20591.368675231934,1.3035864586814468e-15
20594.210624694824,1.2953673803568831e-15
20597.050189971924,1.3135314725151595e-15
20599.889755249023,1.2733010074106061e-15
20602.729320526123,1.2647709621152817e-15
20605.568885803223,1.3056486662706558e-15
20608.410835266113,1.3146555911152844e-15
20611.250400543213,1.3484846047209635e-15
20614.089965820312,1.3517626222268376e-15
20616.929531097412,1.3428172131500033e-15
20619.76909637451,1.3386593401701688e-15
20622.60866165161,1.2941862987910554e-15
20625.450611114502,1.34887360460199e-15
20628.2901763916,1.3715317359410425e-15
20631.1297416687,1.3578878351057887e-15
20633.9693069458,1.38654306559052e-15
20636.8088722229,1.332818942119732e-15
20639.6484375,1.3339680481918009e-15
20642.4880027771,1.310518046926184e-15
20645.3275680542,1.2865083686406688e-15
20648.1671333313,1.2854640828958226e-15
20651.0066986084,1.285381391304347e-15
20653.846263885498,1.320868154266921e-15
20656.685829162598,1.3138102522339246e-15
20659.525394439697,1.294506583124236e-15
20662.364959716797,1.3165494509062266e-15
20665.204524993896,1.2603805785914258e-15
20668.044090270996,1.30957794623385e-15
20670.883655548096,1.2829649121849488e-15
20673.723220825195,1.2858267188763659e-15
20676.562786102295,1.3425168340910833e-15
20679.402351379395,1.2991199480714565e-15
20682.241916656494,1.3095039367300837e-15
20685.081481933594,1.3296824849951677e-15
20687.921047210693,1.2700770941342378e-15
20690.760612487793,1.3007768503954043e-15
20693.5977935791,1.2622409805809515e-15
20696.4373588562,1.2671487953564613e-15
20699.2769241333,1.2945368645521003e-15
20702.1164894104,1.2739717516257131e-15
20704.9560546875,1.3198415503348489e-15
20707.7956199646,1.3364963356602365e-15
20710.63280105591,1.286434782653376e-15
20713.472366333008,1.298645080225402e-15
20716.311931610107,1.2617453604276893e-15
20719.151496887207,1.2596231193783437e-15
20721.988677978516,1.3183787244349407e-15
20724.828243255615,1.3016961987805304e-15
20727.667808532715,1.346680742180667e-15
20730.507373809814,1.3695973244477505e-15
20733.344554901123,1.314215345740949e-15
20736.184120178223,1.3078159059453243e-15
20739.023685455322,1.3236407048615212e-15
20741.86086654663,1.2574010343203404e-15
20744.70043182373,1.2497823964762616e-15
20747.53999710083,1.251820251868237e-15
20750.37717819214,1.247595357406451e-15
20753.21674346924,1.2687744633404791e-15
20756.053924560547,1.27667473963952e-15
20758.893489837646,1.2925019737754402e-15
20761.733055114746,1.2721835591949409e-15
20764.570236206055,1.2651288335354966e-15
20767.409801483154,1.2425669463150758e-15
20770.246982574463,1.2443578916029267e-15
20773.086547851562,1.258243196828148e-15
20775.92372894287,1.282406929230945e-15
20778.76329421997,1.2877836826218785e-15
20781.60285949707,1.2614076060399717e-15
20784.44004058838,1.2669553542071321e-15
20787.27960586548,1.2663662427923167e-15
20790.116786956787,1.2481792807444644e-15
20792.953968048096,1.24664244534079e-15
20795.793533325195,1.2435576572260082e-15
20798.630714416504,1.2147100443831316e-15
20801.470279693604,1.2161460828660829e-15
20804.307460784912,1.2277205763320761e-15
20807.14702606201,1.232346011498795e-15
20809.98420715332,1.2367837229885787e-15
20812.82138824463,1.2585661281392887e-15
20815.66095352173,1.271070134385775e-15
20818.498134613037,1.2780362392231129e-15
20821.337699890137,1.2765161327201466e-15
20824.174880981445,1.2659172094511536e-15
20827.012062072754,1.2526732140461221e-15
20829.851627349854,1.2333161818607564e-15
20832.688808441162,1.2471171014286075e-15
20835.52598953247,1.2700851409472367e-15
20838.36317062378,1.279344163972792e-15
20841.20273590088,1.2777035670330787e-15
20844.039916992188,1.2702570886355294e-15
20846.877098083496,1.2456339467379653e-15
20849.716663360596,1.2331787507650644e-15
20852.553844451904,1.2118957774158792e-15
20855.391025543213,1.2084554472214875e-15
20858.22820663452,1.2277028945193022e-15
20861.06538772583,1.2548833347637454e-15
20863.90495300293,1.2672926850783761e-15
20866.74213409424,1.2884677676059048e-15
20869.579315185547,1.2608700577558204e-15
20872.416496276855,1.2508947624942433e-15
20875.253677368164,1.2461326373856612e-15
20878.090858459473,1.2463568893584468e-15
20880.930423736572,1.2394087839712382e-15
20883.76760482788,1.2371350299034524e-15
20886.60478591919,1.2529543231054921e-15
20889.441967010498,1.2457470256364237e-15
20892.279148101807,1.234263482333142e-15
20895.116329193115,1.2543543626881851e-15
20897.953510284424,1.258412921054954e-15
20900.790691375732,1.258007404031456e-15
20903.62787246704,1.2306748154938623e-15
20906.46505355835,1.2247738545876968e-15
20909.30223464966,1.2108279865067468e-15
20912.139415740967,1.2306019706603984e-15
20914.976596832275,1.2323010128734721e-15
20917.813777923584,1.2282415015946375e-15
20920.650959014893,1.230268451437417e-15
20923.4881401062,1.2089463028144213e-15
20926.32532119751,1.220080762664316e-15
20929.16250228882,1.2328612192889624e-15
20931.999683380127,1.2486267258988515e-15
20934.836864471436,1.2451857604297493e-15
20937.674045562744,1.227631531993496e-15
20940.511226654053,1.2166118451079544e-15
20943.34840774536,1.2222584843717067e-15
20946.18320465088,1.2330055325273509e-15
20949.020385742188,1.2445916726963688e-15
20951.857566833496,1.2538355550079918e-15
20954.694747924805,1.2528331973940348e-15
20957.531929016113,1.2417552769933694e-15
20960.369110107422,1.1888552107011414e-15
20963.20390701294,1.179703125585177e-15
20966.041088104248,1.1845387308019335e-15
20968.878269195557,1.1935113508121983e-15
20971.715450286865,1.2143726076327692e-15
20974.552631378174,1.2123997620194955e-15
20977.38742828369,1.205330636799948e-15
20980.224609375,1.2149351433888645e-15
20983.06179046631,1.2271488290926794e-15
20985.898971557617,1.2478047863026596e-15
20988.733768463135,1.2431362583347491e-15
20991.570949554443,1.2415782471073933e-15
20994.408130645752,1.2137171100107128e-15
20997.24292755127,1.184167200975444e-15
21000.080108642578,1.1834299646739776e-15
21002.917289733887,1.2156821205692244e-15
21005.752086639404,1.2385367635520399e-15
21008.589267730713,1.2341261571165683e-15
21011.42644882202,1.2404648222982275e-15
21014.26124572754,1.2384146849285169e-15
21017.098426818848,1.2131274692003054e-15
21019.933223724365,1.185082843591426e-15
21022.770404815674,1.1688075290264082e-15
21025.60520172119,1.1795985170161912e-15
21028.4423828125,1.1808836777554127e-15
21031.27956390381,1.1865235407555871e-15
21034.114360809326,1.1602693310389664e-15
21036.951541900635,1.1628933332304419e-15
21039.786338806152,1.1916710658551699e-15
21042.62351989746,1.2125436517414104e-15
21045.45831680298,1.2118255795603755e-15
21048.295497894287,1.2179476160657744e-15
21051.130294799805,1.2236891230196193e-15
21053.967475891113,1.2257570480812222e-15
21056.80227279663,1.2163983928052463e-15
21059.63706970215,1.2083940373328115e-15
21062.474250793457,1.1924877114954414e-15
21065.309047698975,1.1903172954472207e-15
21068.146228790283,1.1770634532841774e-15
21070.9810256958,1.2038048128245877e-15
21073.81582260132,1.2118900599434853e-15
21076.653003692627,1.1974197725890664e-15
21079.487800598145,1.1815787741677533e-15
21082.324981689453,1.1908886191701437e-15
21085.15977859497,1.172498792731424e-15
21087.99457550049,1.1981800905383456e-15
21090.829372406006,1.2114220742401273e-15
21093.666553497314,1.2135485504542092e-15
21096.501350402832,1.2104801736027805e-15
21099.33614730835,1.199108650406773e-15
21102.17332839966,1.1839529016397887e-15
21105.008125305176,1.2004255748815167e-15
21107.842922210693,1.1842915030604536e-15
21110.67771911621,1.179166953729565e-15
21113.51490020752,1.1872628946394217e-15
21116.349697113037,1.1845135315717526e-15
21119.184494018555,1.1797751233856937e-15
21122.019290924072,1.1878523236915923e-15
21124.85408782959,1.1927355745116317e-15
21127.6912689209,1.193460528835363e-15
21130.526065826416,1.1852287450165905e-15
21133.360862731934,1.2048640275251292e-15
21136.19565963745,1.1777516675538216e-15
21139.03045654297,1.1804535967764444e-15
21141.865253448486,1.1694796496700545e-15
21144.700050354004,1.1801861461233488e-15
21147.537231445312,1.1865964914681694e-15
21150.37202835083,1.181456377906875e-15
21153.206825256348,1.171896234668571e-15
21156.041622161865,1.1562983347031199e-15
21158.876419067383,1.155728069771381e-15
21161.7112159729,1.1454806651754984e-15
21164.546012878418,1.1468198242651074e-15
21167.380809783936,1.1693951581335659e-15
21170.215606689453,1.2051597479028394e-15
21173.05040359497,1.2042517285833828e-15
21175.88520050049,1.1986987923394204e-15
21178.719997406006,1.1892540573401797e-15
21181.554794311523,1.1894335224458793e-15
21184.38959121704,1.1979829436198721e-15
21187.22438812256,1.2082724881048806e-15
21190.059185028076,1.2035129040951402e-15
21192.893981933594,1.1880834578070743e-15
21195.72877883911,1.161854870837108e-15
21198.561191558838,1.1523485141909547e-15
21201.395988464355,1.1508871705987042e-15
21204.230785369873,1.1761295994598296e-15
21207.06558227539,1.2007861991588102e-15
21209.90037918091,1.1818257901509963e-15
21212.735176086426,1.1822647649759109e-15
21215.569972991943,1.1911053537255224e-15
21218.40238571167,1.1714760004476145e-15
21221.237182617188,1.1715500099513808e-15
21224.071979522705,1.1793542538900267e-15
21226.906776428223,1.1742426218115838e-15
21229.74157333374,1.1835848658242067e-15
21232.573986053467,1.182116957726615e-15
21235.408782958984,1.1899123078193147e-15
21238.243579864502,1.1792250813655704e-15
21241.07837677002,1.1678789691579807e-15
21243.910789489746,1.1604428669140352e-15
21246.745586395264,1.1796488095974344e-15
21249.58038330078,1.1992750923809086e-15
21252.412796020508,1.2169377410344105e-15
21255.247592926025,1.2034674819533437e-15
21258.082389831543,1.2034658937665676e-15
21260.91480255127,1.2001686062611434e-15
21263.749599456787,1.1685695127682297e-15
21266.584396362305,1.1676189300431736e-15
21269.41680908203,1.1622794461019193e-15
21272.25160598755,1.1562579947590069e-15
21275.086402893066,1.1550390084687895e-15
21277.918815612793,1.1591103782088857e-15
21280.75361251831,1.1642617149567312e-15
21283.586025238037,1.1618155896841792e-15
21286.420822143555,1.1529037442878799e-15
21289.25323486328,1.158418881686571e-15
21292.0880317688,1.1465991721823477e-15
21294.920444488525,1.147211682882331e-15
21297.755241394043,1.1389172186254616e-15
21300.58765411377,1.1466382415770398e-15
21303.422451019287,1.1615498330969781e-15
21306.254863739014,1.15598863828178e-15
21309.08966064453,1.1551314409391587e-15
21311.922073364258,1.1660786006285916e-15
21314.756870269775,1.1602348144463658e-15
21317.589282989502,1.1542142101364007e-15
21320.42407989502,1.1633654482194177e-15
21323.256492614746,1.1571275799584818e-15
21326.088905334473,1.1555905327965705e-15
21328.92370223999,1.164865543569005e-15
21331.756114959717,1.1645076721487901e-15
21334.590911865234,1.1574478642916624e-15
21337.42332458496,1.1580771038923539e-15
21340.255737304688,1.1355555566160461e-15
21343.090534210205,1.154302513321152e-15
21345.92294692993,1.1625416027990945e-15
21348.75535964966,1.1532617215872132e-15
21351.590156555176,1.1459554271424344e-15
21354.422569274902,1.142308526788031e-15
21357.25498199463,1.1546613376534325e-15
21360.087394714355,1.1601638754370333e-15
21362.922191619873,1.1558538541640482e-15
21365.7546043396,1.1594366976518155e-15
21368.587017059326,1.1544833548553907e-15
21371.419429779053,1.1671820728006272e-15
21374.25422668457,1.1859399350549289e-15
21377.086639404297,1.1883636139543787e-15
21379.919052124023,1.17513073585678e-15
21382.75146484375,1.1717201576946605e-15
21385.583877563477,1.1531121143929044e-15
21388.418674468994,1.1429641302892059e-15
21391.25108718872,1.1472113652449757e-15
21394.083499908447,1.1311464324882323e-15
21396.915912628174,1.1325005205335367e-15
21399.7483253479,1.1315265385233126e-15
21402.580738067627,1.1200312426378877e-15
21405.413150787354,1.101693720483661e-15
21408.24556350708,1.1144319313400632e-15
21411.077976226807,1.1389989573048717e-15
21413.910388946533,1.1527999827518412e-15
21416.74280166626,1.1403797268880146e-15
21419.577598571777,1.135344433653943e-15
21422.410011291504,1.1352587774471519e-15
21425.24242401123,1.1420681811892476e-15
21428.074836730957,1.141431635929386e-15
21430.907249450684,1.147891532701621e-15
21433.73727798462,1.1294289673085558e-15
21436.569690704346,1.1226530213678766e-15
21439.402103424072,1.1085943920258233e-15
21442.2345161438,1.113274672575877e-15
21445.066928863525,1.1290088389667176e-15
21447.899341583252,1.1282901315109724e-15
21450.73175430298,1.1507593745027872e-15
21453.564167022705,1.1553699865929292e-15
21456.39657974243,1.1528437108277432e-15
21459.22899246216,1.1466038308635576e-15
21462.061405181885,1.132650763002556e-15
21464.89143371582,1.1483689416465171e-15
21467.723846435547,1.1474457816131284e-15
21470.556259155273,1.1722732702092176e-15
21473.388671875,1.1658416431615973e-15
21476.221084594727,1.1517384387106947e-15
21479.053497314453,1.1482956732965796e-15
21481.88352584839,1.1417886603166537e-15
21484.715938568115,1.13893659450413e-15
21487.54835128784,1.1548664255057865e-15
21490.38076400757,1.1507730329090617e-15
21493.210792541504,1.1448052622791815e-15
21496.04320526123,1.1357747263911482e-15
21498.875617980957,1.1475444609514835e-15
21501.708030700684,1.1695718703821868e-15
21504.53805923462,1.1853685054528875e-15
21507.370471954346,1.19837384932503e-15
21510.202884674072,1.1789515956027257e-15
21513.032913208008,1.138963381921087e-15
21515.865325927734,1.1238317735930994e-15
21518.69535446167,1.1234463736020986e-15
21521.527767181396,1.1461847613129035e-15
21524.360179901123,1.150625013901529e-15
21527.19020843506,1.163448033931775e-15
21530.022621154785,1.1534309164184272e-15
21532.85264968872,1.1507171287345429e-15
21535.685062408447,1.122578694226755e-15
21538.517475128174,1.1261684198572187e-15
21541.34750366211,1.1247020999464031e-15
21544.179916381836,1.1157894075171566e-15
21547.00994491577,1.100407924469729e-15
21549.842357635498,1.104583902778811e-15
21552.672386169434,1.1161940775077073e-15
21555.50479888916,1.1144214493073409e-15
21558.334827423096,1.1311952427618178e-15
21561.167240142822,1.1151356039609947e-15
21563.997268676758,1.0971806230615716e-15
21566.827297210693,1.1142969354640945e-15
21569.65970993042,1.1185496761340215e-15
21572.489738464355,1.1273233492808e-15
21575.322151184082,1.1503225172602408e-15
21578.152179718018,1.1554589250523909e-15
21580.982208251953,1.1325993057510102e-15
21583.81462097168,1.1333331539206877e-15
21586.644649505615,1.1299830327351785e-15
21589.47706222534,1.132496708885274e-15
21592.307090759277,1.1322165527379697e-15
21595.137119293213,1.1340638257168129e-15
21597.96714782715,1.1539343716264515e-15
21600.799560546875,1.118031821365894e-15
21603.62958908081,1.1052048838082668e-15
21606.459617614746,1.130677070356335e-15
21609.292030334473,1.141388966644668e-15
21612.12205886841,1.1490243333894552e-15
21614.952087402344,1.143352494895522e-15
21617.78211593628,1.132887402832195e-15
21620.614528656006,1.1240517904011487e-15
21623.44455718994,1.1131305710957253e-15
21626.274585723877,1.115072182369069e-15
21629.104614257812,1.0971972460831615e-15
21631.934642791748,1.1159006864706021e-15
21634.764671325684,1.1628984154281254e-15
21637.59708404541,1.1853117542454214e-15
21640.427112579346,1.1625905189517984e-15
21643.25714111328,1.1550886657753223e-15
21646.087169647217,1.1552774482434416e-15
21648.917198181152,1.1690464981966523e-15
21651.747226715088,1.1879720729745104e-15
21654.577255249023,1.1646188452231173e-15
21657.40728378296,1.1576216119249679e-15
21660.237312316895,1.1715132698972936e-15
21663.06734085083,1.1905239714863508e-15
21665.897369384766,1.1993234791380205e-15
21668.7273979187,1.2000231283524525e-15
21671.557426452637,1.1827335977122161e-15
21674.387454986572,1.1489273481169945e-15
21677.217483520508,1.1201471802725431e-15
21680.047512054443,1.124319982208073e-15
21682.87754058838,1.126226547493224e-15
21685.707569122314,1.1234019043723678e-15
21688.53759765625,1.1242430080889913e-15
21691.367626190186,1.1215631017229971e-15
21694.19765472412,1.1145600450733354e-15
21697.027683258057,1.0980971127105008e-15
21699.857711791992,1.0871732464271173e-15
21702.687740325928,1.10595164923039e-15
21705.515384674072,1.1096616535393638e-15
21708.345413208008,1.1152553532439127e-15
21711.175441741943,1.097266596905718e-15
21714.00547027588,1.101700496747239e-15
21716.835498809814,1.0700157470475342e-15
21719.66314315796,1.0581882024885488e-15
21722.493171691895,1.0974810021204917e-15
21725.32320022583,1.1102030134717777e-15
21728.153228759766,1.12894022929799e-15
21730.9832572937,1.1038673129054339e-15
21733.810901641846,1.0719322649698155e-15
21736.64093017578,1.052074001037912e-15
21739.470958709717,1.0476935701511864e-15
21742.29860305786,1.0702478340750819e-15
21745.128631591797,1.0814044226607235e-15
21747.958660125732,1.0941254810999438e-15
21750.786304473877,1.1096134785404887e-15
21753.616333007812,1.1073596297469634e-15
21756.446361541748,1.1087898448784023e-15
21759.274005889893,1.1098767999079663e-15
21762.104034423828,1.1079002485255484e-15
21764.934062957764,1.097639609039865e-15
21767.76170730591,1.0895372095037856e-15
21770.591735839844,1.0730912177998961e-15
21773.41938018799,1.0711452654826978e-15
21776.249408721924,1.0622137265703748e-15
21779.07705307007,1.064692144974041e-15
21781.907081604004,1.0681639212665995e-15
21784.73472595215,1.0777671573060951e-15
21787.564754486084,1.100056829313092e-15
21790.39239883423,1.1024166631041425e-15
21793.222427368164,1.0946366654836118e-15
21796.05007171631,1.0868767848955783e-15
21798.880100250244,1.0675421990833148e-15
21801.70774459839,1.0808552276735475e-15
21804.537773132324,1.1103476443475213e-15
21807.36541748047,1.0924408384469734e-15
21810.193061828613,1.0943568269736626e-15
21813.02309036255,1.0872892899408911e-15
21815.850734710693,1.0786729531640652e-15
21818.68076324463,1.0641418911956808e-15
21821.508407592773,1.0707246077452676e-15
21824.336051940918,1.0773348528656402e-15
21827.166080474854,1.0692516174499924e-15
21829.993724822998,1.046923828960369e-15
21832.821369171143,1.0574890826697088e-15
21835.649013519287,1.0947900843261832e-15
21838.479042053223,1.0941884791753958e-15
21841.306686401367,1.0753356433518832e-15
21844.13433074951,1.0536691758358287e-15
21846.964359283447,1.0393117556216315e-15
21849.79200363159,1.051849113790416e-15
21852.619647979736,1.0632470008869067e-15
21855.44729232788,1.0671636812350106e-15
21858.274936676025,1.0897508735647305e-15
21861.10496520996,1.0814842555160022e-15
21863.932609558105,1.0881598280524317e-15
21866.76025390625,1.0939102288522228e-15
21869.587898254395,1.1002685875499056e-15
21872.41554260254,1.0966912497762955e-15
21875.243186950684,1.105238235730565e-15
21878.070831298828,1.1080622435767108e-15
21880.898475646973,1.090836346286637e-15
21883.726119995117,1.069852481446951e-15
21886.55376434326,1.0582594591352365e-15
21889.383792877197,1.046364998973418e-15
21892.21143722534,1.0487012217210638e-15
21895.039081573486,1.0639396620795239e-15
21897.86672592163,1.0699797481472759e-15
21900.694370269775,1.0696102300240362e-15
21903.52201461792,1.0833541866261845e-15
21906.349658966064,1.0991930674651294e-15
21909.17730331421,1.08240614499997e-15
21912.002563476562,1.0740618116783312e-15
21914.830207824707,1.0644254354747742e-15
21917.65785217285,1.0692183714068127e-15
21920.485496520996,1.0973820051447813e-15
21923.31314086914,1.0778026268107614e-15
21926.140785217285,1.0661917109280362e-15
21928.96842956543,1.0674037091964387e-15
21931.796073913574,1.0681260165422098e-15
21934.62371826172,1.072220785567474e-15
21937.448978424072,1.079611995065215e-15
21940.276622772217,1.0646144297011303e-15
21943.10426712036,1.088459995353115e-15
21945.931911468506,1.0874505438382247e-15
21948.75955581665,1.0654336164402436e-15
21951.584815979004,1.0623569810175792e-15
21954.41246032715,1.0747868718811809e-15
21957.240104675293,1.0817728819927791e-15
21960.065364837646,1.0434179595916835e-15
21962.89300918579,1.042638265763736e-15
21965.720653533936,1.0472302431290383e-15
21968.54829788208,1.0362792717913427e-15
21971.373558044434,1.0542139239000316e-15
21974.201202392578,1.0535794962225381e-15
21977.028846740723,1.0700144764981133e-15
21979.854106903076,1.0638487119168124e-15
21982.68175125122,1.078451665806595e-15
21985.507011413574,1.0882776715112185e-15
21988.33465576172,1.094030295772496e-15
21991.162300109863,1.093677083033491e-15
21993.987560272217,1.0933029062290415e-15
21996.81520462036,1.0913328134728464e-15
21999.640464782715,1.0664039985604419e-15
22002.46810913086,1.0557291599635511e-15
22005.293369293213,1.0461214770010824e-15
22008.121013641357,1.0411350999197148e-15
22010.94627380371,1.0266302959726953e-15
22013.773918151855,1.0360293970719026e-15
22016.59917831421,1.0338693571772858e-15
22019.426822662354,1.030164858582469e-15
22022.252082824707,1.0261197468637378e-15
22025.07734298706,1.0294424453575796e-15
22027.904987335205,1.0350627207208487e-15
22030.73024749756,1.0485105334288132e-15
22033.557891845703,1.0478721882239386e-15
22036.383152008057,1.0274061781523802e-15
22039.20841217041,1.0154044624436157e-15
22042.036056518555,1.02543110907762e-15
22044.86131668091,1.0328849990134579e-15
22047.68657684326,1.0510036690299378e-15
22050.514221191406,1.080544578340142e-15
22053.33948135376,1.0617357882298866e-15
22056.164741516113,1.0651096263379189e-15
22058.990001678467,1.0773869453918963e-15
22061.81764602661,1.078415772785455e-15
22064.642906188965,1.0731462749414677e-15
22067.46816635132,1.0478403186092982e-15
22070.293426513672,1.0648794451345025e-15
22073.118686676025,1.0701116735288107e-15
22075.94633102417,1.0657880997286696e-15
22078.771591186523,1.0647768482687663e-15
22081.596851348877,1.0597757539899401e-15
22084.42211151123,1.050385546736679e-15
22087.247371673584,1.034038340250263e-15
22090.072631835938,1.0569636046050559e-15
22092.89789199829,1.0599991589297785e-15
22095.723152160645,1.0472753476334796e-15
22098.548412322998,1.0405096719672859e-15
22101.37367248535,1.064338720476799e-15
22104.198932647705,1.0750319820402926e-15
22107.02657699585,1.0572977591027477e-15
22109.851837158203,1.0522697715278462e-15
22112.674713134766,1.0624178615106631e-15
22115.49997329712,1.0669650520088794e-15
22118.325233459473,1.0528996464032481e-15
22121.150493621826,1.0626134202423605e-15
22123.97575378418,1.0882123440951615e-15
22126.801013946533,1.0985491106669794e-15
22129.626274108887,1.0859419781591648e-15
22132.45153427124,1.0644809161328194e-15
22135.276794433594,1.0648855861233701e-15
22138.102054595947,1.0750676633031957e-15
22140.9273147583,1.058031077876833e-15
22143.750190734863,1.0413026006850343e-15
22146.575450897217,1.0363892801953673e-15
22149.40071105957,1.0407355121268475e-15
22152.225971221924,1.061717682900639e-15
22155.051231384277,1.0376076312108742e-15
22157.87410736084,1.0485051335937744e-15
22160.699367523193,1.0255256591303573e-15
22163.524627685547,1.0319874617267235e-15
22166.3498878479,1.052336369493324e-15
22169.172763824463,1.0649432902429018e-15
22171.998023986816,1.0608548739647421e-15
22174.82328414917,1.0702605395692907e-15
22177.646160125732,1.075071898467932e-15
22180.471420288086,1.041867359902616e-15
22183.29668045044,1.033001889560179e-15
22186.119556427002,1.048139321239679e-15
22188.944816589355,1.049014412153311e-15
22191.767692565918,1.0880603016811294e-15
22194.59295272827,1.0540907864853245e-15
22197.418212890625,1.0346215224344476e-15
22200.241088867188,1.0497448721911995e-15
22203.06634902954,1.0490461758888331e-15
22205.889225006104,1.0216546126822867e-15
22208.714485168457,1.0126719341557733e-15
22211.53736114502,1.0234532871457812e-15
22214.362621307373,1.0368465721077662e-15
22217.185497283936,1.032911045276586e-15
22220.01075744629,1.0320072611218656e-15
22222.83363342285,1.0167037051055853e-15
22225.656509399414,9.93679655533319e-16
22228.481769561768,1.0079015504759555e-15
22231.30464553833,1.0027932006501832e-15
22234.129905700684,1.0133900063368081e-15
22236.952781677246,1.0185494957767709e-15
22239.77565765381,1.0171729613583642e-15
22242.600917816162,1.006300446447408e-15
22245.423793792725,1.0449033377438123e-15
22248.246669769287,1.0259025887918855e-15
22251.07192993164,1.033645846358329e-15
22253.894805908203,1.0137880059428992e-15
22256.717681884766,1.021702575922925e-15
22259.540557861328,1.040084673186001e-15
22262.36581802368,1.0187842297822787e-15
22265.188694000244,1.0351896697838184e-15
22268.011569976807,1.0587918193425859e-15
22270.83444595337,1.0375870906619033e-15
22273.65732192993,1.0208282261631218e-15
22276.480197906494,1.03143943140985e-15
22279.305458068848,1.0645464553071132e-15
22282.12833404541,1.046363410786642e-15
22284.951210021973,1.0327477796760027e-15
22287.774085998535,1.047458412629205e-15
22290.596961975098,1.0797971776433084e-15
22293.41983795166,1.0398359631368635e-15
22296.242713928223,1.026585720863846e-15
22299.065589904785,1.040452709001583e-15
22301.888465881348,1.009267391103403e-15
22304.71134185791,9.973330145139452e-16
22307.534217834473,1.0009572567370095e-15
22310.357093811035,1.020380886887853e-15
22313.179969787598,1.0521993619141056e-15
22316.00284576416,1.0499643596036568e-15
22318.825721740723,1.0230749810557138e-15
22321.648597717285,1.0169258394960028e-15
22324.471473693848,9.982240931744567e-16
22327.29434967041,1.0156022446367995e-15
22330.11484146118,1.0075433614183853e-15
22332.937717437744,1.0616967188351945e-15
22335.760593414307,1.0634624648928645e-15
22338.58346939087,1.0276351946854941e-15
22341.40634536743,1.0269285574492472e-15
22344.226837158203,1.0382494704266562e-15
22347.049713134766,1.0193732353179757e-15
22349.872589111328,9.78838685385358e-16
22352.69546508789,9.832472801175798e-16
22355.515956878662,1.0113010113306422e-15
22358.338832855225,1.0461641462858003e-15
22361.161708831787,1.0268783707471224e-15
22363.98458480835,9.96487040357875e-16
22366.80507659912,9.750043789913745e-16
22369.627952575684,9.981326136161532e-16
22372.448444366455,1.028851216360396e-15
22375.271320343018,1.010603691456815e-15
22378.09419631958,1.0374142959406634e-15
22380.91468811035,1.0201921044197338e-15
22383.737564086914,1.0094914313179518e-15
22386.558055877686,1.012137774003411e-15
22389.380931854248,9.98979011288697e-16
22392.20142364502,9.874278112287534e-16
22395.024299621582,1.0005524808673403e-15
22397.844791412354,1.0057839681078197e-15
22400.667667388916,1.07121821619528e-15
22403.488159179688,1.0265395575682207e-15
22406.31103515625,9.9218697172202e-16
22409.13152694702,1.0184961327010938e-15
22411.954402923584,1.0024953626901049e-15
22414.774894714355,1.0020504586345596e-15
22417.595386505127,1.0467112236906082e-15
22420.41826248169,1.042007649734505e-15
22423.23875427246,9.99629956108662e-16
22426.059246063232,1.017320239212068e-15
22428.882122039795,1.0362971653623534e-15
22431.702613830566,1.028496944830207e-15
22434.523105621338,1.0262279553227495e-15
22437.3459815979,1.000357980926827e-15
22440.166473388672,1.0205319763898196e-15
22442.986965179443,1.0480972872296715e-15
22445.807456970215,1.0289871651484304e-15
22448.627948760986,1.0069650496736474e-15
22451.45082473755,1.0263000590023845e-15
22454.27131652832,1.0211290287385154e-15
22457.09180831909,1.0071797725257764e-15
22459.912300109863,1.0024074830218273e-15
22462.732791900635,9.939112131652746e-16
22465.553283691406,9.901191525395355e-16
22468.373775482178,9.563844772283569e-16
22471.19426727295,9.843569991576013e-16
22474.01714324951,1.0148310211383245e-15
22476.837635040283,1.0155244234847705e-15
22479.658126831055,9.802842529889658e-16
22482.478618621826,9.85400120232145e-16
22485.299110412598,9.875365490833571e-16
22488.11960220337,9.604529882322561e-16
22490.94009399414,9.690651957234642e-16
22493.75820159912,9.935098254273945e-16
22496.578693389893,9.976578516492172e-16
22499.399185180664,9.911957314154957e-16
22502.219676971436,9.851930206765413e-16
22505.040168762207,9.711624493008659e-16
22507.86066055298,9.690096091863006e-16
22510.68115234375,9.778305044198885e-16
22513.50164413452,9.704676705258805e-16
22516.319751739502,9.858969050557096e-16
22519.140243530273,9.816166358149968e-16
22521.960735321045,9.480244737971938e-16
22524.781227111816,9.460990620289663e-16
22527.599334716797,9.38878000274505e-16
22530.41982650757,9.596644005583624e-16
22533.24031829834,9.826053350226794e-16
22536.06081008911,9.874463400744746e-16
22538.87891769409,9.944351030431514e-16
22541.699409484863,9.545166637005427e-16
22544.517517089844,9.780983785894577e-16
22547.338008880615,9.894827131587923e-16
22550.158500671387,9.628847139447048e-16
22552.976608276367,9.999460052771063e-16
22555.79710006714,1.0212580953838533e-15
22558.61520767212,9.821298319019145e-16
22561.43569946289,9.755147163420953e-16
22564.25380706787,9.86992542172983e-16
22567.074298858643,9.35986547429934e-16
22569.892406463623,9.768216881797086e-16
22572.712898254395,9.813794665897656e-16
22575.531005859375,9.638242852414466e-16
22578.351497650146,9.899181939727994e-16
22581.169605255127,9.638570018890343e-16
22583.9900970459,9.726292986072735e-16
22586.80820465088,9.212619384331021e-16
22589.62631225586,9.86609153885232e-16
22592.44680404663,9.862498001573594e-16
22595.26491165161,9.864044895493518e-16
22598.08301925659,9.598908759926345e-16
22600.903511047363,9.526701318755284e-16
22603.721618652344,9.670178112108322e-16
22606.539726257324,9.39715080584629e-16
22609.357833862305,9.614954740320893e-16
22612.178325653076,9.914156423444266e-16
22614.996433258057,9.943479645287026e-16
22617.814540863037,9.937899815746988e-16
22620.632648468018,9.660824750788266e-16
22623.450756072998,9.684559672761515e-16
22626.26886367798,9.336581597370504e-16
22629.08935546875,9.408900211615892e-16
22631.90746307373,9.75760885292391e-16
22634.72557067871,9.91222095315979e-16
22637.54367828369,1.0067535031950707e-15
22640.361785888672,1.0023908600002374e-15
22643.179893493652,1.0185841182484899e-15
22645.998001098633,1.0179277735934862e-15
22648.816108703613,9.954751536232613e-16
22651.634216308594,1.0265132995468558e-15
22654.452323913574,1.0077468610839631e-15
22657.270431518555,9.843495876193128e-16
22660.088539123535,9.767531843900995e-16
22662.906646728516,9.860387830743747e-16
22665.722370147705,9.669642363769183e-16
22668.540477752686,9.42878536884387e-16
22671.358585357666,9.45575278030208e-16
22674.176692962646,9.443557623443986e-16
22676.994800567627,9.452337119942276e-16
22679.812908172607,9.200814921419848e-16
22682.628631591797,9.637932626597534e-16
22685.446739196777,9.795876742689676e-16
22688.264846801758,9.92302803477557e-16
22691.08295440674,1.00164504749018e-15
22693.898677825928,9.968655582061792e-16
22696.71678543091,1.0065389921011785e-15
22699.53489303589,9.916086599772822e-16
22702.350616455078,9.88172141431153e-16
22705.16872406006,9.590346315620788e-16
22707.98683166504,9.474208569431567e-16
22710.80255508423,9.425631229906532e-16
22713.62066268921,9.31147130564915e-16
22716.4363861084,9.608009070153408e-16
22719.25449371338,9.90253830778149e-16
22722.07021713257,1.031513335034498e-15
22724.88832473755,9.958940114156785e-16
22727.70404815674,9.9516355137779e-16
22730.52215576172,9.833799466529435e-16
22733.33787918091,9.86274681750185e-16
22736.15598678589,9.797765626162053e-16
22738.971710205078,9.789182006032814e-16
22741.78981781006,9.63016215809766e-16
22744.605541229248,9.588778245877183e-16
22747.421264648438,9.733571116672017e-16
22750.239372253418,9.904698241796988e-16
22753.055095672607,9.636617607946922e-16
22755.870819091797,9.732602322738595e-16
22758.686542510986,9.919844249685079e-16
22761.504650115967,9.742230969766509e-16
22764.320373535156,9.671057967582282e-16
22767.136096954346,9.596809177008338e-16
22769.951820373535,9.47177334970821e-16
22772.769927978516,9.808788701179383e-16
22775.585651397705,9.360312284179017e-16
22778.401374816895,9.661226032647028e-16
22781.217098236084,9.598682178612954e-16
22784.032821655273,9.460692041175756e-16
22786.848545074463,9.785296242387285e-16
22789.664268493652,9.571094315520882e-16
22792.47999191284,9.337662623169437e-16
22795.29571533203,9.758372241367623e-16
22798.11143875122,9.44607331129733e-16
22800.92716217041,9.796514134982484e-16
22803.7428855896,1.0028532341103198e-15
22806.55860900879,1.018275692376571e-15
22809.37433242798,9.486947944958271e-16
22812.190055847168,9.514047705314489e-16
22815.005779266357,9.496216602983601e-16
22817.821502685547,9.254919150925717e-16
22820.637226104736,9.301603371813637e-16
22823.452949523926,9.745490987822254e-16
22826.266288757324,9.688957891340133e-16
22829.082012176514,9.649475568086242e-16
22831.897735595703,9.774155641548523e-16
22834.713459014893,9.88988892950543e-16
22837.529182434082,9.698947586161814e-16
22840.34252166748,9.750530833858417e-16
22843.15824508667,9.923528843005635e-16
22845.97396850586,9.887377476816821e-16
22848.787307739258,9.85625007479641e-16
22851.603031158447,9.832820084684172e-16
22854.418754577637,9.986772558012377e-16
22857.232093811035,9.610746045364224e-16
22860.047817230225,9.73588034024447e-16
22862.861156463623,9.354817157933705e-16
22865.676879882812,9.349551789375335e-16
22868.49021911621,1.0201745284860782e-15
22871.3059425354,9.862738347172378e-16
22874.1192817688,9.100732684745832e-16
22876.93500518799,8.390887840606799e-16
22879.748344421387,7.757318313368015e-16
22882.564067840576,7.350388862430472e-16
22885.377407073975,7.410792370085952e-16
22888.193130493164,6.978533457651954e-16
22891.006469726562,6.892024394562096e-16
22893.81980895996,6.979277787854353e-16
22896.63553237915,7.279153920961977e-16
22899.44887161255,7.067628618208897e-16
22902.262210845947,6.852866590806121e-16
22905.075550079346,6.830597565227214e-16
22907.891273498535,6.630711553960592e-16
22910.704612731934,6.644641010778189e-16
22913.517951965332,7.089810293515119e-16
22916.33129119873,7.166622417545691e-16
22919.14463043213,7.543284204904286e-16
22921.96035385132,7.841263513605652e-16
22924.773693084717,7.739973196190615e-16
22927.587032318115,8.00452699660655e-16
22930.400371551514,7.700796863588919e-16
22933.213710784912,7.767301655442591e-16
22936.02705001831,7.717169481063753e-16
22938.84038925171,7.727542458294066e-16
22941.653728485107,8.004125714747789e-16
22944.467067718506,8.123752177888514e-16
22947.280406951904,8.312569056721298e-16
22950.093746185303,8.2276111227161e-16
22952.9070854187,8.110516229296481e-16
22955.7204246521,8.191282938399547e-16
22958.533763885498,8.223462778856922e-16
22961.344718933105,8.097447040315939e-16
22964.158058166504,7.96911043149948e-16
22966.971397399902,8.344342321363991e-16
22969.7847366333,8.30036490013814e-16
22972.5980758667,8.161877660240022e-16
22975.409030914307,8.614177372206057e-16
22978.222370147705,8.45324905316162e-16
22981.035709381104,8.122297398801604e-16
22983.849048614502,8.645627705537609e-16
22986.66000366211,8.683700248329914e-16
22989.473342895508,8.532590099935339e-16
22992.286682128906,8.614749648841046e-16
22995.097637176514,8.439918342758614e-16
22997.910976409912,8.503842860496712e-16
23000.72193145752,8.425057149699037e-16
23003.535270690918,8.651418763918868e-16
23006.346225738525,8.863688396874348e-16
23009.159564971924,8.599542760459871e-16
23011.97052001953,8.422905686013011e-16
23014.78385925293,8.119097731843351e-16
23017.594814300537,8.486305043323812e-16
23020.408153533936,8.448742308486636e-16
23023.219108581543,8.208268595969956e-16
23026.03006362915,8.622576762669267e-16
23028.84340286255,8.710311376554684e-16
23031.654357910156,8.512481537767522e-16
23034.465312957764,8.312341946012315e-16
23037.278652191162,8.407769736641169e-16
23040.08960723877,8.817737918276987e-16
23042.900562286377,8.504189085213902e-16
23045.711517333984,8.420783339084547e-16
23048.524856567383,9.001087728830836e-16
23051.33581161499,8.93554961332822e-16
23054.146766662598,8.148023377596493e-16
23056.957721710205,8.060244294481346e-16
23059.768676757812,8.496441380724485e-16
23062.57963180542,8.560797355870091e-16
23065.390586853027,8.706458435435861e-16
23068.201541900635,8.293501815683012e-16
23071.012496948242,8.705291118155426e-16
23073.82345199585,8.740505454146339e-16
23076.634407043457,8.367338207090761e-16
23079.445362091064,8.235494352477077e-16
23082.256317138672,8.3483154352822055e-16
23085.06727218628,8.967596046096401e-16
23087.878227233887,8.721561032885405e-16
23090.689182281494,8.089945504776818e-16
23093.5001373291,8.322102941938237e-16
23096.31109237671,8.499195825989838e-16
23099.119663238525,8.596925958048447e-16
23101.930618286133,8.634899503865041e-16
23104.74157333374,8.128265804706195e-16
23107.552528381348,8.300657126504942e-16
23110.361099243164,8.493913516772523e-16
23113.17205429077,8.195350284733143e-16
23115.98300933838,8.369518787534349e-16
23118.791580200195,8.395619578408398e-16
23121.602535247803,8.447300764289527e-16
23124.41349029541,8.637978998023903e-16
23127.222061157227,8.57404283358278e-16
23130.033016204834,8.22125519923814e-16
23132.84158706665,8.026399504887025e-16
23135.652542114258,8.076361213885227e-16
23138.461112976074,8.659519575268172e-16
23141.27206802368,8.820962466828065e-16
23144.080638885498,8.932228185383798e-16
23146.891593933105,8.23351176598491e-16
23149.700164794922,8.296487606822083e-16
23152.50873565674,8.81775962349626e-16
23155.319690704346,8.789414724707579e-16
23158.128261566162,8.686953913638554e-16
23160.93683242798,8.391284887300824e-16
23163.747787475586,8.692599388232004e-16
23166.556358337402,8.373201792668129e-16
23169.36492919922,7.736449539130037e-16
23172.173500061035,7.583061930898532e-16
23174.98207092285,7.434577584640445e-16
23177.79302597046,6.80625754409227e-16
23180.601596832275,6.951299760210952e-16
23183.41016769409,6.831207958344829e-16
23186.21873855591,6.677244367709191e-16
23189.027309417725,6.195308031709912e-16
23191.83588027954,6.248310059593165e-16
23194.644451141357,6.225871627424807e-16
23197.453022003174,6.556369060366858e-16
23200.26159286499,6.447802729934906e-16
23203.070163726807,6.45550278882104e-16
23205.878734588623,6.373442236891043e-16
23208.68730545044,6.685397059826514e-16
23211.495876312256,6.763932895904748e-16
23214.304447174072,7.074679638099197e-16
23217.110633850098,6.993206185880766e-16
23219.919204711914,7.045707934929548e-16
23222.72777557373,6.982471102065502e-16
23225.536346435547,7.136590335005198e-16
23228.344917297363,7.033890766524166e-16
23231.15110397339,7.000093622533128e-16
23233.959674835205,7.153235061814337e-16
23236.76824569702,7.389805011235359e-16
23239.574432373047,7.569649693574352e-16
23242.383003234863,7.284261529633921e-16
23245.19157409668,7.026998035915884e-16
23247.997760772705,7.291134143209705e-16
23250.80633163452,7.261202645831698e-16
23253.612518310547,7.109791800740848e-16
23256.421089172363,7.754214996407512e-16
23259.22727584839,7.331509027431766e-16
23262.035846710205,7.307269591459308e-16
23264.84203338623,8.019797412458769e-16
23267.648220062256,7.699562313068296e-16
23270.456790924072,8.186941894544868e-16
23273.262977600098,8.00742914324208e-16
23276.071548461914,7.701396139399102e-16
23278.87773513794,7.911212553181096e-16
23281.683921813965,7.829544812780389e-16
23284.49010848999,7.866163635276968e-16
23287.298679351807,8.215298440036574e-16
23290.104866027832,7.943093285128972e-16
23292.911052703857,7.784018909447838e-16
23295.717239379883,7.66121342577695e-16
23298.52342605591,8.019822294051595e-16
23301.329612731934,7.653028440528513e-16
23304.13818359375,7.762095049794937e-16
23306.944370269775,7.998026018736374e-16
23309.7505569458,7.976066689578806e-16
23312.556743621826,7.721504701566919e-16
23315.36293029785,7.685429568343358e-16
23318.169116973877,7.656110581665335e-16
23320.975303649902,7.312520666336692e-16
23323.779106140137,7.89748109031492e-16
23326.585292816162,7.498767858965744e-16
23329.391479492188,7.961109675917071e-16
23332.197666168213,7.857900828876503e-16
23335.00385284424,7.815922405406172e-16
23337.810039520264,8.163170973671361e-16
23340.613842010498,7.874371384535863e-16
23343.420028686523,8.152062665963712e-16
23346.22621536255,8.011710894790451e-16
23349.032402038574,8.098834056767068e-16
23351.83620452881,7.807695597905964e-16
23354.642391204834,7.598627749491106e-16
23357.44619369507,7.401341599976962e-16
23360.252380371094,7.962391872040977e-16
23363.05856704712,8.218292172109526e-16
23365.862369537354,7.792698350179235e-16
23368.66855621338,7.814822850761517e-16
23371.472358703613,8.02872778670079e-16
23374.27854537964,8.181841168015621e-16
23377.082347869873,7.847790431859839e-16
23379.886150360107,7.585564383862076e-16
23382.692337036133,8.162763339065494e-16
23385.496139526367,8.299962559488194e-16
23388.302326202393,7.90981071365339e-16
23391.106128692627,7.364608957428095e-16
23393.90993118286,7.330492058499468e-16
23396.713733673096,6.99408445316795e-16
23399.51992034912,7.432517176996249e-16
23402.323722839355,7.989432340090887e-16
23405.12752532959,7.813865174135528e-16
23407.931327819824,7.541657372249965e-16
23410.73513031006,7.801605431015206e-16
23413.538932800293,7.863349897705308e-16
23416.342735290527,7.671800808222036e-16
23419.148921966553,6.781159957865125e-16
23421.952724456787,7.010411013226277e-16
23424.75652694702,7.608118224269498e-16
23427.560329437256,7.548236700667763e-16
23430.3617477417,7.436204946690357e-16
23433.165550231934,7.666144216321154e-16
23435.969352722168,7.0811123239380015e-16
23438.773155212402,7.789581798328931e-16
23441.576957702637,7.737018109995881e-16
23444.38076019287,7.846750169521492e-16
23447.184562683105,7.828871421587322e-16
23449.98598098755,8.148147256165029e-16
23452.789783477783,7.934720893840955e-16
23455.593585968018,7.405576764713234e-16
23458.39500427246,7.262786068047472e-16
23461.198806762695,7.144353921362376e-16
23464.00260925293,7.09515665959907e-16
23466.804027557373,7.036905145025208e-16
23469.607830047607,6.525035194065553e-16
23472.40924835205,6.695783801342219e-16
23475.213050842285,6.591240877409726e-16
23478.01446914673,6.448722290078269e-16
23480.818271636963,6.362035350069488e-16
23483.619689941406,6.450238479053854e-16
23486.42349243164,6.203655541405103e-16
23489.224910736084,6.336252196550659e-16
23492.02871322632,5.871411632404932e-16
23494.83013153076,6.27571369301921e-16
23497.631549835205,6.242541235826772e-16
23500.43296813965,5.995765068786928e-16
23503.236770629883,5.974662831092863e-16
23506.038188934326,6.639496344414803e-16
23508.83960723877,6.091651315998483e-16
23511.641025543213,6.398341299771175e-16
23514.442443847656,6.513197379232082e-16
23517.24624633789,6.762558055552236e-16
23520.047664642334,6.808654647332999e-16
23522.849082946777,6.882896555764247e-16
23525.65050125122,6.993232655660368e-16
23528.451919555664,6.856459069293664e-16
23531.253337860107,6.674710151010124e-16
23534.05475616455,6.218699375943931e-16
23536.856174468994,6.752338603043613e-16
23539.655208587646,6.842647138297498e-16
23542.45662689209,6.886952784790411e-16
23545.258045196533,6.704877229426586e-16
23548.059463500977,6.934661386148917e-16
23550.86088180542,6.740515611286719e-16
23553.659915924072,7.004916416376557e-16
23556.461334228516,7.277792315499266e-16
23559.26275253296,7.608065814105887e-16
23562.064170837402,7.362995889059168e-16
23564.863204956055,7.125215211919165e-16
23567.664623260498,7.110262433422166e-16
23570.46365737915,6.969695727638539e-16
23573.265075683594,6.85368874216055e-16
23576.064109802246,6.967576557083627e-16
23578.86552810669,7.62908705427437e-16
23581.66456222534,7.783802916046289e-16
23584.465980529785,7.387494199476131e-16
23587.265014648438,7.661872523289032e-16
23590.06643295288,7.215274401849202e-16
23592.865467071533,6.719238143651691e-16
23595.664501190186,6.630963016866808e-16
23598.46591949463,6.94749128832186e-16
23601.26495361328,7.51305359901678e-16
23604.063987731934,7.346036701268361e-16
23606.863021850586,7.344138818070919e-16
23609.66444015503,7.218083904256126e-16
23612.46347427368,7.096578616159273e-16
23615.262508392334,7.002512430993131e-16
23618.061542510986,7.068578353901006e-16
23620.86057662964,7.098987895498619e-16
23623.65961074829,7.677885681156875e-16
23626.458644866943,6.999969743964592e-16
23629.257678985596,7.259988212343573e-16
23632.056713104248,7.558000343571645e-16
23634.8557472229,7.785550980291185e-16
23637.654781341553,7.657797236021555e-16
23640.453815460205,7.43706468513182e-16
23643.252849578857,6.822737099476694e-16
23646.04949951172,7.174969927240882e-16
23648.84853363037,7.205797161960611e-16
23651.647567749023,6.910164134523139e-16
23654.446601867676,7.587336800304206e-16
23657.243251800537,7.66577628638469e-16
23660.04228591919,7.353989811247487e-16
23662.84132003784,7.506461035709181e-16
23665.637969970703,7.003063002408846e-16
23668.437004089355,6.754588534309757e-16
23671.233654022217,7.136977852578567e-16
23674.03268814087,7.425910849403257e-16
23676.82933807373,7.270521596438272e-16
23679.628372192383,7.07712703392117e-16
23682.425022125244,7.316437664322151e-16
23685.224056243896,6.933314074367191e-16
23688.020706176758,6.463630599345537e-16
23690.81735610962,6.53761628031024e-16
23693.61639022827,6.564879094508804e-16
23696.413040161133,7.103849335220267e-16
23699.209690093994,7.11506034567277e-16
23702.006340026855,7.167058639513527e-16
23704.805374145508,7.347958407267444e-16
23707.60202407837,7.355802991150203e-16
23710.39867401123,7.312050033655374e-16
23713.19532394409,7.280405941537138e-16
23715.991973876953,7.478566652569321e-16
23718.788623809814,6.963070871199826e-16
23721.585273742676,7.146360330656184e-16
23724.381923675537,6.956401545531383e-16
23727.1785736084,6.997320648422054e-16
23729.97522354126,6.6942898469815e-16
23732.77187347412,6.849038531280124e-16
23735.568523406982,6.801712153539066e-16
23738.365173339844,7.206011567175384e-16
23741.159439086914,7.236934622497271e-16
23743.956089019775,6.877567659734833e-16
23746.752738952637,6.771642483911538e-16
23749.549388885498,7.330318946140873e-16
23752.34365463257,7.182072827899202e-16
23755.14030456543,6.881133139047182e-16
23757.93695449829,6.711404677076365e-16
23760.73122024536,7.279517615733705e-16
23763.527870178223,6.92250699275141e-16
23766.322135925293,7.016358243307186e-16
23769.118785858154,6.69916240401058e-16
23771.913051605225,6.073815449107267e-16
23774.709701538086,6.197168857215911e-16
23777.503967285156,6.228373550992759e-16
23780.298233032227,5.961868927820179e-16
23783.094882965088,6.403000510376666e-16
23785.88914871216,6.320010339787058e-16
23788.68341445923,5.812594193943185e-16
23791.4776802063,5.83512791731811e-16
23794.27433013916,5.52633835062741e-16
23797.06859588623,5.722176603197341e-16
23799.8628616333,6.078769533057521e-16
23802.65712738037,5.887333734230945e-16
23805.45139312744,6.072598898036773e-16
23808.24565887451,5.81217385384311e-16
23811.039924621582,6.033540620652101e-16
23813.834190368652,6.093510553317706e-16
23816.628456115723,6.365188959611234e-16
23819.422721862793,6.172369850102673e-16
23822.216987609863,5.889342790502713e-16
23825.011253356934,6.519397131010392e-16
23827.805519104004,6.988589326922638e-16
23830.599784851074,6.321374062832137e-16
23833.391666412354,6.492330193180881e-16
23836.185932159424,6.56027123527574e-16
23838.980197906494,6.480293855000397e-16
23841.772079467773,6.626859671632953e-16
23844.566345214844,6.754054903552987e-16
23847.360610961914,6.498670764186671e-16
23850.152492523193,6.558867807561258e-16
23852.946758270264,6.494218017862074e-16
23855.738639831543,6.477735815499689e-16
23858.532905578613,6.622905086560459e-16
23861.324787139893,7.045555468999042e-16
23864.119052886963,6.626302747470133e-16
23866.910934448242,6.448071662895659e-16
23869.70281600952,6.696500073578241e-16
23872.49708175659,6.724200168535825e-16
23875.28896331787,6.82379800824313e-16
23878.08084487915,6.935377128989347e-16
23880.87272644043,7.15069555115935e-16
23883.6669921875,6.7471367619562875e-16
23886.45887374878,6.292542120098785e-16
23889.25075531006,6.169762576811906e-16
23892.042636871338,6.257188023671575e-16
23894.834518432617,6.632795784406429e-16
23897.626399993896,6.970327296579835e-16
23900.418281555176,7.053656809743937e-16
23903.210163116455,7.133428255133979e-16
23906.002044677734,6.9272900819254365e-16
23908.793926239014,7.167469450492946e-16
23911.585807800293,7.05822549370319e-16
23914.37530517578,7.195011785564103e-16
23917.16718673706,7.2867417479826e-16
23919.95906829834,7.239709714190713e-16
23922.75094985962,7.117636914019199e-16
23925.540447235107,7.229775605906196e-16
23928.332328796387,7.098945543851257e-16
23931.124210357666,7.568472317777668e-16
23933.913707733154,7.776646546433174e-16
23936.705589294434,7.691424973423143e-16
23939.495086669922,7.378419829633077e-16
23942.2869682312,6.927237142366233e-16
23945.07646560669,6.545249635351777e-16
23947.86834716797,6.987513595079625e-16
23950.657844543457,6.824769449154512e-16
23953.447341918945,7.109274581247431e-16
23956.239223480225,8.377303549715208e-16
23959.028720855713,7.985805980285454e-16
23961.8182182312,6.809400036326583e-16
23964.60771560669,6.94880313059892e-16
23967.39959716797,7.143873230164809e-16
23970.189094543457,6.961933729468137e-16
23972.978591918945,6.85265800894286e-16
23975.768089294434,6.545765266658418e-16
23978.557586669922,6.816152477102976e-16
23981.34708404541,7.040962432842556e-16
23984.1365814209,6.783669292971365e-16
23986.926078796387,6.819059917694426e-16
23989.715576171875,6.855372220143218e-16
23992.505073547363,6.726647564357798e-16
23995.29457092285,6.51296762154514e-16
23998.08168411255,7.054520783350137e-16
24000.871181488037,7.045576644822723e-16
24003.660678863525,6.732308920819009e-16
24006.450176239014,6.848356140361992e-16
24009.23728942871,6.652160545767439e-16
24012.0267868042,6.752405306888209e-16
24014.816284179688,6.361197316847298e-16
24017.603397369385,6.1552158447339975e-16
24020.392894744873,6.60267105763733e-16
24023.18000793457,6.751750444540863e-16
24025.96950531006,7.032492103370013e-16
24028.756618499756,7.387123093166115e-16
24031.543731689453,6.914890048973226e-16
24034.33322906494,6.633526879719028e-16
24037.12034225464,6.618368695732321e-16
24039.907455444336,6.506352294227084e-16
24042.696952819824,7.145795994955076e-16
24045.48406600952,6.544794355142628e-16
24048.27117919922,6.689938744610573e-16
24051.058292388916,6.796251967402828e-16
24053.845405578613,6.968135598828815e-16
24056.63251876831,7.055313288551412e-16
24059.419631958008,6.895180651081802e-16
24062.206745147705,7.445188789887173e-16
24064.993858337402,7.429197337238604e-16
24067.7809715271,7.018536706168406e-16
24070.568084716797,6.360934207238057e-16
24073.355197906494,6.188784819224869e-16
24076.14231109619,6.462271640860786e-16
24078.92942428589,6.346418709500079e-16
24081.714153289795,6.201758716998845e-16
24084.501266479492,6.343786554616486e-16
24087.28837966919,6.352929216490912e-16
24090.073108673096,6.22158034675578e-16
24092.860221862793,5.792901736710707e-16
24095.64733505249,5.652605552074609e-16
24098.432064056396,5.92825918986872e-16
24101.219177246094,6.211713471711451e-16
24104.00390625,5.966562549139152e-16
24106.791019439697,5.7881705283046995e-16
24109.575748443604,5.863230882321231e-16
24112.36047744751,5.487331424615166e-16
24115.147590637207,5.492450679990134e-16
24117.932319641113,6.007823112186685e-16
24120.71704864502,6.217383827897727e-16
24123.501777648926,6.031617326466242e-16
24126.286506652832,5.755339001873531e-16
24129.07361984253,5.904329979713194e-16
24131.858348846436,6.219938691024883e-16
24134.64307785034,5.867333698159494e-16
24137.427806854248,5.995885770981911e-16
24140.212535858154,6.139925311849281e-16
24142.99726486206,6.634823369523919e-16
24145.781993865967,6.762478646213431e-16
24148.566722869873,6.380749484247888e-16
24151.34906768799,6.104073583565559e-16
24154.133796691895,6.362076113530075e-16
24156.9185256958,6.231928971788859e-16
24159.703254699707,6.570247165812028e-16
24162.485599517822,6.532663784546762e-16
24165.27032852173,5.983429622096945e-16
24168.055057525635,6.215982517765613e-16
24170.83740234375,6.486971121602721e-16
24173.622131347656,6.720240289507411e-16
24176.40447616577,6.455324382506524e-16
24179.189205169678,6.802884764775421e-16
24181.971549987793,7.584453182514397e-16
24184.7562789917,6.857290749768749e-16
24187.538623809814,6.924962329507263e-16
24190.32096862793,6.950541665723159e-16
24193.103313446045,6.860296657940318e-16
24195.88804244995,6.484619016987314e-16
24198.670387268066,6.569542010883439e-16
24201.45273208618,7.035444013191194e-16
24204.235076904297,7.291666715175291e-16
24207.017421722412,6.786849372292713e-16
24209.799766540527,6.417593299871082e-16
24212.582111358643,6.554328769755159e-16
24215.364456176758,5.989026392295928e-16
24218.146800994873,6.07810567098511e-16
24220.92914581299,6.453496908922823e-16
24223.711490631104,6.550271481937811e-16
24226.49383544922,6.665394906172695e-16
24229.276180267334,6.935083314435768e-16
24232.05614089966,6.690382907512289e-16
24234.838485717773,6.590160381006384e-16
24237.62083053589,7.03002141414199e-16
24240.400791168213,7.391193615873264e-16
24243.183135986328,6.757549443856003e-16
24245.965480804443,6.1257422745431e-16
24248.745441436768,6.425397120293254e-16
24251.527786254883,6.731077017276346e-16
24254.307746887207,6.434368257995861e-16
24257.08770751953,6.484789482367949e-16
24259.870052337646,6.68721023972923e-16
24262.65001296997,6.62304325880998e-16
24265.429973602295,6.983177845180867e-16
24268.21231842041,6.482403496434652e-16
24270.992279052734,6.198746456080172e-16
24273.77223968506,5.987460440134691e-16
24276.552200317383,5.867929268200533e-16
24279.332160949707,5.921659744418425e-16
24282.11212158203,6.435643042581479e-16
24284.892082214355,6.268440856375848e-16
24287.67204284668,6.346508177355133e-16
24290.452003479004,6.670531102206609e-16
24293.231964111328,6.368813201834298e-16
24296.011924743652,5.881479148378641e-16
24298.791885375977,5.83871457245414e-16
24301.56946182251,5.856849547854854e-16
24304.349422454834,5.85066144277957e-16
24307.12938308716,5.911259238617326e-16
24309.90695953369,5.894978206579915e-16
24312.686920166016,5.979376569444333e-16
24315.46688079834,5.6693730986611e-16
24318.244457244873,5.790341050232039e-16
24321.024417877197,6.265279305900221e-16
24323.80199432373,6.638444435373432e-16
24326.581954956055,6.367629473290511e-16
24329.359531402588,6.828284106490026e-16
24332.13710784912,6.855381219868283e-16
24334.917068481445,6.201414080468431e-16
24337.69464492798,6.310182110620948e-16
24340.47222137451,6.045730483554275e-16
24343.249797821045,6.329587635442544e-16
24346.027374267578,6.034873109357251e-16
24348.80495071411,6.386642715978409e-16
24351.582527160645,7.210848654699798e-16
24354.360103607178,6.767042565612356e-16
24357.13768005371,6.361428662721017e-16
24359.915256500244,6.950447433307777e-16
24362.692832946777,6.946795662513927e-16
24365.47040939331,6.194059187508304e-16
24368.247985839844,6.71036759111157e-16
24371.025562286377,6.366062991733682e-16
24373.80075454712,6.19541179324595e-16
24376.578330993652,6.51705402612005e-16
24379.355907440186,6.2003727593389e-16
24382.131099700928,6.0461317654130365e-16
24384.90867614746,6.457024801148137e-16
24387.683868408203,6.209468305005635e-16
24390.461444854736,6.751458747569653e-16
24393.23663711548,6.642385256160532e-16
24396.01421356201,6.492077142087889e-16
24398.789405822754,6.190663644180998e-16
24401.564598083496,5.577867599973626e-16
24404.34217453003,5.648856372491825e-16
24407.11736679077,5.43267080034207e-16
24409.892559051514,5.587724416501706e-16
24412.667751312256,6.001983349410958e-16
24415.442943572998,5.903080606115994e-16
24418.21813583374,5.943495195007457e-16
24420.993328094482,5.983137925125734e-16
24423.768520355225,6.296003837875095e-16
24426.543712615967,6.236436245859436e-16
24429.31890487671,6.177615631024137e-16
24432.09409713745,5.865359052601208e-16
24434.869289398193,5.542066693666739e-16
24437.642097473145,5.802598675769992e-16
24440.417289733887,5.726089895413656e-16
24443.19248199463,5.633477959938831e-16
24445.96529006958,5.77563549947652e-16
24448.740482330322,5.964936245880423e-16
24451.515674591064,5.71664018409585e-16
24454.288482666016,6.395657264119563e-16
24457.063674926758,6.977580545586292e-16
24459.83648300171,5.544483384544374e-16
24462.60929107666,5.360781525921821e-16
24465.384483337402,6.12723887588178e-16
24468.157291412354,6.031725852562609e-16
24470.930099487305,5.869304108553045e-16
24473.705291748047,6.09959436746136e-16
24476.478099822998,6.572053463572048e-16
24479.25090789795,6.225989682641831e-16
24482.0237159729,6.20900614265379e-16
24484.79652404785,6.383085177599941e-16
24487.569332122803,5.728934337929654e-16
24490.342140197754,6.442291192426241e-16
24493.114948272705,6.049025441719094e-16
24495.887756347656,6.569453072423977e-16
24498.660564422607,6.272706196660865e-16
24501.430988311768,6.174473138789824e-16
24504.20379638672,6.090985336343704e-16
24506.97660446167,5.837689662587962e-16
24509.74702835083,6.355140501878838e-16
24512.51983642578,6.796112206966531e-16
24515.292644500732,6.230644658082585e-16
24518.063068389893,6.076585776240381e-16
24520.835876464844,6.304945329424548e-16
24523.606300354004,6.234803060458012e-16
24526.376724243164,6.113470884719753e-16
24529.149532318115,6.420222807776714e-16
24531.919956207275,6.623527126381099e-16
24534.690380096436,6.886642558973479e-16
24537.460803985596,6.403469025475616e-16
24540.233612060547,6.370802670469162e-16
24543.004035949707,6.45475316466272e-16
24545.774459838867,5.960458617963e-16
24548.544883728027,5.557825741650405e-16
24551.315307617188,5.961889574248268e-16
24554.085731506348,6.068085800614684e-16
24556.856155395508,6.309291667235147e-16
24559.626579284668,6.582901838044007e-16
24562.394618988037,6.922538756486932e-16
24565.165042877197,6.729565063465497e-16
24567.935466766357,6.604491649078335e-16
24570.705890655518,6.865016749038892e-16
24573.473930358887,6.655845139087995e-16
24576.244354248047,6.02210620525976e-16
24579.012393951416,5.710623073796792e-16
24581.782817840576,6.115516469287373e-16
24584.550857543945,6.411872121707971e-16
24587.321281433105,6.222156329159913e-16
24590.089321136475,6.366419274967121e-16
24592.857360839844,6.782500916899747e-16
24595.627784729004,6.668511987418591e-16
24598.395824432373,6.5525076489185625e-16
24601.163864135742,6.533656401281826e-16
24603.93190383911,6.244672053084708e-16
24606.69994354248,5.960081688301472e-16
24609.46798324585,6.217675524868938e-16
24612.23602294922,5.466657997350648e-16
24615.004062652588,5.621992193174062e-16
24617.772102355957,5.972219670435626e-16
24620.540142059326,6.853014821571891e-16
24623.308181762695,6.786090748409329e-16
24626.076221466064,6.565988178274115e-16
24628.841876983643,6.620930441002173e-16
24631.60991668701,6.593628451529799e-16
24634.37795639038,6.942410149429518e-16
24637.14361190796,6.578093867277155e-16
24639.911651611328,6.245054276702157e-16
24642.677307128906,5.959985338303722e-16
24645.445346832275,5.808598316014513e-16
24648.211002349854,6.10415987504706e-16
24650.979042053223,6.679474181942838e-16
24653.7446975708,5.921595158156197e-16
24656.51035308838,6.863164923257958e-16
24659.276008605957,5.951236017354177e-16
