wav,flam
4924.31299322241,-1.5503037e-13
4925.568383473156,3.8971197e-13
4926.823773723902,1.2297519e-12
4928.0791639746485,2.4063038e-13
4929.334554225395,6.0305206e-13
4930.589944476141,1.5783443e-13
4931.845334726887,6.1017673e-13
4933.100724977633,3.3827287e-13
4934.356115228379,6.0186e-13
4935.611505479125,1.0308472e-12
4936.866895729871,3.5830567e-13
4938.122285980618,6.3492636e-13
4939.377676231364,3.316069e-13
4940.63306648211,-2.71644e-13
4941.888456732856,-1.354482e-13
4943.143846983601,-3.8709047e-14
4944.399237234347,1.2134068e-13
4945.654627485093,1.7692014e-13
4946.91001773584,2.307494e-13
4948.165407986586,-1.3532838e-13
4949.420798237332,3.2981772e-13
4950.676188488078,2.810616e-13
4951.931578738824,-3.7639218e-15
4953.18696898957,-1.1426519e-13
4954.442359240316,-1.8427173e-13
4955.6977494910625,1.5956344e-13
4956.953139741809,3.5922057e-14
4958.208529992555,-2.540821e-13
4959.463920243301,1.8472647e-13
4960.719310494047,1.8469869e-13
4961.974700744793,-1.2185439e-13
4963.230090995539,2.0608842e-13
4964.485481246285,4.5161477e-13
4965.740871497032,5.81919e-14
4966.996261747778,1.1159627e-13
4968.251651998524,-2.024829e-13
4969.50704224927,3.4936802e-13
4970.762432500016,1.8964622e-13
4972.017822750762,-2.1452006e-14
4973.273213001508,-7.226829e-14
4974.5286032522545,-1.2631332e-13
4975.783993503001,-6.032174e-14
4977.039383753747,7.2071736e-14
4978.294774004493,9.4176674e-14
4979.550164255238,7.1423675e-14
4980.805554505984,-1.6864835e-13
4982.06094475673,-1.78995e-13
4983.3163350074765,8.328663e-14
4984.571725258223,1.09980947e-13
4985.827115508969,1.1645932e-13
4987.082505759715,1.9454786e-13
4988.337896010461,-1.8396692e-13
4989.593286261207,9.2321645e-14
4990.848676511953,-5.3631646e-14
4992.104066762699,2.500225e-14
4993.3594570134455,1.3210268e-13
4994.614847264192,7.9753444e-14
4995.870237514938,-3.3417235e-14
4997.125627765684,5.4000265e-14
4998.38101801643,2.0258812e-14
4999.636408267176,1.102649e-13
5000.891798517922,2.0648483e-14
5002.1471887686685,1.2924858e-13
5003.402579019415,-2.8667888e-14
5004.657969270161,-1.2807538e-13
5005.913359520907,-4.421674e-14
5007.168749771653,-1.0002898e-14
5008.424140022399,8.0449414e-14
5009.679530273145,5.800275e-15
5010.934920523891,-9.370375e-15
5012.1903107746375,-1.06661895e-14
5013.445701025384,6.1116205e-15
5014.701091276129,-2.1512377e-14
5015.956481526875,3.7927377e-14
5017.211871777621,2.655452e-14
5018.467262028367,5.142648e-15
5019.722652279113,2.171076e-15
5020.9780425298595,-1.0551019e-15
5022.233432780606,-5.983887e-14
5023.488823031352,-4.5138697e-14
5024.744213282098,-3.7430274e-14
5025.999603532844,2.3533238e-14
5027.25499378359,3.4514824e-14
5028.510384034336,-1.3016655e-14
5029.765774285082,4.14971e-14
5031.021164535829,3.1700167e-14
5032.276554786575,-1.0306346e-14
5033.531945037321,4.3962748e-14
5034.787335288067,-1.6948289e-14
5036.042725538813,-2.4397375e-14
5037.298115789559,3.6138542e-14
5038.553506040305,-2.1712269e-15
5039.8088962910515,-1.5987981e-16
5041.064286541798,1.7885357e-15
5042.319676792544,-1.8259039e-14
5043.57506704329,-1.5758165e-14
5044.830457294036,-1.20472e-15
5046.085847544782,6.5617876e-15
5047.341237795528,-1.8705789e-15
5048.596628046274,-4.8606045e-15
5049.852018297021,3.492302e-14
5051.107408547766,-4.0511727e-15
5052.362798798512,-1.4115444e-14
5053.618189049258,-1.6859112e-14
5054.873579300004,-7.31679e-15
5056.12896955075,-2.662056e-15
5057.384359801496,1.0732528e-14
5058.639750052243,4.413454e-16
5059.895140302989,-1.2493945e-14
5061.150530553735,-4.994678e-16
5062.405920804481,5.0470403e-15
5063.661311055227,4.539107e-15
5064.916701305973,-5.141371e-15
5066.172091556719,-5.8255678e-15
5067.4274818074655,-1.147035e-14
5068.682872058212,-4.5607375e-15
5069.938262308958,1.438499e-14
5071.193652559704,-9.236334e-16
5072.44904281045,-1.3647345e-15
5073.704433061196,1.3842091e-14
5074.959823311942,8.021795e-15
5076.215213562688,-1.1328e-16
5077.4706038134345,3.4983727e-15
5078.725994064181,-6.9637645e-15
5079.981384314927,-2.7473749e-15
5081.236774565673,-3.749872e-15
5082.492164816419,1.5341214e-15
5083.747555067165,2.8461995e-15
5085.002945317911,1.199299e-16
5086.258335568657,-8.7153327e-16
5087.513725819403,-1.39381e-16
5088.769116070149,5.0327996e-15
5090.024506320895,4.542854e-16
5091.279896571641,1.996181e-15
5092.535286822387,1.8284913e-15
5093.790677073133,-4.2436562e-15
5095.0460673238795,4.629055e-16
5096.301457574626,-8.5777497e-16
5097.556847825372,-3.41431e-15
5098.812238076118,1.7543533e-15
5100.067628326864,-1.05242004e-16
5101.32301857761,5.9470474e-16
5102.578408828356,-8.389733e-16
5103.833799079102,-8.152596e-16
5105.0891893298485,-1.207795e-15
5106.344579580595,2.5411609e-15
5107.599969831341,1.5282684e-15
5108.855360082087,6.3762046e-16
5110.110750332833,-4.6210936e-16
5111.366140583579,-8.2896515e-16
5112.621530834325,2.2819817e-15
5113.876921085071,4.2067226e-15
5115.132311335818,-5.304855e-16
5116.387701586564,-1.2631007e-16
5117.64309183731,2.010455e-15
5118.898482088056,1.2175477e-15
5120.153872338802,-1.0116001e-15
5121.409262589548,2.4555254e-15
5122.6646528402935,7.792376e-17
5123.92004309104,-1.1580914e-15
5125.175433341786,1.4465847e-15
5126.430823592532,2.3229646e-15
5127.686213843278,1.1362242e-15
5128.941604094024,1.9674117e-15
5130.19699434477,-2.117674e-15
5131.452384595516,1.3348436e-15
5132.7077748462625,5.579151e-16
5133.963165097009,4.2712385e-16
5135.218555347755,4.824782e-16
5136.473945598501,1.1150777e-15
5137.729335849247,9.785516e-16
5138.984726099993,-1.8874304e-16
5140.240116350739,1.3352346e-15
5141.495506601485,8.506138e-16
5142.750896852232,8.4492135e-16
5144.006287102978,-3.315138e-16
5145.261677353724,-1.144246e-15
5146.51706760447,-2.498913e-16
5147.772457855216,-6.1033065e-16
5149.027848105962,1.5791126e-15
5150.283238356708,2.2619725e-15
5151.5386286074545,1.2403034e-15
5152.794018858201,-8.1988146e-16
5154.049409108947,2.6220508e-16
5155.304799359693,1.374259e-15
5156.560189610439,6.597414e-16
5157.815579861184,1.7839384e-15
5159.07097011193,1.0411178e-15
5160.3263603626765,9.633673e-16
5161.581750613423,1.7985908e-15
5162.837140864169,2.735003e-15
5164.092531114915,3.2590626e-15
5165.347921365661,2.8694183e-15
5166.603311616407,2.0781576e-15
5167.858701867153,3.889998e-15
5169.114092117899,4.2158393e-15
5170.369482368646,4.1104383e-15
5171.624872619392,4.404534e-15
5172.880262870138,4.6117306e-15
5174.135653120884,5.0483054e-15
5175.39104337163,4.3441694e-15
5176.646433622376,5.243164e-15
5177.901823873122,5.2906284e-15
5179.1572141238685,5.3834034e-15
5180.412604374615,5.6090064e-15
5181.667994625361,5.560442e-15
5182.923384876107,5.7939417e-15
5184.178775126853,6.822914e-15
5185.434165377599,4.9945565e-15
5186.689555628345,5.1327537e-15
5187.944945879091,4.981146e-15
5189.2003361298375,5.3541728e-15
5190.455726380584,6.280507e-15
5191.71111663133,6.0614643e-15
5192.966506882076,6.0279663e-15
5194.221897132822,5.7506384e-15
5195.477287383567,5.33587e-15
5196.732677634313,4.7355787e-15
5197.9880678850595,5.312419e-15
5199.243458135806,5.6053612e-15
5200.498848386552,6.2127906e-15
5201.754238637298,5.826114e-15
5203.009628888044,6.0768265e-15
5204.26501913879,5.8155715e-15
5205.520409389536,5.5091497e-15
5206.7757996402825,5.614681e-15
5208.031189891029,6.049677e-15
5209.286580141775,5.71402e-15
5210.541970392521,4.9542576e-15
5211.797360643267,5.194892e-15
5213.052750894013,4.9825358e-15
5214.308141144759,4.658341e-15
5215.563531395505,4.042495e-15
5216.8189216462515,4.6242468e-15
5218.074311896998,5.1474455e-15
5219.329702147744,5.0289418e-15
5220.58509239849,4.6630036e-15
5221.840482649236,4.5312684e-15
5223.095872899982,3.9483018e-15
5224.351263150728,3.775712e-15
5225.606653401474,4.19554e-15
5226.862043652221,4.182498e-15
5228.117433902967,4.4369487e-15
5229.372824153712,4.616685e-15
5230.628214404458,4.0070977e-15
5231.883604655204,3.91737e-15
5233.13899490595,3.9748923e-15
5234.394385156696,3.618084e-15
5235.649775407443,3.918021e-15
5236.905165658189,3.813395e-15
5238.160555908935,4.1180154e-15
5239.415946159681,4.3495286e-15
5240.671336410427,3.590677e-15
5241.926726661173,3.3550981e-15
5243.182116911919,3.633425e-15
5244.4375071626655,3.4236004e-15
5245.692897413412,3.8170405e-15
5246.948287664158,3.4496357e-15
5248.203677914904,3.1732546e-15
5249.45906816565,3.3157185e-15
5250.714458416396,3.2304098e-15
5251.969848667142,2.8783018e-15
5253.225238917888,3.0040758e-15
5254.480629168635,3.0197917e-15
5255.736019419381,2.8000421e-15
5256.991409670127,3.003783e-15
5258.246799920873,2.6345255e-15
5259.502190171619,3.2199653e-15
5260.757580422365,2.953802e-15
5262.012970673111,3.0253294e-15
5263.2683609238575,2.7639234e-15
5264.523751174604,2.7787297e-15
5265.77914142535,2.7311677e-15
5267.034531676096,3.0072458e-15
5268.289921926841,2.8760593e-15
5269.545312177587,3.019062e-15
5270.800702428333,2.5309503e-15
5272.0560926790795,2.2449795e-15
5273.311482929826,2.679482e-15
5274.566873180572,2.3825724e-15
5275.822263431318,2.447562e-15
5277.077653682064,2.4746785e-15
5278.33304393281,2.5330993e-15
5279.588434183556,2.6163008e-15
5280.843824434302,2.565544e-15
5282.0992146850485,2.4285047e-15
5283.354604935795,2.7018803e-15
5284.609995186541,2.521231e-15
5285.865385437287,2.3553856e-15
5287.120775688033,2.249006e-15
5288.376165938779,2.3444053e-15
5289.631556189525,2.4563665e-15
5290.8869464402715,2.2631208e-15
5292.142336691018,2.205812e-15
5293.397726941764,2.0670518e-15
5294.65311719251,2.0409047e-15
5295.908507443256,2.3057742e-15
5297.163897694002,2.2980603e-15
5298.419287944748,2.3399266e-15
5299.674678195494,2.1934088e-15
5300.93006844624,2.1361993e-15
5302.185458696986,2.3589446e-15
5303.440848947732,2.461931e-15
5304.696239198478,1.9789862e-15
5305.951629449224,1.894661e-15
5307.20701969997,1.7714653e-15
5308.462409950716,1.7607448e-15
5309.7178002014625,2.0487554e-15
5310.973190452209,1.9319009e-15
5312.228580702955,1.9947202e-15
5313.483970953701,1.9688737e-15
5314.739361204447,1.9772777e-15
5315.994751455193,1.9735203e-15
5317.250141705939,2.2381058e-15
5318.505531956685,2.1129019e-15
5319.760922207432,1.9541656e-15
5321.016312458178,2.186726e-15
5322.271702708924,2.2037258e-15
5323.52709295967,2.0393273e-15
5324.782483210416,2.0968807e-15
5326.037873461162,2.2155902e-15
5327.293263711908,1.89908e-15
5328.5486539626545,1.9359126e-15
5329.804044213401,1.790084e-15
5331.059434464147,1.8566666e-15
5332.314824714893,1.9308063e-15
5333.570214965639,2.0641058e-15
5334.825605216385,1.817955e-15
5336.080995467131,1.8537295e-15
5337.336385717877,1.8872472e-15
5338.591775968624,1.642246e-15
5339.847166219369,1.8363867e-15
5341.102556470115,1.9826746e-15
5342.357946720861,1.8665402e-15
5343.613336971607,1.7449997e-15
5344.868727222353,1.8917833e-15
5346.124117473099,1.805966e-15
5347.379507723846,1.7351461e-15
5348.634897974592,1.7267688e-15
5349.890288225338,1.8584007e-15
5351.145678476084,1.7755103e-15
5352.40106872683,1.690538e-15
5353.656458977576,1.8688605e-15
5354.911849228322,1.6094924e-15
5356.1672394790685,1.646763e-15
5357.422629729815,1.6248544e-15
5358.678019980561,1.6248806e-15
5359.933410231307,1.8069237e-15
5361.188800482053,1.497357e-15
5362.444190732799,1.4999934e-15
5363.699580983545,1.6354163e-15
5364.954971234291,1.6319839e-15
5366.2103614850375,1.6867275e-15
5367.465751735784,1.6800639e-15
5368.72114198653,1.6808132e-15
5369.976532237276,1.5554895e-15
5371.231922488022,1.6123612e-15
5372.487312738768,1.6367453e-15
5373.742702989513,1.5626723e-15
5374.99809324026,1.5077286e-15
5376.253483491006,1.5124718e-15
5377.508873741752,1.6617472e-15
5378.764263992498,1.5362186e-15
5380.019654243244,1.6108134e-15
5381.27504449399,1.5775323e-15
5382.530434744736,1.6757969e-15
5383.7858249954825,1.5592499e-15
5385.041215246229,1.5372404e-15
5386.296605496975,1.6413397e-15
5387.551995747721,1.4727951e-15
5388.807385998467,1.4487027e-15
5390.062776249213,1.2185072e-15
5391.318166499959,1.357466e-15
5392.573556750705,1.4567978e-15
5393.8289470014515,1.5158601e-15
5395.084337252198,1.5782531e-15
5396.339727502944,1.3995501e-15
5397.59511775369,1.5325821e-15
5398.850508004436,1.4202861e-15
5400.105898255182,1.4423639e-15
5401.361288505928,1.4312609e-15
5402.616678756674,1.5649089e-15
5403.872069007421,1.6935456e-15
5405.127459258167,1.5649285e-15
5406.382849508913,1.5074984e-15
5407.638239759659,1.2974691e-15
5408.893630010405,1.5334228e-15
5410.149020261151,1.5279535e-15
5411.4044105118965,1.3014542e-15
5412.659800762643,1.4542664e-15
5413.915191013389,1.4149332e-15
5415.170581264135,1.3679863e-15
5416.425971514881,1.4391151e-15
5417.681361765627,1.4275649e-15
5418.936752016373,1.4537876e-15
5420.192142267119,1.4570633e-15
5421.4475325178655,1.3480465e-15
5422.702922768612,1.354307e-15
5423.958313019358,1.4367103e-15
5425.213703270104,1.4598903e-15
5426.46909352085,1.4676356e-15
5427.724483771596,1.4298732e-15
5428.979874022342,1.3488139e-15
5430.235264273088,1.5086929e-15
5431.490654523835,1.5251325e-15
5432.746044774581,1.3786566e-15
5434.001435025327,1.3588711e-15
5435.256825276073,1.2946389e-15
5436.512215526819,1.4062716e-15
5437.767605777565,1.1743708e-15
5439.022996028311,1.3797018e-15
5440.2783862790575,1.3408041e-15
5441.533776529804,1.3837683e-15
5442.78916678055,1.3665312e-15
5444.044557031295,1.38825e-15
5445.299947282041,1.2226376e-15
5446.555337532787,1.3433473e-15
5447.810727783533,1.508692e-15
5449.0661180342795,1.406946e-15
5450.321508285026,1.3382524e-15
5451.576898535772,1.3895634e-15
5452.832288786518,1.4597259e-15
5454.087679037264,1.2698515e-15
5455.34306928801,1.3724274e-15
5456.598459538756,1.3003957e-15
5457.853849789502,1.2509631e-15
5459.109240040249,1.5044385e-15
5460.364630290995,1.4416437e-15
5461.620020541741,1.482144e-15
5462.875410792487,1.4424259e-15
5464.130801043233,1.2490889e-15
5465.386191293979,1.1883191e-15
5466.641581544725,1.3856994e-15
5467.8969717954715,1.4662247e-15
5469.152362046218,1.3946664e-15
5470.407752296964,1.396949e-15
5471.66314254771,1.303803e-15
5472.918532798456,1.3136184e-15
5474.173923049202,1.3518661e-15
5475.429313299948,1.3898087e-15
5476.684703550694,1.3584796e-15
5477.9400938014405,1.2823455e-15
5479.195484052187,1.4259967e-15
5480.450874302933,1.38822e-15
5481.706264553679,1.2340513e-15
5482.961654804425,1.3065546e-15
5484.21704505517,1.3351215e-15
5485.472435305916,1.3333669e-15
5486.7278255566625,1.3351835e-15
5487.983215807409,1.4386533e-15
5489.238606058155,1.3086246e-15
5490.493996308901,1.1704127e-15
5491.749386559647,1.2976424e-15
5493.004776810393,1.3899661e-15
5494.260167061139,1.4681769e-15
5495.5155573118855,1.4202002e-15
5496.770947562632,1.2929508e-15
5498.026337813378,1.2442376e-15
5499.281728064124,1.2433971e-15
5500.53711831487,1.2089078e-15
5501.792508565616,1.3751082e-15
5503.047898816362,1.4731489e-15
5504.303289067108,1.5120689e-15
5505.5586793178545,1.4296487e-15
5506.814069568601,1.3513636e-15
5508.069459819347,1.2969797e-15
5509.324850070093,1.4392625e-15
5510.580240320839,1.4451927e-15
5511.835630571585,1.3610212e-15
5513.091020822331,1.3398725e-15
5514.346411073077,1.3098471e-15
5515.601801323823,1.2554624e-15
5516.857191574569,1.3405599e-15
5518.112581825315,1.2773533e-15
5519.367972076061,1.2445497e-15
5520.623362326807,1.3567891e-15
5521.878752577553,1.4170215e-15
5523.134142828299,1.3391891e-15
5524.389533079046,1.2486159e-15
5525.644923329792,1.3997857e-15
5526.900313580538,1.3679875e-15
5528.155703831284,1.408319e-15
5529.41109408203,1.3761333e-15
5530.666484332776,1.4268222e-15
5531.921874583522,1.2373873e-15
5533.1772648342685,1.3966471e-15
5534.432655085015,1.3577862e-15
5535.688045335761,1.3979149e-15
5536.943435586507,1.3237305e-15
5538.198825837253,1.3588915e-15
5539.454216087999,1.2830296e-15
5540.709606338745,1.29577e-15
5541.964996589491,1.4076063e-15
5543.220386840238,1.3883728e-15
5544.475777090984,1.3360517e-15
5545.73116734173,1.2248898e-15
5546.986557592476,1.3168045e-15
5548.241947843222,1.4076684e-15
5549.497338093968,1.5564312e-15
5550.752728344714,1.4644401e-15
5552.0081185954605,1.5098226e-15
5553.263508846207,1.4516933e-15
5554.518899096953,1.2644845e-15
5555.774289347699,1.2481496e-15
5557.029679598444,1.367729e-15
5558.28506984919,1.2460904e-15
5559.540460099936,1.244638e-15
5560.7958503506825,1.2614942e-15
5562.051240601429,1.3685781e-15
5563.306630852175,1.3461314e-15
5564.562021102921,1.3235212e-15
5565.817411353667,1.2801555e-15
5567.072801604413,1.2924324e-15
5568.328191855159,1.3811056e-15
5569.583582105905,1.3059603e-15
5570.8389723566515,1.3215929e-15
5572.094362607398,1.3425154e-15
5573.349752858144,1.1001602e-15
5574.60514310889,1.2923589e-15
5575.860533359636,1.4779579e-15
5577.115923610382,1.2773545e-15
5578.371313861128,1.3956085e-15
5579.6267041118745,1.6747031e-15
5580.882094362621,1.7731833e-15
5582.137484613367,1.8192048e-15
5583.392874864113,1.1276732e-15
5584.648265114859,1.0577662e-15
5585.903655365605,1.0919956e-15
5587.159045616351,1.1073649e-15
5588.4144358670965,1.2469584e-15
5589.669826117843,1.3412966e-15
5590.925216368589,1.3237103e-15
5592.180606619335,1.3269646e-15
5593.435996870081,1.2574416e-15
5594.691387120827,1.3867843e-15
5595.946777371573,1.3474892e-15
5597.202167622319,1.3175385e-15
5598.4575578730655,1.3686653e-15
5599.712948123812,1.2766665e-15
5600.968338374558,1.3362777e-15
5602.223728625304,1.4114667e-15
5603.47911887605,1.3926566e-15
5604.734509126796,1.4168244e-15
5605.989899377542,1.3372972e-15
5607.245289628288,1.2768814e-15
5608.500679879035,1.3869374e-15
5609.756070129781,1.4249127e-15
5611.011460380527,1.3969996e-15
5612.266850631273,1.3262779e-15
5613.522240882019,1.3939767e-15
5614.777631132765,1.3525472e-15
5616.033021383511,1.3008078e-15
5617.2884116342575,1.1698474e-15
5618.543801885004,1.1763896e-15
5619.79919213575,1.2287551e-15
5621.054582386496,1.4214457e-15
5622.309972637242,1.2982319e-15
5623.565362887988,1.3547577e-15
5624.820753138734,1.3154602e-15
5626.07614338948,1.3133286e-15
5627.331533640227,1.3097038e-15
5628.586923890972,1.286243e-15
5629.842314141718,1.2497668e-15
5631.097704392464,1.2553044e-15
5632.35309464321,1.3018438e-15
5633.608484893956,1.2849515e-15
5634.863875144702,1.424465e-15
5636.119265395449,1.3062763e-15
5637.374655646195,1.3016308e-15
5638.630045896941,1.2083761e-15
5639.885436147687,1.2097511e-15
5641.140826398433,1.3597574e-15
5642.396216649179,1.3627937e-15
5643.651606899925,1.2834127e-15
5644.9069971506715,1.1717942e-15
5646.162387401418,1.1679875e-15
5647.417777652164,1.20062e-15
5648.67316790291,1.2204571e-15
5649.928558153656,1.15586e-15
5651.183948404402,1.294885e-15
5652.439338655148,1.2536906e-15
5653.694728905894,1.2653792e-15
5654.9501191566405,1.4053429e-15
5656.205509407387,1.3401832e-15
5657.460899658133,1.2464869e-15
5658.716289908879,1.2777822e-15
5659.971680159624,1.333051e-15
5661.22707041037,1.3202095e-15
5662.482460661116,1.3595592e-15
5663.737850911863,1.2872394e-15
5664.993241162609,1.1573577e-15
5666.248631413355,1.2379845e-15
5667.504021664101,1.2939338e-15
5668.759411914847,1.3923685e-15
5670.014802165593,1.3365801e-15
5671.270192416339,1.2786117e-15
5672.5255826670855,1.2270745e-15
5673.780972917832,1.2626966e-15
5675.036363168578,1.2403249e-15
5676.291753419324,1.2669159e-15
5677.54714367007,1.2104772e-15
5678.802533920816,1.3572043e-15
5680.057924171562,1.23572e-15
5681.313314422308,1.2448953e-15
5682.5687046730545,1.2373957e-15
5683.824094923801,1.265038e-15
5685.079485174547,1.2799514e-15
5686.334875425293,1.1707394e-15
5687.590265676039,1.2974482e-15
5688.845655926785,1.2143489e-15
5690.101046177531,1.2378139e-15
5691.356436428277,1.2195539e-15
5692.611826679024,1.3145085e-15
5693.86721692977,1.3376406e-15
5695.122607180516,1.448897e-15
5696.377997431262,1.2994678e-15
5697.633387682008,1.3655725e-15
5698.888777932754,1.311306e-15
5700.1441681834995,1.2225884e-15
5701.399558434246,1.1855873e-15
5702.654948684992,1.1639021e-15
5703.910338935738,1.1794763e-15
5705.165729186484,1.2173706e-15
5706.42111943723,1.1859153e-15
5707.676509687976,1.3120313e-15
5708.931899938722,1.2575584e-15
5710.1872901894685,1.240245e-15
5711.442680440215,1.1976093e-15
5712.698070690961,1.2305184e-15
5713.953460941707,1.230637e-15
5715.208851192453,1.2056787e-15
5716.464241443199,1.1961195e-15
5717.719631693945,1.3029996e-15
5718.975021944691,1.2266695e-15
5720.230412195438,1.2334234e-15
5721.485802446184,1.2490002e-15
5722.74119269693,1.225647e-15
5723.996582947676,1.2100102e-15
5725.251973198422,1.1973042e-15
5726.507363449168,1.1575657e-15
5727.762753699914,1.2906713e-15
5729.0181439506605,1.1338184e-15
5730.273534201407,1.1489537e-15
5731.528924452152,1.1755617e-15
5732.784314702898,1.1869588e-15
5734.039704953644,1.1857595e-15
5735.29509520439,1.2294427e-15
5736.550485455136,1.2939038e-15
5737.8058757058825,1.4186883e-15
5739.061265956629,1.32911e-15
5740.316656207375,1.2940753e-15
5741.572046458121,1.2184845e-15
5742.827436708867,1.1873656e-15
5744.082826959613,1.1905153e-15
5745.338217210359,1.1980672e-15
5746.593607461105,1.3378907e-15
5747.848997711852,1.2050943e-15
5749.104387962598,1.2808832e-15
5750.359778213344,1.1382541e-15
5751.61516846409,1.1841104e-15
5752.870558714836,1.2520978e-15
5754.125948965582,1.3055888e-15
5755.381339216328,1.268682e-15
5756.6367294670745,1.2033271e-15
5757.892119717821,1.184048e-15
5759.147509968567,1.2285492e-15
5760.402900219313,1.2599856e-15
5761.658290470059,1.2523628e-15
5762.913680720805,1.3280181e-15
5764.169070971551,1.3565552e-15
5765.424461222297,1.2320936e-15
5766.6798514730435,1.2342462e-15
5767.93524172379,1.2476574e-15
5769.190631974536,1.3085307e-15
5770.446022225282,1.3938783e-15
5771.701412476027,1.2926083e-15
5772.956802726773,1.230959e-15
5774.212192977519,1.230912e-15
5775.4675832282655,1.3129269e-15
5776.722973479012,1.3190817e-15
5777.978363729758,1.224454e-15
5779.233753980504,1.2781084e-15
5780.48914423125,1.2786818e-15
5781.744534481996,1.2803992e-15
5782.999924732742,1.2481987e-15
5784.2553149834885,1.2680235e-15
5785.510705234235,1.3401662e-15
5786.766095484981,1.371406e-15
5788.021485735727,1.1956355e-15
5789.276875986473,1.261822e-15
5790.532266237219,1.2056774e-15
5791.787656487965,1.2648542e-15
5793.043046738711,1.2445766e-15
5794.2984369894575,1.1841798e-15
5795.553827240204,1.3491805e-15
5796.80921749095,1.2922868e-15
5798.064607741696,1.2092254e-15
5799.319997992442,1.3135945e-15
5800.575388243188,1.1998987e-15
5801.830778493934,1.2597867e-15
5803.0861687446795,1.3151599e-15
5804.341558995426,1.3266854e-15
5805.596949246172,1.4295461e-15
5806.852339496918,1.3795365e-15
5808.107729747664,1.1625168e-15
5809.36311999841,1.2298314e-15
5810.618510249156,1.1614341e-15
5811.873900499902,1.206089e-15
5813.129290750649,1.2981922e-15
5814.384681001395,1.3948963e-15
5815.640071252141,1.3088332e-15
5816.895461502887,1.2935735e-15
5818.150851753633,1.3167934e-15
5819.406242004379,1.3015316e-15
5820.661632255125,1.2604023e-15
5821.9170225058715,1.2338787e-15
5823.172412756618,1.2198588e-15
5824.427803007364,1.2636451e-15
5825.68319325811,1.1875723e-15
5826.938583508856,1.1458485e-15
5828.193973759602,1.2757734e-15
5829.449364010348,1.3153948e-15
5830.704754261094,1.2359922e-15
5831.960144511841,1.2679382e-15
5833.215534762587,1.3058351e-15
5834.470925013333,1.2539923e-15
5835.726315264079,1.1491774e-15
5836.981705514825,1.2137932e-15
5838.237095765571,1.2666555e-15
5839.492486016317,1.2343285e-15
5840.7478762670635,1.2627932e-15
5842.00326651781,1.2670729e-15
5843.258656768556,1.2343598e-15
5844.514047019301,1.2851505e-15
5845.769437270047,1.3334536e-15
5847.024827520793,1.3278975e-15
5848.280217771539,1.2575978e-15
5849.5356080222855,1.2223466e-15
5850.790998273032,1.2516043e-15
5852.046388523778,1.318117e-15
5853.301778774524,1.2616888e-15
5854.55716902527,1.1950827e-15
5855.812559276016,1.2548673e-15
5857.067949526762,1.292563e-15
5858.323339777508,1.3058533e-15
5859.5787300282545,1.2316739e-15
5860.834120279001,1.2321007e-15
5862.089510529747,1.328711e-15
5863.344900780493,1.204048e-15
5864.600291031239,1.1663004e-15
5865.855681281985,1.2993121e-15
5867.111071532731,1.3323462e-15
5868.3664617834775,1.2906239e-15
5869.621852034224,1.2901292e-15
5870.87724228497,1.290491e-15
5872.132632535716,1.2914813e-15
5873.388022786462,1.2510565e-15
5874.643413037208,1.2072465e-15
5875.898803287953,1.1860148e-15
5877.1541935386995,1.2630193e-15
5878.409583789446,1.1028942e-15
5879.664974040192,1.176966e-15
5880.920364290938,1.1836814e-15
5882.175754541684,1.1914682e-15
5883.43114479243,1.1835709e-15
5884.686535043176,1.2087272e-15
5885.941925293922,1.2021294e-15
5887.1973155446685,1.1659821e-15
5888.452705795415,1.2128817e-15
5889.708096046161,1.2879103e-15
5890.963486296907,1.3723986e-15
5892.218876547653,1.3731449e-15
5893.474266798399,1.2715503e-15
5894.729657049145,1.2758144e-15
5895.985047299891,1.2221021e-15
5897.240437550638,1.2623426e-15
5898.495827801384,1.2841251e-15
5899.75121805213,1.2732262e-15
5901.006608302876,1.2550466e-15
5902.261998553622,1.2198746e-15
5903.517388804368,1.2154245e-15
5904.772779055114,1.2833126e-15
5906.0281693058605,1.317863e-15
5907.283559556607,1.3298204e-15
5908.538949807353,1.3618836e-15
5909.794340058099,1.285735e-15
5911.049730308845,1.2695595e-15
5912.305120559591,1.3345256e-15
5913.560510810337,1.2459067e-15
5914.815901061083,1.2396208e-15
5916.071291311829,1.2987206e-15
5917.326681562575,1.2650008e-15
5918.582071813321,1.2844511e-15
5919.837462064067,1.234477e-15
5921.092852314813,1.2849465e-15
5922.348242565559,1.2713758e-15
5923.603632816305,1.3008022e-15
5924.859023067052,1.3747148e-15
5926.114413317798,1.2680025e-15
5927.369803568544,1.2896018e-15
5928.62519381929,1.2485164e-15
5929.880584070036,1.2495173e-15
5931.135974320782,1.2194651e-15
5932.391364571528,1.2618327e-15
5933.6467548222745,1.2262179e-15
5934.902145073021,1.1863428e-15
5936.157535323767,1.3029086e-15
5937.412925574513,1.2273677e-15
5938.668315825259,1.1952196e-15
5939.923706076005,1.2289646e-15
5941.179096326751,1.241608e-15
5942.434486577497,1.1953045e-15
5943.6898768282435,1.2853441e-15
5944.94526707899,1.2610285e-15
5946.200657329736,1.2867745e-15
5947.456047580481,1.2945896e-15
5948.711437831227,1.2837282e-15
5949.966828081973,1.2776097e-15
5951.222218332719,1.2770709e-15
5952.477608583466,1.3194103e-15
5953.732998834212,1.3517243e-15
5954.988389084958,1.2347523e-15
5956.243779335704,1.2232702e-15
5957.49916958645,1.3036342e-15
5958.754559837196,1.2176931e-15
5960.009950087942,1.2298131e-15
5961.2653403386885,1.2914908e-15
5962.520730589435,1.2663865e-15
5963.776120840181,1.2293886e-15
5965.031511090927,1.2539577e-15
5966.286901341673,1.2032909e-15
5967.542291592419,1.237503e-15
5968.797681843165,1.1381014e-15
5970.053072093911,1.2271561e-15
5971.3084623446575,1.2145075e-15
5972.563852595404,1.2338476e-15
5973.81924284615,1.2274745e-15
5975.074633096896,1.1623968e-15
5976.330023347642,1.1701768e-15
5977.585413598388,1.2923069e-15
5978.840803849134,1.3080267e-15
5980.09619409988,1.3014227e-15
5981.351584350627,1.2817259e-15
5982.606974601373,1.3737544e-15
5983.862364852119,1.2563374e-15
5985.117755102865,1.2818411e-15
5986.373145353611,1.2352807e-15
5987.628535604357,1.272617e-15
5988.883925855103,1.2915279e-15
5990.139316105849,1.2707801e-15
5991.394706356595,1.2907225e-15
5992.650096607341,1.2554512e-15
5993.905486858087,1.2056549e-15
5995.160877108833,1.2819334e-15
5996.416267359579,1.2548236e-15
5997.671657610325,1.2328182e-15
5998.9270478610715,1.2677776e-15
6000.182438111818,1.3108118e-15
6001.437828362564,1.2776828e-15
6002.69321861331,1.2752142e-15
6003.948608864056,1.2597073e-15
6005.203999114802,1.3235001e-15
6006.459389365548,1.2420611e-15
6007.714779616294,1.2167958e-15
6008.970169867041,1.2917284e-15
6010.225560117787,1.3525114e-15
6011.480950368533,1.2926549e-15
6012.736340619279,1.2961986e-15
6013.991730870025,1.2540289e-15
6015.247121120771,1.2952518e-15
6016.502511371517,1.2233262e-15
6017.757901622263,1.2235183e-15
6019.013291873009,1.2155729e-15
6020.268682123755,1.1702375e-15
6021.524072374501,1.200383e-15
6022.779462625247,1.3676076e-15
6024.034852875993,1.3304744e-15
6025.290243126739,1.2272607e-15
6026.5456333774855,1.2827973e-15
6027.801023628232,1.2183839e-15
6029.056413878978,1.2603751e-15
6030.311804129724,1.2339619e-15
6031.56719438047,1.263873e-15
6032.822584631216,1.3704304e-15
6034.077974881962,1.3965747e-15
6035.333365132708,1.2781716e-15
6036.588755383455,1.3267599e-15
6037.844145634201,1.2507442e-15
6039.099535884947,1.2579314e-15
6040.354926135693,1.2246605e-15
6041.610316386439,1.1961406e-15
6042.865706637185,1.205088e-15
6044.121096887931,1.2124676e-15
6045.3764871386775,1.2542748e-15
6046.631877389424,1.2586767e-15
6047.88726764017,1.2823464e-15
6049.142657890916,1.1703664e-15
6050.398048141662,1.2456208e-15
6051.653438392408,1.2060792e-15
6052.908828643154,1.2346649e-15
6054.1642188939,1.2606893e-15
6055.4196091446465,1.3497801e-15
6056.674999395393,1.2596788e-15
6057.930389646139,1.239836e-15
6059.185779896885,1.1716021e-15
6060.441170147631,1.2852968e-15
6061.696560398376,1.2767044e-15
6062.951950649122,1.2450214e-15
6064.2073408998685,1.3362146e-15
6065.462731150615,1.2373894e-15
6066.718121401361,1.2551182e-15
6067.973511652107,1.294032e-15
6069.228901902853,1.3624921e-15
6070.484292153599,1.3134871e-15
6071.739682404345,1.3228187e-15
6072.9950726550915,1.289407e-15
6074.250462905838,1.323479e-15
6075.505853156584,1.2776052e-15
6076.76124340733,1.2791809e-15
6078.016633658076,1.296734e-15
6079.272023908822,1.2914871e-15
6080.527414159568,1.2372365e-15
6081.782804410314,1.1984912e-15
6083.0381946610605,1.2138524e-15
6084.293584911807,1.2682526e-15
6085.548975162553,1.2723591e-15
6086.804365413299,1.3463824e-15
6088.059755664045,1.2689908e-15
6089.31514591479,1.2307229e-15
6090.570536165536,1.308933e-15
6091.8259264162825,1.1985272e-15
6093.081316667029,1.1880385e-15
6094.336706917775,1.2697344e-15
6095.592097168521,1.2484799e-15
6096.847487419267,1.2355477e-15
6098.102877670013,1.2314971e-15
6099.358267920759,1.3138579e-15
6100.613658171505,1.2679973e-15
6101.869048422252,1.3307544e-15
6103.124438672998,1.2979535e-15
6104.379828923744,1.2653584e-15
6105.63521917449,1.2560484e-15
6106.890609425236,1.2985104e-15
6108.145999675982,1.2042167e-15
6109.401389926728,1.2460909e-15
6110.6567801774745,1.2541899e-15
6111.912170428221,1.2706452e-15
6113.167560678967,1.2550467e-15
6114.422950929713,1.3681594e-15
6115.678341180459,1.3101933e-15
6116.933731431205,1.199012e-15
6118.189121681951,1.2688863e-15
6119.444511932697,1.2965678e-15
6120.699902183444,1.2416433e-15
6121.95529243419,1.1813807e-15
6123.210682684936,1.220307e-15
6124.466072935682,1.2921069e-15
6125.721463186428,1.2895782e-15
6126.976853437174,1.2778515e-15
6128.23224368792,1.220273e-15
6129.4876339386665,1.2793452e-15
6130.743024189413,1.3628852e-15
6131.998414440159,1.2544409e-15
6133.253804690905,1.1425974e-15
6134.50919494165,1.2051529e-15
6135.764585192396,1.2996815e-15
6137.019975443142,1.2604024e-15
6138.2753656938885,1.3809929e-15
6139.530755944635,1.3050898e-15
6140.786146195381,1.3019324e-15
6142.041536446127,1.2564214e-15
6143.296926696873,1.2340769e-15
6144.552316947619,1.1849384e-15
6145.807707198365,1.2079382e-15
6147.063097449111,1.3048716e-15
6148.3184876998575,1.2194565e-15
6149.573877950604,1.1887323e-15
6150.82926820135,1.1914663e-15
6152.084658452096,1.1738321e-15
6153.340048702842,1.2876445e-15
6154.595438953588,1.3775341e-15
6155.850829204334,1.2634037e-15
6157.1062194550805,1.2148735e-15
6158.361609705827,1.2568717e-15
6159.616999956573,1.2959149e-15
6160.872390207318,1.3675816e-15
6162.127780458064,1.2831793e-15
6163.38317070881,1.2318546e-15
6164.638560959556,1.2522312e-15
6165.8939512103025,1.2919723e-15
6167.149341461049,1.1952656e-15
6168.404731711795,1.1778383e-15
6169.660121962541,1.2216598e-15
6170.915512213287,1.2437506e-15
6172.170902464033,1.2412712e-15
6173.426292714779,1.2654113e-15
6174.681682965525,1.2173141e-15
6175.9370732162715,1.283563e-15
6177.192463467018,1.2365408e-15
6178.447853717764,1.2627966e-15
6179.70324396851,1.2104836e-15
6180.958634219256,1.2586306e-15
6182.214024470002,1.2947618e-15
6183.469414720748,1.3594673e-15
6184.724804971494,1.2779796e-15
6185.980195222241,1.239816e-15
6187.235585472987,1.1865961e-15
6188.490975723733,1.2012703e-15
6189.746365974479,1.1894221e-15
6191.001756225225,1.2034324e-15
6192.257146475971,1.2422273e-15
6193.512536726717,1.2197729e-15
6194.7679269774635,1.225858e-15
6196.02331722821,1.161976e-15
6197.278707478956,1.1815636e-15
6198.534097729702,1.2054688e-15
6199.789487980448,1.2338175e-15
6201.044878231194,1.2145061e-15
6202.30026848194,1.1980913e-15
6203.555658732686,1.2620581e-15
6204.811048983433,1.3016663e-15
6206.066439234178,1.25236e-15
6207.321829484924,1.2125297e-15
6208.57721973567,1.3823373e-15
6209.832609986416,1.3650687e-15
6211.088000237162,1.2768633e-15
6212.343390487908,1.2564656e-15
6213.598780738655,1.2171848e-15
6214.854170989401,1.211488e-15
6216.109561240147,1.1943585e-15
6217.364951490893,1.1511145e-15
6218.620341741639,1.2072984e-15
6219.875731992385,1.2365323e-15
6221.131122243131,1.2509654e-15
6222.3865124938775,1.2085946e-15
6223.641902744624,1.1901998e-15
6224.89729299537,1.2358608e-15
6226.152683246116,1.2734334e-15
6227.408073496862,1.1942276e-15
6228.663463747608,1.1900107e-15
6229.918853998354,1.2101406e-15
6231.1742442491,1.2146587e-15
6232.429634499846,1.1941894e-15
6233.685024750592,1.2133076e-15
6234.940415001338,1.1955922e-15
6236.195805252084,1.1818963e-15
6237.45119550283,1.3228684e-15
6238.706585753576,1.2807006e-15
6239.961976004322,1.2126286e-15
6241.217366255069,1.1932928e-15
6242.472756505815,1.232608e-15
6243.728146756561,1.1856117e-15
6244.983537007307,1.1945903e-15
6246.238927258053,1.1912643e-15
6247.494317508799,1.2663667e-15
6248.749707759545,1.2368407e-15
6250.0050980102915,1.1956545e-15
6251.260488261038,1.2202352e-15
6252.515878511784,1.1946601e-15
6253.77126876253,1.1651209e-15
6255.026659013276,1.1967965e-15
6256.282049264022,1.1830503e-15
6257.537439514768,1.131022e-15
6258.792829765514,1.0994192e-15
6260.0482200162605,1.1843372e-15
6261.303610267007,1.2057602e-15
6262.559000517753,1.1971521e-15
6263.814390768499,1.1545548e-15
6265.069781019245,1.151643e-15
6266.325171269991,1.1072621e-15
6267.580561520737,1.1666424e-15
6268.835951771483,1.2043831e-15
6270.09134202223,1.2180093e-15
6271.346732272976,1.2141291e-15
6272.602122523722,1.1503838e-15
6273.857512774468,1.1065925e-15
6275.112903025214,1.1411223e-15
6276.36829327596,1.1595071e-15
6277.6236835267055,1.0811439e-15
6278.879073777452,1.1891908e-15
6280.134464028198,1.1411286e-15
6281.389854278944,1.0798513e-15
6282.64524452969,1.1188692e-15
6283.900634780436,1.1321513e-15
6285.156025031182,1.181281e-15
6286.411415281928,1.2053513e-15
6287.6668055326745,1.1264902e-15
6288.922195783421,1.2295948e-15
6290.177586034167,1.2481764e-15
6291.432976284913,1.1576333e-15
6292.688366535659,1.132674e-15
6293.943756786405,1.1555569e-15
6295.199147037151,1.1856934e-15
6296.454537287897,1.1162093e-15
6297.709927538644,1.2012219e-15
6298.96531778939,1.2587345e-15
6300.220708040136,1.2380688e-15
6301.476098290882,1.2288954e-15
6302.731488541628,1.189122e-15
6303.986878792374,1.2099787e-15
6305.242269043119,1.159649e-15
6306.497659293866,1.1846613e-15
6307.753049544612,1.2397935e-15
6309.008439795358,1.1309543e-15
6310.263830046104,1.1207725e-15
6311.51922029685,1.1339775e-15
6312.774610547596,1.1899384e-15
6314.030000798342,1.1526155e-15
6315.2853910490885,1.2588591e-15
6316.540781299835,1.2414035e-15
6317.796171550581,1.2213548e-15
6319.051561801327,1.2407434e-15
6320.306952052073,1.1905891e-15
6321.562342302819,1.1482437e-15
6322.817732553565,1.2122257e-15
6324.073122804311,1.0904244e-15
6325.328513055058,1.1212152e-15
6326.583903305804,1.1385456e-15
6327.83929355655,1.0961584e-15
6329.094683807296,1.2610329e-15
6330.350074058042,1.1945796e-15
6331.605464308788,1.1074211e-15
6332.860854559534,1.1309534e-15
6334.1162448102805,1.1237975e-15
6335.371635061027,1.1105882e-15
6336.627025311773,1.1052473e-15
6337.882415562519,1.0776745e-15
6339.137805813265,1.1723202e-15
6340.393196064011,1.1072462e-15
6341.648586314757,1.1369285e-15
6342.903976565503,1.2040746e-15
6344.1593668162495,1.1792842e-15
6345.414757066996,1.200271e-15
6346.670147317742,1.1797542e-15
6347.925537568488,1.198395e-15
6349.180927819233,1.1213087e-15
6350.436318069979,1.230659e-15
6351.691708320725,1.2216884e-15
6352.9470985714715,1.1244453e-15
6354.202488822218,1.1856554e-15
6355.457879072964,1.1962966e-15
6356.71326932371,1.0922336e-15
6357.968659574456,1.1336544e-15
6359.224049825202,1.1457799e-15
6360.479440075948,1.119295e-15
6361.7348303266945,1.1242378e-15
6362.990220577441,1.2367401e-15
6364.245610828187,1.1860973e-15
6365.501001078933,1.119601e-15
6366.756391329679,1.2034585e-15
6368.011781580425,1.1670285e-15
6369.267171831171,1.0451384e-15
6370.522562081917,1.1344286e-15
6371.7779523326635,1.1499166e-15
6373.03334258341,1.1218528e-15
6374.288732834156,1.1174058e-15
6375.544123084902,1.0831854e-15
6376.799513335647,1.2229168e-15
6378.054903586393,1.1566575e-15
6379.310293837139,1.1251473e-15
6380.5656840878855,1.0810873e-15
6381.821074338632,1.1052798e-15
6383.076464589378,1.1900278e-15
6384.331854840124,1.1328438e-15
6385.58724509087,1.0658799e-15
6386.842635341616,1.0900155e-15
6388.098025592362,1.0895946e-15
6389.353415843108,1.1782393e-15
6390.608806093855,1.1617926e-15
6391.864196344601,1.2080896e-15
6393.119586595347,1.2259573e-15
6394.374976846093,1.1990005e-15
6395.630367096839,1.1776296e-15
6396.885757347585,1.2078092e-15
6398.141147598331,1.2357615e-15
6399.3965378490775,1.0921676e-15
6400.651928099824,1.1029777e-15
6401.90731835057,1.1442923e-15
6403.162708601316,1.2546722e-15
6404.418098852062,1.2247e-15
6405.673489102808,1.116264e-15
6406.928879353554,1.1796906e-15
6408.1842696043,1.2187794e-15
6409.439659855047,1.2132418e-15
6410.695050105793,1.1560538e-15
6411.950440356539,1.1080674e-15
6413.205830607285,1.0713347e-15
6414.461220858031,1.1211522e-15
6415.716611108777,1.1250877e-15
6416.972001359523,1.2211194e-15
6418.2273916102695,1.1769316e-15
6419.482781861016,1.1564523e-15
6420.738172111762,1.1669691e-15
6421.993562362507,1.1404911e-15
6423.248952613253,1.1194909e-15
6424.504342863999,1.2460425e-15
6425.759733114745,1.200213e-15
6427.0151233654915,1.0744662e-15
6428.270513616238,1.0955107e-15
6429.525903866984,1.1309213e-15
6430.78129411773,1.121323e-15
6432.036684368476,1.1524341e-15
6433.292074619222,1.1461137e-15
6434.547464869968,1.0672493e-15
6435.802855120714,1.1111867e-15
6437.0582453714605,1.0930383e-15
6438.313635622207,1.0640609e-15
6439.569025872953,1.1578556e-15
6440.824416123699,1.1490966e-15
6442.079806374445,1.0305749e-15
6443.335196625191,1.0828274e-15
6444.590586875937,1.1054964e-15
6445.8459771266835,1.0740394e-15
6447.10136737743,1.0930309e-15
6448.356757628175,1.1242012e-15
6449.612147878921,1.0761032e-15
6450.867538129667,1.1395867e-15
6452.122928380413,1.1003073e-15
6453.378318631159,1.1312865e-15
6454.6337088819055,1.062606e-15
6455.889099132652,1.0608212e-15
6457.144489383398,1.066174e-15
6458.399879634144,1.1814099e-15
6459.65526988489,1.1587279e-15
6460.910660135636,1.0788813e-15
6462.166050386382,1.0972983e-15
6463.421440637128,1.1652738e-15
6464.6768308878745,1.2029816e-15
6465.932221138621,1.071382e-15
6467.187611389367,1.1214833e-15
6468.443001640113,1.0908469e-15
6469.698391890859,1.0983963e-15
6470.953782141605,1.1035746e-15
6472.209172392351,1.0633338e-15
6473.464562643097,1.1457794e-15
6474.719952893844,1.141257e-15
6475.97534314459,1.0644853e-15
6477.230733395336,1.0702756e-15
6478.486123646082,1.1092995e-15
6479.741513896828,1.0950171e-15
6480.996904147574,1.0870417e-15
6482.25229439832,1.0745225e-15
6483.5076846490665,1.1225169e-15
6484.763074899813,1.1386141e-15
6486.018465150559,1.0703193e-15
6487.273855401305,1.1898857e-15
6488.529245652051,1.113619e-15
6489.784635902797,1.0511733e-15
6491.040026153543,1.1521572e-15
6492.295416404289,1.101795e-15
6493.550806655035,1.0850531e-15
6494.806196905781,1.1668471e-15
6496.061587156527,1.1328286e-15
6497.316977407273,1.0848417e-15
6498.572367658019,1.1274542e-15
6499.827757908765,1.1066457e-15
6501.083148159511,1.1020047e-15
6502.338538410258,1.0864814e-15
6503.593928661004,1.1063861e-15
6504.84931891175,1.1366231e-15
6506.104709162496,1.1610594e-15
6507.360099413242,1.0473938e-15
6508.615489663988,1.0887384e-15
6509.870879914734,1.0907898e-15
6511.1262701654805,1.0342155e-15
6512.381660416227,1.0637694e-15
6513.637050666973,1.1044657e-15
6514.892440917719,1.1152709e-15
6516.147831168465,1.0965991e-15
6517.403221419211,1.0964888e-15
6518.658611669957,1.106851e-15
6519.914001920703,1.1704273e-15
6521.169392171449,1.1075196e-15
6522.424782422195,1.1779605e-15
6523.680172672941,1.1152164e-15
6524.935562923687,1.115631e-15
6526.190953174433,1.1595779e-15
6527.446343425179,1.1790581e-15
6528.701733675925,1.1645044e-15
6529.957123926672,1.18186e-15
6531.212514177418,1.1820491e-15
6532.467904428164,1.211806e-15
6533.72329467891,1.1827663e-15
6534.978684929656,1.2081239e-15
6536.234075180402,1.1957339e-15
6537.489465431148,1.2609433e-15
6538.7448556818945,1.2187464e-15
6540.000245932641,1.2643298e-15
6541.255636183387,1.3472273e-15
6542.511026434133,1.4442401e-15
6543.766416684879,1.4840974e-15
6545.021806935625,1.5306519e-15
6546.277197186371,1.629016e-15
6547.532587437117,1.7144602e-15
6548.7879776878635,1.789353e-15
6550.04336793861,1.7966998e-15
6551.298758189356,1.8451522e-15
6552.554148440102,1.8241977e-15
6553.809538690848,1.7558847e-15
6555.064928941594,1.6747723e-15
6556.32031919234,1.6024596e-15
6557.575709443086,1.4930422e-15
6558.831099693833,1.3541556e-15
6560.086489944579,1.4277246e-15
6561.341880195325,1.3784868e-15
6562.597270446071,1.2735826e-15
6563.852660696817,1.2625163e-15
6565.108050947562,1.2327904e-15
6566.3634411983085,1.2394592e-15
6567.618831449055,1.2172349e-15
6568.874221699801,1.2281909e-15
6570.129611950547,1.2436431e-15
6571.385002201293,1.2618248e-15
6572.640392452039,1.1952938e-15
6573.895782702785,1.0919792e-15
6575.151172953531,1.1135545e-15
6576.4065632042775,1.1023047e-15
6577.661953455024,1.1602395e-15
6578.91734370577,1.1239656e-15
6580.172733956516,1.1117324e-15
6581.428124207262,1.1219582e-15
6582.683514458008,1.0945345e-15
6583.938904708754,1.0884301e-15
6585.1942949595,1.0727715e-15
6586.449685210247,1.0473283e-15
6587.705075460993,1.0876626e-15
6588.960465711739,1.0433293e-15
6590.215855962485,1.0419454e-15
6591.471246213231,1.0585408e-15
6592.726636463976,1.0367084e-15
6593.982026714722,9.997891e-16
6595.237416965469,1.0340037e-15
6596.492807216215,1.047568e-15
6597.748197466961,1.0140102e-15
6599.003587717707,1.0355456e-15
6600.258977968453,1.0508131e-15
6601.514368219199,1.1450529e-15
6602.769758469945,1.1548458e-15
6604.0251487206915,1.0478165e-15
6605.280538971438,1.1059929e-15
6606.535929222184,1.0568802e-15
6607.79131947293,1.0433201e-15
6609.046709723676,1.0341334e-15
6610.302099974422,9.931653e-16
6611.557490225168,1.0217971e-15
6612.812880475914,1.0163856e-15
6614.068270726661,1.0189055e-15
6615.323660977407,9.767905e-16
6616.579051228153,1.0347726e-15
6617.834441478899,1.0668163e-15
6619.089831729645,1.1015632e-15
6620.345221980391,1.1054516e-15
6621.600612231137,1.0311629e-15
6622.8560024818835,1.0570025e-15
6624.11139273263,1.0249517e-15
6625.366782983376,1.0323529e-15
6626.622173234122,1.0339371e-15
6627.877563484868,1.0597567e-15
6629.132953735614,1.0100874e-15
6630.38834398636,1.041416e-15
6631.643734237106,9.950659e-16
6632.8991244878525,9.275883e-16
6634.154514738599,1.0074086e-15
6635.409904989345,1.0758105e-15
6636.665295240091,1.0392732e-15
6637.920685490836,1.0281754e-15
6639.176075741582,9.918871e-16
6640.431465992328,1.0618312e-15
6641.6868562430745,1.136465e-15
6642.942246493821,1.1122366e-15
6644.197636744567,1.0653252e-15
6645.453026995313,9.68402e-16
6646.708417246059,1.0471737e-15
6647.963807496805,1.0302125e-15
6649.219197747551,1.0608919e-15
6650.4745879982975,9.638644e-16
6651.729978249044,1.0520964e-15
6652.98536849979,1.1006781e-15
6654.240758750536,1.0402066e-15
6655.496149001282,9.812647e-16
6656.751539252028,1.0650202e-15
6658.006929502774,1.0486876e-15
6659.26231975352,1.0796488e-15
6660.5177100042665,1.1249889e-15
6661.773100255013,1.0353912e-15
6663.028490505759,1.0161848e-15
6664.283880756504,1.0569286e-15
6665.53927100725,1.0215828e-15
6666.794661257996,1.0551636e-15
6668.050051508742,1.0667409e-15
6669.3054417594885,1.050914e-15
6670.560832010235,1.0188388e-15
6671.816222260981,1.0448427e-15
6673.071612511727,1.0150316e-15
6674.327002762473,1.01489e-15
6675.582393013219,1.0439204e-15
6676.837783263965,9.815442e-16
6678.093173514711,9.969597e-16
6679.348563765458,1.106502e-15
6680.603954016204,1.1060347e-15
6681.85934426695,1.0130069e-15
6683.114734517696,1.0068252e-15
6684.370124768442,1.0675187e-15
6685.625515019188,1.055804e-15
6686.880905269934,1.093802e-15
6688.1362955206805,1.0285445e-15
6689.391685771427,1.0078135e-15
6690.647076022173,1.0474875e-15
6691.902466272919,1.0232065e-15
6693.157856523665,9.942066e-16
6694.413246774411,9.710902e-16
6695.668637025157,9.886943e-16
6696.924027275903,1.0598774e-15
6698.17941752665,9.885058e-16
6699.434807777396,9.967004e-16
6700.690198028142,1.0234835e-15
6701.945588278888,1.0808566e-15
6703.200978529634,1.063064e-15
6704.45636878038,9.946608e-16
6705.711759031126,1.0230019e-15
6706.9671492818725,1.0662019e-15
6708.222539532619,1.0779322e-15
6709.477929783364,1.015064e-15
6710.73332003411,1.0493119e-15
6711.988710284856,1.0757463e-15
6713.244100535602,1.0244102e-15
6714.499490786348,1.0557721e-15
6715.7548810370945,1.0214941e-15
6717.010271287841,1.040842e-15
6718.265661538587,1.0220987e-15
6719.521051789333,9.866442e-16
6720.776442040079,1.0715691e-15
6722.031832290825,1.0342124e-15
6723.287222541571,9.798243e-16
6724.542612792317,1.0011521e-15
6725.7980030430635,1.0883885e-15
6727.05339329381,1.0394424e-15
6728.308783544556,1.0372922e-15
6729.564173795302,1.098938e-15
6730.819564046048,1.0282799e-15
6732.074954296794,1.0586238e-15
6733.33034454754,1.1142533e-15
6734.5857347982865,1.0169625e-15
6735.841125049032,1.0181217e-15
6737.096515299778,1.0414831e-15
6738.351905550524,1.0233552e-15
6739.60729580127,1.0296664e-15
6740.862686052016,9.596557e-16
6742.118076302762,9.638184e-16
6743.3734665535085,1.0142621e-15
6744.628856804255,1.0158722e-15
6745.884247055001,1.0537604e-15
6747.139637305747,9.929763e-16
6748.395027556493,9.821418e-16
6749.650417807239,9.985302e-16
6750.905808057985,1.0874048e-15
6752.161198308731,1.0143897e-15
6753.4165885594775,1.0557959e-15
6754.671978810224,1.0655886e-15
6755.92736906097,9.932269e-16
6757.182759311716,1.0726877e-15
6758.438149562462,9.780999e-16
6759.693539813208,9.599165e-16
6760.948930063954,9.92127e-16
6762.2043203147,9.731442e-16
6763.459710565447,9.181637e-16
6764.715100816193,9.708726e-16
6765.970491066939,9.539587e-16
6767.225881317685,1.0195476e-15
6768.481271568431,1.055843e-15
6769.736661819177,1.0191147e-15
6770.992052069923,1.0216224e-15
6772.2474423206695,1.0351619e-15
6773.502832571416,9.868327e-16
6774.758222822162,9.962655e-16
6776.013613072908,1.0232228e-15
6777.269003323654,1.0154347e-15
6778.5243935744,9.798549e-16
6779.779783825146,9.980875e-16
6781.0351740758915,9.827999e-16
6782.290564326638,9.691835e-16
6783.545954577384,9.956387e-16
6784.80134482813,1.0232906e-15
6786.056735078876,9.764574e-16
6787.312125329622,9.812776e-16
6788.567515580368,9.706183e-16
6789.822905831114,9.94586e-16
6791.078296081861,1.0373431e-15
6792.333686332607,9.649155e-16
6793.589076583353,9.574132e-16
6794.844466834099,9.070759e-16
6796.099857084845,9.889491e-16
6797.355247335591,9.951132e-16
6798.610637586337,9.710657e-16
6799.8660278370835,9.782396e-16
6801.12141808783,1.0833602e-15
6802.376808338576,1.1230868e-15
6803.632198589322,9.760906e-16
6804.887588840068,1.0491261e-15
6806.142979090814,9.819957e-16
6807.39836934156,9.939987e-16
6808.6537595923055,1.0165395e-15
6809.909149843052,9.959641e-16
6811.164540093798,1.0120942e-15
6812.419930344544,9.620054e-16
6813.67532059529,9.557718e-16
6814.930710846036,9.350528e-16
6816.186101096782,9.609956e-16
6817.441491347528,9.631664e-16
6818.696881598275,9.906373e-16
6819.952271849021,9.501512e-16
6821.207662099767,9.785191e-16
6822.463052350513,1.0195439e-15
6823.718442601259,1.0010041e-15
6824.973832852005,9.736761e-16
6826.229223102751,9.683434e-16
6827.4846133534975,1.0080346e-15
6828.740003604244,9.362933e-16
6829.99539385499,9.396935e-16
6831.250784105736,1.0320357e-15
6832.506174356482,1.0273347e-15
6833.761564607228,1.0528139e-15
6835.016954857974,9.678524e-16
6836.27234510872,9.230143e-16
6837.5277353594665,9.287762e-16
6838.783125610213,8.935563e-16
6840.038515860959,9.39139e-16
6841.293906111705,9.26238e-16
6842.549296362451,9.61118e-16
6843.804686613197,9.977592e-16
6845.060076863943,9.631612e-16
6846.315467114689,9.465722e-16
6847.570857365436,9.728792e-16
6848.826247616182,9.807178e-16
6850.081637866928,9.737137e-16
6851.337028117674,9.333264e-16
6852.59241836842,9.481525e-16
6853.847808619165,9.94085e-16
6855.1031988699115,9.42857e-16
6856.358589120658,9.729567e-16
6857.613979371404,1.015132e-15
6858.86936962215,9.589891e-16
6860.124759872896,9.353876e-16
6861.380150123642,9.078726e-16
6862.635540374388,8.900149e-16
6863.890930625134,9.186749e-16
6865.1463208758805,8.819059e-16
6866.401711126627,7.868767e-16
6867.657101377373,8.2975363e-16
6868.912491628119,8.1549484e-16
6870.167881878865,7.4754993e-16
6871.423272129611,8.108735e-16
6872.678662380357,8.4085824e-16
6873.934052631103,8.069216e-16
6875.18944288185,7.974462e-16
6876.444833132596,7.9398947e-16
6877.700223383342,8.622477e-16
6878.955613634088,9.508952e-16
6880.211003884833,9.118069e-16
6881.466394135579,8.17623e-16
6882.721784386325,9.217847e-16
6883.977174637072,9.129856e-16
6885.232564887818,8.6591654e-16
6886.487955138564,8.839631e-16
6887.74334538931,8.319477e-16
6888.998735640056,8.874213e-16
6890.254125890802,9.097123e-16
6891.509516141548,8.606569e-16
6892.7649063922945,8.448306e-16
6894.020296643041,8.606679e-16
6895.275686893787,8.7182555e-16
6896.531077144533,8.834245e-16
6897.786467395279,8.607233e-16
6899.041857646025,8.933776e-16
6900.297247896771,8.95513e-16
6901.552638147517,8.7007854e-16
6902.808028398264,9.035937e-16
6904.06341864901,9.342341e-16
6905.318808899756,9.498213e-16
6906.574199150502,9.372407e-16
6907.829589401248,9.114895e-16
6909.084979651994,9.15861e-16
6910.34036990274,9.280214e-16
6911.5957601534865,9.022646e-16
6912.851150404233,9.309725e-16
6914.106540654979,8.846997e-16
6915.361930905725,9.222782e-16
6916.617321156471,9.205621e-16
6917.872711407217,9.49548e-16
6919.128101657963,9.681605e-16
6920.383491908709,9.256899e-16
6921.6388821594555,9.270213e-16
6922.894272410202,9.068543e-16
6924.149662660948,9.070087e-16
6925.405052911693,8.90306e-16
6926.660443162439,9.117455e-16
6927.915833413185,9.429113e-16
6929.171223663931,9.546925e-16
6930.426613914678,9.412444e-16
6931.682004165424,9.216408e-16
6932.93739441617,9.098745e-16
6934.192784666916,8.892584e-16
6935.448174917662,8.941493e-16
6936.703565168408,9.241774e-16
6937.958955419154,9.459426e-16
6939.2143456699005,9.681877e-16
6940.469735920647,1.0095802e-15
6941.725126171393,9.425341e-16
6942.980516422139,9.550587e-16
6944.235906672885,9.386612e-16
6945.491296923631,9.170818e-16
6946.746687174377,9.20086e-16
6948.002077425123,9.385978e-16
6949.2574676758695,9.192645e-16
6950.512857926616,9.953255e-16
6951.768248177361,9.770987e-16
6953.023638428107,1.0084683e-15
6954.279028678853,9.759845e-16
6955.534418929599,9.755887e-16
6956.789809180345,9.437128e-16
6958.0451994310915,9.924065e-16
6959.300589681838,9.849651e-16
6960.555979932584,9.137355e-16
6961.81137018333,9.182482e-16
6963.066760434076,9.219122e-16
6964.322150684822,8.928777e-16
6965.577540935568,9.282598e-16
6966.832931186314,9.234479e-16
6968.088321437061,8.995944e-16
6969.343711687807,8.8672597e-16
6970.599101938553,9.192134e-16
6971.854492189299,9.246287e-16
6973.109882440045,8.927113e-16
6974.365272690791,9.761195e-16
6975.620662941537,9.345058e-16
6976.8760531922835,9.191771e-16
6978.13144344303,9.191851e-16
6979.386833693776,9.261802e-16
6980.642223944522,9.737627e-16
6981.897614195268,9.711041e-16
6983.153004446014,9.557488e-16
6984.40839469676,8.7896815e-16
6985.663784947506,9.324584e-16
6986.919175198253,9.75323e-16
6988.174565448999,9.05266e-16
6989.429955699745,9.071727e-16
6990.685345950491,9.881945e-16
6991.940736201237,9.505286e-16
6993.196126451983,9.483393e-16
6994.451516702729,9.886493e-16
6995.7069069534755,9.72799e-16
6996.962297204222,9.536397e-16
6998.217687454968,8.976981e-16
6999.473077705714,9.434356e-16
7000.72846795646,9.525791e-16
7001.983858207205,8.7531877e-16
7003.239248457951,8.654379e-16
7004.4946387086975,8.5565325e-16
7005.750028959444,9.392055e-16
7007.00541921019,9.699868e-16
7008.260809460936,9.507151e-16
7009.516199711682,9.651651e-16
7010.771589962428,9.117492e-16
7012.026980213174,8.93214e-16
7013.28237046392,9.003856e-16
7014.537760714667,8.929958e-16
7015.793150965413,9.400587e-16
7017.048541216159,9.111785e-16
7018.303931466905,9.122118e-16
7019.55932171765,9.406327e-16
7020.814711968396,9.287332e-16
7022.070102219142,9.469149e-16
7023.325492469889,9.869462e-16
7024.580882720635,9.715671e-16
7025.836272971381,8.922875e-16
7027.091663222127,8.7817607e-16
7028.347053472873,8.7770915e-16
7029.602443723619,9.733222e-16
7030.857833974365,9.205334e-16
7032.1132242251115,9.404209e-16
7033.368614475858,9.517391e-16
7034.624004726604,9.517019e-16
7035.87939497735,9.632376e-16
7037.134785228096,9.597956e-16
7038.390175478842,9.25968e-16
7039.645565729588,9.685755e-16
7040.900955980334,9.495732e-16
7042.1563462310805,9.575854e-16
7043.411736481827,9.366591e-16
7044.667126732573,9.226297e-16
7045.922516983319,9.608264e-16
7047.177907234065,1.001792e-15
7048.433297484811,1.0090457e-15
7049.688687735557,9.581294e-16
7050.9440779863035,9.695115e-16
7052.19946823705,9.412382e-16
7053.454858487796,9.415218e-16
7054.710248738542,9.188922e-16
7055.965638989288,8.855898e-16
7057.221029240034,9.542752e-16
7058.47641949078,9.902633e-16
7059.731809741526,9.311178e-16
7060.9871999922725,9.035757e-16
7062.242590243019,9.274618e-16
7063.497980493765,9.361875e-16
7064.753370744511,9.141483e-16
7066.008760995257,8.99096e-16
7067.264151246003,8.984552e-16
7068.519541496749,9.879078e-16
7069.774931747495,9.563991e-16
7071.030321998242,8.99549e-16
7072.285712248988,9.433098e-16
7073.541102499733,9.316881e-16
7074.796492750479,9.701764e-16
7076.051883001225,9.71886e-16
7077.307273251971,9.487213e-16
7078.562663502717,9.599636e-16
7079.818053753464,9.728596e-16
7081.07344400421,9.585103e-16
7082.328834254956,9.459081e-16
7083.584224505702,9.501634e-16
7084.839614756448,9.310725e-16
7086.095005007194,9.224642e-16
7087.35039525794,9.440894e-16
7088.6057855086865,9.645527e-16
7089.861175759433,9.449059e-16
7091.116566010178,8.8238477e-16
7092.371956260924,9.182044e-16
7093.62734651167,9.277934e-16
7094.882736762416,9.185019e-16
7096.138127013162,9.350265e-16
7097.3935172639085,9.079936e-16
7098.648907514655,8.985466e-16
7099.904297765401,9.118268e-16
7101.159688016147,9.238119e-16
7102.415078266893,9.449547e-16
7103.670468517639,9.550991e-16
7104.925858768385,9.685101e-16
7106.181249019131,9.005524e-16
7107.436639269878,9.303658e-16
7108.692029520624,9.209494e-16
7109.94741977137,9.034688e-16
7111.202810022116,9.076683e-16
7112.458200272862,8.726285e-16
7113.713590523608,9.361466e-16
7114.968980774354,9.509672e-16
7116.2243710251005,9.298551e-16
7117.479761275847,9.261333e-16
7118.735151526593,8.82078e-16
7119.990541777339,9.423862e-16
7121.245932028085,9.499e-16
7122.501322278831,9.268949e-16
7123.756712529577,9.760455e-16
7125.012102780323,9.096561e-16
7126.2674930310695,9.35465e-16
7127.522883281816,9.777897e-16
7128.778273532562,9.150784e-16
7130.033663783308,9.171714e-16
7131.289054034054,9.617325e-16
7132.5444442848,9.307196e-16
7133.799834535546,9.711088e-16
7135.0552247862925,9.36856e-16
7136.310615037039,9.229195e-16
7137.566005287785,8.941079e-16
7138.821395538531,9.467854e-16
7140.076785789277,9.379048e-16
7141.332176040023,9.405626e-16
7142.587566290769,9.10396e-16
7143.842956541515,9.222903e-16
7145.098346792261,9.721164e-16
7146.353737043007,9.961912e-16
7147.609127293753,9.025303e-16
7148.864517544499,9.59892e-16
7150.119907795245,9.384966e-16
7151.375298045991,9.087287e-16
7152.630688296737,9.108495e-16
7153.8860785474835,9.326704e-16
7155.14146879823,9.266241e-16
7156.396859048976,9.346766e-16
7157.652249299722,9.360848e-16
7158.907639550468,9.485094e-16
7160.163029801214,9.532276e-16
7161.41842005196,9.513771e-16
7162.673810302706,8.984777e-16
7163.929200553452,9.121778e-16
7165.184590804198,1.0133161e-15
7166.439981054944,9.61162e-16
7167.69537130569,8.8324265e-16
7168.950761556436,8.7486306e-16
7170.206151807182,8.759855e-16
7171.461542057928,9.110738e-16
7172.716932308675,9.33513e-16
7173.972322559421,9.225e-16
7175.227712810167,9.009554e-16
7176.483103060913,9.393889e-16
7177.738493311659,9.428525e-16
7178.993883562405,8.902627e-16
7180.249273813151,8.948175e-16
7181.5046640638975,9.094781e-16
7182.760054314644,9.360936e-16
7184.01544456539,9.460879e-16
7185.270834816136,8.851939e-16
7186.526225066882,8.878829e-16
7187.781615317628,8.756158e-16
7189.037005568374,9.036824e-16
7190.29239581912,9.36334e-16
7191.547786069867,8.907904e-16
7192.803176320613,8.7378527e-16
7194.058566571359,8.5959466e-16
7195.313956822105,9.09963e-16
7196.569347072851,8.684954e-16
7197.824737323597,8.8364865e-16
7199.080127574343,8.978649e-16
7200.3355178250895,8.86387e-16
7201.590908075836,9.160874e-16
7202.846298326582,9.289489e-16
7204.101688577328,9.065374e-16
7205.357078828074,8.550456e-16
7206.61246907882,8.5927294e-16
7207.867859329566,8.793172e-16
7209.123249580312,9.559477e-16
7210.3786398310585,9.549257e-16
7211.634030081805,9.264066e-16
7212.889420332551,8.96128e-16
7214.144810583297,8.7499197e-16
7215.400200834043,9.123864e-16
7216.655591084789,9.117211e-16
7217.910981335534,9.293469e-16
7219.166371586281,9.125113e-16
7220.421761837027,8.900271e-16
7221.677152087773,9.322773e-16
7222.932542338519,9.480238e-16
7224.187932589265,8.7614933e-16
7225.443322840011,8.158116e-16
7226.698713090757,9.016906e-16
7227.9541033415035,9.056887e-16
7229.20949359225,8.7450646e-16
7230.464883842996,9.032103e-16
7231.720274093742,9.463062e-16
7232.975664344488,9.724147e-16
7234.231054595234,9.232928e-16
7235.486444845979,8.902761e-16
7236.7418350967255,8.911728e-16
7237.997225347472,8.6277257e-16
7239.252615598218,8.4591815e-16
7240.508005848964,8.883965e-16
7241.76339609971,8.727265e-16
7243.018786350456,9.035805e-16
7244.274176601202,9.067912e-16
7245.529566851948,8.96575e-16
7246.7849571026945,8.6402623e-16
7248.040347353441,8.790457e-16
7249.295737604187,9.44235e-16
7250.551127854933,9.254424e-16
7251.806518105679,8.772913e-16
7253.061908356425,8.8453215e-16
7254.317298607171,9.013735e-16
7255.5726888579175,8.98983e-16
7256.828079108664,8.7427766e-16
7258.08346935941,9.298319e-16
7259.338859610156,9.13965e-16
7260.594249860902,8.699787e-16
7261.849640111648,9.049291e-16
7263.105030362394,8.855877e-16
7264.36042061314,8.5489267e-16
7265.6158108638865,9.146726e-16
7266.871201114633,9.419078e-16
7268.126591365379,8.953342e-16
7269.381981616125,8.560542e-16
7270.637371866871,9.040973e-16
7271.892762117617,8.573438e-16
7273.148152368363,8.3607753e-16
7274.403542619109,9.019397e-16
7275.658932869856,9.417223e-16
7276.914323120602,8.595009e-16
7278.169713371348,8.648496e-16
7279.425103622094,8.8183134e-16
7280.68049387284,8.91497e-16
7281.935884123586,8.862367e-16
7283.191274374332,8.601959e-16
7284.4466646250785,8.924393e-16
7285.702054875825,9.067525e-16
7286.957445126571,9.257826e-16
7288.212835377317,9.215096e-16
7289.468225628062,9.341563e-16
7290.723615878808,9.395874e-16
7291.979006129554,8.8290204e-16
7293.2343963803005,8.651121e-16
7294.489786631047,8.883251e-16
7295.745176881793,9.227503e-16
7297.000567132539,9.001801e-16
7298.255957383285,9.201602e-16
7299.511347634031,9.139633e-16
7300.766737884777,8.893664e-16
7302.022128135523,9.062264e-16
7303.27751838627,8.8499453e-16
7304.532908637016,8.942875e-16
7305.788298887762,8.528685e-16
7307.043689138507,9.086237e-16
7308.299079389253,9.44154e-16
7309.554469639999,9.345916e-16
7310.809859890745,8.70308e-16
7312.065250141492,8.4196885e-16
7313.320640392238,9.263191e-16
7314.576030642984,9.122553e-16
7315.83142089373,9.627745e-16
7317.086811144476,8.8766475e-16
7318.342201395222,9.120609e-16
7319.597591645968,9.535896e-16
7320.8529818967145,9.546744e-16
7322.108372147461,9.8536e-16
7323.363762398207,9.642293e-16
7324.619152648953,9.162175e-16
7325.874542899699,8.810728e-16
7327.129933150445,8.950725e-16
7328.385323401191,9.381287e-16
7329.640713651937,9.100609e-16
7330.8961039026835,9.169634e-16
7332.15149415343,8.942267e-16
7333.406884404176,8.226951e-16
7334.662274654922,9.090669e-16
7335.917664905668,8.8227174e-16
7337.173055156414,9.209788e-16
7338.42844540716,9.195959e-16
7339.6838356579065,9.185131e-16
7340.939225908653,9.10321e-16
7342.194616159399,9.863982e-16
7343.450006410145,9.117606e-16
7344.705396660891,8.934076e-16
7345.960786911637,9.451931e-16
7347.216177162383,9.056261e-16
7348.471567413129,9.907594e-16
7349.7269576638755,9.246214e-16
7350.982347914622,8.621194e-16
7352.237738165368,8.6384285e-16
7353.493128416114,8.443035e-16
7354.74851866686,8.724377e-16
7356.003908917606,8.636487e-16
7357.259299168352,9.208132e-16
7358.514689419098,8.900656e-16
7359.770079669845,8.862266e-16
7361.02546992059,9.53987e-16
7362.280860171336,8.23865e-16
7363.536250422082,8.268067e-16
7364.791640672828,8.6330514e-16
7366.047030923574,8.1845686e-16
7367.30242117432,8.803725e-16
7368.557811425067,8.777095e-16
7369.813201675813,8.53028e-16
7371.068591926559,8.556793e-16
7372.323982177305,9.104518e-16
7373.579372428051,9.235414e-16
7374.834762678797,8.6257023e-16
7376.090152929543,8.672513e-16
7377.3455431802895,8.924594e-16
7378.600933431035,8.647899e-16
7379.856323681781,8.3408525e-16
7381.111713932527,8.6136104e-16
7382.367104183273,8.6802444e-16
7383.622494434019,8.769924e-16
7384.877884684765,8.692073e-16
7386.1332749355115,8.252675e-16
7387.388665186258,9.009821e-16
7388.644055437004,8.884195e-16
7389.89944568775,8.8175066e-16
7391.154835938496,8.037831e-16
7392.410226189242,8.664165e-16
7393.665616439988,8.962498e-16
7394.921006690734,8.951385e-16
7396.176396941481,8.5976856e-16
7397.431787192227,8.900486e-16
7398.687177442973,9.07304e-16
7399.942567693719,9.056603e-16
7401.197957944465,8.5967767e-16
7402.453348195211,8.116722e-16
7403.708738445957,8.593878e-16
7404.9641286967035,8.887171e-16
7406.21951894745,9.076713e-16
7407.474909198196,8.703167e-16
7408.730299448942,8.557755e-16
7409.985689699688,8.5670093e-16
7411.241079950434,8.575736e-16
7412.49647020118,8.3190044e-16
7413.751860451926,8.8257625e-16
7415.0072507026725,8.607529e-16
7416.262640953419,8.4408564e-16
7417.518031204165,8.679954e-16
7418.773421454911,9.059587e-16
7420.028811705657,8.072115e-16
7421.284201956403,8.365376e-16
7422.539592207149,8.4570713e-16
7423.7949824578955,8.696143e-16
7425.050372708642,8.912785e-16
7426.305762959388,8.645081e-16
7427.561153210134,8.351889e-16
7428.81654346088,8.7040174e-16
7430.071933711626,9.048361e-16
7431.327323962372,8.726653e-16
7432.5827142131175,8.4175874e-16
7433.838104463864,8.4264193e-16
7435.09349471461,8.598622e-16
7436.348884965356,8.878505e-16
7437.604275216102,9.167103e-16
7438.859665466848,8.974839e-16
7440.115055717594,8.4501447e-16
7441.37044596834,8.5096816e-16
7442.6258362190865,8.710085e-16
7443.881226469833,9.243215e-16
7445.136616720579,8.1490345e-16
7446.392006971325,8.2604416e-16
7447.647397222071,8.937736e-16
7448.902787472817,8.962896e-16
7450.158177723563,8.3557736e-16
7451.4135679743085,7.9144244e-16
7452.668958225055,8.381695e-16
7453.924348475801,8.2063236e-16
7455.179738726547,8.4826014e-16
7456.435128977293,8.639026e-16
7457.690519228039,8.3745994e-16
7458.945909478785,8.747519e-16
7460.2012997295315,8.1357827e-16
7461.456689980278,7.814962e-16
7462.712080231024,8.5776247e-16
7463.96747048177,9.318368e-16
7465.222860732516,9.047857e-16
7466.478250983262,8.649134e-16
7467.733641234008,9.013613e-16
7468.989031484754,9.00597e-16
7470.2444217355005,8.781588e-16
7471.499811986247,8.642535e-16
7472.755202236993,8.5851586e-16
7474.010592487739,8.038537e-16
7475.265982738485,8.5894805e-16
7476.521372989231,8.885517e-16
7477.776763239977,8.7845596e-16
7479.032153490723,9.43605e-16
7480.28754374147,8.0668776e-16
7481.542933992216,8.7069614e-16
7482.798324242962,9.313929e-16
7484.053714493708,8.414006e-16
7485.309104744454,8.045392e-16
7486.5644949952,8.2820584e-16
7487.819885245946,8.671856e-16
7489.0752754966925,8.1927626e-16
7490.330665747439,7.608243e-16
7491.586055998185,8.2469907e-16
7492.841446248931,8.8500877e-16
7494.096836499677,8.583714e-16
7495.352226750423,8.2608185e-16
7496.607617001169,8.2099335e-16
7497.863007251915,8.468309e-16
7499.1183975026615,8.257963e-16
7500.373787753408,7.946532e-16
7501.629178004154,8.4969634e-16
7502.8845682549,7.812936e-16
7504.139958505646,8.343742e-16
7505.395348756391,8.444334e-16
7506.650739007137,9.088829e-16
7507.906129257884,8.786186e-16
7509.16151950863,8.547776e-16
7510.416909759376,8.1233e-16
7511.672300010122,8.544078e-16
7512.927690260868,8.85016e-16
7514.183080511614,7.9903874e-16
7515.43847076236,7.62254e-16
7516.6938610131065,8.404093e-16
7517.949251263853,9.002625e-16
7519.204641514599,8.5843486e-16
7520.460031765345,7.743828e-16
7521.715422016091,8.089878e-16
7522.970812266836,8.585293e-16
7524.226202517582,8.0898703e-16
7525.4815927683285,8.1822493e-16
7526.736983019075,8.2592314e-16
7527.992373269821,8.3037424e-16
7529.247763520567,9.119835e-16
7530.503153771313,8.6418685e-16
7531.758544022059,8.215555e-16
7533.013934272805,8.050486e-16
7534.269324523551,8.9505e-16
7535.5247147742975,9.099256e-16
7536.780105025044,7.96188e-16
7538.03549527579,8.0937376e-16
7539.290885526536,8.7072906e-16
7540.546275777282,8.292319e-16
7541.801666028028,8.0409113e-16
7543.057056278774,8.0252184e-16
7544.3124465295205,7.796751e-16
7545.567836780267,7.9106016e-16
7546.823227031013,8.630772e-16
7548.078617281759,8.820621e-16
7549.334007532505,8.3486887e-16
7550.589397783251,7.9537193e-16
7551.844788033997,7.973015e-16
7553.100178284743,8.4285623e-16
7554.3555685354895,8.1929717e-16
7555.610958786236,7.8320986e-16
7556.866349036982,7.772156e-16
7558.121739287728,8.308723e-16
7559.377129538474,8.7702157e-16
7560.63251978922,8.494137e-16
7561.887910039966,8.06575e-16
7563.143300290712,7.856171e-16
7564.398690541459,8.114604e-16
7565.654080792205,7.9108875e-16
7566.909471042951,7.35544e-16
7568.164861293697,7.794208e-16
7569.420251544443,8.273029e-16
7570.675641795189,8.1605753e-16
7571.931032045935,8.02023e-16
7573.1864222966815,8.372721e-16
7574.441812547428,8.4881383e-16
7575.697202798174,8.407523e-16
7576.952593048919,8.540006e-16
7578.207983299665,7.9838245e-16
7579.463373550411,7.9029985e-16
7580.718763801157,8.4888567e-16
7581.9741540519035,8.6477707e-16
7583.22954430265,7.56255e-16
7584.484934553396,7.447761e-16
7585.740324804142,7.5915545e-16
7586.995715054888,7.725584e-16
7588.251105305634,7.5117656e-16
7589.50649555638,7.6411446e-16
7590.761885807126,7.113225e-16
7592.017276057873,6.659777e-16
7593.272666308619,6.137182e-16
7594.528056559364,5.790679e-16
7595.78344681011,5.3059605e-16
7597.038837060856,4.433247e-16
7598.294227311602,3.61814e-16
7599.549617562348,3.4230957e-16
7600.805007813095,3.5353691e-16
7602.060398063841,3.117783e-16
7603.315788314587,2.8738306e-16
7604.571178565333,3.037745e-16
7605.826568816079,3.6625533e-16
7607.081959066825,3.4840183e-16
7608.337349317571,3.7933156e-16
7609.5927395683175,4.3042734e-16
7610.848129819064,4.102643e-16
7612.10352006981,4.468826e-16
7613.358910320556,5.0800573e-16
7614.614300571302,5.9787667e-16
7615.869690822048,6.591148e-16
7617.125081072794,6.1086576e-16
7618.38047132354,6.1186224e-16
7619.6358615742865,6.2381483e-16
7620.891251825033,6.2045566e-16
7622.146642075779,6.130495e-16
7623.402032326525,5.628825e-16
7624.657422577271,5.3075365e-16
7625.912812828017,4.761354e-16
7627.168203078763,4.6310933e-16
7628.4235933295095,5.000574e-16
7629.678983580256,4.9131315e-16
7630.934373831002,5.630231e-16
7632.189764081748,5.1646225e-16
7633.445154332494,5.3716495e-16
7634.70054458324,5.5187585e-16
7635.955934833986,5.2340437e-16
7637.211325084732,5.112593e-16
7638.4667153354785,5.6812284e-16
7639.722105586225,6.25884e-16
7640.977495836971,5.700157e-16
7642.232886087717,5.522851e-16
7643.488276338463,6.019208e-16
7644.743666589209,6.262253e-16
7645.999056839955,6.106198e-16
7647.254447090701,5.9911027e-16
7648.509837341447,6.47647e-16
7649.765227592193,6.319835e-16
7651.020617842939,6.635333e-16
7652.276008093685,6.92382e-16
7653.531398344431,6.8064444e-16
7654.786788595177,7.182197e-16
7656.042178845923,7.5265865e-16
7657.29756909667,6.6101244e-16
7658.552959347416,7.6149887e-16
7659.808349598162,7.6968285e-16
7661.063739848908,7.886066e-16
7662.319130099654,7.8503665e-16
7663.5745203504,7.6049895e-16
7664.829910601146,7.596454e-16
7666.0853008518925,7.5874125e-16
7667.340691102638,7.8116327e-16
7668.596081353384,8.0898486e-16
7669.85147160413,7.862873e-16
7671.106861854876,7.4636144e-16
7672.362252105622,7.9725954e-16
7673.617642356368,7.5919415e-16
7674.8730326071145,8.203377e-16
7676.128422857861,8.5930524e-16
7677.383813108607,7.428835e-16
7678.639203359353,7.5729267e-16
7679.894593610099,8.395919e-16
7681.149983860845,8.297013e-16
7682.405374111591,8.134461e-16
7683.660764362337,8.24946e-16
7684.916154613084,7.7384104e-16
7686.17154486383,7.573314e-16
7687.426935114576,8.0691884e-16
7688.682325365322,8.5332423e-16
7689.937715616068,8.5670003e-16
7691.193105866814,7.841287e-16
7692.44849611756,7.4423253e-16
7693.7038863683065,7.645582e-16
7694.959276619053,8.983227e-16
7696.214666869799,8.805221e-16
7697.470057120545,8.474153e-16
7698.725447371291,8.115175e-16
7699.980837622037,8.127476e-16
7701.236227872783,8.606923e-16
7702.491618123529,9.196969e-16
7703.7470083742755,8.425981e-16
7705.002398625022,8.1688884e-16
7706.257788875768,7.871685e-16
7707.513179126514,7.962903e-16
7708.76856937726,8.4618756e-16
7710.023959628006,8.355929e-16
7711.279349878752,8.652741e-16
7712.5347401294985,8.3908217e-16
7713.790130380245,8.6584047e-16
7715.045520630991,8.991706e-16
7716.300910881737,9.088608e-16
7717.556301132483,1.0415087e-15
7718.811691383229,9.133793e-16
7720.067081633975,8.083892e-16
7721.3224718847205,8.642676e-16
7722.577862135467,9.358268e-16
7723.833252386213,8.857188e-16
7725.088642636959,7.9561037e-16
7726.344032887705,7.98588e-16
7727.599423138451,8.5149056e-16
7728.854813389197,8.553556e-16
7730.110203639943,8.285527e-16
7731.3655938906895,8.3455827e-16
7732.620984141436,8.3499126e-16
7733.876374392182,8.1078835e-16
7735.131764642928,8.406195e-16
7736.387154893674,7.9188687e-16
7737.64254514442,8.2871147e-16
7738.897935395165,8.686618e-16
7740.1533256459115,8.6635525e-16
7741.408715896658,8.1526244e-16
7742.664106147404,8.556977e-16
7743.91949639815,8.419521e-16
7745.174886648896,8.655082e-16
7746.430276899642,8.4156816e-16
7747.685667150388,7.5190686e-16
7748.9410574011345,7.7745025e-16
7750.196447651881,8.137161e-16
7751.451837902627,8.396186e-16
7752.707228153373,8.86447e-16
7753.962618404119,7.474802e-16
7755.218008654865,7.0951185e-16
7756.473398905611,8.338137e-16
7757.728789156357,7.718742e-16
7758.9841794071035,7.834421e-16
7760.23956965785,7.14792e-16
7761.494959908596,6.714106e-16
7762.750350159342,7.116645e-16
7764.005740410088,7.5851155e-16
7765.261130660834,8.0013676e-16
7766.51652091158,7.613202e-16
7767.771911162326,7.662457e-16
7769.027301413073,8.381793e-16
7770.282691663819,8.072619e-16
7771.538081914565,8.014683e-16
7772.793472165311,8.1445527e-16
7774.048862416057,8.7185e-16
7775.304252666803,8.255455e-16
7776.559642917549,8.812463e-16
7777.8150331682955,8.4197087e-16
7779.070423419042,8.6473837e-16
7780.325813669788,8.8756575e-16
7781.581203920534,9.019653e-16
7782.83659417128,9.098962e-16
7784.091984422026,8.5326775e-16
7785.347374672772,8.0507485e-16
7786.602764923518,8.2663745e-16
7787.8581551742645,8.7621667e-16
7789.113545425011,9.512915e-16
7790.368935675757,9.758116e-16
7791.624325926503,8.7404403e-16
7792.879716177248,8.1916763e-16
7794.135106427994,8.067178e-16
7795.39049667874,8.25834e-16
7796.645886929487,8.7327863e-16
7797.901277180233,8.937888e-16
7799.156667430979,8.3348037e-16
7800.412057681725,8.4339923e-16
7801.667447932471,8.411657e-16
7802.922838183217,7.8093325e-16
7804.178228433963,7.949716e-16
7805.4336186847095,8.0842873e-16
7806.689008935456,7.6978947e-16
7807.944399186202,7.9277165e-16
7809.199789436948,8.231964e-16
7810.455179687693,8.846979e-16
7811.710569938439,9.125763e-16
7812.965960189185,8.6620697e-16
7814.2213504399315,8.173636e-16
7815.476740690678,7.560298e-16
7816.732130941424,7.903177e-16
7817.98752119217,8.243797e-16
7819.242911442916,8.705594e-16
7820.498301693662,8.7852187e-16
7821.753691944408,8.3158105e-16
7823.009082195154,8.1715227e-16
7824.2644724459005,8.0746576e-16
7825.519862696647,8.0413253e-16
7826.775252947393,8.448101e-16
7828.030643198139,8.147185e-16
7829.286033448885,7.807936e-16
7830.541423699631,7.820065e-16
7831.796813950377,8.356639e-16
7833.0522042011235,8.481225e-16
7834.30759445187,8.643118e-16
7835.562984702616,8.7866936e-16
7836.818374953362,8.2808636e-16
7838.073765204108,7.9785067e-16
7839.329155454854,8.1697625e-16
7840.5845457056,9.131533e-16
7841.839935956346,9.343131e-16
7843.0953262070925,8.3108565e-16
7844.350716457839,8.4395843e-16
7845.606106708585,7.6638154e-16
7846.861496959331,7.760756e-16
7848.116887210077,8.529405e-16
7849.372277460823,8.685337e-16
7850.627667711569,8.3841963e-16
7851.883057962315,8.926629e-16
7853.138448213062,9.458492e-16
7854.393838463808,9.054094e-16
7855.649228714554,9.288268e-16
7856.9046189653,9.540671e-16
7858.160009216046,9.434651e-16
7859.415399466792,9.150834e-16
7860.670789717538,8.296739e-16
7861.9261799682845,8.1227754e-16
7863.181570219031,7.752584e-16
7864.436960469776,8.557829e-16
7865.692350720522,7.7621676e-16
7866.947740971268,8.283184e-16
7868.203131222014,8.951017e-16
7869.45852147276,8.296307e-16
7870.7139117235065,8.513975e-16
7871.969301974253,8.940385e-16
7873.224692224999,8.663509e-16
7874.480082475745,8.3991326e-16
7875.735472726491,8.3371574e-16
7876.990862977237,8.1868016e-16
7878.246253227983,7.951805e-16
7879.501643478729,8.3976874e-16
7880.757033729476,9.255782e-16
7882.012423980221,8.465326e-16
7883.267814230967,8.196757e-16
7884.523204481713,8.1607945e-16
7885.778594732459,8.716123e-16
7887.033984983205,8.1764075e-16
7888.289375233951,8.414046e-16
7889.544765484698,8.5811934e-16
7890.800155735444,9.087751e-16
7892.05554598619,9.033832e-16
7893.310936236936,7.959803e-16
7894.566326487682,8.6995207e-16
7895.821716738428,8.8080494e-16
7897.077106989174,8.4350527e-16
7898.3324972399205,8.2194537e-16
7899.587887490667,8.322517e-16
7900.843277741413,8.088684e-16
7902.098667992159,8.2043045e-16
7903.354058242905,8.5979117e-16
7904.609448493651,8.0494176e-16
7905.864838744397,8.1890145e-16
7907.120228995143,8.4467047e-16
7908.3756192458895,8.230401e-16
7909.631009496636,8.1012624e-16
7910.886399747382,7.617131e-16
7912.141789998128,7.773573e-16
7913.397180248874,8.116223e-16
7914.65257049962,8.919063e-16
7915.907960750366,8.6439633e-16
7917.1633510011125,8.391441e-16
7918.418741251859,7.8336937e-16
7919.674131502605,8.6921944e-16
7920.929521753351,8.555e-16
7922.184912004097,8.2812357e-16
7923.440302254843,9.466248e-16
7924.695692505589,9.539822e-16
7925.951082756335,8.1996204e-16
7927.2064730070815,8.085579e-16
7928.461863257828,8.676147e-16
7929.717253508574,8.4062535e-16
7930.97264375932,7.7026074e-16
7932.228034010066,9.320631e-16
7933.483424260812,9.160986e-16
7934.738814511558,8.7589676e-16
7935.9942047623035,8.1332135e-16
7937.24959501305,8.1768617e-16
7938.504985263796,7.9083273e-16
7939.760375514542,8.0583226e-16
7941.015765765288,9.04533e-16
7942.271156016034,8.790054e-16
7943.52654626678,8.079777e-16
7944.781936517526,8.3724485e-16
7946.037326768273,9.112564e-16
7947.292717019019,8.3014105e-16
7948.548107269765,8.0987065e-16
7949.803497520511,8.348269e-16
7951.058887771257,8.3389605e-16
7952.314278022003,8.399154e-16
7953.569668272749,8.5310766e-16
7954.825058523495,8.3650756e-16
7956.080448774241,7.881502e-16
7957.335839024987,7.854338e-16
7958.591229275733,8.0935655e-16
7959.846619526479,7.6160925e-16
7961.102009777225,7.811361e-16
7962.357400027971,8.723698e-16
7963.6127902787175,9.532622e-16
7964.868180529464,8.630133e-16
7966.12357078021,8.293392e-16
7967.378961030956,7.4398366e-16
7968.634351281702,8.009121e-16
7969.889741532448,8.978286e-16
7971.145131783194,8.777878e-16
7972.40052203394,8.4673606e-16
7973.655912284687,8.373381e-16
7974.911302535433,8.2237577e-16
7976.166692786179,7.718162e-16
7977.422083036925,7.9840764e-16
7978.677473287671,9.511417e-16
7979.932863538417,9.978592e-16
7981.188253789163,8.755694e-16
7982.4436440399095,8.5489553e-16
7983.699034290656,8.391756e-16
7984.954424541402,8.706949e-16
7986.209814792148,8.521501e-16
7987.465205042894,7.8558034e-16
7988.72059529364,8.27322e-16
7989.975985544386,8.210362e-16
7991.231375795132,7.913299e-16
7992.4867660458785,8.0331197e-16
7993.742156296625,8.5381313e-16
7994.997546547371,8.565863e-16
7996.252936798117,7.585034e-16
7997.508327048863,8.124068e-16
7998.763717299609,8.7772466e-16
8000.019107550355,8.970977e-16
8001.2744978011015,8.800413e-16
8002.529888051848,8.3809204e-16
8003.785278302594,8.88911e-16
8005.04066855334,9.254011e-16
8006.296058804086,8.069627e-16
8007.551449054832,7.68876e-16
8008.806839305577,7.7658405e-16
8010.0622295563235,8.4532607e-16
8011.31761980707,8.208568e-16
8012.573010057816,8.7952524e-16
8013.828400308562,8.724637e-16
8015.083790559308,8.583389e-16
8016.339180810054,8.8496674e-16
8017.5945710608,8.5923435e-16
8018.849961311546,8.815497e-16
8020.1053515622925,9.393693e-16
8021.360741813039,8.904382e-16
8022.616132063785,8.5817185e-16
8023.871522314531,8.8457223e-16
8025.126912565277,9.145889e-16
8026.382302816022,8.4522755e-16
8027.637693066768,7.465905e-16
8028.8930833175145,7.903769e-16
8030.148473568261,8.476435e-16
8031.403863819007,8.354191e-16
8032.659254069753,8.455506e-16
8033.914644320499,8.3976286e-16
8035.170034571245,7.7787514e-16
8036.425424821991,7.682383e-16
8037.6808150727375,8.6166507e-16
8038.936205323484,8.0072343e-16
8040.19159557423,7.974531e-16
8041.446985824976,8.724214e-16
8042.702376075722,8.5186384e-16
8043.957766326468,8.108145e-16
8045.213156577214,8.0287945e-16
8046.46854682796,8.16608e-16
8047.7239370787065,8.1096893e-16
8048.979327329453,7.6991213e-16
8050.234717580199,7.999398e-16
8051.490107830945,7.8692447e-16
8052.745498081691,8.5880273e-16
8054.000888332437,8.260586e-16
8055.256278583183,7.801489e-16
8056.511668833929,8.474714e-16
8057.767059084676,8.744636e-16
8059.022449335422,8.257417e-16
8060.277839586168,8.036533e-16
8061.533229836914,8.0844e-16
8062.78862008766,8.3367794e-16
8064.044010338406,8.817725e-16
8065.299400589152,8.4014403e-16
8066.5547908398985,7.4308014e-16
8067.810181090645,7.2188325e-16
8069.065571341391,8.1048734e-16
8070.320961592137,8.1978623e-16
8071.576351842883,7.832596e-16
8072.831742093629,7.6597666e-16
8074.087132344375,8.09845e-16
8075.342522595121,8.4631006e-16
8076.5979128458675,8.212605e-16
8077.853303096614,8.062361e-16
8079.10869334736,7.541374e-16
8080.364083598105,8.0040114e-16
8081.619473848851,8.0800093e-16
8082.874864099597,8.377225e-16
8084.130254350343,8.8528543e-16
8085.38564460109,8.917724e-16
8086.641034851836,8.1702474e-16
8087.896425102582,7.2781745e-16
8089.151815353328,7.4914696e-16
8090.407205604074,8.1047903e-16
8091.66259585482,8.083324e-16
8092.917986105566,8.87221e-16
8094.1733763563125,9.361088e-16
8095.428766607059,8.494263e-16
8096.684156857805,8.925653e-16
8097.93954710855,8.838987e-16
8099.194937359296,7.6811446e-16
8100.450327610042,7.8832017e-16
8101.705717860788,9.298812e-16
8102.9611081115345,9.801391e-16
8104.216498362281,1.0095451e-15
8105.471888613027,9.446428e-16
8106.727278863773,7.3272823e-16
8107.982669114519,1.1736173e-15
8109.238059365265,1.238525e-15
8110.493449616011,9.755275e-16
8111.748839866757,7.414063e-16
8113.0042301175035,1.0333825e-15
8114.25962036825,1.3115433e-15
8115.515010618996,1.3708205e-15
8116.770400869742,1.2730631e-15
8118.025791120488,1.1523914e-15
8119.281181371234,1.2754031e-15
8120.53657162198,1.0470091e-15
8121.7919618727265,9.834898e-16
8123.047352123473,7.5301774e-16
8124.302742374219,7.715439e-16
8125.558132624965,8.3338174e-16
8126.813522875711,8.547966e-16
8128.068913126457,7.998956e-16
8129.324303377203,7.703363e-16
8130.579693627949,7.9377247e-16
8131.8350838786955,7.489992e-16
8133.090474129442,7.505512e-16
8134.345864380188,7.91746e-16
8135.601254630934,8.5040054e-16
8136.85664488168,8.596372e-16
8138.112035132426,8.397538e-16
8139.367425383172,8.163157e-16
8140.622815633918,7.692211e-16
8141.878205884665,7.226231e-16
8143.133596135411,7.492201e-16
8144.388986386157,7.95988e-16
8145.644376636903,8.019635e-16
8146.899766887649,8.226447e-16
8148.155157138395,7.8379177e-16
8149.410547389141,8.1609756e-16
8150.6659376398875,7.2989925e-16
8151.921327890633,7.5796923e-16
8153.176718141379,7.601653e-16
8154.432108392125,7.953384e-16
8155.687498642871,8.378129e-16
8156.942888893617,8.212833e-16
8158.198279144363,8.496786e-16
8159.4536693951095,8.5396263e-16
8160.709059645856,8.0898883e-16
8161.964449896602,8.1914264e-16
8163.219840147348,8.23465e-16
8164.475230398094,7.91648e-16
8165.73062064884,7.7478225e-16
8166.986010899586,7.4592093e-16
8168.241401150332,7.6365055e-16
8169.496791401079,8.131272e-16
8170.752181651824,8.176164e-16
8172.00757190257,8.253922e-16
8173.262962153316,8.3201807e-16
8174.518352404062,7.6791557e-16
8175.773742654808,7.121498e-16
8177.029132905554,7.4020134e-16
8178.284523156301,7.668112e-16
8179.539913407047,8.1300107e-16
8180.795303657793,8.972835e-16
8182.050693908539,8.949374e-16
8183.306084159285,8.1286205e-16
8184.561474410031,7.444162e-16
8185.816864660777,6.9467814e-16
8187.0722549115235,7.5532305e-16
8188.32764516227,7.6733207e-16
8189.583035413016,8.147084e-16
8190.838425663762,8.2767083e-16
8192.093815914508,7.880045e-16
8193.349206165254,8.101384e-16
8194.604596416,8.065078e-16
8195.859986666746,7.2949283e-16
8197.115376917493,6.899392e-16
8198.370767168239,7.167073e-16
8199.626157418985,8.000047e-16
8200.881547669731,8.1535693e-16
8202.136937920477,8.4311426e-16
8203.392328171223,9.116114e-16
8204.64771842197,8.5790594e-16
8205.903108672715,8.843116e-16
8207.158498923462,8.7780576e-16
8208.413889174208,7.9855164e-16
8209.669279424954,7.6415734e-16
8210.9246696757,6.773528e-16
8212.180059926446,6.974233e-16
8213.435450177192,7.6879654e-16
8214.690840427938,8.2430277e-16
8215.946230678685,8.7027087e-16
8217.20162092943,8.050483e-16
8218.457011180177,7.6655465e-16
8219.712401430923,7.4791077e-16
8220.967791681669,7.401671e-16
8222.223181932415,8.1497037e-16
8223.478572183161,8.708113e-16
8224.733962433907,8.4178627e-16
8225.989352684654,7.887772e-16
8227.2447429354,8.235024e-16
8228.500133186146,7.8235113e-16
8229.755523436892,7.2565207e-16
8231.010913687638,7.354549e-16
8232.266303938384,7.1503795e-16
8233.52169418913,7.1947857e-16
8234.777084439876,8.0150964e-16
8236.032474690623,8.2812553e-16
8237.287864941369,8.4545127e-16
8238.543255192115,8.6360906e-16
8239.798645442861,8.2236e-16
8241.054035693607,8.073319e-16
8242.309425944351,7.983703e-16
8243.564816195098,7.5741406e-16
8244.820206445844,7.84281e-16
8246.07559669659,7.8809497e-16
8247.330986947336,7.3022557e-16
8248.586377198082,7.649624e-16
8249.841767448828,7.333094e-16
8251.097157699574,7.1619733e-16
8252.35254795032,8.029928e-16
8253.607938201067,7.788345e-16
8254.863328451813,7.8111097e-16
8256.118718702559,7.899941e-16
8257.374108953305,7.977039e-16
8258.629499204051,9.005978e-16
8259.884889454797,9.276682e-16
8261.140279705543,8.2534943e-16
8262.39566995629,8.864061e-16
8263.651060207036,7.505775e-16
8264.906450457782,7.136907e-16
8266.161840708528,6.6085786e-16
8267.417230959274,7.8739696e-16
8268.67262121002,8.751262e-16
8269.928011460766,8.1890367e-16
8271.183401711512,8.5082644e-16
8272.438791962259,9.215769e-16
8273.694182213005,8.706307e-16
8274.94957246375,7.8606246e-16
8276.204962714497,7.8896873e-16
8277.460352965243,8.006645e-16
8278.71574321599,7.809372e-16
8279.971133466735,8.2920603e-16
8281.226523717482,8.420547e-16
8282.481913968228,8.266121e-16
8283.737304218974,8.348629e-16
8284.99269446972,8.304338e-16
8286.248084720466,8.969593e-16
8287.503474971212,8.115091e-16
8288.758865221958,8.1816744e-16
8290.014255472704,8.0165337e-16
8291.26964572345,7.3970937e-16
8292.525035974197,8.142318e-16
8293.780426224943,8.4378897e-16
8295.035816475689,7.58047e-16
8296.291206726433,7.7897777e-16
8297.54659697718,8.3735004e-16
8298.801987227926,8.525264e-16
8300.057377478672,8.469417e-16
8301.312767729418,8.1633224e-16
8302.568157980164,8.87854e-16
8303.82354823091,8.3684113e-16
8305.078938481656,8.7954784e-16
8306.334328732402,9.333738e-16
8307.589718983148,8.297769e-16
8308.845109233895,8.374786e-16
8310.10049948464,7.970903e-16
8311.355889735387,7.750172e-16
8312.611279986133,8.35825e-16
8313.86667023688,7.5498154e-16
8315.122060487625,7.1471454e-16
8316.377450738371,7.2813303e-16
8317.632840989118,8.880362e-16
8318.888231239864,9.765991e-16
8320.14362149061,7.8880197e-16
8321.399011741356,7.9590344e-16
8322.654401992102,8.6550393e-16
8323.909792242848,7.892014e-16
8325.165182493594,7.9872925e-16
8326.42057274434,8.4874194e-16
8327.675962995087,7.883357e-16
8328.931353245833,7.519211e-16
8330.186743496579,8.0446335e-16
8331.442133747325,8.365992e-16
8332.697523998071,8.6501895e-16
8333.952914248817,9.149644e-16
8335.208304499563,9.285898e-16
8336.46369475031,8.308583e-16
8337.719085001056,8.1849074e-16
8338.974475251802,8.959857e-16
8340.229865502548,8.948346e-16
8341.485255753294,8.0984423e-16
8342.74064600404,8.1350336e-16
8343.996036254786,9.364536e-16
8345.251426505532,9.339381e-16
8346.506816756279,7.543975e-16
8347.762207007025,8.6583126e-16
8349.01759725777,8.6876697e-16
8350.272987508517,9.399817e-16
8351.528377759263,8.937303e-16
8352.78376801001,7.9448154e-16
8354.039158260755,9.264624e-16
8355.294548511501,9.939421e-16
8356.549938762248,8.5762054e-16
8357.805329012994,8.597162e-16
8359.06071926374,8.548697e-16
8360.316109514486,7.0882703e-16
8361.571499765232,6.9086776e-16
8362.826890015978,8.0724797e-16
8364.082280266724,8.266792e-16
8365.33767051747,8.3754554e-16
8366.593060768217,9.78613e-16
8367.848451018963,1.0139012e-15
8369.103841269709,9.306008e-16
8370.359231520455,8.955092e-16
8371.614621771201,8.3396545e-16
8372.870012021947,8.2698415e-16
8374.125402272693,8.577168e-16
8375.38079252344,9.021065e-16
8376.636182774186,9.012653e-16
8377.891573024932,8.1424975e-16
8379.146963275678,7.653789e-16
8380.402353526424,7.607915e-16
8381.65774377717,8.1862674e-16
8382.913134027916,8.8228863e-16
8384.168524278663,9.148504e-16
8385.423914529407,9.07402e-16
8386.679304780153,8.918778e-16
8387.9346950309,9.00436e-16
8389.190085281645,9.528369e-16
8390.445475532391,9.984405e-16
8391.700865783137,9.089453e-16
8392.956256033884,8.6848713e-16
8394.21164628463,8.94416e-16
8395.467036535376,8.4519134e-16
8396.722426786122,8.2805973e-16
8397.977817036868,8.482361e-16
8399.233207287614,8.5984215e-16
8400.48859753836,9.40435e-16
8401.743987789107,9.58677e-16
8402.999378039853,7.256961e-16
8404.254768290599,5.8601355e-16
8405.510158541345,9.27641e-16
8406.765548792091,8.571633e-16
8408.020939042837,5.7663557e-16
8409.276329293583,7.616479e-16
8410.53171954433,1.1157218e-15
8411.787109795076,1.1476096e-15
8413.042500045822,1.0717654e-15
8414.297890296568,1.0953997e-15
8415.553280547314,9.587888e-16
8416.80867079806,8.182777e-16
8418.064061048806,9.009064e-16
8419.319451299552,7.190888e-16
8420.574841550299,4.716316e-16
8421.830231801045,7.911054e-16
8423.08562205179,1.0778133e-15
8424.341012302537,7.683237e-16
8425.596402553283,9.234758e-16
8426.85179280403,8.586941e-16
8428.107183054775,1.3028111e-15
8429.362573305521,1.1919388e-15
8430.617963556268,8.883276e-16
8431.873353807014,8.70694e-16
8433.12874405776,6.8157665e-16
8434.384134308506,7.2364995e-16
8435.639524559252,8.981055e-16
8436.894914809998,7.557025e-16
8438.150305060744,8.507874e-16
8439.405695311489,9.093024e-16
8440.661085562235,9.35949e-16
8441.916475812981,9.97157e-16
8443.171866063727,9.847557e-16
8444.427256314473,9.676771e-16
8445.68264656522,1.0147147e-15
8446.938036815965,9.681974e-16
8448.193427066712,8.39558e-16
8449.448817317458,8.625753e-16
8450.704207568204,8.6233873e-16
8451.95959781895,8.478285e-16
8453.214988069696,9.052663e-16
8454.470378320442,9.891832e-16
8455.725768571188,9.778605e-16
8456.981158821935,8.4906884e-16
8458.23654907268,9.506537e-16
8459.491939323427,1.0258067e-15
8460.747329574173,1.0336402e-15
8462.002719824919,9.891964e-16
8463.258110075665,9.530373e-16
8464.513500326411,9.521238e-16
8465.768890577157,9.520433e-16
8467.024280827904,9.698034e-16
8468.27967107865,9.812001e-16
8469.535061329396,8.886538e-16
8470.790451580142,9.264585e-16
8472.045841830888,8.899471e-16
8473.301232081634,8.7171305e-16
8474.55662233238,9.812751e-16
8475.812012583126,1.0169239e-15
8477.067402833873,9.09452e-16
8478.322793084619,8.796878e-16
8479.578183335365,9.554264e-16
8480.833573586111,9.357616e-16
8482.088963836857,8.4074336e-16
8483.344354087603,8.276133e-16
8484.59974433835,9.041202e-16
8485.855134589096,9.142736e-16
8487.110524839842,9.063165e-16
8488.365915090588,1.0298569e-15
8489.621305341334,1.051278e-15
8490.87669559208,9.571514e-16
8492.132085842826,8.959694e-16
8493.387476093572,8.905161e-16
8494.642866344318,9.355701e-16
8495.898256595065,9.627274e-16
8497.15364684581,9.410907e-16
8498.409037096557,9.417921e-16
8499.664427347303,9.789549e-16
8500.91981759805,1.0209036e-15
8502.175207848795,9.488663e-16
8503.430598099541,9.814555e-16
8504.685988350288,1.0324104e-15
8505.941378601034,9.850803e-16
8507.19676885178,9.760677e-16
8508.452159102526,1.0171342e-15
8509.707549353272,9.739568e-16
8510.962939604018,9.799268e-16
8512.218329854764,8.8758057e-16
8513.47372010551,9.803046e-16
8514.729110356257,1.0548064e-15
8515.984500607003,9.714981e-16
8517.239890857749,8.898964e-16
8518.495281108495,9.676363e-16
8519.750671359241,1.0199831e-15
8521.006061609987,7.9780477e-16
8522.261451860733,9.29941e-16
8523.51684211148,1.0115153e-15
8524.772232362226,6.825446e-16
8526.027622612972,4.6101346e-16
8527.283012863718,6.0117576e-16
8528.538403114464,7.3273924e-16
8529.793793365208,7.4393676e-16
8531.049183615954,8.27592e-16
8532.3045738667,8.0903214e-16
8533.559964117447,8.8116986e-16
8534.815354368193,9.649842e-16
8536.070744618939,9.016743e-16
8537.326134869685,9.307258e-16
8538.581525120431,1.0362671e-15
8539.836915371177,9.663622e-16
8541.092305621924,9.13775e-16
8542.34769587267,8.924729e-16
8543.603086123416,9.358729e-16
8544.858476374162,7.9289325e-16
8546.113866624908,8.478757e-16
8547.369256875654,9.798423e-16
8548.6246471264,9.193104e-16
8549.880037377146,9.095189e-16
8551.135427627893,9.734759e-16
8552.390817878639,8.8099786e-16
8553.646208129385,9.557971e-16
8554.901598380131,9.286029e-16
8556.156988630877,9.917836e-16
8557.412378881623,1.0759662e-15
8558.66776913237,9.40826e-16
8559.923159383115,8.209641e-16
8561.178549633862,9.105696e-16
8562.433939884608,8.851358e-16
8563.689330135354,9.497876e-16
8564.9447203861,9.412395e-16
8566.200110636846,9.136221e-16
8567.455500887592,8.8191636e-16
8568.710891138338,8.5999006e-16
8569.966281389085,9.162096e-16
8571.22167163983,9.933047e-16
8572.477061890577,1.0066115e-15
8573.732452141323,9.389056e-16
8574.987842392069,8.7092235e-16
8576.243232642815,9.292258e-16
8577.498622893561,9.992226e-16
8578.754013144307,9.666823e-16
8580.009403395054,8.940307e-16
8581.2647936458,8.946531e-16
8582.520183896546,9.678357e-16
8583.77557414729,8.311848e-16
8585.030964398036,7.6587e-16
8586.286354648782,7.519783e-16
8587.541744899529,8.479057e-16
8588.797135150275,9.301914e-16
8590.05252540102,9.106097e-16
8591.307915651767,9.938403e-16
8592.563305902513,1.023104e-15
8593.81869615326,9.748692e-16
8595.074086404005,1.0048461e-15
8596.329476654751,9.755505e-16
8597.584866905498,9.509427e-16
8598.840257156244,1.0480783e-15
8600.09564740699,1.1230392e-15
8601.351037657736,1.0316184e-15
8602.606427908482,8.916191e-16
8603.861818159228,8.488304e-16
8605.117208409974,9.391913e-16
8606.37259866072,9.708417e-16
8607.627988911467,7.590758e-16
8608.883379162213,7.261921e-16
8610.138769412959,9.447091e-16
8611.394159663705,8.4942386e-16
8612.649549914451,8.567029e-16
8613.904940165197,9.533572e-16
8615.160330415943,9.3521e-16
8616.41572066669,9.556375e-16
8617.671110917436,9.448249e-16
8618.926501168182,9.278412e-16
8620.181891418928,1.0231832e-15
8621.437281669674,1.0042602e-15
8622.69267192042,8.8131766e-16
8623.948062171166,8.5095164e-16
8625.203452421913,8.258977e-16
8626.458842672659,9.548534e-16
8627.714232923405,9.953961e-16
8628.969623174151,8.690303e-16
8630.225013424897,8.6148434e-16
8631.480403675643,9.433644e-16
8632.73579392639,1.1453383e-15
8633.991184177135,1.1405214e-15
8635.246574427882,9.33941e-16
8636.501964678628,9.32431e-16
8637.757354929374,1.0884636e-15
8639.01274518012,1.127197e-15
8640.268135430866,1.1014648e-15
8641.523525681612,1.0596045e-15
8642.778915932358,9.482761e-16
8644.034306183104,1.052551e-15
8645.28969643385,1.0593098e-15
8646.545086684597,9.442766e-16
8647.800476935343,9.136305e-16
8649.055867186089,9.250115e-16
8650.311257436835,8.440289e-16
8651.566647687581,7.6709527e-16
8652.822037938327,8.533237e-16
8654.077428189074,9.531223e-16
8655.33281843982,1.0742846e-15
8656.588208690566,9.978874e-16
8657.843598941312,9.037605e-16
8659.098989192058,1.021886e-15
8660.354379442804,1.0058623e-15
8661.60976969355,8.920243e-16
8662.865159944296,7.987677e-16
8664.120550195043,1.0486473e-15
8665.375940445789,1.1432773e-15
8666.631330696535,9.023232e-16
8667.886720947281,7.978682e-16
8669.142111198027,9.797193e-16
8670.397501448773,1.0824698e-15
8671.65289169952,1.0560349e-15
8672.908281950266,9.645371e-16
8674.16367220101,9.877381e-16
8675.419062451756,1.031248e-15
8676.674452702502,9.686074e-16
8677.929842953248,9.142177e-16
8679.185233203994,9.4021e-16
8680.44062345474,9.019437e-16
8681.696013705487,9.129341e-16
8682.951403956233,9.463596e-16
8684.206794206979,8.478618e-16
8685.462184457725,8.5668415e-16
8686.717574708471,9.780355e-16
8687.972964959217,9.790643e-16
8689.228355209963,9.653451e-16
8690.48374546071,9.351679e-16
8691.739135711456,9.087746e-16
8692.994525962202,9.169267e-16
8694.249916212948,8.8186225e-16
8695.505306463694,8.255118e-16
8696.76069671444,8.5483253e-16
8698.016086965186,9.252174e-16
8699.271477215932,9.12833e-16
8700.526867466679,9.39944e-16
8701.782257717425,1.0563397e-15
8703.03764796817,1.0274999e-15
8704.293038218917,9.683092e-16
8705.548428469663,1.028283e-15
8706.80381872041,1.0484995e-15
8708.059208971155,9.712864e-16
8709.314599221902,9.953862e-16
8710.569989472648,9.938952e-16
8711.825379723394,1.0341692e-15
8713.08076997414,9.46541e-16
8714.336160224886,8.8171715e-16
8715.591550475632,1.0299727e-15
8716.846940726378,1.0831512e-15
8718.102330977124,8.834508e-16
8719.35772122787,9.105886e-16
8720.613111478617,9.362802e-16
8721.868501729363,8.6871567e-16
8723.123891980109,7.728168e-16
8724.379282230855,7.5868715e-16
8725.634672481601,8.1654786e-16
8726.890062732347,8.2419784e-16
8728.145452983092,8.4376033e-16
8729.400843233838,8.1348393e-16
8730.656233484584,8.786439e-16
8731.91162373533,9.876943e-16
8733.167013986076,9.550538e-16
8734.422404236822,8.2807767e-16
8735.677794487568,7.9153937e-16
8736.933184738315,8.6891557e-16
8738.18857498906,1.0803863e-15
8739.443965239807,9.410685e-16
8740.699355490553,9.044856e-16
8741.9547457413,1.0026934e-15
8743.210135992045,1.073745e-15
8744.465526242791,1.1455049e-15
8745.720916493538,1.0706983e-15
8746.976306744284,1.0730963e-15
8748.23169699503,1.0138049e-15
8749.487087245776,1.0263942e-15
8750.742477496522,9.348877e-16
8751.997867747268,8.22726e-16
8753.253257998014,8.467991e-16
8754.50864824876,8.432508e-16
8755.764038499507,9.152386e-16
8757.019428750253,8.730922e-16
8758.274819000999,7.349856e-16
8759.530209251745,8.934788e-16
8760.785599502491,1.0352079e-15
8762.040989753237,1.0044342e-15
8763.296380003983,1.1121206e-15
8764.55177025473,1.0695739e-15
8765.807160505476,1.0639591e-15
8767.062550756222,1.0755755e-15
8768.317941006968,8.322311e-16
8769.573331257714,7.6648186e-16
8770.82872150846,8.272136e-16
8772.084111759206,7.827288e-16
8773.339502009952,1.0043994e-15
8774.594892260699,7.667916e-16
8775.850282511445,8.933695e-16
8777.10567276219,8.8602844e-16
8778.361063012937,8.842189e-16
8779.616453263683,9.971988e-16
8780.87184351443,9.337937e-16
8782.127233765175,8.443632e-16
8783.382624015921,7.7978975e-16
8784.638014266668,8.8643856e-16
8785.893404517414,8.8217137e-16
8787.14879476816,8.450921e-16
8788.404185018906,7.8739833e-16
8789.659575269652,7.9513344e-16
8790.914965520398,9.796121e-16
8792.170355771144,9.136596e-16
8793.42574602189,8.6797896e-16
8794.681136272637,8.95496e-16
8795.936526523383,8.699231e-16
8797.191916774129,8.2266487e-16
8798.447307024875,9.172651e-16
8799.702697275621,1.0330088e-15
8800.958087526367,9.224282e-16
8802.213477777113,1.0358439e-15
8803.46886802786,1.0600246e-15
8804.724258278606,1.0125601e-15
8805.979648529352,9.82465e-16
8807.235038780098,9.825397e-16
8808.490429030844,9.488258e-16
8809.74581928159,8.0726554e-16
8811.001209532336,9.038006e-16
8812.256599783082,1.0361584e-15
8813.511990033829,9.97678e-16
8814.767380284575,1.0474128e-15
8816.02277053532,1.0834751e-15
8817.278160786065,9.124572e-16
8818.533551036811,9.034258e-16
8819.788941287557,9.376075e-16
8821.044331538304,1.0589628e-15
8822.29972178905,9.477182e-16
8823.555112039796,8.578797e-16
8824.810502290542,9.965964e-16
8826.065892541288,1.0600847e-15
8827.321282792034,9.786357e-16
8828.57667304278,1.0558546e-15
8829.832063293527,1.0407333e-15
8831.087453544273,1.0865337e-15
8832.342843795019,9.98318e-16
8833.598234045765,8.168109e-16
8834.853624296511,8.1387256e-16
8836.109014547257,8.401273e-16
8837.364404798003,7.9276513e-16
8838.61979504875,7.5127603e-16
8839.875185299496,8.3777726e-16
8841.130575550242,9.224521e-16
8842.385965800988,9.338035e-16
8843.641356051734,9.148656e-16
8844.89674630248,8.347997e-16
8846.152136553226,7.130796e-16
8847.407526803972,6.0465304e-16
8848.662917054718,7.666495e-16
8849.918307305465,8.774353e-16
8851.17369755621,8.2572795e-16
8852.429087806957,7.733506e-16
8853.684478057703,7.3210635e-16
8854.93986830845,9.104094e-16
8856.195258559195,9.763103e-16
8857.450648809941,8.650652e-16
8858.706039060688,9.23293e-16
8859.961429311434,9.94096e-16
8861.21681956218,8.7221206e-16
8862.472209812926,8.35351e-16
8863.727600063672,7.640447e-16
8864.982990314418,7.5336513e-16
8866.238380565164,8.0025126e-16
8867.49377081591,8.713531e-16
8868.749161066657,8.77416e-16
8870.004551317403,8.4066284e-16
8871.259941568147,9.463512e-16
8872.515331818893,1.1138089e-15
8873.77072206964,9.716049e-16
8875.026112320385,7.9150745e-16
8876.281502571132,7.3875344e-16
8877.536892821878,7.6540316e-16
8878.792283072624,8.10156e-16
8880.04767332337,7.931796e-16
8881.303063574116,7.877162e-16
8882.558453824862,1.1480836e-15
8883.813844075608,1.2207276e-15
8885.069234326354,1.1075337e-15
8886.3246245771,1.0421034e-15
8887.580014827847,1.0213017e-15
8888.835405078593,1.222887e-15
8890.090795329339,1.2575938e-15
8891.346185580085,1.0076529e-15
8892.601575830831,8.8434147e-16
8893.856966081577,7.9895075e-16
8895.112356332324,8.0127533e-16
8896.36774658307,9.619671e-16
8897.623136833816,8.982676e-16
8898.878527084562,9.859435e-16
8900.133917335308,1.138893e-15
8901.389307586054,9.461235e-16
8902.6446978368,8.305594e-16
8903.900088087546,1.0339628e-15
8905.155478338293,1.1437836e-15
8906.410868589039,1.0593493e-15
8907.666258839785,8.407567e-16
8908.921649090531,9.067909e-16
8910.177039341277,1.0341857e-15
8911.432429592023,1.0880503e-15
8912.68781984277,9.609159e-16
8913.943210093516,6.954146e-16
8915.198600344262,8.448675e-16
8916.453990595008,1.1187864e-15
8917.709380845754,1.0643401e-15
8918.9647710965,9.944777e-16
8920.220161347246,1.1821516e-15
8921.475551597992,1.3727698e-15
8922.730941848738,1.3289264e-15
8923.986332099485,1.1975406e-15
8925.24172235023,9.680735e-16
8926.497112600977,9.118619e-16
8927.752502851723,9.479311e-16
8929.00789310247,1.0063739e-15
8930.263283353215,1.0133212e-15
8931.518673603961,8.7208e-16
8932.774063854707,9.077869e-16
8934.029454105454,9.469227e-16
8935.2848443562,9.351053e-16
8936.540234606946,8.51278e-16
8937.795624857692,7.806283e-16
8939.051015108438,8.265925e-16
8940.306405359184,8.7336657e-16
8941.56179560993,8.2235676e-16
8942.817185860677,9.772318e-16
8944.072576111423,9.045274e-16
8945.327966362169,7.5981534e-16
8946.583356612915,9.069984e-16
8947.838746863661,1.0825343e-15
8949.094137114407,1.0006053e-15
8950.349527365153,9.160424e-16
8951.6049176159,8.652966e-16
8952.860307866646,8.8554034e-16
8954.115698117392,9.14584e-16
8955.371088368138,9.790525e-16
8956.626478618884,1.0329421e-15
8957.88186886963,7.9260727e-16
8959.137259120376,8.379139e-16
8960.392649371122,8.6809707e-16
8961.648039621867,8.942767e-16
8962.903429872613,9.148853e-16
8964.158820123359,8.044419e-16
8965.414210374105,7.6021466e-16
8966.669600624851,8.963977e-16
8967.924990875597,9.663471e-16
8969.180381126343,8.756354e-16
8970.43577137709,8.354556e-16
8971.691161627836,9.018939e-16
8972.946551878582,9.364763e-16
8974.201942129328,9.519006e-16
8975.457332380074,9.395905e-16
8976.71272263082,9.232325e-16
8977.968112881566,9.028411e-16
8979.223503132313,9.457419e-16
8980.478893383059,1.0200998e-15
8981.734283633805,9.71321e-16
8982.989673884551,8.851787e-16
8984.245064135297,1.0543139e-15
8985.500454386043,1.0405667e-15
8986.75584463679,8.82683e-16
8988.011234887535,8.458353e-16
8989.266625138282,8.8782097e-16
8990.522015389028,8.890474e-16
8991.777405639774,9.037726e-16
8993.03279589052,8.7180077e-16
8994.288186141266,7.0841304e-16
8995.543576392012,8.319888e-16
8996.798966642758,9.955446e-16
8998.054356893505,7.5333787e-16
8999.30974714425,8.180398e-16
9000.565137394997,9.629504e-16
9001.820527645743,9.787784e-16
9003.075917896489,9.168386e-16
9004.331308147235,8.6286267e-16
9005.586698397981,8.695358e-16
9006.842088648727,8.7442626e-16
9008.097478899474,7.1153806e-16
9009.35286915022,8.2439753e-16
9010.608259400966,8.900182e-16
9011.863649651712,8.088052e-16
9013.119039902458,8.7962953e-16
9014.374430153204,1.0137909e-15
9015.629820403949,8.72203e-16
9016.885210654695,9.380756e-16
9018.14060090544,9.342138e-16
9019.395991156187,8.933004e-16
9020.651381406933,9.305463e-16
9021.90677165768,9.2601e-16
9023.162161908425,8.7096713e-16
9024.417552159171,9.602087e-16
9025.672942409918,8.747149e-16
9026.928332660664,1.0251312e-15
9028.18372291141,1.1216277e-15
9029.439113162156,9.927964e-16
9030.694503412902,9.981741e-16
9031.949893663648,1.0677227e-15
9033.205283914394,1.0142664e-15
9034.46067416514,8.554991e-16
9035.716064415887,9.110876e-16
9036.971454666633,1.0637661e-15
9038.226844917379,1.0844235e-15
9039.482235168125,1.0511857e-15
9040.737625418871,9.120196e-16
9041.993015669617,8.6435694e-16
9043.248405920363,1.0059231e-15
9044.50379617111,1.1283336e-15
9045.759186421856,1.1557268e-15
9047.014576672602,1.1691266e-15
9048.269966923348,1.1096389e-15
9049.525357174094,1.0985643e-15
9050.78074742484,1.1205833e-15
9052.036137675586,1.140682e-15
9053.291527926332,1.149663e-15
9054.546918177079,1.117818e-15
9055.802308427825,1.0027075e-15
9057.05769867857,9.197734e-16
9058.313088929317,1.2208669e-15
9059.568479180063,1.2151193e-15
9060.82386943081,8.616209e-16
9062.079259681555,8.5399286e-16
9063.334649932302,1.1075969e-15
9064.590040183048,8.5748983e-16
9065.845430433794,8.581206e-16
9067.10082068454,9.669718e-16
9068.356210935286,9.14726e-16
9069.611601186032,8.966092e-16
9070.866991436778,9.826208e-16
9072.122381687524,9.559109e-16
9073.37777193827,1.082861e-15
9074.633162189017,1.0454617e-15
9075.888552439763,9.720374e-16
9077.143942690509,9.493777e-16
9078.399332941255,8.79539e-16
9079.654723192001,8.3779637e-16
9080.910113442747,9.031824e-16
9082.165503693494,6.954048e-16
9083.42089394424,8.476463e-16
9084.676284194986,1.0069093e-15
9085.931674445732,8.6772263e-16
9087.187064696478,9.123369e-16
9088.442454947224,1.1227122e-15
9089.69784519797,9.581733e-16
9090.953235448716,9.188762e-16
9092.208625699463,1.1523681e-15
9093.464015950209,1.2128514e-15
9094.719406200955,1.0257827e-15
9095.974796451701,1.0655281e-15
9097.230186702447,1.2492906e-15
9098.485576953193,1.1036912e-15
9099.74096720394,1.7254551e-16
9100.996357454685,-1.6963375e-16
9102.251747705432,9.353191e-16
9103.507137956178,1.7532265e-15
9104.762528206924,9.628586e-16
9106.01791845767,9.167086e-16
9107.273308708416,7.8989523e-16
9108.528698959162,7.428457e-16
9109.784089209908,1.1053332e-15
9111.039479460655,9.175728e-16
9112.2948697114,9.834007e-17
9113.550259962145,1.8439464e-16
9114.805650212891,1.1184635e-15
9116.061040463637,1.2067297e-15
9117.316430714383,1.1962466e-15
9118.57182096513,1.7049835e-15
9119.827211215876,1.2135978e-15
9121.082601466622,1.4921852e-15
9122.337991717368,1.593318e-15
9123.593381968114,1.4723374e-15
9124.84877221886,1.5551573e-15
9126.104162469606,1.5967427e-15
9127.359552720352,1.3646228e-15
9128.614942971099,1.4102124e-15
9129.870333221845,1.5113307e-15
9131.12572347259,1.3395298e-15
9132.381113723337,1.1130697e-15
9133.636503974083,1.0384925e-15
9134.89189422483,1.0219259e-15
9136.147284475575,1.1225944e-15
9137.402674726321,1.2995204e-15
9138.658064977068,1.3055202e-15
9139.913455227814,1.3408534e-15
9141.16884547856,1.5061472e-15
9142.424235729306,1.5326276e-15
9143.679625980052,1.4418987e-15
9144.935016230798,1.6673827e-15
9146.190406481544,1.6658349e-15
9147.44579673229,1.5023463e-15
9148.701186983037,1.5797403e-15
9149.956577233781,1.9799222e-15
9151.211967484527,2.3073203e-15
9152.467357735273,1.9592833e-15
9153.72274798602,1.867543e-15
9154.978138236766,1.721062e-15
9156.233528487512,1.2838165e-15
9157.488918738258,1.1080933e-15
9158.744308989004,1.3905469e-15
9159.99969923975,1.5755447e-15
9161.255089490496,1.61985e-15
9162.510479741242,1.4758468e-15
9163.765869991988,1.3158275e-15
9165.021260242735,1.3727191e-15
9166.27665049348,1.4898253e-15
9167.532040744227,1.3643474e-15
9168.787430994973,1.4834183e-15
9170.04282124572,1.790947e-15
9171.298211496465,1.734168e-15
9172.553601747211,1.6574507e-15
9173.808991997957,1.987735e-15
9175.064382248704,1.7662991e-15
9176.31977249945,1.7024859e-15
9177.575162750196,1.8460084e-15
9178.830553000942,1.7161138e-15
9180.085943251688,1.6224331e-15
9181.341333502434,1.837726e-15
9182.59672375318,1.5839304e-15
9183.852114003927,1.6142199e-15
9185.107504254673,1.7055187e-15
9186.362894505419,1.7368477e-15
9187.618284756165,1.7089924e-15
9188.873675006911,1.557938e-15
9190.129065257657,1.4022988e-15
9191.384455508403,1.2943872e-15
9192.63984575915,1.5313648e-15
9193.895236009896,1.7163574e-15
9195.150626260642,1.6694987e-15
9196.406016511388,1.7496659e-15
9197.661406762134,1.9281362e-15
9198.91679701288,1.7238464e-15
9200.172187263626,1.6317934e-15
9201.427577514372,1.5856345e-15
9202.682967765119,1.287733e-15
9203.938358015865,9.195918e-16
9205.19374826661,9.319234e-16
9206.449138517357,1.3123119e-15
9207.704528768103,1.0326024e-15
9208.95991901885,7.0417936e-16
9210.215309269595,9.098274e-16
9211.470699520341,1.2353878e-15
9212.726089771088,1.4071967e-15
9213.981480021834,1.6870816e-15
9215.23687027258,1.8512403e-15
9216.492260523326,2.0418119e-15
9217.747650774072,1.7985309e-15
9219.003041024818,1.2049259e-15
9220.258431275564,1.136848e-15
9221.51382152631,6.7251663e-16
9222.769211777057,7.0834533e-16
9224.024602027803,7.1904717e-16
9225.279992278549,7.124477e-16
9226.535382529295,8.3396016e-16
9227.790772780041,5.139051e-16
9229.046163030787,6.823637e-16
9230.301553281533,8.646648e-16
9231.55694353228,6.7147986e-16
9232.812333783026,4.0000197e-16
9234.067724033772,4.1306155e-16
9235.323114284518,6.0716116e-16
9236.578504535264,7.667762e-16
9237.83389478601,9.09941e-16
9239.089285036756,6.489296e-16
9240.344675287502,2.7284549e-16
9241.600065538249,1.5552851e-16
9242.855455788995,3.3288223e-17
9244.11084603974,1.5422854e-16
9245.366236290487,5.4031184e-16
9246.621626541233,6.4978317e-16
9247.87701679198,5.285497e-16
9249.132407042725,3.70596e-16
9250.387797293472,7.104313e-17
9251.643187544218,2.7360414e-16
9252.898577794964,6.8476653e-16
9254.15396804571,4.86499e-16
9255.409358296456,1.1195171e-16
9256.664748547202,2.4699955e-16
9257.920138797946,2.6490476e-16
9259.175529048693,-2.1555166e-16
9260.430919299439,2.1969471e-16
9261.686309550185,4.4180841e-16
9262.941699800931,2.5972537e-16
9264.197090051677,3.9774986e-16
9265.452480302423,3.0527856e-16
9266.70787055317,3.383203e-16
9267.963260803916,2.8363457e-16
9269.218651054662,6.439881e-17
9270.474041305408,1.3493485e-16
9271.729431556154,5.0514467e-16
9272.9848218069,3.8044432e-16
9274.240212057646,-1.7907351e-16
9275.495602308392,-5.330139e-16
9276.750992559138,5.670961e-17
9278.006382809885,4.7693275e-16
9279.26177306063,4.090446e-17
9280.517163311377,2.1610164e-16
9281.772553562123,8.567951e-17
9283.02794381287,1.893529e-17
9284.283334063615,8.459601e-17
9285.538724314361,3.0522607e-16
9286.794114565108,5.2985193e-16
9288.049504815854,1.3566032e-16
9289.3048950666,-2.136065e-16
9290.560285317346,2.599317e-16
9291.815675568092,3.0256107e-16
9293.071065818838,3.5904923e-17
9294.326456069582,3.2256256e-16
9295.581846320329,-1.5544578e-16
9296.837236571075,-7.6995705e-17
9298.09262682182,5.1812062e-17
9299.348017072567,-3.6898866e-17
9300.603407323313,-8.875393e-17
9301.85879757406,-1.1771491e-16
9303.114187824805,-1.5238892e-16
9304.369578075552,2.1301603e-17
9305.624968326298,-6.987042e-17
9306.880358577044,-2.0158073e-16
9308.13574882779,-1.1911901e-16
9309.391139078536,1.7510004e-16
9310.646529329282,9.837795e-16
9311.901919580028,5.136516e-16
9313.157309830774,3.8495437e-17
9314.41270008152,2.8429494e-16
9315.668090332267,4.7839674e-16
9316.923480583013,3.466927e-16
