wav,flam
4373.013696645874,2.4581376095455612e-17
4373.537328419991,2.3188264743834972e-17
4374.06096019411,2.302525516389048e-17
4374.584591968227,2.2815388501605698e-17
4375.108223742345,2.262770812706685e-17
4375.631855516463,2.152620385575915e-17
4376.155487290581,1.9905795569579935e-17
4376.679119064698,1.728276262372897e-17
4377.202750838816,1.885435681463124e-17
4377.726382612935,1.788069767077915e-17
4378.250014387051,1.6805715372141083e-17
4378.773646161169,1.843112556542304e-17
4379.297277935288,2.000039370714807e-17
4379.820909709405,2.2088464365405856e-17
4380.344541483522,2.026676915433563e-17
4380.868173257641,2.1066678108742883e-17
4381.391805031759,2.300976952815221e-17
4381.915436805876,2.336285088034261e-17
4382.439068579994,2.274366736393267e-17
4382.962700354112,2.304077564036482e-17
4383.48633212823,2.1414120085755584e-17
4384.009963902347,2.036481388762918e-17
4384.533595676466,2.0661878723900426e-17
4385.057227450583,2.0237476024114374e-17
4385.5808592247,2.2108463573961248e-17
4386.104490998819,2.2931386947403913e-17
4386.628122772937,2.167546077646719e-17
4387.151754547054,2.0294960605108234e-17
4387.675386321172,1.8163231415525682e-17
4388.19901809529,1.6640841098166503e-17
4388.722649869407,1.7064497714793224e-17
4389.246281643525,1.9453570943573503e-17
4389.769913417644,2.1631018568182058e-17
4390.293545191761,2.1872029694297975e-17
4390.817176965878,2.067584668861803e-17
4391.340808739997,1.9932573725822892e-17
4391.864440514114,2.1119426314827693e-17
4392.388072288232,2.0345461159001253e-17
4392.91170406235,1.8091744036163193e-17
4393.435335836468,1.733431791260109e-17
4393.958967610586,1.7529937620863534e-17
4394.482599384703,2.011076617048855e-17
4395.006231158821,2.2181245838853293e-17
4395.529862932939,2.4065193419824414e-17
4396.053494707056,2.4958022041221283e-17
4396.577126481175,2.248342089429329e-17
4397.100758255292,2.110022232510494e-17
4397.62439002941,2.0837587813404306e-17
4398.148021803528,2.0140316694554866e-17
4398.671653577646,2.0253551771214946e-17
4399.195285351763,2.1551338150773712e-17
4399.7189171258815,2.325798272940147e-17
4400.242548899999,2.341216369151941e-17
4400.766180674117,2.1583933367532236e-17
4401.289812448234,2.0180689506739215e-17
4401.813444222353,2.0440605523365732e-17
4402.33707599647,2.033809175732031e-17
4402.860707770588,2.1123940721783145e-17
4403.384339544706,2.242045444341203e-17
4403.907971318824,2.1913235295875642e-17
4404.431603092942,2.157466478698417e-17
4404.955234867059,2.1699954624013647e-17
4405.478866641177,2.1084924392504253e-17
4406.002498415295,2.161022746177286e-17
4406.5261301894125,2.1333761668023415e-17
4407.04976196353,2.057415278303594e-17
4407.573393737648,2.036820936617382e-17
4408.097025511766,1.8665788813365977e-17
4408.620657285884,1.7260233191688613e-17
4409.144289060001,1.879882597646921e-17
4409.667920834119,1.967179243310167e-17
4410.1915526082375,1.908827062907229e-17
4410.715184382355,1.8489601457990013e-17
4411.238816156473,1.8433447270918158e-17
4411.7624479305905,2.023724229172253e-17
4412.286079704708,2.125897613780615e-17
4412.809711478826,2.3389092024499156e-17
4413.333343252944,2.3399129170079536e-17
4413.856975027062,2.2550942956658307e-17
4414.380606801179,2.1347978691844735e-17
4414.904238575297,2.22141489008235e-17
4415.427870349415,2.1190699206838748e-17
4415.951502123533,2.104180194706489e-17
4416.475133897651,2.1982753058613123e-17
4416.9987656717685,2.2096493213760272e-17
4417.522397445886,2.3771866660472727e-17
4418.046029220004,2.3623517232425195e-17
4418.569660994122,2.291052496047996e-17
4419.09329276824,2.36582085657213e-17
4419.616924542357,2.402405317989176e-17
4420.140556316475,2.1923063226394028e-17
4420.664188090594,1.9262620073562565e-17
4421.18781986471,1.9062690475182934e-17
4421.711451638828,2.1258386394137774e-17
4422.235083412947,2.1505205121862e-17
4422.758715187064,2.0518920122318216e-17
4423.282346961182,2.0731119971492756e-17
4423.8059787352995,2.2289257477605212e-17
4424.329610509418,2.2872829882404096e-17
4424.853242283535,2.2229157061872364e-17
4425.376874057653,2.2321277148349847e-17
4425.900505831771,2.2005247746898378e-17
4426.424137605889,2.2365154285198892e-17
4426.947769380006,2.2767294619975523e-17
4427.471401154125,2.2855038481563203e-17
4427.995032928242,2.16736715814568e-17
4428.51866470236,2.1102477696335912e-17
4429.0422964764775,2.134564234903923e-17
4429.565928250596,2.388685566156974e-17
4430.089560024713,2.6754140356160583e-17
4430.613191798831,2.753100059436172e-17
4431.13682357295,2.576339481763332e-17
4431.660455347066,2.5793638407069146e-17
4432.184087121184,2.3902059638230767e-17
4432.707718895303,2.2669958010509226e-17
4433.23135066942,2.35941115113991e-17
4433.754982443538,2.297408096565333e-17
4434.278614217656,2.158581744396401e-17
4434.802245991774,2.0431658472130677e-17
4435.325877765891,1.9396653150484084e-17
4435.8495095400085,1.8833869161139755e-17
4436.373141314127,1.7401958449582506e-17
4436.896773088245,1.6272141694212263e-17
4437.420404862362,1.835154500274247e-17
4437.944036636481,2.0843945431534382e-17
4438.467668410598,2.3095761861151588e-17
4438.991300184715,2.3432574554206812e-17
4439.514931958834,2.3152119737368675e-17
4440.038563732952,2.3164063846157373e-17
4440.562195507069,2.2370557615307735e-17
4441.0858272811865,2.265339130790593e-17
4441.609459055305,2.3577841011454757e-17
4442.133090829422,2.311617691041494e-17
4442.65672260354,2.1939315806471472e-17
4443.180354377659,1.980047525581941e-17
4443.703986151776,1.8456602878394972e-17
4444.227617925893,1.9576210623959453e-17
4444.751249700012,2.0689714137887143e-17
4445.27488147413,2.1731964222485874e-17
4445.798513248247,2.2456279059623e-17
4446.322145022365,2.2341132232173953e-17
4446.845776796483,2.282589727053728e-17
4447.369408570601,2.1931275034011292e-17
4447.8930403447175,1.905869981731445e-17
4448.416672118837,1.978443027971808e-17
4448.940303892954,2.169703767810081e-17
4449.463935667071,2.2409837985621194e-17
4449.98756744119,2.199168622998032e-17
4450.511199215307,2.204993991224387e-17
4451.034830989425,2.2030691453341464e-17
4451.558462763543,2.2123921186141965e-17
4452.082094537661,2.1017517173767458e-17
4452.605726311778,2.0877266796450197e-17
4453.1293580858965,2.2142640982032865e-17
4453.652989860014,2.2782063347654778e-17
4454.176621634132,2.1669951773858595e-17
4454.700253408249,2.011874778147388e-17
4455.223885182368,2.0351291986143256e-17
4455.747516956485,2.1211848453714423e-17
4456.271148730603,2.1081953812654397e-17
4456.794780504721,2.168020408750083e-17
4457.318412278839,2.1757302868430232e-17
4457.842044052957,2.0171107421587732e-17
4458.365675827074,2.0591027483453657e-17
4458.889307601192,2.1704340461559473e-17
4459.41293937531,2.1326634012800655e-17
4459.936571149427,2.2098867877469874e-17
4460.460202923546,2.0167864353978008e-17
4460.983834697663,2.1023877709992273e-17
4461.507466471781,1.791931960707251e-17
4462.031098245899,1.8181611766708413e-17
4462.554730020016,2.1717225275985362e-17
4463.078361794134,2.5752906826361517e-17
4463.6019935682525,2.8664979789251085e-17
4464.12562534237,2.624475199115006e-17
4464.649257116488,2.3464651123647287e-17
4465.1728888906055,2.416537789473635e-17
4465.696520664723,2.4899589939176444e-17
4466.220152438841,2.341001168323794e-17
4466.743784212959,2.5047715807357142e-17
4467.267415987077,2.826667133443962e-17
4467.791047761194,2.7619236021334743e-17
4468.314679535312,2.7001100661533116e-17
4468.83831130943,2.5919629395768353e-17
4469.361943083548,2.504109778123517e-17
4469.885574857666,2.6832718931512466e-17
4470.4092066317835,2.7069967930003705e-17
4470.932838405901,2.6424714046218408e-17
4471.456470180019,2.5539388477372704e-17
4471.980101954137,2.467637076346179e-17
4472.503733728255,2.3498126985584504e-17
4473.027365502372,2.342306631484134e-17
4473.55099727649,2.4302885869310133e-17
4474.074629050609,2.4563997675155116e-17
4474.598260824726,2.293238115132867e-17
4475.121892598844,2.2577588449184387e-17
4475.6455243729615,2.379515712915096e-17
4476.169156147079,2.5686920707094256e-17
4476.692787921197,2.5128067548878038e-17
4477.2164196953145,2.544943517107952e-17
4477.740051469433,2.5550332210959234e-17
4478.26368324355,2.485693514541477e-17
4478.787315017668,2.355064889802518e-17
4479.310946791786,2.4300867397710295e-17
4479.834578565904,2.5155282544654535e-17
4480.358210340021,2.5419148350493608e-17
4480.8818421141395,2.4563114506905918e-17
4481.405473888257,2.232809281641426e-17
4481.929105662375,2.1714126447412974e-17
4482.4527374364925,2.2388008396341265e-17
4482.976369210611,2.327900664742456e-17
4483.500000984728,2.471511339096395e-17
4484.023632758846,2.5102384157910902e-17
4484.547264532965,2.3192169528089295e-17
4485.070896307081,2.3530909184432203e-17
4485.594528081199,2.4685031167307715e-17
4486.118159855318,2.4440102567596624e-17
4486.641791629435,2.331056518040027e-17
4487.165423403553,2.228045839884308e-17
4487.6890551776705,2.2804620915997755e-17
4488.212686951789,2.3589738818868237e-17
4488.736318725906,2.475097292177872e-17
4489.2599505000235,2.4382581208667783e-17
4489.783582274142,2.1782534781785413e-17
4490.30721404826,2.1816394045451004e-17
4490.830845822377,2.3762571755495676e-17
4491.354477596496,2.5062697416536534e-17
4491.878109370613,2.7106370708769763e-17
4492.40174114473,2.713079501412029e-17
4492.925372918849,2.646229303224554e-17
4493.449004692967,2.5438804715229345e-17
4493.972636467084,2.410354911961699e-17
4494.4962682412015,2.386408426498874e-17
4495.01990001532,2.540554906734543e-17
4495.543531789437,2.8356534524028405e-17
4496.067163563555,3.032589865972612e-17
4496.590795337674,3.067774908719372e-17
4497.114427111791,3.1253824223507914e-17
4497.638058885908,3.0682477214831766e-17
4498.161690660027,2.847388725193124e-17
4498.685322434145,2.7466938911470492e-17
4499.208954208262,2.7090623917746028e-17
4499.7325859823795,2.52210099369863e-17
4500.256217756498,2.512335582423269e-17
4500.779849530616,2.5528495142570266e-17
4501.303481304733,2.3524008989229444e-17
4501.827113078852,2.473688482681007e-17
4502.350744852969,2.726503258353659e-17
4502.874376627086,2.713958061781945e-17
4503.398008401205,2.6850334202086687e-17
4503.921640175322,2.7257172505452994e-17
4504.44527194944,2.7424612928761632e-17
4504.968903723558,2.7693549788632586e-17
4505.492535497676,2.785312156788691e-17
4506.016167271793,2.7415197582130222e-17
4506.539799045911,2.6846719951394292e-17
4507.063430820029,2.7713627850624604e-17
4507.587062594147,2.69301264329444e-17
4508.110694368264,2.5338884846206987e-17
4508.634326142383,2.4341936815364163e-17
4509.1579579165,2.56176110549077e-17
4509.681589690618,2.6029954897646148e-17
4510.205221464736,2.686248528071875e-17
4510.728853238854,2.741757209188286e-17
4511.252485012972,2.6144028400653592e-17
4511.7761167870885,2.5727921388986484e-17
4512.299748561207,2.670423578745848e-17
4512.823380335325,2.5103046525279392e-17
4513.347012109442,2.3566564284808457e-17
4513.870643883561,2.4720322156050243e-17
4514.394275657678,2.517963587845779e-17
4514.917907431796,2.56302190282232e-17
4515.441539205914,2.3235812836091368e-17
4515.965170980032,1.982605985356883e-17
4516.488802754149,2.1453736798495167e-17
4517.0124345282675,2.375312844380695e-17
4517.536066302385,2.439996361043395e-17
4518.059698076503,2.3806923172180536e-17
4518.58332985062,2.401399644679151e-17
4519.106961624738,2.3932151376622454e-17
4519.630593398856,2.4355501586465113e-17
4520.154225172974,2.3114806087532178e-17
4520.677856947092,2.3898318986662917e-17
4521.201488721209,2.425777444332924e-17
4521.725120495327,2.288698568730372e-17
4522.248752269445,2.2460048595256607e-17
4522.772384043563,2.3085624849331938e-17
4523.296015817681,2.5727556824350905e-17
4523.8196475917985,2.5888391933198426e-17
4524.343279365916,2.3733312043664684e-17
4524.866911140034,2.501246657351833e-17
4525.390542914152,2.5928178377567604e-17
4525.91417468827,2.6198467802798845e-17
4526.437806462387,2.5226471921663482e-17
4526.961438236505,2.263999532361498e-17
4527.4850700106235,2.2295660595074927e-17
4528.008701784741,2.596080860924593e-17
4528.532333558859,2.6651200721817822e-17
4529.0559653329765,2.5806331496668496e-17
4529.579597107094,2.678915187916337e-17
4530.103228881212,2.877577799228913e-17
4530.626860655329,2.9547060544542665e-17
4531.150492429448,2.8398786342602335e-17
4531.674124203565,2.825727925143043e-17
4532.197755977683,2.773711743258726e-17
4532.721387751801,2.547660006784244e-17
4533.245019525919,2.4592466197734032e-17
4533.768651300036,2.5367355946860807e-17
4534.2922830741545,2.498457601520815e-17
4534.815914848272,2.5052692767069322e-17
4535.33954662239,2.6071497640372525e-17
4535.8631783965075,2.6215021637703482e-17
4536.386810170626,2.5983658930867295e-17
4536.910441944743,2.6117706038510724e-17
4537.434073718861,2.4415333929464118e-17
4537.95770549298,2.390846594440673e-17
4538.481337267096,2.3918359821884463e-17
4539.004969041214,2.50693706880298e-17
4539.5286008153325,2.6731515496920137e-17
4540.05223258945,2.6959980509658936e-17
4540.575864363568,2.637714483560385e-17
4541.0994961376855,2.6788556382130246e-17
4541.623127911804,2.6873904978187684e-17
4542.146759685921,2.2143535014499555e-17
4542.670391460039,1.8354463932287487e-17
4543.194023234157,2.0419426317936214e-17
4543.717655008275,2.472688508254388e-17
4544.241286782392,2.50518982913185e-17
4544.764918556511,2.4436407942991712e-17
4545.288550330628,2.4149223760162574e-17
4545.812182104745,2.460789430415368e-17
4546.3358138788635,2.4664155385919584e-17
4546.859445652982,2.1632842047871946e-17
4547.383077427099,2.1225743019012394e-17
4547.9067092012165,2.4266761811246966e-17
4548.430340975335,2.4444666414047567e-17
4548.953972749452,2.2579727926285012e-17
4549.47760452357,2.388434227482088e-17
4550.001236297689,2.6588164393856267e-17
4550.524868071806,2.815670556242418e-17
4551.048499845923,2.7109187317681503e-17
4551.572131620042,2.443135282313886e-17
4552.09576339416,2.3641618100252055e-17
4552.619395168277,2.5532821544889838e-17
4553.1430269423945,2.70654879043129e-17
4553.666658716513,2.616574365318873e-17
4554.190290490631,2.4731347040224807e-17
4554.713922264748,2.534852371373126e-17
4555.237554038867,2.5813814463328106e-17
4555.761185812984,2.524316574975297e-17
4556.284817587101,2.3842941360866367e-17
4556.80844936122,2.2330224051457904e-17
4557.332081135338,2.3499983950757677e-17
4557.855712909455,2.6288894859681983e-17
4558.3793446835725,2.736998874133076e-17
4558.902976457691,2.63426972471681e-17
4559.426608231808,2.747313516993027e-17
4559.950240005926,2.887352746487485e-17
4560.473871780044,2.9275200891762904e-17
4560.997503554162,2.810968094920198e-17
4561.521135328279,2.6807023581443842e-17
4562.044767102398,2.829331278138864e-17
4562.568398876515,2.9728359355062185e-17
4563.092030650633,2.837204792750777e-17
4563.615662424751,2.679837097740435e-17
4564.139294198869,2.5455707186900273e-17
4564.662925972987,2.2090266482122143e-17
4565.1865577471035,2.1721911031323486e-17
4565.710189521222,2.4570007576104585e-17
4566.23382129534,2.836975365612584e-17
4566.757453069457,2.975158094545218e-17
4567.281084843576,2.847271875338199e-17
4567.804716617693,2.572123183859331e-17
4568.328348391811,2.672427091931488e-17
4568.851980165929,2.7281585205155584e-17
4569.375611940047,2.624617398033825e-17
4569.899243714164,2.7789119819709854e-17
4570.422875488282,2.817383491641347e-17
4570.9465072624,2.7443173084825034e-17
4571.470139036518,2.7091479663483945e-17
4571.993770810635,2.490857925536458e-17
4572.517402584753,2.391186114889492e-17
4573.041034358871,2.344882380819298e-17
4573.564666132989,2.4883767357333753e-17
4574.088297907107,2.5833319602956602e-17
4574.611929681224,2.6070480520135238e-17
4575.135561455342,2.6124213406105064e-17
4575.65919322946,2.5120921645021577e-17
4576.182825003578,2.5563260467869623e-17
4576.706456777696,2.268909371136428e-17
4577.230088551813,2.3347003476725745e-17
4577.753720325931,2.7057987379785928e-17
4578.277352100049,2.8015338277837626e-17
4578.800983874167,2.928103106193666e-17
4579.324615648285,2.928373798696884e-17
4579.848247422402,2.7332378431344076e-17
4580.37187919652,2.7397141598356383e-17
4580.8955109706385,2.7438739042950795e-17
4581.419142744756,2.5333774336809415e-17
4581.942774518874,2.5874176593446322e-17
4582.466406292991,2.5960729226633573e-17
4582.990038067109,2.4077669153144782e-17
4583.513669841227,2.5047626680666594e-17
4584.037301615345,2.671754943567915e-17
4584.560933389463,2.648506891609658e-17
4585.08456516358,2.5233534889650402e-17
4585.608196937698,2.4873999026161208e-17
4586.131828711816,2.654770795418902e-17
4586.655460485934,2.6802930640897046e-17
4587.179092260051,2.6680368162841215e-17
4587.7027240341695,2.7723751033208897e-17
4588.226355808287,2.914119581842721e-17
4588.749987582405,2.815503076630942e-17
4589.273619356522,2.862944872373577e-17
4589.797251130641,2.897224681419813e-17
4590.320882904758,2.921310503905763e-17
4590.844514678876,2.837632625301168e-17
4591.368146452995,2.8091596035545365e-17
4591.891778227111,2.894815615930898e-17
4592.415410001229,2.8642836365515777e-17
4592.9390417753475,2.7481727984487194e-17
4593.462673549465,2.5707772389783414e-17
4593.986305323583,2.6035828728904e-17
4594.5099370977005,2.808100379084958e-17
4595.033568871819,2.7891220518357836e-17
4595.557200645936,2.81682816553564e-17
4596.080832420054,2.805966589110843e-17
4596.604464194172,2.943557880669397e-17
4597.12809596829,2.953571333771499e-17
4597.651727742407,3.099144665246437e-17
4598.1753595165255,3.0398245481219044e-17
4598.698991290643,2.9315200520607863e-17
4599.22262306476,2.944445662388198e-17
4599.7462548388785,3.062386091618847e-17
4600.269886612997,2.977370655009408e-17
4600.793518387114,2.9586620414400055e-17
4601.317150161232,3.07208695467255e-17
4601.84078193535,3.038401466018072e-17
4602.364413709467,3.0400181882187733e-17
4602.888045483585,3.0795598539339367e-17
4603.411677257704,3.108022468135303e-17
4603.935309031821,3.104825587073734e-17
4604.458940805938,3.0386305197509273e-17
4604.9825725800565,2.9728197072445225e-17
4605.506204354175,2.859543867322669e-17
4606.029836128292,2.8216651078689115e-17
4606.5534679024095,2.860054642205406e-17
4607.077099676528,2.862693492662405e-17
4607.600731450646,2.9826781147359794e-17
4608.124363224763,2.964769250335534e-17
4608.647994998882,2.8877132792785755e-17
4609.171626772999,2.6704719320841672e-17
4609.695258547116,2.776505169227416e-17
4610.2188903212345,2.95571870034516e-17
4610.742522095353,2.99137076620575e-17
4611.26615386947,3.0193266394680684e-17
4611.7897856435875,2.8995489509779506e-17
4612.313417417706,2.9563702975400146e-17
4612.837049191823,3.0272943878103736e-17
4613.360680965941,2.916788860029441e-17
4613.884312740059,2.926134850667042e-17
4614.407944514177,3.268518997997367e-17
4614.931576288294,3.485518269822132e-17
4615.455208062413,3.389559273891891e-17
4615.97883983653,3.282506814147027e-17
4616.502471610648,3.286164873500726e-17
4617.0261033847655,3.097328699343505e-17
4617.549735158884,2.9333592116518315e-17
4618.073366933002,2.8398746888712184e-17
4618.5969987071185,2.85117499863699e-17
4619.120630481237,2.9875183688278515e-17
4619.644262255355,3.020490593390739e-17
4620.167894029472,3.0182860210485045e-17
4620.691525803591,3.007830644196847e-17
4621.215157577708,2.843448963831292e-17
4621.738789351826,2.6346351927180708e-17
4622.262421125944,2.6172125252365473e-17
4622.786052900062,2.7544117633967642e-17
4623.309684674179,2.9873556289906495e-17
4623.833316448297,3.191750062653857e-17
4624.356948222415,3.127856673699232e-17
4624.880579996533,3.084588605818653e-17
4625.40421177065,3.040175257738035e-17
4625.927843544769,2.870167569579965e-17
4626.451475318886,2.775219543622671e-17
4626.975107093004,2.6883884552329866e-17
4627.498738867122,2.7069348865834226e-17
4628.02237064124,2.9080759116588724e-17
4628.546002415357,2.961202117004715e-17
4629.0696341894745,2.961410147603292e-17
4629.593265963593,3.0023556270552784e-17
4630.116897737711,3.100971830149105e-17
4630.640529511828,3.047934623231925e-17
4631.164161285946,3.082123566819603e-17
4631.687793060064,3.078532747165619e-17
4632.211424834182,3.09849544343424e-17
4632.7350566083,3.098288008486016e-17
4633.258688382417,3.029790176569498e-17
4633.782320156535,3.223279811703966e-17
4634.3059519306535,3.210630607666227e-17
4634.829583704771,3.068240566805172e-17
4635.353215478889,3.0643356455355195e-17
4635.876847253006,3.070594342225666e-17
4636.400479027124,2.986237278484687e-17
4636.924110801242,2.948260616639699e-17
4637.44774257536,3.0159161360254747e-17
4637.971374349478,2.9060277617626936e-17
4638.495006123595,2.722889252066003e-17
4639.018637897713,2.728487531364332e-17
4639.542269671831,2.7726961573392762e-17
4640.065901445949,2.7618985972034272e-17
4640.589533220067,2.836334983697919e-17
4641.113164994184,2.8498924916211734e-17
4641.636796768302,2.850028210015303e-17
4642.16042854242,2.938420252857837e-17
4642.684060316538,3.102833822616406e-17
4643.207692090656,3.041694784289707e-17
4643.731323864773,3.073738625496688e-17
4644.254955638891,2.9887320634206086e-17
4644.7785874130095,2.7749605407409385e-17
4645.302219187126,2.7230945372315304e-17
4645.825850961244,2.9561641148873776e-17
4646.3494827353625,2.970780513290807e-17
4646.87311450948,2.781625664050547e-17
4647.396746283598,2.7144520505319892e-17
4647.920378057715,2.691977825030716e-17
4648.444009831834,2.676620650157799e-17
4648.967641605951,2.775135830365742e-17
4649.491273380069,2.833568070832797e-17
4650.014905154187,2.6615952428840355e-17
4650.538536928305,2.9176645292580394e-17
4651.062168702422,3.0246908799551947e-17
4651.5858004765405,3.022143894460111e-17
4652.109432250658,3.137849635575027e-17
4652.633064024776,2.9873337759365536e-17
4653.156695798893,3.0412098576236637e-17
4653.680327573012,3.1179187448324884e-17
4654.203959347129,3.11258077281152e-17
4654.727591121247,2.934767500941223e-17
4655.251222895365,2.7785427059110103e-17
4655.774854669482,2.6667484164516692e-17
4656.2984864436,2.54799159400488e-17
4656.8221182177185,2.5870797398557375e-17
4657.345749991836,2.6536742696802128e-17
4657.869381765953,2.7851923126478816e-17
4658.3930135400715,2.654784349059084e-17
4658.91664531419,2.5471526398884616e-17
4659.440277088307,2.4872716011778134e-17
4659.963908862424,2.423192216193969e-17
4660.487540636543,2.5389623979356108e-17
4661.011172410661,2.5951735322611117e-17
4661.534804184778,2.5795728226904386e-17
4662.058435958897,2.735226252528597e-17
4662.582067733014,2.7028557819644922e-17
4663.105699507131,2.340182993592816e-17
4663.6293312812495,2.471281277244007e-17
4664.152963055368,2.758244758705301e-17
4664.676594829485,2.960515560450595e-17
4665.2002266036025,3.065396212787293e-17
4665.723858377721,3.058243384065333e-17
4666.247490151838,3.0842711551547835e-17
4666.771121925956,3.1189474280889643e-17
4667.294753700075,3.0173398907583184e-17
4667.818385474192,2.999667441463192e-17
4668.342017248309,2.971715269513997e-17
4668.8656490224275,3.0014294763270783e-17
4669.389280796546,2.959777242143546e-17
4669.912912570663,2.8595800616583966e-17
4670.4365443447805,2.955861016731367e-17
4670.960176118899,2.908209527498862e-17
4671.483807893017,2.9260015457594943e-17
4672.007439667133,2.776686355254673e-17
4672.531071441252,2.8858463127920765e-17
4673.05470321537,2.818602510080096e-17
4673.578334989487,2.7952759849952085e-17
4674.101966763606,2.8332668239147307e-17
4674.625598537723,2.890936078138815e-17
4675.149230311841,2.856602329994348e-17
4675.6728620859585,2.9028558366250355e-17
4676.196493860077,2.98582786907534e-17
4676.720125634194,2.982252362770124e-17
4677.243757408312,3.155762113237929e-17
4677.76738918243,3.145718396470473e-17
4678.291020956548,3.097684258880893e-17
4678.814652730665,3.187686258942986e-17
4679.338284504784,3.107920337291744e-17
4679.861916278901,3.0265205168721124e-17
4680.385548053019,3.0313973546298333e-17
4680.9091798271365,3.118024948922654e-17
4681.432811601255,3.12920147088473e-17
4681.956443375373,3.095871739978547e-17
4682.4800751494895,3.1013825412295926e-17
4683.003706923608,3.052550621856803e-17
4683.527338697726,2.987829529044841e-17
4684.050970471843,3.008368311166462e-17
4684.574602245961,3.085104813666713e-17
4685.098234020079,3.1733904325834817e-17
4685.621865794197,3.1583979430246904e-17
4686.145497568315,3.149747928120357e-17
4686.669129342432,3.127115846266896e-17
4687.19276111655,3.142698137816036e-17
4687.716392890668,3.1368972871421554e-17
4688.240024664786,3.174073255930217e-17
4688.763656438904,3.1420575828686593e-17
4689.287288213021,3.239777634781232e-17
4689.810919987139,3.3447574756540995e-17
4690.334551761257,3.120924918242837e-17
4690.858183535375,2.910690639582209e-17
4691.381815309493,2.7718344632758128e-17
4691.90544708361,2.730962605483694e-17
4692.429078857728,2.7245087176998347e-17
4692.952710631846,2.896572820995794e-17
4693.476342405964,3.035873775832835e-17
4693.999974180082,3.037010020201722e-17
4694.523605954199,2.9058242840342667e-17
4695.047237728317,2.810134206315248e-17
4695.570869502435,2.7232222482925677e-17
4696.094501276553,2.6097726268084985e-17
4696.618133050671,2.5914517061184235e-17
4697.141764824788,2.688092066922321e-17
4697.665396598906,2.82067234544096e-17
4698.1890283730245,2.8072240977228807e-17
4698.712660147142,2.858579267279734e-17
4699.236291921259,2.9014082614515456e-17
4699.759923695377,2.804188332955119e-17
4700.283555469495,2.790621251299652e-17
4700.807187243613,2.8151550991352104e-17
4701.33081901773,2.6972756998472485e-17
4701.854450791849,2.739278171696576e-17
4702.378082565966,2.8633993459011126e-17
4702.901714340084,2.93428725745474e-17
4703.425346114202,2.968965383502684e-17
4703.94897788832,2.977263329829912e-17
4704.472609662437,3.0547451480280456e-17
4704.9962414365555,3.135415140630385e-17
4705.519873210673,3.1025282402005363e-17
4706.043504984791,2.958179063984065e-17
4706.567136758908,2.880631737073144e-17
4707.090768533027,2.879974002527792e-17
4707.614400307144,2.902171500559871e-17
4708.138032081262,2.9801236958993846e-17
4708.6616638553805,3.033888568236725e-17
4709.185295629497,3.0258479639008603e-17
4709.708927403615,3.094242555751962e-17
4710.2325591777335,3.076188535754854e-17
4710.756190951851,2.971163489691538e-17
4711.279822725968,2.9541126365895484e-17
4711.803454500086,2.9814682456613555e-17
4712.327086274205,3.1284416347187725e-17
4712.850718048322,3.127756314263484e-17
4713.374349822439,3.030165395538001e-17
4713.897981596558,3.100360676637879e-17
4714.421613370676,3.2101063705257714e-17
4714.945245144793,3.245742757282442e-17
4715.4688769189115,3.2177988591127486e-17
4715.992508693029,3.0829284393584755e-17
4716.516140467146,2.996199608943429e-17
4717.0397722412645,3.009341013613914e-17
4717.563404015383,3.0818002168905966e-17
4718.0870357895,3.121510070461316e-17
4718.610667563617,3.2056582678524834e-17
4719.134299337736,3.234601305551455e-17
4719.657931111853,3.142832232889802e-17
4720.181562885971,3.049868779768242e-17
4720.70519466009,2.967002849055655e-17
4721.228826434207,2.857591491979266e-17
4721.752458208324,2.955129275478962e-17
4722.2760899824425,3.013833276182598e-17
4722.799721756561,3.032253153950936e-17
4723.323353530678,3.04962491747218e-17
4723.846985304795,2.9080669416517416e-17
4724.370617078914,2.772703114304843e-17
4724.894248853032,2.8081833965062645e-17
4725.417880627149,2.8901318090843126e-17
4725.941512401267,3.073452905416887e-17
4726.465144175385,3.0695792475485326e-17
4726.988775949502,3.098553494643016e-17
4727.5124077236205,3.1649254988335347e-17
4728.036039497738,3.0214782328016136e-17
4728.559671271856,3.026488287927204e-17
4729.0833030459735,2.944760594482079e-17
4729.606934820092,2.877117343305775e-17
4730.130566594209,2.9382871353108666e-17
4730.654198368327,3.0380291516870255e-17
4731.177830142445,3.2517226167919525e-17
4731.701461916563,3.2981132367416137e-17
4732.22509369068,3.129743542780799e-17
4732.748725464799,3.012729873682094e-17
4733.272357238916,2.995641965824643e-17
4733.795989013034,3.172145389152651e-17
4734.3196207871515,3.180281874432063e-17
4734.84325256127,3.06748309829517e-17
4735.366884335388,3.181331770645814e-17
4735.8905161095045,3.321237074972474e-17
4736.414147883623,3.2817530255863926e-17
4736.937779657741,3.3558269137677656e-17
4737.461411431858,3.232433117603362e-17
4737.985043205977,3.141204524534153e-17
4738.508674980094,3.15078400158672e-17
4739.032306754212,3.2918061250915065e-17
4739.5559385283295,3.356531664834242e-17
4740.079570302448,3.266459238176461e-17
4740.603202076565,3.344558818413785e-17
4741.126833850683,3.281252478344963e-17
4741.650465624801,3.278070326057232e-17
4742.174097398919,3.181571892198086e-17
4742.697729173036,3.203680891878581e-17
4743.221360947154,3.4284474697926444e-17
4743.744992721272,3.445392885549887e-17
4744.26862449539,3.365618539508079e-17
4744.792256269508,3.26230301520811e-17
4745.315888043625,3.195235813641863e-17
4745.839519817743,3.064566644434959e-17
4746.3631515918605,3.177907771805001e-17
4746.886783365979,3.191093758953849e-17
4747.410415140097,3.2388631548284733e-17
4747.934046914214,3.2548843646161455e-17
4748.457678688332,3.184024081914042e-17
4748.98131046245,3.161990175484806e-17
4749.504942236568,3.1145295774411125e-17
4750.028574010686,3.214887182184477e-17
4750.552205784803,3.2666796351419514e-17
4751.075837558921,3.1780062748726034e-17
4751.599469333039,3.1818973864789066e-17
4752.123101107157,3.0808693637360064e-17
4752.646732881274,2.988406793083409e-17
4753.170364655392,2.975847319185634e-17
4753.69399642951,3.037050790171134e-17
4754.217628203628,2.916035572634141e-17
4754.741259977745,2.8688813898208064e-17
4755.264891751864,2.7644252095547923e-17
4755.788523525981,2.800940832354152e-17
4756.312155300099,2.8217060527945665e-17
4756.835787074217,2.743702812061082e-17
4757.359418848335,2.784644494053289e-17
4757.883050622452,3.0445202818925767e-17
4758.40668239657,3.209167818611249e-17
4758.930314170688,3.274103815223548e-17
4759.453945944806,3.304662814575268e-17
4759.977577718923,3.308115138967936e-17
4760.501209493042,3.363132793344486e-17
4761.024841267159,3.340127685262347e-17
4761.548473041277,3.059344703479375e-17
4762.0721048153955,3.209855464547949e-17
4762.595736589512,3.314776845942413e-17
4763.11936836363,3.349494070495035e-17
4763.6430001377485,3.275240327079269e-17
4764.166631911866,3.242955621248338e-17
4764.690263685984,3.216581185806263e-17
4765.213895460101,3.2668927824497796e-17
4765.73752723422,3.307322564140972e-17
4766.261159008337,3.305332277928982e-17
4766.784790782455,3.3730339139055847e-17
4767.308422556573,3.2501431819769764e-17
4767.832054330691,3.250889487873428e-17
4768.355686104808,3.381829342245025e-17
4768.8793178789265,3.217571469538131e-17
4769.402949653044,3.2950998915375774e-17
4769.926581427161,3.370471214402381e-17
4770.450213201279,3.2426509701840466e-17
4770.973844975398,3.139513324690113e-17
4771.497476749515,3.1767838988436534e-17
4772.021108523632,3.1766352091602814e-17
4772.544740297751,3.116819555579319e-17
4773.068372071868,3.025825749121999e-17
4773.592003845986,3.2583672343228405e-17
4774.1156356201045,3.40418278690128e-17
4774.639267394222,3.211388128448156e-17
4775.162899168339,3.0473522818622213e-17
4775.6865309424575,3.107345706517173e-17
4776.210162716576,3.009265988303815e-17
4776.733794490693,2.99974010821545e-17
4777.25742626481,3.1203270445889597e-17
4777.781058038929,3.194289312885288e-17
4778.304689813047,3.1990557081777005e-17
4778.828321587164,3.1995350076462e-17
4779.3519533612825,3.016399968268216e-17
4779.8755851354,3.02675135325127e-17
4780.399216909517,3.092292702464244e-17
4780.9228486836355,3.196029940588363e-17
4781.446480457754,3.276212743134536e-17
4781.970112231871,3.190739927901515e-17
4782.493744005988,3.024929926257023e-17
4783.017375780107,3.2490335209795167e-17
4783.541007554224,3.3681347431451516e-17
4784.064639328342,3.3949395572726545e-17
4784.58827110246,3.2909317373642233e-17
4785.111902876578,3.1857945879189234e-17
4785.635534650695,3.2244973019903124e-17
4786.1591664248135,3.1006525887615414e-17
4786.682798198931,3.4430358555386464e-17
4787.206429973049,3.415222181027259e-17
4787.7300617471665,3.148320022910801e-17
4788.253693521285,3.1183562466855246e-17
4788.777325295403,3.244978354512144e-17
4789.300957069519,3.124456705839806e-17
4789.824588843638,3.019414213811693e-17
4790.348220617756,3.234500672063262e-17
4790.871852391873,3.1606641923170963e-17
4791.395484165992,3.005156496267607e-17
4791.919115940109,3.210456706572371e-17
4792.442747714227,3.295226779431599e-17
4792.9663794883445,3.243026847785511e-17
4793.490011262463,3.16906192202414e-17
4794.01364303658,3.156535470238078e-17
4794.537274810698,3.2798950753781446e-17
4795.060906584816,3.307773805132588e-17
4795.584538358934,3.2603293517175593e-17
4796.108170133051,3.07109729157945e-17
4796.631801907169,3.065790304669915e-17
4797.155433681287,2.997508669001227e-17
4797.679065455405,2.881263867021688e-17
4798.2026972295225,2.9350320572649134e-17
4798.72632900364,3.061548283234436e-17
4799.249960777758,3.094473936033091e-17
4799.7735925518755,3.0912146012699967e-17
4800.297224325994,3.115250861048523e-17
4800.820856100112,3.208828044172613e-17
4801.344487874229,3.258169171906686e-17
4801.868119648347,3.051890818340767e-17
4802.391751422465,3.159863428379585e-17
4802.915383196583,3.252562993813579e-17
4803.439014970701,3.266155415458982e-17
4803.962646744818,3.198412089856423e-17
4804.486278518936,3.108190498066528e-17
4805.009910293054,3.191709818414211e-17
4805.533542067172,3.2548915998909855e-17
4806.05717384129,3.368533325611495e-17
4806.580805615407,3.318444149849458e-17
4807.104437389525,3.409335412926088e-17
4807.628069163643,3.543264447135771e-17
4808.151700937761,3.337352770909674e-17
4808.675332711879,3.2281906637296666e-17
4809.198964485996,3.270790822563238e-17
4809.722596260114,3.3434789113559117e-17
4810.2462280342315,3.4459749696851846e-17
4810.76985980835,3.375554282466414e-17
4811.293491582467,3.227360937680346e-17
4811.817123356585,3.273963563314819e-17
4812.340755130703,3.2617795760610906e-17
4812.864386904821,3.108826575540922e-17
4813.388018678938,3.023363997806143e-17
4813.911650453057,3.1475542725774614e-17
4814.435282227174,3.1903293924491974e-17
4814.958914001292,3.1166593183636746e-17
4815.4825457754105,3.087017092591852e-17
4816.006177549527,2.9681466451393284e-17
4816.529809323645,2.7786547592491183e-17
4817.053441097763,2.8125436522533745e-17
4817.577072871881,2.9996802797126743e-17
4818.100704645999,3.1232632919774494e-17
4818.624336420116,3.160995353475093e-17
4819.147968194235,3.256931175628269e-17
4819.671599968352,3.3354719698732655e-17
4820.19523174247,3.28460096308789e-17
4820.718863516588,3.1958963947223024e-17
4821.242495290706,3.251425376815332e-17
4821.766127064823,3.290181211441568e-17
4822.289758838941,3.1992631181519396e-17
4822.813390613059,3.247553966586223e-17
4823.337022387176,3.3543353867008927e-17
4823.860654161294,3.31880395440119e-17
4824.384285935413,3.300910690848722e-17
4824.90791770953,3.251430522502575e-17
4825.431549483647,3.1208760650394617e-17
4825.955181257766,3.123594342006108e-17
4826.478813031883,3.323306013279468e-17
4827.002444806001,3.3535760437286835e-17
4827.5260765801195,3.1952590657719155e-17
4828.049708354237,3.1390047681604976e-17
4828.573340128354,3.014128105027062e-17
4829.096971902472,2.956853809075176e-17
4829.620603676591,3.1496054565128934e-17
4830.144235450708,3.3031022180319404e-17
4830.667867224825,3.2689801019613234e-17
4831.191498998944,3.233165439995709e-17
4831.715130773062,3.263387589381959e-17
4832.238762547179,3.233871470197263e-17
4832.7623943212975,3.1405457835138225e-17
4833.286026095415,3.133762131849754e-17
4833.809657869532,3.308461594444375e-17
4834.3332896436505,3.4299121965535953e-17
4834.856921417769,3.457533963122659e-17
4835.380553191886,3.4434334235330644e-17
4835.904184966003,3.3553757571536106e-17
4836.427816740122,3.2996893300655656e-17
4836.951448514239,3.21881797331224e-17
4837.475080288357,3.122023968520034e-17
4837.998712062475,3.151723895956642e-17
4838.522343836593,3.12686946859018e-17
4839.04597561071,3.1165745517525034e-17
4839.5696073848285,3.087459465859671e-17
4840.093239158946,2.95153308098929e-17
4840.616870933064,2.926538697117644e-17
4841.140502707181,3.014052346752132e-17
4841.6641344813,3.0257810227309534e-17
4842.187766255418,3.100922973847114e-17
4842.711398029534,3.2387197863468636e-17
4843.235029803653,3.198467067876194e-17
4843.758661577771,3.1128497536778494e-17
4844.282293351888,3.142976019405545e-17
4844.8059251260065,3.140791961618884e-17
4845.329556900124,3.231327954090779e-17
4845.853188674242,3.2785483745678353e-17
4846.3768204483595,3.161296837219285e-17
4846.900452222478,2.9702967185201626e-17
4847.424083996595,2.7654045971463672e-17
4847.947715770713,2.618087160994236e-17
4848.471347544831,2.4649250000387056e-17
4848.994979318949,2.5575032271264883e-17
4849.518611093066,2.993037074546475e-17
4850.042242867184,3.2721918927787663e-17
4850.565874641302,3.364146405638307e-17
4851.08950641542,3.5160836796260475e-17
4851.6131381895375,3.859874629882816e-17
4852.136769963655,4.4473382185180483e-17
4852.660401737773,5.3736331548299234e-17
4853.18403351189,5.446581913034929e-17
4853.707665286009,3.340161272555897e-17
4854.231297060127,1.8710693890117528e-17
4854.754928834244,2.486012440627471e-17
4855.278560608362,3.101679087818534e-17
4855.80219238248,3.141523670489624e-17
4856.325824156598,3.007558834207416e-17
4856.8494559307155,2.946507811838576e-17
4857.373087704833,3.0823984261573115e-17
4857.896719478951,3.085004152762121e-17
4858.420351253069,3.057573881725122e-17
4858.943983027187,3.095552214887164e-17
4859.467614801305,3.199339069464961e-17
4859.991246575422,3.250952667781492e-17
4860.51487834954,3.2054591145968774e-17
4861.038510123658,3.163541256540789e-17
4861.562141897776,3.1494721194358727e-17
4862.085773671894,3.120513361366229e-17
4862.609405446011,3.0063782191615357e-17
4863.133037220129,2.882696807879515e-17
4863.6566689942465,2.89523747759994e-17
4864.180300768365,2.868501638252414e-17
4864.703932542482,2.8953155599929045e-17
4865.2275643166,2.97245493555331e-17
4865.751196090718,3.086088043565256e-17
4866.274827864836,2.969106824805733e-17
4866.798459638953,2.935156934570752e-17
4867.322091413072,3.065355785044164e-17
4867.845723187189,3.2345583411365104e-17
4868.369354961307,3.303171603397041e-17
4868.892986735425,3.0530381336799684e-17
4869.416618509542,2.95326106136076e-17
4869.94025028366,3.153673814516922e-17
4870.463882057778,3.158897059253419e-17
4870.987513831896,3.0219963261005e-17
4871.511145606014,3.227303943830632e-17
4872.034777380131,3.4277995366178006e-17
4872.55840915425,3.319642289252373e-17
4873.082040928367,3.135286596596044e-17
4873.605672702485,3.0002176590635325e-17
4874.129304476603,3.003851229580975e-17
4874.652936250721,3.025104905082954e-17
4875.176568024838,3.021109984037293e-17
4875.700199798956,2.910984799705862e-17
4876.223831573074,2.784424530697979e-17
4876.747463347192,2.879538478523142e-17
4877.271095121309,2.9109345794115225e-17
4877.794726895428,2.828996034124079e-17
4878.318358669545,2.9932165242689315e-17
4878.841990443663,3.06696231889652e-17
4879.365622217781,3.012876969529566e-17
4879.889253991898,3.066636374252724e-17
4880.412885766016,3.13375335795385e-17
4880.936517540134,3.1630388753627614e-17
4881.460149314252,3.115880838557289e-17
4881.983781088369,2.90368996003292e-17
4882.507412862487,2.9535649050983607e-17
4883.031044636606,2.948394958103311e-17
4883.554676410723,3.0118311405920237e-17
4884.07830818484,3.0912930270433785e-17
4884.601939958959,3.3721320565400516e-17
4885.125571733077,3.616486826691321e-17
4885.649203507194,3.7118019345587375e-17
4886.1728352813125,3.614466415206386e-17
4886.69646705543,3.363050853661029e-17
4887.220098829547,3.382258922500308e-17
4887.743730603665,3.499179296992169e-17
4888.267362377784,3.533713405768875e-17
4888.790994151901,3.5294233272252146e-17
4889.314625926018,3.4978506622963404e-17
4889.838257700137,3.477864841806081e-17
4890.361889474254,3.3172690062235315e-17
4890.885521248372,3.2107109855194334e-17
4891.40915302249,3.182215129971702e-17
4891.932784796608,3.0986781513748093e-17
4892.456416570725,2.8378934767368074e-17
4892.980048344843,2.845928973126405e-17
4893.503680118962,3.099111877100292e-17
4894.027311893079,3.261931330033099e-17
4894.550943667196,3.299683958390363e-17
4895.074575441315,3.40203425877342e-17
4895.598207215433,3.5293740876853194e-17
4896.121838989549,3.4291647961757664e-17
4896.645470763668,3.4030596574071886e-17
4897.169102537786,3.4158828232884326e-17
4897.692734311903,3.4637225794300484e-17
4898.2163660860215,3.4409186492746706e-17
4898.739997860139,3.5206959189070133e-17
4899.263629634257,3.420328284153558e-17
4899.787261408374,3.374536119098838e-17
4900.310893182493,3.308149902531928e-17
4900.83452495661,3.363376673325538e-17
4901.358156730728,3.338245342541681e-17
4901.881788504846,3.071648504599738e-17
4902.405420278964,2.973601795836123e-17
4902.929052053081,3.0846587754989516e-17
4903.4526838271995,3.053113441970849e-17
4903.976315601317,3.136885788973949e-17
4904.499947375435,0.0
4905.0235791495525,0.0
4905.547210923671,0.0
4906.070842697788,0.0
4906.594474471905,0.0
4907.118106246024,0.0
4907.641738020142,0.0
4908.165369794259,0.0
4908.689001568377,0.0
4909.212633342495,0.0
4909.736265116613,0.0
4910.2598968907305,0.0
4910.783528664848,0.0
4911.307160438966,0.0
4911.830792213084,0.0
4912.354423987202,0.0
4912.87805576132,0.0
4913.401687535437,0.0
4913.925319309555,0.0
4914.448951083673,0.0
4914.972582857791,0.0
4915.4962146319085,0.0
4916.019846406026,0.0
4916.543478180144,0.0
4917.0671099542615,0.0
4917.59074172838,0.0
4918.114373502497,0.0
4918.638005276615,0.0
4919.161637050733,0.0
4919.685268824851,0.0
4920.208900598969,0.0
4920.7325323730865,0.0
4921.256164147204,0.0
4921.779795921322,0.0
4922.30342769544,0.0
4922.827059469557,0.0
4923.350691243675,0.0
4923.874323017793,0.0
4924.397954791911,3.1225925120505614e-17
4924.921586566029,2.977222138355668e-17
4925.445218340146,2.94488204087198e-17
4925.968850114265,2.787536943728815e-17
4926.492481888382,2.5045819010033742e-17
4927.0161136625,2.564615991052611e-17
4927.5397454366175,2.8179870764496525e-17
4928.063377210736,3.08302900296051e-17
4928.587008984853,3.2875915625804755e-17
4929.110640758971,3.2907682223886e-17
4929.634272533089,3.2106207729613705e-17
4930.157904307207,3.2181901851314743e-17
4930.681536081324,3.178518925889915e-17
4931.205167855443,3.2269513965372826e-17
4931.72879962956,3.0252191999724645e-17
4932.252431403678,2.953224615752636e-17
4932.776063177796,3.231639418862982e-17
4933.299694951913,3.4338555879687517e-17
4933.823326726031,3.532674766831025e-17
4934.346958500149,3.3602108008957627e-17
4934.870590274267,3.395502470650996e-17
4935.394222048384,3.470561717574194e-17
4935.917853822502,3.2939545129611154e-17
4936.441485596621,3.221657868533468e-17
4936.965117370738,3.338984072146394e-17
4937.488749144855,3.372230258508921e-17
4938.012380918974,3.44555113933664e-17
4938.536012693092,3.375653831418431e-17
4939.059644467209,3.358120423135068e-17
4939.583276241327,3.2261018933731813e-17
4940.106908015445,3.4063921709643114e-17
4940.630539789562,3.5486038507888595e-17
4941.15417156368,3.4622008593992376e-17
4941.677803337799,3.352067516436169e-17
4942.201435111916,3.420153950511377e-17
4942.725066886033,3.537191274672165e-17
4943.248698660152,3.458708928818229e-17
4943.772330434269,3.5479714668873307e-17
4944.295962208387,3.372294855728701e-17
4944.8195939825055,3.313121063115369e-17
4945.343225756623,3.102907317854938e-17
4945.86685753074,3.0857513515167456e-17
4946.390489304858,3.1887102245986144e-17
4946.914121078977,3.2151559053883814e-17
4947.437752853094,3.38523413843322e-17
4947.961384627211,3.3764580716238765e-17
4948.48501640133,3.312438625861186e-17
4949.008648175448,3.2146196479392835e-17
4949.532279949565,3.02938648280863e-17
4950.055911723683,2.8469594751425173e-17
4950.579543497801,2.990359575065092e-17
4951.103175271918,3.28942273326585e-17
4951.626807046036,3.440331356727807e-17
4952.150438820154,3.378483286838945e-17
4952.674070594272,3.5240461808937013e-17
4953.197702368389,3.555218623255019e-17
4953.721334142508,3.440914745225912e-17
4954.244965916625,3.3143167099918e-17
4954.768597690743,3.178424172585915e-17
4955.292229464861,3.300739161151529e-17
4955.815861238979,3.441467299825854e-17
4956.339493013096,3.46635588986989e-17
4956.8631247872145,3.509562398865457e-17
4957.386756561332,3.5161365467558754e-17
4957.91038833545,3.461714641766525e-17
4958.434020109567,3.3055738164474123e-17
4958.957651883686,3.2999002239345665e-17
4959.481283657803,3.259743928090969e-17
4960.00491543192,3.294408988215282e-17
4960.528547206039,3.3468743420260236e-17
4961.052178980157,3.2425290123801305e-17
4961.575810754274,3.229713219654151e-17
4962.099442528392,3.443438182424742e-17
4962.62307430251,3.577569875036011e-17
4963.146706076628,3.4335571933814545e-17
4963.670337850745,3.412132136943529e-17
4964.193969624863,3.4928451267923773e-17
4964.717601398981,3.580670387756706e-17
4965.241233173099,3.553750947087584e-17
4965.764864947217,3.568173117800597e-17
4966.288496721335,3.316668533847971e-17
4966.812128495452,3.481842708289326e-17
4967.33576026957,3.4996819455917014e-17
4967.859392043688,3.546098494946614e-17
4968.383023817806,3.593838125488665e-17
4968.9066555919235,3.4303731670551404e-17
4969.430287366041,3.2973220011452173e-17
4969.953919140159,3.2393068488468306e-17
4970.477550914276,3.187314281637969e-17
4971.001182688395,3.017821375559296e-17
4971.524814462513,3.003847034398007e-17
4972.04844623663,3.02954830296112e-17
4972.572078010748,2.963255225627558e-17
4973.095709784866,2.910687793892512e-17
4973.619341558984,2.9622290737108735e-17
4974.1429733331015,2.794906778960352e-17
4974.666605107219,2.6386921937294643e-17
4975.190236881337,2.752071970097926e-17
4975.713868655455,2.887668192249495e-17
4976.237500429573,2.9232499452678797e-17
4976.76113220369,3.0350485173417427e-17
4977.284763977808,3.302062511821805e-17
4977.808395751926,3.125760690449009e-17
4978.332027526044,2.9492910084895577e-17
4978.855659300161,3.0754951705688907e-17
4979.3792910742795,3.072917513133438e-17
4979.902922848397,3.141548023388397e-17
4980.426554622515,3.2134178264886033e-17
4980.9501863966325,3.3567150000696494e-17
4981.473818170751,3.149114132808236e-17
4981.997449944868,2.961121177228789e-17
4982.521081718986,2.9664228024060324e-17
4983.044713493104,3.09280277751669e-17
4983.568345267222,3.032590879614705e-17
4984.091977041339,3.128137872679436e-17
4984.615608815458,3.280925820044226e-17
4985.139240589575,3.2626779718364423e-17
4985.662872363693,3.197806807948006e-17
4986.186504137811,3.019142372999953e-17
4986.710135911928,3.0711801694864906e-17
4987.233767686046,3.158636183049214e-17
4987.757399460164,3.2543195568284585e-17
4988.281031234282,3.2051663968742723e-17
4988.804663008399,3.233675669431797e-17
4989.328294782517,3.0840428724432885e-17
4989.851926556636,3.0829689406314765e-17
4990.375558330753,3.17270104476826e-17
4990.899190104871,3.1853511177579696e-17
4991.4228218789885,3.0071695865516206e-17
4991.946453653107,2.811537671861471e-17
4992.470085427224,2.890925087871003e-17
4992.993717201342,2.9091066002283785e-17
4993.51734897546,2.982401285903686e-17
4994.040980749577,2.7892786630044304e-17
4994.564612523695,2.9259747163827254e-17
4995.088244297814,3.01962164251172e-17
4995.611876071931,3.240744610562506e-17
4996.135507846048,3.308203884876325e-17
4996.659139620167,3.309789847285441e-17
4997.182771394284,3.094167098989987e-17
4997.706403168402,3.0944489807970495e-17
4998.23003494252,2.99925646342248e-17
4998.753666716638,2.978771807587591e-17
4999.277298490755,3.078879139390526e-17
4999.800930264873,3.1931486369454236e-17
5000.324562038992,3.156484395947212e-17
5000.848193813109,3.246055977472336e-17
5001.371825587226,3.0878345109894756e-17
5001.895457361345,3.072872000265559e-17
5002.419089135463,2.940093754484824e-17
5002.94272090958,2.8536286498461554e-17
5003.466352683698,2.921747193420471e-17
5003.989984457816,3.0405047199076776e-17
5004.513616231933,2.797177074546225e-17
5005.037248006051,2.7347556543147636e-17
5005.560879780169,2.8786161735847275e-17
5006.084511554287,2.744347333334254e-17
5006.608143328404,3.011529478196147e-17
5007.131775102523,2.8845043141862865e-17
5007.65540687664,3.092939085901525e-17
5008.179038650758,3.043038629524822e-17
5008.702670424876,3.1331486589120936e-17
5009.226302198994,3.0422122864084265e-17
5009.749933973111,3.080576199555913e-17
5010.273565747229,2.8811264174292216e-17
5010.797197521347,2.42326051300366e-17
5011.320829295465,2.5903656458262238e-17
5011.844461069582,3.089035937529363e-17
5012.368092843701,3.072261185424528e-17
5012.891724617819,3.1638847311813914e-17
5013.415356391935,3.3731320852794906e-17
5013.938988166054,3.393414391447073e-17
5014.462619940172,3.3781112467457485e-17
5014.986251714289,3.094283646113836e-17
5015.509883488407,3.153138088144058e-17
5016.033515262525,3.289893228938843e-17
5016.557147036643,3.408449250234049e-17
5017.08077881076,3.3077803887600213e-17
5017.604410584879,3.300009472405669e-17
5018.128042358996,3.422933822869243e-17
5018.651674133114,3.474195973516406e-17
5019.175305907232,3.55574566396389e-17
5019.69893768135,3.3968368956088024e-17
5020.222569455467,3.340212610720934e-17
5020.746201229585,3.3816498829255316e-17
5021.269833003703,3.3871148422250344e-17
5021.793464777821,3.4048824028379537e-17
5022.317096551938,3.293303725526413e-17
5022.840728326056,3.216736104468208e-17
5023.364360100174,3.04954499897644e-17
5023.887991874291,3.1076384824105757e-17
5024.41162364841,3.247491150349425e-17
5024.935255422528,3.417517144444676e-17
5025.458887196645,3.377790176163624e-17
5025.982518970763,3.3095178764383175e-17
5026.506150744881,3.2654289584112194e-17
5027.029782518999,3.050468857051282e-17
5027.5534142931165,3.061566288643445e-17
5028.077046067234,2.877419734594074e-17
5028.600677841352,2.787578323772574e-17
5029.12430961547,2.882469802096843e-17
5029.647941389588,2.942530955378348e-17
5030.171573163705,3.1426468776639593e-17
5030.695204937823,2.959900128104838e-17
5031.218836711941,2.977230414919847e-17
5031.742468486059,3.076180285099418e-17
5032.266100260177,3.155080577686208e-17
5032.7897320342945,3.0352313702733235e-17
5033.313363808412,3.2041790738110004e-17
5033.83699558253,3.115721692966624e-17
5034.3606273566475,3.0878930944255414e-17
5034.884259130766,3.452994131891316e-17
5035.407890904883,3.610448619883677e-17
5035.931522679001,3.429308613564402e-17
5036.455154453119,3.4289278931337125e-17
5036.978786227237,3.4888964230952094e-17
5037.502418001354,3.369422272800978e-17
5038.0260497754725,3.545399966611716e-17
5038.54968154959,3.4996402115643833e-17
5039.073313323708,3.335776674395364e-17
5039.596945097826,3.2176783959974016e-17
5040.120576871943,3.1883707555427467e-17
5040.644208646061,3.103141655817596e-17
5041.167840420179,3.219651340329973e-17
5041.691472194297,3.233149785295017e-17
5042.215103968414,3.301479856099312e-17
5042.738735742532,3.31022228727459e-17
5043.262367516651,3.2565003790046294e-17
5043.785999290768,3.456203821282788e-17
5044.309631064886,3.4814276889659876e-17
5044.8332628390035,3.477813483149906e-17
5045.356894613122,3.55987195392754e-17
5045.880526387239,3.6097436710781435e-17
5046.404158161357,3.7302580279303656e-17
5046.927789935475,3.6140819236616634e-17
5047.451421709592,3.6738730893525646e-17
5047.97505348371,3.6879833223432184e-17
5048.498685257829,3.6879361720646636e-17
5049.022317031946,3.602546445843586e-17
5049.545948806063,3.686336716184929e-17
5050.0695805801815,3.680585184167484e-17
5050.593212354299,3.789112442137632e-17
5051.116844128417,3.725651298575173e-17
5051.640475902535,3.527994000760918e-17
5052.164107676653,3.4215104129262425e-17
5052.68773945077,3.3408207353017334e-17
5053.211371224888,3.272367964790882e-17
5053.735002999007,3.5261765210765036e-17
5054.258634773124,3.640685122035807e-17
5054.782266547241,3.41013073242531e-17
5055.30589832136,3.5345421608723954e-17
5055.829530095478,3.383743435201483e-17
5056.353161869595,3.247125928101539e-17
5056.8767936437125,3.2421356342085133e-17
5057.400425417831,3.0821756347419076e-17
5057.924057191948,3.199778737774661e-17
5058.447688966066,3.438664380671693e-17
5058.971320740185,3.4021100064818545e-17
5059.494952514302,3.385337159733374e-17
5060.018584288419,3.2385376762767546e-17
5060.542216062538,3.41465424824307e-17
5061.065847836655,3.349876636749596e-17
5061.589479610773,3.32227432885416e-17
5062.1131113848905,3.3917270194127406e-17
5062.636743159009,3.473177966202224e-17
5063.160374933126,3.3353546332016745e-17
5063.684006707244,3.182444959740272e-17
5064.207638481362,3.2158634985095824e-17
5064.73127025548,2.934654688990957e-17
5065.254902029597,3.142507792134038e-17
5065.778533803716,3.345644847538868e-17
5066.302165577834,3.198718275257953e-17
5066.82579735195,3.12942291726225e-17
5067.349429126069,3.058839911053903e-17
5067.873060900187,2.944544904987686e-17
5068.396692674304,3.008259544642503e-17
5068.920324448422,2.892511178249347e-17
5069.44395622254,3.0307775313279974e-17
5069.967587996658,3.0683022370796495e-17
5070.491219770775,3.10408934452405e-17
5071.014851544894,3.027887129552062e-17
5071.538483319011,2.9234366227361065e-17
5072.062115093129,2.838792351517414e-17
5072.585746867247,2.869400666247363e-17
5073.109378641365,3.2398332930531875e-17
5073.633010415482,3.3311443003178674e-17
5074.1566421896,3.491490476040946e-17
5074.680273963718,3.406849905352459e-17
5075.203905737836,3.234421085187372e-17
5075.727537511953,3.1770140087011804e-17
5076.251169286071,3.2130100586632824e-17
5076.774801060189,3.2467251960734003e-17
5077.298432834306,3.303981615239035e-17
5077.822064608425,3.386975419692526e-17
5078.345696382543,3.3491446419522136e-17
5078.86932815666,3.25513560592324e-17
5079.392959930778,3.1273911147622555e-17
5079.916591704896,3.179753607919111e-17
5080.440223479014,3.3822231710957625e-17
5080.963855253131,3.458054749139903e-17
5081.487487027249,3.486246529317955e-17
5082.011118801367,3.3836016111513935e-17
5082.534750575485,3.462494031675382e-17
5083.058382349603,3.5315483079485715e-17
5083.58201412372,3.477447313586237e-17
5084.105645897838,3.5108853521672286e-17
5084.629277671956,3.5720349206823424e-17
5085.152909446074,3.323131557097666e-17
5085.676541220192,3.322957086566372e-17
5086.2001729943095,3.343011685690591e-17
5086.723804768427,3.284899874388784e-17
5087.247436542545,3.4327697889829104e-17
5087.771068316662,3.377580208942897e-17
5088.294700090781,3.3121256826037084e-17
5088.818331864898,3.3296770828490617e-17
5089.341963639016,3.2070284588489495e-17
5089.865595413134,3.1593814880195247e-17
5090.389227187252,3.2563609692056334e-17
5090.912858961369,3.144341864567209e-17
5091.4364907354875,3.058316656399025e-17
5091.960122509605,3.151136418853989e-17
5092.483754283723,3.18260723121304e-17
5093.007386057841,3.1604624957458504e-17
5093.531017831958,3.1918717207167343e-17
5094.054649606076,3.415462258470388e-17
5094.578281380194,3.188775749472254e-17
5095.101913154312,3.131687719567482e-17
5095.62554492843,3.1816844786486747e-17
5096.149176702547,3.256692752312992e-17
5096.6728084766655,3.1750460589153854e-17
5097.196440250783,3.2241043463505365e-17
5097.720072024901,3.1177933889519004e-17
5098.2437037990185,3.098258701897131e-17
5098.767335573137,3.060678861413954e-17
5099.290967347254,3.0793534681384056e-17
5099.814599121372,3.072650307910172e-17
5100.33823089549,3.13477506786305e-17
5100.861862669607,3.223580675208351e-17
5101.385494443725,3.323792980570498e-17
5101.909126217844,3.3741867098178664e-17
5102.432757991961,3.225736671009879e-17
5102.956389766079,2.944039946183867e-17
5103.4800215401965,3.073644206351328e-17
5104.003653314314,3.3507712538863454e-17
5104.527285088432,3.291222630237754e-17
5105.05091686255,3.271879690699547e-17
5105.574548636668,3.5496446015835394e-17
5106.098180410785,3.44042570669711e-17
5106.621812184903,3.350675778463112e-17
5107.145443959022,3.2660414657931795e-17
5107.669075733139,3.2974104126727955e-17
5108.192707507256,3.4681464214231933e-17
5108.7163392813745,3.337969665648234e-17
5109.239971055493,3.4243994091093815e-17
5109.76360282961,3.252563497370531e-17
5110.287234603728,3.363808048320281e-17
5110.810866377846,3.1792148706858703e-17
5111.334498151963,3.169065570491645e-17
5111.858129926081,3.12798825854057e-17
5112.3817617002,3.003825064542355e-17
5112.905393474317,3.0838192740644045e-17
5113.429025248434,3.12354741570824e-17
5113.952657022553,3.0426556894950526e-17
5114.47628879667,3.043762165117464e-17
5114.999920570788,2.988372474773223e-17
5115.5235523449055,2.7349393418857872e-17
5116.047184119024,2.6248981328811694e-17
5116.570815893141,3.055370870551808e-17
5117.094447667259,3.1104037810875473e-17
5117.618079441377,3.1021658672794584e-17
5118.141711215495,3.0635164769858415e-17
5118.665342989612,3.048522921248815e-17
5119.188974763731,3.008815862426166e-17
5119.712606537849,2.7665290629030536e-17
5120.236238311965,2.8388073685461883e-17
5120.759870086084,2.8486064551726026e-17
5121.283501860202,2.924504478363914e-17
5121.807133634319,2.946048042863287e-17
5122.330765408437,3.150792085637296e-17
5122.854397182555,3.12196178283141e-17
5123.378028956673,3.114822372798716e-17
5123.90166073079,3.176361374323427e-17
5124.425292504908,3.198005514793909e-17
5124.948924279026,3.172050386664808e-17
5125.472556053144,3.2174064687706875e-17
5125.9961878272625,3.244063387978765e-17
5126.51981960138,3.2319641752069873e-17
5127.043451375497,3.288205744763273e-17
5127.567083149615,3.458176713004589e-17
5128.090714923733,3.439168375382285e-17
5128.61434669785,3.3479591573373785e-17
5129.137978471968,3.150627379795772e-17
5129.661610246086,2.836395639041037e-17
5130.185242020205,3.0427045646436e-17
5130.708873794321,3.2040919168915315e-17
5131.23250556844,3.24962211193496e-17
5131.756137342558,3.126563305056576e-17
5132.279769116675,3.205615304066436e-17
5132.8034008907935,3.434178632971611e-17
5133.327032664911,3.3222691412465746e-17
5133.850664439028,3.1709567793597894e-17
5134.374296213146,3.1040905840093876e-17
5134.897927987264,2.9666093169313896e-17
5135.421559761382,2.970591945770916e-17
5135.9451915355,3.0062281311399384e-17
5136.468823309617,3.261183698210832e-17
5136.992455083736,3.3135478476048016e-17
5137.516086857853,3.406466906201499e-17
5138.0397186319715,3.149189804494984e-17
5138.563350406089,3.138060793487699e-17
5139.086982180206,2.895971190638401e-17
5139.610613954324,3.0645891537575955e-17
5140.134245728442,3.067995324329784e-17
5140.657877502561,3.043506323283431e-17
5141.181509276677,3.225646458933562e-17
5141.705141050796,3.126904883559746e-17
5142.228772824914,3.253857736460124e-17
5142.752404599031,3.1724269324090476e-17
5143.276036373149,2.9326008687921994e-17
5143.799668147267,3.051088235030101e-17
5144.323299921384,2.977616546431082e-17
5144.8469316955025,3.018944399423615e-17
5145.37056346962,3.118151699851505e-17
5145.894195243737,3.0113066135247264e-17
5146.417827017856,2.871621855403926e-17
5146.941458791973,3.1325153425959445e-17
5147.465090566092,3.334981655149771e-17
5147.988722340209,3.5220795413209786e-17
5148.512354114327,3.566486498766263e-17
5149.035985888445,3.473117305868407e-17
5149.559617662562,3.430949988280598e-17
5150.0832494366805,3.411204227000483e-17
5150.606881210798,3.4891605613042285e-17
5151.130512984915,3.3311621695746246e-17
5151.654144759033,3.3369674364562684e-17
5152.177776533152,3.268343173090311e-17
5152.70140830727,3.331565547852313e-17
5153.225040081387,3.2031392011813233e-17
5153.748671855505,3.044254628435859e-17
5154.272303629623,2.9354336476789536e-17
5154.79593540374,2.978367510598996e-17
5155.3195671778585,2.9530851014745645e-17
5155.843198951976,2.989752341456443e-17
5156.366830726093,2.870037195328375e-17
5156.890462500212,2.9856792674747554e-17
5157.414094274329,2.885779919310905e-17
5157.937726048447,2.7419890308593288e-17
5158.461357822565,2.773679489162955e-17
5158.984989596683,2.4662449349322635e-17
5159.508621370801,2.3355078482708528e-17
5160.032253144918,2.5180900790790765e-17
5160.555884919036,2.6589234388088232e-17
5161.079516693154,2.2044379375380093e-17
5161.603148467271,2.2716054771060345e-17
5162.1267802413895,2.9081960422791914e-17
5162.650412015508,3.285067444775251e-17
5163.174043789624,3.305202840048567e-17
5163.697675563743,3.159967769962849e-17
5164.221307337861,3.073744716633351e-17
5164.744939111979,3.0196066658342226e-17
5165.268570886096,3.291345382338641e-17
5165.792202660214,3.507279243625763e-17
5166.315834434332,3.627577423199257e-17
5166.839466208449,3.615781326858595e-17
5167.363097982568,3.774663331382426e-17
5167.886729756685,3.5279357278076136e-17
5168.410361530803,3.477762792567927e-17
5168.933993304921,3.4476317511803003e-17
5169.457625079039,3.487539698650026e-17
5169.981256853156,3.395154076979038e-17
5170.504888627274,3.415892162143156e-17
5171.028520401392,3.258131906414557e-17
5171.55215217551,3.4721823017055113e-17
5172.075783949627,3.337305267905673e-17
5172.599415723745,3.278075200081497e-17
5173.123047497864,3.2470660482047544e-17
5173.64667927198,3.217728072723721e-17
5174.170311046099,3.1642299667594815e-17
5174.693942820217,3.2185070861682614e-17
5175.217574594334,2.9696705279451556e-17
5175.741206368452,2.6235280457040113e-17
5176.26483814257,2.824739577123634e-17
5176.788469916688,3.2187239354430843e-17
5177.312101690805,3.367311002385706e-17
5177.835733464923,3.163519543209986e-17
5178.359365239041,3.171924951098404e-17
5178.882997013159,3.1285666605985295e-17
5179.406628787277,3.130279638531449e-17
5179.930260561395,3.017747996382288e-17
5180.453892335512,2.919642719700998e-17
5180.97752410963,2.7314696903170906e-17
5181.501155883748,3.0120831243994015e-17
5182.024787657866,3.080023427144369e-17
5182.548419431983,3.158074595113501e-17
5183.072051206101,3.079187554807406e-17
5183.59568298022,2.898799740645507e-17
5184.119314754336,2.928228112442277e-17
5184.642946528455,2.996804172081104e-17
5185.166578302573,2.868635853568927e-17
5185.69021007669,2.918380744378836e-17
5186.213841850808,3.1641812422108794e-17
5186.737473624926,3.163315574502459e-17
5187.261105399043,2.931088791110925e-17
5187.784737173161,2.934242842285479e-17
5188.308368947279,3.16822546925932e-17
5188.832000721397,3.0711007858769343e-17
5189.355632495515,3.125682313644955e-17
5189.879264269632,2.912834061462286e-17
5190.402896043751,3.142289473916736e-17
5190.926527817868,3.0931831320743186e-17
5191.450159591986,3.260123036881391e-17
5191.973791366104,3.2780957719137677e-17
5192.497423140221,3.000485806297006e-17
5193.021054914339,2.9146985322179394e-17
5193.544686688457,3.262135994421715e-17
5194.068318462576,3.291090053077831e-17
5194.591950236692,3.08740545434787e-17
5195.115582010811,3.0376054863613914e-17
5195.639213784929,3.0237052267980785e-17
5196.162845559046,2.9595817127917297e-17
5196.6864773331645,2.7434987394553522e-17
5197.210109107282,2.7728770513370268e-17
5197.733740881399,2.7891450514591255e-17
5198.257372655517,2.7249516562901416e-17
5198.781004429635,2.7923563203645857e-17
5199.304636203752,3.0658710309998405e-17
5199.828267977871,3.2985012116204014e-17
5200.351899751988,3.2608426367820605e-17
5200.875531526107,3.1131867048403715e-17
5201.399163300224,3.350704696388273e-17
5201.922795074342,3.600931737692947e-17
5202.44642684846,3.357439230258808e-17
5202.970058622577,3.295763051035439e-17
5203.4936903966955,3.002544131931217e-17
5204.017322170813,3.0603303256091405e-17
5204.54095394493,3.220225360581837e-17
5205.064585719048,3.1827607054855785e-17
5205.588217493167,3.3270139821641355e-17
5206.111849267285,3.428757729070963e-17
5206.635481041402,3.398881762610295e-17
5207.15911281552,3.3801179667291386e-17
5207.682744589638,3.35212219037742e-17
5208.206376363755,3.203121755070627e-17
5208.7300081378735,3.3236282294907575e-17
5209.253639911991,3.426959543328123e-17
5209.777271686108,3.624433243103519e-17
5210.300903460227,3.615845926798611e-17
5210.824535234344,3.626490946115526e-17
5211.348167008462,3.5713033485848435e-17
5211.87179878258,3.454353504871274e-17
5212.395430556698,3.375927987021222e-17
5212.919062330816,3.352868658548297e-17
5213.442694104933,3.262331351719527e-17
5213.966325879051,3.261329297664821e-17
5214.489957653169,3.313272298435797e-17
5215.013589427286,3.367852359914048e-17
5215.5372212014045,3.3619337912153095e-17
5216.060852975523,3.214769829965736e-17
5216.584484749639,3.262230191539036e-17
5217.108116523758,3.028620419603937e-17
5217.631748297876,3.0284504115213324e-17
5218.155380071994,3.0417508173121805e-17
5218.679011846111,2.928757306584264e-17
5219.202643620229,2.871796327868858e-17
5219.726275394347,3.0995334958226413e-17
5220.249907168464,3.296177247202513e-17
5220.773538942583,3.3386704747571105e-17
5221.2971707167,3.3605892021826415e-17
5221.820802490818,3.243031602896646e-17
5222.344434264936,3.2801682031476647e-17
5222.868066039054,3.296099652823574e-17
5223.391697813172,3.313711870713245e-17
5223.915329587289,3.520419698584094e-17
5224.438961361407,3.3687464091181435e-17
5224.962593135525,3.249594732241675e-17
5225.486224909642,3.219284504356938e-17
5226.00985668376,3.3322575071586714e-17
5226.533488457879,2.9558153243150255e-17
5227.057120231995,3.0299465031347013e-17
5227.580752006114,3.303050312999776e-17
5228.104383780232,3.4699494480650644e-17
5228.628015554349,3.71677708978057e-17
5229.151647328467,3.5070143874301436e-17
5229.675279102585,3.361822792618907e-17
5230.198910876703,3.4918405110808185e-17
5230.72254265082,3.5849767237672045e-17
5231.246174424938,3.7045228944597806e-17
5231.769806199056,3.579346011709078e-17
5232.293437973174,3.6736876517565924e-17
5232.817069747292,3.8349091354526005e-17
5233.34070152141,3.702799488176843e-17
5233.864333295527,3.6039674510970604e-17
5234.387965069645,3.5424694986304225e-17
5234.911596843763,3.519607834839795e-17
5235.435228617881,3.4144280527601493e-17
5235.958860391998,3.478440456435057e-17
5236.482492166116,3.504543870235857e-17
5237.006123940235,3.526413541297114e-17
5237.529755714351,3.433694395262975e-17
5238.05338748847,3.279664381639272e-17
5238.577019262588,3.111017727125743e-17
5239.100651036705,2.999509138595137e-17
5239.624282810823,3.011348149782143e-17
5240.147914584941,3.269848867759249e-17
5240.671546359058,3.4306395549243566e-17
5241.195178133176,3.303767515871987e-17
5241.718809907294,3.0740044441345605e-17
5242.242441681412,3.0307060006229473e-17
5242.76607345553,3.110836351916031e-17
5243.289705229647,3.258127568376872e-17
5243.813337003766,3.365886126281317e-17
5244.336968777883,3.3332678506060976e-17
5244.860600552001,3.400837843319726e-17
5245.384232326119,3.505285836009231e-17
5245.907864100236,3.5694052337516777e-17
5246.431495874354,3.5583803350595905e-17
5246.955127648472,3.292200482849684e-17
5247.478759422591,3.188634717230844e-17
5248.002391196707,3.416541806199526e-17
5248.526022970826,3.5245707589972775e-17
5249.049654744944,3.523817159348232e-17
5249.573286519061,3.5164052510307397e-17
5250.096918293179,3.496384130498745e-17
5250.620550067297,3.4795944636121406e-17
5251.144181841414,3.323950100661518e-17
5251.667813615532,3.2718890964159605e-17
5252.19144538965,3.166736351597867e-17
5252.715077163768,3.085340010379174e-17
5253.238708937886,3.061193020408505e-17
5253.762340712003,3.007337594581733e-17
5254.285972486122,2.932594618723367e-17
5254.809604260239,3.1041633038737964e-17
5255.333236034357,3.226910908184214e-17
5255.856867808475,3.0567987423800605e-17
5256.380499582592,2.7408946862909693e-17
5256.90413135671,2.594969888581121e-17
5257.427763130828,2.7226122986410848e-17
5257.951394904945,2.98396403631453e-17
5258.475026679063,3.1035612489574293e-17
5258.998658453182,3.281416914493238e-17
5259.5222902273,3.2760808822855665e-17
5260.045922001417,3.230221537287491e-17
5260.569553775535,3.0620487494362095e-17
5261.093185549653,2.9369865173868737e-17
5261.61681732377,2.757086531090581e-17
5262.140449097888,2.654566403088672e-17
5262.664080872006,2.7520161625878327e-17
5263.187712646123,3.035475993028525e-17
5263.711344420242,3.189900597508572e-17
5264.234976194359,3.3449944157541275e-17
5264.758607968478,3.311640044669574e-17
5265.282239742595,3.2157902038372715e-17
5265.805871516713,3.216488676248701e-17
5266.329503290831,3.31151655610244e-17
5266.853135064948,3.363367755565494e-17
5267.376766839066,3.31636538023907e-17
5267.900398613184,3.1263874284034416e-17
5268.424030387301,3.153142494163312e-17
5268.947662161419,3.317148198008695e-17
5269.471293935538,3.488090705377019e-17
5269.994925709654,3.563606805135095e-17
5270.518557483773,3.457320135436344e-17
5271.042189257891,3.3462495553654883e-17
5271.565821032009,3.3263423184201346e-17
5272.089452806126,3.2906897097604646e-17
5272.613084580244,3.4513433827695185e-17
5273.136716354362,3.5478453244674175e-17
5273.660348128479,3.6085424305027713e-17
5274.183979902598,3.6026467635047186e-17
5274.707611676715,3.565688638995053e-17
5275.231243450833,3.551316285899629e-17
5275.754875224951,3.573594401911873e-17
5276.278506999069,3.4914478985963314e-17
5276.802138773187,3.4993164523923263e-17
5277.325770547304,3.639046087895967e-17
5277.849402321422,3.814290442940717e-17
5278.37303409554,3.932095815074216e-17
5278.896665869657,3.87087719862176e-17
5279.4202976437755,3.714012330420776e-17
5279.943929417894,3.6844823252175895e-17
5280.46756119201,3.698431491678611e-17
5280.991192966129,3.631911076082817e-17
5281.514824740247,3.6152206297158564e-17
5282.038456514364,3.533579700501942e-17
5282.562088288482,3.537774061145418e-17
5283.0857200626,3.507196205386217e-17
5283.609351836718,3.459772994294868e-17
5284.132983610835,3.424892217319937e-17
5284.656615384953,3.2906441178103465e-17
5285.180247159071,3.280188511894554e-17
5285.703878933189,3.358041798853655e-17
5286.227510707307,3.4944506526779007e-17
5286.751142481425,3.578541226088035e-17
5287.274774255542,3.5951869802347356e-17
5287.79840602966,3.6203833952525655e-17
5288.322037803778,3.5163875288116266e-17
5288.845669577896,3.3791636029424036e-17
5289.369301352013,3.354539772584829e-17
5289.892933126131,3.4015602511772583e-17
5290.41656490025,3.4522693896460156e-17
5290.940196674366,3.5434349329011736e-17
5291.463828448485,3.6509946873622776e-17
5291.987460222603,3.656517693131075e-17
5292.51109199672,3.712104853010447e-17
5293.034723770838,3.69931262967131e-17
5293.558355544956,3.5180377902418285e-17
5294.081987319073,3.297406442213889e-17
5294.605619093191,3.197224368420929e-17
5295.129250867309,3.390801377892127e-17
5295.652882641427,3.525952650169755e-17
5296.176514415545,3.61248460743495e-17
5296.700146189662,3.7346338843137207e-17
5297.223777963781,3.799340673542023e-17
5297.747409737898,3.7013656006686236e-17
5298.271041512016,3.5173167020260764e-17
5298.794673286134,3.611143945397647e-17
5299.318305060251,3.630326316583638e-17
5299.841936834369,3.52245975960427e-17
5300.365568608487,3.578452070405669e-17
5300.889200382606,3.6696579084403786e-17
5301.412832156722,3.676469717276672e-17
5301.936463930841,3.6882863573898374e-17
5302.460095704959,3.613682069195522e-17
5302.983727479076,3.463571546988664e-17
5303.507359253194,3.497584011648019e-17
5304.030991027312,3.5469403712713894e-17
5304.554622801429,3.503722472911374e-17
5305.078254575547,3.5288912602472694e-17
5305.601886349665,3.4094473432399076e-17
5306.125518123783,3.3280412236894003e-17
5306.649149897901,3.422958353755562e-17
5307.172781672018,3.4872540953599953e-17
5307.696413446137,3.588337361331286e-17
5308.220045220254,3.3149306616073407e-17
5308.743676994372,2.9575004943955905e-17
5309.26730876849,3.285269047912148e-17
5309.790940542607,3.6870688788061745e-17
5310.314572316725,3.46253224451191e-17
5310.838204090843,3.317114234107606e-17
5311.36183586496,3.499245558022712e-17
5311.885467639078,3.424293749911358e-17
5312.409099413197,3.465025423940197e-17
5312.932731187315,3.5502111779314894e-17
5313.456362961432,3.573155588947038e-17
5313.97999473555,3.480213719647392e-17
5314.503626509668,3.3755897543206483e-17
5315.027258283785,3.3250265512245676e-17
5315.550890057903,3.169836356553761e-17
5316.074521832021,3.134659199889207e-17
5316.598153606138,3.1749494316839717e-17
5317.121785380257,3.2095675560605946e-17
5317.645417154374,3.2623658038721594e-17
5318.169048928493,3.484327094450106e-17
5318.69268070261,3.535733635181676e-17
5319.216312476728,3.393068874216595e-17
5319.739944250846,3.364058438257692e-17
5320.263576024963,3.047295361300789e-17
5320.787207799081,2.9990038801551346e-17
5321.310839573199,3.360216027010095e-17
5321.834471347316,3.6664452527104275e-17
5322.358103121434,3.6496732595327226e-17
5322.881734895553,3.6301195989379505e-17
5323.405366669669,3.64799786833177e-17
5323.928998443788,3.6278882516049503e-17
5324.452630217906,3.619877558373136e-17
5324.976261992024,3.478165753915305e-17
5325.499893766141,3.4396838109219594e-17
5326.023525540259,3.4497873574893384e-17
5326.547157314377,3.347912779263029e-17
5327.070789088494,3.1471523007439486e-17
5327.594420862613,3.150627717934737e-17
5328.11805263673,3.3800054622492356e-17
5328.641684410848,3.329307562491753e-17
5329.165316184966,3.255270919000799e-17
5329.688947959084,3.416371197419343e-17
5330.212579733202,3.5508385089085203e-17
5330.736211507319,3.627114074322382e-17
5331.259843281437,3.7341222274349397e-17
5331.783475055555,3.5424070131963455e-17
5332.307106829672,3.4328701418732036e-17
5332.83073860379,3.479059842102127e-17
5333.354370377909,3.3661079188964126e-17
5333.878002152025,3.605716403286299e-17
5334.401633926144,3.678625416702101e-17
5334.925265700262,3.687263744703712e-17
5335.44889747438,3.758768427083191e-17
5335.972529248497,3.665754121881269e-17
5336.496161022615,3.606151122701696e-17
5337.019792796733,3.618058702329789e-17
5337.54342457085,3.524439343936028e-17
5338.067056344968,3.4474771016115104e-17
5338.590688119086,3.567737230631298e-17
5339.114319893204,3.729184299839102e-17
5339.637951667322,3.732478649849379e-17
5340.16158344144,3.593053351197598e-17
5340.685215215557,3.6622966272743735e-17
5341.208846989675,3.7406022602586155e-17
5341.732478763793,3.727622918428999e-17
5342.256110537911,3.693369479895205e-17
5342.779742312028,3.88211728630814e-17
5343.303374086146,3.982495264243252e-17
5343.827005860265,3.931465498799727e-17
5344.350637634381,3.742611125468725e-17
5344.8742694085,3.919841330186703e-17
5345.397901182618,3.7702310081932805e-17
5345.921532956735,3.920406814850286e-17
5346.445164730853,4.1187017758864254e-17
5346.968796504971,4.2098899028789475e-17
5347.492428279089,4.073615536865263e-17
5348.016060053206,3.979401874125066e-17
5348.539691827324,3.9475689518160384e-17
5349.063323601442,3.649531455450001e-17
5349.58695537556,3.601709553108751e-17
5350.110587149677,3.860135115296579e-17
5350.634218923796,3.893029776730435e-17
5351.157850697913,3.832228685308111e-17
5351.681482472031,3.744010720134237e-17
5352.205114246149,3.677650415499077e-17
5352.728746020266,3.6941727024229704e-17
5353.252377794384,3.566943313816415e-17
5353.776009568502,3.471847791001277e-17
5354.299641342621,3.568723318316404e-17
5354.823273116737,3.507714518379824e-17
5355.3469048908555,3.524257011916478e-17
5355.870536664974,3.643169212757137e-17
5356.394168439091,3.6364128958033113e-17
5356.917800213209,3.46247920604235e-17
5357.441431987327,3.42114812429234e-17
5357.965063761444,3.491655014951309e-17
5358.488695535562,3.533403781520282e-17
5359.01232730968,3.6183837633195204e-17
5359.535959083798,3.602941227991769e-17
5360.059590857916,3.4674501077161076e-17
5360.583222632033,3.626776396075305e-17
5361.106854406152,3.704649990474877e-17
5361.630486180269,3.642301770042995e-17
5362.154117954387,3.512689355621037e-17
5362.677749728505,3.585613721853028e-17
5363.201381502622,3.565537500423661e-17
5363.72501327674,3.546454786578219e-17
5364.248645050858,3.5831178271494334e-17
5364.772276824977,3.971902662095962e-17
5365.295908599093,4.029331697961067e-17
5365.819540373212,4.032742842082761e-17
5366.34317214733,4.124231163492848e-17
5366.866803921447,4.004827799520406e-17
5367.3904356955645,3.921102507507301e-17
5367.914067469683,3.8392752466627736e-17
5368.4376992438,3.738752530901116e-17
5368.961331017918,3.7450289331386956e-17
5369.484962792036,3.708357407355445e-17
5370.008594566153,3.6273069211244424e-17
5370.532226340272,3.6037474007238834e-17
5371.055858114389,3.5665579857923343e-17
5371.579489888508,3.682817831920663e-17
5372.103121662625,3.537130248099352e-17
5372.626753436743,3.47243112330009e-17
5373.150385210861,3.446001361205154e-17
5373.674016984978,3.6816472629700085e-17
5374.197648759096,3.6753001097152383e-17
5374.721280533214,3.663167447502727e-17
5375.244912307331,3.7362693157817914e-17
5375.768544081449,3.7765595896310934e-17
5376.292175855568,3.833948140692619e-17
5376.815807629684,3.8627072363242385e-17
5377.339439403803,3.848429491162477e-17
5377.863071177921,3.781472832887122e-17
5378.386702952039,3.759414415103643e-17
5378.910334726156,3.7279239848718474e-17
5379.4339665002735,3.792871294258466e-17
5379.957598274392,3.67049342902717e-17
5380.481230048509,3.532352426011871e-17
5381.004861822628,3.59401185700837e-17
5381.528493596745,3.620510163633358e-17
5382.052125370863,3.61452387391113e-17
5382.575757144981,3.6157173266072435e-17
5383.099388919099,3.665690539410329e-17
5383.623020693217,3.6235517401511127e-17
5384.146652467334,3.4399164502058724e-17
5384.670284241452,3.552502432101553e-17
5385.19391601557,3.34150656543423e-17
5385.717547789687,3.431822083667357e-17
5386.241179563805,3.6964732617504344e-17
5386.764811337924,3.581518360947626e-17
5387.28844311204,3.55298193407596e-17
5387.812074886159,3.6239136456780966e-17
5388.335706660277,3.444768356784875e-17
5388.859338434395,3.3305691885697605e-17
5389.382970208512,3.386397987907076e-17
5389.90660198263,3.555039796656621e-17
5390.430233756748,3.589599572362284e-17
5390.953865530865,3.6758930044643204e-17
5391.477497304984,3.5726561319058067e-17
5392.001129079101,3.436734643037596e-17
5392.524760853219,3.3291507298825956e-17
5393.048392627337,3.296104711353662e-17
5393.572024401455,3.41334642185668e-17
5394.095656175572,3.476986837890122e-17
5394.61928794969,3.366406812428256e-17
5395.142919723808,3.285140189007188e-17
5395.666551497926,3.296445243836351e-17
5396.190183272043,3.2613574492902484e-17
5396.713815046161,3.224529632885635e-17
5397.23744682028,3.320671544306518e-17
5397.761078594396,3.1383043298787745e-17
5398.284710368515,3.314708787072614e-17
5398.808342142633,3.576673725773893e-17
5399.33197391675,3.515488113559496e-17
5399.855605690868,3.418261720925791e-17
5400.379237464986,3.5966698502638733e-17
5400.902869239104,3.4805536481819844e-17
5401.426501013221,3.398321849562574e-17
5401.950132787339,3.272649146369079e-17
5402.473764561457,3.419788450087138e-17
5402.997396335575,3.5873655734530236e-17
5403.521028109693,3.7000456811195366e-17
5404.044659883811,3.759479385385791e-17
5404.568291657928,3.785174738502048e-17
5405.091923432046,3.684202142463319e-17
5405.615555206164,3.5735425424336564e-17
5406.139186980281,3.4862097646996716e-17
5406.662818754399,3.5164001630337436e-17
5407.186450528517,3.464169938930979e-17
5407.710082302636,3.5696421930731645e-17
5408.233714076752,3.6613464536831256e-17
5408.7573458508705,3.632186033112323e-17
5409.280977624989,3.626255672164951e-17
5409.804609399106,3.680291492184972e-17
5410.328241173224,3.6030566607917286e-17
5410.851872947342,3.517749118519973e-17
5411.375504721459,3.489819097026472e-17
5411.899136495577,3.64281908214305e-17
5412.422768269695,3.574219308598224e-17
5412.946400043813,3.50166466417789e-17
5413.470031817931,3.6199192825425725e-17
5413.993663592048,3.7630150682531156e-17
5414.517295366167,3.723511882008051e-17
5415.040927140284,3.692744476080888e-17
5415.564558914402,3.5803269146545704e-17
5416.08819068852,3.4396056812907584e-17
5416.611822462637,3.542304838358244e-17
5417.135454236755,3.474624625023114e-17
5417.659086010873,3.5322510544945136e-17
5418.182717784992,3.645896326073211e-17
5418.706349559108,3.529434895291011e-17
5419.2299813332265,3.54843784847045e-17
5419.753613107345,3.494428857302011e-17
5420.277244881462,3.371146289920588e-17
5420.8008766555795,3.364857598784266e-17
5421.324508429698,3.1783538956598825e-17
5421.848140203815,3.103807568428958e-17
5422.371771977933,3.288069527797039e-17
5422.895403752051,3.40295785190871e-17
5423.419035526168,3.426718057886821e-17
5423.942667300287,3.527692480663905e-17
5424.466299074404,3.583754824424143e-17
5424.989930848523,3.4517007568958924e-17
5425.51356262264,3.7011085673019884e-17
5426.0371943967575,3.744394810177549e-17
5426.560826170876,3.614301620942066e-17
5427.084457944993,3.701699647609299e-17
5427.608089719111,3.832822637379334e-17
5428.131721493229,3.9098296422110093e-17
5428.655353267346,3.9940834047960646e-17
5429.178985041464,4.002414076171004e-17
5429.702616815583,4.0227145879348753e-17
5430.226248589701,4.027596966221942e-17
5430.749880363818,4.000817637093324e-17
5431.2735121379355,3.9353768154774495e-17
5431.797143912054,3.906298078091125e-17
5432.320775686171,3.767999893328883e-17
5432.8444074602885,3.7024866371036686e-17
5433.368039234407,3.7099211729700285e-17
5433.891671008524,3.6819267091579977e-17
5434.415302782643,3.669091483887468e-17
5434.93893455676,3.79052436190021e-17
5435.462566330878,3.8025320200936286e-17
5435.986198104996,3.7372216973135954e-17
5436.509829879114,3.8241782294890174e-17
5437.033461653232,3.721717212700823e-17
5437.557093427349,3.6412026614260167e-17
5438.0807252014665,3.663843970512628e-17
5438.604356975585,3.4446082330630227e-17
5439.127988749702,3.48751296241554e-17
5439.65162052382,3.742592768061988e-17
5440.175252297939,3.921539413646421e-17
5440.698884072055,3.9292187128886335e-17
5441.222515846174,3.738768176553746e-17
5441.746147620292,3.6689268125047696e-17
5442.26977939441,3.676792910425194e-17
5442.793411168527,3.6799085208739276e-17
5443.317042942645,3.666296116196962e-17
5443.840674716763,3.803664000135241e-17
5444.36430649088,3.90028286544647e-17
5444.887938264999,3.920346518297521e-17
5445.411570039116,3.890261732063032e-17
5445.935201813234,3.7313718425757995e-17
5446.458833587352,3.646979588197726e-17
5446.98246536147,3.619235402054746e-17
5447.506097135588,3.446716727755075e-17
5448.029728909705,3.526324010865487e-17
5448.553360683823,3.848055352028073e-17
5449.076992457941,3.866764321611623e-17
5449.600624232058,3.758850624182723e-17
5450.1242560061755,3.7902779417820746e-17
5450.647887780295,3.8654727860072604e-17
5451.171519554411,3.8791512071510875e-17
5451.69515132853,3.8796626318141787e-17
5452.218783102648,3.860481521919422e-17
5452.742414876765,3.8439586581234617e-17
5453.266046650883,3.831259625435651e-17
5453.789678425001,3.836695512966632e-17
5454.313310199119,3.80430048182406e-17
5454.836941973236,3.837653706579251e-17
5455.360573747354,3.9249327999529295e-17
5455.884205521472,3.881410194621137e-17
5456.40783729559,3.807932134980596e-17
5456.931469069708,3.909222485416547e-17
5457.455100843826,3.9882405807594434e-17
5457.978732617943,3.962324698915471e-17
5458.502364392061,3.952748457620847e-17
5459.025996166179,0.0
5459.549627940297,0.0
5460.073259714414,0.0
5460.596891488532,0.0
5461.120523262651,0.0
5461.644155036767,0.0
5462.167786810885,0.0
5462.691418585004,0.0
5463.215050359121,0.0
5463.738682133239,0.0
5464.262313907357,0.0
5464.785945681474,0.0
5465.309577455592,0.0
5465.83320922971,0.0
5466.356841003828,0.0
5466.880472777946,0.0
5467.404104552063,0.0
5467.927736326182,0.0
5468.451368100299,0.0
5468.974999874417,0.0
5469.498631648535,0.0
5470.022263422652,0.0
5470.54589519677,0.0
5471.069526970888,0.0
5471.593158745007,0.0
5472.116790519123,0.0
5472.6404222932415,0.0
5473.16405406736,0.0
5473.687685841477,0.0
5474.211317615595,0.0
5474.734949389713,0.0
5475.25858116383,0.0
5475.782212937948,0.0
5476.305844712066,0.0
5476.829476486183,0.0
5477.353108260302,0.0
5477.876740034419,0.0
5478.400371808538,3.807050829300512e-17
5478.924003582655,3.815423342193302e-17
5479.4476353567725,3.6798325990670736e-17
5479.971267130891,3.6354119528670554e-17
5480.494898905008,3.821568977083569e-17
5481.018530679126,3.7168486748822114e-17
5481.542162453244,3.7583824146545704e-17
5482.065794227361,3.7390098803222753e-17
5482.589426001479,3.649936543250021e-17
5483.113057775598,3.5834246194477e-17
5483.636689549716,3.5928664606575646e-17
5484.160321323833,3.70253724194329e-17
5484.6839530979505,3.647371871612158e-17
5485.207584872069,3.6637882619747867e-17
5485.731216646186,3.6220718374519034e-17
5486.254848420304,3.740064815237971e-17
5486.778480194422,3.8998899456507315e-17
5487.302111968539,3.798563428005368e-17
5487.825743742658,3.708430383951955e-17
5488.349375516775,3.691511953608607e-17
5488.873007290893,3.485076451716527e-17
5489.396639065011,3.349240554603772e-17
5489.9202708391285,3.4789452413509895e-17
5490.443902613247,3.714539245690464e-17
5490.967534387364,3.924247720320033e-17
5491.4911661614815,3.976456742614396e-17
5492.0147979356,3.817054627293926e-17
5492.538429709717,3.690058924941858e-17
5493.062061483835,3.5506606768692695e-17
5493.585693257954,3.396663289147149e-17
5494.10932503207,3.518606790535482e-17
5494.632956806189,3.650235817320249e-17
5495.156588580307,3.724805553755922e-17
5495.680220354425,3.7664487551124397e-17
5496.203852128542,3.822085623201235e-17
5496.7274839026595,3.8226298306766324e-17
5497.251115676778,3.648992956708932e-17
5497.774747450895,3.584955233045798e-17
5498.298379225014,3.4699374890371584e-17
5498.822010999131,3.333855880425847e-17
5499.345642773249,3.496621488523979e-17
5499.869274547367,3.6122468757134866e-17
5500.392906321485,3.5310123411473855e-17
5500.916538095603,3.39317642497081e-17
5501.44016986972,3.399089699407827e-17
5501.9638016438375,3.5078264542120484e-17
5502.487433417956,3.8105925698092386e-17
5503.011065192073,3.7652811792816925e-17
5503.534696966191,3.9119849588116145e-17
5504.05832874031,3.851829933109445e-17
5504.581960514426,3.90808655957196e-17
5505.105592288545,3.9298405498272814e-17
5505.629224062663,3.9641269592673454e-17
5506.15285583678,4.12992821600933e-17
5506.676487610898,4.0802215689024796e-17
5507.200119385016,3.984129012054879e-17
5507.723751159134,4.1501335140941855e-17
5508.247382933251,4.0059796007908095e-17
5508.7710147073685,3.9665045016877005e-17
5509.294646481487,3.8269412714344834e-17
5509.818278255605,3.9687470756909164e-17
5510.341910029723,3.902922329260709e-17
5510.865541803841,3.958138492406804e-17
5511.389173577958,3.945941765163836e-17
5511.912805352076,3.769473122862507e-17
5512.436437126194,3.8401112471767564e-17
5512.960068900312,3.786526847120563e-17
5513.483700674429,3.551794224270194e-17
5514.007332448547,3.609770094926784e-17
5514.530964222666,3.6206109020993435e-17
5515.054595996782,3.570921893850859e-17
5515.578227770901,3.7179353334958966e-17
5516.101859545019,3.552618720912101e-17
5516.625491319136,3.52333620320285e-17
5517.149123093254,3.589000047754933e-17
5517.672754867372,3.5463966003106026e-17
5518.196386641489,3.3310584882588524e-17
5518.720018415607,3.35351216461235e-17
5519.243650189725,3.531611785597652e-17
5519.767281963843,3.653100544242833e-17
5520.290913737961,3.609436122766833e-17
5520.8145455120775,3.8057761235529566e-17
5521.338177286197,3.766606606927007e-17
5521.861809060314,3.759497476880031e-17
5522.385440834432,3.81561417557966e-17
5522.90907260855,3.775021577289803e-17
5523.432704382667,3.6662879744441176e-17
5523.956336156785,3.756555771079124e-17
5524.479967930903,3.805681077158578e-17
5525.003599705022,3.744341728561478e-17
5525.527231479138,3.653098461219871e-17
5526.0508632532565,3.673367948614525e-17
5526.574495027375,3.480434201284073e-17
5527.098126801492,3.70638666414776e-17
5527.62175857561,3.823324611278135e-17
5528.145390349728,3.976566502370675e-17
5528.669022123845,4.1645350299565216e-17
5529.192653897963,4.0422161795870125e-17
5529.716285672081,4.008936514407637e-17
5530.239917446199,4.003652228229016e-17
5530.763549220317,3.90410705854219e-17
5531.287180994434,3.950383023575759e-17
5531.810812768553,3.9546937211855895e-17
5532.33444454267,3.947484081062986e-17
5532.858076316787,3.86375283596848e-17
5533.381708090906,3.819527994186476e-17
5533.905339865023,3.907157189829158e-17
5534.428971639141,3.862029372327774e-17
5534.952603413259,3.884695316662922e-17
5535.476235187376,3.728963974797703e-17
5535.999866961494,3.8514790418914424e-17
5536.5234987356125,3.750467015731035e-17
5537.047130509731,3.773567434866237e-17
5537.570762283848,3.819817089777565e-17
5538.0943940579655,3.826247792536703e-17
5538.618025832084,3.951812198121471e-17
5539.141657606201,3.9499440345460306e-17
5539.665289380319,3.9130822627152835e-17
5540.188921154437,3.972762140898719e-17
5540.712552928554,3.9551978954031365e-17
5541.236184702673,3.931253880094016e-17
5541.75981647679,4.011096182959008e-17
5542.283448250909,4.006722215857084e-17
5542.807080025026,4.0194434853166296e-17
5543.3307117991435,3.93723498768109e-17
5543.854343573262,3.9183607786349723e-17
5544.377975347379,3.9234047975533054e-17
5544.901607121496,3.943223355642587e-17
5545.425238895615,4.006551374997711e-17
5545.948870669732,3.96748105363749e-17
5546.47250244385,4.0152933458364685e-17
5546.996134217969,4.0392064109849896e-17
5547.519765992085,3.9699812639958e-17
5548.043397766204,3.997355403249584e-17
5548.5670295403215,3.95704318610992e-17
5549.09066131444,3.900527072110194e-17
5549.614293088557,3.960022289278758e-17
5550.1379248626745,3.890999751795419e-17
5550.661556636793,3.909569970085078e-17
5551.18518841091,3.861987874079229e-17
5551.708820185029,3.922267747026194e-17
5552.232451959146,3.9169151086788286e-17
5552.756083733264,3.8833496351568405e-17
5553.279715507382,3.8915489561402893e-17
5553.8033472815,3.8937588027285705e-17
5554.326979055618,3.914969200243484e-17
5554.850610829735,3.838246063151011e-17
5555.3742426038525,3.721885293944171e-17
5555.897874377971,3.8326961239343146e-17
5556.421506152088,3.851832525591e-17
5556.945137926206,3.812679851961927e-17
5557.468769700325,3.8936488942694685e-17
5557.992401474441,3.8863322978060005e-17
5558.51603324856,3.80230137733615e-17
5559.039665022678,3.740454614105192e-17
5559.563296796796,3.700872208762482e-17
5560.086928570913,3.829783780687852e-17
5560.6105603450305,3.878459258124402e-17
5561.134192119149,3.853036694435433e-17
5561.657823893266,3.827625114482563e-17
5562.1814556673835,3.831564225322193e-17
5562.705087441502,3.92903771723327e-17
5563.22871921562,3.917886530458783e-17
5563.752350989738,3.787405292447365e-17
5564.275982763856,3.751712660566656e-17
5564.799614537973,3.8075924114795994e-17
5565.323246312091,3.866339723479892e-17
5565.846878086209,3.9943365467169615e-17
5566.370509860327,4.00712016542141e-17
5566.894141634444,3.9581274415314076e-17
5567.4177734085615,3.9690356230514385e-17
5567.941405182681,3.8822865978208794e-17
5568.465036956797,3.7690429502863295e-17
5568.988668730916,3.8053976764958454e-17
5569.512300505034,3.930207039279945e-17
5570.035932279151,3.9717402197002403e-17
5570.559564053269,4.039634535736221e-17
5571.083195827387,4.0359381611057684e-17
5571.606827601504,4.000953591540768e-17
5572.130459375622,4.000346800497381e-17
5572.6540911497395,3.958304657069366e-17
5573.177722923858,3.8178299121679695e-17
5573.701354697976,3.621761885460588e-17
5574.2249864720925,3.645749458938053e-17
5574.748618246212,3.658562472002672e-17
5575.272250020329,3.617558470290821e-17
5575.795881794447,3.626348299760264e-17
5576.319513568565,3.546183110441769e-17
5576.843145342682,3.600225587957501e-17
5577.3667771168,3.7348469624582183e-17
5577.890408890918,3.654600309581396e-17
5578.414040665037,3.544450190923716e-17
5578.937672439153,3.469273590167132e-17
5579.461304213271,3.614538546593482e-17
5579.98493598739,3.5816182776245745e-17
5580.508567761507,3.5247610240365226e-17
5581.032199535625,3.706235992643034e-17
5581.555831309743,3.75818857175171e-17
5582.07946308386,3.80254698087997e-17
5582.603094857978,3.879462806254697e-17
5583.126726632096,3.9675543780104096e-17
5583.650358406214,3.879362571511896e-17
5584.173990180332,3.880284344190535e-17
5584.697621954449,3.7972813642498383e-17
5585.221253728568,3.8429803618679885e-17
5585.744885502685,3.7538933294905746e-17
5586.268517276803,3.6030546626577807e-17
5586.792149050921,3.772340362958458e-17
5587.315780825038,3.8751786717907385e-17
5587.839412599156,3.845382490950154e-17
5588.363044373274,3.707107555160714e-17
5588.886676147391,3.675988786039232e-17
5589.410307921509,3.682217108733684e-17
5589.9339396956275,3.67767312492224e-17
5590.457571469746,3.7465694342744187e-17
5590.981203243863,3.9032272216424615e-17
5591.50483501798,3.862233484802354e-17
5592.028466792099,3.9386859137889387e-17
5592.552098566216,3.9378390869085605e-17
5593.075730340334,3.803251463565541e-17
5593.599362114452,3.754756531454245e-17
5594.122993888569,3.8394046552488707e-17
5594.646625662688,3.8314531547672365e-17
5595.170257436805,3.919987766229023e-17
5595.693889210924,4.052678044196468e-17
5596.217520985041,4.076021063532162e-17
5596.7411527591585,4.184050539905634e-17
5597.264784533277,4.032873965317578e-17
5597.788416307394,3.99045349807645e-17
5598.312048081511,4.0665754795166156e-17
5598.83567985563,3.98766545806484e-17
5599.359311629747,4.096781495836337e-17
5599.882943403865,4.1901440786161534e-17
5600.4065751779835,4.031108428122606e-17
5600.9302069521,3.930311316459323e-17
5601.453838726219,3.796919739634204e-17
5601.9774705003365,3.772027940922256e-17
5602.501102274455,3.810335260959418e-17
5603.024734048572,3.818565480919349e-17
5603.548365822689,3.900246461967033e-17
5604.071997596808,3.9000486864469167e-17
5604.595629370925,3.79468783038036e-17
5605.119261145044,3.8097193904130243e-17
5605.642892919161,3.7622373981739945e-17
5606.166524693279,3.708074822978455e-17
5606.690156467397,3.708628966720206e-17
5607.2137882415145,3.746777297633232e-17
5607.737420015633,3.66668442946587e-17
5608.26105178975,3.8315305520577774e-17
5608.7846835638675,4.0281949796203996e-17
5609.308315337986,4.046021398536181e-17
5609.831947112103,3.9145868486303364e-17
5610.355578886221,3.754650229675529e-17
5610.87921066034,3.8479402004783404e-17
5611.402842434456,3.7457185505240454e-17
5611.926474208575,3.729540750958847e-17
5612.450105982693,3.673127455506277e-17
5612.973737756811,3.7289550325381586e-17
5613.497369530928,3.789690958116623e-17
5614.0210013050455,3.706152637191378e-17
5614.544633079164,3.7965381909218453e-17
5615.068264853281,3.708956241644893e-17
5615.5918966274,3.8974908520689246e-17
5616.115528401517,3.812909020340553e-17
5616.639160175635,3.80418993796248e-17
5617.162791949753,4.088503920463831e-17
5617.686423723871,3.971454523698031e-17
5618.210055497988,3.966841153751265e-17
5618.733687272106,4.0940807121420335e-17
5619.2573190462235,3.94034808989076e-17
5619.780950820342,3.95630807975423e-17
5620.304582594459,4.033484382852522e-17
5620.8282143685765,4.0208996483238615e-17
5621.351846142696,4.0106166605236404e-17
5621.875477916812,4.1378973979266454e-17
5622.399109690931,4.146655337380752e-17
5622.922741465049,3.955217823867219e-17
5623.446373239166,3.950384419757049e-17
5623.970005013284,3.9961592573707973e-17
5624.493636787402,3.85453492207902e-17
5625.01726856152,3.8713066276943465e-17
5625.540900335637,3.7339617118726805e-17
5626.0645321097545,3.876379118501851e-17
5626.588163883873,3.8742187772726967e-17
5627.111795657991,3.801187708832082e-17
5627.6354274321075,3.9390966000955937e-17
5628.159059206227,3.7350681853680467e-17
5628.682690980344,3.731622674515588e-17
5629.206322754462,3.978134285472292e-17
5629.72995452858,3.828810713898668e-17
5630.253586302697,3.8947163050986576e-17
5630.777218076815,3.917895572258039e-17
5631.3008498509325,3.850032168867397e-17
5631.824481625052,3.8640596944551716e-17
5632.348113399168,3.8090220466819833e-17
5632.871745173286,3.8663809764306666e-17
5633.395376947405,3.945974295969645e-17
5633.919008721522,4.0630204114216754e-17
5634.44264049564,3.9867430598441656e-17
5634.966272269758,4.0965225110252365e-17
5635.489904043875,4.0907687499230934e-17
5636.013535817993,3.9278511130489043e-17
5636.537167592111,4.1455568244129617e-17
5637.060799366229,4.068510264480223e-17
5637.584431140347,4.066341022973084e-17
5638.1080629144635,4.0237677537107457e-17
5638.631694688583,4.12175016422999e-17
5639.1553264627,3.999670633883322e-17
5639.678958236818,4.131174842950577e-17
5640.202590010936,4.189903864556359e-17
5640.726221785053,4.0355076170814515e-17
5641.249853559171,4.099628843789914e-17
5641.773485333289,3.880263320546934e-17
5642.297117107408,4.0385875214468685e-17
5642.820748881524,3.9482696046743323e-17
5643.344380655642,3.8536561456765204e-17
5643.868012429761,3.7491183372742405e-17
5644.391644203878,3.7219708070227404e-17
5644.915275977995,3.674297674979368e-17
5645.438907752114,3.7265029124179026e-17
5645.962539526231,3.774965614502456e-17
5646.486171300349,3.793812000778721e-17
5647.009803074467,3.695536928759985e-17
5647.533434848584,3.6719309232144424e-17
5648.057066622703,3.6430745850198405e-17
5648.58069839682,3.670839715688762e-17
5649.104330170939,3.43773967059884e-17
5649.627961945056,3.173182341463556e-17
5650.151593719173,3.2856077874107574e-17
5650.675225493292,3.574732882299991e-17
5651.198857267409,3.8312562209019436e-17
5651.722489041527,3.961596004168923e-17
5652.246120815645,3.811628335712614e-17
5652.769752589762,3.75222868532879e-17
5653.29338436388,3.731160874525545e-17
5653.8170161379985,3.5349599155864414e-17
5654.340647912115,3.327465724364292e-17
5654.864279686234,3.4558781765008636e-17
5655.3879114603515,3.625825066658352e-17
5655.91154323447,3.757493177260276e-17
5656.435175008587,3.8098371278111764e-17
5656.958806782704,3.7165708232827164e-17
5657.482438556823,3.710584977128462e-17
5658.00607033094,3.8013888998711255e-17
5658.529702105059,3.710759805572922e-17
5659.053333879176,3.6762134123718974e-17
5659.576965653294,3.8132381802022736e-17
5660.100597427412,3.860948983617732e-17
5660.6242292015295,3.8300887809861305e-17
5661.147860975648,4.0144298208102774e-17
5661.671492749765,4.017878504238456e-17
5662.195124523882,4.039907757672217e-17
5662.718756298001,4.0992983236106794e-17
5663.242388072118,4.021466688589481e-17
5663.766019846236,4.089454368846695e-17
5664.289651620355,4.147702288820468e-17
5664.813283394471,4.0164607209066365e-17
5665.33691516859,3.9723703512871845e-17
5665.8605469427075,4.039587503179704e-17
5666.384178716826,4.0990464017884336e-17
5666.907810490943,3.9883447752610933e-17
5667.4314422650605,3.89028928459961e-17
5667.955074039179,3.840739376187852e-17
5668.478705813296,3.9155755375835563e-17
5669.002337587415,3.926988622819641e-17
5669.525969361532,3.8067796661869003e-17
5670.04960113565,3.7825989746409e-17
5670.573232909768,3.807456285194739e-17
5671.0968646838855,3.7662321664645457e-17
5671.620496458003,3.7263862802736134e-17
5672.144128232121,3.7416804921747897e-17
5672.6677600062385,3.70906314992397e-17
5673.191391780357,3.681328440631144e-17
5673.715023554474,3.6428759438157834e-17
5674.238655328591,3.601161302299575e-17
5674.762287102711,3.618458560818182e-17
5675.285918876827,3.615719506862027e-17
5675.809550650946,3.516799093425118e-17
5676.333182425064,3.5334784877751545e-17
5676.856814199181,3.6906191294433065e-17
5677.380445973299,3.843800244635096e-17
5677.9040777474165,3.884220202581266e-17
5678.427709521535,3.84911343048801e-17
5678.951341295652,3.88143528041186e-17
5679.4749730697695,3.838538056217281e-17
5679.998604843888,3.7301118424812293e-17
5680.522236618006,3.815674784231273e-17
5681.045868392124,4.0001734929446936e-17
5681.569500166242,3.970381655885087e-17
5682.093131940359,3.902615474136567e-17
5682.616763714477,3.955581348275441e-17
5683.140395488595,3.962493117051373e-17
5683.664027262712,3.9015735663077855e-17
5684.18765903683,3.9447529631994563e-17
5684.7112908109475,4.027611786058181e-17
5685.234922585067,3.91988406333715e-17
5685.758554359183,3.8491025852588366e-17
5686.282186133301,3.919577002463181e-17
5686.80581790742,3.8647903764445126e-17
5687.329449681537,3.808810396985647e-17
5687.853081455655,3.681802603890225e-17
5688.376713229773,3.7109492505619136e-17
5688.90034500389,3.7696806583927376e-17
5689.423976778008,3.8797158040180113e-17
5689.9476085521255,3.8846560786639413e-17
5690.471240326244,3.800953180001352e-17
5690.994872100362,3.8022000256413983e-17
5691.5185038744785,3.870300171855044e-17
5692.042135648598,3.7748040620560733e-17
5692.565767422715,3.6873493887576456e-17
5693.089399196833,3.65398821084596e-17
5693.613030970951,3.6412743535717036e-17
5694.136662745068,3.589442002941153e-17
5694.660294519186,3.630303485048315e-17
5695.183926293304,3.391360457657205e-17
5695.707558067423,6.70489007750435e-17
5696.231189841539,9.969199997641497e-17
5696.754821615657,3.4843680652473054e-17
5697.278453389776,3.5585513837665616e-17
5697.802085163893,3.483100236259019e-17
5698.325716938011,3.5188833050387334e-17
5698.849348712129,3.597442851275603e-17
5699.372980486246,3.506571705043528e-17
5699.896612260364,3.642957951218658e-17
5700.420244034482,3.7067331126070935e-17
5700.943875808599,3.754110124800277e-17
5701.467507582718,3.737538102329295e-17
5701.9911393568345,3.893275486823466e-17
5702.514771130954,3.8724789129230765e-17
5703.038402905071,3.7921669356097e-17
5703.562034679188,3.904793855244859e-17
5704.085666453307,3.8032883755913077e-17
5704.609298227424,3.9751606203600705e-17
5705.132930001542,3.966626872912857e-17
5705.65656177566,3.954192654196166e-17
5706.180193549777,4.103510395432013e-17
5706.703825323895,4.0658521479376185e-17
5707.2274570980135,4.047612865665147e-17
5707.751088872132,4.0766159028268906e-17
5708.274720646249,4.192703750596768e-17
5708.798352420366,4.186165080047293e-17
5709.321984194485,4.082434677782933e-17
5709.845615968602,3.936212795458241e-17
5710.369247742719,3.997776628249384e-17
5710.892879516838,4.1239551897265094e-17
5711.416511290955,4.162779788908037e-17
5711.940143065074,4.14058030419018e-17
5712.463774839191,4.1134353990999984e-17
5712.987406613309,4.02686335061771e-17
5713.511038387427,3.9703820462654046e-17
5714.034670161544,4.039721170509486e-17
5714.558301935663,3.975986540618812e-17
5715.08193370978,4.005757313577732e-17
5715.605565483897,4.018012723324767e-17
5716.129197258016,4.0523779235725215e-17
5716.652829032133,4.0401075264834193e-17
5717.176460806251,3.877526861098643e-17
5717.7000925803695,3.9204705676293004e-17
5718.223724354486,3.9140668057862744e-17
5718.747356128605,3.8792931957714574e-17
5719.2709879027225,3.947341937547694e-17
5719.794619676841,3.9001661211628254e-17
5720.318251450958,3.916422140117696e-17
5720.841883225075,4.043275730682599e-17
5721.365514999194,4.186413736483482e-17
5721.889146773311,4.0274618475956445e-17
5722.41277854743,4.073712704598115e-17
5722.936410321547,4.0418908676446725e-17
5723.460042095665,3.9808606811727856e-17
5723.983673869783,4.071188438787525e-17
5724.5073056439005,4.04269121510337e-17
5725.030937418019,4.208840605457587e-17
5725.554569192136,4.1514078880250064e-17
5726.0782009662535,4.066140503459824e-17
5726.601832740372,4.0862687095837386e-17
5727.125464514489,3.9310521342771253e-17
5727.649096288606,4.023889659982809e-17
5728.172728062726,4.026066488212373e-17
5728.696359836842,3.9621707894729934e-17
5729.219991610961,3.943330482625274e-17
5729.7436233850785,3.913794241069293e-17
5730.267255159196,3.976241599159154e-17
5730.790886933314,4.0707926418759864e-17
5731.3145187074315,3.984896627631135e-17
5731.83815048155,3.8880853360855023e-17
5732.361782255667,3.944263423258983e-17
5732.885414029784,3.9930583818680815e-17
5733.409045803903,3.9083706923792276e-17
5733.932677578021,3.7672268661314225e-17
5734.456309352139,3.8307269619432495e-17
5734.979941126257,3.816106551012847e-17
5735.503572900374,3.881307398579038e-17
5736.027204674492,3.919965638952035e-17
5736.5508364486095,4.0965499646781336e-17
5737.074468222727,4.072643559796554e-17
5737.598099996845,4.05100875432133e-17
5738.1217317709625,4.062612934901117e-17
5738.645363545082,3.9247302997283723e-17
5739.168995319198,3.8826839397333666e-17
5739.692627093316,3.783183934612719e-17
5740.216258867435,3.6966263297915445e-17
5740.739890641552,3.732565843933287e-17
5741.26352241567,3.8104381712845985e-17
5741.7871541897875,3.97666047656218e-17
5742.310785963905,3.93396934942874e-17
5742.834417738023,4.025533925323828e-17
5743.3580495121405,3.984379381109405e-17
5743.881681286259,3.914539756412668e-17
5744.405313060377,3.950103376862745e-17
5744.928944834493,3.906709590011206e-17
5745.452576608613,4.016971108493414e-17
5745.97620838273,3.940410220292627e-17
5746.499840156848,3.8968120634871325e-17
5747.023471930966,3.93428999137406e-17
5747.547103705083,3.979023789511842e-17
5748.070735479201,3.9986047755386687e-17
5748.5943672533185,3.9995368153342896e-17
5749.117999027438,4.0555049200931454e-17
5749.641630801554,4.0079768621576274e-17
5750.165262575672,4.022950011227746e-17
5750.688894349791,4.0708659870730474e-17
5751.212526123908,3.9757443836087826e-17
5751.736157898026,3.9381313552566046e-17
5752.259789672144,3.993874459008998e-17
5752.783421446261,4.059162162948031e-17
5753.307053220379,3.962903336528985e-17
5753.830684994497,4.032871771443355e-17
5754.354316768615,4.0596742285205764e-17
5754.877948542733,3.995084904126355e-17
5755.4015803168495,4.0700731559095145e-17
5755.925212090969,4.067635714802769e-17
5756.448843865086,4.1077369369270817e-17
5756.972475639203,4.024041342306324e-17
5757.496107413322,4.045805609013508e-17
5758.019739187439,4.152593324448484e-17
5758.543370961557,4.042795321164361e-17
5759.067002735675,3.997783120167761e-17
5759.590634509792,4.0949884058834325e-17
5760.11426628391,3.98868916805186e-17
5760.637898058028,3.8293693967691605e-17
5761.161529832147,3.896489296505894e-17
5761.685161606264,4.0378212804828165e-17
5762.208793380381,4.010228359046669e-17
5762.7324251545,4.0555206531025374e-17
5763.256056928617,4.14252151766523e-17
5763.779688702735,4.1187873795004845e-17
5764.303320476853,4.073153258511121e-17
5764.82695225097,4.1452853212115985e-17
5765.350584025089,4.175676333761375e-17
5765.874215799206,4.077917127705233e-17
5766.397847573324,4.023911567537817e-17
5766.921479347442,3.92358929789904e-17
5767.445111121559,3.8912480605176644e-17
5767.968742895678,3.9315363370173865e-17
5768.492374669795,3.906556791840048e-17
5769.016006443912,3.918358470919854e-17
5769.539638218031,3.9106986078036676e-17
5770.063269992148,3.8755796132461986e-17
5770.586901766266,3.8267944944970053e-17
5771.1105335403845,3.902437153982107e-17
5771.634165314501,3.876968305689989e-17
5772.15779708862,3.860734196190967e-17
5772.681428862737,3.881269179636174e-17
5773.205060636856,3.8733862202429215e-17
5773.728692410973,3.933923165769762e-17
5774.25232418509,3.8971664903699476e-17
5774.775955959209,3.8557734597974523e-17
5775.299587733326,3.914754456708941e-17
5775.823219507445,3.9504356651856394e-17
5776.346851281562,3.9060931798756426e-17
5776.87048305568,3.935205632197916e-17
5777.394114829798,3.9527852512916855e-17
5777.9177466039155,3.927397059007987e-17
5778.441378378034,3.970522168172088e-17
5778.965010152151,3.974740899749798e-17
5779.488641926268,3.928530181799201e-17
5780.012273700387,3.9011745889300886e-17
5780.535905474504,3.950771393932764e-17
5781.059537248622,3.98040430293347e-17
5781.583169022741,4.0230199169554074e-17
5782.106800796857,4.0218597368173414e-17
5782.630432570976,3.968337863991176e-17
5783.1540643450935,3.989435661149036e-17
5783.677696119211,3.916380896010319e-17
5784.201327893329,3.833017939519798e-17
5784.7249596674465,3.7710421224718214e-17
5785.248591441565,3.8688852623360494e-17
5785.772223215682,4.0481825041956496e-17
5786.295854989799,4.056911520344405e-17
5786.819486763918,4.076593791112333e-17
5787.343118538036,4.104224125214916e-17
5787.866750312154,4.119252699791154e-17
5788.3903820862715,4.1128769417158214e-17
5788.914013860389,3.9070381256558366e-17
5789.437645634507,3.697501789288005e-17
5789.9612774086245,3.8826494590115605e-17
5790.484909182743,3.9231096850244754e-17
5791.00854095686,3.864554184690488e-17
5791.532172730977,3.8276820624093675e-17
5792.055804505097,3.7479801147779385e-17
5792.579436279213,3.8961938731333836e-17
5793.103068053331,3.89356921845031e-17
5793.62669982745,3.838365230027459e-17
5794.150331601567,3.889611808834881e-17
5794.673963375685,3.8579217300899755e-17
5795.1975951498025,3.830454325750448e-17
5795.72122692392,3.8458332412827e-17
5796.244858698038,3.8683728720282656e-17
5796.7684904721555,3.911892992748539e-17
5797.292122246274,3.801815349490156e-17
5797.815754020392,3.833300531651545e-17
5798.339385794508,3.9006491730092354e-17
5798.863017568628,4.050425035767354e-17
5799.386649342745,4.078801265016542e-17
5799.910281116863,4.075077857627308e-17
5800.4339128909805,4.0037958583524456e-17
5800.957544665098,4.0030887860043255e-17
5801.481176439216,3.9517155548281625e-17
5802.0048082133335,3.986775915780122e-17
5802.528439987453,4.0240909562602455e-17
5803.052071761569,3.934170155913229e-17
5803.575703535687,3.991224482851148e-17
5804.099335309806,4.0526774036716535e-17
5804.622967083923,4.071454083435346e-17
5805.146598858041,4.1126769554846375e-17
5805.670230632159,4.1161535689898675e-17
5806.193862406276,4.1248186431393535e-17
5806.717494180394,4.091351738016075e-17
5807.2411259545115,3.938675702630017e-17
5807.76475772863,3.9049102141281616e-17
5808.288389502748,4.128344002588519e-17
5808.8120212768645,4.003561850946846e-17
5809.335653050984,3.9410177312022465e-17
5809.859284825101,3.953754007026477e-17
5810.382916599219,3.961776154903792e-17
5810.906548373337,3.977115689238594e-17
5811.430180147454,3.975212714471802e-17
5811.953811921572,4.081715034780006e-17
5812.4774436956895,4.11646420758066e-17
5813.001075469807,4.1398607164761e-17
5813.524707243925,4.074561154467034e-17
5814.048339018043,4.118319823666246e-17
5814.571970792162,4.016034633365163e-17
5815.095602566279,3.961237653415546e-17
5815.619234340396,4.1388272331544266e-17
5816.142866114515,4.0874184325570534e-17
5816.666497888632,4.123709460830704e-17
5817.19012966275,4.1911336093548834e-17
5817.713761436868,4.07325681206025e-17
5818.237393210985,4.062259796844773e-17
5818.761024985104,4.242763458530898e-17
5819.2846567592205,4.113579413952631e-17
5819.80828853334,4.2284904150782205e-17
5820.331920307457,4.2196558336485046e-17
5820.855552081574,4.171673581160022e-17
5821.379183855693,4.229988836648141e-17
5821.90281562981,4.217477839924844e-17
5822.426447403927,4.084850967950355e-17
5822.950079178046,4.0765951139609045e-17
5823.473710952163,4.1575830710746044e-17
5823.997342726281,4.0716325369401943e-17
5824.5209745003995,4.129479072395381e-17
5825.044606274516,4.151585984931687e-17
5825.568238048635,4.231990457966457e-17
5826.091869822752,4.107233002171036e-17
5826.615501596871,4.124646895659976e-17
5827.139133370988,4.238664081661688e-17
5827.662765145105,4.183884483804631e-17
5828.186396919224,4.2430946910871054e-17
5828.710028693341,4.108454655544385e-17
5829.23366046746,4.2195401930390167e-17
5829.757292241577,4.108997179445807e-17
5830.280924015695,4.023118981676067e-17
5830.804555789813,4.202549220500501e-17
5831.32818756393,4.2689603676275304e-17
5831.851819338049,4.036138049529708e-17
5832.375451112166,3.9616094041540376e-17
5832.899082886283,4.0749339470610014e-17
5833.422714660402,4.063219608384413e-17
5833.946346434519,4.0986150473538156e-17
5834.469978208637,4.109275631542572e-17
5834.9936099827555,4.10857985284661e-17
5835.517241756872,3.9883038505418183e-17
5836.040873530991,4.1944166739255594e-17
5836.5645053051085,4.0728795321086356e-17
5837.088137079227,4.1351431177153377e-17
5837.611768853344,4.1218590833289436e-17
5838.135400627461,3.952599501425804e-17
5838.65903240158,3.795609813939161e-17
5839.182664175697,3.9216497529774755e-17
5839.706295949814,3.9648127948517486e-17
5840.229927723933,3.816231289762252e-17
5840.753559498051,3.888833694793891e-17
5841.277191272169,3.8118687434929526e-17
5841.8008230462865,3.871559274845216e-17
5842.324454820404,3.829199018488675e-17
5842.848086594522,3.671848191003613e-17
5843.371718368639,3.577147514272345e-17
5843.895350142758,3.742803606817221e-17
5844.418981916875,3.615419579122789e-17
5844.942613690992,3.5701930657697394e-17
5845.466245465112,3.779852421005148e-17
5845.989877239228,3.944359831280089e-17
5846.513509013346,4.0046443682735813e-17
5847.0371407874645,3.962191864131335e-17
5847.560772561582,3.997705205951718e-17
5848.0844043357,3.9587050067288215e-17
5848.6080361098175,3.8798618315027877e-17
5849.131667883935,3.7573650056605024e-17
5849.655299658053,3.893328631291113e-17
5850.17893143217,4.0188759520247536e-17
5850.702563206289,3.9614071161355723e-17
5851.226194980407,3.934342920110601e-17
5851.749826754523,3.948565081011829e-17
5852.273458528643,4.049265023469317e-17
5852.79709030276,4.067635541587416e-17
5853.320722076878,4.120003317345354e-17
5853.8443538509955,4.1517201357113696e-17
5854.367985625113,4.09575685271441e-17
5854.891617399231,3.9663085347103297e-17
5855.4152491733485,4.098955067334445e-17
5855.938880947468,4.13777101701568e-17
5856.462512721584,4.061485720867343e-17
5856.986144495702,4.1215906874144436e-17
5857.509776269821,4.1232150853196415e-17
5858.033408043938,4.136350333810068e-17
5858.557039818056,4.2224448921491956e-17
5859.0806715921735,4.1788746123032524e-17
5859.604303366291,4.143283420304544e-17
5860.127935140409,4.109922444787732e-17
5860.6515669145265,4.215555623205666e-17
5861.175198688645,4.153875410313431e-17
5861.698830462763,4.195232881765772e-17
5862.222462236879,4.1827383957838505e-17
5862.746094010999,4.0375721127502624e-17
5863.269725785116,4.100799959695067e-17
5863.793357559234,4.2393983463398736e-17
5864.316989333352,4.201291995345381e-17
5864.840621107469,4.346486929673916e-17
5865.364252881587,4.6922867812843637e-17
5865.8878846557045,4.823256948301353e-17
5866.411516429824,4.478133888413581e-17
5866.93514820394,4.225625806687584e-17
5867.458779978058,4.2447580398092206e-17
5867.982411752177,4.228751747046054e-17
5868.506043526294,4.285417703012728e-17
5869.029675300411,4.152901123530425e-17
5869.55330707453,4.0069012989268866e-17
5870.076938848647,4.1169062718512e-17
5870.600570622765,4.1496871487040246e-17
5871.1242023968825,4.039966893226687e-17
5871.647834171,3.9510432761008136e-17
5872.171465945119,3.9729693937473725e-17
5872.6950977192355,4.073941418972999e-17
5873.218729493355,3.976749827582674e-17
5873.742361267472,3.927755917861321e-17
5874.265993041589,3.862178301548938e-17
5874.789624815708,3.715322201690628e-17
5875.313256589825,3.726750243563977e-17
5875.836888363942,3.6837373170530854e-17
5876.360520138061,3.653647000905105e-17
5876.884151912178,3.682596353550772e-17
5877.407783686296,3.627378992988494e-17
5877.931415460414,3.5946417344102074e-17
5878.455047234531,3.534316772842073e-17
5878.97867900865,3.421302170233027e-17
5879.502310782767,3.3451319532317227e-17
5880.025942556886,3.175542029038749e-17
5880.549574331003,2.9699673305316856e-17
5881.07320610512,2.6909532342545804e-17
5881.596837879239,2.6611642612502698e-17
5882.120469653356,2.883203551371788e-17
5882.644101427475,3.4095843146460016e-17
5883.167733201592,3.728048768712582e-17
5883.69136497571,3.7217626269487853e-17
5884.214996749828,3.5836751472215917e-17
5884.738628523945,3.5806054254055524e-17
5885.262260298064,3.598137192519467e-17
5885.785892072181,3.446142711819366e-17
5886.309523846298,3.370751757107327e-17
5886.833155620417,3.160101248208967e-17
5887.356787394534,3.152269548289238e-17
5887.880419168652,3.312653891501925e-17
5888.4040509427705,3.4475942724841177e-17
5888.927682716887,3.5200255868779696e-17
5889.451314491006,3.3720449169733864e-17
5889.974946265123,3.2581835986763106e-17
5890.498578039242,3.722311590794906e-17
5891.022209813359,4.08113840888598e-17
5891.545841587476,3.9442034484340833e-17
5892.069473361595,3.892446104640507e-17
5892.593105135712,3.930578419579332e-17
5893.116736909831,4.023154000666059e-17
5893.640368683948,4.0249242108894363e-17
5894.164000458066,4.0052349074382e-17
5894.687632232184,3.834485191191842e-17
5895.2112640063015,3.694451436988062e-17
5895.73489578042,3.5346272423427346e-17
5896.258527554537,3.618257125607104e-17
5896.782159328654,3.880481221762541e-17
5897.305791102773,3.979492910204797e-17
5897.82942287689,3.9440252166543846e-17
5898.353054651007,3.9595070661083187e-17
5898.8766864251265,4.000758294404399e-17
5899.400318199243,3.955177413989472e-17
5899.923949973362,3.878756770500414e-17
5900.4475817474795,3.8714325405982706e-17
5900.971213521597,3.8456541157565945e-17
5901.494845295715,3.80732022296198e-17
5902.018477069832,3.9244405842651845e-17
5902.54210884395,4.056566057911906e-17
5903.065740618068,3.971944796601607e-17
5903.589372392185,4.009975472295752e-17
5904.113004166304,4.0605846751791924e-17
5904.636635940422,3.904261935331919e-17
5905.160267714538,3.993156790335981e-17
5905.6838994886575,3.915467041221205e-17
5906.207531262775,4.1461056629807345e-17
5906.731163036893,4.132139257089557e-17
5907.2547948110105,4.0241232368178066e-17
5907.778426585128,3.900137884411691e-17
5908.302058359246,4.0172419966229774e-17
5908.825690133363,4.0872983704955436e-17
5909.349321907483,4.0973962232002446e-17
5909.872953681599,4.121819123938208e-17
5910.396585455717,4.1405844423536794e-17
5910.9202172298355,4.1402957084882843e-17
5911.443849003953,4.277084822189324e-17
5911.967480778071,4.215815028076845e-17
5912.4911125521885,4.2103031992764156e-17
5913.014744326306,4.044409271150949e-17
5913.538376100424,4.02998650820037e-17
5914.062007874541,4.020169648191735e-17
5914.58563964866,4.039087385359712e-17
5915.109271422778,3.789971279805619e-17
5915.632903196894,3.948396841566283e-17
5916.156534971014,3.9960509001308473e-17
5916.680166745131,4.03970916360346e-17
5917.203798519249,4.12495292419098e-17
5917.7274302933665,3.987844413845011e-17
5918.251062067484,3.94522934528618e-17
5918.774693841602,3.8981562125761696e-17
5919.2983256157195,3.6498406167748886e-17
5919.821957389839,3.726063782437994e-17
5920.345589163955,3.879916785950092e-17
5920.869220938073,3.8626539867575694e-17
5921.392852712192,3.831742650727107e-17
5921.916484486309,3.8360956617235936e-17
5922.440116260427,3.840308016772547e-17
5922.963748034545,3.835560174048282e-17
5923.487379808662,3.805711614999011e-17
5924.01101158278,3.835034735668292e-17
5924.5346433568975,4.0732777166908965e-17
5925.058275131015,3.9212024095677375e-17
5925.581906905134,3.9484806049146664e-17
5926.1055386792505,3.879081375320553e-17
5926.62917045337,3.990681824504538e-17
5927.152802227487,3.979696694512981e-17
5927.676434001604,3.921453646818688e-17
5928.200065775723,3.922626361649962e-17
5928.72369754984,4.022631770129617e-17
5929.247329323957,4.0954289927376235e-17
5929.7709610980755,4.021608794850541e-17
5930.294592872193,4.124553253627803e-17
5930.818224646311,4.1273363063429217e-17
5931.341856420429,3.981446851005846e-17
5931.865488194546,3.989264934902852e-17
5932.389119968665,4.060881786852907e-17
5932.912751742782,3.991652703494698e-17
5933.436383516901,3.987337672554362e-17
5933.960015291018,4.001679323129523e-17
5934.483647065135,3.9587228742282974e-17
5935.007278839254,3.8661937177609125e-17
5935.530910613371,3.872641098863538e-17
5936.05454238749,4.107648611765397e-17
5936.5781741616065,4.064185890047685e-17
5937.101805935725,4.050421417562593e-17
5937.625437709843,3.9906431719753566e-17
5938.14906948396,3.866781169197031e-17
5938.672701258079,3.8543051392810613e-17
5939.196333032196,3.8551552133140196e-17
5939.719964806313,3.807084984568895e-17
5940.243596580432,3.715039085166341e-17
5940.767228354549,3.788219950579464e-17
5941.290860128667,3.6917365382858434e-17
5941.814491902785,3.6895872723216726e-17
5942.338123676902,3.635048042814288e-17
5942.861755451021,3.67668597373589e-17
5943.385387225138,3.755843729790166e-17
5943.909018999257,3.947023212630774e-17
5944.432650773374,3.864762906525443e-17
5944.956282547491,3.852072197838041e-17
5945.47991432161,3.901547591496457e-17
5946.003546095727,3.8619362075205006e-17
5946.527177869846,3.867777101345149e-17
5947.050809643963,3.858065240322884e-17
5947.574441418081,3.8937089679902405e-17
5948.098073192199,3.9947617189057734e-17
5948.621704966316,3.965318531962404e-17
5949.145336740435,3.981096706921344e-17
5949.668968514552,4.022041204057323e-17
5950.192600288669,4.0326212795950886e-17
5950.716232062788,4.09107470311338e-17
5951.239863836905,4.077745213637213e-17
5951.763495611022,4.06843920663912e-17
5952.2871273851415,4.050083774661972e-17
5952.810759159258,4.047077768852605e-17
5953.334390933377,4.0427823928865646e-17
5953.8580227074945,4.113466134425205e-17
5954.381654481612,4.146989833903475e-17
5954.90528625573,4.1438121794269553e-17
5955.428918029847,4.1080763024867104e-17
5955.952549803966,4.1047554389520636e-17
5956.476181578083,4.0424558180641895e-17
5956.9998133522,4.032508496368813e-17
5957.523445126319,3.957490711013134e-17
5958.047076900437,3.93756835942957e-17
5958.570708674553,3.97162581320884e-17
5959.0943404486725,4.084410372653157e-17
5959.61797222279,4.013775206571396e-17
5960.141603996908,3.998546490863599e-17
5960.665235771025,4.0405082858478047e-17
5961.188867545143,4.028359571445911e-17
5961.712499319261,3.952517375458501e-17
5962.236131093378,3.82722582534076e-17
5962.759762867498,3.877994263978494e-17
5963.283394641614,3.904338363561237e-17
5963.807026415732,3.940791790899171e-17
5964.3306581898505,3.9683220870869287e-17
5964.854289963968,4.001385047523207e-17
5965.377921738086,4.0960746913939356e-17
5965.9015535122035,4.0760934648163734e-17
5966.425185286321,4.0136399474528934e-17
5966.948817060439,3.962302099453235e-17
5967.472448834556,3.898649355623996e-17
5967.996080608675,3.9436123627294006e-17
5968.519712382793,3.9017654785644786e-17
5969.043344156909,3.8799015583268465e-17
5969.5669759310285,3.894383789687337e-17
5970.090607705146,3.8213339625377424e-17
5970.614239479264,3.9152464427194716e-17
5971.1378712533815,3.944163365175855e-17
5971.661503027499,3.913909676641678e-17
5972.185134801617,3.9394068510764814e-17
5972.708766575734,3.926483997541731e-17
5973.232398349854,3.8594298060542365e-17
5973.75603012397,3.812275736650117e-17
5974.279661898088,3.842436542556885e-17
5974.803293672207,3.7776096475954515e-17
5975.326925446324,3.7521556102510554e-17
5975.850557220442,3.788692537267771e-17
5976.3741889945595,3.7608041272350473e-17
5976.897820768677,3.790800500394457e-17
5977.421452542795,3.861702114361766e-17
5977.9450843169125,3.892280713305454e-17
5978.468716091031,3.8497306026511226e-17
5978.992347865149,3.76999304605445e-17
5979.515979639265,3.8988833712372907e-17
5980.039611413385,3.900515614033659e-17
5980.563243187502,3.838333439515777e-17
5981.086874961619,3.813316221055332e-17
5981.6105067357375,3.832151547206321e-17
5982.134138509855,3.7777977485383247e-17
5982.657770283973,3.8095828464522533e-17
5983.1814020580905,3.936748629842826e-17
5983.705033832208,4.0522973330794364e-17
5984.228665606326,4.032295143710079e-17
5984.752297380444,3.9402176971479586e-17
5985.275929154561,3.9394001755828334e-17
5985.79956092868,4.020291901801388e-17
5986.323192702797,3.9603988619731826e-17
5986.846824476916,3.900183919594926e-17
5987.370456251033,3.889788345514983e-17
5987.89408802515,3.822188466709323e-17
5988.4177197992685,3.882988688884767e-17
5988.941351573386,3.8887026212400407e-17
5989.464983347505,3.8363535386040603e-17
5989.9886151216215,3.8734253617041705e-17
5990.51224689574,3.920359865147872e-17
5991.035878669858,3.8805932256357876e-17
5991.559510443975,3.9028785118098067e-17
5992.083142218094,3.92293021886813e-17
5992.606773992211,3.8834269604319655e-17
5993.130405766328,3.82301732682418e-17
5993.654037540447,3.644677763008169e-17
5994.177669314564,3.704887166937009e-17
5994.701301088682,3.710218722215305e-17
5995.2249328628,3.852178016894285e-17
5995.748564636917,3.8166423299565214e-17
5996.272196411036,3.8774276642955597e-17
5996.795828185153,3.889135402050801e-17
5997.319459959272,3.76575443860385e-17
5997.843091733389,3.718754580785529e-17
5998.366723507506,3.7682486237332976e-17
5998.890355281625,3.853464557536492e-17
5999.413987055742,3.889249845754288e-17
5999.937618829861,3.773499153259983e-17
6000.4612506039775,3.9413990517595206e-17
6000.984882378096,3.843164618752355e-17
6001.508514152214,3.800268619522407e-17
6002.032145926331,3.844089628320434e-17
6002.55577770045,3.8178689981750437e-17
6003.079409474567,3.901794930526706e-17
6003.603041248684,3.826968148864979e-17
6004.126673022803,3.723843272537389e-17
6004.65030479692,3.7751377055025475e-17
6005.173936571038,3.8036648803178374e-17
6005.6975683451565,3.860065628414895e-17
6006.221200119273,3.7313128829012056e-17
6006.744831893392,3.7675975116152065e-17
6007.268463667509,3.85161579512126e-17
6007.792095441627,3.758328850774422e-17
6008.315727215745,3.7370986557403415e-17
6008.839358989862,3.7293971930555355e-17
6009.362990763981,3.7620767319670507e-17
6009.886622538098,3.763225395320338e-17
6010.410254312215,3.7755641880082943e-17
6010.933886086334,3.7831979436357654e-17
6011.457517860452,3.758492325860345e-17
6011.98114963457,3.8291337661457975e-17
6012.504781408687,3.8530205060749335e-17
6013.028413182805,3.779969999517279e-17
6013.552044956923,3.765693209684245e-17
6014.07567673104,3.8607042648241567e-17
6014.599308505158,3.769908458508764e-17
6015.122940279276,0.0
6015.646572053393,0.0
6016.1702038275125,0.0
