wav,flam
6219.80550040954,1.1702291466307028e-16
6220.561090853849,1.1307037643954093e-16
6221.316681298158,1.1692438190516193e-16
6222.072271742468,1.1515002022171944e-16
6222.827862186777,1.1742344701841673e-16
6223.583452631085,1.2410635047852137e-16
6224.339043075393,1.2387867225581153e-16
6225.094633519702,1.2108259141707622e-16
6225.850223964012,1.2135498728132118e-16
6226.605814408321,1.1614010437424196e-16
6227.361404852629,1.0972003393832455e-16
6228.116995296938,1.0733300050659895e-16
6228.872585741246,1.073493411236731e-16
6229.628176185556,1.0895759510849303e-16
6230.383766629865,1.0919565296502582e-16
6231.139357074173,1.094447985248449e-16
6231.894947518482,1.1367230381797347e-16
6232.650537962791,1.1440413090776933e-16
6233.4061284070995,1.1568599270151989e-16
6234.161718851408,1.1260915698217898e-16
6234.917309295717,1.0686831657183324e-16
6235.672899740026,1.0459025818244074e-16
6236.428490184335,1.0198489693443279e-16
6237.184080628644,1.0326716634294948e-16
6237.9396710729525,1.0552407354323987e-16
6238.695261517261,1.0571721354676881e-16
6239.45085196157,1.0886216767205648e-16
6240.206442405879,1.1154992885955264e-16
6240.962032850188,1.0873991653619717e-16
6241.717623294497,1.054665124849408e-16
6242.4732137388055,1.0130140647415943e-16
6243.228804183114,9.864021468038256e-17
6243.984394627423,9.986034189879643e-17
6244.739985071732,1.0197495664024714e-16
6245.495575516041,1.0157109006074814e-16
6246.25116596035,1.0427908787658793e-16
6247.0067564046585,1.0931397725495865e-16
6247.762346848967,1.1100496493818349e-16
6248.517937293276,1.0999352357777253e-16
6249.273527737585,1.0948352182097687e-16
6250.029118181894,1.0899920918475213e-16
6250.784708626203,1.119124527248179e-16
6251.5402990705115,1.1531179536079305e-16
6252.29588951482,1.1791986004116622e-16
6253.051479959129,1.1651002498091177e-16
6253.807070403437,1.1564993666705499e-16
6254.562660847746,1.1874089581142991e-16
6255.318251292056,1.2165238106427863e-16
6256.073841736365,1.203588892249039e-16
6256.829432180673,1.2102902528791877e-16
6257.585022624981,1.2518373407497422e-16
6258.34061306929,1.258189428357262e-16
6259.0962035136,1.2321963246769854e-16
6259.851793957909,1.2163093896040145e-16
6260.607384402218,1.211931391986813e-16
6261.3629748465255,1.2290365086092512e-16
6262.118565290834,1.2657967431613938e-16
6262.874155735144,1.310672225079421e-16
6263.629746179453,1.3213240738960878e-16
6264.385336623762,1.277683948112138e-16
6265.14092706807,1.2084344222076812e-16
6265.8965175123785,1.1798960153591974e-16
6266.652107956688,1.1756004001741967e-16
6267.407698400997,1.1905445381266977e-16
6268.163288845306,1.2103853434052213e-16
6268.918879289614,1.207037337886785e-16
6269.674469733923,1.1780352771082213e-16
6270.430060178232,1.1524069886961655e-16
6271.185650622541,1.1504802543638888e-16
6271.94124106685,1.1711227688220787e-16
6272.696831511158,1.2342171400235498e-16
6273.452421955467,1.3104147033690986e-16
6274.208012399776,1.3423295380377914e-16
6274.9636028440855,1.340355255982649e-16
6275.719193288394,1.3294056331550766e-16
6276.474783732702,1.271885549532448e-16
6277.230374177011,1.1795723831528223e-16
6277.98596462132,1.153948761566635e-16
6278.741555065628,1.2093439315736058e-16
6279.4971455099385,1.270282794462669e-16
6280.252735954246,1.2451984775218377e-16
6281.008326398555,1.2160400966020074e-16
6281.763916842864,1.1725807668802235e-16
6282.519507287172,1.147026969682357e-16
6283.275097731483,1.1434628830894664e-16
6284.030688175791,1.1150253956995886e-16
6284.786278620099,1.1118726304858394e-16
6285.541869064408,1.1533458411715715e-16
6286.297459508716,1.1357109354107e-16
6287.053049953027,1.0959282138672522e-16
6287.808640397335,1.0535701041308433e-16
6288.564230841644,1.094394808396741e-16
6289.3198212859525,1.0931780033019455e-16
6290.07541173026,1.0536641656193884e-16
6290.831002174571,1.0944876012229025e-16
6291.586592618879,1.1136170552650188e-16
6292.342183063188,1.1729275794167834e-16
6293.097773507497,1.2489466616039057e-16
6293.853363951805,1.3215646516153306e-16
6294.608954396113,1.251734801950887e-16
6295.364544840423,1.2477132208204563e-16
6296.120135284732,1.2476539379864338e-16
6296.875725729041,1.213998632329434e-16
6297.631316173349,1.2309153916393187e-16
6298.386906617658,1.2446168800960441e-16
6299.142497061966,1.227060182182659e-16
6299.898087506276,1.2532348081420728e-16
6300.653677950585,1.1818287616538718e-16
6301.409268394893,1.2173810937308936e-16
6302.164858839202,1.1576040632937665e-16
6302.920449283511,1.141982955145821e-16
6303.67603972782,1.1576920750661844e-16
6304.431630172129,1.1416622325989796e-16
6305.187220616437,1.1371294357282632e-16
6305.942811060746,1.1522541872861382e-16
6306.698401505055,1.160274553302635e-16
6307.4539919493645,1.157384082335483e-16
6308.209582393673,1.1528195946161583e-16
6308.965172837981,1.1022955046617165e-16
6309.72076328229,1.0929924441035191e-16
6310.476353726599,1.1548892050358312e-16
6311.231944170909,1.1719135930735852e-16
6311.987534615218,1.1679819835897176e-16
6312.7431250595255,1.2457866191757395e-16
6313.498715503834,1.3003436761115688e-16
6314.254305948143,1.2889441475070625e-16
6315.009896392452,1.2750750257662835e-16
6315.765486836762,1.2797100803272704e-16
6316.52107728107,1.258486004223286e-16
6317.2766677253785,1.2641611054316335e-16
6318.032258169687,1.2601062659586986e-16
6318.787848613996,1.2294914863590048e-16
6319.543439058305,1.2138630210080597e-16
6320.299029502614,1.221702643896676e-16
6321.054619946923,1.2047729980006042e-16
6321.8102103912315,1.1899868821808704e-16
6322.56580083554,1.2118324996554974e-16
6323.321391279849,1.2212453867104971e-16
6324.076981724158,1.2834471863832542e-16
6324.832572168467,1.2780149283970557e-16
6325.588162612776,1.2990566045757657e-16
6326.3437530570845,1.2651411867421547e-16
6327.099343501393,1.2351270142435585e-16
6327.854933945702,1.2946404439218164e-16
6328.610524390011,1.3288136509598416e-16
6329.36611483432,1.345257951019141e-16
6330.121705278629,1.3177700183004293e-16
6330.877295722938,1.3016896724628795e-16
6331.632886167246,1.2905315225903748e-16
6332.388476611555,1.3116806419822862e-16
6333.144067055864,1.3045874423350518e-16
6333.899657500173,1.2984161382441018e-16
6334.655247944482,1.2972688445669474e-16
6335.41083838879,1.2896510179625297e-16
6336.166428833099,1.3224598462915423e-16
6336.922019277408,1.3571901120760972e-16
6337.677609721717,1.3410117456490474e-16
6338.433200166026,1.3218642866076653e-16
6339.188790610334,1.3230873778766893e-16
6339.944381054643,1.3438642980121728e-16
6340.699971498952,1.308525142697552e-16
6341.455561943261,1.3022380543605155e-16
6342.21115238757,1.2842542015277722e-16
6342.966742831878,1.2786019625067333e-16
6343.722333276187,1.245763868599978e-16
6344.477923720497,1.2172507021594319e-16
6345.2335141648055,1.2012485464556278e-16
6345.989104609114,1.2230198524287292e-16
6346.744695053422,1.223903761354763e-16
6347.500285497731,1.248747540205954e-16
6348.255875942041,1.2623694945327821e-16
6349.01146638635,1.2029345757511146e-16
6349.7670568306585,1.191223103830763e-16
6350.522647274966,1.1847141968810313e-16
6351.278237719275,1.2273161362151495e-16
6352.033828163585,1.2553758645905288e-16
6352.789418607894,1.258481477570254e-16
6353.545009052203,1.2827454088138404e-16
6354.300599496511,1.287420919567544e-16
6355.056189940819,1.259689666822991e-16
6355.811780385128,1.2707896081425244e-16
6356.567370829438,1.334905736255339e-16
6357.322961273747,1.364951941598137e-16
6358.078551718055,1.3354961655674518e-16
6358.834142162364,1.354901630748859e-16
6359.589732606672,1.3420429465125826e-16
6360.34532305098,1.3526380394244452e-16
6361.100913495291,1.3532141095591679e-16
6361.856503939599,1.3925068788553658e-16
6362.612094383908,1.3499384880104798e-16
6363.367684828217,1.3900619918708676e-16
6364.123275272525,1.3792174648461077e-16
6364.878865716835,1.4167048550570577e-16
6365.634456161143,1.3946005855370569e-16
6366.390046605452,1.372201124408373e-16
6367.145637049761,1.3577160682054485e-16
6367.901227494069,1.3626841557908571e-16
6368.656817938379,1.3631009978908487e-16
6369.412408382687,1.3465287763824758e-16
6370.167998826996,1.3656580758485442e-16
6370.923589271305,1.328260722447519e-16
6371.679179715613,1.3120264132584203e-16
6372.434770159924,1.309081485357553e-16
6373.1903606042315,1.3098491304142047e-16
6373.94595104854,1.3430482901230614e-16
6374.701541492849,1.3468737482455983e-16
6375.457131937157,1.3711353601238516e-16
6376.212722381466,1.3752322209460584e-16
6376.968312825776,1.325766733422708e-16
6377.7239032700845,1.2833539315606985e-16
6378.479493714393,1.2605447465853091e-16
6379.235084158701,1.2643173776929734e-16
6379.99067460301,1.241360988512572e-16
6380.746265047319,1.2280137463700552e-16
6381.501855491629,1.256774057685464e-16
6382.2574459359375,1.2743289075909842e-16
6383.0130363802455,1.315224160690747e-16
6383.768626824554,1.273503767430275e-16
6384.524217268863,1.2267747847700222e-16
6385.279807713173,1.2431883089656458e-16
6386.035398157482,1.2973454882053551e-16
6386.79098860179,1.3273912605576514e-16
6387.5465790460985,1.3334127606892916e-16
6388.302169490407,1.361963597022133e-16
6389.057759934717,1.3460423207538148e-16
6389.813350379026,1.32333919668186e-16
6390.568940823334,1.3640821627825173e-16
6391.324531267643,1.3327628741264482e-16
6392.0801217119515,1.3398953410874398e-16
6392.835712156261,1.3570080243533157e-16
6393.59130260057,1.3765204082421835e-16
6394.346893044878,1.3694279029778757e-16
6395.102483489187,1.373462448088758e-16
6395.858073933496,1.3806233325909604e-16
6396.6136643778045,1.3385706219990965e-16
6397.369254822114,1.2898021734523682e-16
6398.124845266422,1.2648204841384427e-16
6398.880435710731,1.2629870306744218e-16
6399.63602615504,1.32818836237555e-16
6400.391616599349,1.3677604498464798e-16
6401.1472070436575,1.3489394561892164e-16
6401.902797487966,1.3584218489525626e-16
6402.658387932275,1.3686255965610578e-16
6403.413978376584,1.325861611709671e-16
6404.169568820893,1.2884596909280966e-16
6404.925159265202,1.275480326704011e-16
6405.680749709511,1.264975750798454e-16
6406.436340153819,1.2341318665120357e-16
6407.191930598128,1.290680311655799e-16
6407.947521042437,1.2963589175670037e-16
6408.703111486746,1.29152440200928e-16
6409.458701931055,1.250899827217561e-16
6410.214292375364,1.257284158098967e-16
6410.969882819672,1.3018234663730844e-16
6411.725473263981,1.348320191439897e-16
6412.48106370829,1.3530764498271032e-16
6413.236654152599,1.3804555912750296e-16
6413.992244596908,1.374805354315551e-16
6414.747835041217,1.3416703968119267e-16
6415.503425485525,1.3001027976025355e-16
6416.259015929834,1.2682462804377532e-16
6417.014606374142,1.2643809534477406e-16
6417.770196818452,1.2819278725480934e-16
6418.525787262761,1.2772929046867253e-16
6419.28137770707,1.2650205869573614e-16
6420.0369681513785,1.242793155615529e-16
6420.792558595686,1.2426705821954977e-16
6421.548149039995,1.235696848130412e-16
6422.303739484305,1.2184019578756743e-16
6423.059329928614,1.245463786976134e-16
6423.814920372923,1.273462178145207e-16
6424.570510817231,1.294668438775585e-16
6425.326101261539,1.318327213665407e-16
6426.081691705849,1.325991255791403e-16
6426.837282150158,1.3297768232311083e-16
6427.592872594467,1.3412749330974765e-16
6428.348463038775,1.2777284691118996e-16
6429.104053483084,1.2664312993998886e-16
6429.859643927393,1.3013837163927808e-16
6430.615234371702,1.3822333562555097e-16
6431.370824816011,1.4518905929319014e-16
6432.126415260319,1.4761253823947142e-16
6432.882005704628,1.4489662003859543e-16
6433.6375961489375,1.426807583124208e-16
6434.393186593246,1.382457927822135e-16
6435.148777037555,1.3501261485762764e-16
6435.904367481863,1.3153581601081067e-16
6436.659957926172,1.3242186865694496e-16
6437.415548370481,1.3734643150088666e-16
6438.1711388147905,1.4053968907171633e-16
6438.926729259099,1.3831531251444937e-16
6439.682319703407,1.3553209587130382e-16
6440.437910147716,1.3051105558384844e-16
6441.193500592025,1.2958948622958346e-16
6441.949091036333,1.336510315548463e-16
6442.704681480644,1.338829028302871e-16
6443.4602719249515,1.3484302454877754e-16
6444.21586236926,1.3870996505877055e-16
6444.971452813569,1.3878466759746192e-16
6445.727043257877,1.360775673845456e-16
6446.482633702188,1.2693531182788026e-16
6447.238224146496,1.2311514834908154e-16
6447.9938145908045,1.2384106160025095e-16
6448.749405035113,1.2837661969443147e-16
6449.504995479421,1.306163461554323e-16
6450.260585923732,1.313635122722286e-16
6451.01617636804,1.3231332206974231e-16
6451.771766812349,1.3290460478325969e-16
6452.5273572566575,1.336237873281661e-16
6453.282947700965,1.3013649155533001e-16
6454.038538145276,1.2700923058033423e-16
6454.794128589584,1.3046445321594096e-16
6455.549719033893,1.3181071130296672e-16
6456.305309478202,1.3275666339005302e-16
6457.06089992251,1.375407662635367e-16
6457.81649036682,1.351022158114152e-16
6458.572080811128,1.340562496712017e-16
6459.327671255437,1.361115482407508e-16
6460.083261699746,1.3500468749604403e-16
6460.838852144054,1.3348015098892286e-16
6461.594442588363,1.3086993646641744e-16
6462.3500330326715,1.2887949693465808e-16
6463.105623476981,1.3066836095770683e-16
6463.86121392129,1.37874239732723e-16
6464.616804365598,1.3371688824969135e-16
6465.372394809907,1.3274622863260934e-16
6466.127985254216,1.2790749465968242e-16
6466.883575698525,1.26321851130516e-16
6467.639166142834,1.2762427607039428e-16
6468.394756587142,1.274713431094385e-16
6469.150347031451,1.2772990059653906e-16
6469.90593747576,1.276932871503621e-16
6470.66152792007,1.288385695414374e-16
6471.417118364378,1.312892057469147e-16
6472.172708808686,1.3163061578582738e-16
6472.928299252995,1.2937296150217855e-16
6473.683889697304,1.2868755288460837e-16
6474.439480141614,1.3177070174102397e-16
6475.195070585923,1.3415851516836275e-16
6475.950661030231,1.3336002872827995e-16
6476.706251474539,1.3348123174140266e-16
6477.461841918848,1.2980263297326867e-16
6478.217432363158,1.2499271546256966e-16
6478.973022807467,1.1981835446325913e-16
6479.728613251775,1.160189658516201e-16
6480.484203696084,1.0842749123951989e-16
6481.239794140392,1.0401142595287027e-16
6481.995384584701,1.0316556258400439e-16
6482.75097502901,1.0163970476548322e-16
6483.506565473319,9.925618956883266e-17
6484.262155917628,1.0167197737325916e-16
6485.017746361937,9.968093975240434e-17
6485.773336806245,9.910578745017794e-17
6486.528927250554,9.85122127264891e-17
6487.284517694863,1.0508455480271204e-16
6488.040108139172,1.0808965071763402e-16
6488.795698583481,1.1582416819575396e-16
6489.55128902779,1.2068850473673946e-16
6490.306879472098,1.226428591189433e-16
6491.062469916407,1.289585772225547e-16
6491.818060360716,1.3397221204338104e-16
6492.573650805025,1.3249572713435214e-16
6493.329241249334,1.311290152092162e-16
6494.084831693643,1.306076477657886e-16
6494.8404221379515,1.323932440026174e-16
6495.59601258226,1.340293119144671e-16
6496.351603026569,1.3860876599005315e-16
6497.107193470878,1.38301520213627e-16
6497.862783915187,1.3689762491125894e-16
6498.618374359496,1.3457793664310747e-16
6499.3739648038045,1.3350196635153482e-16
6500.129555248113,1.3393728565590105e-16
6500.885145692422,1.3467501081847892e-16
6501.640736136731,1.2938451172593206e-16
6502.396326581039,1.2725486290585908e-16
6503.151917025349,1.2641238152772229e-16
6503.9075074696575,1.2708623178282382e-16
6504.663097913966,1.2486842366332941e-16
6505.418688358275,1.2678817658268357e-16
6506.174278802583,1.2749159618276074e-16
6506.929869246892,1.28024995294025e-16
6507.685459691202,1.3159021229320432e-16
6508.4410501355105,1.3554732204433278e-16
6509.196640579819,1.370086599337437e-16
6509.952231024127,1.359705547648072e-16
6510.707821468436,1.3507870498848182e-16
6511.463411912746,1.341110690467828e-16
6512.219002357055,1.333205705171385e-16
6512.9745928013635,1.3407002312927723e-16
6513.7301832456715,1.3126374241202158e-16
6514.48577368998,1.3197013221090287e-16
6515.24136413429,1.3356544124511454e-16
6515.996954578599,1.3047104674764034e-16
6516.752545022908,1.2961240931490113e-16
6517.508135467216,1.2606207450984968e-16
6518.2637259115245,1.2691652682805167e-16
6519.019316355834,1.3694263978391944e-16
6519.774906800143,1.3732983490299019e-16
6520.530497244452,1.375299607775389e-16
6521.28608768876,1.3945978115103892e-16
6522.041678133069,1.38642812195575e-16
6522.7972685773775,1.3865564597656973e-16
6523.552859021687,1.3939017359677417e-16
6524.308449465996,1.4117548818837063e-16
6525.064039910304,1.3833795315461415e-16
6525.819630354613,1.3708551841058968e-16
6526.575220798922,1.3914868582800179e-16
6527.33081124323,1.3681201406328048e-16
6528.08640168754,1.366557042149957e-16
6528.841992131848,1.3605221121479628e-16
6529.597582576157,1.331768641793344e-16
6530.353173020466,1.3043793360323145e-16
6531.108763464774,1.2784003171043486e-16
6531.8643539090845,1.2846851229461776e-16
6532.619944353392,1.2925471596625018e-16
6533.375534797701,1.2968953930768152e-16
6534.13112524201,1.3128783022834827e-16
6534.886715686318,1.305328119515507e-16
6535.642306130629,1.2843230135509982e-16
6536.397896574937,1.2397530556130612e-16
6537.153487019245,1.2436324354648411e-16
6537.909077463554,1.25598054810918e-16
6538.664667907862,1.2898714174264736e-16
6539.420258352173,1.3099188152951626e-16
6540.175848796481,1.2929413295678882e-16
6540.93143924079,1.302684711123316e-16
6541.687029685098,1.311658769472327e-16
6542.442620129406,1.2747097624272505e-16
6543.198210573715,1.2581957194957765e-16
6543.953801018025,1.2477459099377997e-16
6544.709391462334,1.230194553769912e-16
6545.464981906643,1.2030615510091725e-16
6546.2205723509505,1.2049073998668575e-16
6546.976162795259,1.17755738313624e-16
6547.731753239568,1.229150756977788e-16
6548.487343683878,1.2574055304473636e-16
6549.242934128187,1.3068254668904768e-16
6549.998524572495,1.3810659004752674e-16
6550.754115016804,1.6767443704084286e-16
6551.509705461112,2.271686956638219e-16
6552.265295905422,2.403497794210527e-16
6553.020886349731,1.477910559905384e-16
6553.776476794039,9.276564907156962e-17
6554.532067238348,1.3689940215375837e-16
6555.287657682657,1.6570593357145314e-16
6556.043248126966,1.6398884255515175e-16
6556.798838571275,1.5730387959518585e-16
6557.554429015583,1.4553479771230588e-16
6558.310019459892,1.3964288248334368e-16
6559.065609904201,1.318678882999667e-16
6559.8212003485105,1.2664386934062535e-16
6560.576790792819,1.244593079412993e-16
6561.332381237127,1.2879147788209247e-16
6562.087971681436,1.3271241667743997e-16
6562.843562125745,1.3522799646816022e-16
6563.599152570054,1.3137302182670332e-16
6564.3547430143635,1.325684393775506e-16
6565.110333458671,1.307413228734861e-16
6565.86592390298,1.2658365550506404e-16
6566.621514347289,1.2826362807551643e-16
6567.377104791598,1.3162468422910706e-16
6568.132695235907,1.3518119769711165e-16
6568.888285680216,1.406341179061675e-16
6569.6438761245245,1.3814905915100986e-16
6570.399466568833,1.368677785064204e-16
6571.155057013142,1.3523126192998422e-16
6571.910647457451,1.2972341105329412e-16
6572.66623790176,1.2907398943025965e-16
6573.421828346069,1.3155090587407065e-16
6574.1774187903775,1.361403873180121e-16
6574.933009234686,1.3882434831395653e-16
6575.688599678995,1.3624719726952152e-16
6576.444190123304,1.2560981697897977e-16
6577.199780567613,1.262256498518672e-16
6577.955371011922,1.2582930997277677e-16
6578.7109614562305,1.2666513084767074e-16
6579.466551900539,1.2442235560727008e-16
6580.222142344848,1.2461094998945684e-16
6580.977732789157,1.2771830428154118e-16
6581.733323233466,1.2817828631054885e-16
6582.488913677775,1.2429632733296767e-16
6583.2445041220835,1.241152907935462e-16
6584.000094566391,1.2616127865385117e-16
6584.755685010701,1.308738341955572e-16
6585.51127545501,1.346461029681846e-16
6586.266865899319,1.3526764924564565e-16
6587.022456343628,1.3680360441126136e-16
6587.778046787936,1.3976481357253869e-16
6588.5336372322445,1.396022665412212e-16
6589.289227676554,1.3841175113022483e-16
6590.044818120863,1.3420607934021176e-16
6590.800408565172,1.3241944056333547e-16
6591.55599900948,1.3326458938038324e-16
6592.311589453789,1.3227170351787908e-16
6593.067179898098,1.275985243363216e-16
6593.822770342407,1.2202109748286486e-16
6594.578360786716,1.1830611240028547e-16
6595.333951231024,1.217310767998067e-16
6596.089541675333,1.2874860251813402e-16
6596.845132119643,1.3132415304444697e-16
6597.600722563951,1.3282192401889636e-16
6598.35631300826,1.311061547896732e-16
6599.111903452568,1.328206809646758e-16
6599.867493896877,1.3430980466811628e-16
6600.623084341187,1.3181700471899292e-16
6601.378674785496,1.3601081982647418e-16
6602.134265229804,1.3792514231206394e-16
6602.889855674112,1.3758327012453588e-16
6603.645446118421,1.386817781752625e-16
6604.40103656273,1.3598062477576858e-16
6605.15662700704,1.3818320367473692e-16
6605.912217451349,1.4158634069597336e-16
6606.667807895657,1.4193429712450794e-16
6607.423398339965,1.405596325547627e-16
6608.178988784274,1.377977153221733e-16
6608.934579228582,1.3572412434168543e-16
6609.690169672893,1.3733617688260953e-16
6610.445760117201,1.380724355759386e-16
6611.20135056151,1.3898502410363747e-16
6611.956941005818,1.3957844586278777e-16
6612.712531450126,1.3597022604026442e-16
6613.468121894437,1.3261499029553346e-16
6614.223712338745,1.3369954484282108e-16
6614.979302783054,1.3258159846741956e-16
6615.734893227363,1.293264836722536e-16
6616.4904836716705,1.336150176385062e-16
6617.246074115981,1.3504261887277074e-16
6618.001664560289,1.3491099042257272e-16
6618.757255004598,1.3180650402429007e-16
6619.512845448907,1.3264955864696414e-16
6620.268435893215,1.3116253297142262e-16
6621.024026337525,1.3689487740142781e-16
6621.779616781833,1.3506703789134984e-16
6622.535207226142,1.3350449530428195e-16
6623.290797670451,1.3174374039505579e-16
6624.046388114759,1.3077328770230156e-16
6624.801978559068,1.335812113332804e-16
6625.5575690033775,1.3712598010717534e-16
6626.313159447686,1.364071582063289e-16
6627.068749891995,1.3480276494178422e-16
6627.824340336303,1.3443671541859715e-16
6628.579930780612,1.3485297210927458e-16
6629.335521224921,1.3445666418492629e-16
6630.0911116692305,1.361480344944802e-16
6630.846702113539,1.3671075874902499e-16
6631.602292557847,1.3371009155983768e-16
6632.357883002156,1.3510881762070492e-16
6633.113473446465,1.3371360510519029e-16
6633.869063890775,1.3116911584528734e-16
6634.6246543350835,1.2723428615148687e-16
6635.380244779391,1.322239084502989e-16
6636.1358352237,1.367615889485202e-16
6636.891425668009,1.3710102803575827e-16
6637.647016112319,1.3756820333485996e-16
6638.402606556628,1.3660352830005422e-16
6639.158197000936,1.3689123610376268e-16
6639.913787445244,1.3922206317265528e-16
6640.669377889553,1.384935849263581e-16
6641.424968333863,1.3871940644250087e-16
6642.180558778172,1.3492949938823213e-16
6642.93614922248,1.3562178851552418e-16
6643.691739666789,1.3635880808446303e-16
6644.4473301110975,1.3829644430826695e-16
6645.202920555406,1.3756359941001818e-16
6645.958510999716,1.3661556616491842e-16
6646.714101444024,1.3534155480283015e-16
6647.469691888333,1.329544816621136e-16
6648.225282332642,1.3256083278765475e-16
6648.9808727769505,1.3082591709825295e-16
6649.736463221259,1.2858271080911517e-16
6650.492053665568,1.30983120604038e-16
6651.247644109877,1.3367542310297589e-16
6652.003234554186,1.3187291224697957e-16
6652.758824998495,1.310846674321088e-16
6653.5144154428035,1.3127524825720648e-16
6654.270005887112,1.317461748373405e-16
6655.025596331421,1.3479734386084881e-16
6655.78118677573,1.3533739856364374e-16
6656.536777220039,1.3517827072464248e-16
6657.292367664348,1.3479894148431623e-16
6658.0479581086565,1.345031947113069e-16
6658.803548552965,1.3551977073165089e-16
6659.559138997274,1.3665456778768276e-16
6660.314729441583,1.378753223379221e-16
6661.070319885892,1.3490007683739024e-16
6661.825910330201,1.2837997657355404e-16
6662.58150077451,1.2906119980470577e-16
6663.337091218818,1.3110586579485983e-16
6664.092681663127,1.313465651855715e-16
6664.848272107436,1.298945599783733e-16
6665.603862551744,1.311602237244607e-16
6666.359452996054,1.3497091576004346e-16
6667.115043440363,1.4424847437883269e-16
6667.870633884671,1.5213306178599328e-16
6668.62622432898,1.446426979768788e-16
6669.381814773288,1.3498579049874502e-16
6670.137405217597,1.3699704839755334e-16
6670.892995661907,1.390977688411118e-16
6671.648586106216,1.4249987842959452e-16
6672.404176550524,1.4006340862731924e-16
6673.159766994832,1.4491866688298302e-16
6673.915357439141,1.4525870388405183e-16
6674.670947883451,1.4594180722777836e-16
6675.42653832776,1.481011055192777e-16
6676.182128772069,1.4703694113590927e-16
6676.9377192163765,1.4537499482302317e-16
6677.693309660685,1.4640240099512918e-16
6678.448900104995,1.4390154053621035e-16
6679.204490549304,1.4393092367829854e-16
6679.960080993613,1.4424297053756903e-16
6680.715671437921,1.4234015479116424e-16
6681.47126188223,1.384494387311349e-16
6682.226852326539,1.3992293033126585e-16
6682.982442770848,1.4524434957850467e-16
6683.738033215157,1.4583875597247274e-16
6684.493623659465,1.419120663003895e-16
6685.249214103774,1.4202036702866805e-16
6686.004804548083,1.4086154817491976e-16
6686.760394992392,1.403466901734291e-16
6687.515985436701,1.3866593087492843e-16
6688.271575881009,1.3889823953227177e-16
6689.027166325318,1.4010116330489873e-16
6689.782756769627,1.4141244690504157e-16
6690.538347213935,1.4269851976182966e-16
6691.293937658245,1.414172135858929e-16
6692.049528102553,1.432693600588603e-16
6692.805118546862,1.408671407226812e-16
6693.560708991171,1.3802964005748911e-16
6694.316299435479,1.3582409918797645e-16
6695.0718898797895,1.368025978794652e-16
6695.827480324097,1.3821158652209412e-16
6696.583070768406,1.389305090709621e-16
6697.338661212715,1.4038713450064996e-16
6698.094251657023,1.3970516497339356e-16
6698.849842101334,1.3709272095085685e-16
6699.605432545642,1.3859060406687267e-16
6700.3610229899505,1.3934153718348885e-16
6701.116613434259,1.3513434806930457e-16
6701.872203878567,1.388894663536919e-16
6702.627794322878,1.4313044614454506e-16
6703.383384767186,1.4098268552904322e-16
6704.138975211495,1.374549305028049e-16
6704.8945656558035,1.373476890685806e-16
6705.650156100111,1.3896946313121883e-16
6706.405746544422,1.3842273894305178e-16
6707.16133698873,1.3934926418586571e-16
6707.916927433039,1.4026795531497533e-16
6708.672517877348,1.39863917012812e-16
6709.428108321656,1.4303474271307115e-16
6710.183698765964,1.4426376016337217e-16
6710.939289210273,1.41277845767055e-16
6711.694879654583,1.4134618977546444e-16
6712.450470098892,1.4063120338387566e-16
6713.2060605432,1.4290910836016715e-16
6713.961650987509,1.4723163000940734e-16
6714.7172414318175,1.4587634676381632e-16
6715.472831876127,1.444125674412626e-16
6716.228422320436,1.4292397121773454e-16
6716.984012764744,1.4150834529074064e-16
6717.739603209053,1.4079453229302892e-16
6718.495193653362,1.41061178894619e-16
6719.250784097671,1.4683112091011053e-16
6720.00637454198,1.469850312654358e-16
6720.761964986288,1.454071986618168e-16
6721.517555430597,1.433138064591094e-16
6722.273145874906,1.4247588976012135e-16
6723.028736319216,1.3805179043142667e-16
6723.784326763524,1.3460434679750777e-16
6724.539917207832,1.3515379142989238e-16
6725.295507652141,1.3130117769391655e-16
6726.05109809645,1.3061749939906077e-16
6726.80668854076,1.3244982349902175e-16
6727.562278985069,1.357739689852836e-16
6728.3178694293765,1.379793467435635e-16
6729.073459873685,1.3742315481724602e-16
6729.829050317994,1.3757828671908938e-16
6730.584640762303,1.375400777875697e-16
6731.340231206612,1.3865897437303449e-16
6732.095821650921,1.4214253291516575e-16
6732.8514120952295,1.4403307170458426e-16
6733.607002539538,1.3995773305901457e-16
6734.362592983847,1.3860354491929628e-16
6735.118183428156,1.4276019066921498e-16
6735.873773872465,1.4125217187404312e-16
6736.629364316774,1.3970436626233e-16
6737.384954761083,1.395490266174079e-16
6738.140545205391,1.3742831571773694e-16
6738.8961356497,1.3621631859781704e-16
6739.651726094009,1.403794610433293e-16
6740.407316538318,1.4190826197194348e-16
6741.162906982627,1.43228499934871e-16
6741.918497426936,1.4808163153061045e-16
6742.674087871244,1.492875731795442e-16
6743.429678315553,1.4946617536179936e-16
6744.185268759862,1.4874375078784374e-16
6744.940859204171,1.4692181290094674e-16
6745.69644964848,1.4581850395261362e-16
6746.452040092789,1.468938809202885e-16
6747.207630537097,1.48852291276742e-16
6747.963220981406,1.5167041196925656e-16
6748.718811425715,1.5302504536105032e-16
6749.474401870024,1.5253743010614227e-16
6750.229992314333,1.5074831910440268e-16
6750.985582758641,1.4704134277643155e-16
6751.74117320295,1.4519367046886764e-16
6752.496763647259,1.439826887652039e-16
6753.252354091568,1.4306235552981264e-16
6754.007944535877,1.4097090652126936e-16
6754.763534980185,1.4237096292000257e-16
6755.519125424494,1.42647499457677e-16
6756.2747158688035,1.4103398251018342e-16
6757.030306313112,1.3760046391519644e-16
6757.785896757421,1.4011954991072964e-16
6758.541487201729,1.414461993593662e-16
6759.297077646038,1.4489320487919972e-16
6760.052668090348,1.4512237401817425e-16
6760.8082585346565,1.4386798898104506e-16
6761.563848978965,1.4337031517798464e-16
6762.319439423273,1.454962779142655e-16
6763.075029867582,1.4799368127026691e-16
6763.830620311892,1.494683465331505e-16
6764.586210756201,1.471626375880578e-16
6765.3418012005095,1.4537486217955402e-16
6766.097391644817,1.506970669346982e-16
6766.852982089126,1.435127217399216e-16
6767.608572533435,1.450363512458151e-16
6768.364162977745,1.449381535739259e-16
6769.119753422054,1.4268764747518637e-16
6769.875343866362,1.4511547842032751e-16
6770.63093431067,1.4794265600415168e-16
6771.386524754979,1.4920671648429863e-16
6772.142115199289,1.4724782573023335e-16
6772.897705643598,1.4453858341387666e-16
6773.653296087906,1.4074067090768345e-16
6774.408886532215,1.3884686870686141e-16
6775.1644769765235,1.3967668680549313e-16
6775.920067420831,1.3859126359129454e-16
6776.675657865142,1.3970399573710377e-16
6777.43124830945,1.4081818172463554e-16
6778.186838753759,1.4163839593387037e-16
6778.942429198068,1.4467069123622875e-16
6779.698019642376,1.420018198080708e-16
6780.453610086686,1.4134119015296287e-16
6781.209200530994,1.4237965139514106e-16
6781.964790975303,1.4406548455263424e-16
6782.720381419612,1.4648364620415071e-16
6783.47597186392,1.470646989467697e-16
6784.23156230823,1.437858439796381e-16
6784.987152752538,1.449742697271851e-16
6785.742743196847,1.4349581493488e-16
6786.498333641156,1.4652921309186339e-16
6787.253924085464,1.51733585541185e-16
6788.009514529773,1.5499938475483763e-16
6788.7651049740825,1.5488555339090827e-16
6789.520695418391,1.5152111338567008e-16
6790.2762858627,1.490378652266201e-16
6791.031876307008,1.5258294281494e-16
6791.787466751317,1.4843388399383135e-16
6792.543057195627,1.4571760100654066e-16
6793.298647639936,1.4158010642320662e-16
6794.054238084244,1.4450562259001571e-16
6794.809828528552,1.4192397216059659e-16
6795.565418972861,1.4300071382258775e-16
6796.32100941717,1.4351609118811874e-16
6797.07659986148,1.4472746833580165e-16
6797.832190305789,1.4204380527409736e-16
6798.5877807500965,1.410908831732358e-16
6799.343371194405,1.3827699090729597e-16
6800.098961638714,1.423788860728164e-16
6800.854552083024,1.4914173362252632e-16
6801.610142527333,1.49010171684247e-16
6802.365732971641,1.5219592775849535e-16
6803.1213234159495,1.4866464959464539e-16
6803.876913860258,1.4751173944805068e-16
6804.632504304568,1.475860394248581e-16
6805.388094748877,1.4852909949838715e-16
6806.143685193185,1.5213343140766925e-16
6806.899275637494,1.5483988243313801e-16
6807.6548660818025,1.54720918480611e-16
6808.410456526112,1.554637771205471e-16
6809.166046970421,1.547440703212557e-16
6809.921637414729,1.536820121750824e-16
6810.677227859038,1.5037523630373815e-16
6811.432818303347,1.4862751652426486e-16
6812.188408747656,1.5141432581988073e-16
6812.943999191965,1.508736361673594e-16
6813.699589636273,1.5039484748839897e-16
6814.455180080582,1.4955474711776622e-16
6815.210770524891,1.5206021281719716e-16
6815.9663609692,1.4994942766450788e-16
6816.721951413509,1.4663499694741133e-16
6817.477541857817,1.4541909354714155e-16
6818.233132302126,1.4362029207856573e-16
6818.988722746435,1.463518313276603e-16
6819.744313190744,1.465126738371826e-16
6820.499903635053,1.4824518706431722e-16
6821.255494079362,1.5329239641978573e-16
6822.01108452367,1.5244757045078563e-16
6822.766674967979,1.4717005460450448e-16
6823.522265412288,1.4453552706201468e-16
6824.277855856597,1.4592223937786187e-16
6825.033446300906,1.4314155467762226e-16
6825.789036745215,1.4631607099419777e-16
6826.544627189523,1.4451848077568314e-16
6827.300217633832,1.442885236631858e-16
6828.055808078141,1.4304540133831238e-16
6828.81139852245,1.429986001164489e-16
6829.566988966759,1.4135419397839185e-16
6830.322579411068,1.4033103876470507e-16
6831.0781698553765,1.429575317299769e-16
6831.833760299685,1.4281464275953733e-16
6832.589350743993,1.4107456716681775e-16
6833.344941188303,1.444467475468668e-16
6834.100531632612,1.4654784059448082e-16
6834.856122076921,1.4813217149357947e-16
6835.6117125212295,1.480099737515483e-16
6836.367302965537,1.4872861180787497e-16
6837.122893409846,1.4651335945354395e-16
6837.878483854156,1.4702998344609488e-16
6838.634074298465,1.4705632415756493e-16
6839.389664742774,1.4459554524794444e-16
6840.145255187082,1.4483379299285864e-16
6840.90084563139,1.4368749944546261e-16
6841.6564360757,1.4385689839291168e-16
6842.412026520009,1.454077961086507e-16
6843.167616964318,1.4364990798277646e-16
6843.923207408626,1.404832895281062e-16
6844.678797852935,1.3905549856544933e-16
6845.434388297244,1.3880114774695327e-16
6846.189978741553,1.3992053540850116e-16
6846.945569185862,1.4111941642504434e-16
6847.70115963017,1.4470378100922375e-16
6848.456750074479,1.452278207544182e-16
6849.212340518789,1.4687155971914224e-16
6849.967930963097,1.471865999746104e-16
6850.723521407406,1.4674549467227263e-16
6851.479111851714,1.4531327010207694e-16
6852.234702296023,1.4936330237962914e-16
6852.990292740332,1.499728710978411e-16
6853.745883184642,1.4953924413569256e-16
6854.50147362895,1.5483042850395e-16
6855.257064073258,1.5342266897741918e-16
6856.012654517567,1.5258315947683874e-16
6856.768244961876,1.4887225210596036e-16
6857.523835406184,1.4816188380865043e-16
6858.279425850495,1.469761369787154e-16
6859.0350162948025,1.4744258178867864e-16
6859.790606739111,1.491188469245461e-16
6860.54619718342,1.5352610091164608e-16
6861.301787627728,1.5210072132734955e-16
6862.057378072039,1.4903635800724024e-16
6862.812968516347,1.4659003992742445e-16
6863.5685589606555,1.4526398467550045e-16
6864.324149404964,1.4490307744984865e-16
6865.079739849272,1.4623799340823425e-16
6865.835330293583,1.4850345832477835e-16
6866.590920737891,1.435459961018493e-16
6867.3465111822,1.2847525368782932e-16
6868.102101626509,1.0950468249367152e-16
6868.8576920708165,1.0063600078458911e-16
6869.613282515127,1.0865968273276714e-16
6870.368872959435,1.1135756969448526e-16
6871.124463403744,1.144782587909308e-16
6871.880053848053,1.1897087864979288e-16
6872.635644292361,1.2031781761829936e-16
6873.3912347366695,1.2266999491128638e-16
6874.146825180979,1.2458085614120172e-16
6874.902415625288,1.2536451856268114e-16
6875.658006069597,1.2710295671332887e-16
6876.413596513905,1.2969744007549632e-16
6877.169186958214,1.2953563913607314e-16
6877.924777402523,1.355149494776513e-16
6878.680367846832,1.4077223865996204e-16
6879.435958291141,1.3569926334711994e-16
6880.191548735449,1.408392854949465e-16
6880.947139179758,1.4908259342687456e-16
6881.702729624067,1.5068450748458072e-16
6882.458320068376,1.4715691459734237e-16
6883.213910512685,1.3911169603112704e-16
6883.969500956993,1.332206283596978e-16
6884.725091401302,1.3648469610200256e-16
6885.480681845611,1.332707336769707e-16
6886.236272289921,1.2316539820464505e-16
6886.9918627342295,1.257451473374192e-16
6887.747453178537,1.4071036723478788e-16
6888.503043622846,1.398060656730749e-16
6889.258634067155,1.2620649651155413e-16
6890.014224511465,1.223038205067326e-16
6890.769814955774,1.3395952478221545e-16
6891.525405400082,1.418146044108706e-16
6892.28099584439,1.3448062261481124e-16
6893.036586288699,1.223436493776098e-16
6893.792176733008,1.2917691518996675e-16
6894.547767177318,1.4310164776016933e-16
6895.303357621626,1.4286951849041288e-16
6896.058948065935,1.2864993785904956e-16
6896.814538510243,1.1879190706725837e-16
6897.570128954552,1.2673185050219573e-16
6898.325719398862,1.4195285264187984e-16
6899.08130984317,1.4273653091049e-16
6899.836900287479,1.286230440357553e-16
6900.592490731788,1.1730318760643604e-16
6901.3480811760965,1.2492076777833266e-16
6902.103671620405,1.373610880822389e-16
6902.859262064714,1.4254609322029357e-16
6903.614852509023,1.3722750480561086e-16
6904.370442953332,1.266897247939958e-16
6905.126033397641,1.2463453001731228e-16
6905.8816238419495,1.3981092882025075e-16
6906.637214286258,1.4683987882223879e-16
6907.392804730567,1.4547044618045e-16
6908.148395174876,1.3855142765254513e-16
6908.903985619185,1.2759943828201485e-16
6909.659576063494,1.2621569433486115e-16
6910.4151665078025,1.3480999444289725e-16
6911.170756952111,1.391413268126409e-16
6911.92634739642,1.3996113273567738e-16
6912.681937840729,1.3629340027339693e-16
6913.437528285038,1.299119167432668e-16
6914.193118729346,1.265038721088379e-16
6914.9487091736555,1.325069790554465e-16
6915.704299617964,1.3758420283566985e-16
6916.459890062273,1.3609738392940303e-16
6917.215480506582,1.3731781212815136e-16
6917.97107095089,1.3299846941998582e-16
6918.7266613952,1.291198719244349e-16
6919.4822518395085,1.322419640126211e-16
6920.237842283817,1.3776504151591259e-16
6920.993432728126,1.391328727238432e-16
6921.749023172434,1.4009711313019152e-16
6922.504613616743,1.3903383416063475e-16
6923.260204061053,1.3404906612263843e-16
6924.015794505362,1.3025015465867935e-16
6924.77138494967,1.3586381748758388e-16
6925.526975393978,1.376993582523103e-16
6926.282565838287,1.3562492683080044e-16
6927.038156282597,1.3150428126583588e-16
6927.793746726906,1.3120063430865946e-16
6928.549337171215,1.2525575312636738e-16
6929.3049276155225,1.2191082913199888e-16
6930.060518059831,1.2335338780693738e-16
6930.816108504141,1.266268329106754e-16
6931.57169894845,1.2757651686447793e-16
6932.327289392759,1.2901875505017114e-16
6933.082879837067,1.297523981135263e-16
6933.8384702813755,1.2559857099033122e-16
6934.594060725684,1.2494166800051635e-16
6935.349651169994,1.2491623726858218e-16
6936.105241614303,1.2489664565432692e-16
6936.860832058611,1.2663799502820458e-16
6937.61642250292,1.2680756780443375e-16
6938.3720129472285,1.2804449116865383e-16
6939.127603391538,1.2910173295835296e-16
6939.883193835847,1.251226747336632e-16
6940.638784280155,1.243395471221382e-16
6941.394374724464,1.2405488350377975e-16
6942.149965168773,1.236189436169229e-16
6942.905555613081,1.262393834419636e-16
6943.661146057391,1.2704199697567564e-16
6944.416736501699,1.246559949407817e-16
6945.172326946008,1.2454522151484242e-16
6945.927917390317,1.261828601210375e-16
6946.683507834625,1.3431947629711896e-16
6947.4390982789355,1.3394513940191406e-16
6948.194688723243,1.3333048614978326e-16
6948.950279167552,1.3006947438878469e-16
6949.705869611861,1.3082108621800072e-16
6950.461460056169,1.3390015854749634e-16
6951.21705050048,1.350367363063799e-16
6951.972640944788,1.3845857477848906e-16
6952.728231389096,1.3781697974595508e-16
6953.483821833405,1.336057043200815e-16
6954.239412277713,1.3069991487392003e-16
6954.995002722022,1.344063855273786e-16
6955.750593166332,1.3978698688288765e-16
6956.506183610641,1.3524069904614889e-16
6957.2617740549495,1.3353896833264218e-16
6958.017364499257,1.3302626326998773e-16
6958.772954943566,1.3488699253613464e-16
6959.528545387876,1.3679091800313446e-16
6960.284135832185,1.349784532494393e-16
6961.039726276494,1.2776432241650212e-16
6961.795316720802,1.25355637498909e-16
6962.55090716511,1.2773544658041877e-16
6963.306497609419,1.3180461906497083e-16
6964.062088053729,1.2819971982201591e-16
6964.817678498038,1.2546786451213367e-16
6965.573268942346,1.2737153894380824e-16
6966.328859386655,1.3083472094013276e-16
6967.084449830963,1.287023435108219e-16
6967.840040275273,1.2686975100381438e-16
6968.595630719582,1.2469582638674085e-16
6969.35122116389,1.2357988865830493e-16
6970.106811608199,1.2871971637139078e-16
6970.862402052508,1.3694399301333105e-16
6971.617992496817,1.3537507819164025e-16
6972.373582941126,1.339214948243402e-16
6973.129173385434,1.3598622483210085e-16
6973.884763829743,1.3570822195863305e-16
6974.640354274052,1.3463588294497036e-16
6975.395944718361,1.3694917875253359e-16
6976.15153516267,1.396927133019705e-16
6976.907125606978,1.3658594646675517e-16
6977.662716051287,1.3478890789015563e-16
6978.418306495596,1.3798729871899137e-16
6979.173896939905,1.3948975114656088e-16
6979.929487384215,1.3934220288038373e-16
6980.6850778285225,1.3580452767131528e-16
6981.440668272831,1.3781251118640769e-16
6982.19625871714,1.3634109591004467e-16
6982.951849161449,1.3828396811918016e-16
6983.707439605758,1.3695852059525569e-16
6984.463030050067,1.3396883520484657e-16
6985.2186204943755,1.3502684247386425e-16
6985.974210938684,1.364743387049584e-16
6986.729801382993,1.3274370018034537e-16
6987.485391827302,1.3434906825514736e-16
6988.240982271611,1.3440423578125907e-16
6988.99657271592,1.2825499454307761e-16
6989.7521631602285,1.289506324920063e-16
6990.507753604537,1.321457444417786e-16
6991.263344048846,1.359123413157855e-16
6992.018934493155,1.320507858055478e-16
6992.774524937464,1.328984589060255e-16
6993.530115381773,1.3423490452798805e-16
6994.2857058260815,1.3244505720934993e-16
6995.04129627039,1.3357124363006572e-16
6995.796886714698,1.3617787969124316e-16
6996.552477159008,1.390671892920455e-16
6997.308067603317,1.37726200520603e-16
6998.063658047626,1.3480831897388045e-16
6998.819248491935,1.3178018800302535e-16
6999.5748389362425,1.306658287685848e-16
7000.330429380552,1.3265504950181388e-16
7001.086019824861,1.3176520764216678e-16
7001.84161026917,1.294033825429343e-16
7002.597200713479,1.3244059267256947e-16
7003.352791157787,1.324996125641715e-16
7004.1083816020955,1.3257161606780573e-16
7004.863972046405,1.2862692159949257e-16
7005.619562490714,1.2907860758718629e-16
7006.375152935023,1.2791055772174901e-16
7007.130743379331,1.2670979844803568e-16
7007.88633382364,1.313170865359953e-16
7008.641924267949,1.3165349677729607e-16
7009.397514712258,1.2999914445723273e-16
7010.153105156567,1.315510816257991e-16
7010.908695600875,1.3214826655895235e-16
7011.664286045184,1.3571987972310838e-16
7012.419876489494,1.4024546296823504e-16
7013.175466933802,1.3933874345672784e-16
7013.931057378111,1.3460393160538957e-16
7014.686647822419,1.3181029883268745e-16
7015.442238266728,1.3197839054951693e-16
7016.197828711037,1.329651542922744e-16
7016.953419155347,1.3849849512751797e-16
7017.7090095996555,1.4147870337392367e-16
7018.464600043963,1.4076104529106572e-16
7019.220190488272,1.4077206353393728e-16
7019.975780932581,1.391814732077829e-16
7020.731371376891,1.3425499763465602e-16
7021.4869618212,1.3227331563488055e-16
7022.242552265508,1.30020923111736e-16
7022.998142709816,1.2946360777834699e-16
7023.753733154125,1.3174824414659816e-16
7024.509323598433,1.3704258531640107e-16
7025.264914042744,1.4038106857266992e-16
7026.020504487052,1.4005415178027469e-16
7026.776094931361,1.384319745604544e-16
7027.531685375669,1.3051252447291146e-16
7028.287275819977,1.2644799207596407e-16
7029.042866264288,1.2895843537617674e-16
7029.798456708596,1.3420383859649392e-16
7030.554047152905,1.4127303591667247e-16
7031.309637597214,1.4356812568686176e-16
7032.065228041522,1.4605228819170614e-16
7032.820818485832,1.4478337396240116e-16
7033.57640893014,1.457319632413979e-16
7034.331999374449,1.4164728435369937e-16
7035.087589818758,1.3659471250185834e-16
7035.843180263066,1.3243477864591948e-16
7036.598770707376,1.3146773324925805e-16
7037.354361151684,1.3231871244345318e-16
7038.109951595993,1.371705340852957e-16
7038.865542040302,1.414533392603857e-16
7039.62113248461,1.4463281051696777e-16
7040.376722928919,1.4126143065306594e-16
7041.1323133732285,1.4263319687642202e-16
7041.887903817537,1.381029046625497e-16
7042.643494261846,1.2906058057091256e-16
7043.399084706154,1.2849518882504096e-16
7044.154675150463,1.3043342457273719e-16
7044.910265594772,1.3116876204402787e-16
7045.6658560390815,1.3404935322196693e-16
7046.42144648339,1.369761608100752e-16
7047.177036927698,1.3963417003843986e-16
7047.932627372007,1.408358293539294e-16
7048.688217816316,1.3333636144255866e-16
7049.443808260626,1.281656061962179e-16
7050.1993987049345,1.240680589089312e-16
7050.9549891492425,1.199653714068511e-16
7051.710579593551,1.2023750001017585e-16
7052.46617003786,1.2651829334799769e-16
7053.22176048217,1.3186545124910742e-16
7053.977350926479,1.4134482987234671e-16
7054.732941370787,1.38369048161635e-16
7055.4885318150955,1.3115328900882706e-16
7056.244122259404,1.2406795926923506e-16
7056.999712703714,1.21054436031905e-16
7057.755303148023,1.2604427327994924e-16
7058.510893592331,1.2659932330068793e-16
7059.26648403664,1.2630819241450476e-16
7060.0220744809485,1.313348836488658e-16
7060.777664925257,1.3453077920153234e-16
7061.533255369567,1.3454245007756627e-16
7062.288845813875,1.343511306244245e-16
7063.044436258184,1.362521989804985e-16
7063.800026702493,1.381071016856378e-16
7064.5556171468015,1.3505366635428653e-16
7065.31120759111,1.3180982056462874e-16
7066.066798035419,1.303720513410919e-16
7066.822388479728,1.2612890101592171e-16
7067.577978924037,1.2430453828954e-16
7068.333569368346,1.2784443243274052e-16
7069.0891598126545,1.2883650774024688e-16
7069.844750256963,1.2655391831694003e-16
7070.600340701272,1.2606914870322154e-16
7071.355931145581,1.2495881115402056e-16
7072.11152158989,1.2563772712756794e-16
7072.867112034199,1.2064140315257554e-16
7073.622702478508,1.2143933607971669e-16
7074.378292922816,1.2269333101271865e-16
7075.133883367125,1.1883153016764605e-16
7075.889473811434,1.2035497303491368e-16
7076.645064255743,1.2428914582934212e-16
7077.400654700052,1.240153471900837e-16
7078.156245144361,1.2115706631468866e-16
7078.911835588669,1.2189763209899735e-16
7079.667426032978,1.2212171208119102e-16
7080.423016477287,1.2317613453769859e-16
7081.178606921595,1.2404085411481524e-16
7081.934197365905,1.2760957676524772e-16
7082.689787810214,1.2634280406480967e-16
7083.445378254522,1.2363145414768e-16
7084.200968698831,1.2377059720098006e-16
7084.956559143139,1.2135218664146714e-16
7085.712149587449,1.234483253069917e-16
7086.467740031758,1.242497371974615e-16
7087.223330476067,1.2892550079921318e-16
7087.9789209203755,1.2352477338834454e-16
7088.734511364683,1.2160931534419142e-16
7089.490101808992,1.227647425290032e-16
7090.245692253302,1.2016512837402103e-16
7091.001282697611,1.2271366155008846e-16
7091.75687314192,1.1915388938630082e-16
7092.512463586228,1.1842984135424714e-16
7093.268054030536,1.178559793363557e-16
7094.023644474846,1.1891921889289474e-16
7094.779234919155,1.1791114309269574e-16
7095.534825363464,1.1699529757062781e-16
7096.290415807772,1.1899588475886488e-16
7097.046006252081,1.2078612797980524e-16
7097.80159669639,1.1811168741290572e-16
7098.557187140699,1.1874022196865716e-16
7099.312777585008,1.1857358246266508e-16
7100.068368029316,1.1505467612794543e-16
7100.823958473625,1.1572938615449108e-16
7101.579548917934,1.1374562249639375e-16
7102.335139362243,1.1273469508554472e-16
7103.090729806552,1.1574225328973198e-16
7103.84632025086,1.1764712322873072e-16
7104.601910695169,1.1697076605371688e-16
7105.357501139478,1.1105890856248507e-16
7106.1130915837875,1.1310131445009006e-16
7106.868682028096,1.1286171884391294e-16
7107.624272472404,1.116006798711773e-16
7108.379862916713,1.1103444673982986e-16
7109.135453361022,1.1257957204232723e-16
7109.89104380533,1.1215123009470227e-16
7110.646634249641,1.127499909425934e-16
7111.4022246939485,1.1402136119111385e-16
7112.157815138257,1.12799673684493e-16
7112.913405582566,1.1265694897625245e-16
7113.668996026874,1.1285174785694495e-16
7114.424586471185,1.1566771423938343e-16
7115.180176915493,1.1198578427211816e-16
7115.9357673598015,1.118473574805347e-16
7116.69135780411,1.1444773178079064e-16
7117.446948248418,1.153928029295063e-16
7118.202538692729,1.1225720488803802e-16
7118.958129137037,1.1356424956278419e-16
7119.713719581346,1.1881826249550965e-16
7120.4693100256545,1.203898384451034e-16
7121.224900469962,1.1806981147472537e-16
7121.980490914271,1.1883949651888907e-16
7122.736081358581,1.2029226118907996e-16
7123.49167180289,1.2391143527353913e-16
7124.247262247199,1.2621320409846459e-16
7125.002852691507,1.2527981630870256e-16
7125.7584431358155,1.2310639480927106e-16
7126.514033580125,1.2399864209419976e-16
7127.269624024434,1.257619710626363e-16
7128.025214468743,1.2445317070872008e-16
7128.780804913051,1.2410929052496646e-16
7129.53639535736,1.2032350805401064e-16
7130.2919858016685,1.198106456966066e-16
7131.047576245978,1.2089616844188084e-16
7131.803166690287,1.1873342923794186e-16
7132.558757134595,1.1634772833000123e-16
7133.314347578904,1.1506082235286207e-16
7134.069938023213,1.1580477395492383e-16
7134.825528467522,1.184325258123259e-16
7135.581118911831,1.1783632048031098e-16
7136.336709356139,1.195426732539603e-16
7137.092299800448,1.1958372435614298e-16
7137.847890244757,1.154837230414821e-16
7138.603480689067,1.1513779174189881e-16
7139.359071133375,1.2321388147820982e-16
7140.114661577683,1.2337482271890655e-16
7140.870252021992,1.2202587050428068e-16
7141.625842466301,1.2280639929554524e-16
7142.38143291061,1.2353049294655453e-16
7143.13702335492,1.229080946193057e-16
7143.892613799228,1.2259298671519178e-16
7144.648204243536,1.2540381632936732e-16
7145.403794687845,1.24425023143156e-16
7146.159385132154,1.2309691515795543e-16
7146.914975576464,1.234883995028899e-16
7147.670566020772,1.2347326648123465e-16
7148.426156465081,1.1953405527765153e-16
7149.181746909389,1.1936969404706669e-16
7149.937337353698,1.188084883742878e-16
7150.692927798007,1.1955347462730563e-16
7151.448518242316,1.2135648343854414e-16
7152.204108686625,1.197894666519987e-16
7152.959699130934,1.1694362561275986e-16
7153.715289575242,1.197587000008e-16
7154.470880019551,1.2340647017686655e-16
7155.22647046386,1.2247966523772696e-16
7155.982060908169,1.234852747114679e-16
7156.737651352478,1.2479087943272114e-16
7157.493241796787,1.2497284687974186e-16
7158.248832241095,1.238149554968155e-16
7159.004422685404,1.2229911785299755e-16
7159.760013129713,1.2507883361079025e-16
7160.515603574022,1.262004569094991e-16
7161.271194018331,1.25838523177672e-16
7162.02678446264,1.2322257568150237e-16
7162.782374906948,1.1987711207516016e-16
7163.537965351257,1.174048070088871e-16
7164.293555795566,1.181751509330683e-16
7165.049146239875,1.1901560132938693e-16
7165.804736684184,1.229722139680538e-16
7166.560327128492,1.2248082681851245e-16
7167.3159175728015,1.2081698839171842e-16
7168.07150801711,1.213423601386119e-16
7168.827098461419,1.2257802255831107e-16
7169.582688905728,1.1776968685415526e-16
7170.338279350036,1.1028170436520334e-16
7171.093869794345,1.104225763591206e-16
7171.8494602386545,1.1196321843183256e-16
7172.605050682963,1.129996782785079e-16
7173.360641127272,1.1438681489764254e-16
7174.11623157158,1.1647634502675756e-16
7174.871822015889,1.178907875489379e-16
7175.627412460199,1.161022155601207e-16
7176.3830029045075,1.1017976742116288e-16
7177.138593348816,1.0607375622988879e-16
7177.894183793124,1.063775045557434e-16
7178.649774237433,1.1550991790640824e-16
7179.405364681743,1.1557228951558648e-16
7180.160955126052,1.1494151166260798e-16
7180.9165455703605,1.1316605992713197e-16
7181.6721360146685,1.0664318232390206e-16
7182.427726458977,1.0755543945564018e-16
7183.183316903286,1.1430652614556309e-16
7183.938907347596,1.1151136204153015e-16
7184.694497791905,1.0505856341134544e-16
7185.450088236213,1.10994046956198e-16
7186.2056786805215,1.1451164804074673e-16
7186.96126912483,1.0515803264689045e-16
7187.71685956914,1.0780489597285579e-16
7188.472450013449,1.1701080588833326e-16
7189.228040457757,1.1746261966192889e-16
7189.983630902066,1.1356307137964636e-16
7190.7392213463745,1.0934194285330955e-16
7191.494811790682,1.0017866360683804e-16
7192.250402234993,1.01259335378181e-16
7193.005992679301,1.1513329366036465e-16
7193.76158312361,1.142248459520967e-16
7194.517173567919,1.1640819299997837e-16
7195.272764012227,1.1753230960037927e-16
7196.028354456537,1.1574935808222e-16
7196.783944900845,1.157236393897853e-16
7197.539535345154,1.1130914477815812e-16
7198.295125789463,1.114269123511744e-16
7199.050716233771,1.1939009997180255e-16
7199.8063066780815,1.2292488503851844e-16
7200.561897122389,1.1526521569208833e-16
7201.317487566698,1.110416662848374e-16
7202.073078011007,1.198228652535021e-16
7202.828668455315,1.2144150606420204e-16
7203.584258899624,1.1374533999984805e-16
7204.339849343934,1.0776199015634724e-16
7205.095439788242,1.1199708920394348e-16
7205.851030232551,1.1443890218046459e-16
7206.606620676859,1.0744875144998268e-16
7207.362211121168,1.147055194638691e-16
7208.117801565478,1.1974829227919262e-16
7208.873392009787,1.2223492641191345e-16
7209.628982454095,1.1932354391666115e-16
7210.384572898403,1.1704877515576068e-16
7211.140163342712,1.1581411401923803e-16
7211.895753787021,1.1278558375377722e-16
7212.651344231331,1.170619568066204e-16
7213.40693467564,1.2093481875657843e-16
7214.1625251199475,1.2274062666572492e-16
7214.918115564256,1.2522103312202013e-16
7215.673706008565,1.2716238012100374e-16
7216.429296452875,1.263062098025038e-16
7217.184886897184,1.276931406160984e-16
7217.940477341492,1.3049023599956995e-16
7218.696067785801,1.2649260561993367e-16
7219.451658230109,1.258436140416145e-16
7220.207248674419,1.2446271395939843e-16
7220.962839118728,1.2528331308699256e-16
7221.718429563036,1.2718003608951034e-16
7222.474020007345,1.2622102363199479e-16
7223.229610451654,1.2129330003428485e-16
7223.985200895962,1.2042832448616019e-16
7224.740791340272,1.2673029544032518e-16
7225.49638178458,1.261629504773172e-16
7226.251972228889,1.2139992160598011e-16
7227.007562673198,1.1541778009967806e-16
7227.763153117507,1.1380567983653033e-16
7228.518743561816,1.1634297382951564e-16
7229.274334006124,1.2037842044526421e-16
7230.029924450433,1.2411702822893405e-16
7230.785514894742,1.2629178735051446e-16
7231.541105339051,1.281669466307836e-16
7232.29669578336,1.240386823199375e-16
7233.052286227668,1.1702821655286061e-16
7233.807876671977,1.189518775745535e-16
7234.563467116286,1.1422333004300187e-16
7235.319057560595,1.0964029656166012e-16
7236.074648004904,1.1701260900562572e-16
7236.830238449213,1.2096584026142834e-16
7237.5858288935215,1.2409883833388753e-16
7238.34141933783,1.2675263355157159e-16
7239.097009782139,1.318678620356986e-16
7239.852600226448,1.2720995080527462e-16
7240.608190670757,1.1542866172046637e-16
7241.363781115066,1.134168611252579e-16
7242.1193715593745,1.2398135336260093e-16
7242.874962003683,1.2358850848749507e-16
7243.630552447992,1.151134837318343e-16
7244.3861428923,1.1425801486334804e-16
7245.14173333661,1.205238217699609e-16
7245.897323780919,1.1695719138190454e-16
7246.6529142252275,1.17229530298335e-16
7247.408504669536,1.2026254147676121e-16
7248.164095113844,1.211732626622682e-16
7248.919685558154,1.2027717197822333e-16
7249.675276002463,1.2072100327271747e-16
7250.430866446772,1.2001158301269164e-16
7251.1864568910805,1.1970782707057831e-16
7251.942047335388,1.156777549097244e-16
7252.697637779697,1.116320897732926e-16
7253.453228224007,1.1247527250687677e-16
7254.208818668316,1.1582662275288139e-16
7254.964409112625,1.2442308981037346e-16
7255.719999556933,1.2726319261704437e-16
7256.4755900012415,1.2645796242074116e-16
7257.231180445551,1.255390833003543e-16
7257.98677088986,1.2635920881304087e-16
7258.742361334169,1.285792590221896e-16
7259.497951778477,1.2903187065144861e-16
7260.253542222786,1.2452520181928174e-16
7261.009132667095,1.2068209507710133e-16
7261.764723111404,1.2123192642235684e-16
7262.520313555713,1.2130640983514498e-16
7263.275904000021,1.1990658701755553e-16
7264.03149444433,1.177085123976505e-16
7264.787084888639,1.1538020620669777e-16
7265.542675332948,1.1138641947941997e-16
7266.298265777257,1.1379944226757705e-16
7267.053856221565,1.1858233386864546e-16
7267.809446665874,1.215708309105777e-16
7268.565037110183,1.234202994667382e-16
7269.320627554493,1.2269177147557697e-16
7270.076217998801,1.2020026038553517e-16
7270.831808443109,1.173663701650472e-16
7271.587398887418,1.1337869177270382e-16
7272.342989331727,1.0575999312276331e-16
7273.098579776037,1.0185377545384186e-16
7273.854170220346,1.072215930138857e-16
7274.609760664654,1.1007094995645494e-16
7275.365351108962,1.0760315684592415e-16
7276.120941553271,1.0876659944094295e-16
7276.876531997579,1.0597889034919986e-16
7277.63212244189,1.0175306327094544e-16
7278.387712886198,1.102955356824364e-16
7279.143303330507,1.1491881900992411e-16
7279.898893774815,1.174971696047552e-16
7280.654484219123,1.14965667440194e-16
7281.410074663434,1.1164605289968993e-16
7282.165665107742,1.1566565047941575e-16
7282.921255552051,1.1979769018279146e-16
7283.67684599636,1.2299665571952993e-16
7284.4324364406675,1.243401756936307e-16
7285.188026884976,1.2263381046499553e-16
7285.943617329286,1.2503666786690612e-16
7286.699207773595,1.2315769003818758e-16
7287.454798217904,1.1948765516556006e-16
7288.210388662212,1.1917318854183247e-16
7288.9659791065205,1.243068583910627e-16
7289.72156955083,1.227227936447948e-16
7290.477159995139,1.1195929322620277e-16
7291.232750439448,1.1291271334658447e-16
7291.988340883756,1.236290609241721e-16
7292.743931328065,1.2305774177075823e-16
7293.4995217723745,1.2184832134031984e-16
7294.255112216683,1.2096284320516348e-16
7295.010702660992,1.1784398822976066e-16
7295.7662931053,1.1648280688672926e-16
7296.521883549609,1.199690671421173e-16
7297.277473993918,1.2220600960223537e-16
7298.0330644382275,1.213354982866063e-16
7298.788654882536,1.2044566713440693e-16
7299.544245326844,1.202494070661204e-16
7300.299835771153,1.1906950045410107e-16
7301.055426215462,1.1830384009518787e-16
7301.811016659772,1.1995274517440857e-16
7302.5666071040805,1.2012800111192548e-16
7303.322197548388,1.185645268708378e-16
7304.077787992697,1.1956952299994947e-16
7304.833378437006,1.2211663500471888e-16
7305.588968881315,1.2035251753036739e-16
7306.344559325625,1.1518806173469654e-16
7307.100149769933,1.1457988479275416e-16
7307.855740214241,1.1204788174079563e-16
7308.61133065855,1.1004828937083766e-16
7309.366921102859,1.127884945397173e-16
7310.122511547169,1.1663207845168794e-16
7310.878101991477,1.1868554941341984e-16
7311.633692435786,1.184877437997895e-16
7312.3892828800945,1.186168392043956e-16
7313.144873324403,1.1605079927824117e-16
7313.900463768713,1.1495240591220385e-16
7314.656054213021,1.1869692564568797e-16
7315.41164465733,1.205120167941231e-16
7316.167235101639,1.201740856575317e-16
7316.9228255459475,1.2136408051027359e-16
7317.678415990256,1.212641958266054e-16
7318.434006434565,1.229897248340758e-16
7319.189596878874,1.2325056547452042e-16
7319.945187323183,1.2662308175965957e-16
7320.700777767492,1.2772794032435454e-16
7321.4563682118005,1.2679817958779963e-16
7322.211958656109,1.274360359313969e-16
7322.967549100418,1.2726808196216402e-16
7323.723139544727,1.2898810705408952e-16
7324.478729989036,1.3062929280229812e-16
7325.234320433345,1.3584313882586126e-16
7325.989910877653,1.312462921905234e-16
7326.745501321962,1.2782945136840708e-16
7327.501091766271,1.25633837162946e-16
7328.25668221058,1.2583182899368072e-16
7329.012272654889,1.2771369049072237e-16
7329.767863099197,1.2964896595661574e-16
7330.523453543507,1.2975775119316499e-16
7331.279043987815,1.3101103935475585e-16
7332.034634432124,1.2953672438829603e-16
7332.790224876433,1.257789852869896e-16
7333.545815320741,1.2486496796361162e-16
7334.301405765051,1.255661327893376e-16
7335.05699620936,1.2591376248539416e-16
7335.812586653668,1.2769686873996086e-16
7336.568177097977,1.3097070607218926e-16
7337.323767542285,1.268127627936294e-16
7338.079357986594,1.2397808800965445e-16
7338.834948430904,1.2026549290116886e-16
7339.590538875213,1.191846288899437e-16
7340.346129319521,1.182255432960688e-16
7341.101719763829,1.2467264382671522e-16
7341.857310208138,1.2468740006109993e-16
7342.612900652448,1.2641808144040617e-16
7343.368491096757,1.275919042754466e-16
7344.124081541066,1.2326310487181014e-16
7344.8796719853735,1.2166168634061535e-16
7345.635262429682,1.2154723018572522e-16
7346.390852873992,1.222982163789798e-16
7347.146443318301,1.2527922754539813e-16
7347.90203376261,1.28979604994957e-16
7348.657624206918,1.3164602027145486e-16
7349.413214651227,1.322773473768951e-16
7350.168805095535,1.3087551337798364e-16
7350.924395539845,1.2810161487202557e-16
7351.679985984154,1.260401122092796e-16
7352.435576428462,1.2718373872252981e-16
7353.191166872771,1.3115021180357938e-16
7353.94675731708,1.3068607564123062e-16
7354.702347761389,1.3130227761693928e-16
7355.457938205698,1.3430819687827026e-16
7356.213528650006,1.3241585603554094e-16
7356.969119094315,1.3233097113445995e-16
7357.724709538624,1.3269924342546342e-16
7358.480299982932,1.289039162515046e-16
7359.235890427242,1.2699456066268764e-16
7359.99148087155,1.2751838331877995e-16
7360.747071315859,1.3136362938742716e-16
7361.502661760168,1.3694140144134976e-16
7362.258252204476,1.3423983393003528e-16
7363.0138426487865,1.3314455288065521e-16
7363.769433093094,1.3094647966796495e-16
7364.525023537403,1.3089635861468472e-16
7365.280613981712,1.3080739201667252e-16
7366.03620442602,1.3203908931954548e-16
7366.791794870331,1.2817431870318156e-16
7367.547385314639,1.2921710029572984e-16
7368.3029757589475,1.2869492350828752e-16
7369.058566203256,1.3030290542041764e-16
7369.814156647564,1.312585419519792e-16
7370.569747091873,1.2755562219745392e-16
7371.325337536183,1.2409563584990203e-16
7372.080927980492,1.2019488435308034e-16
7372.8365184248005,1.2155764920330827e-16
7373.592108869108,1.236137205628596e-16
7374.347699313417,1.225513806276735e-16
7375.103289757727,1.205120256224497e-16
7375.858880202036,1.217954832369961e-16
7376.614470646345,1.255271400940252e-16
7377.370061090653,1.283470912631371e-16
7378.125651534961,1.2631301477308737e-16
7378.88124197927,1.2422218247944337e-16
7379.63683242358,1.241101256839356e-16
7380.392422867889,1.2552873113019054e-16
7381.148013312197,1.285875420609316e-16
7381.903603756506,1.3034180639610454e-16
7382.659194200814,1.2902139327829948e-16
7383.414784645124,1.2610171617811772e-16
7384.170375089433,1.2930647522932748e-16
7384.925965533741,1.3260769948084242e-16
7385.68155597805,1.3384971756396244e-16
7386.437146422359,1.3997245710676525e-16
7387.192736866668,1.3941417824900503e-16
7387.948327310977,1.3222206961649015e-16
7388.703917755285,1.3064182504727373e-16
7389.459508199594,1.3296354895369118e-16
7390.215098643903,1.3052545406023282e-16
7390.970689088212,1.2777917637156662e-16
7391.726279532521,1.2800690267120924e-16
7392.481869976829,1.287827056597853e-16
7393.237460421138,1.2726085253917929e-16
7393.993050865447,1.3166998318297803e-16
7394.748641309756,1.3236436986957427e-16
7395.504231754066,1.2545726424071134e-16
7396.2598221983735,1.1865554573818017e-16
7397.015412642682,1.195782258684948e-16
7397.771003086991,1.221725653752099e-16
7398.5265935313,1.2063645207589329e-16
7399.282183975609,1.1947990956820248e-16
7400.037774419918,1.2454342897627718e-16
7400.7933648642265,1.2414468407231614e-16
7401.548955308535,1.2423799699407376e-16
7402.304545752844,1.2878891007017851e-16
7403.060136197153,1.3007326441194952e-16
7403.815726641462,1.254849418749768e-16
7404.571317085771,1.209262475004723e-16
7405.32690753008,1.1957129618730506e-16
7406.082497974388,1.2104616292242187e-16
7406.838088418697,1.2500405174674598e-16
7407.593678863006,1.2391449372050107e-16
7408.349269307315,1.287115679007194e-16
7409.104859751624,1.3464399546064293e-16
7409.860450195933,1.3291854350012282e-16
7410.616040640241,1.316164957321094e-16
7411.371631084549,1.3085886057462662e-16
7412.127221528859,1.2863715789158459e-16
7412.882811973168,1.2679525586482146e-16
7413.638402417477,1.2500966001460834e-16
7414.393992861786,1.2756465576491296e-16
7415.1495833060935,1.3119387406037115e-16
7415.905173750403,1.363941781935153e-16
7416.660764194712,1.3729223521570825e-16
7417.416354639021,1.3723560149210626e-16
7418.17194508333,1.3733703905757114e-16
7418.927535527638,1.3362434586423607e-16
7419.6831259719465,1.3275086792952915e-16
7420.438716416256,1.319733994224019e-16
7421.194306860565,1.3218571934589093e-16
7421.949897304874,1.2977551953077915e-16
7422.705487749182,1.3023834108773412e-16
7423.461078193491,1.3086361330036613e-16
7424.2166686378005,1.330793427001644e-16
7424.972259082109,1.33548796349516e-16
7425.727849526418,1.3473242093971552e-16
7426.483439970726,1.3402544121693365e-16
7427.239030415035,1.301720541340315e-16
7427.994620859345,1.2973909227656018e-16
7428.7502113036535,1.2839563353886263e-16
7429.505801747962,1.2668059563972918e-16
7430.26139219227,1.2601073038855836e-16
7431.016982636579,1.2515362950535035e-16
7431.772573080888,1.2663384817156732e-16
7432.528163525198,1.279123893033364e-16
7433.2837539695065,1.271158745285939e-16
7434.039344413814,1.2608150896235151e-16
7434.794934858123,1.2483867888817048e-16
7435.550525302432,1.2499276752673655e-16
7436.306115746742,1.3072476469673582e-16
7437.061706191051,1.340041031649862e-16
7437.817296635359,1.335525239528006e-16
7438.572887079667,1.3240970460643934e-16
7439.328477523976,1.2988542673629418e-16
7440.084067968284,1.2840660322447745e-16
7440.839658412595,1.2945868705873123e-16
7441.595248856903,1.3076410441929146e-16
7442.350839301212,1.308745501700328e-16
7443.1064297455205,1.3114020887833323e-16
7443.862020189828,1.3089882011221727e-16
7444.617610634139,1.3154294862041998e-16
7445.373201078447,1.2788974416277698e-16
7446.128791522756,1.2684191271718224e-16
7446.884381967065,1.296363152537668e-16
7447.639972411373,1.3520528334094389e-16
7448.395562855683,1.3484625358959785e-16
7449.151153299991,1.3442242500390164e-16
7449.9067437443,1.3365046718221552e-16
7450.662334188609,1.2913297231448784e-16
7451.417924632917,1.253829797944253e-16
7452.173515077226,1.2624170058691581e-16
7452.929105521535,1.3064513648184454e-16
7453.684695965844,1.337013320571544e-16
7454.440286410153,1.3530369645007085e-16
7455.195876854461,1.356994809790246e-16
7455.95146729877,1.3636648653899752e-16
7456.7070577430795,1.3381763421504426e-16
7457.462648187388,1.365958105368944e-16
7458.218238631697,1.375864470105779e-16
7458.973829076005,1.391974264913812e-16
7459.729419520314,1.3573591211705076e-16
7460.485009964623,1.3171998408598585e-16
7461.240600408933,1.3246546668478188e-16
7461.996190853241,1.3411546552472528e-16
7462.751781297549,1.371287754975221e-16
7463.507371741858,1.3556478729612287e-16
7464.262962186167,1.340379358777562e-16
7465.018552630477,1.2860442316038044e-16
7465.774143074786,1.276737588245889e-16
7466.5297335190935,1.266744064031344e-16
7467.285323963402,1.293137042185025e-16
7468.040914407711,1.3068796406496574e-16
7468.796504852021,1.3174375633800225e-16
7469.55209529633,1.326790987053441e-16
7470.307685740638,1.3021505343640972e-16
7471.0632761849465,1.263166808749115e-16
7471.818866629255,1.2803331677470472e-16
7472.574457073564,1.283266109255215e-16
7473.330047517874,1.2356847927774475e-16
7474.085637962182,1.300014308507179e-16
7474.841228406491,1.3214811097140796e-16
7475.5968188507995,1.3171273689035818e-16
7476.352409295108,1.2792346552099444e-16
7477.107999739418,1.272870458889098e-16
7477.863590183726,1.3036510472951424e-16
7478.619180628035,1.306469540466912e-16
7479.374771072344,1.292904112797103e-16
7480.130361516653,1.3299168411505484e-16
7480.885951960961,1.3238190249456442e-16
7481.64154240527,1.292263038657904e-16
7482.397132849579,1.2958120877260723e-16
7483.152723293888,1.319190687649959e-16
7483.908313738197,1.3145389813228356e-16
7484.663904182506,1.28641389094028e-16
7485.419494626814,1.3362765640940913e-16
7486.175085071123,1.3747753723213825e-16
7486.930675515432,1.360177284129194e-16
7487.686265959741,1.3833329590893593e-16
7488.44185640405,1.3734383596443292e-16
7489.197446848359,1.3652407888991568e-16
7489.953037292667,1.3801334034378572e-16
7490.708627736976,1.399595977292991e-16
7491.464218181285,1.3845193958250334e-16
7492.219808625594,1.3394692136569358e-16
7492.975399069902,1.3410792066171164e-16
7493.730989514212,1.3453223725062152e-16
7494.48657995852,1.3467788083770958e-16
7495.242170402829,1.3226668882819338e-16
7495.997760847138,1.291724214879585e-16
7496.753351291446,1.2786687404001176e-16
7497.508941735756,1.3004870861037867e-16
7498.264532180065,1.3397148152197956e-16
7499.0201226243735,1.3267512963654184e-16
7499.775713068682,1.2852871407072518e-16
7500.53130351299,1.2679127893272003e-16
7501.2868939573,1.3304693663599124e-16
7502.042484401609,1.3726578455642445e-16
7502.798074845918,1.3434671658760903e-16
7503.5536652902265,1.3472508252010333e-16
7504.309255734534,1.3367439130130617e-16
7505.064846178843,1.3485649466034095e-16
7505.820436623153,1.3427761538118658e-16
7506.576027067462,1.3526874953538955e-16
7507.331617511771,1.3390771508427126e-16
7508.087207956079,1.334257178811796e-16
7508.842798400387,1.3525245286373958e-16
7509.598388844697,1.3830071713312408e-16
7510.353979289006,1.3552256218938145e-16
7511.109569733315,1.3566617748104573e-16
7511.865160177623,1.3406455056706028e-16
7512.620750621932,1.3002506086083854e-16
7513.3763410662405,1.3345520605009585e-16
7514.13193151055,1.3233255913099653e-16
7514.887521954859,1.321494340570069e-16
7515.643112399167,1.3458743109169206e-16
7516.398702843476,1.3660410858365018e-16
7517.154293287785,1.3936907429252356e-16
7517.909883732094,1.380515269236671e-16
7518.665474176403,1.3301597868889981e-16
7519.421064620711,1.3415039706127316e-16
7520.17665506502,1.353021731704794e-16
7520.932245509329,1.315137886515087e-16
7521.687835953639,1.3184885256637956e-16
7522.443426397947,1.3662018097600934e-16
7523.199016842255,1.382088599307197e-16
7523.954607286564,1.3976487992389892e-16
7524.710197730873,1.4237945499283114e-16
7525.465788175181,1.437362990517757e-16
7526.221378619492,1.447139011321006e-16
7526.9769690637995,1.4178941585623955e-16
7527.732559508108,1.369084625707266e-16
7528.488149952417,1.3728719803880237e-16
7529.243740396725,1.3813464733683821e-16
7529.999330841036,1.3895508418593917e-16
7530.754921285344,1.3500081253038586e-16
7531.5105117296525,1.3931749095677845e-16
7532.266102173961,1.404133145594455e-16
7533.021692618269,1.4282561786301488e-16
7533.777283062578,1.441338582377175e-16
7534.532873506888,1.4067565787615261e-16
7535.288463951197,1.3837862319546746e-16
7536.044054395506,1.3469943723005158e-16
7536.7996448398135,1.363828648206685e-16
7537.555235284122,1.3909019021809492e-16
7538.310825728432,1.4314355142506655e-16
7539.066416172741,1.4439430530816817e-16
7539.82200661705,1.3998134579098604e-16
7540.577597061358,1.3976724853700514e-16
7541.3331875056665,1.437446145802264e-16
7542.088777949976,1.3915442099695728e-16
7542.844368394285,1.3881451272197556e-16
7543.599958838594,1.359040562247254e-16
7544.355549282902,1.3477449221991173e-16
7545.111139727211,1.377203340519956e-16
7545.8667301715195,1.4309509255035535e-16
7546.622320615829,1.4109432317953206e-16
7547.377911060138,1.4001266896832408e-16
7548.133501504446,1.3910497111995983e-16
7548.889091948755,1.391032555873177e-16
7549.644682393064,1.4014709793722039e-16
7550.400272837373,1.3608217611191906e-16
7551.155863281682,1.3695094414250611e-16
7551.91145372599,1.3573331203911542e-16
7552.667044170299,1.3199333476312922e-16
7553.422634614608,1.3375267920850944e-16
7554.178225058917,1.3595235757129154e-16
7554.9338155032265,1.3521813215196014e-16
7555.689405947534,1.3375775818589929e-16
7556.444996391843,1.3097366503583338e-16
7557.200586836152,1.3382536061161685e-16
7557.956177280461,1.3631459059480354e-16
7558.711767724771,1.3313946330132025e-16
7559.467358169079,1.3742975108043703e-16
7560.222948613387,1.387588885843046e-16
7560.978539057696,1.3798413519019956e-16
7561.734129502005,1.4051661041685122e-16
7562.489719946315,1.4115183817818372e-16
7563.245310390623,1.3758815119425445e-16
7564.000900834932,1.3726291662715278e-16
7564.75649127924,1.3896887725649158e-16
7565.512081723549,1.3842445840932174e-16
7566.267672167858,1.3851962349295796e-16
7567.023262612167,1.365688532515962e-16
7567.778853056476,1.3227686511003673e-16
7568.534443500785,1.3927789704593719e-16
7569.2900339450935,1.376229124740445e-16
7570.045624389402,1.349463113004811e-16
7570.801214833711,1.362678168098472e-16
7571.55680527802,1.3873813255216222e-16
7572.312395722329,1.3686392452042594e-16
7573.067986166638,1.353719807664539e-16
7573.8235766109465,1.3160380462836653e-16
7574.579167055255,1.375015340904353e-16
7575.334757499564,1.3874214843674912e-16
7576.090347943873,1.3864658517778353e-16
7576.845938388182,1.4322322529288482e-16
7577.601528832491,1.4400633501763567e-16
7578.357119276799,1.4121724194054898e-16
7579.112709721108,1.4224215356860144e-16
7579.868300165417,1.421408713519351e-16
7580.623890609726,1.4248048990399399e-16
7581.379481054035,1.4345920253542773e-16
7582.135071498343,1.4070640335346083e-16
7582.8906619426525,1.416752552223138e-16
7583.646252386961,1.4172629891928426e-16
7584.40184283127,1.4270483824454504e-16
7585.157433275579,1.404991463444358e-16
7585.913023719887,1.433091145799714e-16
7586.668614164196,1.4437289093345025e-16
7587.4242046085055,1.4638755848483695e-16
7588.179795052814,1.4513467242822793e-16
7588.935385497123,1.475297457488057e-16
7589.690975941431,1.4478270042323802e-16
7590.44656638574,1.3936517315208265e-16
7591.20215683005,1.375781003502296e-16
7591.957747274359,1.362710129962924e-16
7592.713337718667,1.3827677589885313e-16
7593.468928162975,1.3058564406986203e-16
7594.224518607284,1.0423664792331345e-16
7594.980109051594,8.97350852408428e-17
7595.735699495903,7.838979531852122e-17
7596.491289940212,7.357300609622656e-17
7597.2468803845195,7.903050367094443e-17
7598.002470828828,8.028971366993672e-17
7598.758061273137,6.641867098410092e-17
7599.513651717447,6.811413204180376e-17
7600.269242161756,5.100552221434326e-17
7601.024832606064,5.393914797680738e-17
7601.7804230503725,5.1857795199310936e-17
7602.536013494681,4.3630487327610724e-17
7603.291603938991,5.815798929733182e-17
7604.0471943833,4.299138199069581e-17
7604.802784827608,4.570314693067254e-17
7605.558375271917,5.1050245593304004e-17
7606.3139657162255,4.7520217406997556e-17
7607.0695561605335,4.781234778619315e-17
7607.825146604844,5.3332204971915066e-17
7608.580737049152,6.08777066542413e-17
7609.336327493461,5.570896783494785e-17
7610.09191793777,5.293190333712302e-17
7610.847508382078,6.607157592925871e-17
7611.603098826388,8.381867433148363e-17
7612.358689270696,6.295561222304122e-17
7613.114279715005,6.918609871846967e-17
7613.869870159314,9.248225498333922e-17
7614.625460603622,1.0185714908992161e-16
7615.3810510479325,8.095556075959054e-17
7616.13664149224,8.943216197443884e-17
7616.892231936549,1.1744285739403564e-16
7617.647822380858,1.3866969451033274e-16
7618.403412825166,1.3817810975964392e-16
7619.159003269475,1.3354091537360256e-16
7619.914593713785,1.2968701401858884e-16
7620.670184158093,9.956475410861623e-17
7621.425774602402,8.903374752630327e-17
7622.18136504671,1.165823269960379e-16
7622.936955491019,9.71821423221068e-17
7623.692545935329,7.469680190330087e-17
7624.448136379638,6.899762719500277e-17
7625.203726823946,9.201436141563642e-17
7625.959317268254,1.2171398091194732e-16
7626.714907712563,9.250009722731779e-17
7627.470498156872,6.215971492682632e-17
7628.226088601182,5.924802450326841e-17
7628.981679045491,8.48688149309519e-17
7629.737269489799,1.1861296497467673e-16
7630.492859934107,1.025315271082864e-16
7631.248450378416,6.416103973626937e-17
7632.004040822726,5.653730793275012e-17
7632.759631267035,7.799395461911297e-17
7633.515221711343,1.1310471444054095e-16
7634.270812155652,1.1610867955396734e-16
7635.02640259996,8.145396966931754e-17
7635.78199304427,5.776368311893444e-17
7636.537583488579,6.347803563598619e-17
7637.293173932887,1.0479565416576511e-16
7638.048764377196,1.3033540523662095e-16
7638.804354821505,1.2286918886167658e-16
7639.559945265813,7.656791526933867e-17
7640.315535710123,6.138217472088219e-17
7641.071126154431,7.015794194055623e-17
7641.82671659874,1.0629223772431428e-16
7642.582307043049,1.2056242804868433e-16
7643.337897487358,1.148521333850297e-16
7644.093487931667,7.997900011756089e-17
7644.849078375975,6.121028923535519e-17
7645.604668820284,6.852483045731133e-17
7646.360259264593,1.0242692298458676e-16
7647.115849708902,1.1811913422849575e-16
7647.871440153211,1.1594021228579054e-16
7648.6270305975195,9.831289607202594e-17
7649.382621041828,7.297306537857617e-17
7650.138211486137,7.259211538610035e-17
7650.893801930446,9.681208546855171e-17
7651.649392374755,1.221745008458071e-16
7652.404982819064,1.2472711764295248e-16
7653.1605732633725,1.2018273370739107e-16
7653.916163707681,9.526917644058371e-17
7654.67175415199,8.36761883264439e-17
7655.427344596299,9.546037184823408e-17
7656.182935040608,1.265269275565436e-16
7656.938525484917,1.4044209119484308e-16
7657.6941159292255,1.395794103360021e-16
7658.449706373534,1.3829067388192355e-16
7659.205296817843,1.16634337185418e-16
7659.960887262151,1.0787670401688444e-16
7660.716477706461,1.0846012228030287e-16
7661.47206815077,1.298367493793282e-16
7662.2276585950785,1.410117734041174e-16
7662.983249039387,1.3956959620186752e-16
7663.738839483695,1.389931160041221e-16
7664.494429928005,1.2573458271064532e-16
7665.250020372314,1.1096039667605604e-16
7666.005610816623,1.1419933645743766e-16
7666.761201260932,1.2836372497768234e-16
7667.5167917052395,1.4158514327124048e-16
7668.272382149548,1.4133473131785013e-16
7669.027972593858,1.4048432698795216e-16
7669.783563038167,1.3871002875009292e-16
7670.539153482476,1.2750904517392576e-16
7671.294743926784,1.2193226858959524e-16
7672.0503343710925,1.2572363676657495e-16
7672.805924815402,1.3574389625645136e-16
7673.561515259711,1.3715282876901789e-16
7674.31710570402,1.3690531939932886e-16
7675.072696148328,1.4058102167888964e-16
7675.828286592637,1.3874455971014265e-16
7676.583877036946,1.295722291079524e-16
7677.339467481255,1.239718946814922e-16
7678.095057925564,1.2647944001721173e-16
7678.850648369872,1.349642077662808e-16
7679.606238814181,1.3414897278742145e-16
7680.36182925849,1.3113599844234265e-16
7681.117419702799,1.3143361979703236e-16
7681.873010147108,1.3245487670566805e-16
7682.628600591416,1.2896417368442743e-16
7683.384191035725,1.254964341785226e-16
7684.139781480034,1.3108774760423395e-16
7684.895371924344,1.3726169818946229e-16
7685.6509623686525,1.3472082499331258e-16
7686.40655281296,1.3241387157590589e-16
7687.162143257269,1.324786541472629e-16
7687.917733701578,1.3184785475041156e-16
7688.673324145886,1.3107241949211778e-16
7689.428914590197,1.3583552206407019e-16
7690.184505034505,1.3697287453227965e-16
7690.940095478813,1.3934383473458692e-16
7691.695685923122,1.4153407389993639e-16
7692.45127636743,1.422149699376333e-16
7693.206866811741,1.4208493585633776e-16
7693.962457256049,1.3957997925619476e-16
7694.718047700358,1.348276208375584e-16
7695.473638144666,1.2761106337786137e-16
7696.229228588974,1.2558214725786796e-16
7696.984819033285,1.2765618605376977e-16
7697.740409477593,1.2839776774207775e-16
7698.495999921902,1.262560957098981e-16
7699.251590366211,1.2531585543316189e-16
7700.007180810519,1.272864222710358e-16
7700.762771254827,1.308379818572304e-16
7701.518361699137,1.3096600339028529e-16
7702.273952143446,1.3459757380721436e-16
7703.029542587755,1.3551667117844047e-16
7703.785133032063,1.3268900795329614e-16
7704.540723476372,1.3337534650672096e-16
7705.296313920681,1.3413836123008325e-16
7706.05190436499,1.3466825153800407e-16
7706.807494809299,1.336341516434733e-16
7707.563085253607,1.3275303874274912e-16
7708.318675697916,1.339662618019589e-16
7709.074266142225,1.3637082582799749e-16
7709.829856586534,1.3667566721371479e-16
7710.585447030843,1.3641625283962068e-16
7711.341037475151,1.3465397825039314e-16
7712.09662791946,1.31356052582948e-16
7712.852218363769,1.3052942331767151e-16
7713.6078088080785,1.3435037524340428e-16
7714.363399252387,1.3613992849002985e-16
7715.118989696695,1.3845887519266199e-16
7715.874580141004,1.402301171310802e-16
7716.630170585313,1.3914068919235585e-16
7717.385761029623,1.4056669709882936e-16
7718.1413514739315,1.454238996878068e-16
7718.8969419182395,1.4114238761298944e-16
7719.652532362548,1.4057115884893225e-16
7720.408122806857,1.3990345987059122e-16
7721.163713251166,1.4387380175994697e-16
7721.919303695476,1.4635852274224814e-16
7722.674894139784,1.447505666453983e-16
7723.4304845840925,1.436124088007076e-16
7724.186075028401,1.4294745633079804e-16
7724.94166547271,1.419274678193597e-16
7725.69725591702,1.4227828831596504e-16
7726.452846361328,1.424035718785564e-16
7727.208436805637,1.4007175322148075e-16
7727.9640272499455,1.3984892771439148e-16
7728.719617694254,1.3578438006177134e-16
7729.475208138563,1.3226601615997453e-16
7730.230798582872,1.3029680501773428e-16
7730.986389027181,1.326125586762059e-16
7731.74197947149,1.3215737554699015e-16
7732.4975699157985,1.3021610705556628e-16
7733.253160360107,1.3106968927071992e-16
7734.008750804416,1.3353016870464917e-16
7734.764341248725,1.333354337050723e-16
7735.519931693034,1.3358197887338384e-16
7736.275522137343,1.3507587479645133e-16
7737.0311125816515,1.3473223750683473e-16
7737.78670302596,1.3441369980940524e-16
7738.542293470269,1.3672833510900082e-16
7739.297883914578,1.4263649833467876e-16
7740.053474358887,1.3876841077372119e-16
7740.809064803196,1.4024769546619008e-16
7741.564655247505,1.4363965041371632e-16
7742.320245691813,1.441230810804711e-16
7743.075836136122,1.462589736886187e-16
7743.831426580431,1.4883003784147692e-16
7744.58701702474,1.477743170957975e-16
7745.342607469048,1.4549376425058878e-16
7746.098197913358,1.433316702307255e-16
7746.853788357666,1.424654097812157e-16
7747.609378801975,1.4674489112474198e-16
7748.364969246284,1.4540439109962475e-16
7749.120559690592,1.4441200103092093e-16
7749.876150134901,1.4351946398479132e-16
7750.631740579211,1.435022780739676e-16
7751.387331023519,1.4541787196743115e-16
7752.142921467828,1.458066007932425e-16
7752.898511912136,1.4703715236671452e-16
7753.654102356445,1.4371306452749984e-16
7754.409692800755,1.4243056556094048e-16
7755.165283245064,1.4066700331133163e-16
7755.9208736893725,1.3964099999634437e-16
7756.67646413368,1.3743957508871034e-16
7757.432054577989,1.3602115622810374e-16
7758.187645022299,1.363126318890034e-16
7758.943235466608,1.3248187504719904e-16
7759.698825910917,1.3393588737721985e-16
7760.454416355225,1.3351224707631221e-16
7761.210006799533,1.281041211335473e-16
7761.965597243843,1.2719717948891353e-16
7762.721187688152,1.2527262837317185e-16
7763.476778132461,1.2787191904064086e-16
7764.232368576769,1.3301285452941298e-16
7764.987959021078,1.3602664579978572e-16
7765.743549465386,1.418323524209676e-16
7766.499139909696,1.4006650153851073e-16
7767.254730354005,1.3918848151920998e-16
7768.010320798313,1.4004838754241914e-16
7768.765911242622,1.4104444919235189e-16
7769.521501686931,1.3614803932539264e-16
7770.2770921312385,1.335384190438822e-16
7771.032682575549,1.3690223850099377e-16
7771.788273019857,1.3927849593360087e-16
7772.543863464166,1.4091810862460664e-16
7773.299453908475,1.4114977757892305e-16
7774.055044352783,1.4196664418824475e-16
7774.810634797093,1.408125513693052e-16
7775.566225241401,1.395396180153722e-16
7776.32181568571,1.382993370063614e-16
7777.077406130019,1.42015870171106e-16
7777.832996574327,1.4199914869334063e-16
7778.588587018638,1.3975064550382111e-16
7779.3441774629455,1.4322945498197062e-16
7780.099767907254,1.418397457804528e-16
7780.855358351563,1.4073948907557383e-16
7781.610948795871,1.4017136895007822e-16
7782.366539240182,1.4525990396993527e-16
7783.12212968449,1.4962273445896365e-16
7783.8777201287985,1.5201007879533516e-16
7784.633310573107,1.4897681385069922e-16
7785.388901017415,1.4685777695896563e-16
7786.144491461724,1.4480914571801827e-16
7786.900081906034,1.4148464120480834e-16
7787.655672350343,1.4436289386994659e-16
7788.4112627946515,1.4684976788602438e-16
7789.166853238959,1.4569509416301582e-16
7789.922443683268,1.4736843954591665e-16
7790.678034127577,1.4967858611382311e-16
7791.433624571887,1.5007369506686515e-16
7792.189215016196,1.496206534446036e-16
7792.944805460504,1.4781525604760762e-16
7793.7003959048125,1.4742758484966434e-16
7794.455986349121,1.5089571440627168e-16
7795.211576793431,1.4736792019011202e-16
7795.96716723774,1.4642070140401678e-16
7796.722757682048,1.4536329332862069e-16
7797.478348126357,1.4536996695732263e-16
7798.2339385706655,1.4820472393982272e-16
7798.989529014975,1.5221401844179313e-16
7799.745119459284,1.5119607635960876e-16
7800.500709903592,1.5173423426373514e-16
7801.256300347901,1.5189527233238838e-16
7802.01189079221,1.5282006941463708e-16
7802.767481236519,1.5277158737595678e-16
7803.523071680828,1.535908660812151e-16
7804.278662125136,1.5403072680839544e-16
7805.034252569445,1.534587475535721e-16
7805.789843013754,1.5443114217370804e-16
7806.545433458063,1.5433984064196047e-16
7807.301023902372,1.5269947376753174e-16
7808.05661434668,1.5064870189242754e-16
7808.812204790989,1.5154954217761597e-16
7809.567795235298,1.527521563718357e-16
7810.323385679607,1.523030467735626e-16
7811.078976123917,1.5246871034855506e-16
7811.834566568225,1.4926479127290261e-16
7812.590157012533,1.4964550019143785e-16
7813.345747456842,1.463458345087457e-16
7814.101337901151,1.481989951666186e-16
7814.85692834546,1.477976411512248e-16
7815.612518789769,1.4436720047724843e-16
7816.368109234078,1.4178357792543844e-16
7817.123699678386,1.4238160709314653e-16
7817.879290122695,1.3849740910825083e-16
7818.634880567004,1.3943587289533462e-16
7819.390471011313,1.3903884164718114e-16
7820.146061455622,1.3920502227340457e-16
7820.901651899931,1.3955251889928543e-16
7821.657242344239,1.4006088460007697e-16
7822.412832788548,1.4229262380450135e-16
7823.168423232857,1.4246009157516685e-16
7823.924013677166,1.4162371961238283e-16
7824.679604121475,1.422352460851901e-16
7825.435194565784,1.4124124119843761e-16
7826.190785010092,1.39096956745557e-16
7826.9463754544,1.4026756566616267e-16
7827.70196589871,1.4116740491839163e-16
7828.457556343019,1.4477729751513348e-16
7829.213146787328,1.4268250446800342e-16
7829.968737231637,1.390363966459784e-16
7830.724327675945,1.383929453981192e-16
7831.479918120254,1.3502219302099226e-16
7832.235508564563,1.3378760509649055e-16
7832.991099008872,1.3267075504962752e-16
7833.746689453181,1.3334883759943136e-16
7834.502279897489,1.3220498162730364e-16
7835.257870341798,1.3226035512486903e-16
7836.013460786107,1.365294160303023e-16
7836.769051230416,1.3640497219483394e-16
7837.524641674725,1.3377294463450986e-16
7838.280232119033,1.3300476502351456e-16
7839.035822563342,1.3277582433797193e-16
7839.7914130076515,1.3222024203784972e-16
7840.54700345196,1.3530089469717645e-16
7841.302593896269,1.3645757255569197e-16
7842.058184340577,1.3545777924117605e-16
7842.813774784886,1.3698127870911455e-16
7843.569365229196,1.3603106950107086e-16
7844.3249556735045,1.3494239885439134e-16
7845.080546117813,1.3756441755003028e-16
7845.836136562121,1.3792990100077712e-16
7846.59172700643,1.3889720167253526e-16
7847.347317450739,1.3844575946973935e-16
7848.102907895049,1.4193180768072484e-16
7848.8584983393575,1.4081746198191102e-16
7849.6140887836655,1.3913218441710311e-16
7850.369679227974,1.4037737511418153e-16
7851.125269672283,1.4128924871532134e-16
7851.880860116593,1.4127453547448662e-16
7852.636450560902,1.3751401486314758e-16
7853.39204100521,1.34821618810972e-16
7854.1476314495185,1.292043634950848e-16
7854.903221893827,1.2669075263301482e-16
7855.658812338135,1.260532716656608e-16
7856.414402782446,1.2739002092239872e-16
7857.169993226754,1.2628379806810344e-16
7857.925583671063,1.264660407121796e-16
7858.6811741153715,1.2674219863603912e-16
7859.436764559679,1.26661591685499e-16
7860.19235500399,1.3121699474284898e-16
7860.947945448298,1.3301245624459348e-16
7861.703535892607,1.2988131256033325e-16
7862.459126336916,1.2414963987133227e-16
7863.214716781224,1.2470534681308204e-16
7863.970307225534,1.2634418767580244e-16
7864.725897669842,1.268434581972993e-16
7865.481488114151,1.2522878318757532e-16
7866.23707855846,1.2510554695013675e-16
7866.992669002768,1.2787214040398844e-16
7867.748259447077,1.2767705642475002e-16
7868.503849891386,1.27915124968742e-16
7869.259440335695,1.2578794124662443e-16
7870.015030780004,1.229364493661852e-16
7870.770621224312,1.2222627805031257e-16
7871.526211668621,1.2806254161768863e-16
7872.281802112931,1.3350502725868529e-16
7873.037392557239,1.3388075233889893e-16
7873.792983001548,1.2962259853554878e-16
7874.548573445856,1.2379699180642182e-16
7875.304163890165,1.2407601051664225e-16
7876.059754334474,1.2324946397354728e-16
7876.815344778784,1.224286454341852e-16
7877.570935223092,1.201347044187958e-16
7878.3265256674,1.2366176720223005e-16
7879.082116111709,1.2192083749213919e-16
7879.837706556018,1.235249765371372e-16
7880.593297000328,1.2274490254949765e-16
7881.348887444637,1.2205393676297548e-16
7882.1044778889445,1.207382267308489e-16
7882.860068333253,1.2354007140991726e-16
7883.615658777562,1.176712298438563e-16
7884.371249221872,1.1372815179934118e-16
7885.126839666181,1.1321598607110984e-16
7885.882430110489,1.1456956071065078e-16
7886.638020554798,1.156795015304174e-16
7887.393610999106,1.1630174570428867e-16
7888.149201443415,1.1692304184540705e-16
7888.904791887725,1.161524201142422e-16
7889.660382332033,1.1655629959068462e-16
7890.415972776342,1.1754726104806697e-16
7891.171563220651,1.180747175153488e-16
7891.927153664959,1.1966117506930596e-16
7892.682744109269,1.1564904603918589e-16
7893.438334553577,1.1206578365031585e-16
7894.193924997886,1.1004612329386569e-16
7894.949515442195,1.1353489776527033e-16
7895.705105886504,1.1427402638611637e-16
7896.460696330812,1.1090384768221685e-16
7897.216286775121,1.1255604207291837e-16
7897.97187721943,1.0865323814110759e-16
7898.727467663739,1.0994408734600258e-16
7899.483058108048,1.1393980544920998e-16
7900.238648552357,1.1473145694368499e-16
7900.994238996665,1.099735728070636e-16
7901.749829440974,1.0740914929874468e-16
7902.505419885283,1.0911355820843088e-16
7903.261010329592,1.1458344502812903e-16
7904.016600773901,1.1492524281821749e-16
7904.77219121821,1.1221153240707295e-16
7905.5277816625185,1.1570214150225045e-16
7906.283372106827,1.137380300655037e-16
7907.038962551136,1.1035771609991145e-16
7907.794552995445,1.149596910591068e-16
7908.550143439753,1.1711971621997346e-16
7909.305733884063,1.1472097434452102e-16
7910.0613243283715,1.1658739217013817e-16
7910.81691477268,1.1428525986667116e-16
7911.572505216989,1.1520904533562975e-16
7912.328095661297,1.1698918939003702e-16
7913.083686105607,1.1783787051930516e-16
7913.839276549916,1.176024366404825e-16
7914.5948669942245,1.1854589305892385e-16
7915.350457438533,1.1819720576952404e-16
7916.106047882841,1.1626287753826366e-16
7916.86163832715,1.1433279923298686e-16
7917.61722877146,1.1053428804891973e-16
7918.372819215769,1.1252563063639618e-16
7919.1284096600775,1.1202261773631402e-16
7919.884000104385,1.1185158336913127e-16
7920.639590548694,1.1603231820062175e-16
7921.395180993004,1.168403240540246e-16
7922.150771437313,1.1361724068574775e-16
7922.906361881622,1.1549402491079905e-16
7923.66195232593,1.136925809687334e-16
7924.4175427702385,1.116627071645702e-16
7925.173133214548,1.128364728884547e-16
7925.928723658857,1.108699853472476e-16
7926.684314103166,1.1082231188600929e-16
7927.439904547474,1.1387564822549209e-16
7928.195494991783,1.1697869676243193e-16
7928.9510854360915,1.1531163423523453e-16
7929.706675880401,1.141248667282566e-16
7930.46226632471,1.1500385595129014e-16
7931.217856769018,1.1455582509709302e-16
7931.973447213327,1.1470136003946932e-16
7932.729037657636,1.1742762130904008e-16
7933.484628101945,1.2038478891296411e-16
7934.240218546254,1.222793343030028e-16
7934.995808990562,1.2010366478113483e-16
7935.751399434871,1.266865519770115e-16
7936.50698987918,1.2704946186344638e-16
7937.262580323488,1.259391306346224e-16
7938.018170767798,1.2433977960762306e-16
7938.773761212106,1.246623665935872e-16
7939.529351656415,1.2286499485887587e-16
7940.284942100724,1.2394315812795554e-16
7941.040532545032,1.225973614829824e-16
7941.796122989343,1.29024865724202e-16
7942.551713433651,1.2830016842860007e-16
7943.307303877959,1.2380771430649e-16
7944.062894322268,1.248011454899489e-16
7944.818484766576,1.234321953611526e-16
7945.574075210887,1.1929570454956629e-16
7946.329665655195,1.2305756154615775e-16
7947.085256099504,1.25656117733503e-16
7947.840846543812,1.2591381658755707e-16
7948.59643698812,1.246370465746224e-16
7949.352027432429,1.2439646302968944e-16
7950.107617876739,1.2330080935424098e-16
7950.863208321048,1.232483754691313e-16
7951.618798765357,1.1967937798940232e-16
7952.3743892096645,1.2088533982701062e-16
7953.129979653973,1.2240485762571452e-16
7953.885570098283,1.2106564875003992e-16
7954.641160542592,1.2116992992585427e-16
7955.396750986901,1.243229678904073e-16
7956.152341431209,1.3174108304858827e-16
7956.9079318755175,1.3319229908411682e-16
7957.663522319826,1.2829746979306539e-16
7958.419112764136,1.2498010244369914e-16
7959.174703208445,1.233433524273767e-16
7959.930293652753,1.234984019850299e-16
7960.685884097062,1.1961799516023402e-16
7961.441474541371,1.1844028837223412e-16
7962.19706498568,1.2254229330354099e-16
7962.952655429989,1.2666013611228833e-16
7963.708245874297,1.2778699397315196e-16
7964.463836318606,1.2762393506916047e-16
7965.219426762915,1.259095445821568e-16
7965.9750172072245,1.2551865359496032e-16
7966.730607651533,1.2446613277356033e-16
7967.486198095841,1.1881679951412557e-16
7968.24178854015,1.1709893820803058e-16
7968.997378984459,1.2280091291770222e-16
7969.752969428769,1.271901788241657e-16
7970.5085598730775,1.288920239295787e-16
7971.264150317385,1.2659001135869998e-16
7972.019740761694,1.264409838427941e-16
7972.775331206003,1.3136018481449272e-16
7973.530921650312,1.3187333702840687e-16
7974.286512094622,1.2961832253743663e-16
7975.04210253893,1.2580183463892651e-16
7975.797692983238,1.238691475082942e-16
7976.553283427547,1.2289776018510603e-16
7977.308873871856,1.2882019481783657e-16
7978.064464316165,1.3173399145184758e-16
7978.820054760474,1.297746721019527e-16
7979.575645204783,1.281821831189781e-16
7980.3312356490915,1.238377527419844e-16
7981.0868260934,1.2484208350430456e-16
7981.842416537709,1.2524707960218442e-16
7982.598006982018,1.2227726365968932e-16
7983.353597426327,1.16815306190323e-16
7984.109187870636,1.148779555730524e-16
7984.8647783149445,1.1915974701186238e-16
7985.620368759253,1.2554754778398834e-16
7986.375959203562,1.29097645568773e-16
7987.131549647871,1.2866556512872735e-16
7987.88714009218,1.2589587415592986e-16
7988.642730536489,1.2225980273426336e-16
7989.3983209807975,1.243234635900357e-16
7990.153911425106,1.2748292641456646e-16
7990.909501869415,1.26810439597016e-16
7991.665092313724,1.2558045157208807e-16
7992.420682758033,1.2218888921708777e-16
7993.176273202342,1.2525328839090461e-16
7993.93186364665,1.3217392029185494e-16
7994.687454090959,1.3593187193943424e-16
7995.443044535268,1.376068709585533e-16
7996.198634979577,1.3163809019367302e-16
7996.954225423886,1.296080929829382e-16
7997.709815868194,1.2998671123162757e-16
7998.465406312503,1.3011786642895852e-16
7999.220996756812,1.3173547902455162e-16
7999.976587201121,1.3446529440129414e-16
8000.73217764543,1.272697586368761e-16
8001.487768089738,1.245706843919052e-16
8002.243358534047,1.295458516463923e-16
8002.998948978357,1.3485416351861078e-16
8003.754539422665,1.3366380731322943e-16
8004.510129866974,1.3008843721620874e-16
8005.265720311282,1.2665699161065626e-16
8006.021310755591,1.2324268944573195e-16
8006.776901199901,1.2158771330887848e-16
8007.53249164421,1.2480092356812524e-16
8008.288082088518,1.2389577791115677e-16
8009.043672532826,1.2465217290893903e-16
8009.799262977135,1.261473272524672e-16
8010.554853421445,1.2206143309903047e-16
8011.310443865754,1.2638310489533453e-16
8012.066034310063,1.2550003188770886e-16
8012.8216247543705,1.2314699380267765e-16
8013.577215198679,1.222257398618383e-16
8014.332805642988,1.2007480389121145e-16
8015.088396087298,1.2009399231991342e-16
8015.843986531607,1.2556740531860528e-16
8016.599576975915,1.293610546759686e-16
8017.355167420224,1.3099381720253033e-16
8018.110757864532,1.3286859162611474e-16
8018.86634830884,1.325319763308603e-16
8019.621938753151,1.300499275941223e-16
8020.377529197459,1.2963734050353515e-16
8021.133119641768,1.293181403402843e-16
8021.888710086077,1.30035776342112e-16
8022.6443005303845,1.3637357363522735e-16
8023.399890974695,1.310249165131422e-16
8024.155481419003,1.264703000976915e-16
8024.911071863312,1.266610766855167e-16
8025.666662307621,1.2685603617694231e-16
8026.422252751929,1.2653689392614616e-16
8027.177843196239,1.206628933687626e-16
8027.933433640547,1.2023780347124516e-16
8028.689024084856,1.1843212806419282e-16
8029.444614529165,1.2028570412661722e-16
8030.200204973473,1.144503444640398e-16
8030.9557954177835,1.1386417148957548e-16
8031.711385862091,1.1787676360350268e-16
8032.4669763064,1.167369935682778e-16
8033.222566750709,1.1643767524173849e-16
8033.978157195017,1.161205106333106e-16
8034.733747639326,1.1681489884702471e-16
8035.489338083636,1.2312246123971413e-16
8036.2449285279445,1.2451463947627367e-16
8037.000518972253,1.2503624308009066e-16
8037.756109416561,1.2899043730684016e-16
8038.51169986087,1.3246651308521407e-16
8039.26729030518,1.310017150838753e-16
8040.022880749489,1.2638363547951283e-16
8040.7784711937975,1.2733215330409556e-16
8041.534061638105,1.3021693866572513e-16
8042.289652082414,1.2694428662773477e-16
8043.045242526723,1.255074985193826e-16
8043.800832971033,1.2519944835192947e-16
8044.556423415342,1.2577430570874102e-16
8045.31201385965,1.2951708493910824e-16
8046.067604303958,1.3101575586765951e-16
8046.823194748267,1.2892486367751117e-16
8047.578785192577,1.240189332579748e-16
8048.334375636886,1.215677244233077e-16
8049.089966081194,1.1849894684995544e-16
8049.845556525503,1.2230645683695702e-16
8050.601146969811,1.226671690263576e-16
8051.356737414121,1.20266255753171e-16
8052.11232785843,1.1919394021483725e-16
8052.867918302738,1.2067658238466846e-16
8053.623508747047,1.2166284486454577e-16
8054.379099191356,1.1957519787270622e-16
8055.1346896356645,1.165996741056269e-16
8055.890280079974,1.1572252764560814e-16
8056.645870524282,1.1570848597385632e-16
8057.401460968591,1.1547430347964686e-16
8058.1570514129,1.1741240119445273e-16
8058.912641857209,1.1774708597757324e-16
8059.6682323015175,1.226503994985493e-16
8060.423822745826,1.2245428924532112e-16
8061.179413190135,1.1840866502135366e-16
8061.935003634444,1.201848166274741e-16
8062.690594078753,1.207243266819353e-16
8063.446184523062,1.1763794988438048e-16
8064.2017749673705,1.1833708596539658e-16
8064.957365411679,1.2108475065032366e-16
8065.712955855988,1.2215610330135723e-16
8066.468546300297,1.283479658635314e-16
8067.224136744606,1.2722026197373714e-16
8067.979727188915,1.2547853163493776e-16
8068.7353176332235,1.2430452497386732e-16
8069.490908077532,1.1737376034424358e-16
8070.246498521841,1.1689912713116842e-16
8071.00208896615,1.175240353622522e-16
8071.757679410459,1.14848828059404e-16
8072.513269854768,1.1507539271038926e-16
8073.268860299077,1.1289866919804683e-16
8074.024450743385,1.1573884168392805e-16
8074.780041187694,1.2172188852686686e-16
8075.535631632002,1.240157369988146e-16
8076.291222076312,1.2115070464399403e-16
8077.046812520621,1.2076254094682468e-16
8077.80240296493,1.1870764474630767e-16
8078.557993409238,1.1808802092887457e-16
8079.313583853546,1.15321542565987e-16
8080.069174297855,1.1658022627861506e-16
8080.824764742165,1.1638777140174502e-16
8081.580355186474,1.1385923690639926e-16
8082.335945630783,1.1487584647693972e-16
8083.0915360750905,1.1729423051233543e-16
8083.847126519399,1.1949773863218888e-16
8084.602716963709,1.1432808615063515e-16
8085.358307408018,1.1096933769283243e-16
8086.113897852327,1.1324931088531965e-16
8086.869488296635,1.153294293642805e-16
8087.6250787409435,1.1630444676403799e-16
8088.380669185253,1.181516553401669e-16
8089.136259629562,1.214861618130568e-16
8089.891850073871,1.19759912326079e-16
8090.647440518179,1.193573548754773e-16
8091.403030962488,1.219362460690167e-16
8092.1586214067975,1.2352656438235446e-16
8092.914211851106,1.2178685596742332e-16
8093.669802295415,1.1903766066783198e-16
8094.425392739723,1.1726349187618757e-16
8095.180983184032,1.191122770878712e-16
8095.936573628342,1.1759787981928759e-16
8096.6921640726505,1.1753115095247455e-16
8097.447754516959,1.1860809124041987e-16
8098.203344961267,1.2043578349135707e-16
8098.958935405576,1.1894085999422328e-16
8099.714525849885,1.2102802826525631e-16
8100.470116294193,1.2100212900951656e-16
8101.2257067385035,1.1753925498156254e-16
8101.981297182811,1.1786173078192188e-16
8102.73688762712,1.1895195083476663e-16
8103.492478071429,1.1706889179981022e-16
8104.248068515737,1.2068143781873112e-16
8105.003658960048,1.191307270318836e-16
8105.759249404356,1.1419780145677544e-16
8106.514839848664,1.1612595916827048e-16
8107.270430292973,1.173304978233235e-16
8108.026020737281,1.171566393823897e-16
8108.781611181592,1.2036911235914391e-16
8109.5372016259,1.222062735550813e-16
8110.292792070209,1.1943062512090076e-16
8111.0483825145175,1.180424156446888e-16
8111.803972958825,1.1942307482610963e-16
8112.559563403136,1.2042154245234921e-16
8113.315153847444,1.1839281945068578e-16
8114.070744291753,1.1546564598672818e-16
8114.826334736062,1.1944339838925381e-16
8115.58192518037,1.2234805048483358e-16
8116.33751562468,1.213444515424919e-16
8117.093106068988,1.2140005203166758e-16
8117.848696513297,1.2197678458853708e-16
8118.604286957606,1.2412757238810802e-16
8119.359877401914,1.2464544380075314e-16
8120.115467846223,1.201255212808541e-16
8120.871058290531,1.2106277503661523e-16
8121.626648734841,1.1944019176487392e-16
8122.38223917915,1.1845356672492597e-16
8123.137829623458,1.203456420806057e-16
8123.893420067767,1.215468191614322e-16
8124.649010512076,1.2219423470157027e-16
8125.404600956385,1.2190412119179596e-16
8126.160191400694,1.2136996452448882e-16
8126.915781845002,1.206151536480326e-16
8127.671372289311,1.2243715396528437e-16
8128.42696273362,1.2177995398745715e-16
8129.18255317793,1.1668749033522865e-16
8129.938143622238,1.1471273029341397e-16
8130.693734066546,1.145169594999854e-16
8131.449324510855,1.196057840695114e-16
8132.204914955164,1.1989841670685028e-16
8132.960505399474,1.1890741928788948e-16
8133.716095843783,1.1421177589468819e-16
8134.4716862880905,1.1554210148287585e-16
8135.227276732399,1.1778724632797085e-16
8135.982867176708,1.216038624051922e-16
8136.738457621018,1.245759894605087e-16
8137.494048065327,1.2453489797122244e-16
8138.249638509635,1.227141533335274e-16
8139.0052289539435,1.2313734918537024e-16
8139.760819398252,1.2665160812741007e-16
8140.516409842561,1.2324789727945142e-16
8141.272000286871,1.153544466100306e-16
8142.027590731179,1.1455226420164221e-16
8142.783181175488,1.2120770708052888e-16
8143.5387716197965,1.221232530086169e-16
8144.294362064105,1.1933299895777453e-16
8145.049952508414,1.2447482684242088e-16
8145.805542952723,1.2364456905321012e-16
8146.561133397032,1.2135369083745475e-16
8147.316723841341,1.1980670838922294e-16
8148.07231428565,1.1801889258731378e-16
8148.827904729958,1.15394362438705e-16
8149.583495174267,1.1361393286777035e-16
8150.339085618576,1.1551261002567582e-16
8151.094676062885,1.2151602110891124e-16
8151.850266507194,1.2312863623143878e-16
8152.605856951503,1.2135759505986912e-16
8153.361447395811,1.2079913829899788e-16
8154.11703784012,1.1289819149279167e-16
8154.872628284429,1.0889666844836789e-16
8155.628218728738,1.1966214765209203e-16
8156.383809173047,1.2405229255669003e-16
8157.139399617356,1.2148038613831126e-16
8157.894990061664,1.161891290040334e-16
8158.650580505973,1.179971162741659e-16
8159.406170950282,1.237360161765638e-16
8160.161761394591,1.2199492145303015e-16
8160.917351838899,1.1370357670950435e-16
8161.672942283209,1.0488290216870801e-16
8162.428532727517,1.0642136268224028e-16
8163.184123171826,1.116900680270237e-16
8163.939713616135,1.1022110845538471e-16
8164.695304060443,1.0083407492693336e-16
8165.450894504752,1.0920345773192966e-16
8166.206484949062,1.1788843043591435e-16
8166.9620753933705,1.1654919626822684e-16
8167.717665837679,1.133899020837659e-16
8168.473256281987,1.0808167956944625e-16
8169.228846726296,1.0282240984957368e-16
8169.984437170606,1.0349795440536718e-16
8170.740027614915,1.158133392932887e-16
8171.4956180592235,1.2429785248575178e-16
8172.251208503531,1.2176466327336167e-16
8173.00679894784,1.2508925728380568e-16
8173.76238939215,1.2500085280397912e-16
8174.517979836459,1.2072097181982836e-16
8175.273570280768,1.207747600185454e-16
8176.029160725076,1.1814199764498923e-16
8176.784751169384,1.0740137147654624e-16
8177.540341613694,1.0731881043487907e-16
8178.295932058003,1.1765876080263227e-16
8179.051522502312,1.1735524889437162e-16
8179.80711294662,1.2295680224120714e-16
8180.562703390929,1.2040823395895472e-16
8181.3182938352375,1.0982869641815315e-16
8182.073884279547,1.0782874497345544e-16
8182.829474723856,1.1118916228002038e-16
8183.585065168164,1.0772075426002867e-16
8184.340655612473,1.1436781080011605e-16
8185.096246056782,1.1595999344750827e-16
8185.85183650109,1.1510274692864985e-16
8186.6074269454,1.1020022207580526e-16
8187.363017389708,1.119652418895509e-16
8188.118607834017,1.1340487925598703e-16
8188.874198278326,1.0943771699985785e-16
8189.629788722634,1.0395593241397973e-16
8190.385379166944,1.178592851409757e-16
8191.140969611252,1.276285376492039e-16
8191.896560055561,1.2296132009165969e-16
8192.65215049987,1.1237692548291922e-16
8193.407740944178,1.0658097957523393e-16
8194.163331388489,1.1586656754704722e-16
8194.918921832797,1.2114993187663008e-16
8195.674512277106,1.223114022294314e-16
8196.430102721413,1.26610616517617e-16
8197.185693165722,1.211985731128966e-16
8197.941283610033,1.1643761232081494e-16
8198.696874054342,1.2407628288116276e-16
8199.452464498649,1.2424995820210559e-16
8200.208054942957,1.1853383367632747e-16
8200.963645387266,1.1272483901547398e-16
8201.719235831575,1.1542073793084432e-16
8202.474826275886,1.1999674421911117e-16
8203.230416720195,1.2242631070825177e-16
8203.986007164502,1.2233116536298022e-16
8204.74159760881,1.2523824279978668e-16
8205.49718805312,1.2821189628030239e-16
8206.252778497428,1.3077266838500677e-16
8207.008368941737,1.276197016666276e-16
8207.763959386046,1.2277729361609622e-16
8208.519549830355,1.191648174909207e-16
8209.275140274663,1.2352238325040016e-16
8210.030730718972,1.299082055559903e-16
8210.786321163283,1.3247680436378054e-16
8211.54191160759,1.2609786981482797e-16
8212.297502051899,1.254735270282505e-16
8213.053092496208,1.2983340166982335e-16
8213.808682940517,1.2942134459004814e-16
8214.564273384825,1.3043988133107378e-16
8215.319863829134,1.2914264225124066e-16
8216.075454273443,1.2878077757146015e-16
8216.831044717752,1.2626690292052108e-16
8217.58663516206,1.254198050436525e-16
8218.342225606371,1.2108620547893329e-16
8219.097816050678,1.261788338595545e-16
8219.853406494987,1.2795981936194994e-16
8220.608996939296,1.246321466782166e-16
8221.364587383605,1.22409211790897e-16
8222.120177827914,1.2619726104759262e-16
8222.875768272223,1.2818052000620126e-16
8223.631358716531,1.2500356460781865e-16
8224.38694916084,1.2748141043497445e-16
8225.142539605149,1.310867068561367e-16
8225.898130049458,1.2571244782836454e-16
8226.653720493767,1.1809143036610517e-16
8227.409310938076,1.0658488384411602e-16
8228.164901382384,9.875609768319647e-17
8228.920491826693,1.0629557205630104e-16
8229.676082271002,1.203138981026853e-16
8230.431672715311,1.1617598672485926e-16
8231.18726315962,1.0692808664433244e-16
8231.942853603929,1.0762901517493287e-16
8232.698444048237,1.2204058317580111e-16
8233.454034492546,1.226768981939071e-16
8234.209624936855,1.1679611569856705e-16
8234.965215381164,1.2273436340574635e-16
8235.720805825473,1.240345950504638e-16
8236.476396269782,1.2079053765177762e-16
8237.23198671409,1.1813431845398874e-16
8237.9875771584,1.2254649152673253e-16
8238.743167602708,1.2690909378449062e-16
8239.498758047017,1.303753340527455e-16
8240.254348491326,1.3133495782340364e-16
8241.009938935635,1.3511535260302512e-16
8241.765529379943,1.3366495400369832e-16
8242.521119824252,1.2994563110087388e-16
8243.276710268561,1.2136933000547118e-16
8244.03230071287,1.245200848259705e-16
8244.787891157179,1.2992927625566112e-16
8245.543481601488,1.2951594678290308e-16
8246.299072045796,1.276199709402923e-16
8247.054662490104,1.2676582652586712e-16
8247.810252934414,1.3099334979367424e-16
8248.565843378723,1.3815601794246093e-16
8249.321433823032,1.4107132769873797e-16
8250.07702426734,1.3582483380296752e-16
8250.83261471165,1.3175327313264325e-16
8251.588205155958,1.2762187943601035e-16
8252.343795600267,1.2413283355830262e-16
8253.099386044576,1.2215086248781298e-16
8253.854976488885,1.2590358692161254e-16
8254.610566933192,1.2788349155246298e-16
8255.366157377503,1.2519926864017092e-16
8256.121747821811,1.1782355548062414e-16
8256.87733826612,1.1795600131557656e-16
8257.632928710429,1.3061841368504443e-16
8258.388519154738,1.3396957132080134e-16
8259.144109599047,1.3186991877047333e-16
8259.899700043356,1.2943206001552844e-16
8260.655290487664,1.32655952956441e-16
8261.410880931973,1.3337146105421236e-16
8262.16647137628,1.2751745386459542e-16
8262.922061820589,1.2620278232893662e-16
8263.6776522649,1.2910594513850475e-16
8264.433242709209,1.2910873416050534e-16
8265.188833153517,1.2944252450821171e-16
8265.944423597826,1.3221214799363614e-16
8266.700014042133,1.3294083926085902e-16
8267.455604486442,1.3255206461693262e-16
8268.211194930753,1.3392199555037775e-16
8268.966785375062,1.2938303806094027e-16
8269.722375819369,1.3038021391894077e-16
8270.477966263677,1.3041213023336701e-16
8271.233556707986,1.2934853592551083e-16
8271.989147152297,1.3032926390708885e-16
8272.744737596606,1.3203096612694282e-16
8273.500328040915,1.304973709058176e-16
8274.255918485222,1.1714321873125243e-16
8275.01150892953,1.1727595928169113e-16
8275.767099373841,1.2438651780493105e-16
8276.52268981815,1.2074679949208323e-16
8277.278280262457,1.2046821468214244e-16
8278.033870706766,1.2348407661348178e-16
8278.789461151075,1.2497122069297086e-16
8279.545051595385,1.2460763661931926e-16
8280.300642039694,1.2757822951113372e-16
8281.056232484003,1.3171910294588093e-16
8281.81182292831,1.228802772286064e-16
8282.567413372619,1.2082525420103746e-16
8283.323003816928,1.2960883851231144e-16
8284.078594261238,1.2798369128787194e-16
8284.834184705545,1.2646194536774662e-16
8285.589775149854,1.2546437411619118e-16
8286.345365594163,1.243344283187051e-16
8287.100956038472,1.2084768738327137e-16
8287.85654648278,1.1447020054329593e-16
8288.612136927091,1.1723460207507307e-16
8289.367727371398,1.228513330880406e-16
8290.123317815707,1.1934123479574232e-16
8290.878908260016,1.2648847890062388e-16
8291.634498704325,1.2605456893095992e-16
8292.390089148634,1.269608075560737e-16
8293.145679592943,1.231425759395696e-16
8293.901270037251,1.1483688348134879e-16
8294.65686048156,1.1139970211016996e-16
8295.412450925869,1.196099778913571e-16
8296.16804137018,1.2502044496125941e-16
8296.923631814487,1.299758403801914e-16
8297.679222258796,1.326161297649345e-16
8298.434812703104,1.3069750093303866e-16
8299.190403147413,1.2765708649684059e-16
8299.945993591722,1.215861795736403e-16
8300.70158403603,1.2237033843773303e-16
8301.45717448034,1.2688867927948104e-16
8302.212764924649,1.300994331006955e-16
8302.968355368957,1.2838424399016757e-16
8303.723945813266,1.3037044068883046e-16
8304.479536257575,1.2661775661623778e-16
8305.235126701884,1.2082889810921934e-16
8305.990717146193,1.2325440662983838e-16
8306.746307590502,1.256618358475531e-16
8307.50189803481,1.2577743512093426e-16
8308.25748847912,1.2294178148855968e-16
8309.013078923428,1.2433309466660766e-16
8309.768669367737,1.215430945482725e-16
8310.524259812046,1.2223741111261254e-16
8311.279850256355,1.2180897526121654e-16
8312.035440700663,1.1722258946304887e-16
8312.791031144972,1.1747016547920695e-16
8313.546621589281,1.1644388534077232e-16
8314.30221203359,1.1788630771943268e-16
8315.057802477899,1.147550092546951e-16
8315.813392922208,1.1594821145069407e-16
8316.568983366516,1.228862586490853e-16
8317.324573810825,1.2499797307192394e-16
8318.080164255134,1.175523618573807e-16
8318.835754699443,1.1873492731222008e-16
8319.591345143752,1.2750432361369493e-16
8320.34693558806,1.291757687171066e-16
8321.10252603237,1.232690443726086e-16
8321.858116476678,1.1504757517974229e-16
8322.613706920987,1.222261203743697e-16
8323.369297365296,1.2412567042616322e-16
8324.124887809605,1.2917336644207286e-16
8324.880478253914,1.3146354582502806e-16
8325.636068698223,1.2865200840868926e-16
8326.391659142531,1.263780925089352e-16
8327.14724958684,1.2941643484838522e-16
8327.902840031149,1.2625851193284195e-16
8328.658430475458,1.2518156674890052e-16
8329.414020919767,1.2396412984093788e-16
8330.169611364076,1.2362232041457961e-16
8330.925201808384,1.2812359483035186e-16
8331.680792252693,1.257249473729128e-16
8332.436382697,1.2543241081063148e-16
8333.19197314131,1.2751556199713372e-16
8333.94756358562,1.2484198115322746e-16
8334.703154029929,1.2313247135469574e-16
8335.458744474237,1.2568567394796745e-16
8336.214334918546,1.295977588566682e-16
8336.969925362855,1.2875308077646387e-16
8337.725515807164,1.2478958352387741e-16
8338.481106251473,1.2731399730873844e-16
8339.236696695782,1.2904285212879477e-16
8339.992287140089,1.3612246466532732e-16
8340.7478775844,1.394784771427423e-16
8341.503468028708,1.3464340475046627e-16
8342.259058473017,1.3006205976530019e-16
8343.014648917326,1.2910593030180303e-16
8343.770239361635,1.2972590270326925e-16
8344.525829805943,1.2949707562224199e-16
8345.281420250252,1.273676354111281e-16
8346.037010694561,1.2842781233458087e-16
8346.79260113887,1.3218403913291454e-16
8347.548191583177,1.3741256896144897e-16
8348.303782027486,1.388428686313648e-16
8349.059372471795,1.322881327750187e-16
8349.814962916105,1.3465576518466588e-16
8350.570553360414,1.327227294240459e-16
8351.326143804723,1.3055828928821002e-16
8352.08173424903,1.28675942662879e-16
8352.837324693339,1.3403805572304238e-16
8353.59291513765,1.3543566032869145e-16
8354.348505581958,1.376814566739908e-16
8355.104096026265,1.40019197945414e-16
8355.859686470574,1.390924617035275e-16
8356.615276914883,1.3511533732010726e-16
8357.370867359194,1.3136431869881956e-16
8358.126457803502,1.3149803934378278e-16
8358.882048247811,1.3541445651077915e-16
8359.637638692118,1.39201343358107e-16
8360.393229136427,1.4109109316718238e-16
8361.148819580738,1.3444659775700015e-16
8361.904410025047,1.2890643379114946e-16
8362.660000469354,1.2375645301986218e-16
8363.415590913663,1.2430793443960706e-16
8364.171181357971,1.255191000219392e-16
8364.926771802282,1.2888386979089556e-16
8365.68236224659,1.2778844565059956e-16
8366.4379526909,1.2360753017728892e-16
8367.193543135207,1.2473951341287708e-16
8367.949133579516,1.2719766997892287e-16
8368.704724023824,1.2864121664978567e-16
8369.460314468135,1.2538885503706992e-16
8370.215904912442,1.2003056359987355e-16
8370.97149535675,1.1804179559588597e-16
8371.72708580106,1.299017822453853e-16
8372.482676245369,1.392203056225208e-16
8373.238266689677,1.3806575810185905e-16
8373.993857133988,1.348933716578878e-16
8374.749447578295,1.3411328727327176e-16
8375.505038022604,1.2947054933166495e-16
8376.260628466913,1.2187131822973492e-16
8377.016218911222,1.2462530878284489e-16
8377.77180935553,1.2863884441975143e-16
8378.52739979984,1.3164353060133066e-16
8379.282990244148,1.3714319113804014e-16
8380.038580688457,1.4000246670200355e-16
8380.794171132766,1.3699667707760355e-16
8381.549761577076,1.3773059295564787e-16
8382.305352021383,1.4002761291860474e-16
8383.060942465692,1.3816113309853259e-16
8383.816532910001,1.372670687742637e-16
8384.57212335431,1.3522922361656003e-16
8385.327713798619,1.3373773504907745e-16
8386.083304242928,1.38482583244886e-16
8386.838894687236,1.3890474569095413e-16
8387.594485131545,1.3785392699162618e-16
8388.350075575854,1.4232970567522272e-16
8389.105666020163,1.4307857890986203e-16
8389.861256464472,1.3835914270566198e-16
8390.61684690878,1.3594326827314901e-16
8391.37243735309,1.359760483749132e-16
8392.128027797398,1.3489488034627665e-16
8392.883618241707,1.330087187578438e-16
8393.639208686016,1.3452883251985415e-16
8394.394799130325,1.4236578931142163e-16
8395.150389574634,1.482436345688819e-16
8395.905980018943,1.4772305554294252e-16
8396.661570463251,1.4326101985333123e-16
8397.41716090756,1.42904877542728e-16
8398.172751351869,1.402274239328587e-16
8398.928341796178,1.381287483942533e-16
8399.683932240487,1.3376423338587202e-16
8400.439522684796,1.3377597626987502e-16
8401.195113129104,1.3459074203797336e-16
8401.950703573413,1.391992336191049e-16
8402.706294017722,1.438235565723691e-16
8403.46188446203,1.4806227723968253e-16
8404.21747490634,1.464962992952295e-16
8404.973065350649,1.3716513864466627e-16
8405.728655794957,1.288481575228441e-16
8406.484246239266,1.3159857466228154e-16
8407.239836683575,1.3993628115621986e-16
8407.995427127884,1.4314670436775133e-16
8408.751017572193,1.4105697938671973e-16
8409.506608016502,1.4415995177460842e-16
8410.26219846081,1.4637812611315659e-16
8411.01778890512,1.4632617788289497e-16
8411.773379349428,1.4386775776385513e-16
8412.528969793737,1.423390473115255e-16
8413.284560238046,1.386292418873652e-16
8414.040150682355,1.2915685846164046e-16
8414.795741126663,1.2172430960723034e-16
8415.551331570972,1.2735130911121684e-16
8416.306922015281,1.3757831389150655e-16
8417.06251245959,1.430681195392418e-16
8417.818102903897,1.4117590122859224e-16
8418.573693348208,1.3761578090116043e-16
8419.329283792516,1.372509759510539e-16
8420.084874236825,1.3745507482939667e-16
8420.840464681134,1.355287974813198e-16
8421.596055125443,1.3638222579800186e-16
8422.351645569752,1.3639646301205285e-16
8423.10723601406,1.3059635649947532e-16
8423.86282645837,1.3042748325147552e-16
8424.618416902678,1.3585327748079753e-16
8425.374007346985,1.3675598929471022e-16
8426.129597791296,1.3662298788253009e-16
8426.885188235605,1.3752019029531102e-16
8427.640778679914,1.4053785638410118e-16
8428.396369124222,1.4366040232672979e-16
8429.151959568531,1.412890135808428e-16
8429.907550012838,1.4192334210885682e-16
8430.663140457149,1.4778113459815938e-16
8431.418730901458,1.5102231753781507e-16
8432.174321345767,1.504023963972015e-16
8432.929911790074,1.5074185699686564e-16
8433.685502234383,1.440939550970451e-16
8434.441092678691,1.3277350298559526e-16
8435.196683123002,1.352095394258353e-16
8435.95227356731,1.4108465735730625e-16
8436.70786401162,1.4418932709330562e-16
8437.463454455927,1.4714587573960577e-16
8438.219044900236,1.4482371503466753e-16
8438.974635344546,1.439403189971999e-16
8439.730225788855,1.4934608963258918e-16
8440.485816233162,1.5552321944338206e-16
8441.24140667747,1.5898723036385815e-16
8441.99699712178,1.5731093746767378e-16
8442.75258756609,1.5386138558321394e-16
8443.5081780104,1.5092840442548238e-16
8444.263768454708,1.450088135154384e-16
8445.019358899015,1.3932760082957828e-16
8445.774949343324,1.4251246165230343e-16
8446.530539787635,1.4346908657868342e-16
8447.286130231943,1.3865648382840226e-16
8448.04172067625,1.4057922947361242e-16
8448.79731112056,1.4298543077268703e-16
8449.552901564868,1.455713839099904e-16
8450.308492009177,1.410612374366304e-16
8451.064082453488,1.4052628370741425e-16
8451.819672897796,1.428363211457695e-16
8452.575263342103,1.498720485371518e-16
8453.330853786412,1.4980904438373793e-16
8454.086444230721,1.5280894314749933e-16
8454.84203467503,1.4945620834538253e-16
8455.597625119339,1.4427728268196822e-16
8456.353215563648,1.397590275866202e-16
8457.108806007956,1.4415688449729906e-16
8457.864396452265,1.4997980549656682e-16
8458.619986896574,1.5164817395308296e-16
8459.375577340885,1.4861838506316913e-16
8460.131167785192,1.4697938535523248e-16
8460.8867582295,1.4733198248134673e-16
8461.64234867381,1.5102089403536183e-16
8462.397939118118,1.540527695200512e-16
8463.153529562427,1.5520209306333936e-16
8463.909120006736,1.5355597655698666e-16
8464.664710451045,1.5089461550801598e-16
8465.420300895354,1.5082367750890334e-16
8466.175891339662,1.4971232274353672e-16
8466.931481783973,1.446101854003e-16
8467.68707222828,1.4612099516106954e-16
8468.442662672589,1.463615065293489e-16
8469.198253116898,1.5121157856056327e-16
8469.953843561207,1.4930820359548205e-16
8470.709434005516,1.4784232801843123e-16
8471.465024449824,1.46833203054004e-16
8472.220614894133,1.491603450921068e-16
8472.976205338442,1.4911583247810581e-16
8473.73179578275,1.4746523308922568e-16
8474.48738622706,1.431923425667858e-16
8475.242976671369,1.3537799929730608e-16
8475.998567115677,1.2592374318592062e-16
8476.754157559986,1.2318657037833006e-16
8477.509748004295,1.2417446501804434e-16
8478.265338448604,1.232036252707992e-16
8479.020928892913,1.2137581690647767e-16
8479.776519337222,1.2120055399823781e-16
8480.53210978153,1.2308278574542638e-16
8481.28770022584,1.2133511655712774e-16
8482.043290670148,1.182072880427284e-16
8482.798881114457,1.162806597605775e-16
8483.554471558766,1.1766147721170438e-16
8484.310062003075,1.183311843847631e-16
8485.065652447383,1.0929099202389744e-16
8485.821242891692,9.841916300242378e-17
8486.576833336001,1.0903778795306794e-16
8487.33242378031,1.2626764213038875e-16
8488.088014224619,1.36058494354286e-16
8488.843604668928,1.379965140299622e-16
8489.599195113236,1.3524621839766528e-16
8490.354785557545,1.3488138749927726e-16
8491.110376001854,1.3842191593094542e-16
8491.865966446163,1.4190805313375993e-16
8492.621556890472,1.3705082614079865e-16
8493.37714733478,1.3362841335377662e-16
8494.13273777909,1.3499965319251253e-16
8494.888328223398,1.3655238486976235e-16
8495.643918667705,1.3918567861019155e-16
8496.399509112016,1.3853823671479921e-16
8497.155099556325,1.385821545003443e-16
8497.910690000634,1.4041240829904057e-16
8498.666280444942,1.4295187702026668e-16
8499.421870889251,1.3797183043186838e-16
8500.17746133356,1.3548178378095812e-16
8500.933051777869,1.356228378443842e-16
8501.688642222178,1.3446946434722235e-16
8502.444232666487,1.339607160478533e-16
8503.199823110794,1.3844765648655209e-16
8503.955413555104,1.4460779287257612e-16
8504.711003999413,1.4702608249767546e-16
8505.466594443722,1.4455728702167751e-16
8506.22218488803,1.424524979378364e-16
8506.97777533234,1.4631845945991576e-16
8507.733365776648,1.4744950987127774e-16
8508.488956220957,1.4621730984009807e-16
8509.244546665266,1.4418728854592287e-16
8510.000137109575,1.4308023514284672e-16
8510.755727553882,1.4290224598638424e-16
8511.51131799819,1.4267825635758106e-16
8512.266908442502,1.4070312833116878e-16
8513.02249888681,1.3897424413355955e-16
8513.77808933112,1.375954090300005e-16
8514.533679775428,1.366946086565097e-16
8515.289270219735,1.3435814705440826e-16
8516.044860664044,1.3392244219973266e-16
8516.800451108355,1.2925245519303967e-16
8517.556041552663,1.2345341145477672e-16
8518.31163199697,1.1830349535752387e-16
8519.06722244128,1.1278148054440493e-16
8519.822812885588,1.0663903525753345e-16
8520.578403329899,1.0202956611808526e-16
8521.333993774208,1.0109251094255866e-16
8522.089584218516,1.0059168656343221e-16
8522.845174662823,9.894598953948568e-17
8523.600765107132,9.654132365726928e-17
8524.356355551443,9.585197745546175e-17
8525.111945995752,9.54198591083175e-17
8525.867536440059,9.562318295521778e-17
8526.623126884368,9.563135009874344e-17
8527.378717328676,9.545801576844344e-17
8528.134307772987,9.312487693553099e-17
8528.889898217296,8.519148855663878e-17
8529.645488661605,7.642169127072675e-17
8530.401079105912,8.047393279091948e-17
8531.15666955022,9.588511210083484e-17
8531.91225999453,1.0562777117223964e-16
8532.66785043884,1.110623413213412e-16
8533.423440883147,1.0813595767942245e-16
8534.179031327456,1.0911131513935189e-16
8534.934621771765,1.147664811082531e-16
8535.690212216074,1.2304017233042088e-16
8536.445802660382,1.2852302445938077e-16
8537.201393104693,1.3526459525128172e-16
8537.956983549,1.3926211445117634e-16
8538.712573993309,1.3648266874941135e-16
8539.468164437618,1.3645603781275017e-16
8540.223754881927,1.388473715261397e-16
8540.979345326235,1.4540219187247582e-16
8541.734935770544,1.5348973255207459e-16
8542.490526214853,1.4910188470222357e-16
8543.246116659162,1.4464099365864667e-16
8544.00170710347,1.4297513881338628e-16
8544.757297547781,1.4690608847726327e-16
8545.512887992089,1.534738985326949e-16
8546.268478436397,1.548346927165018e-16
8547.024068880706,1.541052927801217e-16
8547.779659325015,1.5188098516665082e-16
8548.535249769324,1.5247753048635069e-16
8549.290840213633,1.5442283265618066e-16
8550.046430657942,1.5688946388567805e-16
8550.80202110225,1.6182579132142534e-16
8551.55761154656,1.612515491548545e-16
8552.313201990868,1.5927333586611365e-16
8553.068792435177,1.566002139111541e-16
8553.824382879486,1.5345122868035648e-16
8554.579973323795,1.5575818617747434e-16
8555.335563768103,1.575037321918459e-16
8556.091154212412,1.57061224006045e-16
8556.846744656721,1.5693904915732726e-16
8557.60233510103,1.604800446484432e-16
8558.357925545339,1.6496150692716483e-16
8559.113515989648,1.6865705673515912e-16
8559.869106433956,1.6760038761084455e-16
8560.624696878265,1.6068061671364697e-16
8561.380287322574,1.573677466178851e-16
8562.135877766883,1.5668030719177593e-16
8562.891468211192,1.5604915514148548e-16
8563.6470586555,1.5598192985566002e-16
8564.40264909981,1.5909478471112514e-16
8565.158239544118,1.6040387632602015e-16
8565.913829988427,1.615936651553249e-16
8566.669420432736,1.6043711426634213e-16
8567.425010877045,1.5816401394066618e-16
8568.180601321354,1.5892193808957985e-16
8568.936191765662,1.5887230872123863e-16
8569.691782209971,1.5758904155202103e-16
8570.44737265428,1.58838068033787e-16
8571.202963098589,1.6223035303182868e-16
8571.958553542898,1.642978372405193e-16
8572.714143987207,1.637303235106958e-16
8573.469734431515,1.6753774088747551e-16
8574.225324875824,1.6892514470063466e-16
8574.980915320133,1.660636656617099e-16
8575.736505764442,1.6370306366532416e-16
8576.49209620875,1.646036063681029e-16
8577.24768665306,1.6487816827213648e-16
8578.003277097368,1.6685647810641134e-16
8578.758867541677,1.7101137000686944e-16
8579.514457985986,1.75018217667589e-16
8580.270048430295,1.7318573082236638e-16
8581.025638874602,1.6601474625959976e-16
8581.781229318913,1.6325156478942872e-16
8582.536819763222,1.6172419739634664e-16
8583.29241020753,1.5745301035525809e-16
8584.04800065184,1.573398303084057e-16
8584.803591096148,1.600429282537844e-16
8585.559181540457,1.6333006554388956e-16
8586.314771984766,1.647997153206657e-16
8587.070362429075,1.704581122022424e-16
8587.825952873383,1.7461017534423278e-16
8588.58154331769,1.7479694048734728e-16
8589.337133762001,1.7180270311020857e-16
8590.09272420631,1.6671917396258628e-16
8590.848314650619,1.6093852212158269e-16
8591.603905094928,1.6312454543838925e-16
8592.359495539236,1.6379886183483833e-16
8593.115085983545,1.6445949904909184e-16
8593.870676427854,1.6883949879940364e-16
8594.626266872163,1.7206590618900067e-16
8595.381857316472,1.7198887857051483e-16
8596.137447760779,1.7346222971927956e-16
8596.893038205088,1.717647674898914e-16
8597.648628649396,1.6726700306003136e-16
8598.404219093707,1.6567669769135053e-16
8599.159809538016,1.677041079484975e-16
8599.915399982325,1.6518432782831707e-16
8600.670990426632,1.642214122602042e-16
8601.42658087094,1.6297369847400327e-16
8602.182171315251,1.674407587485682e-16
8602.93776175956,1.7512515377753717e-16
8603.693352203867,1.7798910697840046e-16
8604.448942648176,1.761656811987859e-16
8605.204533092485,1.7559309283304612e-16
8605.960123536795,1.7601226058688994e-16
8606.715713981104,1.7690857507286063e-16
8607.471304425413,1.738448971252922e-16
8608.22689486972,1.7174751244118804e-16
8608.982485314029,1.729041242994258e-16
8609.73807575834,1.7212960989643451e-16
8610.493666202648,1.7063212162829961e-16
8611.249256646955,1.7492452358573144e-16
8612.004847091264,1.8242018430682199e-16
8612.760437535573,1.8407434640208778e-16
8613.516027979884,1.8197343156010342e-16
8614.271618424193,1.8233582854697635e-16
8615.027208868501,1.8872354067069045e-16
8615.782799312808,1.8627095398943234e-16
8616.538389757117,1.8316766464720072e-16
8617.293980201426,1.8417420594913905e-16
8618.049570645737,1.8220107804352042e-16
8618.805161090044,1.8285644774326289e-16
8619.560751534353,1.8321470468765495e-16
8620.316341978662,1.7693371833487686e-16
8621.07193242297,1.7343938372631675e-16
8621.82752286728,1.760183964071234e-16
8622.58311331159,1.7863544610057156e-16
8623.338703755897,1.8222620979408543e-16
8624.094294200206,1.8502141520025526e-16
8624.849884644515,1.8393634240199116e-16
8625.605475088823,1.8447097062887643e-16
8626.361065533132,1.8181780374441365e-16
8627.116655977441,1.7536053018738817e-16
8627.87224642175,1.7307847453881594e-16
8628.627836866059,1.737334055893363e-16
8629.383427310368,1.7460014255437102e-16
8630.139017754678,1.718888382553212e-16
8630.894608198985,1.7099530326748102e-16
8631.650198643294,1.7085975805352134e-16
8632.405789087603,1.7151132242516092e-16
8633.161379531912,1.698129155236994e-16
8633.91696997622,1.6806757467827918e-16
8634.67256042053,1.6825549067394302e-16
8635.428150864838,1.6640064760546566e-16
8636.183741309147,1.617486634029174e-16
8636.939331753456,1.5716717639750837e-16
8637.694922197765,1.535323901846221e-16
8638.450512642074,1.4591176470660593e-16
8639.206103086382,1.3776386148360677e-16
8639.961693530691,1.3299648965944126e-16
8640.717283975,1.3080101327789893e-16
8641.472874419309,1.295680055244811e-16
8642.228464863618,1.2645508781369797e-16
8642.984055307927,1.263459779361603e-16
8643.739645752235,1.266637430246804e-16
8644.495236196544,1.2537956860021763e-16
8645.250826640853,1.2708024698441113e-16
8646.006417085162,1.2823772653498971e-16
8646.76200752947,1.2795247416707385e-16
8647.51759797378,1.2706010119696458e-16
8648.273188418088,1.25467297620541e-16
8649.028778862397,1.1243128302697484e-16
8649.784369306706,1.0372050711686549e-16
8650.539959751015,1.0908723643887334e-16
8651.295550195324,1.1812267705929957e-16
8652.051140639633,1.2242621869782495e-16
8652.806731083941,1.274851919450364e-16
8653.56232152825,1.382942078797965e-16
8654.31791197256,1.4988395753357876e-16
8655.073502416868,1.556695076411831e-16
8655.829092861177,1.6026218035837605e-16
8656.584683305486,1.6089859510088374e-16
8657.340273749795,1.6342100573101548e-16
8658.095864194103,1.6625970559899002e-16
8658.851454638412,1.6886988991339785e-16
8659.607045082721,1.709152455626075e-16
8660.36263552703,1.6654340936215088e-16
8661.118225971339,1.6306053240045205e-16
8661.873816415648,1.62289113663783e-16
8662.629406859956,1.6604790215985589e-16
8663.384997304265,1.7430208558044172e-16
8664.140587748574,1.8506104887045714e-16
8664.896178192883,1.8700578521178413e-16
8665.651768637192,1.8009321944662514e-16
8666.407359081499,1.7305728921246827e-16
8667.16294952581,1.6461069956382152e-16
8667.918539970118,1.613513118472726e-16
8668.674130414427,1.667785588443575e-16
8669.429720858736,1.7152490390354973e-16
8670.185311303045,1.6936326696398847e-16
8670.940901747354,1.6893993030049825e-16
8671.696492191662,1.737919777763979e-16
8672.452082635971,1.804768001852931e-16
8673.20767308028,1.8400106594537016e-16
8673.963263524587,1.7766699381511705e-16
8674.718853968898,1.80326747664584e-16
8675.474444413207,1.771031762438335e-16
8676.230034857515,1.7333126785315088e-16
8676.985625301824,1.7540269743609757e-16
8677.741215746133,1.843435528380405e-16
8678.49680619044,1.88882114999334e-16
8679.25239663475,1.8922246290280285e-16
8680.00798707906,1.8794553235340447e-16
8680.763577523368,1.81385467509815e-16
8681.519167967675,1.832770090487721e-16
8682.274758411984,1.8248311994100056e-16
8683.030348856293,1.8539087373190016e-16
8683.785939300604,1.8999726018578999e-16
8684.541529744913,1.9258300444158076e-16
8685.297120189221,1.9039952753027203e-16
8686.052710633528,1.946139832573387e-16
8686.808301077837,1.9505527514392183e-16
8687.563891522148,1.9268389257068568e-16
8688.319481966457,1.9573503702284755e-16
8689.075072410764,1.974358854509986e-16
8689.830662855073,2.0068317031271221e-16
8690.586253299381,1.9234218963361872e-16
8691.341843743692,2.0000623230042742e-16
8692.097434188001,1.7700485286020077e-16
8692.85302463231,0.0
