wav,flam
5580.3,
5580.9,
5581.5,
5582.1,
5582.7,
5583.3,
5583.8,
5584.4,
5585.0,
5585.6,
5586.2,
5586.8,
5587.3,
5587.9,
5588.5,
5589.1,
5589.7,
5590.3,
5590.8,
5591.4,
5592.0,
5592.6,
5593.2,
5593.8,
5594.4,
5594.9,
5595.5,
5596.1,
5596.7,
5597.3,
5597.9,
5598.4,
5599.0,
5599.6,
5600.2,
5600.8,
5601.4,
5601.9,
5602.5,
5603.1,
5603.7,
5604.3,
5604.9,
5605.5,
5606.0,
5606.6,
5607.2,
5607.8,
5608.4,
5609.0,
5609.5,
5610.1,
5610.7,
5611.3,
5611.9,
5612.5,
5613.1,
5613.6,
5614.2,
5614.8,
5615.4,
5616.0,
5616.6,
5617.1,307.76
5617.7,353.17
5618.3,241.3
5618.9,350.97
5619.5,288.0
5620.1,312.46
5620.7,416.39
5621.2,366.26
5621.8,359.55
5622.4,410.64
5623.0,280.67
5623.6,411.29
5624.2,337.94
5624.7,358.02
5625.3,325.15
5625.9,314.85
5626.5,334.66
5627.1,328.88
5627.7,366.5
5628.3,303.83
5628.8,300.07
5629.4,338.36
5630.0,341.5
5630.6,336.29
5631.2,318.54
5631.8,368.47
5632.3,352.78
5632.9,303.98
5633.5,303.08
5634.1,266.95
5634.7,346.33
5635.3,404.24
5635.9,377.88
5636.4,405.06
5637.0,369.57
5637.6,362.63
5638.2,311.88
5638.8,352.62
5639.4,353.35
5639.9,343.8
5640.5,361.84
5641.1,371.5
5641.7,355.84
5642.3,295.07
5642.9,339.3
5643.5,348.89
5644.0,345.23
5644.6,368.79
5645.2,389.02
5645.8,334.11
5646.4,279.93
5647.0,350.48
5647.5,297.72
5648.1,309.43
5648.7,317.61
5649.3,289.58
5649.9,292.57
5650.5,268.86
5651.1,316.04
5651.6,315.24
5652.2,330.05
5652.8,343.96
5653.4,321.94
5654.0,332.58
5654.6,319.57
5655.1,304.81
5655.7,316.1
5656.3,340.28
5656.9,337.21
5657.5,315.3
5658.1,321.34
5658.7,340.32
5659.2,329.31
5659.8,321.76
5660.4,355.67
5661.0,331.29
5661.6,330.05
5662.2,373.49
5662.7,358.0
5663.3,354.74
5663.9,376.48
5664.5,345.58
5665.1,416.81
5665.7,363.99
5666.3,364.48
5666.8,358.5
5667.4,350.18
5668.0,331.96
5668.6,325.59
5669.2,324.58
5669.8,329.99
5670.4,323.12
5670.9,357.32
5671.5,354.98
5672.1,326.7
5672.7,327.3
5673.3,332.71
5673.9,328.89
5674.4,297.65
5675.0,305.02
5675.6,305.31
5676.2,307.22
5676.8,289.88
5677.4,331.76
5678.0,330.07
5678.5,333.92
5679.1,323.56
5679.7,319.56
5680.3,352.2
5680.9,315.8
5681.5,350.41
5682.0,326.83
5682.6,363.18
5683.2,341.8
5683.8,334.49
5684.4,329.19
5685.0,346.9
5685.6,310.98
5686.1,342.95
5686.7,338.03
5687.3,347.64
5687.9,342.04
5688.5,340.97
5689.1,301.3
5689.7,328.38
5690.2,318.49
5690.8,331.47
5691.4,335.59
5692.0,335.41
5692.6,293.62
5693.2,320.34
5693.7,303.67
5694.3,287.26
5694.9,295.68
5695.5,309.14
5696.1,282.55
5696.7,296.84
5697.3,291.03
5697.8,319.04
5698.4,299.41
5699.0,277.49
5699.6,317.41
5700.2,286.97
5700.8,304.94
5701.4,292.19
5701.9,282.92
5702.5,325.52
5703.1,351.97
5703.7,329.48
5704.3,330.77
5704.9,334.69
5705.4,327.92
5706.0,326.3
5706.6,334.42
5707.2,337.96
5707.8,339.28
5708.4,332.67
5709.0,340.32
5709.5,367.19
5710.1,357.68
5710.7,324.14
5711.3,351.05
5711.9,350.87
5712.5,332.58
5713.1,337.84
5713.6,337.18
5714.2,323.28
5714.8,336.58
5715.4,338.79
5716.0,362.42
5716.6,329.11
5717.1,326.88
5717.7,307.25
5718.3,333.13
5718.9,339.81
5719.5,320.47
5720.1,355.24
5720.7,321.53
5721.2,309.17
5721.8,355.33
5722.4,340.4
5723.0,341.27
5723.6,309.45
5724.2,307.45
5724.8,321.56
5725.3,324.76
5725.9,343.03
5726.5,324.59
5727.1,343.08
5727.7,350.97
5728.3,305.34
5728.9,326.14
5729.4,353.99
5730.0,305.37
5730.6,309.78
5731.2,335.99
5731.8,320.92
5732.4,332.05
5732.9,332.81
5733.5,325.59
5734.1,320.86
5734.7,302.8
5735.3,298.8
5735.9,299.76
5736.5,318.41
5737.0,332.79
5737.6,330.95
5738.2,307.31
5738.8,302.93
5739.4,284.85
5740.0,315.26
5740.6,316.26
5741.1,281.07
5741.7,286.12
5742.3,306.11
5742.9,311.75
5743.5,322.95
5744.1,330.8
5744.7,315.52
5745.2,333.73
5745.8,312.61
5746.4,321.05
5747.0,332.01
5747.6,319.37
5748.2,312.97
5748.7,316.07
5749.3,332.84
5749.9,333.06
5750.5,320.65
5751.1,305.51
5751.7,316.77
5752.3,332.18
5752.8,304.09
5753.4,307.57
5754.0,327.07
5754.6,326.34
5755.2,316.59
5755.8,306.51
5756.4,309.85
5756.9,316.12
5757.5,328.49
5758.1,334.73
5758.7,340.78
5759.3,319.91
5759.9,327.5
5760.5,300.63
5761.0,306.82
5761.6,339.01
5762.2,317.95
5762.8,324.39
5763.4,305.48
5764.0,319.45
5764.6,332.64
5765.1,307.01
5765.7,300.08
5766.3,313.11
5766.9,317.05
5767.5,315.99
5768.1,308.38
5768.6,324.07
5769.2,314.23
5769.8,299.09
5770.4,312.82
5771.0,303.24
5771.6,314.49
5772.2,304.7
5772.7,297.61
5773.3,283.56
5773.9,313.35
5774.5,321.89
5775.1,309.48
5775.7,318.92
5776.3,325.14
5776.8,313.93
5777.4,297.87
5778.0,314.8
5778.6,295.87
5779.2,332.21
5779.8,325.07
5780.4,304.7
5780.9,309.91
5781.5,315.69
5782.1,313.72
5782.7,313.04
5783.3,321.67
5783.9,305.35
5784.5,303.7
5785.0,319.19
5785.6,306.95
5786.2,328.81
5786.8,317.24
5787.4,318.1
5788.0,325.53
5788.6,307.89
5789.1,329.29
5789.7,320.16
5790.3,300.46
5790.9,301.72
5791.5,299.65
5792.1,312.9
5792.6,314.26
5793.2,295.38
5793.8,294.43
5794.4,302.78
5795.0,311.59
5795.6,297.18
5796.2,316.74
5796.7,300.1
5797.3,315.57
5797.9,302.4
5798.5,320.69
5799.1,314.21
5799.7,303.98
5800.3,326.16
5800.8,312.64
5801.4,341.34
5802.0,305.46
5802.6,303.2
5803.2,310.09
5803.8,321.7
5804.4,330.25
5804.9,327.93
5805.5,334.93
5806.1,325.03
5806.7,328.64
5807.3,321.49
5807.9,332.37
5808.5,319.8
5809.0,340.93
5809.6,332.8
5810.2,316.65
5810.8,328.31
5811.4,326.88
5812.0,326.89
5812.6,331.78
5813.1,323.71
5813.7,329.08
5814.3,346.33
5814.9,341.06
5815.5,333.58
5816.1,337.39
5816.7,337.66
5817.2,355.01
5817.8,336.99
5818.4,341.81
5819.0,321.98
5819.6,335.06
5820.2,350.26
5820.8,343.84
5821.3,332.41
5821.9,350.37
5822.5,348.85
5823.1,330.23
5823.7,359.53
5824.3,331.03
5824.8,363.89
5825.4,352.56
5826.0,341.39
5826.6,336.99
5827.2,341.86
5827.8,355.94
5828.4,355.67
5828.9,330.26
5829.5,369.08
5830.1,335.97
5830.7,335.55
5831.3,337.84
5831.9,341.67
5832.5,342.31
5833.0,303.54
5833.6,324.57
5834.2,332.73
5834.8,344.73
5835.4,342.08
5836.0,355.5
5836.6,342.19
5837.1,340.37
5837.7,332.52
5838.3,318.89
5838.9,349.16
5839.5,318.76
5840.1,303.39
5840.7,311.81
5841.2,307.74
5841.8,325.13
5842.4,325.7
5843.0,299.79
5843.6,311.75
5844.2,309.06
5844.8,303.73
5845.3,292.31
5845.9,289.69
5846.5,307.87
5847.1,330.14
5847.7,319.9
5848.3,301.45
5848.9,330.05
5849.4,314.83
5850.0,330.45
5850.6,334.18
5851.2,336.52
5851.8,328.7
5852.4,321.13
5853.0,325.93
5853.5,342.36
5854.1,334.15
5854.7,321.92
5855.3,345.7
5855.9,330.65
5856.5,333.36
5857.1,336.27
5857.6,337.1
5858.2,343.1
5858.8,351.03
5859.4,319.41
5860.0,330.31
5860.6,346.9
5861.2,345.03
5861.7,356.47
5862.3,343.32
5862.9,354.37
5863.5,353.3
5864.1,371.82
5864.7,364.95
5865.3,390.35
5865.8,424.04
5866.4,421.55
5867.0,401.23
5867.6,356.38
5868.2,368.95
5868.8,350.01
5869.4,355.07
5869.9,341.61
5870.5,338.39
5871.1,330.48
5871.7,334.71
5872.3,352.6
5872.9,339.49
5873.5,339.04
5874.0,328.94
5874.6,322.88
5875.2,332.73
5875.8,322.45
5876.4,312.14
5877.0,313.62
5877.5,314.69
5878.1,324.15
5878.7,303.77
5879.3,297.24
5879.9,270.1
5880.5,273.84
5881.1,256.27
5881.6,244.79
5882.2,246.87
5882.8,265.34
5883.4,299.67
5884.0,299.73
5884.6,308.14
5885.2,306.26
5885.7,293.79
5886.3,304.3
5886.9,296.33
5887.5,289.66
5888.1,287.71
5888.7,290.86
5889.3,304.75
5889.8,320.69
5890.4,320.36
5891.0,326.54
5891.6,339.65
5892.2,343.0
5892.8,343.7
5893.4,350.79
5893.9,347.15
5894.5,350.24
5895.1,323.62
5895.7,315.8
5896.3,337.47
5896.9,329.72
5897.5,349.07
5898.0,324.55
5898.6,338.96
5899.2,346.64
5899.8,344.73
5900.4,356.55
5901.0,335.66
5901.6,350.06
5902.1,339.03
5902.7,333.99
5903.3,334.72
5903.9,338.18
5904.5,335.18
5905.1,322.25
5905.7,332.9
5906.2,335.93
5906.8,346.83
5907.4,339.15
5908.0,342.74
5908.6,329.63
5909.2,337.35
5909.8,347.67
5910.3,340.93
5910.9,353.63
5911.5,352.86
5912.1,360.91
5912.7,351.91
5913.3,337.51
5913.9,348.96
5914.4,358.26
5915.0,354.25
5915.6,337.55
5916.2,346.76
5916.8,321.64
5917.4,335.5
5918.0,336.71
5918.5,345.24
5919.1,330.5
5919.7,320.7
5920.3,322.36
5920.9,320.16
5921.5,319.66
5922.1,333.0
5922.6,323.85
5923.2,339.97
5923.8,319.11
5924.4,333.61
5925.0,334.13
5925.6,348.23
5926.2,331.82
5926.7,326.8
5927.3,320.09
5927.9,324.6
5928.5,335.22
5929.1,327.58
5929.7,333.49
5930.3,334.49
5930.8,344.04
5931.4,340.07
5932.0,345.36
5932.6,348.65
5933.2,352.2
5933.8,356.53
5934.4,339.75
5934.9,333.11
5935.5,329.79
5936.1,347.59
5936.7,333.86
5937.3,329.65
5937.9,336.0
5938.5,326.81
5939.0,324.91
5939.6,330.33
5940.2,323.86
5940.8,321.06
5941.4,316.7
5942.0,319.06
5942.6,313.69
5943.1,312.39
5943.7,309.64
5944.3,329.38
5944.9,333.72
5945.5,317.87
5946.1,328.07
5946.7,333.66
5947.2,337.0
5947.8,337.83
5948.4,342.46
5949.0,334.56
5949.6,341.68
5950.2,337.89
5950.8,348.68
5951.3,343.43
5951.9,336.33
5952.5,337.29
5953.1,332.01
5953.7,348.39
5954.3,330.26
5954.9,346.44
5955.4,331.29
5956.0,351.94
5956.6,333.94
5957.2,335.07
5957.8,353.95
5958.4,334.73
5959.0,350.46
5959.5,349.63
5960.1,331.59
5960.7,350.87
5961.3,364.32
5961.9,347.19
5962.5,337.28
5963.1,329.39
5963.6,332.34
5964.2,327.61
5964.8,332.58
5965.4,342.46
5966.0,340.66
5966.6,339.69
5967.1,335.25
5967.7,342.29
5968.3,335.19
5968.9,341.15
5969.5,341.21
5970.1,323.75
5970.7,327.88
5971.2,332.05
5971.8,321.92
5972.4,334.45
5973.0,333.54
5973.6,326.74
5974.2,334.88
5974.8,322.26
5975.3,328.55
5975.9,332.49
5976.5,323.35
5977.1,326.32
5977.7,326.18
5978.3,327.23
5978.9,334.52
5979.4,327.11
5980.0,337.21
5980.6,327.13
5981.2,320.57
5981.8,328.49
5982.4,328.54
5983.0,329.64
5983.5,334.69
5984.1,338.89
5984.7,341.61
5985.3,342.22
5985.9,347.39
5986.5,327.95
5987.1,346.45
5987.6,347.99
5988.2,336.44
5988.8,326.21
5989.4,331.38
5990.0,346.97
5990.6,334.24
5991.2,338.66
5991.7,327.72
5992.3,324.9
5992.9,326.04
5993.5,326.02
5994.1,320.16
5994.7,326.73
5995.3,325.48
5995.8,330.37
5996.4,330.99
5997.0,321.73
5997.6,317.09
5998.2,327.01
5998.8,328.23
5999.4,322.23
5999.9,324.06
6000.5,323.34
6001.1,335.87
6001.7,326.8
6002.3,342.61
6002.9,326.61
6003.5,331.02
6004.0,329.6
6004.6,340.01
6005.2,329.02
6005.8,326.96
6006.4,326.05
6007.0,314.97
6007.6,315.34
6008.1,325.22
6008.7,327.69
6009.3,327.77
6009.9,328.41
6010.5,319.47
6011.1,336.26
6011.7,319.0
6012.2,325.33
6012.8,334.08
6013.4,325.59
6014.0,331.7
6014.6,343.86
6015.2,338.99
6015.8,337.25
6016.3,328.75
6016.9,340.48
6017.5,340.98
6018.1,339.84
6018.7,333.27
6019.3,336.86
6019.9,336.94
6020.4,336.94
6021.0,349.03
6021.6,355.06
6022.2,335.18
6022.8,359.48
6023.4,352.01
6023.9,341.51
6024.5,347.11
6025.1,349.06
6025.7,343.57
6026.3,342.07
6026.9,341.2
6027.5,337.34
6028.0,360.77
6028.6,350.82
6029.2,335.73
6029.8,350.1
6030.4,350.63
6031.0,361.43
6031.6,352.4
6032.1,355.18
6032.7,356.5
6033.3,356.54
6033.9,350.9
6034.5,357.58
6035.1,338.28
6035.7,346.02
6036.2,353.25
6036.8,340.3
6037.4,341.92
6038.0,348.61
6038.6,352.29
6039.2,348.0
6039.8,345.07
6040.3,329.87
6040.9,338.44
6041.5,333.33
6042.1,342.99
6042.7,330.87
6043.3,335.77
6043.9,329.65
6044.4,336.64
6045.0,365.17
6045.6,351.42
6046.2,353.16
6046.8,350.11
6047.4,354.18
6048.0,348.62
6048.5,348.14
6049.1,356.55
6049.7,345.88
6050.3,345.43
6050.9,343.2
6051.5,338.14
6052.1,338.51
6052.6,351.45
6053.2,353.85
6053.8,344.79
6054.4,340.9
6055.0,359.25
6055.6,353.43
6056.2,350.6
6056.7,350.97
6057.3,358.66
6057.9,362.76
6058.5,369.02
6059.1,367.4
6059.7,362.36
6060.2,375.77
6060.8,367.57
6061.4,361.17
6062.0,374.73
6062.6,356.74
6063.2,354.1
6063.8,357.94
6064.3,361.65
6064.9,349.3
6065.5,346.65
6066.1,341.61
6066.7,345.24
6067.3,342.22
6067.9,336.86
6068.4,335.32
6069.0,332.68
6069.6,336.95
6070.2,343.59
6070.8,336.44
6071.4,341.22
6072.0,334.21
6072.5,347.4
6073.1,340.26
6073.7,343.92
6074.3,326.25
6074.9,316.22
6075.5,330.04
6076.1,336.04
6076.6,327.81
6077.2,332.89
6077.8,343.61
6078.4,331.71
6079.0,348.72
6079.6,338.36
6080.2,340.16
6080.7,363.15
6081.3,351.53
6081.9,352.93
6082.5,349.62
6083.1,333.93
6083.7,351.41
6084.2,350.87
6084.8,343.27
6085.4,347.67
6086.0,363.86
6086.6,346.31
6087.2,345.75
6087.8,338.64
6088.3,329.94
6088.9,326.98
6089.5,321.86
6090.1,331.65
6090.7,340.11
6091.3,319.58
6091.9,325.06
6092.4,335.24
6093.0,323.01
6093.6,327.88
6094.2,325.29
6094.8,329.94
6095.4,339.93
6096.0,332.25
6096.5,349.18
6097.1,352.17
6097.7,340.7
6098.3,337.33
6098.9,350.87
6099.5,341.77
6100.1,348.04
6100.6,337.19
6101.2,340.68
6101.8,345.84
6102.4,348.49
6103.0,330.7
6103.6,335.27
6104.1,334.08
6104.7,327.63
6105.3,325.22
6105.9,328.55
6106.5,325.58
6107.1,325.79
6107.7,325.0
6108.2,338.37
6108.8,332.35
6109.4,346.22
6110.0,348.97
6110.6,321.65
6111.2,330.19
6111.8,326.69
6112.3,314.74
6112.9,310.57
6113.5,310.11
6114.1,327.71
6114.7,335.6
6115.3,340.75
6115.9,344.1
6116.4,341.28
6117.0,350.3
6117.6,345.13
6118.2,350.97
6118.8,331.4
6119.4,345.99
6119.9,327.96
6120.5,320.83
6121.1,322.22
6121.7,323.36
6122.3,321.61
6122.9,303.31
6123.5,309.13
6124.0,315.0
6124.6,320.17
6125.2,306.43
6125.8,303.81
6126.4,307.82
6127.0,303.31
6127.6,293.46
6128.1,280.45
6128.7,299.26
6129.3,304.28
6129.9,337.96
6130.5,317.82
6131.1,342.53
6131.7,307.44
6132.2,306.81
6132.8,316.57
6133.4,315.14
6134.0,311.76
6134.6,325.54
6135.2,322.38
6135.7,329.08
6136.3,321.4
6136.9,324.27
6137.5,331.63
6138.1,321.64
6138.7,326.7
6139.3,325.9
6139.8,319.21
6140.4,328.92
6141.0,327.89
6141.6,347.01
6142.2,327.04
6142.8,333.18
6143.4,342.78
6143.9,340.92
6144.5,341.51
6145.1,321.12
6145.7,320.01
6146.3,320.3
6146.9,304.34
6147.4,307.57
6148.0,314.94
6148.6,315.55
6149.2,295.92
6149.8,303.92
6150.4,311.2
6151.0,323.86
6151.5,306.12
6152.1,292.81
6152.7,310.86
6153.3,306.96
6153.9,303.08
6154.5,316.87
6155.1,318.72
6155.6,310.72
6156.2,322.38
6156.8,313.59
6157.4,327.64
6158.0,332.56
6158.6,312.19
6159.1,316.86
6159.7,324.52
6160.3,337.13
6160.9,333.32
6161.5,313.66
6162.1,321.1
6162.7,322.31
6163.2,341.91
6163.8,342.97
6164.4,331.62
6165.0,332.52
6165.6,321.15
6166.2,330.57
6166.8,331.84
6167.3,347.23
6167.9,339.36
6168.5,338.15
6169.1,337.92
6169.7,354.18
6170.3,328.78
6170.8,345.1
6171.4,352.56
6172.0,353.47
6172.6,358.0
6173.2,339.81
6173.8,318.75
6174.4,290.71
6174.9,268.7
6175.5,264.6
6176.1,278.34
6176.7,291.29
6177.3,325.35
6177.9,330.1
6178.5,345.99
6179.0,349.47
6179.6,341.51
6180.2,344.82
6180.8,334.53
6181.4,340.22
6182.0,346.37
6182.5,332.03
6183.1,353.44
6183.7,350.21
6184.3,343.24
6184.9,345.33
6185.5,340.99
6186.1,329.38
6186.6,329.98
6187.2,348.98
6187.8,354.19
6188.4,337.45
6189.0,345.53
6189.6,361.77
6190.1,355.95
6190.7,352.19
6191.3,335.84
6191.9,357.02
6192.5,352.87
6193.1,337.81
6193.7,351.17
6194.2,353.43
6194.8,353.03
6195.4,344.01
6196.0,375.62
6196.6,355.36
6197.2,350.02
6197.8,348.59
6198.3,334.49
6198.9,345.6
6199.5,331.22
6200.1,335.36
6200.7,332.41
6201.3,338.04
6201.8,337.92
6202.4,337.7
6203.0,336.94
6203.6,332.49
6204.2,320.64
6204.8,334.18
6205.4,313.97
6205.9,321.44
6206.5,324.94
6207.1,332.59
6207.7,329.43
6208.3,326.15
6208.9,346.49
6209.4,337.94
6210.0,329.28
6210.6,325.81
6211.2,339.7
6211.8,339.23
6212.4,350.69
6213.0,329.22
6213.5,352.14
6214.1,342.22
6214.7,347.72
6215.3,337.68
6215.9,335.96
6216.5,327.55
6217.0,325.34
6217.6,329.48
6218.2,315.75
6218.8,332.97
6219.4,336.33
6220.0,353.56
6220.6,338.69
6221.1,336.3
6221.7,351.15
6222.3,343.38
6222.9,356.06
6223.5,352.39
6224.1,331.05
6224.6,343.37
6225.2,336.4
6225.8,336.11
6226.4,332.51
6227.0,333.63
6227.6,318.37
6228.2,323.94
6228.7,311.33
6229.3,295.17
6229.9,320.35
6230.5,322.93
6231.1,312.25
6231.7,311.64
6232.2,321.22
6232.8,325.03
6233.4,323.19
6234.0,318.31
6234.6,318.85
6235.2,309.65
6235.8,314.21
6236.3,293.4
6236.9,299.04
6237.5,299.03
6238.1,297.08
6238.7,312.59
6239.3,304.34
6239.8,320.99
6240.4,316.03
6241.0,318.98
6241.6,305.4
6242.2,303.08
6242.8,300.24
6243.3,303.45
6243.9,298.19
6244.5,310.81
6245.1,312.61
6245.7,315.81
6246.3,322.63
6246.9,334.0
6247.4,349.44
6248.0,329.32
6248.6,320.92
6249.2,316.31
6249.8,322.87
6250.4,326.63
6250.9,320.24
6251.5,333.97
6252.1,336.95
6252.7,343.11
6253.3,329.41
6253.9,333.08
6254.5,335.56
6255.0,338.82
6255.6,342.81
6256.2,340.73
6256.8,331.37
6257.4,340.38
6258.0,342.96
6258.5,351.14
6259.1,360.19
6259.7,351.16
6260.3,355.9
6260.9,352.99
6261.5,345.11
6262.0,353.62
6262.6,363.79
6263.2,358.35
6263.8,367.19
6264.4,351.05
6265.0,345.59
6265.6,322.64
6266.1,324.95
6266.7,325.99
6267.3,329.07
6267.9,337.56
6268.5,339.54
6269.1,339.32
6269.6,323.99
6270.2,339.75
6270.8,334.87
6271.4,323.12
6272.0,334.35
6272.6,341.08
6273.1,352.29
6273.7,366.16
6274.3,366.19
6274.9,359.55
6275.5,356.45
6276.1,349.77
6276.7,359.11
6277.2,347.64
6277.8,346.01
6278.4,349.68
6279.0,340.98
6279.6,363.7
6280.2,363.37
6280.7,344.2
6281.3,343.39
6281.9,324.77
6282.5,337.34
6283.1,325.08
6283.7,327.08
6284.2,322.64
6284.8,317.21
6285.4,321.72
6286.0,322.7
6286.6,315.95
6287.2,315.26
6287.8,299.34
6288.3,311.31
6288.9,309.62
6289.5,321.38
6290.1,324.26
6290.7,322.37
6291.3,314.4
6291.8,326.37
6292.4,336.34
6293.0,339.15
6293.6,344.68
6294.2,342.78
6294.8,354.81
6295.3,352.37
6295.9,329.68
6296.5,333.6
6297.1,331.4
6297.7,337.94
6298.3,341.41
6298.8,339.53
6299.4,342.13
6300.0,333.13
6300.6,320.62
6301.2,334.13
6301.8,335.1
6302.4,326.11
6302.9,332.97
6303.5,327.85
6304.1,325.55
6304.7,324.67
6305.3,315.97
6305.9,326.75
6306.4,328.59
6307.0,324.91
6307.6,325.42
6308.2,327.74
6308.8,324.6
6309.4,324.51
6309.9,333.31
6310.5,329.11
6311.1,324.53
6311.7,347.17
6312.3,331.53
6312.9,354.35
6313.4,349.24
6314.0,356.4
6314.6,354.06
6315.2,356.53
6315.8,347.01
6316.4,338.9
6316.9,346.93
6317.5,344.8
6318.1,356.53
6318.7,348.24
6319.3,355.93
6319.9,329.26
6320.5,341.05
6321.0,348.63
6321.6,325.94
6322.2,330.76
6322.8,329.16
6323.4,333.51
6324.0,338.22
6324.5,341.86
6325.1,338.5
6325.7,327.2
6326.3,330.23
6326.9,337.07
6327.5,331.57
6328.0,337.51
6328.6,326.56
6329.2,325.12
6329.8,333.72
6330.4,338.92
6331.0,339.48
6331.5,335.82
6332.1,307.04
6332.7,255.45
6333.3,319.89
6333.9,335.38
6334.5,346.21
6335.0,349.03
6335.6,335.51
6336.2,346.43
6336.8,347.91
6337.4,347.32
6338.0,342.78
6338.5,327.25
6339.1,334.87
6339.7,343.39
6340.3,349.9
6340.9,350.11
6341.5,344.88
6342.0,338.74
6342.6,326.24
6343.2,324.44
6343.8,327.25
6344.4,322.55
6345.0,340.49
6345.5,317.42
6346.1,333.14
6346.7,331.47
6347.3,349.8
6347.9,333.15
6348.5,331.11
6349.0,323.23
6349.6,317.51
6350.2,334.78
6350.8,328.7
6351.4,333.24
6352.0,337.4
6352.5,347.74
6353.1,346.69
6353.7,348.6
6354.3,338.99
6354.9,339.64
6355.5,341.49
6356.0,336.27
6356.6,354.77
6357.2,360.38
6357.8,364.25
6358.4,351.16
6359.0,364.73
6359.5,342.91
6360.1,367.07
6360.7,349.47
6361.3,336.83
6361.9,354.93
6362.5,347.3
6363.0,369.23
6363.6,359.14
6364.2,359.1
6364.8,368.25
6365.4,373.04
6366.0,355.55
6366.5,350.92
6367.1,354.26
6367.7,348.25
6368.3,341.45
6368.9,353.26
6369.5,354.93
6370.0,366.03
6370.6,359.77
6371.2,373.68
6371.8,370.6
6372.4,342.28
6373.0,352.03
6373.5,354.12
6374.1,343.12
6374.7,368.63
6375.3,344.46
6375.9,352.92
6376.5,333.66
6377.0,343.23
6377.6,336.47
6378.2,331.58
6378.8,352.68
6379.4,350.41
6380.0,346.62
6380.5,355.39
6381.1,341.47
6381.7,341.43
6382.3,346.21
6382.9,346.72
6383.5,357.75
6384.0,340.25
6384.6,328.96
6385.2,344.78
6385.8,343.1
6386.4,344.96
6387.0,345.36
6387.5,355.75
6388.1,367.03
6388.7,360.66
6389.3,371.58
6389.9,366.83
6390.5,369.33
6391.0,376.86
6391.6,368.44
6392.2,362.59
6392.8,361.36
6393.4,343.13
6394.0,359.91
6394.5,368.9
6395.1,360.62
6395.7,360.49
6396.3,360.53
6396.9,365.35
6397.5,352.61
6398.0,344.73
6398.6,350.83
6399.2,361.6
6399.8,350.57
6400.4,358.59
6401.0,363.15
6401.5,362.02
6402.1,365.03
6402.7,363.34
6403.3,362.35
6403.9,335.71
6404.5,348.3
6405.0,326.82
6405.6,330.86
6406.2,331.73
6406.8,329.75
6407.4,336.28
6407.9,341.73
6408.5,344.98
6409.1,358.19
6409.7,353.4
6410.3,344.76
6410.9,360.54
6411.4,357.57
6412.0,363.54
6412.6,361.3
6413.2,361.08
6413.8,349.71
6414.4,369.02
6414.9,357.73
6415.5,339.28
6416.1,342.25
6416.7,342.27
6417.3,337.84
6417.9,330.06
6418.4,328.71
6419.0,341.23
6419.6,341.11
6420.2,334.64
6420.8,345.61
6421.4,347.32
6421.9,332.31
6422.5,331.81
6423.1,337.22
6423.7,320.02
6424.3,339.47
6424.8,327.33
6425.4,337.86
6426.0,361.29
6426.6,366.73
6427.2,356.22
6427.8,363.97
6428.3,358.75
6428.9,337.53
6429.5,355.61
6430.1,357.26
6430.7,357.67
6431.3,371.16
6431.8,367.83
6432.4,382.15
6433.0,374.81
6433.6,355.17
6434.2,355.37
6434.8,359.68
6435.3,348.3
6435.9,354.77
6436.5,339.29
6437.1,357.53
6437.7,368.7
6438.2,377.66
6438.8,363.18
6439.4,357.63
6440.0,353.7
6440.6,350.94
6441.2,340.94
6441.7,340.65
6442.3,358.84
6442.9,356.73
6443.5,341.74
6444.1,354.97
6444.7,358.17
6445.2,350.32
6445.8,334.52
6446.4,333.81
6447.0,325.85
6447.6,323.2
6448.1,328.78
6448.7,328.05
6449.3,337.23
6449.9,346.8
6450.5,335.63
6451.1,362.08
6451.6,355.66
6452.2,344.0
6452.8,333.36
6453.4,344.82
6454.0,345.74
6454.6,332.5
6455.1,357.23
6455.7,353.07
6456.3,348.99
6456.9,358.15
6457.5,351.49
6458.0,350.9
6458.6,356.19
6459.2,345.3
6459.8,356.71
6460.4,349.39
6461.0,357.38
6461.5,348.26
6462.1,342.3
6462.7,349.7
6463.3,366.1
6463.9,351.81
6464.5,346.2
6465.0,359.14
6465.6,355.41
6466.2,347.79
6466.8,326.84
6467.4,340.03
6467.9,334.2
6468.5,342.08
6469.1,352.15
6469.7,349.93
6470.3,361.19
6470.9,365.0
6471.4,351.26
6472.0,370.28
6472.6,349.75
6473.2,349.67
6473.8,347.67
6474.3,353.39
6474.9,365.35
6475.5,352.27
6476.1,361.96
6476.7,357.01
6477.3,340.89
6477.8,330.46
6478.4,329.26
6479.0,302.78
6479.6,317.8
6480.2,293.25
6480.7,288.48
6481.3,294.84
6481.9,276.59
6482.5,281.94
6483.1,281.43
6483.7,283.47
6484.2,275.45
6484.8,284.37
6485.4,286.1
6486.0,290.2
6486.6,297.01
6487.1,302.44
6487.7,314.87
6488.3,325.83
6488.9,332.42
6489.5,337.11
6490.1,355.46
6490.6,347.13
6491.2,342.59
6491.8,361.91
6492.4,367.47
6493.0,346.19
6493.5,359.58
6494.1,361.07
6494.7,349.81
6495.3,362.09
6495.9,372.98
6496.5,368.52
6497.0,367.19
6497.6,358.95
6498.2,362.73
6498.8,353.19
6499.4,361.96
6499.9,355.5
6500.5,351.56
6501.1,341.9
6501.7,340.54
6502.3,346.19
6502.9,338.92
6503.4,353.3
6504.0,344.61
6504.6,338.82
6505.2,353.35
6505.8,355.34
6506.3,362.75
6506.9,353.32
6507.5,348.45
6508.1,359.23
6508.7,368.77
6509.3,352.17
6509.8,364.57
6510.4,352.43
6511.0,344.36
6511.6,357.31
6512.2,347.7
6512.7,364.21
6513.3,357.84
6513.9,319.38
6514.5,314.94
6515.1,278.78
6515.6,319.74
6516.2,321.2
6516.8,343.43
6517.4,342.16
6518.0,349.05
6518.6,359.04
6519.1,362.15
6519.7,364.29
6520.3,371.79
6520.9,372.25
6521.5,361.99
6522.0,374.5
6522.6,376.62
6523.2,367.28
6523.8,365.24
6524.4,372.88
6525.0,371.75
6525.5,346.98
6526.1,370.19
6526.7,367.26
6527.3,372.63
6527.9,367.15
6528.4,366.54
6529.0,372.16
6529.6,362.78
6530.2,350.63
6530.8,355.8
6531.3,336.12
6531.9,344.87
6532.5,355.91
6533.1,341.42
6533.7,356.88
6534.3,370.44
6534.8,361.23
6535.4,358.39
6536.0,342.31
6536.6,348.17
6537.2,343.42
6537.7,362.69
6538.3,350.77
6538.9,359.98
6539.5,365.57
6540.1,359.43
6540.6,364.47
6541.2,360.59
6541.8,366.83
6542.4,379.0
6543.0,365.94
6543.6,347.52
6544.1,337.8
6544.7,350.04
6545.3,340.62
6545.9,340.85
6546.5,332.73
6547.0,343.65
6547.6,340.48
6548.2,337.05
6548.8,379.1
6549.4,392.5
6549.9,391.09
6550.5,461.0
6551.1,505.32
6551.7,534.76
6552.3,491.51
6552.8,376.48
6553.4,274.97
6554.0,272.87
6554.6,361.7
6555.2,400.34
6555.8,420.03
6556.3,423.19
6556.9,406.02
6557.5,410.18
6558.1,377.69
6558.7,374.41
6559.2,392.53
6559.8,392.79
6560.4,384.82
6561.0,390.14
6561.6,390.95
6562.1,387.98
6562.7,386.96
6563.3,359.28
6563.9,344.52
6564.5,337.2
6565.0,376.27
6565.6,386.4
6566.2,403.97
6566.8,418.27
6567.4,406.19
6567.9,392.46
6568.5,403.89
6569.1,399.05
6569.7,396.5
6570.3,373.55
6570.9,367.73
6571.4,361.29
6572.0,364.21
6572.6,348.94
6573.2,364.92
6573.8,373.29
6574.3,368.92
6574.9,380.0
6575.5,365.84
6576.1,348.24
6576.7,357.07
6577.2,326.19
6577.8,330.79
6578.4,337.85
6579.0,335.17
6579.6,334.66
6580.1,347.14
6580.7,351.17
6581.3,356.61
6581.9,353.11
6582.5,346.87
6583.0,357.67
6583.6,347.92
6584.2,368.54
6584.8,363.39
6585.4,362.52
6585.9,371.6
6586.5,365.53
6587.1,372.39
6587.7,374.43
6588.3,362.42
6588.8,370.06
6589.4,363.92
6590.0,371.74
6590.6,366.69
6591.2,359.86
6591.7,361.26
6592.3,344.4
6592.9,329.14
6593.5,333.38
6594.1,338.93
6594.6,339.07
6595.2,359.12
6595.8,344.95
6596.4,372.69
6597.0,375.31
6597.5,355.54
6598.1,345.93
6598.7,359.02
6599.3,356.72
6599.9,370.29
6600.5,364.05
6601.0,362.45
6601.6,378.43
6602.2,374.82
6602.8,362.85
6603.4,380.35
6603.9,378.73
6604.5,371.78
6605.1,367.45
6605.7,382.67
6606.3,372.41
6606.8,379.34
6607.4,384.87
6608.0,373.93
6608.6,378.01
6609.2,358.01
6609.7,372.97
6610.3,371.04
6610.9,369.14
6611.5,371.63
6612.1,377.25
6612.6,389.68
6613.2,374.98
6613.8,367.68
6614.4,355.53
6615.0,356.82
6615.5,367.84
6616.1,371.86
6616.7,372.27
6617.3,365.35
6617.9,366.81
6618.4,357.72
6619.0,361.92
6619.6,363.54
6620.2,359.98
6620.8,371.29
6621.3,375.82
6621.9,374.6
6622.5,363.59
6623.1,363.56
6623.6,358.06
6624.2,366.21
6624.8,366.86
6625.4,372.6
6626.0,387.84
6626.5,358.31
6627.1,363.45
6627.7,353.99
6628.3,351.09
6628.9,358.6
6629.4,353.47
6630.0,362.0
6630.6,362.22
6631.2,336.64
6631.8,348.99
6632.3,357.41
6632.9,365.67
6633.5,355.88
6634.1,355.97
6634.7,354.45
6635.2,348.29
6635.8,363.08
6636.4,358.49
6637.0,365.2
6637.6,363.38
6638.1,374.98
6638.7,375.69
6639.3,360.74
6639.9,362.27
6640.5,358.01
6641.0,367.46
6641.6,377.52
6642.2,376.76
6642.8,356.64
6643.4,360.83
6643.9,360.22
6644.5,383.4
6645.1,358.74
6645.7,370.24
6646.3,367.41
6646.8,347.32
6647.4,345.89
6648.0,347.68
6648.6,346.71
6649.1,343.8
6649.7,345.71
6650.3,351.89
6650.9,362.23
6651.5,366.13
6652.0,366.73
6652.6,357.22
6653.2,350.34
6653.8,346.31
6654.4,343.46
6654.9,361.15
6655.5,374.01
6656.1,363.49
6656.7,369.58
6657.3,364.07
6657.8,365.86
6658.4,368.27
6659.0,356.77
6659.6,365.32
6660.2,372.49
6660.7,361.16
6661.3,361.18
6661.9,345.8
6662.5,349.42
6663.1,341.36
6663.6,353.98
6664.2,347.06
6664.8,353.66
6665.4,353.18
6665.9,354.8
6666.5,368.29
6667.1,385.17
6667.7,376.78
6668.3,374.9
6668.8,357.83
6669.4,373.34
6670.0,372.02
6670.6,372.1
6671.2,368.62
6671.7,369.8
6672.3,376.78
6672.9,377.19
6673.5,379.62
6674.1,369.76
6674.6,375.26
6675.2,376.46
6675.8,384.16
6676.4,386.02
6676.9,406.4
6677.5,388.8
6678.1,394.79
6678.7,374.3
6679.3,370.78
6679.8,383.46
6680.4,368.75
6681.0,389.03
6681.6,358.96
6682.2,362.45
6682.7,371.01
6683.3,391.72
6683.9,391.05
6684.5,379.42
6685.0,366.59
6685.6,367.0
6686.2,371.1
6686.8,366.5
6687.4,356.69
6687.9,368.52
6688.5,373.32
6689.1,360.23
6689.7,374.73
6690.3,376.38
6690.8,368.93
6691.4,370.51
6692.0,393.49
6692.6,366.24
6693.1,373.89
6693.7,370.33
6694.3,377.67
6694.9,361.67
6695.5,371.43
6696.0,387.7
6696.6,376.15
6697.2,368.99
6697.8,379.53
6698.4,384.11
6698.9,373.39
6699.5,367.85
6700.1,371.81
6700.7,367.58
6701.2,380.06
6701.8,374.74
6702.4,369.64
6703.0,366.28
6703.6,366.93
6704.1,371.3
6704.7,371.22
6705.3,366.12
6705.9,363.62
6706.5,355.55
6707.0,367.94
6707.6,383.49
6708.2,386.95
6708.8,375.63
6709.3,370.65
6709.9,374.07
6710.5,367.97
6711.1,374.07
6711.7,377.3
6712.2,370.09
6712.8,379.49
6713.4,389.57
6714.0,384.52
6714.5,390.23
6715.1,385.24
6715.7,369.73
6716.3,375.82
6716.9,367.04
6717.4,378.4
6718.0,369.5
6718.6,387.21
6719.2,372.13
6719.8,389.32
6720.3,389.74
6720.9,384.73
6721.5,388.81
6722.1,388.45
6722.6,377.61
6723.2,370.43
6723.8,374.07
6724.4,359.73
6725.0,340.33
6725.5,366.51
6726.1,356.5
6726.7,353.06
6727.3,373.15
6727.8,370.68
6728.4,366.15
6729.0,372.36
6729.6,372.33
6730.2,367.01
6730.7,380.76
6731.3,374.38
6731.9,375.04
6732.5,381.4
6733.0,357.12
6733.6,367.25
6734.2,360.0
6734.8,355.19
6735.4,364.19
6735.9,358.72
6736.5,355.76
6737.1,363.04
6737.7,364.18
6738.2,368.63
6738.8,362.01
6739.4,365.5
6740.0,363.86
6740.6,375.83
6741.1,369.58
6741.7,381.28
6742.3,373.52
6742.9,381.57
6743.4,396.62
6744.0,384.88
6744.6,363.62
6745.2,383.34
6745.8,374.65
6746.3,378.92
6746.9,380.54
6747.5,375.08
6748.1,389.69
6748.6,388.43
6749.2,386.01
6749.8,384.32
6750.4,369.53
6750.9,373.88
6751.5,378.7
6752.1,365.91
6752.7,359.19
6753.3,362.13
6753.8,375.53
6754.4,363.47
6755.0,368.18
6755.6,362.14
6756.1,358.78
6756.7,365.21
6757.3,365.87
6757.9,356.16
6758.5,364.62
6759.0,371.77
6759.6,376.34
6760.2,377.48
6760.8,381.29
6761.3,374.08
6761.9,354.63
6762.5,383.39
6763.1,365.34
6763.6,370.67
6764.2,364.0
6764.8,378.84
6765.4,373.25
6766.0,368.81
6766.5,372.52
6767.1,384.78
6767.7,368.3
6768.3,370.59
6768.8,369.13
6769.4,368.34
6770.0,376.79
6770.6,362.7
6771.2,383.84
6771.7,377.72
6772.3,378.61
6772.9,367.63
6773.5,359.31
6774.0,363.26
6774.6,381.72
6775.2,364.74
6775.8,360.27
6776.3,366.19
6776.9,359.69
6777.5,370.34
6778.1,378.57
6778.7,366.61
6779.2,366.44
6779.8,368.61
6780.4,356.69
6781.0,356.1
6781.5,361.58
6782.1,362.31
6782.7,376.01
6783.3,384.68
6783.8,366.56
6784.4,371.19
6785.0,349.39
6785.6,366.98
6786.1,357.86
6786.7,364.41
6787.3,360.2
6787.9,377.08
6788.5,375.91
6789.0,390.35
6789.6,370.56
6790.2,369.67
6790.8,366.95
6791.3,364.91
6791.9,358.95
6792.5,375.13
6793.1,353.26
6793.6,353.79
6794.2,357.96
6794.8,361.47
6795.4,371.4
6796.0,362.37
6796.5,357.48
6797.1,365.19
6797.7,373.97
6798.3,370.6
6798.8,351.79
6799.4,360.12
6800.0,362.46
6800.6,368.05
6801.1,377.12
6801.7,375.23
6802.3,367.52
6802.9,367.99
6803.4,363.73
6804.0,370.02
6804.6,373.19
6805.2,371.51
6805.8,373.79
6806.3,384.8
6806.9,385.99
6807.5,391.46
6808.1,379.16
6808.6,388.36
6809.2,372.43
6809.8,371.22
6810.4,367.58
6810.9,377.29
6811.5,371.38
6812.1,362.63
6812.7,374.2
6813.2,371.71
6813.8,357.47
6814.4,362.34
6815.0,371.62
6815.5,360.54
6816.1,355.63
6816.7,369.15
6817.3,366.2
6817.8,374.17
6818.4,364.01
6819.0,357.91
6819.6,362.64
6820.2,352.98
6820.7,371.45
6821.3,367.44
6821.9,357.97
6822.5,360.82
6823.0,372.5
6823.6,363.69
6824.2,358.63
6824.8,363.32
6825.3,359.09
6825.9,344.55
6826.5,361.41
6827.1,350.4
6827.6,358.02
6828.2,360.37
6828.8,341.87
6829.4,354.2
6829.9,361.17
6830.5,347.0
6831.1,338.19
6831.7,365.11
6832.2,356.51
6832.8,356.79
6833.4,368.59
6834.0,357.61
6834.5,369.63
6835.1,379.9
6835.7,362.15
6836.3,379.3
6836.9,368.75
6837.4,373.57
6838.0,356.56
6838.6,370.6
6839.2,352.95
6839.7,348.76
6840.3,350.13
6840.9,364.68
6841.5,350.13
6842.0,353.15
6842.6,360.33
6843.2,364.78
6843.8,347.35
6844.3,376.18
6844.9,353.48
6845.5,358.43
6846.1,339.02
6846.6,348.92
6847.2,357.85
6847.8,364.39
6848.4,360.52
6848.9,361.51
6849.5,371.45
6850.1,360.93
6850.7,359.36
6851.2,367.61
6851.8,381.33
6852.4,372.93
6853.0,370.56
6853.5,385.59
6854.1,375.09
6854.7,380.9
6855.3,389.96
6855.8,375.19
6856.4,370.68
6857.0,376.24
6857.6,365.05
6858.1,368.21
6858.7,382.12
6859.3,376.59
6859.9,369.04
6860.4,363.38
6861.0,389.57
6861.6,381.78
6862.2,381.84
6862.7,366.26
6863.3,374.74
6863.9,376.69
6864.5,362.37
6865.0,380.6
6865.6,360.44
6866.2,363.88
6866.8,381.63
6867.3,374.1
6867.9,378.31
6868.5,393.9
6869.1,394.89
6869.6,390.73
6870.2,385.65
6870.8,376.83
6871.4,379.72
6871.9,376.86
6872.5,384.2
6873.1,382.58
6873.7,373.45
6874.2,394.16
6874.8,417.9
6875.4,391.11
6876.0,396.24
6876.5,392.87
6877.1,394.41
6877.7,386.38
6878.3,380.41
6878.8,384.21
6879.4,382.38
6880.0,382.89
6880.6,380.23
6881.1,390.71
6881.7,381.51
6882.3,374.4
6882.9,378.95
6883.4,354.76
6884.0,363.68
6884.6,360.24
6885.2,371.58
6885.7,360.22
6886.3,364.04
6886.9,375.53
6887.5,377.22
6888.0,383.27
6888.6,375.02
6889.2,378.35
6889.8,379.28
6890.3,378.62
6890.9,396.54
6891.5,364.52
6892.0,371.0
6892.6,384.91
6893.2,379.17
6893.8,387.38
6894.3,373.15
6894.9,380.88
6895.5,368.55
6896.1,368.94
6896.6,378.85
6897.2,375.13
6897.8,378.42
6898.4,381.49
6898.9,369.29
6899.5,349.88
6900.1,361.84
6900.7,374.36
6901.2,376.61
6901.8,378.41
6902.4,360.73
6903.0,375.29
6903.5,358.1
6904.1,380.78
6904.7,380.86
6905.3,388.03
6905.8,387.33
6906.4,377.4
6907.0,381.8
6907.6,377.1
6908.1,364.84
6908.7,364.08
6909.3,364.13
6909.8,383.4
6910.4,364.09
6911.0,366.79
6911.6,366.02
6912.1,367.11
6912.7,376.3
6913.3,374.74
6913.9,356.68
6914.4,371.15
6915.0,367.09
6915.6,354.86
6916.2,370.13
6916.7,363.07
6917.3,371.25
6917.9,378.5
6918.5,364.41
6919.0,354.33
6919.6,371.11
6920.2,365.22
6920.7,352.59
6921.3,359.02
6921.9,358.96
6922.5,346.02
6923.0,335.74
6923.6,341.33
6924.2,323.29
6924.8,339.65
6925.3,358.45
6925.9,344.39
6926.5,342.94
6927.1,336.29
6927.6,337.86
6928.2,322.19
6928.8,322.79
6929.4,337.88
6929.9,336.96
6930.5,337.68
6931.1,336.55
6931.6,330.65
6932.2,345.34
6932.8,343.25
6933.4,352.1
6933.9,342.8
6934.5,335.37
6935.1,336.17
6935.7,331.57
6936.2,337.75
6936.8,342.13
6937.4,353.37
6938.0,346.03
6938.5,343.6
6939.1,336.76
6939.7,334.15
6940.2,353.35
6940.8,331.54
6941.4,328.56
6942.0,344.26
6942.5,349.0
6943.1,330.06
6943.7,334.2
6944.3,348.87
6944.8,344.42
6945.4,336.77
6946.0,349.53
6946.5,358.37
6947.1,363.07
6947.7,356.81
6948.3,359.77
6948.8,352.3
6949.4,357.59
6950.0,363.35
6950.6,350.5
6951.1,349.19
6951.7,356.66
6952.3,364.04
6952.9,357.54
6953.4,358.55
6954.0,356.56
6954.6,352.85
6955.1,360.15
6955.7,358.26
6956.3,358.76
6956.9,355.02
6957.4,352.42
6958.0,370.08
6958.6,347.64
6959.2,350.51
6959.7,350.6
6960.3,341.6
6960.9,350.64
6961.4,343.84
6962.0,320.77
6962.6,326.61
6963.2,336.6
6963.7,335.79
6964.3,335.63
6964.9,325.37
6965.5,341.19
6966.0,357.09
6966.6,334.44
6967.2,334.81
6967.7,340.29
6968.3,343.65
6968.9,344.65
6969.5,345.59
6970.0,351.57
6970.6,345.62
6971.2,360.45
6971.7,358.92
6972.3,355.29
6972.9,356.26
6973.5,352.48
6974.0,352.52
6974.6,347.7
6975.2,346.27
6975.8,357.56
6976.3,360.05
6976.9,364.59
6977.5,355.38
6978.0,352.64
6978.6,349.4
6979.2,359.0
6979.8,356.95
6980.3,358.9
6980.9,354.24
6981.5,355.53
6982.0,352.42
6982.6,348.72
6983.2,345.38
6983.8,336.81
6984.3,340.95
6984.9,339.05
6985.5,335.15
6986.1,335.93
6986.6,341.44
6987.2,330.42
6987.8,337.87
6988.3,333.17
6988.9,321.26
6989.5,327.55
6990.1,349.35
6990.6,342.84
6991.2,334.28
6991.8,330.2
6992.3,338.48
6992.9,341.84
6993.5,331.71
6994.1,338.76
6994.6,342.09
6995.2,340.41
6995.8,345.13
6996.3,355.67
6996.9,335.21
6997.5,347.99
6998.1,355.25
6998.6,342.13
6999.2,339.49
6999.8,328.64
7000.3,334.47
7000.9,341.79
7001.5,343.77
7002.1,337.78
7002.6,333.63
7003.2,340.4
7003.8,344.71
7004.3,337.37
7004.9,347.13
7005.5,346.24
7006.1,341.71
7006.6,336.61
7007.2,325.9
7007.8,324.49
7008.3,333.02
7008.9,342.92
7009.5,335.02
7010.1,347.52
7010.6,337.25
7011.2,343.54
7011.8,338.49
7012.3,340.59
7012.9,357.96
7013.5,359.19
7014.1,348.14
7014.6,357.32
7015.2,343.15
7015.8,349.47
7016.3,351.62
7016.9,349.51
7017.5,380.73
7018.1,359.88
7018.6,359.42
7019.2,357.46
7019.8,368.79
7020.3,358.21
7020.9,338.9
7021.5,353.41
7022.1,337.07
7022.6,351.06
7023.2,351.76
7023.8,364.11
7024.3,363.27
7024.9,375.14
7025.5,360.38
7026.1,358.15
7026.6,375.34
7027.2,359.93
7027.8,341.5
7028.3,344.67
7028.9,343.89
7029.5,349.28
7030.1,360.78
7030.6,357.15
7031.2,357.55
7031.8,354.8
7032.3,362.08
7032.9,349.39
7033.5,358.34
7034.0,344.84
7034.6,333.09
7035.2,341.43
7035.8,341.96
7036.3,332.24
7036.9,336.9
7037.5,336.84
7038.0,332.29
7038.6,327.11
7039.2,323.19
7039.8,320.11
7040.3,311.68
7040.9,315.88
7041.5,314.47
7042.0,319.64
7042.6,351.91
7043.2,346.97
7043.7,361.87
7044.3,342.31
7044.9,360.95
7045.5,370.18
7046.0,375.16
7046.6,382.69
7047.2,374.31
7047.7,375.12
7048.3,371.87
7048.9,351.58
7049.5,349.39
7050.0,341.74
7050.6,340.85
7051.2,330.98
7051.7,332.75
7052.3,348.91
7052.9,369.64
7053.4,381.68
7054.0,366.69
7054.6,388.93
7055.2,365.55
7055.7,358.24
7056.3,350.42
7056.9,349.75
7057.4,349.69
7058.0,344.78
7058.6,357.28
7059.1,352.13
7059.7,370.63
7060.3,350.43
7060.9,365.48
7061.4,365.11
7062.0,374.01
7062.6,371.14
7063.1,371.27
7063.7,370.37
7064.3,376.98
7064.8,360.14
7065.4,366.22
7066.0,356.59
7066.6,351.02
7067.1,323.94
7067.7,335.97
7068.3,347.84
7068.8,340.3
7069.4,346.06
7070.0,350.73
7070.5,352.13
7071.1,347.73
7071.7,348.48
7072.2,353.75
7072.8,332.68
7073.4,350.14
7074.0,331.57
7074.5,337.66
7075.1,344.83
7075.7,355.88
7076.2,353.13
7076.8,345.25
7077.4,351.0
7077.9,346.67
7078.5,360.68
7079.1,340.44
7079.7,348.84
7080.2,349.76
7080.8,345.59
7081.4,345.52
7081.9,349.36
7082.5,365.0
7083.1,359.21
7083.6,357.31
7084.2,355.8
7084.8,345.87
7085.3,347.73
7085.9,345.63
7086.5,342.21
7087.1,356.27
7087.6,346.13
7088.2,354.62
7088.8,334.94
7089.3,345.2
7089.9,341.32
7090.5,349.24
7091.0,342.29
7091.6,339.82
7092.2,341.65
7092.7,342.11
7093.3,326.8
7093.9,355.01
7094.5,344.79
7095.0,334.31
7095.6,330.53
7096.2,356.15
7096.7,341.35
7097.3,346.54
7097.9,340.23
7098.4,345.36
7099.0,350.21
7099.6,336.53
7100.1,331.36
7100.7,317.65
7101.3,336.21
7101.8,329.69
7102.4,335.71
7103.0,334.46
7103.6,326.96
7104.1,321.46
7104.7,331.42
7105.3,322.54
7105.8,330.55
7106.4,304.27
7107.0,333.11
7107.5,331.94
7108.1,327.77
7108.7,326.32
7109.2,327.14
7109.8,323.85
7110.4,327.97
7110.9,339.11
7111.5,332.97
7112.1,323.57
7112.7,318.47
7113.2,317.68
7113.8,329.21
7114.4,324.55
7114.9,325.47
7115.5,330.05
7116.1,337.42
7116.6,318.11
7117.2,345.37
7117.8,341.79
7118.3,320.67
7118.9,304.15
7119.5,326.2
7120.0,314.5
7120.6,307.88
7121.2,341.09
7121.7,340.93
7122.3,338.47
7122.9,334.63
7123.5,338.15
7124.0,328.98
7124.6,340.58
7125.2,346.25
7125.7,346.71
7126.3,337.61
7126.9,337.51
7127.4,348.48
7128.0,343.82
7128.6,352.1
7129.1,348.8
7129.7,357.96
7130.3,333.04
7130.8,337.74
7131.4,317.57
7132.0,335.32
7132.5,335.73
7133.1,332.41
7133.7,321.94
7134.2,323.22
7134.8,338.73
7135.4,336.13
7135.9,334.06
7136.5,333.08
7137.1,332.1
7137.7,337.63
7138.2,329.26
7138.8,323.32
7139.4,330.27
7139.9,335.31
7140.5,343.5
7141.1,335.39
7141.6,347.47
7142.2,340.18
7142.8,336.62
7143.3,346.98
7143.9,351.77
7144.5,343.47
7145.0,344.98
7145.6,353.79
7146.2,353.18
7146.7,354.29
7147.3,342.16
7147.9,338.42
7148.4,328.84
7149.0,331.6
7149.6,353.08
7150.1,344.81
7150.7,352.9
7151.3,330.26
7151.8,357.84
7152.4,330.09
7153.0,332.98
7153.5,335.25
7154.1,339.55
7154.7,337.36
7155.2,334.05
7155.8,348.65
7156.4,336.01
7156.9,337.23
7157.5,353.48
7158.1,339.43
7158.6,351.58
7159.2,334.29
7159.8,347.6
7160.3,347.11
7160.9,360.53
7161.5,342.35
7162.0,345.12
7162.6,335.84
7163.2,322.96
7163.7,335.84
7164.3,338.47
7164.9,342.62
7165.4,336.38
7166.0,335.23
7166.6,335.71
7167.1,344.47
7167.7,341.49
7168.3,340.55
7168.8,336.65
7169.4,346.31
7170.0,333.1
7170.5,317.39
7171.1,322.46
7171.7,318.92
7172.2,314.82
7172.8,328.33
7173.4,338.42
7174.0,339.73
7174.5,338.83
7175.1,337.78
7175.6,328.1
7176.2,330.29
7176.8,320.37
7177.3,333.43
7177.9,316.77
7178.5,332.59
7179.0,327.15
7179.6,337.5
7180.2,321.6
7180.7,330.23
7181.3,321.93
7181.9,328.87
7182.4,328.24
7183.0,322.88
7183.6,312.42
7184.1,316.77
7184.7,335.37
7185.3,329.76
7185.8,335.22
7186.4,342.12
7187.0,347.32
7187.5,369.74
7188.1,341.35
7188.7,348.04
7189.2,336.36
7189.8,329.55
7190.4,320.91
7190.9,312.98
7191.5,300.14
7192.1,310.63
7192.6,326.01
7193.2,345.57
7193.8,345.84
7194.3,334.9
7194.9,355.34
7195.5,342.77
7196.0,327.92
7196.6,340.61
7197.2,335.11
7197.7,323.61
7198.3,333.52
7198.9,329.85
7199.4,343.65
7200.0,341.63
7200.6,343.36
7201.1,346.79
7201.7,354.78
7202.3,353.74
7202.8,345.08
7203.4,333.71
7204.0,333.91
7204.5,353.52
7205.1,336.37
7205.7,332.71
7206.2,323.97
7206.8,352.64
7207.4,340.51
7207.9,345.75
7208.5,337.03
7209.0,341.82
7209.6,340.54
7210.2,344.39
7210.7,339.82
7211.3,341.74
7211.9,329.26
7212.4,349.62
7213.0,359.75
7213.6,349.48
7214.1,360.64
7214.7,361.92
7215.3,351.99
7215.8,369.4
7216.4,375.57
7217.0,372.09
7217.5,379.92
7218.1,361.87
7218.7,370.9
7219.2,355.67
7219.8,359.53
7220.4,335.0
7220.9,342.65
7221.5,344.67
7222.0,365.72
7222.6,355.91
7223.2,356.34
7223.7,360.91
7224.3,345.06
7224.9,352.29
7225.4,355.23
7226.0,344.83
7226.6,341.62
7227.1,338.94
7227.7,334.9
7228.3,330.36
7228.8,341.44
7229.4,336.8
7230.0,350.85
7230.5,351.5
7231.1,353.24
7231.7,351.4
7232.2,356.4
7232.8,345.3
7233.3,347.5
7233.9,346.24
7234.5,338.46
7235.0,332.67
7235.6,346.54
7236.2,352.39
7236.7,349.57
7237.3,345.27
7237.9,355.71
7238.4,339.93
7239.0,362.96
7239.6,344.12
7240.1,364.11
7240.7,353.18
7241.3,347.46
7241.8,348.16
7242.4,357.72
7242.9,337.26
7243.5,336.62
7244.1,351.65
7244.6,352.33
7245.2,342.87
7245.8,326.66
7246.3,334.05
7246.9,339.22
7247.5,351.19
7248.0,351.64
7248.6,341.28
7249.2,346.78
7249.7,341.71
7250.3,339.3
7250.8,348.06
7251.4,342.73
7252.0,328.81
7252.5,332.42
7253.1,339.23
7253.7,338.62
7254.2,340.36
7254.8,349.9
7255.4,346.3
7255.9,352.46
7256.5,346.97
7257.0,346.86
7257.6,352.35
7258.2,343.29
7258.7,347.63
7259.3,358.21
7259.9,344.78
7260.4,339.53
7261.0,347.95
7261.6,330.95
7262.1,351.98
7262.7,336.86
7263.3,346.8
7263.8,335.71
7264.4,333.02
7264.9,330.75
7265.5,321.57
7266.1,337.02
7266.6,323.76
7267.2,315.19
7267.8,330.9
7268.3,331.92
7268.9,328.85
7269.5,329.96
7270.0,336.55
7270.6,341.28
7271.1,335.29
7271.7,313.89
7272.3,306.94
7272.8,299.2
7273.4,305.78
7274.0,312.66
7274.5,319.2
7275.1,311.01
7275.6,316.38
7276.2,314.34
7276.8,316.41
7277.3,302.11
7277.9,315.92
7278.5,341.0
7279.0,324.5
7279.6,333.13
7280.2,320.27
7280.7,339.32
7281.3,326.79
7281.8,322.93
7282.4,337.19
7283.0,337.49
7283.5,340.49
7284.1,340.3
7284.7,336.86
7285.2,330.53
7285.8,330.98
7286.3,332.62
7286.9,327.59
7287.5,335.08
7288.0,334.92
7288.6,329.99
7289.2,335.22
7289.7,330.45
7290.3,323.77
7290.9,325.85
7291.4,317.96
7292.0,329.31
7292.5,339.7
7293.1,338.02
7293.7,328.59
7294.2,331.16
7294.8,327.15
7295.4,320.34
7295.9,335.01
7296.5,318.27
7297.0,336.15
7297.6,338.55
7298.2,315.27
7298.7,331.92
7299.3,327.09
7299.9,322.96
7300.4,320.55
7301.0,322.04
7301.5,332.22
7302.1,320.43
7302.7,327.78
7303.2,343.22
7303.8,332.77
7304.4,343.11
7304.9,332.17
7305.5,325.38
7306.0,318.66
7306.6,307.74
7307.2,313.35
7307.7,306.39
7308.3,305.02
7308.9,312.32
7309.4,318.87
7310.0,311.09
7310.5,311.04
7311.1,330.67
7311.7,326.62
7312.2,319.52
7312.8,321.14
7313.3,321.96
7313.9,311.82
7314.5,323.99
7315.0,318.66
7315.6,328.54
7316.2,323.65
7316.7,322.16
7317.3,338.15
7317.8,349.39
7318.4,343.9
7319.0,342.84
7319.5,342.75
7320.1,344.07
7320.7,344.36
7321.2,336.66
7321.8,337.76
7322.3,336.23
7322.9,342.55
7323.5,354.29
7324.0,347.8
7324.6,354.03
7325.1,342.92
7325.7,330.8
7326.3,330.54
7326.8,337.22
7327.4,344.65
7328.0,329.84
7328.5,346.51
7329.1,335.73
7329.6,345.69
7330.2,344.1
7330.8,347.74
7331.3,347.98
7331.9,337.17
7332.4,339.75
7333.0,348.07
7333.6,319.31
7334.1,337.79
7334.7,344.18
7335.3,339.59
7335.8,346.64
7336.4,343.73
7336.9,334.99
7337.5,323.74
7338.1,319.68
7338.6,315.87
7339.2,321.67
7339.7,331.35
7340.3,324.39
7340.9,324.81
7341.4,327.55
7342.0,339.49
7342.5,334.65
7343.1,336.95
7343.7,337.28
7344.2,326.16
7344.8,324.55
7345.4,329.22
7345.9,324.72
7346.5,346.04
7347.0,345.55
7347.6,334.94
7348.2,340.2
7348.7,338.35
7349.3,348.9
7349.8,343.34
7350.4,351.58
7351.0,343.69
7351.5,340.97
7352.1,346.05
7352.6,344.3
7353.2,335.67
7353.8,346.24
7354.3,351.95
7354.9,351.96
7355.4,355.96
7356.0,345.17
7356.6,351.46
7357.1,352.06
7357.7,345.67
7358.2,352.68
7358.8,351.85
7359.4,328.21
7359.9,346.04
7360.5,338.15
7361.0,344.98
7361.6,346.23
7362.2,344.96
7362.7,348.32
7363.3,354.65
7363.8,340.54
7364.4,343.05
7365.0,335.85
7365.5,348.34
7366.1,343.06
7366.6,344.46
7367.2,333.12
7367.8,360.37
7368.3,332.31
7368.9,345.87
7369.5,338.1
7370.0,336.43
7370.6,342.43
7371.1,345.05
7371.7,331.88
7372.2,320.78
7372.8,329.92
7373.4,335.84
7373.9,321.74
7374.5,336.81
7375.0,332.93
7375.6,325.93
7376.2,331.91
7376.7,324.09
7377.3,336.42
7377.8,322.73
7378.4,325.48
7379.0,335.92
7379.5,334.71
7380.1,332.08
7380.6,345.01
7381.2,330.25
7381.8,343.34
7382.3,335.31
7382.9,338.67
7383.4,333.61
7384.0,333.84
7384.6,331.84
7385.1,360.02
7385.7,348.1
7386.2,364.11
7386.8,359.13
7387.4,361.99
7387.9,355.66
7388.5,348.48
7389.0,329.47
7389.6,333.11
7390.2,337.93
7390.7,336.37
7391.3,355.71
7391.8,332.75
7392.4,336.72
7393.0,333.49
7393.5,332.93
7394.1,331.25
7394.6,326.23
7395.2,327.55
7395.7,332.59
7396.3,314.27
7396.9,327.2
7397.4,329.06
7398.0,310.52
7398.5,313.4
7399.1,317.38
7399.7,321.87
7400.2,329.11
7400.8,325.55
7401.3,326.38
7401.9,332.31
7402.5,331.34
7403.0,344.37
7403.6,341.66
7404.1,334.24
7404.7,321.63
7405.2,310.23
7405.8,305.96
7406.4,316.13
7406.9,331.09
7407.5,330.44
7408.0,340.58
7408.6,348.86
7409.2,327.01
7409.7,332.43
7410.3,334.22
7410.8,329.22
7411.4,331.39
7412.0,317.45
7412.5,324.72
7413.1,331.68
7413.6,318.06
7414.2,325.69
7414.7,332.31
7415.3,331.01
7415.9,331.26
7416.4,333.97
7417.0,344.23
7417.5,358.28
7418.1,342.06
7418.7,346.27
7419.2,349.02
7419.8,346.18
7420.3,339.34
7420.9,339.78
7421.4,337.69
7422.0,344.69
7422.6,337.71
7423.1,325.27
7423.7,336.12
7424.2,339.4
7424.8,342.54
7425.3,337.98
7425.9,341.64
7426.5,344.55
7427.0,326.42
7427.6,337.35
7428.1,324.66
7428.7,338.93
7429.3,316.99
7429.8,324.81
7430.4,323.1
7430.9,315.62
7431.5,326.07
7432.0,309.02
7432.6,325.77
7433.2,327.23
7433.7,308.44
7434.3,322.79
7434.8,308.04
7435.4,319.73
7435.9,328.49
7436.5,328.84
7437.1,331.09
7437.6,345.05
7438.2,335.64
7438.7,315.97
7439.3,320.34
7439.8,324.73
7440.4,331.71
7441.0,338.19
7441.5,325.15
7442.1,326.92
7442.6,323.71
7443.2,336.11
7443.7,332.36
7444.3,321.85
7444.9,326.84
7445.4,329.31
7446.0,317.9
7446.5,312.32
7447.1,350.2
7447.6,329.04
7448.2,338.16
7448.8,345.52
7449.3,330.28
7449.9,340.04
7450.4,322.11
7451.0,333.53
7451.5,310.91
7452.1,318.27
7452.7,333.29
7453.2,351.69
7453.8,339.97
7454.3,343.67
7454.9,331.99
7455.4,344.63
7456.0,346.09
7456.6,341.34
7457.1,334.34
7457.7,338.4
7458.2,337.29
7458.8,345.83
7459.3,329.57
7459.9,339.89
7460.5,342.13
7461.0,334.91
7461.6,335.92
7462.1,333.76
7462.7,343.14
7463.2,329.16
7463.8,334.47
7464.3,334.83
7464.9,330.51
7465.5,324.82
7466.0,312.41
7466.6,324.2
7467.1,318.13
7467.7,321.96
7468.2,325.14
7468.8,341.39
7469.4,322.4
7469.9,331.74
7470.5,333.66
7471.0,329.0
7471.6,329.94
7472.1,317.49
7472.7,323.94
7473.2,323.5
7473.8,316.43
7474.4,325.71
7474.9,324.22
7475.5,329.8
7476.0,328.24
7476.6,331.4
7477.1,319.6
7477.7,315.8
7478.3,339.02
7478.8,327.2
7479.4,320.62
7479.9,340.0
7480.5,321.93
7481.0,339.46
7481.6,333.61
7482.1,340.39
7482.7,330.83
7483.3,338.79
7483.8,328.14
7484.4,325.2
7484.9,332.6
7485.5,342.34
7486.0,346.5
7486.6,347.05
7487.1,332.23
7487.7,343.62
7488.3,342.43
7488.8,341.18
7489.4,343.66
7489.9,350.83
7490.5,349.93
7491.0,341.73
7491.6,340.03
7492.1,335.17
7492.7,336.33
7493.3,320.63
7493.8,336.7
7494.4,332.06
7494.9,318.07
7495.5,320.92
7496.0,317.65
7496.6,328.25
7497.1,336.36
7497.7,315.06
7498.2,328.81
7498.8,332.55
7499.4,327.46
7499.9,335.11
7500.5,328.36
7501.0,326.34
7501.6,327.0
7502.1,347.83
7502.7,337.28
7503.2,335.81
7503.8,333.85
7504.4,331.99
7504.9,336.38
7505.5,330.73
7506.0,331.45
7506.6,331.63
7507.1,333.99
7507.7,331.11
7508.2,343.96
7508.8,343.88
7509.3,341.97
7509.9,349.99
7510.5,346.01
7511.0,343.26
7511.6,346.71
7512.1,342.25
7512.7,329.92
7513.2,340.8
7513.8,343.19
7514.3,330.5
7514.9,336.39
7515.4,342.59
7516.0,347.86
7516.6,349.54
7517.1,342.59
7517.7,352.1
7518.2,345.02
7518.8,339.14
7519.3,342.7
7519.9,348.4
7520.4,345.9
7521.0,329.09
7521.5,340.7
7522.1,351.69
7522.7,417.93
7523.2,460.52
7523.8,502.82
7524.3,517.04
7524.9,491.23
7525.4,481.06
7526.0,419.72
7526.5,365.32
7527.1,358.77
7527.6,322.92
7528.2,300.66
7528.7,306.67
7529.3,319.77
7529.9,312.41
7530.4,335.76
7531.0,341.68
7531.5,345.13
7532.1,357.54
7532.6,340.95
7533.2,357.99
7533.7,364.58
7534.3,350.87
7534.8,363.27
7535.4,374.95
7535.9,350.07
7536.5,333.18
7537.0,351.89
7537.6,354.47
7538.2,347.01
7538.7,363.17
7539.3,359.37
7539.8,365.23
7540.4,355.0
7540.9,352.97
7541.5,344.2
7542.0,347.99
7542.6,351.24
7543.1,349.59
7543.7,341.38
7544.2,353.79
7544.8,352.27
7545.3,345.94
7545.9,345.64
7546.5,359.69
7547.0,331.56
7547.6,350.15
7548.1,355.07
7548.7,360.27
7549.2,348.36
7549.8,364.24
7550.3,352.25
7550.9,337.57
7551.4,336.53
7552.0,346.39
7552.5,349.34
7553.1,351.41
7553.6,348.33
7554.2,346.5
7554.7,352.87
7555.3,363.17
7555.9,353.32
7556.4,335.55
7557.0,364.78
7557.5,353.07
7558.1,354.03
7558.6,368.96
7559.2,356.67
7559.7,347.77
7560.3,346.29
7560.8,340.55
7561.4,350.9
7561.9,356.34
7562.5,337.16
7563.0,345.86
7563.6,354.03
7564.1,344.54
7564.7,323.31
7565.2,344.78
7565.8,337.02
7566.4,342.46
7566.9,340.94
7567.5,348.04
7568.0,329.26
7568.6,343.64
7569.1,340.18
7569.7,333.6
7570.2,354.52
7570.8,341.65
7571.3,354.41
7571.9,356.21
7572.4,352.76
7573.0,344.11
7573.5,347.09
7574.1,341.99
7574.6,347.08
7575.2,337.49
7575.7,340.52
7576.3,348.85
7576.8,356.72
7577.4,353.02
7577.9,363.56
7578.5,356.52
7579.0,355.5
7579.6,368.35
7580.1,355.89
7580.7,365.1
7581.3,372.59
7581.8,365.42
7582.4,348.43
7582.9,352.42
7583.5,353.5
7584.0,358.13
7584.6,359.52
7585.1,353.35
7585.7,362.87
7586.2,361.27
7586.8,362.64
7587.3,362.88
7587.9,361.78
7588.4,356.79
7589.0,354.83
7589.5,365.49
7590.1,359.8
7590.6,344.71
7591.2,348.9
7591.7,365.97
7592.3,345.99
7592.8,348.69
7593.4,338.22
7593.9,337.69
7594.5,341.8
7595.0,340.87
7595.6,346.74
7596.1,340.14
7596.7,370.48
7597.2,392.62
7597.8,380.7
7598.3,341.71
7598.9,357.8
7599.4,328.49
7600.0,342.68
7600.5,355.52
7601.1,335.1
7601.6,336.74
7602.2,302.75
7602.7,342.63
7603.3,431.94
7603.8,343.96
7604.4,372.18
7604.9,376.03
7605.5,369.43
7606.1,388.64
7606.6,357.73
7607.2,379.12
7607.7,367.88
7608.3,406.98
7608.8,354.1
7609.4,407.54
7609.9,348.46
7610.5,397.26
7611.0,387.0
7611.6,384.75
7612.1,402.36
7612.7,321.36
7613.2,416.45
7613.8,415.21
7614.3,388.2
7614.9,364.05
7615.4,342.5
7616.0,372.29
7616.5,403.18
7617.1,406.93
7617.6,389.42
7618.2,369.14
7618.7,348.08
7619.3,352.17
7619.8,332.7
7620.4,310.15
7620.9,319.45
7621.5,354.26
7622.0,394.16
7622.6,363.03
7623.1,333.41
7623.7,339.07
7624.2,374.0
7624.8,392.33
7625.3,417.48
7625.9,389.57
7626.4,372.0
7627.0,317.64
7627.5,321.55
7628.1,372.37
7628.6,434.71
7629.2,400.7
7629.7,377.85
7630.3,365.61
7630.8,340.41
7631.4,302.14
7631.9,323.03
7632.4,403.9
7633.0,423.18
7633.5,390.99
7634.1,352.79
7634.6,337.71
7635.2,321.18
7635.7,301.33
7636.3,381.93
7636.8,426.98
7637.4,397.52
7637.9,370.19
7638.5,351.5
7639.0,328.1
7639.6,303.61
7640.1,290.9
7640.7,341.29
7641.2,372.02
7641.8,384.58
7642.3,360.99
7642.9,337.48
7643.4,320.12
7644.0,288.26
7644.5,291.31
7645.1,309.39
7645.6,332.74
7646.2,369.72
7646.7,345.19
7647.3,335.55
7647.8,317.25
7648.4,316.7
7648.9,297.37
7649.5,280.0
7650.0,343.2
7650.6,383.78
7651.1,342.9
7651.7,366.47
7652.2,343.57
7652.8,335.69
7653.3,309.72
7653.9,308.58
7654.4,301.66
7655.0,295.29
7655.5,382.3
7656.1,377.88
7656.6,373.17
7657.1,392.56
7657.7,377.25
7658.2,352.56
7658.8,348.84
7659.3,337.13
7659.9,332.36
7660.4,366.46
7661.0,363.13
7661.5,398.29
7662.1,386.55
7662.6,352.49
7663.2,359.19
7663.7,346.11
7664.3,352.13
7664.8,340.85
7665.4,344.25
7665.9,350.51
7666.5,362.46
7667.0,380.2
7667.6,374.98
7668.1,360.66
7668.7,360.49
7669.2,348.45
7669.8,370.09
7670.3,346.0
7670.8,341.44
7671.4,354.55
7671.9,352.61
7672.5,355.78
7673.0,363.88
7673.6,349.98
7674.1,344.34
7674.7,362.95
7675.2,339.7
7675.8,339.88
7676.3,344.74
7676.9,341.88
7677.4,359.15
7678.0,346.62
7678.5,357.53
7679.1,370.7
7679.6,359.29
7680.2,345.97
7680.7,330.8
7681.2,320.4
7681.8,349.01
7682.3,354.04
7682.9,330.18
7683.4,338.03
7684.0,350.1
7684.5,353.33
7685.1,385.16
7685.6,356.56
7686.2,344.95
7686.7,349.13
7687.3,338.64
7687.8,353.61
7688.4,337.85
7688.9,347.32
7689.5,346.21
7690.0,366.71
7690.5,374.99
7691.1,370.94
7691.6,356.62
7692.2,360.81
7692.7,361.13
7693.3,357.54
7693.8,342.02
7694.4,346.19
7694.9,341.31
7695.5,332.17
7696.0,334.19
7696.6,337.56
7697.1,360.18
7697.7,335.71
7698.2,332.64
7698.7,327.79
7699.3,349.28
7699.8,332.86
7700.4,329.18
7700.9,345.19
7701.5,335.72
7702.0,355.23
7702.6,339.67
7703.1,349.36
7703.7,359.91
7704.2,349.18
7704.8,360.22
7705.3,353.48
7705.8,343.24
7706.4,343.29
7706.9,350.95
7707.5,336.52
7708.0,350.28
7708.6,363.05
7709.1,360.23
7709.7,334.7
7710.2,371.2
7710.8,326.89
7711.3,353.76
7711.8,338.65
7712.4,350.45
7712.9,351.52
7713.5,345.81
7714.0,353.88
7714.6,337.0
7715.1,361.58
7715.7,358.2
7716.2,359.39
7716.8,350.41
7717.3,356.12
7717.9,355.51
7718.4,360.48
7718.9,349.23
7719.5,353.37
7720.0,370.51
7720.6,354.58
7721.1,349.37
7721.7,353.95
7722.2,358.0
7722.8,365.88
7723.3,341.09
7723.9,335.26
7724.4,379.45
7724.9,348.58
7725.5,371.79
7726.0,355.14
7726.6,356.93
7727.1,349.81
7727.7,325.99
7728.2,351.73
7728.8,337.37
7729.3,336.46
7729.8,331.08
7730.4,310.79
7730.9,343.99
7731.5,340.32
7732.0,349.67
7732.6,321.66
7733.1,329.04
7733.7,342.34
7734.2,361.51
7734.7,327.53
7735.3,352.03
7735.8,340.22
7736.4,345.33
7736.9,319.05
7737.5,345.27
7738.0,346.25
7738.6,359.61
7739.1,344.9
7739.7,343.07
7740.5,379.18
7741.2,366.33
7741.9,375.01
7742.7,388.0
7743.4,372.08
7744.1,372.23
7744.8,366.18
7745.6,376.17
7746.3,344.57
7747.0,361.4
7747.7,358.33
7748.4,358.92
7749.2,349.65
7749.9,382.64
7750.6,357.05
7751.3,348.27
7752.1,364.67
7752.8,364.32
7753.5,347.52
7754.2,336.01
7755.0,344.93
7755.7,351.85
7756.4,336.9
7757.1,325.39
7757.8,329.57
7758.6,322.01
7759.3,324.14
7760.0,320.22
7760.7,295.87
7761.5,300.44
7762.2,312.38
7762.9,333.64
7763.6,348.43
7764.3,338.31
7765.1,352.58
7765.8,362.33
7766.5,354.32
7767.2,372.5
7768.0,346.74
7768.7,339.07
7769.4,348.65
7770.1,353.07
7770.9,347.79
7771.6,351.23
7772.3,362.7
7773.0,382.44
7773.7,372.6
7774.5,349.78
7775.2,356.65
7775.9,367.77
7776.6,366.27
7777.4,366.85
7778.1,358.13
7778.8,363.34
7779.5,359.58
7780.2,351.54
7781.0,367.51
7781.7,374.1
7782.4,350.79
7783.1,374.73
7783.9,365.02
7784.6,341.06
7785.3,365.59
7786.0,358.37
7786.8,360.58
7787.5,361.39
7788.2,369.93
7788.9,356.25
7789.6,347.34
7790.4,353.94
7791.1,353.22
7791.8,366.52
7792.5,362.37
7793.3,373.48
7794.0,366.45
7794.7,360.68
7795.4,359.85
7796.2,348.65
7796.9,368.96
7797.6,373.18
7798.3,372.3
7799.0,373.94
7799.8,369.75
7800.5,371.14
7801.2,356.5
7801.9,368.51
7802.7,370.61
7803.4,374.24
7804.1,368.63
7804.8,389.15
7805.6,372.93
7806.3,377.06
7807.0,366.74
7807.7,348.8
7808.4,349.78
7809.2,357.42
7809.9,372.09
7810.6,366.72
7811.3,353.29
7812.1,354.35
7812.8,347.75
7813.5,353.56
7814.2,344.72
7815.0,337.72
7815.7,349.54
7816.4,355.56
7817.1,343.64
7817.8,354.33
7818.6,346.72
7819.3,343.53
7820.0,349.79
7820.7,369.16
7821.5,363.72
7822.2,361.01
7822.9,343.17
7823.6,359.49
7824.4,347.55
7825.1,340.76
7825.8,359.96
7826.5,374.47
7827.2,353.08
7828.0,351.03
7828.7,330.64
7829.4,342.01
7830.1,341.31
7830.9,336.57
7831.6,333.83
7832.3,328.32
7833.0,331.68
7833.8,336.95
7834.5,330.92
7835.2,353.27
7835.9,347.78
7836.6,348.48
7837.4,333.64
7838.1,330.92
7838.8,333.45
7839.5,330.58
7840.3,345.35
7841.0,341.08
7841.7,346.2
7842.4,346.43
7843.2,345.04
7843.9,344.84
7844.6,328.84
7845.3,340.84
7846.0,336.77
7846.8,333.84
7847.5,342.46
7848.2,342.78
7848.9,337.77
7849.7,356.63
7850.4,331.55
7851.1,331.27
7851.8,330.11
7852.6,330.85
7853.3,320.7
7854.0,327.62
7854.7,327.62
7855.4,332.49
7856.2,339.84
7856.9,338.75
7857.6,338.47
7858.3,316.94
7859.1,335.81
7859.8,325.87
7860.5,325.61
7861.2,320.15
7862.0,313.27
7862.7,315.53
7863.4,323.36
7864.1,314.4
7864.8,321.9
7865.6,311.68
7866.3,318.34
7867.0,324.89
7867.7,327.98
7868.5,323.68
7869.2,327.68
7869.9,319.47
7870.6,321.67
7871.4,322.37
7872.1,324.64
7872.8,319.15
7873.5,319.26
7874.3,312.11
7875.0,306.5
7875.7,300.57
7876.4,315.1
7877.1,314.34
7877.9,312.82
7878.6,319.35
7879.3,306.09
7880.0,315.12
7880.8,311.35
7881.5,310.91
7882.2,307.69
7882.9,317.04
7883.7,310.03
7884.4,315.95
7885.1,316.27
7885.8,312.03
7886.5,310.6
7887.3,305.47
7888.0,323.15
7888.7,313.92
7889.4,313.77
7890.2,312.76
7890.9,307.69
7891.6,320.27
7892.3,304.4
7893.1,303.53
7893.8,304.52
7894.5,316.46
7895.2,316.19
7896.0,310.53
7896.7,309.95
7897.4,315.39
7898.1,316.52
7898.8,316.71
7899.6,309.23
7900.3,319.79
7901.0,328.18
7901.7,314.86
7902.5,329.06
7903.2,320.63
7903.9,322.34
7904.6,325.46
7905.4,318.12
7906.1,316.65
7906.8,321.68
7907.5,324.27
7908.2,323.62
7909.0,328.21
7909.7,327.7
7910.4,321.59
7911.1,321.61
7911.9,325.23
7912.6,324.95
7913.3,311.3
7914.0,317.45
7914.8,321.92
7915.5,316.63
7916.2,312.56
7916.9,301.66
7917.7,297.3
7918.4,295.33
7919.1,302.07
7919.8,304.72
7920.5,314.03
7921.3,312.69
7922.0,315.61
7922.7,303.7
7923.4,302.63
7924.2,309.78
7924.9,304.23
7925.6,317.16
7926.3,301.99
7927.1,315.55
7927.8,321.33
7928.5,327.05
7929.2,324.54
7930.0,316.11
7930.7,315.06
7931.4,314.92
7932.1,312.37
7932.8,317.72
7933.6,318.28
7934.3,329.51
7935.0,333.17
7935.7,333.82
7936.5,331.9
7937.2,326.88
7937.9,321.51
7938.6,334.51
7939.4,327.28
7940.1,328.98
7940.8,330.12
7941.5,337.53
7942.2,332.28
7943.0,336.22
7943.7,327.38
7944.4,342.66
7945.1,333.16
7945.9,335.53
7946.6,338.65
7947.3,341.66
7948.0,333.46
7948.8,328.76
7949.5,327.57
7950.2,331.06
7950.9,334.55
7951.7,328.12
7952.4,328.71
7953.1,331.75
7953.8,343.33
7954.5,335.06
7955.3,343.05
7956.0,329.47
7956.7,331.92
7957.4,336.75
7958.2,339.41
7958.9,325.08
7959.6,329.36
7960.3,329.39
7961.1,326.59
7961.8,337.91
7962.5,334.16
7963.2,336.72
7964.0,331.92
7964.7,329.74
7965.4,330.92
7966.1,326.78
7966.8,318.25
7967.6,337.97
7968.3,343.32
7969.0,345.57
7969.7,339.41
7970.5,332.18
7971.2,338.59
7971.9,347.89
7972.6,350.68
7973.4,333.98
7974.1,325.64
7974.8,328.87
7975.5,331.65
7976.3,354.34
7977.0,324.79
7977.7,333.64
7978.4,328.22
7979.1,328.66
7979.9,322.84
7980.6,327.23
7981.3,320.22
7982.0,318.36
7982.8,322.61
7983.5,330.62
7984.2,332.2
7984.9,339.94
7985.7,353.34
7986.4,331.28
7987.1,334.54
7987.8,335.11
7988.6,341.58
7989.3,337.01
7990.0,346.41
7990.7,324.89
7991.4,338.9
7992.2,349.13
7992.9,341.97
7993.6,350.37
7994.3,342.01
7995.1,337.66
7995.8,340.01
7996.5,345.74
7997.2,344.4
7998.0,337.64
7998.7,329.94
7999.4,348.96
8000.1,344.38
8000.9,350.4
8001.6,337.35
8002.3,347.64
8003.0,329.24
8003.7,331.68
8004.5,321.0
8005.2,317.59
8005.9,314.79
8006.6,321.48
8007.4,319.2
8008.1,327.15
8008.8,326.01
8009.5,332.79
8010.3,322.95
8011.0,322.99
8011.7,321.98
8012.4,320.02
8013.2,333.18
8013.9,332.28
8014.6,354.82
8015.3,348.36
8016.0,344.28
8016.8,357.1
8017.5,352.73
8018.2,346.45
8018.9,334.76
8019.7,344.83
8020.4,339.65
8021.1,351.65
8021.8,340.71
8022.6,328.23
8023.3,330.51
8024.0,332.9
8024.7,320.84
8025.5,320.59
8026.2,323.53
8026.9,314.5
8027.6,320.53
8028.3,319.85
8029.1,332.74
8029.8,325.05
8030.5,317.77
8031.2,331.1
8032.0,321.78
8032.7,328.57
8033.4,332.09
8034.1,333.89
8034.9,338.12
8035.6,337.51
8036.3,352.39
8037.0,345.93
8037.8,347.42
8038.5,336.83
8039.2,340.38
8039.9,337.84
8040.6,332.69
8041.4,334.73
8042.1,332.74
8042.8,335.89
8043.5,348.29
8044.3,344.7
8045.0,337.75
8045.7,331.76
8046.4,329.3
8047.2,316.56
8047.9,327.95
8048.6,322.89
8049.3,324.69
8050.1,320.27
8050.8,317.44
8051.5,328.88
8052.2,323.78
8052.9,322.35
8053.7,322.94
8054.4,316.9
8055.1,321.11
8055.8,329.25
8056.6,330.2
8057.3,324.58
8058.0,336.21
8058.7,334.34
8059.5,322.62
8060.2,316.18
8060.9,324.48
8061.6,321.07
8062.4,315.74
8063.1,325.65
8063.8,321.98
8064.5,329.51
8065.2,323.33
8066.0,334.06
8066.7,329.72
8067.4,324.01
8068.1,319.22
8068.9,312.84
8069.6,316.22
8070.3,317.21
8071.0,323.73
8071.8,317.62
8072.5,322.66
8073.2,319.75
8073.9,321.08
8074.7,320.93
8075.4,329.93
8076.1,324.82
8076.8,323.03
8077.5,332.01
8078.3,324.36
8079.0,321.3
8079.7,329.98
8080.4,327.98
8081.2,324.4
8081.9,313.22
8082.6,312.12
8083.3,303.37
8084.1,312.67
8084.8,314.88
8085.5,313.8
8086.2,329.05
8087.0,324.08
8087.7,320.48
8088.4,324.69
8089.1,324.99
8089.8,326.3
8090.6,322.92
8091.3,318.73
8092.0,319.87
8092.7,317.99
8093.5,317.46
8094.2,320.05
8094.9,318.48
8095.6,326.59
8096.4,328.68
8097.1,317.7
8097.8,319.5
8098.5,324.65
8099.2,318.83
8100.0,326.3
8100.7,318.68
8101.4,319.49
8102.1,312.84
8102.9,314.71
8103.6,318.55
8104.3,316.51
8105.0,315.44
8105.8,321.65
8106.5,329.63
8107.2,339.61
8107.9,324.07
8108.7,320.34
8109.4,326.62
8110.1,321.65
8110.8,312.51
8111.5,325.91
8112.3,312.53
8113.0,330.99
8113.7,331.58
8114.4,330.5
8115.2,335.84
8115.9,333.95
8116.6,326.83
8117.3,330.36
8118.1,329.18
8118.8,324.33
8119.5,328.17
8120.2,328.55
8121.0,330.86
8121.7,323.4
8122.4,325.18
8123.1,329.66
8123.8,328.49
8124.6,327.17
8125.3,327.27
8126.0,326.95
8126.7,328.36
8127.5,316.69
8128.2,313.48
8128.9,315.68
8129.6,331.29
8130.4,320.6
8131.1,323.77
8131.8,323.74
8132.5,326.96
8133.2,326.88
8134.0,341.06
8134.7,333.48
8135.4,334.7
8136.1,326.03
8136.9,337.16
8137.6,323.13
8138.3,326.4
8139.0,325.51
8139.8,321.49
8140.5,329.41
8141.2,322.91
8141.9,326.96
8142.7,325.2
8143.4,320.38
8144.1,324.62
8144.8,315.92
8145.5,326.96
8146.3,330.77
8147.0,336.93
8147.7,329.23
8148.4,327.76
8149.2,326.79
8149.9,336.14
8150.6,319.45
8151.3,315.31
8152.1,310.65
8152.8,321.25
8153.5,333.61
8154.2,339.17
8154.9,330.35
8155.7,319.39
8156.4,325.42
8157.1,338.91
8157.8,331.14
8158.6,319.78
8159.3,304.82
8160.0,303.24
8160.7,314.59
8161.5,320.71
8162.2,315.23
8162.9,324.61
8163.6,317.36
8164.4,334.1
8165.1,337.03
8165.8,313.52
8166.5,297.93
8167.2,290.92
8168.0,312.95
8168.7,332.92
8169.4,353.9
8170.1,345.11
8170.9,326.08
8171.6,326.73
8172.3,312.05
8173.0,308.86
8173.8,312.47
8174.5,300.47
8175.2,295.58
8175.9,314.12
8176.6,326.51
8177.4,328.62
8178.1,340.67
8178.8,324.57
8179.5,302.68
8180.3,290.11
8181.0,296.94
8181.7,302.28
8182.4,302.31
8183.2,303.52
8183.9,295.5
8184.6,302.0
8185.3,319.69
8186.0,313.64
8186.8,305.13
8187.5,299.03
8188.2,329.21
8188.9,336.1
8189.7,332.16
8190.4,325.34
8191.1,311.41
8191.8,307.77
8192.6,329.12
8193.3,328.52
8194.0,337.17
8194.7,316.86
8195.5,314.67
8196.2,314.08
8196.9,325.46
8197.6,329.08
8198.3,311.28
8199.1,318.17
8199.8,318.95
8200.5,318.94
8201.2,313.7
8202.0,311.68
8202.7,320.54
8203.4,329.57
8204.1,324.83
8204.9,323.49
8205.6,323.63
8206.3,313.03
8207.0,324.11
8207.7,321.63
8208.5,327.55
8209.2,334.91
8209.9,321.25
8210.6,336.92
8211.4,339.24
8212.1,331.49
8212.8,321.91
8213.5,325.67
8214.3,323.27
8215.0,309.18
8215.7,310.04
8216.4,319.87
8217.1,326.37
8217.9,334.75
8218.6,318.22
8219.3,320.16
8220.0,321.23
8220.8,312.15
8221.5,314.11
8222.2,328.79
8222.9,317.37
8223.7,325.83
8224.4,317.19
8225.1,297.01
8225.8,301.14
8226.5,313.19
8227.3,339.39
8228.0,349.8
8228.7,334.47
8229.4,304.2
8230.2,321.04
8230.9,339.6
8231.6,333.73
8232.3,312.65
8233.1,324.49
8233.8,331.01
8234.5,318.68
8235.2,316.83
8235.9,314.0
8236.7,319.25
8237.4,324.22
8238.1,338.4
8238.8,331.62
8239.6,336.97
8240.3,338.65
8241.0,319.08
8241.7,321.76
8242.5,330.31
8243.2,348.17
8243.9,333.14
8244.6,331.91
8245.3,324.5
8246.1,328.6
8246.8,341.6
8247.5,338.24
8248.2,349.12
8249.0,323.86
8249.7,320.92
8250.4,320.77
8251.1,322.78
8251.8,328.19
8252.6,329.75
8253.3,317.12
8254.0,306.94
8254.7,314.26
8255.5,332.93
8256.2,339.33
8256.9,343.77
8257.6,325.52
8258.4,332.53
8259.1,343.07
8259.8,342.41
8260.5,310.64
8261.2,311.11
8262.0,315.81
8262.7,333.0
8263.4,331.04
8264.1,327.76
8264.9,336.64
8265.6,335.5
8266.3,314.81
8267.0,321.51
8267.8,315.42
8268.5,320.05
8269.2,319.07
8269.9,319.28
8270.6,319.5
8271.4,326.33
8272.1,321.0
8272.8,310.1
8273.5,320.81
8274.3,323.49
8275.0,319.23
8275.7,322.99
8276.4,322.34
8277.1,306.14
8277.9,319.06
8278.6,322.92
8279.3,326.55
8280.0,324.34
8280.8,329.41
8281.5,341.92
8282.2,332.33
8282.9,325.36
8283.7,313.69
8284.4,313.84
8285.1,302.65
8285.8,286.01
8286.5,303.82
8287.3,317.54
8288.0,326.89
8288.7,325.41
8289.4,331.32
8290.2,327.9
8290.9,317.78
8291.6,304.78
8292.3,300.63
8293.0,316.34
8293.8,320.05
8294.5,326.67
8295.2,327.74
8295.9,318.82
8296.7,312.99
8297.4,310.56
8298.1,312.96
8298.8,304.94
8299.5,322.0
8300.3,320.57
8301.0,308.16
8301.7,308.48
8302.4,319.86
8303.2,305.27
8303.9,311.47
8304.6,316.6
8305.3,324.94
8306.1,300.03
8306.8,307.68
8307.5,307.54
8308.2,311.43
8308.9,305.02
8309.7,304.55
8310.4,301.96
8311.1,302.55
8311.8,298.01
8312.6,305.46
8313.3,302.37
8314.0,291.16
8314.7,306.68
8315.4,310.8
8316.2,306.11
8316.9,310.49
8317.6,323.47
8318.3,315.07
8319.1,299.69
8319.8,295.89
8320.5,308.42
8321.2,330.41
8321.9,320.22
8322.7,313.23
8323.4,320.98
8324.1,311.64
8324.8,311.3
8325.6,322.63
8326.3,306.85
8327.0,307.59
8327.7,305.91
8328.5,316.83
8329.2,324.61
8329.9,329.78
8330.6,327.69
8331.3,326.73
8332.1,316.43
8332.8,316.32
8333.5,325.2
8334.2,310.12
8335.0,322.54
8335.7,313.9
8336.4,317.59
8337.1,314.9
8337.8,339.53
8338.6,338.7
8339.3,325.06
8340.0,317.67
8340.7,313.73
8341.5,307.71
8342.2,305.84
8342.9,295.83
8343.6,301.34
8344.3,305.69
8345.1,309.95
8345.8,317.31
8346.5,324.58
8347.2,313.2
8348.0,326.81
8348.7,319.17
8349.4,309.79
8350.1,298.34
8350.8,266.33
8351.6,252.57
8352.3,248.29
8353.0,248.13
8353.7,261.65
8354.5,278.76
8355.2,302.97
8355.9,317.82
8356.6,324.87
8357.3,326.25
8358.1,320.72
8358.8,317.83
8359.5,313.41
8360.2,305.18
8361.0,295.7
8361.7,303.54
8362.4,315.45
8363.1,316.96
8363.8,312.59
8364.6,309.08
8365.3,304.08
8366.0,307.83
8366.7,316.81
8367.5,314.67
8368.2,301.7
8368.9,310.3
8369.6,316.7
8370.3,326.16
8371.1,330.17
8371.8,323.4
8372.5,322.82
8373.2,310.45
8374.0,309.89
8374.7,311.78
8375.4,312.84
8376.1,327.86
8376.8,314.91
8377.6,321.3
8378.3,322.44
8379.0,318.73
8379.7,327.74
8380.5,326.77
8381.2,311.2
8381.9,324.23
8382.6,329.65
8383.3,333.5
8384.1,330.52
8384.8,330.91
8385.5,331.13
8386.2,333.31
8386.9,330.06
8387.7,334.3
8388.4,314.1
8389.1,316.83
8389.8,313.44
8390.6,306.62
8391.3,305.03
8392.0,329.22
8392.7,334.67
8393.4,340.6
8394.2,337.53
8394.9,330.52
8395.6,309.74
8396.3,322.01
8397.1,315.43
8397.8,311.09
8398.5,317.15
8399.2,309.08
8399.9,310.43
8400.7,316.92
8401.4,323.01
8402.1,326.12
8402.8,320.51
8403.6,328.64
8404.3,314.99
8405.0,307.77
8405.7,323.75
8406.4,334.93
8407.2,335.27
8407.9,334.26
8408.6,343.67
8409.3,332.14
8410.0,332.52
8410.8,324.6
8411.5,314.71
8412.2,308.9
8412.9,298.1
8413.7,301.54
8414.4,314.46
8415.1,329.67
8415.8,334.93
8416.5,331.18
8417.3,314.2
8418.0,313.77
8418.7,315.11
8419.4,319.06
8420.2,323.78
8420.9,315.86
8421.6,307.47
8422.3,298.12
8423.0,304.45
8423.8,311.85
8424.5,314.92
8425.2,308.81
8425.9,319.76
8426.6,324.2
8427.4,316.83
8428.1,333.67
8428.8,324.87
8429.5,324.68
8430.3,335.28
8431.0,323.19
8431.7,299.06
8432.4,303.19
8433.1,300.1
8433.9,313.2
8434.6,320.31
8435.3,322.96
8436.0,328.1
8436.7,334.78
8437.5,336.94
8438.2,344.8
8438.9,339.97
8439.6,352.51
8440.4,340.89
8441.1,344.42
8441.8,342.03
8442.5,345.89
8443.2,332.09
8444.0,315.87
8444.7,308.58
8445.4,327.11
8446.1,304.92
8446.8,311.78
8447.6,314.45
8448.3,309.0
8449.0,311.49
8449.7,317.39
8450.5,336.45
8451.2,324.8
8451.9,322.8
8452.6,316.42
8453.3,317.87
8454.1,311.55
8454.8,312.28
8455.5,322.57
8456.2,332.25
8456.9,332.33
8457.7,319.82
8458.4,327.1
8459.1,330.57
8459.8,333.87
8460.6,337.18
8461.3,343.69
8462.0,333.6
8462.7,336.92
8463.4,338.69
8464.2,330.66
8464.9,333.93
8465.6,329.07
8466.3,325.46
8467.0,339.0
8467.8,328.19
8468.5,339.84
8469.2,339.4
8469.9,331.33
8470.7,333.51
8471.4,322.57
8472.1,317.24
8472.8,310.26
8473.5,293.56
8474.3,281.47
8475.0,282.14
8475.7,277.03
8476.4,282.48
8477.1,275.56
8477.9,274.24
8478.6,275.9
8479.3,273.35
8480.0,276.66
8480.7,285.42
8481.5,279.61
8482.2,275.56
8482.9,263.01
8483.6,240.62
8484.4,248.41
8485.1,263.97
8485.8,283.4
8486.5,297.31
8487.2,304.43
8488.0,293.27
8488.7,306.6
8489.4,306.24
8490.1,299.99
8490.8,296.64
8491.6,299.5
8492.3,300.14
8493.0,300.35
8493.7,309.41
8494.4,307.21
8495.2,308.68
8495.9,317.76
8496.6,314.44
8497.3,325.79
8498.1,317.56
8498.8,313.37
8499.5,307.31
8500.2,308.77
8500.9,317.58
8501.7,318.14
8502.4,311.38
8503.1,321.31
8503.8,313.55
8504.5,319.66
8505.3,316.21
8506.0,315.57
8506.7,313.26
8507.4,309.19
8508.1,316.32
8508.9,307.68
8509.6,305.85
8510.3,303.07
8511.0,302.82
8511.7,296.25
8512.5,301.37
8513.2,294.56
8513.9,289.68
8514.6,279.71
8515.3,275.15
8516.1,276.21
8516.8,251.2
8517.5,248.67
8518.2,241.34
8519.0,236.55
8519.7,223.92
8520.4,224.56
8521.1,227.64
8521.8,221.27
8522.6,221.39
8523.3,220.96
8524.0,217.96
8524.7,212.66
8525.4,214.42
8526.2,199.3
8526.9,186.67
8527.6,178.22
8528.3,181.1
8529.0,199.27
8529.8,212.59
8530.5,229.88
8531.2,236.75
8531.9,246.44
8532.6,248.89
8533.4,268.4
8534.1,276.23
8534.8,284.08
8535.5,291.45
8536.2,287.54
8537.0,293.57
8537.7,289.26
8538.4,298.66
8539.1,311.5
8539.8,304.04
8540.6,310.23
8541.3,304.36
8542.0,303.01
8542.7,297.63
8543.4,306.23
8544.2,314.32
8544.9,311.88
8545.6,315.36
8546.3,325.78
8547.1,324.86
8547.8,318.63
8548.5,329.55
8549.2,332.53
8549.9,336.68
8550.7,335.25
8551.4,326.97
8552.1,324.74
8552.8,313.74
8553.5,318.05
8554.3,315.49
8555.0,328.23
8555.7,322.45
8556.4,335.46
8557.1,347.65
8557.9,339.14
8558.6,341.62
8559.3,319.61
8560.0,315.4
8560.7,324.6
8561.5,323.56
8562.2,328.11
8562.9,321.28
8563.6,332.72
8564.3,331.24
8565.1,331.51
8565.8,332.17
8566.5,336.73
8567.2,325.9
8567.9,321.36
8568.7,329.1
8569.4,331.06
8570.1,333.54
8570.8,337.75
8571.5,338.99
8572.3,335.65
8573.0,333.68
8573.7,335.06
8574.4,338.19
8575.1,331.84
8575.9,335.29
8576.6,344.33
8577.3,337.09
8578.0,335.41
8578.7,332.64
8579.5,319.18
8580.2,330.31
8580.9,334.64
8581.6,315.84
8582.3,310.21
8583.1,315.61
8583.8,310.83
8584.5,322.54
8585.2,327.73
8585.9,324.11
8586.7,336.85
8587.4,332.49
8588.1,318.9
8588.8,320.51
8589.5,306.92
8590.3,311.11
8591.0,326.86
8591.7,328.93
8592.4,316.68
8593.1,326.31
8593.9,323.93
8594.6,326.52
8595.3,328.78
8596.0,311.83
8596.7,312.58
8597.4,323.07
8598.2,320.08
8598.9,306.72
8599.6,322.87
8600.3,323.61
8601.0,325.24
8601.8,325.93
8602.5,317.82
8603.2,328.51
8603.9,317.31
8604.6,328.21
8605.4,326.63
8606.1,329.91
8606.8,324.91
8607.5,340.21
8608.2,324.69
8609.0,320.3
8609.7,323.22
8610.4,332.57
8611.1,336.61
8611.8,338.38
8612.6,329.09
8613.3,337.12
8614.0,322.55
8614.7,337.95
8615.4,339.3
8616.2,335.16
8616.9,323.07
8617.6,329.34
8618.3,334.8
8619.0,321.53
8619.8,330.99
8620.5,326.96
8621.2,324.65
8621.9,321.84
8622.6,342.81
8623.4,336.89
8624.1,327.18
8624.8,332.37
8625.5,324.92
8626.2,318.63
8626.9,318.56
8627.7,312.18
8628.4,318.19
8629.1,315.91
8629.8,316.73
8630.5,309.44
8631.3,307.62
8632.0,308.93
8632.7,295.71
8633.4,291.85
8634.1,290.75
8634.9,286.59
8635.6,284.53
8636.3,269.6
8637.0,262.76
8637.7,254.59
8638.5,251.98
8639.2,250.49
8639.9,245.17
8640.6,243.95
8641.3,239.91
8642.0,244.6
8642.8,249.14
8643.5,241.16
8644.2,236.23
8644.9,243.24
8645.6,236.66
8646.4,228.78
8647.1,208.18
8647.8,201.3
8648.5,199.08
8649.2,218.68
8650.0,226.04
8650.7,235.51
8651.4,245.64
8652.1,254.35
8652.8,281.36
8653.6,284.71
8654.3,284.73
8655.0,289.45
8655.7,293.21
8656.4,302.22
8657.1,299.78
8657.9,297.18
8658.6,311.92
8659.3,298.67
8660.0,309.6
8660.7,308.75
8661.5,316.01
8662.2,321.92
8662.9,315.45
8663.6,309.19
8664.3,308.87
8665.1,291.29
8665.8,280.23
8666.5,287.68
8667.2,295.86
8667.9,295.96
8668.6,290.17
8669.4,300.49
8670.1,311.06
8670.8,310.92
8671.5,321.62
8672.2,308.92
8673.0,320.34
8673.7,307.78
8674.4,310.37
8675.1,307.79
8675.8,306.83
8676.5,325.41
8677.3,329.26
8678.0,327.53
8678.7,311.26
8679.4,318.13
8680.1,307.58
8680.9,308.97
8681.6,322.5
8682.3,323.36
8683.0,322.43
8683.7,328.7
8684.5,326.7
8685.2,325.31
8685.9,323.01
8686.6,311.35
8687.3,319.08
8688.0,320.57
8688.8,319.32
8689.5,315.73
8690.2,316.92
8690.9,321.0
8691.6,322.92
8692.4,323.18
8693.1,326.22
8693.8,326.82
8694.5,320.41
8695.2,314.83
8695.9,317.86
8696.7,316.46
8697.4,316.49
8698.1,325.74
8698.8,319.47
8699.5,328.23
8700.3,323.35
8701.0,327.02
8701.7,327.07
8702.4,320.29
8703.1,316.36
8703.8,327.8
8704.6,327.12
8705.3,320.64
8706.0,317.26
8706.7,321.08
8707.4,317.07
8708.2,321.56
8708.9,319.36
8709.6,333.44
8710.3,325.74
8711.0,325.84
8711.7,329.12
8712.5,328.5
8713.2,324.42
8713.9,317.76
8714.6,317.04
8715.3,321.72
8716.1,321.97
8716.8,323.66
8717.5,342.42
8718.2,325.69
8718.9,330.07
8719.6,324.17
8720.4,315.74
8721.1,320.74
8721.8,319.72
8722.5,314.5
8723.2,319.63
8723.9,323.57
8724.7,324.12
8725.4,326.34
8726.1,327.77
8726.8,331.12
8727.5,321.89
8728.3,320.86
8729.0,309.6
8729.7,313.58
8730.4,317.77
8731.1,312.51
8731.8,328.34
8732.6,321.43
8733.3,317.63
8734.0,305.05
8734.7,299.14
8735.4,299.15
8736.1,291.54
8736.9,293.69
8737.6,296.38
8738.3,309.59
8739.0,313.24
8739.7,321.22
8740.5,323.65
8741.2,319.94
8741.9,314.1
8742.6,314.49
8743.3,316.46
8744.0,320.84
8744.8,321.02
8745.5,322.93
8746.2,330.86
8746.9,325.54
8747.6,315.42
8748.3,321.05
8749.1,318.3
8749.8,305.29
8750.5,310.77
8751.2,308.22
8751.9,297.13
8752.6,314.86
8753.4,317.7
8754.1,317.3
8754.8,320.74
8755.5,310.67
8756.2,318.31
8757.0,315.01
8757.7,324.45
8758.4,324.96
8759.1,330.86
8759.8,315.49
8760.5,324.88
8761.3,328.19
8762.0,332.43
8762.7,338.78
8763.4,332.07
8764.1,337.82
8764.8,330.38
8765.6,323.85
8766.3,328.55
8767.0,328.03
8767.7,315.08
8768.4,319.93
8769.1,316.14
8769.9,320.24
8770.6,319.16
8771.3,316.74
8772.0,315.83
8772.7,306.22
8773.4,318.34
8774.2,313.13
8774.9,318.61
8775.6,321.0
8776.3,320.79
8777.0,307.05
8777.7,313.82
8778.5,333.07
8779.2,316.09
8779.9,315.4
8780.6,316.61
8781.3,299.29
8782.0,301.69
8782.8,309.66
8783.5,296.49
8784.2,290.86
8784.9,303.13
8785.6,305.31
8786.3,318.02
8787.1,312.3
8787.8,312.01
8788.5,316.12
8789.2,306.94
8789.9,306.32
8790.6,290.65
8791.4,303.07
8792.1,319.62
8792.8,315.41
8793.5,317.38
8794.2,320.4
8794.9,323.06
8795.7,320.01
8796.4,326.38
8797.1,337.72
8797.8,319.25
8798.5,329.27
8799.2,319.96
8800.0,302.04
8800.7,297.28
8801.4,302.07
8802.1,305.87
8802.8,302.93
8803.5,321.83
8804.3,316.65
8805.0,307.23
8805.7,325.62
8806.4,321.42
8807.1,323.01
8807.8,319.66
8808.6,322.06
8809.3,313.48
8810.0,314.6
8810.7,323.89
8811.4,322.74
8812.1,340.14
8812.9,322.8
8813.6,314.92
8814.3,322.58
8815.0,308.54
8815.7,310.9
8816.4,308.9
8817.2,309.15
8817.9,307.67
8818.6,315.53
8819.3,310.67
8820.0,321.3
8820.7,321.06
8821.4,323.43
8822.2,318.98
8822.9,325.99
8823.6,311.42
8824.3,325.02
8825.0,316.98
8825.7,304.53
8826.5,329.7
8827.2,332.5
8827.9,323.67
8828.6,325.08
8829.3,316.81
8830.0,323.07
8830.8,334.72
8831.5,327.85
8832.2,336.54
8832.9,339.48
8833.6,323.81
8834.3,316.88
8835.1,322.95
8835.8,330.12
8836.5,323.25
8837.2,321.0
8837.9,318.34
8838.6,325.18
8839.3,324.35
8840.1,322.23
8840.8,317.66
8841.5,307.05
8842.2,313.52
8842.9,314.12
8843.6,306.25
8844.4,296.75
8845.1,306.34
8845.8,303.37
8846.5,302.96
8847.2,303.31
8847.9,305.61
8848.6,310.19
8849.4,320.14
8850.1,330.64
8850.8,319.76
8851.5,325.9
8852.2,322.98
8852.9,314.87
8853.7,327.55
8854.4,325.24
8855.1,317.06
8855.8,316.87
8856.5,320.55
8857.2,327.33
8858.0,328.2
8858.7,310.9
8859.4,315.76
8860.1,312.14
8860.8,321.41
8861.5,314.15
8862.2,317.28
8863.0,320.13
8863.7,325.37
8864.4,325.13
8865.1,326.28
8865.8,317.57
8866.5,310.76
8867.2,324.33
8868.0,314.05
8868.7,310.56
8869.4,311.61
8870.1,305.4
8870.8,315.84
8871.5,317.22
8872.3,316.41
8873.0,326.91
8873.7,319.47
8874.4,325.76
8875.1,325.5
8875.8,324.0
8876.5,315.27
8877.3,316.45
8878.0,317.05
8878.7,318.46
8879.4,315.52
8880.1,330.97
8880.8,321.91
8881.5,319.79
8882.3,324.69
8883.0,338.54
8883.7,324.58
8884.4,324.88
8885.1,320.96
8885.8,328.56
8886.6,331.89
8887.3,319.66
8888.0,330.27
8888.7,318.45
8889.4,319.28
8890.1,317.83
8890.8,319.27
8891.6,319.85
8892.3,320.09
8893.0,318.98
8893.7,320.97
8894.4,302.21
8895.1,313.7
8895.8,305.1
8896.6,292.58
8897.3,305.78
8898.0,315.34
8898.7,307.29
8899.4,321.18
8900.1,318.18
8900.8,314.96
8901.6,311.87
8902.3,308.35
8903.0,316.86
8903.7,321.24
8904.4,305.56
8905.1,321.98
8905.8,319.84
8906.6,312.1
8907.3,304.04
8908.0,296.82
8908.7,307.48
8909.4,308.25
8910.1,299.12
8910.8,308.83
8911.6,299.53
8912.3,300.0
8913.0,303.01
8913.7,315.09
8914.4,319.59
8915.1,320.56
8915.8,312.68
8916.6,315.51
8917.3,309.78
8918.0,308.08
8918.7,307.86
8919.4,310.7
8920.1,325.59
8920.8,313.46
8921.6,312.0
8922.3,323.45
8923.0,316.8
8923.7,312.18
8924.4,311.19
8925.1,316.35
8925.8,315.44
8926.6,317.4
8927.3,319.45
8928.0,329.14
8928.7,322.45
8929.4,331.69
8930.1,334.71
8930.8,318.31
8931.6,317.39
8932.3,320.39
8933.0,323.48
8933.7,324.88
8934.4,326.08
8935.1,330.95
8935.8,328.47
8936.6,333.77
8937.3,322.94
8938.0,326.79
8938.7,322.55
8939.4,326.17
8940.1,322.47
8940.8,325.69
8941.5,328.96
8942.3,318.8
8943.0,325.76
8943.7,313.52
8944.4,309.89
8945.1,310.31
8945.8,320.39
8946.5,322.39
8947.3,328.77
8948.0,335.98
8948.7,309.97
8949.4,310.97
8950.1,319.16
8950.8,304.74
8951.5,318.52
8952.2,301.53
8953.0,293.65
8953.7,314.27
8954.4,323.55
8955.1,315.19
8955.8,303.32
8956.5,309.9
8957.2,333.18
8958.0,321.84
8958.7,316.62
8959.4,305.13
8960.1,301.57
8960.8,296.11
8961.5,327.16
8962.2,345.04
8962.9,321.23
8963.7,315.0
8964.4,312.59
8965.1,338.39
8965.8,335.31
8966.5,326.29
8967.2,342.27
8967.9,312.9
8968.7,308.24
8969.4,302.39
8970.1,308.88
8970.8,341.04
8971.5,328.05
8972.2,326.16
8972.9,323.95
8973.6,332.63
8974.4,328.27
8975.1,309.95
8975.8,312.96
8976.5,305.11
8977.2,303.4
8977.9,292.34
8978.6,284.3
8979.3,315.05
8980.1,333.34
8980.8,339.93
8981.5,310.55
8982.2,322.12
8982.9,321.88
8983.6,302.37
8984.3,287.03
8985.0,268.55
8985.8,280.05
8986.5,300.49
8987.2,319.28
8987.9,317.32
8988.6,296.05
8989.3,273.97
8990.0,280.58
8990.8,340.89
8991.5,339.48
8992.2,323.55
8992.9,309.61
8993.6,296.88
8994.3,299.2
8995.0,304.4
8995.7,310.92
8996.5,299.44
8997.2,293.17
8997.9,275.02
8998.6,272.84
8999.3,300.28
9000.0,310.65
9000.7,285.27
9001.4,276.68
9002.1,288.83
9002.9,321.04
9003.6,330.64
9004.3,314.21
9005.0,288.1
9005.7,307.3
9006.4,307.97
9007.1,313.88
9007.8,305.41
9008.6,304.15
9009.3,295.72
9010.0,288.89
9010.7,313.81
9011.4,334.85
9012.1,326.23
9012.8,317.71
9013.5,305.38
9014.3,287.41
9015.0,297.63
9015.7,336.61
9016.4,344.01
9017.1,346.17
9017.8,317.66
9018.5,323.17
9019.2,321.61
9020.0,312.82
9020.7,304.26
9021.4,310.77
9022.1,318.59
9022.8,321.95
9023.5,315.92
9024.2,304.18
9024.9,324.71
9025.6,353.3
9026.4,329.43
9027.1,312.13
9027.8,325.39
9028.5,320.21
9029.2,311.28
9029.9,318.7
9030.6,328.87
9031.3,329.17
9032.0,325.65
9032.8,315.32
9033.5,321.38
9034.2,311.87
9034.9,319.51
9035.6,317.37
9036.3,297.17
9037.0,267.01
9037.7,245.46
9038.5,245.27
9039.2,272.81
9039.9,280.25
9040.6,281.5
9041.3,333.55
9042.0,391.31
9042.7,385.57
9043.4,297.97
9044.1,266.46
9044.9,245.0
9045.6,250.89
9046.3,254.11
9047.0,228.18
9047.7,232.7
9048.4,262.28
9049.1,294.89
9049.8,306.98
9050.5,312.31
9051.3,321.25
9052.0,327.12
9052.7,320.78
9053.4,321.38
9054.1,311.52
9054.8,300.08
9055.5,301.57
9056.2,287.59
9056.9,302.98
9057.7,296.38
9058.4,290.7
9059.1,306.42
9059.8,304.7
9060.5,308.0
9061.2,308.16
9061.9,298.26
9062.6,298.98
9063.3,300.98
9064.1,282.91
9064.8,284.42
9065.5,280.92
9066.2,271.29
9066.9,264.58
9067.6,289.55
9068.3,318.02
9069.0,316.28
9069.7,320.83
9070.4,295.26
9071.2,297.55
9071.9,312.82
9072.6,290.41
9073.3,300.78
9074.0,304.93
9074.7,301.75
9075.4,308.49
9076.1,299.15
9076.8,295.61
9077.6,276.28
9078.3,280.67
9079.0,301.3
9079.7,292.5
9080.4,302.88
9081.1,295.45
9081.8,248.95
9082.5,227.77
9083.2,222.06
9083.9,216.32
9084.7,222.01
9085.4,257.08
9086.1,295.83
9086.8,308.47
9087.5,278.94
9088.2,271.9
9088.9,285.92
9089.6,284.2
9090.3,276.41
9091.0,255.79
9091.8,261.19
9092.5,265.23
9093.2,270.45
9093.9,268.43
9094.6,272.45
9095.3,269.36
9096.0,265.13
9096.7,251.23
9097.4,261.11
9098.2,271.25
9098.9,294.72
9099.6,326.38
9100.3,311.43
9101.0,301.29
9101.7,302.37
9102.4,294.32
9103.1,294.5
9103.8,299.02
9104.5,301.44
9105.2,310.87
9106.0,313.82
9106.7,317.46
9107.4,328.83
9108.1,320.96
9108.8,308.83
9109.5,310.18
9110.2,314.54
9110.9,301.82
9111.6,305.86
9112.3,301.6
9113.1,299.0
9113.8,306.7
9114.5,306.23
9115.2,294.32
9115.9,284.88
9116.6,265.78
9117.3,275.11
9118.0,297.86
9118.7,305.61
9119.4,296.81
9120.2,276.01
9120.9,276.27
9121.6,277.75
9122.3,270.18
9123.0,269.6
9123.7,286.19
9124.4,287.21
9125.1,283.47
9125.8,273.46
9126.5,276.98
9127.2,276.74
9128.0,270.38
9128.7,268.08
9129.4,280.96
9130.1,312.07
9130.8,297.58
9131.5,293.56
9132.2,276.33
9132.9,266.34
9133.6,255.18
9134.3,253.75
9135.0,279.42
9135.8,310.73
9136.5,322.68
9137.2,310.41
9137.9,288.43
9138.6,280.42
9139.3,283.24
9140.0,280.9
9140.7,279.6
9141.4,279.97
9142.1,284.06
9142.8,283.21
9143.5,279.56
9144.3,284.59
9145.0,277.06
9145.7,266.55
9146.4,259.28
9147.1,261.75
9147.8,251.69
9148.5,246.15
9149.2,260.22
9149.9,261.5
9150.6,247.92
9151.3,260.39
9152.1,280.62
9152.8,270.9
9153.5,260.47
9154.2,252.85
9154.9,286.86
9155.6,297.61
9156.3,283.37
9157.0,273.38
9157.7,265.62
9158.4,264.44
9159.1,272.41
9159.8,279.8
9160.6,276.21
9161.3,280.07
9162.0,280.02
9162.7,286.49
9163.4,280.83
9164.1,274.85
9164.8,275.04
9165.5,267.45
9166.2,260.85
9166.9,265.75
9167.6,253.99
9168.3,267.85
9169.1,270.15
9169.8,265.37
9170.5,247.02
9171.2,249.32
9171.9,258.96
9172.6,269.15
9173.3,260.76
9174.0,278.53
9174.7,272.81
9175.4,278.71
9176.1,271.15
9176.8,271.42
9177.5,270.81
9178.3,279.02
9179.0,254.23
9179.7,257.08
9180.4,270.73
9181.1,267.84
9181.8,259.74
9182.5,246.9
9183.2,262.88
9183.9,276.25
9184.6,278.57
9185.3,271.61
9186.0,269.8
9186.7,273.75
9187.5,269.63
9188.2,255.36
9188.9,258.62
9189.6,257.6
9190.3,261.97
9191.0,261.27
9191.7,260.56
9192.4,254.4
9193.1,252.34
9193.8,240.77
9194.5,255.35
9195.2,266.62
9195.9,256.66
9196.7,248.95
9197.4,250.22
9198.1,249.17
9198.8,257.65
9199.5,267.8
9200.2,269.36
9200.9,272.32
9201.6,267.54
9202.3,255.93
9203.0,258.37
9203.7,256.59
9204.4,267.33
9205.1,261.08
9205.8,270.01
9206.6,261.51
9207.3,272.14
9208.0,251.8
9208.7,249.45
9209.4,261.94
9210.1,257.61
9210.8,260.24
9211.5,253.85
9212.2,265.28
9212.9,239.71
9213.6,236.55
9214.3,240.8
9215.0,234.88
9215.7,250.14
9216.4,268.39
9217.2,263.72
9217.9,263.46
9218.6,260.38
9219.3,261.35
9220.0,255.07
9220.7,250.99
9221.4,253.94
9222.1,254.61
9222.8,243.18
9223.5,239.59
9224.2,250.61
9224.9,271.03
9225.6,253.72
9226.3,250.85
9227.0,250.27
9227.8,251.49
9228.5,252.45
9229.2,263.0
9229.9,267.56
9230.6,265.13
9231.3,265.83
9232.0,262.12
9232.7,266.4
9233.4,255.54
9234.1,267.78
9234.8,257.1
9235.5,255.25
9236.2,248.07
9236.9,258.46
9237.6,265.62
9238.3,259.16
9239.1,259.52
9239.8,262.81
9240.5,256.8
9241.2,256.25
9241.9,262.18
9242.6,269.36
9243.3,265.21
9244.0,264.89
9244.7,268.16
9245.4,266.31
9246.1,266.5
9246.8,260.94
9247.5,246.43
9248.2,244.78
9248.9,257.79
9249.6,255.77
9250.3,264.76
9251.1,265.24
9251.8,261.14
9252.5,264.72
9253.2,253.64
9253.9,251.28
9254.6,259.2
9255.3,262.39
9256.0,259.18
9256.7,265.48
9257.4,267.47
9258.1,261.8
9258.8,276.88
9259.5,268.07
9260.2,268.06
9260.9,271.85
9261.6,266.43
9262.3,275.87
9263.0,252.04
9263.8,256.0
9264.5,241.11
9265.2,250.84
9265.9,249.7
9266.6,262.0
9267.3,265.94
9268.0,269.9
9268.7,268.63
9269.4,271.23
9270.1,273.84
9270.8,256.34
9271.5,258.06
9272.2,266.31
9272.9,270.83
9273.6,263.23
9274.3,255.36
9275.0,260.25
9275.7,262.51
9276.4,264.47
9277.2,251.79
9277.9,277.48
9278.6,288.59
9279.3,290.57
9280.0,283.6
9280.7,273.65
9281.4,273.47
9282.1,267.13
9282.8,257.21
9283.5,251.07
9284.2,271.01
9284.9,288.61
9285.6,273.0
9286.3,275.05
9287.0,275.0
9287.7,271.34
9288.4,265.46
9289.1,270.92
9289.8,266.03
9290.5,276.15
9291.2,271.34
9292.0,272.09
9292.7,249.37
9293.4,264.57
9294.1,270.15
9294.8,274.4
9295.5,262.67
9296.2,265.71
9296.9,290.97
9297.6,283.97
9298.3,262.59
9299.0,259.26
9299.7,270.49
9300.4,294.13
9301.1,273.44
9301.8,271.5
9302.5,267.74
9303.2,279.89
9303.9,290.0
9304.6,265.23
9305.3,252.75
9306.0,251.05
9306.7,244.15
9307.4,275.81
9308.2,300.23
9308.9,310.4
9309.6,291.2
9310.3,271.98
9311.0,269.82
9311.7,276.78
9312.4,261.88
9313.1,261.21
9313.8,229.63
9314.5,220.83
9315.2,271.31
9315.9,334.78
9316.6,314.97
9317.3,280.65
9318.0,284.22
9318.7,306.86
9319.4,280.45
9320.1,261.2
9320.8,245.99
9321.5,249.61
9322.2,239.81
9322.9,238.58
9323.6,254.22
9324.3,297.18
9325.0,319.59
9325.7,263.02
9326.4,275.85
9327.2,288.34
9327.9,283.7
9328.6,264.1
9329.3,248.37
9330.0,255.97
9330.7,265.51
9331.4,248.0
9332.1,233.33
9332.8,235.95
9333.5,270.96
9334.2,301.77
9334.9,273.07
9335.6,250.95
9336.3,244.06
9337.0,224.03
9337.7,245.19
9338.4,297.17
9339.1,299.19
9339.8,249.58
9340.5,218.19
9341.2,195.13
9341.9,207.71
9342.6,273.7
9343.3,318.9
9344.0,315.14
9344.7,323.36
9345.4,323.29
9346.1,299.67
9346.8,294.26
9347.5,269.28
9348.2,269.55
9348.9,286.52
9349.7,272.66
9350.4,256.04
9351.1,222.69
9351.8,212.41
9352.5,227.96
9353.2,333.44
9353.9,362.41
9354.6,283.99
9355.3,238.98
9356.0,190.28
9356.7,240.54
9357.4,318.04
9358.1,343.94
9358.8,294.75
9359.5,263.45
9360.2,274.87
9360.9,272.31
9361.6,269.65
9362.3,254.09
9363.0,232.67
9363.7,230.3
9364.4,251.38
9365.1,255.47
9365.8,294.15
9366.5,263.57
9367.2,237.41
9367.9,212.2
9368.6,221.79
9369.3,236.95
9370.0,267.18
9370.7,312.99
9371.4,306.8
9372.1,268.42
9372.8,241.21
9373.5,245.48
9374.2,256.27
9374.9,226.52
9375.6,241.26
9376.3,257.06
9377.0,291.94
9377.7,268.1
9378.4,241.12
9379.1,224.68
9379.8,251.79
9380.6,314.8
9381.3,306.16
9382.0,269.66
9382.7,263.24
9383.4,252.25
9384.1,232.11
9384.8,207.38
9385.5,229.27
9386.2,267.24
9386.9,309.02
9387.6,263.5
9388.3,244.98
9389.0,238.75
9389.7,223.43
9390.4,232.3
9391.1,232.35
9391.8,248.83
9392.5,240.29
9393.2,232.56
9393.9,239.89
9394.6,239.69
9395.3,238.09
9396.0,246.24
9396.7,224.24
9397.4,222.31
9398.1,239.23
9398.8,257.67
9399.5,251.96
9400.2,249.12
9400.9,248.01
9401.6,253.19
9402.3,262.18
9403.0,267.62
9403.7,279.59
9404.4,261.97
9405.1,252.68
9405.8,254.54
9406.5,257.54
9407.2,246.08
9407.9,229.01
9408.6,225.3
9409.3,242.98
9410.0,274.65
9410.7,275.88
9411.4,271.56
9412.1,262.99
9412.8,258.05
9413.5,260.95
9414.2,248.69
9414.9,236.43
9415.6,244.41
9416.3,239.59
9417.0,271.57
9417.7,270.98
9418.4,247.18
9419.1,248.9
9419.8,237.29
9420.5,260.59
9421.2,277.0
9421.9,257.19
9422.6,245.29
9423.3,238.44
9424.0,218.53
9424.7,207.96
9425.4,198.08
9426.1,214.3
9426.8,281.94
9427.5,332.08
9428.2,267.68
9428.9,246.39
9429.6,250.05
9430.3,279.62
9431.0,265.38
9431.7,251.23
9432.4,246.72
9433.1,247.62
9433.8,251.56
9434.5,240.01
9435.2,218.68
9435.9,224.22
9436.6,252.46
9437.3,295.91
9438.0,263.15
9438.7,212.18
9439.4,212.61
9440.1,283.01
9440.8,302.02
9441.5,274.3
9442.2,286.55
9442.9,302.55
9443.6,280.75
9444.3,274.48
9445.0,268.47
9445.7,280.45
9446.4,266.76
9447.1,255.75
9447.8,248.46
9448.5,254.63
9449.2,265.93
9449.9,280.77
9450.6,270.2
9451.3,254.94
9452.0,230.29
9452.7,223.2
9453.4,231.94
9454.1,267.58
9454.8,245.73
9455.5,292.27
9456.2,294.84
9456.9,249.78
9457.6,228.13
9458.3,228.16
9459.0,223.74
9459.7,281.33
9460.4,303.49
9461.1,293.13
9461.8,256.44
9462.5,242.98
9463.2,228.89
9463.9,255.29
9464.6,270.11
9465.3,262.48
9466.0,251.83
9466.7,239.15
9467.4,242.2
9468.1,256.76
9468.8,296.04
9469.5,288.12
9470.2,266.47
9470.9,265.08
9471.6,241.79
9472.3,223.63
9473.0,230.89
9473.7,245.21
9474.4,271.91
9475.1,272.41
9475.8,298.32
9476.5,268.22
9477.2,254.28
9477.9,248.98
9478.6,214.33
9479.3,213.77
9480.0,235.58
9480.7,277.08
9481.4,257.23
9482.1,244.65
9482.8,213.38
9483.5,201.5
9484.2,216.22
9484.8,246.82
9485.5,238.29
9486.2,252.6
9486.9,254.39
9487.6,248.48
9488.3,247.7
9489.0,260.27
9489.7,259.97
9490.4,259.79
9491.1,254.18
9491.8,219.82
9492.5,230.72
9493.2,286.13
9493.9,316.03
9494.6,274.75
9495.3,237.3
9496.0,270.47
9496.7,279.88
9497.4,282.33
9498.1,250.3
9498.8,234.44
9499.5,237.11
9500.2,300.39
9500.9,353.88
9501.6,305.17
9502.3,272.98
9503.0,256.96
9503.7,252.7
9504.4,274.66
9505.1,258.0
9505.8,269.29
9506.5,273.78
9507.2,285.05
9507.9,286.63
9508.6,277.66
9509.3,280.22
9510.0,267.69
9510.7,254.97
9511.4,259.56
9512.1,255.65
9512.8,260.81
9513.5,276.49
9514.2,257.98
9514.8,236.07
9515.5,244.46
9516.2,291.32
9516.9,305.07
9517.6,273.79
9518.3,261.16
9519.0,278.25
9519.7,254.28
9520.4,231.3
9521.1,261.12
9521.8,300.54
9522.5,271.58
9523.2,245.28
9523.9,261.25
9524.6,266.26
9525.3,254.3
9526.0,243.97
9526.7,251.83
9527.4,255.25
9528.1,267.74
9528.8,260.87
9529.5,254.32
9530.2,242.69
9530.9,232.54
9531.6,240.81
9532.3,254.13
9533.0,269.06
9533.7,239.44
9534.4,261.56
9535.1,269.73
9535.8,290.82
9536.4,272.82
9537.1,266.55
9537.8,262.83
9538.5,242.66
9539.2,250.33
9539.9,251.46
9540.6,272.44
9541.3,264.81
9542.0,224.43
9542.7,253.77
9543.4,282.08
9544.1,301.37
9544.8,279.68
9545.5,277.95
9546.2,261.07
9546.9,254.15
9547.6,260.75
9548.3,257.21
9549.0,271.8
9549.7,256.54
9550.4,260.55
9551.1,242.86
9551.8,234.41
9552.5,235.41
9553.2,274.86
9553.8,284.97
9554.5,261.06
9555.2,236.35
9555.9,246.03
9556.6,278.3
9557.3,283.73
9558.0,286.28
9558.7,263.87
9559.4,267.04
9560.1,261.17
9560.8,253.07
9561.5,249.26
9562.2,260.91
9562.9,255.08
9563.6,266.76
9564.3,256.92
9565.0,252.46
9565.7,288.03
9566.4,280.36
9567.1,260.82
9567.8,279.6
9568.5,289.49
9569.1,280.42
9569.8,267.47
9570.5,282.4
9571.2,290.58
9571.9,264.66
9572.6,257.64
9573.3,257.37
9574.0,245.35
9574.7,243.71
9575.4,247.69
9576.1,251.23
9576.8,254.91
9577.5,249.96
9578.2,231.8
9578.9,229.78
9579.6,249.12
9580.3,282.37
9581.0,283.41
9581.7,263.46
9582.3,251.38
9583.0,264.41
9583.7,259.67
9584.4,246.94
9585.1,255.96
9585.8,254.43
9586.5,252.8
9587.2,237.36
9587.9,264.48
9588.6,283.02
9589.3,271.19
9590.0,263.34
9590.7,267.46
9591.4,276.82
9592.1,269.02
9592.8,267.8
9593.5,262.45
9594.2,288.51
9594.8,279.03
9595.5,264.82
9596.2,252.89
9596.9,259.82
9597.6,273.75
9598.3,268.09
9599.0,263.3
9599.7,257.88
9600.4,254.68
9601.1,239.32
9601.8,242.17
9602.5,234.81
9603.2,222.77
9603.9,241.4
9604.6,263.13
9605.3,275.71
9605.9,255.95
9606.6,263.97
9607.3,268.11
9608.0,255.8
9608.7,267.42
9609.4,273.51
9610.1,270.35
9610.8,244.93
9611.5,212.12
9612.2,186.65
9612.9,185.25
9613.6,197.53
9614.3,214.51
9615.0,243.96
9615.7,261.55
9616.4,251.37
9617.0,255.34
9617.7,250.35
9618.4,249.52
9619.1,235.9
9619.8,260.54
9620.5,229.71
9621.2,243.96
9621.9,243.25
9622.6,240.65
9623.3,234.91
9624.0,221.07
9624.7,240.4
9625.4,253.05
9626.1,270.86
9626.7,256.44
9627.4,249.97
9628.1,278.46
9628.8,267.46
9629.5,253.0
9630.2,250.94
9630.9,252.41
9631.6,260.02
9632.3,259.91
9633.0,247.58
9633.7,245.27
9634.4,235.42
9635.1,216.29
9635.8,236.65
9636.4,254.08
9637.1,262.58
9637.8,243.64
9638.5,232.1
9639.2,238.66
9639.9,230.7
9640.6,231.65
9641.3,233.84
9642.0,225.86
9642.7,223.4
9643.4,220.23
9644.1,221.51
9644.8,256.96
9645.4,260.58
9646.1,282.27
9646.8,243.68
9647.5,255.17
9648.2,252.92
9648.9,230.59
9649.6,233.17
9650.3,232.18
9651.0,242.05
9651.7,228.58
9652.4,228.53
9653.1,254.72
9653.8,253.17
9654.4,255.23
9655.1,240.52
9655.8,245.08
9656.5,241.85
9657.2,267.14
9657.9,252.44
9658.6,246.11
9659.3,255.23
9660.0,234.07
9660.7,239.78
9661.4,258.85
9662.0,250.34
9662.7,254.33
9663.4,240.31
9664.1,241.24
9664.8,251.12
9665.5,245.83
9666.2,253.88
9666.9,244.44
9667.6,248.54
9668.3,245.42
9669.0,239.31
9669.7,264.06
9670.3,261.03
9671.0,262.49
9671.7,257.51
9672.4,268.75
9673.1,245.41
9673.8,255.14
9674.5,245.61
9675.2,248.25
9675.9,237.46
9676.6,242.26
9677.3,247.83
9677.9,226.3
9678.6,222.67
9679.3,241.77
9680.0,237.85
9680.7,246.49
9681.4,249.15
9682.1,243.07
9682.8,235.62
9683.5,247.22
9684.2,240.93
9684.9,248.48
9685.5,248.29
9686.2,261.67
9686.9,252.24
9687.6,251.46
9688.3,249.15
9689.0,253.51
9689.7,239.81
9690.4,241.17
9691.1,244.17
9691.8,242.53
9692.4,248.52
9693.1,259.92
9693.8,254.32
9694.5,255.72
9695.2,258.28
9695.9,260.31
9696.6,250.64
9697.3,258.88
9698.0,258.85
9698.7,246.8
9699.4,246.78
9700.0,243.22
9700.7,275.04
9701.4,258.15
9702.1,246.69
9702.8,249.31
9703.5,239.32
9704.2,236.8
9704.9,240.87
9705.6,265.35
9706.2,249.99
9706.9,250.1
9707.6,240.57
9708.3,261.96
9709.0,241.28
9709.7,253.69
9710.4,250.13
9711.1,253.35
9711.8,239.66
9712.5,228.67
9713.1,228.22
9713.8,223.28
9714.5,252.98
9715.2,260.71
9715.9,248.71
9716.6,257.29
9717.3,221.49
9718.0,237.36
9718.7,233.87
9719.3,233.13
9720.0,241.04
9720.7,233.37
9721.4,220.9
9722.1,241.86
9722.8,242.5
9723.5,258.58
9724.2,238.56
9724.9,256.41
9725.5,248.95
9726.2,245.78
9726.9,251.93
9727.6,255.33
9728.3,243.93
9729.0,241.27
9729.7,243.02
9730.4,244.51
9731.1,250.56
9731.7,251.7
9732.4,233.51
9733.1,236.12
9733.8,251.25
9734.5,236.18
9735.2,240.87
9735.9,248.44
9736.6,242.83
9737.3,261.76
9737.9,251.91
9738.6,239.86
9739.3,241.81
9740.0,247.69
9740.7,235.42
9741.4,231.16
9742.1,236.65
9742.8,255.01
9743.5,263.03
9744.1,245.47
9744.8,253.79
9745.5,242.17
9746.2,235.26
9746.9,246.96
9747.6,229.03
9748.3,240.89
9749.0,253.33
9749.6,273.03
9750.3,272.77
9751.0,263.44
9751.7,273.81
9752.4,240.72
9753.1,248.65
9753.8,274.2
9754.5,243.74
9755.1,243.29
9755.8,241.7
9756.5,228.41
9757.2,248.22
9757.9,256.57
9758.6,247.72
9759.3,242.15
9760.0,242.19
9760.6,230.0
9761.3,235.76
9762.0,248.37
9762.7,249.01
9763.4,237.77
9764.1,240.29
9764.8,242.76
9765.5,248.21
9766.1,249.24
9766.8,245.88
9767.5,249.94
9768.2,245.36
9768.9,253.53
9769.6,250.81
9770.3,248.56
9771.0,244.21
9771.6,234.73
9772.3,250.93
9773.0,250.83
9773.7,250.41
9774.4,254.59
9775.1,255.62
9775.8,243.34
9776.4,252.0
9777.1,240.35
9777.8,251.94
9778.5,253.05
9779.2,244.81
9779.9,254.56
9780.6,239.48
9781.3,251.04
9781.9,254.59
9782.6,249.36
9783.3,239.94
9784.0,245.15
9784.7,255.75
9785.4,247.73
9786.1,242.26
9786.7,255.63
9787.4,249.57
9788.1,242.57
9788.8,247.83
9789.5,238.95
9790.2,241.09
9790.9,263.84
9791.5,238.08
9792.2,241.88
9792.9,254.16
9793.6,254.88
9794.3,249.3
9795.0,253.58
9795.7,245.85
9796.3,261.47
9797.0,253.09
9797.7,256.89
9798.4,256.96
9799.1,240.88
9799.8,257.44
9800.5,251.75
9801.1,254.82
9801.8,261.45
9802.5,255.04
9803.2,270.44
9803.9,255.51
9804.6,251.69
9805.3,230.44
9805.9,257.64
9806.6,243.42
9807.3,223.02
9808.0,222.24
9808.7,230.25
9809.4,241.81
9810.1,238.16
9810.7,239.81
9811.4,246.6
9812.1,243.12
9812.8,246.04
9813.5,241.78
9814.2,233.94
9814.9,230.77
9815.5,239.18
9816.2,239.92
9816.9,239.6
9817.6,239.72
9818.3,252.29
9819.0,259.1
9819.7,241.04
9820.3,253.57
9821.0,254.92
9821.7,249.1
9822.4,249.7
9823.1,252.78
9823.8,250.48
9824.4,236.27
9825.1,243.68
9825.8,242.74
9826.5,254.93
9827.2,251.42
9827.9,256.34
9828.6,243.43
9829.2,245.22
9829.9,255.56
9830.6,264.17
9831.3,245.11
9832.0,260.17
9832.7,253.27
9833.3,239.36
9834.0,245.38
9834.7,246.23
9835.4,240.88
9836.1,245.58
9836.8,250.04
9837.4,244.63
9838.1,237.3
9838.8,251.62
9839.5,254.5
9840.2,252.19
9840.9,239.73
9841.5,248.15
9842.2,252.01
9842.9,266.04
9843.6,258.12
9844.3,246.47
9845.0,249.23
9845.7,243.07
9846.3,249.8
9847.0,244.0
9847.7,246.88
9848.4,259.72
9849.1,249.14
9849.8,250.25
9850.4,259.82
9851.1,253.46
9851.8,267.77
9852.5,272.94
9853.2,273.96
9853.9,266.97
9854.5,268.64
9855.2,249.49
9855.9,242.31
9856.6,241.66
9857.3,248.61
9858.0,242.08
9858.6,258.59
9859.3,245.4
9860.0,255.07
9860.7,258.99
9861.4,244.28
9862.1,249.9
9862.7,242.47
9863.4,248.21
9864.1,241.28
9864.8,238.75
9865.5,248.85
9866.1,237.87
9866.8,251.54
9867.5,245.65
9868.2,239.78
9868.9,249.61
9869.6,263.65
9870.2,242.05
9870.9,238.59
9871.6,246.53
9872.3,218.03
9873.0,238.06
9873.7,242.95
9874.3,234.53
9875.0,240.47
9875.7,237.55
9876.4,219.18
9877.1,254.4
9877.7,250.41
9878.4,256.59
9879.1,248.04
9879.8,245.92
9880.5,262.72
9881.2,253.44
9881.8,248.1
9882.5,260.77
9883.2,235.1
9883.9,248.23
9884.6,241.91
9885.3,254.14
9885.9,247.25
9886.6,246.84
9887.3,235.25
9888.0,236.87
9888.7,244.23
9889.3,235.17
9890.0,228.61
9890.7,256.02
9891.4,246.47
9892.1,256.39
9892.7,255.75
9893.4,262.32
9894.1,256.35
9894.8,257.53
9895.5,255.2
9896.2,248.88
9896.8,253.87
9897.5,243.85
9898.2,238.15
9898.9,233.63
9899.6,233.71
9900.2,248.27
9900.9,240.45
9901.6,247.19
9902.3,258.46
9903.0,246.83
9903.6,232.14
9904.3,255.64
9905.0,251.88
9905.7,242.47
9906.4,239.73
9907.1,239.82
9907.7,253.9
9908.4,248.46
9909.1,241.35
9909.8,250.12
9910.5,249.11
9911.1,246.47
9911.8,250.42
9912.5,254.38
9913.2,241.76
9913.9,235.72
9914.5,246.15
9915.2,254.63
9915.9,233.27
9916.6,238.77
9917.3,244.03
9917.9,243.57
9918.6,229.26
9919.3,236.03
9920.0,243.76
9920.7,237.94
9921.3,272.44
9922.0,241.09
9922.7,254.68
9923.4,249.22
9924.1,245.45
9924.7,252.1
9925.4,241.62
9926.1,251.99
9926.8,247.67
9927.5,256.04
9928.1,247.56
9928.8,233.35
9929.5,236.54
9930.2,236.55
9930.9,244.73
9931.5,249.29
9932.2,254.35
9932.9,255.68
9933.6,259.98
9934.3,268.08
9934.9,247.15
9935.6,241.22
9936.3,247.74
9937.0,274.03
9937.7,260.5
9938.3,238.85
9939.0,252.74
9939.7,238.72
9940.4,259.7
9941.1,266.03
9941.7,252.58
9942.4,240.4
9943.1,250.7
9943.8,256.26
9944.4,248.55
9945.1,255.39
9945.8,252.96
9946.5,250.13
9947.2,238.23
9947.8,249.29
9948.5,256.73
9949.2,242.3
9949.9,240.05
9950.6,240.23
9951.2,249.18
9951.9,244.96
9952.6,235.21
9953.3,257.01
9954.0,245.05
9954.6,250.85
9955.3,243.03
9956.0,237.54
9956.7,256.25
9957.3,256.17
9958.0,250.62
9958.7,257.04
9959.4,253.17
9960.1,230.39
9960.7,240.69
9961.4,234.71
9962.1,252.21
9962.8,251.63
9963.4,253.18
9964.1,252.61
9964.8,243.02
9965.5,260.78
9966.2,251.76
9966.8,239.11
9967.5,232.97
9968.2,242.36
9968.9,230.26
9969.6,251.26
9970.2,238.9
9970.9,241.46
9971.6,245.87
9972.3,252.42
9972.9,256.36
9973.6,234.67
9974.3,259.29
9975.0,235.26
9975.6,236.25
9976.3,245.16
9977.0,240.3
9977.7,255.65
9978.4,231.49
9979.0,240.83
9979.7,253.91
9980.4,229.93
9981.1,260.67
9981.7,245.61
9982.4,240.0
9983.1,235.85
9983.8,240.92
9984.5,254.08
9985.1,240.82
9985.8,256.51
9986.5,240.69
9987.2,261.19
9987.8,247.29
9988.5,249.2
9989.2,272.4
9989.9,251.77
9990.5,259.94
9991.2,238.68
9991.9,257.59
9992.6,249.34
9993.3,241.26
9993.9,242.82
9994.6,259.71
9995.3,249.15
9996.0,240.96
9996.6,246.28
9997.3,255.1
9998.0,252.68
9998.7,237.54
9999.3,245.65
10000.0,245.84
10001.0,257.77
10001.0,252.76
10002.0,247.08
10003.0,249.02
10003.0,257.68
10004.0,245.95
10005.0,247.71
10005.0,241.52
10006.0,252.67
10007.0,244.03
10007.0,240.82
10008.0,241.87
10009.0,232.77
10009.0,243.93
10010.0,210.78
10011.0,211.01
10012.0,224.25
10012.0,241.75
10013.0,246.96
10014.0,244.65
10014.0,238.99
10015.0,234.88
10016.0,255.9
10016.0,244.97
10017.0,249.32
10018.0,236.57
10018.0,247.58
10019.0,234.65
10020.0,239.82
10020.0,219.71
10021.0,223.66
10022.0,221.91
10022.0,217.2
10023.0,231.07
10024.0,244.5
10024.0,225.16
10025.0,236.35
10026.0,273.1
10026.0,232.36
10027.0,236.38
10028.0,245.12
10028.0,246.8
10029.0,234.54
10030.0,234.81
10030.0,221.28
10031.0,242.78
10032.0,222.39
10032.0,231.37
10033.0,223.83
10034.0,205.87
10034.0,228.33
10035.0,245.39
10036.0,244.34
10036.0,229.8
10037.0,243.28
10038.0,256.7
10039.0,243.48
10039.0,239.34
10040.0,228.8
10041.0,261.88
10041.0,248.86
10042.0,233.87
10043.0,258.35
10043.0,251.03
10044.0,238.86
10045.0,239.77
10045.0,261.5
10046.0,256.64
10047.0,254.26
10047.0,241.96
10048.0,259.4
10049.0,237.36
10049.0,240.57
10050.0,247.0
10051.0,244.87
10051.0,230.62
10052.0,249.02
10053.0,236.17
10053.0,232.67
10054.0,251.24
10055.0,225.71
10055.0,254.23
10056.0,240.56
10057.0,230.01
10057.0,249.44
10058.0,232.45
10059.0,249.95
10059.0,254.78
10060.0,270.82
10061.0,247.89
10061.0,250.68
10062.0,242.89
10063.0,237.52
10063.0,237.7
10064.0,230.75
10065.0,225.11
10065.0,236.28
10066.0,234.94
10067.0,241.46
10067.0,237.44
10068.0,241.93
10069.0,260.46
10069.0,236.05
10070.0,235.47
10071.0,231.17
10072.0,266.44
10072.0,268.37
10073.0,259.01
10074.0,239.02
10074.0,242.63
10075.0,231.29
10076.0,239.77
10076.0,227.81
10077.0,249.0
10078.0,250.34
10078.0,239.6
10079.0,247.01
10080.0,231.3
10080.0,241.93
10081.0,237.73
10082.0,237.05
10082.0,247.41
10083.0,240.21
10084.0,250.04
10084.0,236.39
10085.0,243.65
10086.0,243.76
10086.0,232.1
10087.0,237.36
10088.0,234.49
10088.0,244.77
10089.0,244.41
10090.0,233.46
10090.0,245.58
10091.0,225.88
10092.0,234.97
10092.0,254.08
10093.0,233.6
10094.0,250.39
10094.0,252.45
10095.0,243.78
10096.0,231.6
10096.0,235.41
10097.0,237.6
10098.0,241.63
10098.0,237.55
10099.0,237.77
10100.0,224.08
10100.0,241.18
10101.0,240.12
10102.0,233.3
10102.0,242.2
10103.0,249.39
10104.0,261.08
10104.0,228.99
10105.0,238.55
10106.0,240.76
10106.0,236.77
10107.0,257.65
10108.0,220.9
10108.0,259.64
10109.0,222.9
10110.0,241.77
10110.0,231.08
10111.0,258.99
10112.0,258.79
10112.0,229.8
10113.0,248.13
10114.0,258.32
10114.0,248.1
10115.0,232.67
10116.0,219.72
10117.0,250.59
10117.0,253.32
10118.0,231.74
10119.0,243.99
10119.0,266.76
10120.0,285.61
10121.0,250.34
10121.0,231.57
10122.0,240.08
10123.0,257.73
10123.0,222.83
10124.0,218.83
10125.0,226.2
10125.0,234.71
10126.0,255.93
10127.0,234.09
10127.0,233.8
10128.0,232.86
10129.0,240.43
10129.0,228.89
10130.0,232.29
10131.0,245.0
10131.0,230.41
10132.0,225.19
10133.0,282.62
10133.0,236.85
10134.0,241.25
10135.0,259.1
10135.0,240.9
10136.0,252.25
10137.0,230.67
10137.0,249.4
10138.0,243.13
10139.0,210.16
10139.0,222.33
10140.0,226.13
10141.0,253.85
10141.0,207.83
10142.0,228.43
10143.0,221.29
10143.0,233.69
10144.0,224.11
10145.0,218.82
10145.0,247.5
10146.0,196.0
10147.0,227.26
10147.0,198.77
10148.0,206.59
10149.0,217.31
10149.0,224.28
10150.0,222.33
10151.0,224.28
10151.0,234.11
10152.0,239.1
10153.0,217.97
10153.0,230.21
10154.0,246.14
10155.0,216.44
10155.0,224.88
10156.0,241.2
10157.0,243.69
10157.0,222.57
10158.0,224.4
10159.0,237.6
10159.0,238.87
10160.0,235.78
10161.0,235.76
10161.0,222.18
10162.0,248.46
10163.0,247.44
10163.0,248.33
10164.0,234.07
10165.0,243.39
10165.0,231.6
10166.0,215.26
10167.0,234.45
10167.0,231.41
10168.0,249.95
10169.0,232.2
10169.0,268.56
10170.0,203.54
10171.0,243.65
10171.0,240.19
10172.0,236.57
10173.0,262.44
10173.0,247.56
10174.0,226.71
10175.0,233.35
10175.0,218.11
10176.0,236.25
10177.0,228.18
10177.0,216.73
10178.0,227.06
10179.0,232.24
10179.0,221.45
10180.0,229.28
10181.0,218.57
10181.0,225.4
10182.0,216.6
10183.0,254.58
10183.0,241.45
10184.0,217.01
10185.0,242.73
10185.0,228.55
10186.0,234.66
10187.0,229.26
10187.0,214.02
10188.0,243.34
10189.0,225.01
10189.0,249.08
10190.0,229.83
10191.0,277.79
10191.0,215.21
10192.0,230.98
10193.0,220.75
10193.0,234.74
10194.0,224.96
10195.0,225.9
10195.0,239.78
10196.0,242.34
10197.0,229.09
10197.0,244.13
10198.0,216.65
10199.0,246.98
10199.0,237.53
10200.0,243.74
10201.0,218.52
10201.0,225.46
10202.0,256.09
10203.0,248.41
10203.0,221.2
10204.0,236.47
10205.0,210.62
10205.0,270.11
10206.0,248.06
10207.0,268.74
10207.0,272.54
10208.0,218.2
10209.0,253.27
10209.0,208.52
10210.0,242.24
10211.0,221.93
10211.0,253.07
10212.0,254.95
10213.0,244.41
10213.0,230.67
10214.0,225.23
10215.0,221.44
10215.0,230.72
10216.0,217.5
10217.0,249.56
10217.0,231.02
10218.0,220.19
10219.0,244.68
10219.0,235.07
10220.0,209.81
10221.0,222.73
10221.0,219.68
10222.0,251.63
10223.0,221.14
10223.0,226.6
10224.0,233.01
10225.0,200.49
10225.0,186.42
10226.0,217.24
10227.0,153.1
10227.0,195.92
10228.0,138.23
10229.0,154.13
10229.0,194.67
10230.0,202.18
10231.0,172.24
10231.0,215.49
10232.0,221.03
10233.0,249.55
10233.0,240.79
10234.0,237.01
10235.0,214.3
10235.0,233.37
10236.0,208.6
10237.0,213.1
10237.0,256.81
10238.0,252.46
10239.0,227.18
10239.0,247.99
10240.0,239.76
10241.0,248.32
10241.0,210.23
10242.0,236.29
10243.0,225.44
10243.0,
10244.0,
10245.0,
10245.0,
10246.0,
10247.0,
10247.0,
10248.0,
10249.0,
10249.0,
10250.0,
10250.0,
10251.0,
10252.0,
10252.0,
10253.0,
10254.0,
10254.0,
10255.0,
10256.0,
10256.0,
10257.0,
10258.0,
10258.0,
10259.0,
10260.0,
10260.0,
10261.0,
10262.0,
10262.0,
10263.0,
10264.0,
10264.0,
10265.0,
10266.0,
10266.0,
10267.0,
10268.0,
10268.0,
10269.0,
10270.0,
10270.0,
10271.0,
10272.0,
10272.0,
10273.0,
10274.0,
10274.0,
10275.0,
10276.0,
10276.0,
10277.0,
10278.0,
10278.0,
10279.0,
10280.0,
10280.0,
10281.0,
10282.0,
10282.0,
10283.0,
10284.0,
10284.0,
10285.0,
10286.0,
10286.0,
10287.0,
10288.0,
10288.0,
10289.0,
10290.0,
10290.0,
10291.0,
10292.0,
10292.0,
10293.0,
10293.0,
10294.0,
10295.0,
10295.0,
10296.0,
10297.0,
10297.0,
10298.0,
10299.0,
10299.0,
10300.0,
10301.0,
10301.0,
10302.0,
10303.0,
10303.0,
10304.0,
10305.0,
10305.0,
10306.0,
10307.0,
10307.0,
10308.0,
10309.0,
10309.0,
10310.0,
10311.0,
10311.0,
10312.0,
10313.0,
10313.0,
10314.0,
10315.0,
10315.0,
10316.0,
10317.0,
10317.0,
10318.0,
10319.0,
10319.0,
10320.0,
10321.0,
10321.0,
10322.0,
10323.0,
10323.0,
10324.0,
10324.0,
10325.0,
10326.0,
10326.0,
10327.0,
10328.0,
10328.0,
10329.0,
10330.0,
10330.0,
10331.0,
10332.0,
10332.0,
10333.0,
10334.0,
10334.0,
10335.0,
10336.0,
10336.0,
10337.0,
10338.0,
10338.0,
10339.0,
10340.0,
10340.0,
10341.0,
10342.0,
10342.0,
10343.0,
10344.0,
10344.0,
10345.0,
10346.0,
10346.0,
10347.0,
10348.0,
10348.0,
10349.0,
10349.0,
10350.0,
10351.0,
10351.0,
10352.0,
10353.0,
10353.0,
10354.0,
10355.0,
10355.0,
10356.0,
10357.0,
10357.0,
10358.0,
10359.0,
10359.0,
10360.0,
10361.0,
10361.0,
10362.0,
10363.0,
10363.0,
10364.0,
10365.0,
10365.0,
10366.0,
10367.0,
10367.0,
10368.0,
10369.0,
10369.0,
10370.0,
10370.0,
10371.0,
10372.0,
10372.0,
10373.0,
10374.0,
10374.0,
10375.0,
10376.0,
10376.0,
10377.0,
10378.0,
10378.0,
10379.0,
10380.0,
10380.0,
10381.0,
10382.0,
10382.0,
10383.0,
10384.0,
10384.0,
10385.0,
10386.0,
10386.0,
10387.0,
10388.0,
10388.0,
10389.0,
10389.0,
10390.0,
10391.0,
10391.0,
10392.0,
10393.0,
10393.0,
10394.0,
10395.0,
10395.0,
10396.0,
10397.0,
10397.0,
10398.0,
10399.0,
10399.0,
10400.0,
