wav,flam
4916.280825536,-3.450753e-12
4917.538376912424,-1.3459824e-12
4918.795928288848,1.2580034e-12
4920.053479665273,1.5684182e-12
4921.311031041697,5.500843e-13
4922.568582418121,-2.5486293e-12
4923.826133794545,-5.313576e-13
4925.08368517097,-1.6122612e-13
4926.341236547394,-1.2115747e-12
4927.598787923818,2.821047e-12
4928.856339300242,-1.7968898e-12
4930.113890676667,-7.9244293e-13
4931.371442053091,2.9788404e-15
4932.6289934295155,9.353922e-13
4933.88654480594,-1.5467304e-12
4935.144096182364,-1.6218769e-13
4936.401647558789,-4.0716042e-13
4937.659198935213,-8.088739e-13
4938.916750311637,-1.3792705e-12
4940.174301688061,1.4468067e-12
4941.431853064486,2.82414e-13
4942.68940444091,-1.3610438e-13
4943.946955817334,1.9705732e-12
4945.204507193758,7.88139e-13
4946.462058570183,6.6977267e-13
4947.719609946607,7.1919386e-13
4948.977161323031,1.3053537e-12
4950.2347126994555,3.0749586e-13
4951.49226407588,6.437555e-13
4952.749815452305,1.0386664e-12
4954.007366828729,4.35483e-13
4955.264918205153,1.0258929e-12
4956.522469581577,2.9653957e-13
4957.780020958002,-1.8178386e-13
4959.037572334426,-5.4520033e-13
4960.29512371085,2.1211507e-13
4961.552675087274,-5.0388085e-13
4962.810226463699,1.2291234e-13
4964.067777840123,4.062954e-13
4965.325329216547,-4.927176e-13
4966.582880592971,-2.1178006e-13
4967.8404319693955,-1.5162861e-13
4969.0979833458205,-2.410335e-13
4970.355534722245,-4.989751e-13
4971.613086098669,2.9003677e-13
4972.870637475093,-3.39438e-15
4974.128188851518,-2.0434296e-13
4975.385740227942,5.687865e-13
4976.643291604366,-3.7619196e-14
4977.90084298079,1.2314074e-13
4979.158394357215,2.0433785e-13
4980.415945733639,1.06655516e-13
4981.673497110063,4.6890215e-13
4982.931048486487,9.232232e-14
4984.188599862911,-1.0781146e-13
4985.446151239336,1.879738e-13
4986.70370261576,1.7176683e-13
4987.9612539921845,-1.5381976e-13
4989.218805368609,-8.0939365e-14
4990.476356745034,-7.053315e-14
4991.733908121458,-1.572031e-13
4992.991459497882,1.13491946e-13
4994.249010874306,-7.8915424e-14
4995.506562250731,-3.734557e-14
4996.764113627155,1.6392363e-13
4998.021665003579,-8.357438e-15
4999.279216380003,1.0808116e-14
5000.536767756428,7.7469417e-14
5001.794319132852,9.628166e-14
5003.051870509276,-1.3664754e-13
5004.3094218857,1.5058905e-13
5005.5669732621245,4.4005825e-14
5006.8245246385495,8.24849e-15
5008.082076014974,-5.1636182e-14
5009.339627391398,-7.14418e-14
5010.597178767822,-1.4046293e-13
5011.854730144247,-1.195691e-13
5013.112281520671,1.9302703e-13
5014.369832897095,-4.2746327e-14
5015.627384273519,2.846367e-14
5016.884935649944,2.6140856e-14
5018.142487026368,7.252243e-14
5019.400038402792,4.830876e-15
5020.657589779216,2.7108678e-14
5021.91514115564,4.8989272e-14
5023.172692532065,1.6315017e-14
5024.4302439084895,-7.915678e-15
5025.687795284914,4.029706e-14
5026.945346661338,1.314167e-14
5028.202898037763,3.9847686e-14
5029.460449414187,5.4787656e-14
5030.718000790611,3.0688566e-14
5031.975552167035,-4.1046094e-15
5033.23310354346,-2.4444407e-14
5034.490654919884,-2.0987457e-14
5035.748206296308,1.0770468e-14
5037.005757672732,5.3969683e-15
5038.263309049156,4.9039176e-14
5039.520860425581,-3.6104403e-14
5040.778411802005,-6.2158056e-15
5042.0359631784295,4.796035e-14
5043.293514554854,3.9127237e-14
5044.551065931279,4.8571586e-14
5045.808617307703,3.7631045e-14
5047.066168684127,-3.625454e-15
5048.323720060551,1.6071471e-14
5049.581271436976,1.1590666e-14
5050.8388228134,-1.9956397e-15
5052.096374189824,2.22217e-14
5053.353925566248,-1.3253994e-15
5054.611476942672,-1.6385554e-14
5055.869028319097,1.1708175e-14
5057.126579695521,3.9560805e-15
5058.384131071945,1.5281079e-14
5059.6416824483695,5.4702015e-15
5060.8992338247945,7.486547e-15
5062.156785201219,-6.0874585e-15
5063.414336577643,-2.3933689e-15
5064.671887954067,1.9849537e-15
5065.929439330492,5.1029928e-15
5067.186990706916,2.2953465e-14
5068.44454208334,1.8756532e-15
5069.702093459764,-2.6127352e-15
5070.959644836188,1.2659131e-15
5072.217196212613,-1.3782592e-14
5073.474747589037,-4.9990453e-15
5074.732298965461,1.1785696e-15
5075.989850341885,-3.7364826e-15
5077.24740171831,-6.331127e-15
5078.504953094734,-7.949468e-15
5079.7625044711585,1.2500159e-15
5081.020055847583,-4.5689855e-15
5082.277607224008,8.6621427e-16
5083.535158600432,3.339462e-15
5084.792709976856,-8.717271e-15
5086.05026135328,-6.362441e-15
5087.307812729704,-7.4380445e-15
5088.565364106129,-8.312499e-15
5089.822915482553,5.0461005e-15
5091.080466858977,2.2103024e-15
5092.338018235401,1.1262496e-14
5093.595569611826,-4.2789424e-15
5094.85312098825,-5.8241994e-15
5096.110672364674,-1.3961725e-16
5097.3682237410985,5.2296848e-15
5098.6257751175235,-2.4611292e-15
5099.883326493948,1.8941049e-16
5101.140877870372,1.5695113e-15
5102.398429246796,-8.150449e-15
5103.65598062322,-3.340923e-15
5104.913531999645,2.8783183e-15
5106.171083376069,-6.81231e-15
5107.428634752493,8.844683e-15
5108.686186128917,1.4552891e-15
5109.943737505342,-2.225762e-15
5111.201288881766,5.729992e-16
5112.45884025819,6.2294027e-16
5113.716391634614,-7.171113e-16
5114.973943011039,-1.3868154e-15
5116.2314943874635,4.561219e-15
5117.489045763888,-7.431957e-16
5118.746597140312,4.6959186e-17
5120.004148516737,2.0478124e-16
5121.261699893161,-4.685569e-16
5122.519251269585,-1.5968654e-16
5123.776802646009,2.641553e-15
5125.034354022433,-7.4040585e-16
5126.291905398858,-1.0435117e-15
5127.549456775282,1.9762685e-15
5128.807008151706,1.4495062e-15
5130.06455952813,1.94957e-15
5131.322110904555,1.7032372e-15
5132.579662280979,-6.883249e-16
5133.8372136574035,-1.3802706e-15
5135.094765033828,2.338617e-15
5136.352316410252,-1.1757147e-16
5137.609867786677,-3.3391878e-16
5138.867419163101,1.1109434e-15
5140.124970539525,1.844387e-15
5141.382521915949,5.020503e-15
5142.640073292374,2.4170072e-15
5143.897624668798,2.731196e-15
5145.155176045222,-1.5591492e-16
5146.412727421646,2.2990977e-15
5147.670278798071,1.6634243e-15
5148.927830174495,3.921785e-15
5150.185381550919,6.937286e-16
5151.4429329273435,1.089548e-15
5152.7004843037685,2.1167588e-15
5153.958035680193,3.236118e-15
5155.215587056617,3.3801485e-15
5156.473138433041,4.3772515e-15
5157.730689809465,6.192842e-15
5158.98824118589,7.663271e-15
5160.245792562314,7.326923e-15
5161.503343938738,7.9633675e-15
5162.760895315162,7.65797e-15
5164.018446691587,8.42523e-15
5165.275998068011,1.1395984e-14
5166.533549444435,1.1846704e-14
5167.791100820859,1.19364146e-14
5169.048652197284,1.5484808e-14
5170.306203573708,1.6267424e-14
5171.5637549501325,1.7494537e-14
5172.821306326557,1.4539385e-14
5174.078857702981,1.6646976e-14
5175.336409079406,1.7757714e-14
5176.59396045583,1.8043945e-14
5177.851511832254,1.8920229e-14
5179.109063208678,1.8548656e-14
5180.366614585103,2.023048e-14
5181.624165961527,2.0990307e-14
5182.881717337951,1.9563393e-14
5184.139268714375,2.0817298e-14
5185.3968200908,2.2175583e-14
5186.654371467224,2.1219236e-14
5187.911922843648,2.2751573e-14
5189.1694742200725,2.4612001e-14
5190.427025596497,2.5123617e-14
5191.684576972922,2.274616e-14
5192.942128349346,2.4973996e-14
5194.19967972577,2.6280314e-14
5195.457231102194,2.3088231e-14
5196.714782478619,2.4322034e-14
5197.972333855043,2.2992598e-14
5199.229885231467,2.3843183e-14
5200.487436607891,2.1650572e-14
5201.744987984316,2.1346658e-14
5203.00253936074,2.1982534e-14
5204.260090737164,2.0603341e-14
5205.517642113588,2.1901575e-14
5206.7751934900125,2.2921879e-14
5208.0327448664375,2.1229603e-14
5209.290296242862,2.1278676e-14
5210.547847619286,2.1737359e-14
5211.80539899571,2.138268e-14
5213.062950372135,1.9261287e-14
5214.320501748559,1.972506e-14
5215.578053124983,1.8391188e-14
5216.835604501407,1.7875231e-14
5218.093155877832,1.8125993e-14
5219.350707254256,1.717626e-14
5220.60825863068,1.6825113e-14
5221.865810007104,1.6326857e-14
5223.123361383528,1.5278772e-14
5224.380912759953,1.5773925e-14
5225.6384641363775,1.5873679e-14
5226.896015512802,1.5497596e-14
5228.153566889226,1.449742e-14
5229.411118265651,1.5349946e-14
5230.668669642075,1.5086282e-14
5231.926221018499,1.4909508e-14
5233.183772394923,1.5973847e-14
5234.441323771348,1.4414036e-14
5235.698875147772,1.446491e-14
5236.956426524196,1.41382945e-14
5238.21397790062,1.3750223e-14
5239.471529277045,1.4125429e-14
5240.729080653469,1.3740805e-14
5241.986632029893,1.2964793e-14
5243.2441834063175,1.26360655e-14
5244.501734782742,1.2787247e-14
5245.759286159167,1.22924945e-14
5247.016837535591,1.2239178e-14
5248.274388912015,1.1891919e-14
5249.531940288439,1.1823079e-14
5250.789491664864,1.1840668e-14
5252.047043041288,1.1023501e-14
5253.304594417712,1.17197384e-14
5254.562145794136,1.0804401e-14
5255.81969717056,1.0489994e-14
5257.077248546985,1.0542782e-14
5258.334799923409,1.04509254e-14
5259.592351299833,1.0309966e-14
5260.849902676257,9.352474e-15
5262.107454052682,9.880488e-15
5263.3650054291065,9.525381e-15
5264.622556805531,9.975661e-15
5265.880108181955,9.906153e-15
5267.13765955838,9.70142e-15
5268.395210934804,1.0034551e-14
5269.652762311228,1.01851655e-14
5270.910313687652,1.0101515e-14
5272.167865064077,9.346821e-15
5273.425416440501,9.250259e-15
5274.682967816925,9.164707e-15
5275.940519193349,9.2458415e-15
5277.198070569773,9.7745425e-15
5278.455621946198,9.551594e-15
5279.713173322622,9.607778e-15
5280.9707246990465,8.9304445e-15
5282.228276075471,9.140576e-15
5283.485827451896,9.5681155e-15
5284.74337882832,9.356566e-15
5286.000930204744,9.000773e-15
5287.258481581168,8.982325e-15
5288.516032957592,8.253229e-15
5289.773584334017,8.065919e-15
5291.031135710441,8.670671e-15
5292.288687086865,8.871471e-15
5293.546238463289,9.040873e-15
5294.803789839714,8.429597e-15
5296.061341216138,7.960732e-15
5297.318892592562,8.040825e-15
5298.5764439689865,7.941366e-15
5299.8339953454115,7.4039396e-15
5301.091546721836,7.605734e-15
5302.34909809826,8.219752e-15
5303.606649474684,7.687912e-15
5304.864200851109,7.0680626e-15
5306.121752227533,7.0066294e-15
5307.379303603957,6.97231e-15
5308.636854980381,7.379508e-15
5309.894406356805,7.5285195e-15
5311.15195773323,7.032176e-15
5312.409509109654,7.4453815e-15
5313.667060486078,7.52394e-15
5314.924611862502,7.516311e-15
5316.182163238927,6.898827e-15
5317.4397146153515,7.1015463e-15
5318.697265991776,7.109608e-15
5319.9548173682,6.9177274e-15
5321.212368744624,6.945429e-15
5322.469920121049,6.954553e-15
5323.727471497473,6.745775e-15
5324.985022873897,6.4206114e-15
5326.242574250321,6.6468615e-15
5327.500125626746,6.6036493e-15
5328.75767700317,6.1692882e-15
5330.015228379594,6.5255406e-15
5331.272779756018,6.3344135e-15
5332.530331132443,6.391736e-15
5333.787882508867,6.19092e-15
5335.0454338852915,6.1523505e-15
5336.302985261716,6.410695e-15
5337.560536638141,6.3973756e-15
5338.818088014565,6.4309626e-15
5340.075639390989,6.5792386e-15
5341.333190767413,6.2709017e-15
5342.590742143837,6.338589e-15
5343.848293520262,6.353719e-15
5345.105844896686,5.98547e-15
5346.36339627311,6.1070444e-15
5347.620947649534,6.1832008e-15
5348.878499025959,6.3392035e-15
5350.136050402383,6.110849e-15
5351.393601778807,5.9663938e-15
5352.651153155231,6.4448895e-15
5353.908704531656,6.0384335e-15
5355.1662559080805,5.997239e-15
5356.423807284505,5.639468e-15
5357.681358660929,5.195437e-15
5358.938910037354,5.4218808e-15
5360.196461413778,5.863336e-15
5361.454012790202,5.9107047e-15
5362.711564166626,5.65502e-15
5363.96911554305,6.056267e-15
5365.226666919475,5.6431046e-15
5366.484218295899,5.9147527e-15
5367.741769672323,5.598664e-15
5368.999321048747,5.615212e-15
5370.256872425172,5.34695e-15
5371.514423801596,5.4433632e-15
5372.7719751780205,5.3947626e-15
5374.029526554445,5.043775e-15
5375.287077930869,5.184391e-15
5376.544629307294,5.2859222e-15
5377.802180683718,5.3106603e-15
5379.059732060142,5.495579e-15
5380.317283436566,5.0973583e-15
5381.574834812991,5.0403187e-15
5382.832386189415,5.377206e-15
5384.089937565839,5.171274e-15
5385.347488942263,5.1878604e-15
5386.605040318688,5.09355e-15
5387.862591695112,5.2185213e-15
5389.120143071536,4.9114214e-15
5390.3776944479605,4.761999e-15
5391.6352458243855,4.856919e-15
5392.89279720081,4.9012253e-15
5394.150348577234,4.7522313e-15
5395.407899953658,4.724381e-15
5396.665451330082,4.608169e-15
5397.923002706507,4.7007135e-15
5399.180554082931,4.8943618e-15
5400.438105459355,5.0131243e-15
5401.695656835779,4.6630295e-15
5402.953208212204,4.7916e-15
5404.210759588628,4.8598503e-15
5405.468310965052,4.8196586e-15
5406.725862341476,4.9799316e-15
5407.9834137179005,4.837431e-15
5409.2409650943255,4.9936057e-15
5410.49851647075,4.8701523e-15
5411.756067847174,4.78218e-15
5413.013619223598,4.815629e-15
5414.271170600023,4.712868e-15
5415.528721976447,4.7988474e-15
5416.786273352871,4.7686295e-15
5418.043824729295,4.5135e-15
5419.30137610572,4.561016e-15
5420.558927482144,4.4327415e-15
5421.816478858568,4.4625495e-15
5423.074030234992,4.423655e-15
5424.331581611417,4.46253e-15
5425.589132987841,4.4992522e-15
5426.8466843642655,4.8963116e-15
5428.10423574069,4.7583046e-15
5429.361787117114,4.6487e-15
5430.619338493539,4.637264e-15
5431.876889869963,4.714018e-15
5433.134441246387,4.7833086e-15
5434.391992622811,4.5776197e-15
5435.649543999236,4.54234e-15
5436.90709537566,4.747076e-15
5438.164646752084,4.4527235e-15
5439.422198128508,4.744387e-15
5440.679749504932,4.5719933e-15
5441.937300881357,4.3982897e-15
5443.194852257781,4.6275735e-15
5444.452403634205,4.83654e-15
5445.70995501063,4.4717855e-15
5446.9675063870545,4.630423e-15
5448.225057763479,4.712793e-15
5449.482609139903,4.701623e-15
5450.740160516327,4.5185273e-15
5451.997711892752,4.3807333e-15
5453.255263269176,4.7411018e-15
5454.5128146456,4.7159804e-15
5455.770366022024,4.497071e-15
5457.027917398449,4.5659163e-15
5458.285468774873,4.556492e-15
5459.543020151297,4.3909565e-15
5460.800571527721,4.7782e-15
5462.058122904145,4.531052e-15
5463.31567428057,4.390967e-15
5464.5732256569945,4.21748e-15
5465.830777033419,4.09894e-15
5467.088328409843,4.0694533e-15
5468.345879786268,4.1807738e-15
5469.603431162692,4.2744976e-15
5470.860982539116,4.2478054e-15
5472.11853391554,4.351355e-15
5473.376085291964,4.395347e-15
5474.633636668389,4.339441e-15
5475.891188044813,4.307446e-15
5477.148739421237,4.3466965e-15
5478.406290797662,4.2997497e-15
5479.663842174086,4.41387e-15
5480.92139355051,4.3084056e-15
5482.1789449269345,4.449693e-15
5483.436496303359,4.318553e-15
5484.694047679784,4.448262e-15
5485.951599056208,4.3476816e-15
5487.209150432632,4.1279473e-15
5488.466701809056,4.089066e-15
5489.724253185481,4.47345e-15
5490.981804561905,4.3671473e-15
5492.239355938329,4.2177125e-15
5493.496907314753,4.324848e-15
5494.754458691177,4.164272e-15
5496.012010067602,4.1957942e-15
5497.269561444026,4.1132115e-15
5498.52711282045,4.109388e-15
5499.7846641968745,4.273123e-15
5501.0422155732995,4.360919e-15
5502.299766949724,4.2587546e-15
5503.557318326148,4.2744497e-15
5504.814869702572,4.387558e-15
5506.072421078996,4.473578e-15
5507.329972455421,4.3660237e-15
5508.587523831845,4.450441e-15
5509.845075208269,4.2957784e-15
5511.102626584694,4.231379e-15
5512.360177961118,4.416263e-15
5513.617729337542,4.2071953e-15
5514.875280713966,4.2385444e-15
5516.13283209039,4.0027452e-15
5517.390383466815,4.1571682e-15
5518.647934843239,4.044547e-15
5519.9054862196635,4.1288032e-15
5521.163037596088,4.2564215e-15
5522.420588972513,4.448182e-15
5523.678140348937,4.203047e-15
5524.935691725361,4.2312663e-15
5526.193243101785,4.3070634e-15
5527.450794478209,4.394452e-15
5528.708345854634,4.2704737e-15
5529.965897231058,4.4001693e-15
5531.223448607482,4.4342115e-15
5532.480999983906,4.1013543e-15
5533.738551360331,4.3959223e-15
5534.996102736755,4.409592e-15
5536.253654113179,4.3360137e-15
5537.5112054896035,4.327767e-15
5538.7687568660285,4.4607034e-15
5540.026308242453,4.4546305e-15
5541.283859618877,4.6416724e-15
5542.541410995301,4.6681248e-15
5543.798962371726,4.39987e-15
5545.05651374815,4.374762e-15
5546.314065124574,4.457403e-15
5547.571616500998,4.4441786e-15
5548.829167877422,4.531648e-15
5550.086719253847,4.4957345e-15
5551.344270630271,4.267354e-15
5552.601822006695,4.5026522e-15
5553.859373383119,4.5084866e-15
5555.116924759544,4.5948086e-15
5556.3744761359685,4.2819976e-15
5557.632027512393,4.1884953e-15
5558.889578888817,4.16525e-15
5560.147130265241,4.427608e-15
5561.404681641666,4.2762145e-15
5562.66223301809,4.1612107e-15
5563.919784394514,4.3013375e-15
5565.177335770938,4.2995443e-15
5566.434887147363,4.3260255e-15
5567.692438523787,4.4746015e-15
5568.949989900211,4.425149e-15
5570.207541276635,4.5582388e-15
5571.46509265306,4.2529092e-15
5572.722644029484,4.4006534e-15
5573.9801954059085,4.3266574e-15
5575.237746782333,4.3220047e-15
5576.495298158758,4.676588e-15
5577.752849535182,4.4162464e-15
5579.010400911606,4.7901157e-15
5580.26795228803,4.413492e-15
5581.525503664454,4.4302136e-15
5582.783055040879,4.3573137e-15
5584.040606417303,4.3472475e-15
5585.298157793727,4.509982e-15
5586.555709170151,4.519714e-15
5587.813260546576,4.516185e-15
5589.070811923,4.531466e-15
5590.328363299424,4.5138246e-15
5591.5859146758485,4.3104092e-15
5592.843466052273,4.346287e-15
5594.101017428698,4.583718e-15
5595.358568805122,4.6206863e-15
5596.616120181546,4.4579844e-15
5597.873671557971,4.7814925e-15
5599.131222934395,4.6250515e-15
5600.388774310819,4.5646665e-15
5601.646325687243,4.7163087e-15
5602.903877063667,4.477491e-15
5604.161428440092,4.4942188e-15
5605.418979816516,4.5389353e-15
5606.67653119294,4.501276e-15
5607.934082569364,4.368999e-15
5609.191633945789,4.6206384e-15
5610.449185322213,4.66685e-15
5611.7067366986375,4.5581287e-15
5612.964288075062,4.5670123e-15
5614.221839451486,4.4052638e-15
5615.479390827911,4.659988e-15
5616.736942204335,4.5703856e-15
5617.994493580759,4.610857e-15
5619.252044957183,4.737208e-15
5620.509596333608,4.7331926e-15
5621.767147710032,4.855491e-15
5623.024699086456,4.9197385e-15
5624.28225046288,4.7482228e-15
5625.539801839304,4.668896e-15
5626.797353215729,4.853567e-15
5628.054904592153,4.647535e-15
5629.3124559685775,4.5376787e-15
5630.5700073450025,4.5464316e-15
5631.827558721427,4.896251e-15
5633.085110097851,4.6096244e-15
5634.342661474275,4.808757e-15
5635.600212850699,4.738869e-15
5636.857764227124,4.774015e-15
5638.115315603548,5.002079e-15
5639.372866979972,4.82511e-15
5640.630418356396,4.677812e-15
5641.887969732821,4.6141425e-15
5643.145521109245,4.4922282e-15
5644.403072485669,4.290823e-15
5645.660623862093,4.236733e-15
5646.9181752385175,4.5292965e-15
5648.1757266149425,4.5622105e-15
5649.433277991367,4.38116e-15
5650.690829367791,4.3265914e-15
5651.948380744215,4.5702993e-15
5653.20593212064,4.6187275e-15
5654.463483497064,4.5721343e-15
5655.721034873488,4.7202927e-15
5656.978586249912,4.621556e-15
5658.236137626336,4.5509653e-15
5659.493689002761,4.7741335e-15
5660.751240379185,4.7563754e-15
5662.008791755609,4.846833e-15
5663.266343132034,4.9244382e-15
5664.523894508458,5.0514788e-15
5665.7814458848825,4.779182e-15
5667.038997261307,4.7870965e-15
5668.296548637731,4.8716435e-15
5669.554100014156,4.8134833e-15
5670.81165139058,4.625811e-15
5672.069202767004,4.6064667e-15
5673.326754143428,4.649169e-15
5674.584305519853,4.500295e-15
5675.841856896277,4.6836056e-15
5677.099408272701,4.806175e-15
5678.356959649125,4.806023e-15
5679.614511025549,4.8502928e-15
5680.872062401974,4.9097325e-15
5682.129613778398,4.768709e-15
5683.3871651548225,4.882665e-15
5684.644716531247,4.997997e-15
5685.902267907672,4.883865e-15
5687.159819284096,5.1709574e-15
5688.41737066052,4.976173e-15
5689.674922036944,4.8502127e-15
5690.932473413369,4.9353116e-15
5692.190024789793,4.8298373e-15
5693.447576166217,4.677318e-15
5694.705127542641,4.9155003e-15
5695.962678919066,4.883276e-15
5697.22023029549,4.6146516e-15
5698.477781671914,4.7863545e-15
5699.735333048338,4.9474606e-15
5700.992884424762,4.727682e-15
5702.250435801187,4.755822e-15
5703.5079871776115,4.8297433e-15
5704.765538554036,4.9747613e-15
5706.02308993046,5.0011625e-15
5707.280641306885,5.1343444e-15
5708.538192683309,5.161978e-15
5709.795744059733,4.9662473e-15
5711.053295436157,5.0585566e-15
5712.310846812581,5.1518145e-15
5713.568398189006,4.8521334e-15
5714.82594956543,5.1647648e-15
5716.083500941854,5.1177095e-15
5717.341052318278,5.132891e-15
5718.598603694703,5.1085845e-15
5719.856155071127,5.1122407e-15
5721.1137064475515,5.0846185e-15
5722.371257823976,4.8956937e-15
5723.628809200401,5.101498e-15
5724.886360576825,5.204173e-15
5726.143911953249,5.090939e-15
5727.401463329673,5.07212e-15
5728.659014706098,5.159568e-15
5729.916566082522,5.0976116e-15
5731.174117458946,5.095242e-15
5732.43166883537,5.0917425e-15
5733.689220211794,5.0370347e-15
5734.946771588219,5.1321904e-15
5736.204322964643,4.954602e-15
5737.461874341067,5.2202924e-15
5738.7194257174915,5.0358603e-15
5739.9769770939165,5.1263395e-15
5741.234528470341,4.8723067e-15
5742.492079846765,5.1136925e-15
5743.749631223189,5.0581246e-15
5745.007182599613,5.1113945e-15
5746.264733976038,4.963846e-15
5747.522285352462,4.872797e-15
5748.779836728886,5.0334323e-15
5750.037388105311,5.188735e-15
5751.294939481735,5.129709e-15
5752.552490858159,5.0374722e-15
5753.810042234583,5.1708253e-15
5755.067593611007,5.0408565e-15
5756.325144987432,5.015269e-15
5757.5826963638565,5.139612e-15
5758.840247740281,5.479538e-15
5760.097799116705,5.28214e-15
5761.35535049313,5.0513915e-15
5762.612901869554,5.274498e-15
5763.870453245978,5.1047084e-15
5765.128004622402,5.31474e-15
5766.385555998826,5.113652e-15
5767.643107375251,5.225227e-15
5768.900658751675,5.160134e-15
5770.158210128099,5.1047847e-15
5771.415761504523,5.2071304e-15
5772.673312880948,4.9363543e-15
5773.930864257372,4.908289e-15
5775.1884156337965,5.3182776e-15
5776.445967010221,5.108028e-15
5777.703518386645,5.0950108e-15
5778.96106976307,5.18217e-15
5780.218621139494,5.2081337e-15
5781.476172515918,4.927692e-15
5782.733723892343,4.991024e-15
5783.991275268767,4.9914e-15
5785.248826645191,4.92038e-15
5786.506378021615,5.203701e-15
5787.763929398039,5.2701306e-15
5789.021480774464,4.9198016e-15
5790.279032150888,5.0225407e-15
5791.536583527312,5.0150746e-15
5792.794134903736,5.016132e-15
5794.051686280161,5.182071e-15
5795.3092376565855,5.0617444e-15
5796.56678903301,5.0637637e-15
5797.824340409434,5.16999e-15
5799.081891785858,5.049951e-15
5800.339443162283,5.1809503e-15
5801.596994538707,5.2583856e-15
5802.854545915131,5.2053224e-15
5804.112097291555,5.0462128e-15
5805.36964866798,5.1123804e-15
5806.627200044404,5.191256e-15
5807.884751420828,5.2298343e-15
5809.142302797252,5.2553422e-15
5810.399854173676,5.2184785e-15
5811.657405550101,5.2285726e-15
5812.9149569265255,5.242683e-15
5814.17250830295,5.387294e-15
5815.430059679375,5.3752482e-15
5816.687611055799,5.3581157e-15
5817.945162432223,5.578757e-15
5819.202713808647,5.3301187e-15
5820.460265185071,5.527001e-15
5821.717816561496,5.387795e-15
5822.97536793792,5.2083416e-15
5824.232919314344,5.3347478e-15
5825.490470690768,5.23073e-15
5826.748022067193,5.4270176e-15
5828.005573443617,5.329729e-15
5829.263124820041,5.295495e-15
5830.5206761964655,5.38965e-15
5831.77822757289,5.367134e-15
5833.035778949315,5.2279505e-15
5834.293330325739,5.486536e-15
5835.550881702163,5.4088017e-15
5836.808433078587,5.0715907e-15
5838.065984455012,5.0300573e-15
5839.323535831436,5.1396295e-15
5840.58108720786,5.2141044e-15
5841.838638584284,4.876374e-15
5843.096189960709,5.1055063e-15
5844.353741337133,5.2594364e-15
5845.611292713557,5.114446e-15
5846.868844089981,5.3196613e-15
5848.126395466406,5.212178e-15
5849.3839468428305,5.298155e-15
5850.641498219255,5.3992104e-15
5851.899049595679,5.3165806e-15
5853.156600972103,5.4015257e-15
5854.414152348528,5.4905578e-15
5855.671703724952,5.2685204e-15
5856.929255101376,5.300213e-15
5858.1868064778,5.514827e-15
5859.444357854225,5.4783825e-15
5860.701909230649,5.2846957e-15
5861.959460607073,5.7788103e-15
5863.217011983497,5.9485146e-15
5864.474563359921,5.8835667e-15
5865.732114736346,5.7288442e-15
5866.9896661127705,5.3854283e-15
5868.247217489195,5.2964606e-15
5869.504768865619,5.5663456e-15
5870.762320242044,5.398025e-15
5872.019871618468,5.251787e-15
5873.277422994892,5.1300453e-15
5874.534974371316,5.3106145e-15
5875.792525747741,5.1790318e-15
5877.050077124165,5.016469e-15
5878.307628500589,4.929759e-15
5879.565179877013,4.7513106e-15
5880.822731253438,4.4054353e-15
5882.080282629862,4.3744843e-15
5883.337834006286,4.546564e-15
5884.59538538271,4.8487935e-15
5885.8529367591345,4.7849776e-15
5887.1104881355595,4.8756512e-15
5888.368039511984,4.9067047e-15
5889.625590888408,5.0903385e-15
5890.883142264832,5.064908e-15
5892.140693641257,5.3393463e-15
5893.398245017681,5.305755e-15
5894.655796394105,5.2762504e-15
5895.913347770529,5.1861324e-15
5897.170899146953,5.2973843e-15
5898.428450523378,5.6304745e-15
5899.686001899802,5.5357237e-15
5900.943553276226,5.109306e-15
5902.201104652651,5.1688174e-15
5903.458656029075,5.6723637e-15
5904.7162074054995,5.759734e-15
5905.973758781924,5.6186757e-15
5907.231310158348,5.6036515e-15
5908.488861534773,5.4906687e-15
5909.746412911197,5.4575747e-15
5911.003964287621,5.4145904e-15
5912.261515664045,5.5752827e-15
5913.51906704047,5.6164493e-15
5914.776618416894,5.3325234e-15
5916.034169793318,5.2176213e-15
5917.291721169742,5.465518e-15
5918.549272546166,5.4761023e-15
5919.806823922591,5.2832816e-15
5921.064375299015,5.4750804e-15
5922.3219266754395,5.649201e-15
5923.579478051864,5.521669e-15
5924.837029428289,5.267646e-15
5926.094580804713,5.313973e-15
5927.352132181137,5.3900798e-15
5928.609683557561,5.466204e-15
5929.867234933985,5.507679e-15
5931.12478631041,5.5041615e-15
5932.382337686834,5.5859625e-15
5933.639889063258,5.53245e-15
5934.897440439683,5.4679966e-15
5936.154991816107,5.4181297e-15
5937.412543192531,5.5687215e-15
5938.670094568955,5.5038198e-15
5939.9276459453795,5.686516e-15
5941.1851973218045,5.335292e-15
5942.442748698229,5.2838085e-15
5943.700300074653,5.3259793e-15
5944.957851451077,5.3896075e-15
5946.215402827502,5.6155807e-15
5947.472954203926,5.515044e-15
5948.73050558035,5.356118e-15
5949.988056956774,5.481548e-15
5951.245608333198,5.4935952e-15
5952.503159709623,5.5379446e-15
5953.760711086047,5.691182e-15
5955.018262462471,5.5840736e-15
5956.275813838896,5.540998e-15
5957.53336521532,5.4833203e-15
5958.7909165917445,5.621766e-15
5960.048467968169,5.7258025e-15
5961.306019344593,5.5829238e-15
5962.563570721017,5.3885297e-15
5963.821122097442,5.654941e-15
5965.078673473866,5.7408035e-15
5966.33622485029,5.8435867e-15
5967.593776226715,5.6226763e-15
5968.851327603139,5.379996e-15
5970.108878979563,5.323788e-15
5971.366430355987,5.3309454e-15
5972.623981732411,5.4515807e-15
5973.881533108836,5.4806488e-15
5975.13908448526,5.2434406e-15
5976.396635861684,5.312249e-15
5977.6541872381085,5.5109734e-15
5978.9117386145335,5.544846e-15
5980.169289990958,5.4584726e-15
5981.426841367382,5.4595483e-15
5982.684392743806,5.4411372e-15
5983.94194412023,5.378817e-15
5985.199495496655,5.570975e-15
5986.457046873079,5.528728e-15
5987.714598249503,5.3333734e-15
5988.972149625928,5.6174365e-15
5990.229701002352,5.6020485e-15
5991.487252378776,5.337089e-15
5992.7448037552,5.358998e-15
5994.002355131624,5.482229e-15
5995.2599065080485,5.1774055e-15
5996.5174578844735,5.3369107e-15
5997.775009260898,5.384664e-15
5999.032560637322,5.2646456e-15
6000.290112013747,5.2418054e-15
6001.547663390171,5.4738712e-15
6002.805214766595,5.371589e-15
6004.062766143019,5.344799e-15
6005.320317519443,5.1769138e-15
6006.577868895868,5.267682e-15
6007.835420272292,5.3284247e-15
6009.092971648716,5.3550905e-15
6010.35052302514,5.3780095e-15
6011.608074401565,5.450862e-15
6012.865625777989,5.4406997e-15
6014.1231771544135,5.310701e-15
6015.380728530838,5.439249e-15
6016.638279907262,5.437445e-15
6017.895831283687,5.414639e-15
6019.153382660111,5.346077e-15
6020.410934036535,5.1846603e-15
6021.66848541296,5.553671e-15
6022.926036789384,5.4880226e-15
6024.183588165808,5.2066764e-15
6025.441139542232,5.4495626e-15
6026.698690918656,5.4624837e-15
6027.95624229508,5.4651934e-15
6029.213793671505,5.358503e-15
6030.471345047929,5.4044247e-15
6031.7288964243535,5.4012606e-15
6032.9864478007785,5.3728816e-15
6034.243999177203,5.4223843e-15
6035.501550553627,5.557163e-15
6036.759101930051,5.4211244e-15
6038.016653306475,5.314392e-15
6039.2742046829,5.338377e-15
6040.531756059324,5.238078e-15
6041.789307435748,5.411451e-15
6043.046858812173,5.3371842e-15
6044.304410188597,5.176254e-15
6045.561961565021,5.1586585e-15
6046.819512941445,5.4156923e-15
6048.077064317869,5.330069e-15
6049.3346156942935,5.2649234e-15
6050.5921670707185,5.1903612e-15
6051.849718447143,5.550009e-15
6053.107269823567,5.3341743e-15
6054.364821199992,5.25153e-15
6055.622372576416,5.2527804e-15
6056.87992395284,5.547435e-15
6058.137475329264,5.276459e-15
6059.395026705688,5.1393385e-15
6060.652578082112,5.5729868e-15
6061.910129458537,5.4841864e-15
6063.167680834961,5.350366e-15
6064.425232211385,5.3079663e-15
6065.68278358781,5.273455e-15
6066.940334964234,5.2701314e-15
6068.197886340658,5.312463e-15
6069.4554377170825,5.261441e-15
6070.712989093507,5.2556984e-15
6071.970540469932,5.5092704e-15
6073.228091846356,5.312953e-15
6074.48564322278,5.2528257e-15
6075.743194599205,5.304547e-15
6077.000745975629,5.421264e-15
6078.258297352053,5.2923627e-15
6079.515848728477,5.0736414e-15
6080.773400104901,5.2110877e-15
6082.030951481325,5.199997e-15
6083.28850285775,5.347224e-15
6084.546054234174,5.2917613e-15
6085.803605610598,5.1942673e-15
6087.061156987023,5.1412422e-15
6088.3187083634475,5.2125616e-15
6089.576259739872,5.1110544e-15
6090.833811116296,5.3582584e-15
6092.09136249272,5.4099376e-15
6093.348913869145,5.3338037e-15
6094.606465245569,5.2745635e-15
6095.864016621993,5.256213e-15
6097.121567998417,5.325111e-15
6098.379119374842,5.1776155e-15
6099.636670751266,5.1888324e-15
6100.89422212769,5.2579888e-15
6102.151773504114,5.1792977e-15
6103.409324880538,5.1365022e-15
6104.666876256963,5.26216e-15
6105.9244276333875,5.275424e-15
6107.181979009812,5.237497e-15
6108.439530386237,5.030225e-15
6109.697081762661,4.960185e-15
6110.954633139085,5.0928864e-15
6112.212184515509,5.2769234e-15
6113.469735891933,5.0352386e-15
6114.727287268357,5.046293e-15
6115.984838644782,5.061914e-15
6117.242390021206,5.317601e-15
6118.49994139763,5.1963824e-15
6119.757492774055,5.1182732e-15
6121.015044150479,5.154083e-15
6122.272595526903,5.0859932e-15
6123.5301469033275,4.9381292e-15
6124.787698279752,5.12823e-15
6126.045249656177,4.864704e-15
6127.302801032601,4.872549e-15
6128.560352409025,4.889015e-15
6129.817903785449,4.8443428e-15
6131.075455161874,5.049381e-15
6132.333006538298,4.8290894e-15
6133.590557914722,4.9506467e-15
6134.848109291146,4.938081e-15
6136.10566066757,5.055784e-15
6137.363212043995,5.046451e-15
6138.620763420419,4.940009e-15
6139.878314796843,5.0322973e-15
6141.135866173268,5.1202773e-15
6142.3934175496925,5.0643287e-15
6143.650968926117,4.909017e-15
6144.908520302541,5.0248993e-15
6146.166071678965,5.01389e-15
6147.423623055389,4.7624237e-15
6148.681174431814,4.9331406e-15
6149.938725808238,4.9780465e-15
6151.196277184662,5.05684e-15
6152.453828561087,5.007413e-15
6153.711379937511,4.900491e-15
6154.968931313935,5.054175e-15
6156.226482690359,5.2331673e-15
6157.484034066783,5.1121987e-15
6158.741585443208,5.1553767e-15
6159.999136819632,5.100317e-15
6161.2566881960565,5.20603e-15
6162.514239572481,5.1277393e-15
6163.771790948906,5.0764357e-15
6165.02934232533,5.1223386e-15
6166.286893701754,5.1347485e-15
6167.544445078178,5.151236e-15
6168.801996454602,5.2434736e-15
6170.059547831027,5.313382e-15
6171.317099207451,5.1189386e-15
6172.574650583875,5.2034763e-15
6173.8322019603,5.2245945e-15
6175.089753336724,5.1108985e-15
6176.347304713148,5.075396e-15
6177.604856089572,5.159815e-15
6178.8624074659965,5.2078482e-15
6180.119958842421,4.960923e-15
6181.377510218846,5.0765603e-15
6182.63506159527,5.0241226e-15
6183.892612971694,5.0356723e-15
6185.150164348119,5.1735904e-15
6186.407715724543,5.20333e-15
6187.665267100967,5.1846306e-15
6188.922818477391,5.2676797e-15
6190.180369853815,5.1605927e-15
6191.43792123024,5.4700104e-15
6192.695472606664,5.2269505e-15
6193.953023983088,5.2692907e-15
6195.210575359513,5.3068567e-15
6196.468126735937,5.235264e-15
6197.7256781123615,5.133508e-15
6198.983229488786,5.1617222e-15
6200.24078086521,5.022321e-15
6201.498332241634,4.948888e-15
6202.755883618059,5.1014562e-15
6204.013434994483,5.0843644e-15
6205.270986370907,4.8965327e-15
6206.528537747332,5.0811647e-15
6207.786089123756,4.9151547e-15
6209.04364050018,5.2493236e-15
6210.301191876604,5.0138684e-15
6211.558743253028,5.03103e-15
6212.816294629452,5.1349894e-15
6214.073846005877,5.015297e-15
6215.3313973823015,4.8033184e-15
6216.588948758726,4.8695463e-15
6217.846500135151,5.0289972e-15
6219.104051511575,4.9932e-15
6220.361602887999,5.0085765e-15
6221.619154264423,4.670662e-15
6222.876705640847,5.0147993e-15
6224.134257017272,5.090305e-15
6225.391808393696,4.9781477e-15
6226.64935977012,4.898196e-15
6227.906911146545,4.7370246e-15
6229.164462522969,4.661382e-15
6230.422013899393,4.752631e-15
6231.679565275817,4.681793e-15
6232.9371166522415,4.7581767e-15
6234.194668028666,4.6932046e-15
6235.452219405091,4.653358e-15
6236.709770781515,4.7377683e-15
6237.967322157939,4.7944297e-15
6239.224873534364,4.711929e-15
6240.482424910788,4.7158716e-15
6241.739976287212,4.691323e-15
6242.997527663636,4.711134e-15
6244.25507904006,4.805195e-15
6245.512630416485,4.8562093e-15
6246.770181792909,5.0480966e-15
6248.027733169333,4.8578707e-15
6249.285284545757,4.8300804e-15
6250.542835922182,4.870684e-15
6251.800387298606,4.883904e-15
6253.0579386750305,4.980766e-15
6254.315490051455,4.9470646e-15
6255.573041427879,5.0305355e-15
6256.830592804304,5.076639e-15
6258.088144180728,4.876597e-15
6259.345695557152,4.7838142e-15
6260.603246933577,4.96329e-15
6261.860798310001,5.018807e-15
6263.118349686425,5.053369e-15
6264.375901062849,5.0395004e-15
6265.633452439273,5.078777e-15
6266.891003815697,4.914322e-15
6268.148555192122,4.8277778e-15
6269.406106568546,4.8911113e-15
6270.6636579449705,4.9112126e-15
6271.9212093213955,5.0394556e-15
6273.17876069782,5.0252406e-15
6274.436312074244,4.784583e-15
6275.693863450668,4.8402254e-15
6276.951414827092,4.8726854e-15
6278.208966203517,4.759463e-15
6279.466517579941,4.557111e-15
6280.724068956365,4.7216183e-15
6281.981620332789,4.7575825e-15
6283.239171709214,4.725622e-15
6284.496723085638,4.6766e-15
6285.754274462062,4.6022176e-15
6287.011825838486,4.60895e-15
6288.2693772149105,4.7453704e-15
6289.5269285913355,4.682895e-15
6290.78447996776,4.568337e-15
6292.042031344184,4.684587e-15
6293.299582720609,4.5150647e-15
6294.557134097033,4.697553e-15
6295.814685473457,4.7500663e-15
6297.072236849881,4.6966135e-15
6298.329788226305,4.8906327e-15
6299.587339602729,4.7660824e-15
6300.844890979154,4.8588923e-15
6302.102442355578,4.9173477e-15
6303.359993732002,4.8970384e-15
6304.617545108427,4.5437155e-15
6305.875096484851,4.723936e-15
6307.1326478612755,4.672243e-15
6308.3901992377,4.7877673e-15
6309.647750614124,4.646441e-15
6310.905301990549,4.82087e-15
6312.162853366973,4.7824594e-15
6313.420404743397,4.6788156e-15
6314.677956119821,4.690456e-15
6315.935507496246,4.7656255e-15
6317.19305887267,4.8054136e-15
6318.450610249094,4.687254e-15
6319.708161625518,4.666705e-15
6320.965713001942,4.6027148e-15
6322.223264378367,4.5945795e-15
6323.480815754791,4.52625e-15
6324.738367131215,4.6849206e-15
6325.99591850764,4.7025465e-15
6327.2534698840645,4.568152e-15
6328.511021260489,4.6843366e-15
6329.768572636913,4.7842136e-15
6331.026124013337,4.73881e-15
6332.283675389761,4.6583204e-15
6333.541226766186,4.7055166e-15
6334.79877814261,4.7826347e-15
6336.056329519034,4.626448e-15
6337.313880895459,4.7492096e-15
6338.571432271883,4.7010697e-15
6339.828983648307,4.6637905e-15
6341.086535024731,4.725615e-15
6342.344086401155,4.7217432e-15
6343.60163777758,4.9463527e-15
6344.8591891540045,4.813483e-15
6346.116740530429,4.631339e-15
6347.374291906854,4.5742824e-15
6348.631843283278,4.59438e-15
6349.889394659702,4.7580716e-15
6351.146946036126,4.8730043e-15
6352.40449741255,4.813026e-15
6353.662048788974,4.848797e-15
6354.919600165399,4.8247657e-15
6356.177151541823,4.7567757e-15
6357.434702918247,4.7071192e-15
6358.692254294672,4.5675023e-15
6359.949805671096,4.5743133e-15
6361.20735704752,4.8047783e-15
6362.4649084239445,4.699651e-15
6363.722459800369,4.881231e-15
6364.980011176793,5.080788e-15
6366.237562553218,4.82773e-15
6367.495113929642,4.886698e-15
6368.752665306066,4.874677e-15
6370.010216682491,4.873897e-15
6371.267768058915,4.859651e-15
6372.525319435339,4.744549e-15
6373.782870811763,4.6632963e-15
6375.040422188187,4.9066654e-15
6376.297973564612,4.7744948e-15
6377.555524941036,4.6094745e-15
6378.81307631746,4.631524e-15
6380.070627693885,4.594826e-15
6381.3281790703095,4.631337e-15
6382.585730446734,4.7399333e-15
6383.843281823158,4.860091e-15
6385.100833199582,4.684219e-15
6386.358384576006,4.605408e-15
6387.615935952431,4.5963625e-15
6388.873487328855,4.9015645e-15
6390.131038705279,4.7225767e-15
6391.388590081704,4.7653146e-15
6392.646141458128,4.823649e-15
6393.903692834552,4.7832154e-15
6395.161244210976,4.588768e-15
6396.4187955874,4.5691075e-15
6397.676346963825,4.715996e-15
6398.9338983402495,4.6221385e-15
6400.191449716674,4.534331e-15
6401.449001093098,4.580055e-15
6402.706552469523,4.803563e-15
6403.964103845947,4.7069185e-15
6405.221655222371,4.5761806e-15
6406.479206598795,4.5698063e-15
6407.736757975219,4.6146524e-15
6408.994309351644,4.730108e-15
6410.251860728068,4.725795e-15
6411.509412104492,4.651843e-15
6412.766963480917,4.632413e-15
6414.024514857341,4.6114977e-15
6415.282066233765,4.562832e-15
6416.539617610189,4.6005e-15
6417.7971689866135,4.625576e-15
6419.054720363038,4.7158157e-15
6420.312271739463,4.637485e-15
6421.569823115887,4.6761504e-15
6422.827374492311,4.6551283e-15
6424.084925868736,4.595087e-15
6425.34247724516,4.5018103e-15
6426.600028621584,4.6652813e-15
6427.857579998008,4.70329e-15
6429.115131374432,4.4915104e-15
6430.372682750857,4.714534e-15
6431.630234127281,4.7194673e-15
6432.887785503705,4.7196244e-15
6434.145336880129,4.679458e-15
6435.402888256554,4.5804954e-15
6436.6604396329785,4.788749e-15
6437.917991009403,4.679134e-15
6439.175542385827,4.5505176e-15
6440.433093762251,4.50601e-15
6441.690645138676,4.4103498e-15
6442.9481965151,4.575269e-15
6444.205747891524,4.4425324e-15
6445.463299267949,4.4859572e-15
6446.720850644373,4.553011e-15
6447.978402020797,4.469607e-15
6449.235953397221,4.4824344e-15
6450.493504773645,4.4809775e-15
6451.751056150069,4.6746956e-15
6453.008607526494,4.652295e-15
6454.2661589029185,4.5865254e-15
6455.523710279343,4.5516425e-15
6456.781261655768,4.4779214e-15
6458.038813032192,4.6594795e-15
6459.296364408616,4.4900628e-15
6460.55391578504,4.553688e-15
6461.811467161464,4.760238e-15
6463.069018537889,4.664552e-15
6464.326569914313,4.489631e-15
6465.584121290737,4.593671e-15
6466.841672667161,4.674267e-15
6468.099224043586,4.6525216e-15
6469.35677542001,4.5618645e-15
6470.614326796434,4.6270284e-15
6471.8718781728585,4.621988e-15
6473.129429549283,4.5700295e-15
6474.386980925708,4.543125e-15
6475.644532302132,4.578024e-15
6476.902083678556,4.3331974e-15
6478.159635054981,4.4900835e-15
6479.417186431405,4.3327772e-15
6480.674737807829,4.1245376e-15
6481.932289184253,4.191621e-15
6483.189840560677,4.222599e-15
6484.447391937101,4.2213166e-15
6485.704943313526,4.261628e-15
6486.96249468995,4.290799e-15
6488.220046066374,4.4771887e-15
6489.477597442799,4.4801614e-15
6490.7351488192235,4.4407663e-15
6491.992700195648,4.5012695e-15
6493.250251572072,4.4997723e-15
6494.507802948496,4.6500563e-15
6495.765354324921,4.707872e-15
6497.022905701345,4.64632e-15
6498.280457077769,4.6549958e-15
6499.538008454194,4.4423625e-15
6500.795559830618,4.5236764e-15
6502.053111207042,4.383094e-15
6503.310662583466,4.6010067e-15
6504.56821395989,4.488246e-15
6505.825765336314,4.4807852e-15
6507.083316712739,4.692738e-15
6508.340868089163,4.5381497e-15
6509.5984194655875,4.503578e-15
6510.8559708420125,4.6085127e-15
6512.113522218437,4.654224e-15
6513.371073594861,4.4745083e-15
6514.628624971285,4.446713e-15
6515.886176347709,4.600714e-15
6517.143727724134,4.6159065e-15
6518.401279100558,4.5732406e-15
6519.658830476982,4.6248516e-15
6520.916381853406,4.5986223e-15
6522.173933229831,4.616308e-15
6523.431484606255,4.5228692e-15
6524.689035982679,4.4523207e-15
6525.946587359103,4.467534e-15
6527.2041387355275,4.670334e-15
6528.4616901119525,4.4484997e-15
6529.719241488377,4.4822705e-15
6530.976792864801,4.5423993e-15
6532.234344241226,4.534071e-15
6533.49189561765,4.473957e-15
6534.749446994074,4.543425e-15
6536.006998370498,4.6639104e-15
6537.264549746922,4.630167e-15
6538.522101123346,4.6375566e-15
6539.779652499771,4.6473674e-15
6541.037203876195,4.6215087e-15
6542.294755252619,4.808187e-15
6543.552306629044,4.7999354e-15
6544.809858005468,4.84458e-15
6546.0674093818925,5.089888e-15
6547.324960758317,5.2471997e-15
6548.582512134741,5.1961143e-15
6549.840063511166,5.1744802e-15
6551.09761488759,4.931343e-15
6552.355166264014,4.7102244e-15
6553.612717640438,4.777775e-15
6554.870269016863,4.787418e-15
6556.127820393287,4.790628e-15
6557.385371769711,4.6167925e-15
6558.642923146135,4.5582362e-15
6559.900474522559,4.6477545e-15
6561.158025898984,4.6334676e-15
6562.415577275408,4.5272768e-15
6563.6731286518325,4.7442874e-15
6564.9306800282575,4.6682235e-15
6566.188231404682,4.5776447e-15
6567.445782781106,4.533243e-15
6568.70333415753,4.7037726e-15
6569.960885533954,4.588036e-15
6571.218436910378,4.5140156e-15
6572.475988286803,4.5956166e-15
6573.733539663227,4.5237323e-15
6574.991091039651,4.5680644e-15
6576.248642416076,4.4429085e-15
6577.5061937925,4.415041e-15
6578.763745168924,4.529999e-15
6580.021296545348,4.5619916e-15
6581.2788479217725,4.5642646e-15
6582.5363992981975,4.506173e-15
6583.793950674622,4.6202467e-15
6585.051502051046,4.5762446e-15
6586.30905342747,4.548494e-15
6587.566604803895,4.6075594e-15
6588.824156180319,4.6221343e-15
6590.081707556743,4.4804867e-15
6591.339258933167,4.5694353e-15
6592.596810309591,4.625063e-15
6593.854361686016,4.5225194e-15
6595.11191306244,4.529397e-15
6596.369464438864,4.5056118e-15
6597.627015815289,4.453453e-15
6598.884567191713,4.4316675e-15
6600.142118568137,4.46836e-15
6601.3996699445615,4.6155766e-15
6602.657221320986,4.588418e-15
6603.91477269741,4.5655017e-15
6605.172324073835,4.5684214e-15
6606.429875450259,4.6131083e-15
6607.687426826683,4.6758095e-15
6608.944978203108,4.4919817e-15
6610.202529579532,4.509845e-15
6611.460080955956,4.465743e-15
6612.71763233238,4.4459646e-15
6613.975183708804,4.4679366e-15
6615.232735085229,4.5462566e-15
6616.490286461653,4.5777286e-15
6617.747837838077,4.4325293e-15
6619.005389214502,4.3642327e-15
6620.2629405909265,4.5858724e-15
6621.520491967351,4.70207e-15
6622.778043343775,4.5569924e-15
6624.035594720199,4.423731e-15
6625.293146096623,4.480478e-15
6626.550697473048,4.436599e-15
6627.808248849472,4.4765543e-15
6629.065800225896,4.4842373e-15
6630.323351602321,4.327043e-15
6631.580902978745,4.368914e-15
6632.838454355169,4.4114226e-15
6634.096005731593,4.5166207e-15
6635.353557108017,4.4939566e-15
6636.6111084844415,4.624388e-15
6637.8686598608665,4.5865077e-15
6639.126211237291,4.5117447e-15
6640.383762613715,4.4859343e-15
6641.64131399014,4.5859465e-15
6642.898865366564,4.5146123e-15
6644.156416742988,4.5119416e-15
6645.413968119412,4.5422087e-15
6646.671519495836,4.4623157e-15
6647.929070872261,4.5020076e-15
6649.186622248685,4.429641e-15
6650.444173625109,4.528944e-15
6651.701725001534,4.6167632e-15
6652.959276377958,4.502874e-15
6654.216827754382,4.4627875e-15
6655.4743791308065,4.56603e-15
6656.731930507231,4.675804e-15
6657.989481883655,4.5487067e-15
6659.24703326008,4.448163e-15
6660.504584636504,4.5023537e-15
6661.762136012928,4.5554186e-15
6663.019687389353,4.5379557e-15
6664.277238765777,4.593884e-15
6665.534790142201,4.5853735e-15
6666.792341518625,4.5623143e-15
6668.049892895049,4.454045e-15
6669.307444271474,4.51219e-15
6670.564995647898,4.52456e-15
6671.822547024322,4.48188e-15
6673.0800984007465,4.5768786e-15
6674.3376497771715,4.6190007e-15
6675.595201153596,4.5377728e-15
6676.85275253002,4.6396683e-15
6678.110303906444,4.658218e-15
6679.367855282868,4.6262466e-15
6680.625406659293,4.4901953e-15
6681.882958035717,4.457972e-15
6683.140509412141,4.585323e-15
6684.398060788566,4.6597646e-15
6685.65561216499,4.533858e-15
6686.913163541414,4.4666004e-15
6688.170714917838,4.5033307e-15
6689.428266294262,4.5660205e-15
6690.685817670686,4.6532623e-15
6691.943369047111,4.5167015e-15
6693.2009204235355,4.450336e-15
6694.45847179996,4.396402e-15
6695.716023176385,4.530362e-15
6696.973574552809,4.4619214e-15
6698.231125929233,4.523937e-15
6699.488677305657,4.659586e-15
6700.746228682081,4.5191664e-15
6702.003780058506,4.3348732e-15
6703.26133143493,4.425364e-15
6704.518882811354,4.4035354e-15
6705.776434187778,4.45042e-15
6707.033985564203,4.584454e-15
6708.291536940627,4.487619e-15
6709.549088317051,4.488485e-15
6710.8066396934755,4.5584366e-15
6712.0641910699,4.5433255e-15
6713.321742446325,4.4923472e-15
6714.579293822749,4.604452e-15
6715.836845199173,4.555544e-15
6717.094396575598,4.551281e-15
6718.351947952022,4.5298627e-15
6719.609499328446,4.6265003e-15
6720.86705070487,4.476316e-15
6722.124602081294,4.4625575e-15
6723.382153457718,4.4037806e-15
6724.639704834143,4.353594e-15
6725.897256210567,4.4439783e-15
6727.154807586991,4.654414e-15
6728.412358963416,4.5943516e-15
6729.6699103398405,4.5757694e-15
6730.927461716265,4.523625e-15
6732.185013092689,4.4910945e-15
6733.442564469113,4.4324205e-15
6734.700115845538,4.423201e-15
6735.957667221962,4.5244777e-15
6737.215218598386,4.5933174e-15
6738.47276997481,4.557169e-15
6739.730321351235,4.5357505e-15
6740.987872727659,4.4661684e-15
6742.245424104083,4.466359e-15
6743.502975480507,4.46219e-15
6744.760526856931,4.4250395e-15
6746.018078233356,4.473286e-15
6747.2756296097805,4.562051e-15
6748.533180986205,4.5773364e-15
6749.79073236263,4.4966447e-15
6751.048283739054,4.409691e-15
6752.305835115478,4.410405e-15
6753.563386491902,4.4585637e-15
6754.820937868326,4.5421824e-15
6756.07848924475,4.5202337e-15
6757.336040621175,4.3872254e-15
6758.593591997599,4.3336027e-15
6759.851143374023,4.469512e-15
6761.108694750448,4.558701e-15
6762.366246126872,4.506909e-15
6763.623797503296,4.432788e-15
6764.8813488797205,4.4542778e-15
6766.138900256145,4.375831e-15
6767.39645163257,4.592049e-15
6768.654003008994,4.5086556e-15
6769.911554385418,4.579357e-15
6771.169105761843,4.4813748e-15
6772.426657138267,4.5181733e-15
6773.684208514691,4.434779e-15
6774.941759891115,4.583692e-15
6776.199311267539,4.44192e-15
6777.456862643963,4.531805e-15
6778.714414020388,4.4997236e-15
6779.971965396812,4.5127556e-15
6781.229516773236,4.6378688e-15
6782.487068149661,4.3146753e-15
6783.744619526085,4.3997674e-15
6785.0021709025095,4.502873e-15
6786.259722278934,4.4653828e-15
6787.517273655358,4.418752e-15
6788.774825031782,4.5631685e-15
6790.032376408207,4.523815e-15
6791.289927784631,4.5188204e-15
6792.547479161055,4.3738084e-15
6793.80503053748,4.5035107e-15
6795.062581913904,4.4695815e-15
6796.320133290328,4.504395e-15
6797.577684666752,4.4981524e-15
6798.835236043176,4.3828487e-15
6800.092787419601,4.498419e-15
6801.350338796025,4.493576e-15
6802.6078901724495,4.545167e-15
6803.8654415488745,4.5463418e-15
6805.122992925299,4.4207408e-15
6806.380544301723,4.4804363e-15
6807.638095678147,4.609737e-15
6808.895647054571,4.6031662e-15
6810.153198430995,4.513473e-15
6811.41074980742,4.4767402e-15
6812.668301183844,4.5230657e-15
6813.925852560268,4.709603e-15
6815.183403936693,4.5895388e-15
6816.440955313117,4.44655e-15
6817.698506689541,4.488394e-15
6818.956058065965,4.4381287e-15
6820.2136094423895,4.5317385e-15
6821.4711608188145,4.5023088e-15
6822.728712195239,4.375383e-15
6823.986263571663,4.2887163e-15
6825.243814948087,4.4503543e-15
6826.501366324512,4.4687264e-15
6827.758917700936,4.434994e-15
6829.01646907736,4.3313182e-15
6830.274020453784,4.4861232e-15
6831.531571830208,4.6140616e-15
6832.789123206633,4.6161966e-15
6834.046674583057,4.5112975e-15
6835.304225959481,4.52647e-15
6836.561777335906,4.6041878e-15
6837.81932871233,4.5537626e-15
6839.0768800887545,4.4189484e-15
6840.334431465179,4.4300543e-15
6841.591982841603,4.4613865e-15
6842.849534218027,4.283323e-15
6844.107085594452,4.454712e-15
6845.364636970876,4.446039e-15
6846.6221883473,4.464385e-15
6847.879739723725,4.418673e-15
6849.137291100149,4.495882e-15
6850.394842476573,4.3959875e-15
6851.652393852997,4.4356223e-15
6852.909945229421,4.5137945e-15
6854.167496605846,4.5030923e-15
6855.42504798227,4.4587395e-15
6856.6825993586945,4.506917e-15
6857.940150735119,4.5076984e-15
6859.197702111544,4.3931656e-15
6860.455253487968,4.39861e-15
6861.712804864392,4.4122166e-15
6862.970356240816,4.245231e-15
6864.22790761724,4.1005373e-15
6865.485458993665,4.0167306e-15
6866.743010370089,3.9073494e-15
6868.000561746513,3.7016623e-15
6869.258113122938,3.5316266e-15
6870.515664499362,3.628076e-15
6871.773215875786,3.6805475e-15
6873.03076725221,3.70694e-15
6874.288318628634,3.752147e-15
6875.5458700050585,3.743484e-15
6876.8034213814835,3.92734e-15
6878.060972757908,3.9166456e-15
6879.318524134332,4.1411348e-15
6880.576075510757,4.2329468e-15
6881.833626887181,4.107796e-15
6883.091178263605,4.145187e-15
6884.348729640029,4.20138e-15
6885.606281016453,4.021533e-15
6886.863832392878,3.9557684e-15
6888.121383769302,4.0671486e-15
6889.378935145726,3.995438e-15
6890.63648652215,3.995731e-15
6891.894037898575,4.0241985e-15
6893.151589274999,4.0285975e-15
6894.4091406514235,4.0650636e-15
6895.666692027848,4.0988555e-15
6896.924243404272,4.1313803e-15
6898.181794780697,4.140518e-15
6899.439346157121,4.111521e-15
6900.696897533545,4.0477862e-15
6901.95444890997,3.9478342e-15
6903.212000286394,4.1694147e-15
6904.469551662818,4.1844728e-15
6905.727103039242,4.1142427e-15
6906.984654415666,4.232142e-15
6908.24220579209,4.196489e-15
6909.499757168515,4.1531847e-15
6910.757308544939,4.2187327e-15
6912.0148599213635,4.1680386e-15
6913.2724112977885,4.320481e-15
6914.529962674213,4.3317087e-15
6915.787514050637,4.2491543e-15
6917.045065427061,4.220571e-15
6918.302616803485,4.216611e-15
6919.56016817991,4.274735e-15
6920.817719556334,4.2328117e-15
6922.075270932758,4.2782224e-15
6923.332822309183,4.3222097e-15
6924.590373685607,4.2682363e-15
6925.847925062031,4.2390357e-15
6927.105476438455,4.230386e-15
6928.363027814879,4.242391e-15
6929.6205791913035,4.323461e-15
6930.8781305677285,4.281428e-15
6932.135681944153,4.145087e-15
6933.393233320577,4.2385097e-15
6934.650784697002,4.158829e-15
6935.908336073426,4.2774584e-15
6937.16588744985,4.207648e-15
6938.423438826274,4.1648877e-15
6939.680990202698,4.124704e-15
6940.938541579123,4.2811552e-15
6942.196092955547,4.3334845e-15
6943.453644331971,4.314524e-15
6944.711195708395,4.370453e-15
6945.96874708482,4.289606e-15
6947.226298461244,4.37629e-15
6948.4838498376685,4.3245682e-15
6949.741401214093,4.360087e-15
6950.998952590517,4.4172827e-15
6952.256503966942,4.4002485e-15
6953.514055343366,4.3417846e-15
6954.77160671979,4.384635e-15
6956.029158096215,4.439666e-15
6957.286709472639,4.413172e-15
6958.544260849063,4.1819584e-15
6959.801812225487,4.370434e-15
6961.059363601911,4.3892633e-15
6962.316914978335,4.3864177e-15
6963.57446635476,4.30453e-15
6964.832017731184,4.3114667e-15
6966.089569107609,4.3718056e-15
6967.347120484033,4.3049607e-15
6968.6046718604575,4.181584e-15
6969.862223236882,4.3217967e-15
6971.119774613306,4.436524e-15
6972.37732598973,4.368988e-15
6973.634877366154,4.3420772e-15
6974.892428742579,4.32357e-15
6976.149980119003,4.326734e-15
6977.407531495428,4.4576447e-15
6978.665082871852,4.4368115e-15
6979.922634248276,4.4144956e-15
6981.1801856247,4.437145e-15
6982.437737001124,4.2337917e-15
6983.695288377548,4.145845e-15
6984.9528397539725,4.3634203e-15
6986.2103911303975,4.440826e-15
6987.467942506822,4.2964903e-15
6988.725493883247,4.2117447e-15
6989.983045259671,4.1930833e-15
6991.240596636095,4.2657896e-15
6992.498148012519,4.2435135e-15
6993.755699388943,4.2628424e-15
6995.013250765367,4.2987634e-15
6996.270802141792,4.294833e-15
6997.528353518216,4.3395704e-15
6998.785904894641,4.294935e-15
7000.043456271065,4.282397e-15
7001.301007647489,4.2625315e-15
7002.558559023913,4.3210983e-15
7003.8161104003375,4.2547926e-15
7005.073661776762,4.2991204e-15
7006.331213153186,4.2551437e-15
7007.588764529611,4.2284465e-15
7008.846315906035,4.311195e-15
7010.10386728246,4.4547174e-15
7011.361418658884,4.3789884e-15
7012.618970035308,4.2183223e-15
7013.876521411732,4.2446206e-15
7015.134072788156,4.3122197e-15
7016.39162416458,4.35278e-15
7017.649175541004,4.323788e-15
7018.906726917429,4.287057e-15
7020.164278293853,4.330354e-15
7021.421829670278,4.248947e-15
7022.6793810467025,4.2533188e-15
7023.936932423127,4.3393816e-15
7025.194483799551,4.4365362e-15
7026.452035175975,4.219024e-15
7027.709586552399,4.2297357e-15
7028.967137928824,4.3927438e-15
7030.224689305248,4.3804343e-15
7031.482240681673,4.340763e-15
7032.739792058097,4.2378392e-15
7033.997343434521,4.298496e-15
7035.254894810945,4.296524e-15
7036.512446187369,4.327514e-15
7037.769997563793,4.2963963e-15
7039.0275489402175,4.218446e-15
7040.2851003166425,4.3687304e-15
7041.542651693067,4.4386267e-15
7042.8002030694915,4.279241e-15
7044.057754445916,4.4381494e-15
7045.31530582234,4.5289323e-15
7046.572857198764,4.3596405e-15
7047.830408575188,4.3102034e-15
7049.087959951612,4.2966034e-15
7050.345511328037,4.27834e-15
7051.603062704461,4.3500605e-15
7052.860614080885,4.457701e-15
7054.11816545731,4.401418e-15
7055.375716833734,4.3648184e-15
7056.633268210158,4.2642082e-15
7057.890819586582,4.3318396e-15
7059.1483709630065,4.36102e-15
7060.405922339431,4.3772257e-15
7061.663473715856,4.3786386e-15
7062.92102509228,4.370702e-15
7064.178576468705,4.348055e-15
7065.436127845129,4.3808176e-15
7066.693679221553,4.2968008e-15
7067.951230597977,4.2325677e-15
7069.208781974401,4.2836697e-15
7070.466333350825,4.3841074e-15
7071.723884727249,4.4401882e-15
7072.981436103674,4.4102363e-15
7074.238987480098,4.275256e-15
7075.496538856523,4.3260717e-15
7076.754090232947,4.4350895e-15
7078.0116416093715,4.3192328e-15
7079.269192985796,4.222647e-15
7080.52674436222,4.2675523e-15
7081.784295738644,4.246269e-15
7083.041847115069,4.33197e-15
7084.299398491493,4.4393967e-15
7085.556949867917,4.3644978e-15
7086.814501244342,4.422278e-15
7088.072052620766,4.4596547e-15
7089.32960399719,4.3214113e-15
7090.587155373614,4.3398487e-15
7091.844706750038,4.4123988e-15
7093.102258126462,4.3237297e-15
7094.359809502887,4.324353e-15
7095.6173608793115,4.385407e-15
7096.8749122557365,4.4367814e-15
7098.132463632161,4.3305474e-15
7099.390015008585,4.1770667e-15
7100.647566385009,4.2039325e-15
7101.905117761433,4.2815546e-15
7103.162669137857,4.2386698e-15
7104.420220514281,4.174822e-15
7105.677771890706,4.291027e-15
7106.93532326713,4.255563e-15
7108.192874643555,4.276763e-15
7109.450426019979,4.186659e-15
7110.707977396403,4.1710994e-15
7111.965528772827,4.333927e-15
7113.2230801492515,4.3039726e-15
7114.480631525676,4.4056166e-15
7115.738182902101,4.3394264e-15
7116.995734278525,4.3460884e-15
7118.25328565495,4.324153e-15
7119.510837031374,4.2364243e-15
7120.768388407798,4.4551845e-15
7122.025939784222,4.3241053e-15
7123.283491160646,4.128177e-15
7124.54104253707,4.302786e-15
7125.798593913494,4.2832872e-15
7127.056145289919,4.347525e-15
7128.313696666343,4.3573234e-15
7129.571248042768,4.2815906e-15
7130.828799419192,4.261911e-15
7132.086350795616,4.338629e-15
7133.3439021720405,4.2530553e-15
7134.601453548465,4.1565664e-15
7135.859004924889,4.286742e-15
7137.116556301313,4.4028646e-15
7138.374107677738,4.3531602e-15
7139.631659054162,4.3085174e-15
7140.889210430587,4.3262525e-15
7142.146761807011,4.1667473e-15
7143.404313183435,4.295395e-15
7144.661864559859,4.262295e-15
7145.919415936283,4.3178436e-15
7147.176967312707,4.2677607e-15
7148.434518689132,4.2112026e-15
7149.692070065556,4.2799037e-15
7150.949621441981,4.2329955e-15
7152.2071728184055,4.2986833e-15
7153.46472419483,4.2910405e-15
7154.722275571254,4.3780855e-15
7155.979826947678,4.2249355e-15
7157.237378324102,4.2802447e-15
7158.494929700526,4.20734e-15
7159.752481076951,4.132348e-15
7161.010032453375,4.2284202e-15
7162.2675838298,4.249094e-15
7163.525135206224,4.150876e-15
7164.782686582648,4.29898e-15
7166.040237959072,4.254373e-15
7167.297789335496,4.314529e-15
7168.5553407119205,4.243503e-15
7169.8128920883455,4.1687578e-15
7171.07044346477,4.2174092e-15
7172.327994841194,4.189962e-15
7173.585546217619,4.2659857e-15
7174.843097594043,4.257143e-15
7176.100648970467,4.1543514e-15
7177.358200346891,4.1648652e-15
7178.615751723315,4.195389e-15
7179.873303099739,4.1879757e-15
7181.130854476164,4.1954143e-15
7182.388405852588,4.1615965e-15
7183.645957229013,4.093975e-15
7184.903508605437,4.216809e-15
7186.161059981861,4.2359974e-15
7187.4186113582855,4.150672e-15
7188.67616273471,4.1087815e-15
7189.933714111134,4.1201377e-15
7191.191265487558,4.1520157e-15
7192.448816863983,4.136984e-15
7193.706368240407,4.2304595e-15
7194.963919616832,4.2340293e-15
7196.221470993256,4.170382e-15
7197.47902236968,4.119534e-15
7198.736573746104,4.0766624e-15
7199.994125122528,4.046319e-15
7201.251676498952,3.964296e-15
7202.509227875377,4.1082665e-15
7203.766779251801,4.132867e-15
7205.0243306282255,4.1957718e-15
7206.2818820046505,4.2840966e-15
7207.539433381075,4.151179e-15
7208.796984757499,4.1878376e-15
7210.054536133923,4.1221574e-15
7211.312087510347,4.102916e-15
7212.569638886771,4.2193667e-15
7213.827190263196,4.3098087e-15
7215.08474163962,4.1735363e-15
7216.342293016045,4.377092e-15
7217.599844392469,4.3696507e-15
7218.857395768893,4.382597e-15
7220.114947145317,4.1784245e-15
7221.372498521741,4.249479e-15
7222.630049898165,4.3104075e-15
7223.8876012745895,4.1991243e-15
7225.1451526510145,4.182913e-15
7226.402704027439,4.2029957e-15
7227.660255403864,4.139171e-15
7228.917806780288,4.2180614e-15
7230.175358156712,4.256539e-15
7231.432909533136,4.187171e-15
7232.69046090956,4.3627876e-15
7233.948012285984,4.201882e-15
7235.205563662409,4.2704886e-15
7236.463115038833,4.257564e-15
7237.720666415257,4.12772e-15
7238.978217791682,4.147638e-15
7240.235769168106,4.227693e-15
7241.49332054453,4.2251037e-15
7242.7508719209545,4.2885405e-15
7244.008423297379,4.2243502e-15
7245.265974673803,4.186073e-15
7246.523526050228,4.1283573e-15
7247.781077426652,4.1731937e-15
7249.038628803077,4.2938442e-15
7250.296180179501,4.279498e-15
7251.553731555925,4.2251003e-15
7252.811282932349,4.2320604e-15
7254.068834308773,4.1467383e-15
7255.326385685197,4.17331e-15
7256.583937061621,4.2463354e-15
7257.841488438046,4.172699e-15
7259.09903981447,4.146254e-15
7260.356591190895,4.161742e-15
7261.6141425673195,4.1653578e-15
7262.871693943744,4.097889e-15
7264.129245320168,4.1430834e-15
7265.386796696592,4.0785407e-15
7266.644348073016,4.0048963e-15
7267.901899449441,4.103083e-15
7269.159450825865,3.9952727e-15
7270.41700220229,4.066308e-15
7271.674553578714,4.0390584e-15
7272.932104955138,4.0205672e-15
7274.189656331562,4.1055433e-15
7275.447207707986,4.0898677e-15
7276.70475908441,4.110673e-15
7277.9623104608345,4.1074284e-15
7279.2198618372595,4.248849e-15
7280.477413213684,4.2060188e-15
7281.734964590109,4.0635017e-15
7282.992515966533,4.034124e-15
7284.250067342957,4.2089e-15
7285.507618719381,4.207983e-15
7286.765170095805,4.273661e-15
7288.022721472229,4.120988e-15
7289.280272848653,4.1194905e-15
7290.537824225078,4.0652444e-15
7291.795375601502,4.081166e-15
7293.052926977927,4.152182e-15
7294.310478354351,4.0877734e-15
7295.568029730775,4.060036e-15
7296.8255811071995,4.1998214e-15
7298.083132483624,4.3133497e-15
7299.340683860048,4.144948e-15
7300.598235236473,4.149598e-15
7301.855786612897,4.104417e-15
7303.113337989322,3.9962485e-15
7304.370889365746,4.017276e-15
7305.62844074217,4.0029744e-15
7306.885992118594,3.9475166e-15
7308.143543495018,4.1379038e-15
7309.401094871442,4.2157084e-15
7310.658646247866,4.1703917e-15
7311.916197624291,4.195196e-15
7313.173749000715,4.0662833e-15
7314.43130037714,4.1465257e-15
7315.688851753564,4.0854216e-15
7316.9464031299885,4.1953343e-15
7318.203954506413,4.177945e-15
7319.461505882837,4.1747463e-15
7320.719057259261,4.1828473e-15
7321.976608635686,4.0630866e-15
7323.23416001211,4.0308405e-15
7324.491711388534,4.108626e-15
7325.749262764959,4.0502494e-15
7327.006814141383,4.037161e-15
7328.264365517807,4.1155764e-15
7329.521916894231,4.12817e-15
7330.779468270655,4.2012097e-15
7332.037019647079,4.2219108e-15
7333.294571023504,4.1839506e-15
7334.5521223999285,4.2187806e-15
7335.8096737763535,4.189986e-15
7337.067225152778,4.118517e-15
7338.324776529202,4.103365e-15
7339.582327905626,4.1848294e-15
7340.83987928205,4.281907e-15
7342.097430658474,4.245892e-15
7343.354982034898,4.1333882e-15
7344.612533411323,4.0673705e-15
7345.870084787747,4.07316e-15
7347.127636164172,4.1364824e-15
7348.385187540596,4.16786e-15
7349.64273891702,4.1662078e-15
7350.900290293444,4.039615e-15
7352.1578416698685,3.9191973e-15
7353.415393046293,4.0288512e-15
7354.672944422718,4.0940173e-15
7355.930495799142,4.113075e-15
7357.188047175566,4.1983336e-15
7358.445598551991,4.192095e-15
7359.703149928415,4.2350694e-15
7360.960701304839,4.1430554e-15
7362.218252681263,4.040732e-15
7363.475804057687,4.0822905e-15
7364.733355434111,3.9964277e-15
7365.990906810536,3.9598697e-15
7367.24845818696,3.9360084e-15
7368.506009563385,4.065574e-15
7369.763560939809,4.153041e-15
7371.0211123162335,4.0949647e-15
7372.278663692658,3.994905e-15
7373.536215069082,3.958487e-15
7374.793766445506,3.8866962e-15
7376.05131782193,4.0058513e-15
7377.308869198355,4.0464585e-15
7378.566420574779,4.028942e-15
7379.823971951204,4.0641526e-15
7381.081523327628,4.039273e-15
7382.339074704052,4.0584178e-15
7383.596626080476,4.020829e-15
7384.8541774569,3.9408576e-15
7386.111728833324,3.9702653e-15
7387.369280209749,4.0252314e-15
7388.6268315861735,3.9798622e-15
7389.8843829625985,3.9595614e-15
7391.141934339023,4.0468096e-15
7392.399485715447,3.916147e-15
7393.657037091871,3.891439e-15
7394.914588468295,4.046724e-15
7396.172139844719,3.92397e-15
7397.429691221143,4.0151157e-15
7398.687242597568,4.129158e-15
7399.944793973992,4.0159988e-15
7401.202345350417,3.9255365e-15
7402.459896726841,3.9912294e-15
7403.717448103265,4.013267e-15
7404.974999479689,3.9706393e-15
7406.232550856113,4.055785e-15
7407.4901022325375,4.0043262e-15
7408.747653608962,3.868422e-15
7410.005204985387,3.926647e-15
7411.262756361811,3.96736e-15
7412.520307738236,4.0095944e-15
7413.77785911466,4.069108e-15
7415.035410491084,3.9745687e-15
7416.292961867508,4.0964275e-15
7417.550513243932,4.0214926e-15
7418.808064620356,4.0680506e-15
7420.065615996781,4.1446982e-15
7421.323167373205,4.1692364e-15
7422.58071874963,4.137519e-15
7423.838270126054,3.9760874e-15
7425.095821502478,3.96963e-15
7426.3533728789025,4.110565e-15
7427.610924255327,4.0556577e-15
7428.868475631751,3.966916e-15
7430.126027008175,3.9503533e-15
7431.3835783846,3.8660456e-15
7432.641129761024,3.79971e-15
7433.898681137449,3.8003853e-15
7435.156232513873,3.9339463e-15
7436.413783890297,3.9812476e-15
7437.671335266721,4.0430835e-15
7438.928886643145,4.1007584e-15
7440.186438019569,3.991969e-15
7441.443989395993,3.9007193e-15
7442.701540772418,4.058111e-15
7443.9590921488425,4.057227e-15
7445.2166435252675,4.0358223e-15
7446.474194901692,3.977682e-15
7447.731746278116,3.9760523e-15
7448.98929765454,4.0274337e-15
7450.246849030964,4.156335e-15
7451.504400407388,3.9997523e-15
7452.761951783813,3.8997435e-15
7454.019503160237,4.000673e-15
7455.277054536662,4.0028236e-15
7456.534605913086,4.016705e-15
7457.79215728951,3.994493e-15
7459.049708665934,3.9552826e-15
7460.307260042358,4.004661e-15
7461.5648114187825,4.0275256e-15
7462.822362795207,3.9676654e-15
7464.079914171632,3.9840406e-15
7465.337465548056,4.083619e-15
7466.595016924481,4.057204e-15
7467.852568300905,4.0318497e-15
7469.110119677329,3.9366072e-15
7470.367671053753,3.8079887e-15
7471.625222430177,3.876527e-15
7472.882773806601,3.9120297e-15
7474.140325183026,4.0412336e-15
7475.39787655945,4.108544e-15
7476.655427935874,4.1174585e-15
7477.912979312299,3.977358e-15
7479.170530688723,3.972924e-15
7480.4280820651475,3.9083002e-15
7481.685633441572,3.919925e-15
7482.943184817996,4.030789e-15
7484.20073619442,4.0521285e-15
7485.458287570845,4.042287e-15
7486.715838947269,4.0174506e-15
7487.973390323694,4.0892057e-15
7489.230941700118,4.0390275e-15
7490.488493076542,3.908264e-15
7491.746044452966,3.957881e-15
7493.00359582939,4.023216e-15
7494.261147205814,3.880011e-15
7495.518698582238,3.880156e-15
7496.776249958663,3.960005e-15
7498.033801335087,3.7222715e-15
7499.291352711512,3.8665296e-15
7500.5489040879365,3.920053e-15
7501.806455464361,3.9830814e-15
7503.064006840785,3.9347497e-15
7504.321558217209,3.8164086e-15
7505.579109593633,3.933538e-15
7506.836660970058,3.8494975e-15
7508.094212346482,3.8305845e-15
7509.351763722906,3.97209e-15
7510.609315099331,3.9365335e-15
7511.866866475755,3.897762e-15
7513.124417852179,4.0535744e-15
7514.381969228603,3.9714825e-15
7515.639520605027,3.8124826e-15
7516.8970719814515,3.8268546e-15
7518.1546233578765,3.840554e-15
7519.412174734301,3.8537704e-15
7520.669726110726,3.8643337e-15
7521.92727748715,3.9560983e-15
7523.184828863574,4.0076597e-15
7524.442380239998,3.9007633e-15
7525.699931616422,3.9120267e-15
7526.957482992846,3.8674495e-15
7528.21503436927,3.8599728e-15
7529.472585745695,3.9660907e-15
7530.730137122119,3.9526145e-15
7531.987688498544,3.992551e-15
7533.245239874968,3.9346624e-15
7534.502791251392,3.877836e-15
7535.7603426278165,3.8520517e-15
7537.017894004241,3.8928215e-15
7538.275445380665,3.975458e-15
7539.53299675709,4.035014e-15
7540.790548133514,3.9582324e-15
7542.048099509939,3.809389e-15
7543.305650886363,3.874299e-15
7544.563202262787,3.9765868e-15
7545.820753639211,3.933874e-15
7547.078305015635,3.931789e-15
7548.335856392059,4.027186e-15
7549.593407768483,3.9151375e-15
7550.850959144908,3.7904136e-15
7552.108510521332,3.925531e-15
7553.366061897757,3.8634765e-15
7554.6236132741815,3.7908362e-15
7555.881164650606,3.9907237e-15
7557.13871602703,3.960257e-15
7558.396267403454,3.9757863e-15
7559.653818779878,4.011639e-15
7560.911370156302,3.9438498e-15
7562.168921532727,3.964798e-15
7563.426472909151,3.830493e-15
7564.684024285576,3.8012535e-15
7565.941575662,3.799674e-15
7567.199127038424,3.887292e-15
7568.456678414848,3.873163e-15
7569.714229791272,4.01628e-15
7570.9717811676965,3.9703505e-15
7572.2293325441215,3.9102764e-15
7573.486883920546,3.9575654e-15
7574.744435296971,3.9920764e-15
7576.001986673395,3.979442e-15
7577.259538049819,3.9697016e-15
7578.517089426243,3.956764e-15
7579.774640802667,3.8992526e-15
7581.032192179091,4.004206e-15
7582.289743555515,4.0219593e-15
7583.54729493194,3.978804e-15
7584.804846308364,3.9106173e-15
7586.062397684789,3.9539244e-15
7587.319949061213,3.7715756e-15
7588.577500437637,3.843356e-15
7589.835051814061,3.766086e-15
7591.0926031904855,3.5156155e-15
7592.35015456691,3.2682563e-15
7593.607705943334,3.019735e-15
7594.865257319759,2.7689266e-15
7596.122808696183,2.4541873e-15
7597.380360072608,2.2222962e-15
7598.637911449032,2.0399802e-15
7599.895462825456,1.8235736e-15
7601.15301420188,1.6283392e-15
7602.410565578304,1.5352392e-15
7603.668116954728,1.549511e-15
7604.925668331153,1.5406861e-15
7606.183219707577,1.5180922e-15
7607.440771084002,1.5932549e-15
7608.698322460426,1.7422574e-15
7609.9558738368505,1.8820244e-15
7611.213425213275,2.0003407e-15
7612.470976589699,2.1400686e-15
7613.728527966123,2.5801037e-15
7614.986079342547,2.9077587e-15
7616.243630718972,2.921743e-15
7617.501182095396,3.0732329e-15
7618.758733471821,3.1312366e-15
7620.016284848245,2.9755901e-15
7621.273836224669,2.9093877e-15
7622.531387601093,2.7453666e-15
7623.788938977517,2.5038038e-15
7625.046490353941,2.5374068e-15
7626.304041730366,2.5769042e-15
7627.5615931067905,2.4065263e-15
7628.819144483215,2.363343e-15
7630.07669585964,2.4373837e-15
7631.334247236064,2.4414776e-15
7632.591798612488,2.4494459e-15
7633.849349988912,2.5667758e-15
7635.106901365336,2.6644266e-15
7636.36445274176,2.537893e-15
7637.622004118185,2.4782124e-15
7638.879555494609,2.5284933e-15
7640.137106871034,2.777074e-15
7641.394658247458,2.7615565e-15
7642.652209623882,2.7476902e-15
7643.909761000306,2.713913e-15
7645.1673123767305,2.7262285e-15
7646.424863753155,2.7525075e-15
7647.682415129579,2.806927e-15
7648.939966506004,2.9074808e-15
7650.197517882428,3.025939e-15
7651.455069258853,3.0811651e-15
7652.712620635277,3.0286222e-15
7653.970172011701,3.0939596e-15
7655.227723388125,3.1578606e-15
7656.485274764549,3.27648e-15
7657.742826140973,3.376648e-15
7659.000377517398,3.4460009e-15
7660.257928893822,3.480254e-15
7661.515480270246,3.3547555e-15
7662.773031646671,3.4125759e-15
7664.0305830230955,3.58021e-15
7665.28813439952,3.603522e-15
7666.545685775944,3.632525e-15
7667.803237152368,3.6014143e-15
7669.060788528792,3.5262198e-15
7670.318339905217,3.6063372e-15
7671.575891281641,3.7011355e-15
7672.833442658066,3.6951342e-15
7674.09099403449,3.715462e-15
7675.348545410914,3.7160077e-15
7676.606096787338,3.658224e-15
7677.863648163762,3.622957e-15
7679.121199540186,3.656286e-15
7680.37875091661,3.8153934e-15
7681.636302293035,3.710878e-15
7682.8938536694595,3.728871e-15
7684.1514050458845,3.7135174e-15
7685.408956422309,3.759581e-15
7686.666507798733,3.6787043e-15
7687.924059175157,3.7943247e-15
7689.181610551581,3.737607e-15
7690.439161928005,3.689705e-15
7691.69671330443,3.6472074e-15
7692.954264680854,3.592134e-15
7694.211816057279,3.6419075e-15
7695.469367433703,3.7263584e-15
7696.726918810127,3.7707044e-15
7697.984470186551,3.686033e-15
7699.242021562975,3.71605e-15
7700.4995729393995,3.7935874e-15
7701.757124315824,3.8653836e-15
7703.014675692249,3.8634774e-15
7704.272227068673,3.8761867e-15
7705.529778445098,3.885525e-15
7706.787329821522,3.762069e-15
7708.044881197946,3.6666976e-15
7709.30243257437,3.8092664e-15
7710.559983950794,3.847912e-15
7711.817535327218,3.875792e-15
7713.075086703642,4.096383e-15
7714.332638080067,3.974594e-15
7715.590189456491,3.87276e-15
7716.847740832916,3.881765e-15
7718.10529220934,3.7276946e-15
7719.3628435857645,3.949132e-15
7720.620394962189,3.861622e-15
7721.877946338613,3.802401e-15
7723.135497715037,3.87592e-15
7724.393049091462,3.941513e-15
7725.650600467886,3.9196966e-15
7726.908151844311,3.9151235e-15
7728.165703220735,3.8018337e-15
7729.423254597159,3.7342913e-15
7730.680805973583,3.8091305e-15
7731.938357350007,3.935816e-15
7733.195908726431,3.879716e-15
7734.453460102855,3.8515134e-15
7735.71101147928,3.9615663e-15
7736.9685628557045,4.064022e-15
7738.2261142321295,4.0316757e-15
7739.483665608554,3.890989e-15
7740.741216984978,3.935012e-15
7741.998768361402,3.960782e-15
7743.256319737826,3.9023803e-15
7744.51387111425,3.819675e-15
7745.771422490675,3.7961522e-15
7747.028973867099,3.773012e-15
7748.286525243523,3.7507394e-15
7749.544076619948,3.6700244e-15
7750.801627996372,3.601254e-15
7752.059179372796,3.6994808e-15
7753.31673074922,3.597373e-15
7754.5742821256445,3.4801327e-15
7755.831833502069,3.5184984e-15
7757.089384878494,3.4353194e-15
7758.346936254918,3.369519e-15
7759.604487631343,3.4058216e-15
7760.862039007767,3.2954967e-15
7762.119590384191,3.251961e-15
7763.377141760615,3.4502466e-15
7764.634693137039,3.5561437e-15
7765.892244513463,3.6845162e-15
7767.149795889887,3.7697443e-15
7768.407347266312,3.731581e-15
7769.664898642736,3.637353e-15
7770.922450019161,3.7914126e-15
7772.180001395585,3.7556408e-15
7773.437552772009,3.9154915e-15
7774.6951041484335,3.926533e-15
7775.952655524858,3.779895e-15
7777.210206901282,3.8313905e-15
7778.467758277707,3.8824306e-15
7779.725309654131,3.9869434e-15
7780.982861030555,3.9171267e-15
7782.24041240698,4.0189003e-15
7783.497963783404,3.95563e-15
7784.755515159828,3.991422e-15
7786.013066536252,3.753082e-15
7787.270617912676,3.7787537e-15
7788.5281692891,3.715164e-15
7789.785720665525,3.5788912e-15
7791.043272041949,3.739491e-15
7792.300823418374,3.9520126e-15
7793.5583747947985,3.7878005e-15
7794.815926171223,3.736954e-15
7796.073477547647,3.887585e-15
7797.331028924071,3.9659463e-15
7798.588580300495,4.000405e-15
7799.846131676919,3.7458397e-15
7801.103683053344,3.7842925e-15
7802.361234429768,3.9520173e-15
7803.618785806193,3.897699e-15
7804.876337182617,3.794406e-15
7806.133888559041,3.9698215e-15
7807.391439935465,4.0229156e-15
7808.648991311889,3.955039e-15
7809.9065426883135,3.896151e-15
7811.1640940647385,3.773793e-15
7812.421645441163,3.880525e-15
7813.679196817587,3.981067e-15
7814.936748194012,3.859415e-15
7816.194299570436,3.8638124e-15
7817.45185094686,3.905678e-15
7818.709402323284,3.8453293e-15
7819.966953699708,3.8796028e-15
7821.224505076132,3.946781e-15
7822.482056452557,3.974681e-15
7823.739607828981,3.897514e-15
7824.997159205406,4.155027e-15
7826.25471058183,3.884382e-15
7827.512261958254,3.6813873e-15
7828.7698133346785,3.8321486e-15
7830.027364711103,3.9402846e-15
7831.284916087527,3.8710113e-15
7832.542467463951,3.749321e-15
7833.800018840376,3.7360523e-15
7835.0575702168,3.8716733e-15
7836.315121593225,3.900678e-15
7837.572672969649,3.7894725e-15
7838.830224346073,3.886952e-15
7840.087775722497,3.7737236e-15
7841.345327098921,3.8619904e-15
7842.602878475345,3.8945296e-15
7843.86042985177,3.918252e-15
7845.117981228194,3.880843e-15
7846.375532604619,3.822269e-15
7847.6330839810435,3.8597957e-15
7848.8906353574675,3.8357417e-15
7850.148186733892,3.8885576e-15
7851.405738110316,4.038666e-15
7852.66328948674,3.9348975e-15
7853.920840863164,3.791676e-15
7855.178392239589,3.934371e-15
7856.435943616013,4.008885e-15
7857.693494992438,3.877483e-15
7858.951046368862,3.7309637e-15
7860.208597745286,3.6975893e-15
7861.46614912171,3.741359e-15
7862.723700498134,3.75406e-15
7863.981251874558,3.6103344e-15
7865.2388032509825,3.5943894e-15
7866.4963546274075,3.569739e-15
7867.753906003832,3.6041235e-15
7869.011457380257,3.719624e-15
7870.269008756681,3.8020357e-15
7871.526560133105,3.9351863e-15
7872.784111509529,3.921016e-15
7874.041662885953,3.9164372e-15
7875.299214262377,3.8970626e-15
7876.556765638802,3.8426713e-15
7877.814317015226,3.6864267e-15
7879.071868391651,3.6270192e-15
7880.329419768075,3.867858e-15
7881.586971144499,3.9207084e-15
7882.844522520923,3.6495054e-15
7884.1020738973475,3.5586344e-15
7885.359625273772,3.6740994e-15
7886.617176650196,3.7067144e-15
7887.874728026621,3.7096757e-15
7889.132279403045,3.7716336e-15
7890.38983077947,3.8614864e-15
7891.647382155894,3.9166744e-15
7892.904933532318,3.8110287e-15
7894.162484908742,3.6204395e-15
7895.420036285166,3.753405e-15
7896.67758766159,3.6770247e-15
7897.935139038015,3.656426e-15
7899.192690414439,3.8216983e-15
7900.450241790863,3.844956e-15
7901.707793167288,3.785902e-15
7902.9653445437125,3.796384e-15
7904.222895920137,3.736765e-15
7905.480447296561,3.6702615e-15
7906.737998672985,3.7297965e-15
7907.995550049409,3.696282e-15
7909.253101425834,3.6066765e-15
7910.510652802258,3.5358944e-15
7911.768204178683,3.700486e-15
7913.025755555107,3.739433e-15
7914.283306931531,3.698594e-15
7915.540858307955,3.678544e-15
7916.798409684379,3.680256e-15
7918.055961060803,3.623466e-15
7919.3135124372275,3.611668e-15
7920.5710638136525,3.7043067e-15
7921.828615190077,3.7523936e-15
7923.086166566502,3.7023264e-15
7924.343717942926,3.6522447e-15
7925.60126931935,3.712904e-15
7926.858820695774,3.7067703e-15
7928.116372072198,3.727848e-15
7929.373923448622,3.60661e-15
7930.631474825047,3.54682e-15
7931.889026201471,3.6672927e-15
7933.146577577895,3.7400947e-15
7934.40412895432,3.669628e-15
7935.661680330744,3.682934e-15
7936.919231707168,3.729409e-15
7938.176783083592,3.6482213e-15
7939.4343344600165,3.6318782e-15
7940.691885836441,3.7132963e-15
7941.949437212866,3.7911806e-15
7943.20698858929,3.8411356e-15
7944.464539965715,3.744928e-15
7945.722091342139,3.746571e-15
7946.979642718563,3.7649814e-15
7948.237194094987,3.849543e-15
7949.494745471411,3.7448496e-15
7950.752296847835,3.807502e-15
7952.009848224259,3.913929e-15
7953.267399600684,3.812868e-15
7954.524950977108,3.7341727e-15
7955.782502353533,3.6742714e-15
7957.040053729957,3.74086e-15
7958.2976051063815,3.723434e-15
7959.555156482806,3.612671e-15
7960.81270785923,3.748412e-15
7962.070259235654,3.706433e-15
7963.327810612079,3.7108187e-15
7964.585361988503,3.6016442e-15
7965.842913364928,3.7046244e-15
7967.100464741352,3.715367e-15
7968.358016117776,3.726955e-15
7969.6155674942,3.7953933e-15
7970.873118870624,3.6427135e-15
7972.130670247048,3.728333e-15
7973.388221623472,3.811513e-15
7974.645772999897,3.844174e-15
7975.9033243763215,3.825135e-15
7977.1608757527465,3.8405143e-15
7978.418427129171,3.801286e-15
7979.675978505595,3.6839996e-15
7980.933529882019,3.672849e-15
7982.191081258443,3.771466e-15
7983.448632634867,3.8372884e-15
7984.706184011291,3.702389e-15
7985.963735387716,3.5785046e-15
7987.22128676414,3.678762e-15
7988.478838140565,3.7462277e-15
7989.736389516989,3.892395e-15
7990.993940893413,3.859456e-15
7992.251492269837,3.768838e-15
7993.5090436462615,3.6997794e-15
7994.766595022686,3.8206632e-15
7996.024146399111,3.8624546e-15
7997.281697775535,3.847755e-15
7998.53924915196,3.747891e-15
7999.796800528384,3.702456e-15
8001.054351904808,3.8042744e-15
8002.311903281232,3.813386e-15
8003.569454657656,3.7740624e-15
8004.82700603408,3.7721316e-15
8006.084557410504,3.7982592e-15
8007.342108786929,3.6581896e-15
8008.599660163353,3.7661702e-15
8009.857211539778,3.7399164e-15
8011.114762916202,3.740322e-15
8012.3723142926265,3.769966e-15
8013.629865669051,3.8279596e-15
8014.887417045475,3.8365413e-15
8016.144968421899,3.678096e-15
8017.402519798323,3.6143396e-15
8018.660071174748,3.823608e-15
8019.917622551172,3.9195836e-15
8021.175173927597,3.7044863e-15
8022.432725304021,3.7275824e-15
8023.690276680445,3.6205377e-15
8024.947828056869,3.764413e-15
8026.205379433293,3.8210355e-15
8027.462930809717,3.7071778e-15
8028.720482186142,3.7021637e-15
8029.978033562566,3.729171e-15
8031.235584938991,3.6728018e-15
8032.4931363154155,3.653683e-15
8033.75068769184,3.691142e-15
8035.008239068264,3.71045e-15
8036.265790444688,3.7088485e-15
8037.523341821112,3.8147852e-15
8038.780893197536,3.8594167e-15
8040.038444573961,3.8588276e-15
8041.295995950385,3.7306723e-15
8042.55354732681,3.667839e-15
8043.811098703234,3.7162787e-15
8045.068650079658,3.7249917e-15
8046.326201456082,3.716754e-15
8047.583752832506,3.7160746e-15
8048.8413042089305,3.7338843e-15
8050.0988555853555,3.8843953e-15
8051.35640696178,3.876838e-15
8052.613958338204,3.7721943e-15
8053.871509714629,3.705867e-15
8055.129061091053,3.658148e-15
8056.386612467477,3.6407115e-15
8057.644163843901,3.6448264e-15
8058.901715220325,3.6202726e-15
8060.159266596749,3.527492e-15
8061.416817973174,3.53956e-15
8062.674369349598,3.719862e-15
8063.931920726023,3.7114786e-15
8065.189472102447,3.5708495e-15
8066.447023478871,3.572464e-15
8067.7045748552955,3.723267e-15
8068.96212623172,3.7539026e-15
8070.219677608144,3.6940737e-15
8071.477228984568,3.692396e-15
8072.734780360993,3.7997496e-15
8073.992331737417,3.7315393e-15
8075.249883113842,3.6402478e-15
8076.507434490266,3.6769776e-15
8077.76498586669,3.5950628e-15
8079.022537243114,3.734037e-15
8080.280088619538,3.6133384e-15
8081.537639995962,3.7103876e-15
8082.795191372387,3.6911638e-15
8084.052742748811,3.576352e-15
8085.3102941252355,3.5873196e-15
8086.5678455016605,3.660562e-15
8087.825396878085,3.6787767e-15
8089.082948254509,3.64852e-15
8090.340499630933,3.6623413e-15
8091.598051007357,3.714897e-15
8092.855602383781,3.6868485e-15
8094.113153760206,3.692367e-15
8095.37070513663,3.7776564e-15
8096.628256513055,3.7051957e-15
8097.885807889479,3.6470024e-15
8099.143359265903,3.6718366e-15
8100.400910642327,3.6213543e-15
8101.658462018751,3.6477076e-15
8102.9160133951755,3.6956463e-15
8104.1735647716,3.6055236e-15
8105.431116148025,3.5995694e-15
8106.688667524449,3.679193e-15
8107.946218900874,3.6553554e-15
8109.203770277298,3.6243193e-15
8110.461321653722,3.6163284e-15
8111.718873030146,3.7651195e-15
8112.97642440657,3.7808125e-15
8114.233975782994,3.7476147e-15
8115.491527159419,3.849717e-15
8116.749078535843,3.7767903e-15
8118.006629912268,3.6694945e-15
8119.264181288692,3.7308494e-15
8120.521732665116,3.5789573e-15
8121.77928404154,3.68622e-15
8123.0368354179645,3.7690302e-15
8124.294386794389,3.641277e-15
8125.551938170813,3.589851e-15
8126.809489547238,3.5439554e-15
8128.067040923662,3.6005833e-15
8129.324592300087,3.6992275e-15
8130.582143676511,3.7067885e-15
8131.839695052935,3.6235222e-15
8133.097246429359,3.5679937e-15
8134.354797805783,3.6704424e-15
8135.612349182207,3.69566e-15
8136.869900558631,3.5825796e-15
8138.127451935056,3.5223473e-15
8139.38500331148,3.5717973e-15
8140.642554687905,3.6567793e-15
8141.9001060643295,3.8070125e-15
8143.157657440754,3.698973e-15
8144.415208817178,3.6577093e-15
8145.672760193602,3.783483e-15
8146.930311570026,3.65248e-15
8148.187862946451,3.6831174e-15
8149.445414322875,3.6603466e-15
8150.7029656993,3.7955415e-15
8151.960517075724,3.686384e-15
8153.218068452148,3.584239e-15
8154.475619828572,3.662972e-15
8155.733171204996,3.715227e-15
8156.99072258142,3.5940447e-15
8158.2482739578445,3.626908e-15
8159.5058253342695,3.709058e-15
8160.763376710694,3.4842933e-15
8162.020928087119,3.475605e-15
8163.278479463543,3.547285e-15
8164.536030839967,3.5326422e-15
8165.793582216391,3.4203137e-15
8167.051133592815,3.4519447e-15
8168.308684969239,3.436747e-15
8169.566236345663,3.398187e-15
8170.823787722088,3.3437712e-15
8172.081339098512,3.339983e-15
8173.338890474937,3.4172524e-15
8174.596441851361,3.3724174e-15
8175.853993227785,3.405212e-15
8177.1115446042095,3.3575886e-15
8178.369095980634,3.3459542e-15
8179.626647357058,3.4002272e-15
8180.884198733483,3.4870936e-15
8182.141750109907,3.4534554e-15
8183.399301486332,3.4511271e-15
8184.656852862756,3.488592e-15
8185.91440423918,3.4849873e-15
8187.171955615604,3.503331e-15
8188.429506992028,3.4621858e-15
8189.687058368452,3.5586886e-15
8190.944609744876,3.58063e-15
8192.202161121302,3.5843673e-15
8193.459712497726,3.5263695e-15
8194.71726387415,3.489721e-15
8195.974815250574,3.5784804e-15
8197.232366626999,3.668232e-15
8198.489918003423,3.669468e-15
8199.747469379847,3.591346e-15
8201.00502075627,3.4995276e-15
8202.262572132695,3.59307e-15
8203.520123509119,3.639804e-15
8204.777674885543,3.6410605e-15
8206.035226261969,3.5024992e-15
8207.292777638393,3.592762e-15
8208.550329014817,3.5485077e-15
8209.807880391241,3.563866e-15
8211.065431767665,3.6781584e-15
8212.32298314409,3.5894245e-15
8213.580534520515,3.6091303e-15
8214.83808589694,3.629442e-15
8216.095637273364,3.645242e-15
8217.353188649788,3.5457712e-15
8218.610740026212,3.5154182e-15
8219.868291402636,3.691394e-15
8221.12584277906,3.7525707e-15
8222.383394155484,3.588028e-15
8223.640945531908,3.4697718e-15
8224.898496908332,3.54974e-15
8226.156048284756,3.5861723e-15
8227.413599661182,3.4287928e-15
8228.671151037606,3.4509312e-15
8229.92870241403,3.4695814e-15
8231.186253790454,3.4430619e-15
8232.443805166879,3.4807337e-15
8233.701356543303,3.5672547e-15
8234.958907919729,3.5702697e-15
8236.216459296153,3.513697e-15
8237.474010672577,3.502304e-15
8238.731562049,3.511965e-15
8239.989113425425,3.5358385e-15
8241.246664801849,3.602462e-15
8242.504216178273,3.5956845e-15
8243.761767554697,3.6007595e-15
8245.019318931121,3.5188103e-15
8246.276870307545,3.607897e-15
8247.53442168397,3.58263e-15
8248.791973060395,3.5548685e-15
8250.04952443682,3.7458956e-15
8251.307075813244,3.736729e-15
8252.564627189668,3.6548375e-15
8253.822178566092,3.7269183e-15
8255.079729942516,3.589439e-15
8256.33728131894,3.6295108e-15
8257.594832695366,3.7048416e-15
8258.85238407179,3.5901902e-15
8260.109935448214,3.579744e-15
8261.367486824638,3.6765258e-15
8262.625038201062,3.730367e-15
8263.882589577486,3.8092575e-15
8265.14014095391,3.7654244e-15
8266.397692330334,3.7476782e-15
8267.655243706758,3.7363098e-15
8268.912795083183,3.6640663e-15
8270.170346459608,3.6810125e-15
8271.427897836033,3.620089e-15
8272.685449212457,3.622595e-15
8273.94300058888,3.7467367e-15
8275.200551965305,3.6872386e-15
8276.458103341729,3.5097496e-15
8277.715654718153,3.535884e-15
8278.973206094579,3.6488405e-15
8280.230757471003,3.7815722e-15
8281.488308847427,3.6045542e-15
8282.745860223851,3.5908407e-15
8284.003411600275,3.537121e-15
8285.2609629767,3.5553276e-15
8286.518514353123,3.6044246e-15
8287.776065729548,3.469489e-15
8289.033617105972,3.546728e-15
8290.291168482396,3.6311697e-15
8291.54871985882,3.6633358e-15
8292.806271235246,3.8352818e-15
8294.06382261167,3.643157e-15
8295.321373988094,3.6545237e-15
8296.578925364518,3.779046e-15
8297.836476740942,3.8359636e-15
8299.094028117366,3.8854464e-15
8300.351579493792,3.786776e-15
8301.609130870216,3.726703e-15
8302.86668224664,3.763605e-15
8304.124233623064,3.6121004e-15
8305.381784999488,3.5943644e-15
8306.639336375913,3.6880543e-15
8307.896887752337,3.7058276e-15
8309.15443912876,3.542032e-15
8310.411990505185,3.4650602e-15
8311.669541881609,3.5996164e-15
8312.927093258033,3.5798124e-15
8314.184644634459,3.4275068e-15
8315.442196010883,3.4657467e-15
8316.699747387307,3.3896492e-15
8317.957298763731,3.5050492e-15
8319.214850140155,3.499063e-15
8320.47240151658,3.4535579e-15
8321.729952893005,3.5152426e-15
8322.98750426943,3.5505006e-15
8324.245055645853,3.5805705e-15
8325.502607022278,3.681438e-15
8326.760158398702,3.7332943e-15
8328.017709775126,3.6992512e-15
8329.27526115155,3.5711324e-15
8330.532812527974,3.3925836e-15
8331.790363904398,3.2941467e-15
8333.047915280822,3.3335642e-15
8334.305466657246,3.488053e-15
8335.563018033672,3.6589058e-15
8336.820569410096,3.7123044e-15
8338.07812078652,3.656269e-15
8339.335672162944,3.579429e-15
8340.593223539368,3.5016617e-15
8341.850774915792,3.723692e-15
8343.108326292217,3.7940164e-15
8344.365877668642,3.606837e-15
8345.623429045067,3.5787684e-15
8346.88098042149,3.7503947e-15
8348.138531797915,3.748486e-15
8349.396083174339,3.590034e-15
8350.653634550763,3.6640786e-15
8351.911185927187,3.7962975e-15
8353.168737303611,3.9424416e-15
8354.426288680035,3.9036873e-15
8355.68384005646,3.8597424e-15
8356.941391432883,3.80181e-15
8358.19894280931,3.8056364e-15
8359.456494185733,3.8530415e-15
8360.714045562157,3.6252565e-15
8361.971596938582,3.5900822e-15
8363.229148315006,3.784333e-15
8364.48669969143,3.7715904e-15
8365.744251067856,3.761427e-15
8367.00180244428,3.699342e-15
8368.259353820704,3.777776e-15
8369.516905197128,3.8327233e-15
8370.774456573552,3.7057577e-15
8372.032007949976,3.849611e-15
8373.2895593264,3.999371e-15
8374.547110702824,3.8338837e-15
8375.804662079248,3.6645424e-15
8377.062213455672,3.6961176e-15
8378.319764832097,3.6298644e-15
8379.577316208522,3.61007e-15
8380.834867584947,3.728308e-15
8382.09241896137,3.713549e-15
8383.349970337795,3.6315953e-15
8384.607521714219,3.7400236e-15
8385.865073090643,3.876512e-15
8387.122624467069,4.0124306e-15
8388.380175843493,3.8994284e-15
8389.637727219917,3.9372556e-15
8390.895278596341,4.037309e-15
8392.152829972765,3.9876986e-15
8393.41038134919,3.9174024e-15
8394.667932725613,3.87714e-15
8395.925484102037,3.8997664e-15
8397.183035478462,3.970345e-15
8398.440586854886,3.8615593e-15
8399.69813823131,3.852958e-15
8400.955689607736,3.7060766e-15
8402.21324098416,3.744712e-15
8403.470792360584,3.832661e-15
8404.728343737008,3.685451e-15
8405.985895113432,3.7639277e-15
8407.243446489856,3.978651e-15
8408.50099786628,4.009149e-15
8409.758549242706,4.0711834e-15
8411.01610061913,3.904619e-15
8412.273651995554,3.8638225e-15
8413.531203371978,3.940848e-15
8414.788754748402,3.8496343e-15
8416.046306124827,3.728672e-15
8417.30385750125,3.7907337e-15
8418.561408877675,3.900734e-15
8419.818960254099,3.9153607e-15
8421.076511630523,3.811046e-15
8422.334063006949,3.6684654e-15
8423.591614383373,3.5708436e-15
8424.849165759797,3.4008612e-15
8426.106717136221,3.3217386e-15
8427.364268512645,3.4716795e-15
8428.62181988907,3.589597e-15
8429.879371265493,3.648528e-15
8431.13692264192,3.6440505e-15
8432.394474018343,3.636087e-15
8433.652025394767,3.761871e-15
8434.909576771191,3.572692e-15
8436.167128147616,3.4718047e-15
8437.42467952404,3.674052e-15
8438.682230900464,3.7673463e-15
8439.939782276888,3.8857518e-15
8441.197333653312,4.040893e-15
8442.454885029736,3.9696995e-15
8443.71243640616,3.9810294e-15
8444.969987782586,3.887295e-15
8446.22753915901,3.8396376e-15
8447.485090535434,3.7791345e-15
8448.742641911858,3.6572596e-15
8450.000193288282,3.7195152e-15
8451.257744664706,3.8549105e-15
8452.515296041132,3.856669e-15
8453.772847417556,3.7638163e-15
8455.03039879398,3.6882584e-15
8456.287950170405,3.707611e-15
8457.545501546829,3.6744653e-15
8458.803052923253,3.7724323e-15
8460.060604299677,3.933567e-15
8461.318155676101,3.9117735e-15
8462.575707052525,4.0539907e-15
8463.83325842895,4.091953e-15
8465.090809805373,3.9822225e-15
8466.3483611818,4.0510566e-15
8467.605912558223,4.0773252e-15
8468.863463934647,4.022333e-15
8470.121015311071,3.895865e-15
8471.378566687496,3.8342297e-15
8472.63611806392,3.9418648e-15
8473.893669440346,3.761962e-15
8475.15122081677,3.833515e-15
8476.408772193194,3.847072e-15
8477.666323569618,3.8172853e-15
8478.923874946042,3.753774e-15
8480.181426322466,3.717253e-15
8481.43897769889,3.7036867e-15
8482.696529075314,3.5177803e-15
8483.954080451738,3.2432464e-15
8485.211631828162,3.2363287e-15
8486.469183204586,3.2483015e-15
8487.726734581012,3.23351e-15
8488.984285957436,3.32147e-15
8490.24183733386,3.5009153e-15
8491.499388710285,3.6228345e-15
8492.756940086709,3.6491382e-15
8494.014491463133,3.661445e-15
8495.272042839557,3.730518e-15
8496.529594215983,3.9273924e-15
8497.787145592407,3.764416e-15
8499.044696968831,3.81796e-15
8500.302248345255,3.8301636e-15
8501.55979972168,3.9040265e-15
8502.817351098103,3.979951e-15
8504.074902474527,3.7726127e-15
8505.332453850951,3.920118e-15
8506.590005227376,4.197661e-15
8507.8475566038,4.0742755e-15
8509.105107980224,3.9756614e-15
8510.36265935665,3.8971774e-15
8511.620210733074,3.79084e-15
8512.877762109498,3.8095574e-15
8514.135313485922,3.8655128e-15
8515.392864862346,3.7799396e-15
8516.65041623877,3.729542e-15
8517.907967615196,3.730255e-15
8519.16551899162,3.68514e-15
8520.423070368044,3.710046e-15
8521.680621744468,3.618082e-15
8522.938173120892,3.4727864e-15
8524.195724497316,3.360654e-15
8525.45327587374,3.0822076e-15
8526.710827250165,2.7381109e-15
8527.968378626589,2.504726e-15
8529.225930003013,2.320994e-15
8530.483481379437,2.4896905e-15
8531.741032755863,2.7178096e-15
8532.998584132287,2.8347783e-15
8534.256135508711,3.0142184e-15
8535.513686885135,3.2109795e-15
8536.77123826156,3.3278296e-15
8538.028789637983,3.5274748e-15
8539.28634101441,3.5502569e-15
8540.543892390833,3.7089235e-15
8541.801443767257,3.7891837e-15
8543.058995143681,3.6898885e-15
8544.316546520105,3.586885e-15
8545.57409789653,3.634983e-15
8546.831649272954,3.8217097e-15
8548.089200649378,3.8566973e-15
8549.346752025802,3.674515e-15
8550.604303402226,3.8268254e-15
8551.86185477865,3.9291626e-15
8553.119406155076,3.9168726e-15
8554.3769575315,3.7804546e-15
8555.634508907924,3.7059394e-15
8556.892060284348,4.012689e-15
8558.149611660772,4.1407252e-15
8559.407163037196,3.9246505e-15
8560.66471441362,3.9777552e-15
8561.922265790046,3.924249e-15
8563.17981716647,3.835326e-15
8564.437368542895,3.9758863e-15
8565.694919919319,4.0331944e-15
8566.952471295743,3.8586213e-15
8568.210022672167,3.8753176e-15
8569.46757404859,3.9306323e-15
8570.725125425015,3.9563016e-15
8571.982676801439,3.9432094e-15
8573.240228177863,3.9071665e-15
8574.497779554289,3.9196263e-15
8575.755330930713,3.9233037e-15
8577.012882307137,3.819098e-15
8578.270433683561,3.7352522e-15
8579.527985059985,3.75662e-15
8580.78553643641,3.694421e-15
8582.043087812834,3.7435095e-15
8583.30063918926,3.713441e-15
8584.558190565684,3.3954353e-15
8585.815741942108,3.3703106e-15
8587.073293318532,3.781875e-15
8588.330844694956,3.8217216e-15
8589.58839607138,3.8669167e-15
8590.845947447804,3.7539513e-15
8592.103498824228,3.7226632e-15
8593.361050200652,3.71717e-15
8594.618601577076,3.733704e-15
8595.8761529535,3.805749e-15
8597.133704329926,3.816926e-15
8598.39125570635,3.7976815e-15
8599.648807082775,3.8559777e-15
8600.906358459199,3.876298e-15
8602.163909835623,3.847681e-15
8603.421461212047,3.7759645e-15
8604.679012588473,3.8615876e-15
8605.936563964897,3.9928345e-15
8607.19411534132,3.946879e-15
8608.451666717745,3.93949e-15
8609.709218094169,3.9473417e-15
8610.966769470593,3.8837502e-15
8612.224320847017,3.8472804e-15
8613.481872223441,3.7939203e-15
8614.739423599865,3.8467684e-15
8615.99697497629,3.8728252e-15
8617.254526352714,3.834041e-15
8618.51207772914,4.0224582e-15
8619.769629105564,3.8957802e-15
8621.027180481988,3.85258e-15
8622.284731858412,3.5903207e-15
8623.542283234836,3.6412964e-15
8624.79983461126,3.7688845e-15
8626.057385987686,3.710316e-15
8627.31493736411,3.818831e-15
8628.572488740534,3.823192e-15
8629.830040116958,3.815991e-15
8631.087591493382,3.8376124e-15
8632.345142869806,3.874609e-15
8633.60269424623,3.8042994e-15
8634.860245622654,3.7046794e-15
8636.117796999079,3.7383113e-15
8637.375348375503,3.7871034e-15
8638.632899751927,3.6669848e-15
8639.890451128353,3.5643155e-15
8641.148002504777,3.6001602e-15
8642.4055538812,3.6217613e-15
8643.663105257625,3.4868742e-15
8644.920656634049,3.2834883e-15
8646.178208010473,3.0890366e-15
8647.435759386897,2.924363e-15
8648.693310763323,2.8966176e-15
8649.950862139747,2.824189e-15
8651.208413516171,2.7066154e-15
8652.465964892595,3.0689586e-15
8653.72351626902,3.3093565e-15
8654.981067645444,3.3580579e-15
8656.238619021868,3.6537545e-15
8657.496170398292,3.729697e-15
8658.753721774716,3.6062203e-15
8660.01127315114,3.8061705e-15
8661.268824527564,3.5353235e-15
8662.52637590399,3.489767e-15
8663.783927280414,3.5871163e-15
8665.041478656838,3.4667983e-15
8666.299030033262,3.4813166e-15
8667.556581409686,3.581338e-15
8668.81413278611,3.6015845e-15
8670.071684162536,3.5320452e-15
8671.32923553896,2.8328144e-15
8672.586786915384,3.1216861e-15
8673.844338291809,3.83155e-15
8675.101889668233,3.7964686e-15
8676.359441044657,3.74905e-15
8677.61699242108,3.8060773e-15
8678.874543797505,3.936973e-15
8680.132095173929,2.9180865e-15
8681.389646550353,3.133556e-15
8682.647197926777,4.0003947e-15
8683.904749303203,3.455618e-15
8685.162300679627,2.9543253e-15
8686.419852056051,3.5938918e-15
8687.677403432475,2.6358691e-15
8688.9349548089,3.227618e-15
8690.192506185324,3.6718023e-15
8691.45005756175,3.6610174e-15
8692.707608938174,3.681669e-15
8693.965160314598,3.2527471e-15
8695.222711691022,2.4774208e-15
8696.480263067446,2.3282223e-15
8697.73781444387,2.4145024e-15
8698.995365820294,2.5013757e-15
8700.252917196718,2.3957313e-15
8701.510468573142,3.160032e-15
8702.768019949566,3.9477135e-15
8704.02557132599,3.3723505e-15
8705.283122702416,2.8607127e-15
8706.54067407884,3.828094e-15
8707.798225455264,3.870619e-15
8709.055776831688,2.7791005e-15
8710.313328208113,2.1636607e-15
8711.570879584537,3.1219873e-15
8712.82843096096,3.5003569e-15
8714.085982337387,2.4010794e-15
8715.34353371381,2.3045662e-15
8716.601085090235,2.4691493e-15
8717.858636466659,3.621394e-15
8719.116187843083,2.9402432e-15
8720.373739219507,2.9380162e-15
8721.631290595931,3.1846819e-15
8722.888841972355,2.4652398e-15
8724.14639334878,2.6223424e-15
8725.403944725203,2.7690267e-15
8726.66149610163,3.3425377e-15
8727.919047478053,3.7617195e-15
8729.176598854478,3.1853466e-15
8730.434150230902,3.1489434e-15
8731.691701607326,3.3529933e-15
8732.94925298375,3.0325639e-15
8734.206804360174,3.576451e-15
8735.4643557366,3.4529762e-15
8736.721907113024,3.362903e-15
8737.979458489448,3.542042e-15
8739.237009865872,3.559221e-15
8740.494561242296,3.438434e-15
8741.75211261872,3.458115e-15
8743.009663995144,3.560763e-15
8744.267215371568,3.6774854e-15
8745.524766747993,3.84412e-15
8746.782318124417,3.711429e-15
8748.03986950084,3.6686716e-15
8749.297420877267,3.7385544e-15
8750.55497225369,3.686834e-15
8751.812523630115,3.627129e-15
8753.070075006539,3.7435942e-15
8754.327626382963,3.9455405e-15
8755.585177759387,3.7376036e-15
8756.842729135813,3.7091844e-15
8758.100280512237,3.7694398e-15
8759.357831888661,3.689581e-15
8760.615383265085,3.669367e-15
8761.87293464151,3.7484575e-15
8763.130486017933,3.816228e-15
8764.388037394358,3.8751376e-15
8765.645588770782,3.9719124e-15
8766.903140147206,3.7085436e-15
8768.16069152363,3.6842312e-15
8769.418242900054,3.9745014e-15
8770.67579427648,3.8025172e-15
8771.933345652904,3.660928e-15
8773.190897029328,3.6875283e-15
8774.448448405752,3.8240044e-15
8775.705999782176,3.885985e-15
8776.9635511586,3.956962e-15
8778.221102535026,3.931162e-15
8779.47865391145,3.7921326e-15
8780.736205287874,3.8777973e-15
8781.993756664298,3.82319e-15
8783.251308040723,3.7625547e-15
8784.508859417147,3.621598e-15
8785.76641079357,3.6763737e-15
8787.023962169995,3.7745482e-15
8788.281513546419,3.6673172e-15
8789.539064922843,3.744495e-15
8790.796616299267,3.996492e-15
8792.054167675693,3.9655825e-15
8793.311719052117,3.7807667e-15
8794.569270428541,3.749242e-15
8795.826821804965,3.8767262e-15
8797.08437318139,3.8615148e-15
8798.341924557813,3.7369277e-15
8799.599475934237,3.9324457e-15
8800.857027310663,3.872765e-15
8802.114578687087,3.8537594e-15
8803.372130063512,3.8371575e-15
8804.629681439936,3.7986264e-15
8805.88723281636,3.780396e-15
8807.144784192784,3.745294e-15
8808.402335569208,3.729615e-15
8809.659886945632,3.5635777e-15
8810.917438322056,3.757248e-15
8812.17498969848,3.767303e-15
8813.432541074904,3.6540303e-15
8814.69009245133,3.7150234e-15
8815.947643827754,3.728787e-15
8817.205195204178,3.7072366e-15
8818.462746580602,3.724067e-15
8819.720297957027,3.5432557e-15
8820.97784933345,3.6661246e-15
8822.235400709877,3.9007083e-15
8823.4929520863,3.9063487e-15
8824.750503462725,3.742749e-15
8826.008054839149,3.5369925e-15
8827.265606215573,3.709469e-15
8828.523157591997,3.7486358e-15
8829.780708968421,3.706904e-15
8831.038260344845,3.79056e-15
8832.29581172127,4.0182324e-15
8833.553363097693,3.8508142e-15
8834.810914474117,3.269515e-15
8836.068465850543,3.6749414e-15
8837.326017226967,3.1674022e-15
8838.583568603392,3.2414022e-15
8839.841119979816,3.1282991e-15
8841.09867135624,3.0085463e-15
8842.356222732664,3.571735e-15
8843.61377410909,3.4182794e-15
8844.871325485514,3.276505e-15
8846.128876861938,2.749239e-15
8847.386428238362,2.5410518e-15
8848.643979614786,2.6194485e-15
8849.90153099121,2.685844e-15
8851.159082367634,3.0962608e-15
8852.416633744058,3.8320054e-15
8853.674185120482,3.7772816e-15
8854.931736496907,3.0457863e-15
8856.18928787333,3.1704992e-15
8857.446839249757,3.7103317e-15
8858.70439062618,3.84045e-15
8859.961942002605,3.3834886e-15
8861.219493379029,2.8595451e-15
8862.477044755453,3.631449e-15
8863.734596131877,3.7304373e-15
8864.992147508301,2.8203622e-15
8866.249698884727,3.098828e-15
8867.507250261151,3.2780908e-15
8868.764801637575,2.6460786e-15
8870.022353014,3.4865407e-15
8871.279904390423,3.5048896e-15
8872.537455766847,3.6140812e-15
8873.795007143272,3.6159726e-15
8875.052558519696,3.5147994e-15
8876.31010989612,3.5660197e-15
8877.567661272544,3.5144248e-15
8878.82521264897,3.2563197e-15
8880.082764025394,3.357122e-15
8881.340315401818,3.234997e-15
8882.597866778242,3.5018324e-15
8883.855418154666,3.6883957e-15
8885.11296953109,3.679433e-15
8886.370520907514,3.7474343e-15
8887.62807228394,3.63212e-15
8888.885623660364,3.776725e-15
8890.143175036788,3.3489576e-15
8891.400726413212,3.1680224e-15
8892.658277789636,3.4387185e-15
8893.91582916606,3.4781329e-15
8895.173380542485,3.3412373e-15
8896.430931918909,3.547265e-15
8897.688483295333,3.4612724e-15
8898.946034671757,3.3122552e-15
8900.203586048181,3.4865676e-15
8901.461137424607,3.5440568e-15
8902.718688801031,3.4384707e-15
8903.976240177455,3.4860992e-15
8905.23379155388,3.4445027e-15
8906.491342930303,3.4955e-15
8907.748894306727,3.5289605e-15
8909.006445683153,3.48783e-15
8910.263997059577,3.3860297e-15
8911.521548436001,3.480127e-15
8912.779099812426,3.776562e-15
8914.03665118885,3.7615014e-15
8915.294202565274,3.613798e-15
8916.551753941698,3.5758377e-15
8917.809305318122,3.3712138e-15
8919.066856694546,3.3902653e-15
8920.32440807097,3.6169908e-15
8921.581959447394,3.540112e-15
8922.83951082382,3.5275058e-15
8924.097062200244,3.3123823e-15
8925.354613576668,3.3316103e-15
8926.612164953092,3.2497622e-15
8927.869716329516,3.2129463e-15
8929.12726770594,3.4154137e-15
8930.384819082366,3.4190589e-15
8931.64237045879,3.412617e-15
8932.899921835215,3.8388317e-15
8934.157473211639,3.783675e-15
8935.415024588063,3.6521253e-15
8936.672575964487,3.7637697e-15
8937.930127340911,3.730011e-15
8939.187678717335,3.639828e-15
8940.44523009376,3.729753e-15
8941.702781470183,3.6329637e-15
8942.960332846607,3.734786e-15
8944.217884223033,3.718351e-15
8945.475435599457,3.5348294e-15
8946.732986975881,3.520058e-15
8947.990538352306,3.3304959e-15
8949.24808972873,2.9678963e-15
8950.505641105154,3.2833868e-15
8951.763192481578,3.5164389e-15
8953.020743858004,3.5911423e-15
8954.278295234428,3.782538e-15
8955.535846610852,3.839682e-15
8956.793397987276,3.831507e-15
8958.0509493637,3.758299e-15
8959.308500740124,3.6064664e-15
8960.566052116548,3.2047322e-15
8961.823603492972,3.1806689e-15
8963.081154869396,3.637196e-15
8964.33870624582,3.663334e-15
8965.596257622246,3.428609e-15
8966.85380899867,3.5687514e-15
8968.111360375095,3.7617966e-15
8969.368911751519,3.711719e-15
8970.626463127943,3.617184e-15
8971.884014504367,3.4588476e-15
8973.141565880791,3.1724622e-15
8974.399117257217,3.4648637e-15
8975.656668633641,3.3629245e-15
8976.914220010065,3.194606e-15
8978.17177138649,3.5020912e-15
8979.429322762913,3.6069556e-15
8980.686874139337,3.1276795e-15
8981.944425515761,3.1682422e-15
8983.201976892185,3.415306e-15
8984.45952826861,3.013842e-15
8985.717079645034,2.6563015e-15
8986.974631021458,2.9120802e-15
8988.232182397884,3.0758144e-15
8989.489733774308,2.7850179e-15
8990.747285150732,2.9930373e-15
8992.004836527156,2.921814e-15
8993.26238790358,2.7537511e-15
8994.519939280004,2.788503e-15
8995.77749065643,3.042229e-15
8997.035042032854,3.2956106e-15
8998.292593409278,3.2437351e-15
8999.550144785702,3.065071e-15
9000.807696162126,3.0259445e-15
9002.06524753855,2.82579e-15
9003.322798914975,2.6920352e-15
9004.580350291399,2.9697759e-15
9005.837901667823,3.208253e-15
9007.095453044247,2.986969e-15
9008.353004420671,3.13296e-15
9009.610555797097,3.2115394e-15
9010.868107173521,3.2087635e-15
9012.125658549945,3.0443618e-15
9013.38320992637,2.6878085e-15
9014.640761302793,2.5775789e-15
9015.898312679219,2.5827932e-15
9017.155864055643,2.8635033e-15
9018.413415432067,2.8491133e-15
9019.670966808491,3.0107983e-15
9020.928518184915,3.0164527e-15
9022.18606956134,2.4907163e-15
9023.443620937764,3.0644085e-15
9024.701172314188,3.3351315e-15
9025.958723690612,2.976973e-15
9027.216275067036,2.7296168e-15
9028.47382644346,2.5900531e-15
9029.731377819884,2.2942309e-15
9030.988929196308,2.370797e-15
9032.246480572734,2.877327e-15
9033.504031949158,2.7429538e-15
9034.761583325582,2.2198004e-15
9036.019134702006,2.468872e-15
9037.27668607843,2.744679e-15
9038.534237454856,2.349119e-15
9039.79178883128,2.9264827e-15
9041.049340207705,2.5262745e-15
9042.306891584129,2.1244887e-15
9043.564442960553,2.1930577e-15
9044.821994336977,2.3270013e-15
9046.0795457134,2.3053893e-15
9047.337097089825,2.1595529e-15
9048.594648466249,2.2125117e-15
9049.852199842673,3.2094631e-15
9051.109751219097,3.0463565e-15
9052.367302595521,2.8268384e-15
9053.624853971945,3.1263975e-15
9054.882405348371,2.4463478e-15
9056.139956724795,2.2766179e-15
9057.39750810122,2.2687765e-15
9058.655059477644,2.2301427e-15
9059.91261085407,2.255233e-15
9061.170162230494,2.1992954e-15
9062.427713606918,1.9691458e-15
9063.685264983342,2.0707677e-15
9064.942816359766,2.899798e-15
9066.20036773619,3.2364663e-15
9067.457919112614,2.648703e-15
9068.715470489038,2.50879e-15
9069.973021865462,3.1077696e-15
9071.230573241886,2.9952233e-15
9072.48812461831,2.354716e-15
9073.745675994734,2.3031038e-15
9075.003227371159,2.7795579e-15
9076.260778747584,3.2360659e-15
9077.518330124009,3.069173e-15
9078.775881500433,2.471621e-15
9080.033432876857,2.347144e-15
9081.290984253283,2.135124e-15
9082.548535629707,2.8537518e-15
9083.80608700613,2.9124688e-15
9085.063638382555,2.586765e-15
9086.321189758979,2.9947995e-15
9087.578741135403,3.0367594e-15
9088.836292511827,2.9352652e-15
9090.093843888251,2.3842334e-15
9091.351395264675,2.5695776e-15
9092.6089466411,2.9893036e-15
9093.866498017524,2.9788198e-15
9095.124049393948,3.12843e-15
9096.381600770372,3.0777501e-15
9097.639152146798,2.8713532e-15
9098.896703523222,3.0685414e-15
9100.154254899646,3.248892e-15
9101.41180627607,2.9889694e-15
9102.669357652494,2.6265183e-15
9103.92690902892,2.5439377e-15
9105.184460405344,2.8836364e-15
9106.442011781768,3.3122196e-15
9107.699563158192,2.9999804e-15
9108.957114534616,2.7371842e-15
9110.21466591104,3.1587813e-15
9111.472217287464,3.1468352e-15
9112.729768663889,2.8801382e-15
9113.987320040313,2.6212828e-15
9115.244871416737,2.8799118e-15
9116.50242279316,3.4068205e-15
9117.759974169585,3.4156663e-15
9119.017525546009,2.9784976e-15
9120.275076922435,3.113088e-15
9121.532628298859,3.4139515e-15
9122.790179675283,3.3316402e-15
9124.047731051707,3.2752975e-15
9125.305282428133,3.2741392e-15
9126.562833804557,2.9991156e-15
9127.820385180981,2.9861355e-15
9129.077936557405,3.0474138e-15
9130.33548793383,3.0815084e-15
9131.593039310254,2.8857568e-15
9132.850590686678,2.8326645e-15
9134.108142063102,3.0651177e-15
9135.365693439526,2.9494975e-15
9136.62324481595,3.043406e-15
9137.880796192374,3.1876685e-15
9139.138347568798,2.9009917e-15
9140.395898945222,2.895592e-15
9141.653450321648,3.2336417e-15
9142.911001698072,2.901582e-15
9144.168553074496,3.1638512e-15
9145.42610445092,3.512742e-15
9146.683655827346,3.4234698e-15
9147.94120720377,3.3422478e-15
9149.198758580194,3.4527322e-15
9150.456309956618,3.3432706e-15
9151.713861333043,3.3562325e-15
9152.971412709467,3.4353437e-15
9154.22896408589,3.3871797e-15
9155.486515462315,3.563667e-15
9156.744066838739,3.9230793e-15
9158.001618215163,3.90094e-15
9159.259169591587,3.6620546e-15
9160.516720968011,3.5179089e-15
9161.774272344435,3.4552678e-15
9163.031823720861,3.582879e-15
9164.289375097285,3.5934674e-15
9165.54692647371,3.3301217e-15
9166.804477850133,3.493489e-15
9168.06202922656,3.6492615e-15
9169.319580602983,3.6786323e-15
9170.577131979408,3.662487e-15
9171.834683355832,3.652315e-15
9173.092234732256,3.664134e-15
9174.34978610868,3.7310446e-15
9175.607337485104,3.896166e-15
9176.864888861528,3.8634253e-15
9178.122440237952,3.9241266e-15
9179.379991614376,3.865288e-15
9180.6375429908,3.6609484e-15
9181.895094367224,3.967948e-15
9183.152645743648,3.7685495e-15
9184.410197120074,3.527176e-15
9185.667748496498,3.7045147e-15
9186.925299872923,3.831506e-15
9188.182851249347,3.642249e-15
9189.44040262577,3.667582e-15
9190.697954002197,3.767088e-15
9191.95550537862,3.837716e-15
9193.213056755045,3.698714e-15
9194.470608131469,3.5415733e-15
9195.728159507893,3.5078474e-15
9196.985710884317,3.5077962e-15
9198.243262260741,3.8326907e-15
9199.500813637165,3.6006075e-15
9200.75836501359,3.2917822e-15
9202.015916390013,3.234514e-15
9203.273467766438,3.1298632e-15
9204.531019142862,2.9406868e-15
9205.788570519286,2.8293018e-15
9207.046121895712,2.8715025e-15
9208.303673272136,2.963405e-15
9209.56122464856,2.9427424e-15
9210.818776024984,2.8490114e-15
9212.07632740141,2.78477e-15
9213.333878777834,2.579813e-15
9214.591430154258,2.4560108e-15
9215.848981530682,2.4770013e-15
9217.106532907106,2.4946819e-15
9218.36408428353,2.5354631e-15
9219.621635659954,2.6567184e-15
9220.879187036378,2.4511992e-15
9222.136738412803,1.9594396e-15
9223.394289789227,2.00086e-15
9224.65184116565,2.1981746e-15
9225.909392542075,2.0299812e-15
9227.166943918499,1.9602443e-15
9228.424495294925,1.9921882e-15
9229.682046671349,1.8896968e-15
9230.939598047773,1.8212509e-15
9232.197149424197,1.7108702e-15
9233.454700800623,1.7230176e-15
9234.712252177047,1.9645502e-15
9235.969803553471,1.5837608e-15
9237.227354929895,1.6148152e-15
9238.48490630632,1.6334347e-15
9239.742457682743,1.4183115e-15
9241.000009059167,1.2602224e-15
9242.257560435592,1.117365e-15
9243.515111812016,9.858783e-16
9244.77266318844,9.942178e-16
9246.030214564864,1.0731709e-15
9247.287765941288,9.920897e-16
9248.545317317712,8.330226e-16
9249.802868694138,8.565572e-16
9251.060420070562,8.3980527e-16
9252.317971446986,7.761829e-16
9253.57552282341,7.0037703e-16
9254.833074199834,5.540769e-16
9256.09062557626,4.6377944e-16
9257.348176952684,5.81541e-16
9258.605728329108,5.3738253e-16
9259.863279705532,3.4096004e-16
9261.120831081957,3.1576414e-16
9262.37838245838,3.9467235e-16
9263.635933834805,2.8483045e-16
9264.893485211229,1.337073e-16
9266.151036587653,3.3640795e-16
9267.408587964077,2.6799318e-16
9268.666139340501,1.04618694e-16
9269.923690716925,1.2962607e-16
9271.18124209335,2.357749e-16
9272.438793469775,2.6190852e-16
9273.6963448462,1.1817577e-16
9274.953896222623,-2.684623e-17
9276.211447599047,-1.9139436e-17
9277.468998975473,1.09625775e-17
9278.726550351897,2.2387885e-18
9279.984101728322,8.787061e-17
9281.241653104746,2.788257e-17
9282.49920448117,9.4381315e-17
9283.756755857594,1.4205825e-16
9285.014307234018,2.4051395e-17
9286.271858610442,-3.799707e-18
9287.529409986866,1.8313289e-16
9288.78696136329,7.916504e-17
9290.044512739714,2.290725e-17
9291.302064116138,4.562037e-17
9292.559615492562,1.672128e-17
9293.817166868988,-3.43375e-17
9295.074718245412,-7.3414556e-17
9296.332269621837,3.2973858e-17
9297.58982099826,1.5606747e-16
9298.847372374687,7.115386e-17
9300.10492375111,-1.0461447e-16
9301.362475127535,-6.833019e-17
9302.620026503959,8.208488e-17
9303.877577880383,-1.928748e-18
9305.135129256807,-6.0565536e-17
9306.392680633231,-2.145996e-17
9307.650232009655,4.1802667e-17
9308.90778338608,9.1206675e-17
9310.165334762503,-6.1917334e-17
9311.422886138927,-2.1513196e-16
9312.680437515352,-3.2669892e-17
9313.937988891776,1.3735337e-16
9315.195540268202,2.8778437e-17
9316.453091644626,-3.1345735e-17
