wav,flam
2733.1295547971,-2.01895e-40
2734.623807612235,4.27627e-40
2736.1180604273695,9.05003e-40
2737.6123132425046,1.4903e-41
2739.1065660576396,6.30943e-40
2740.600818872774,6.34287e-40
2742.0950716879092,2.0053e-41
2743.5893245030443,1.93872e-40
2745.0835773181793,8.59911e-40
2746.577830133314,-1.585e-42
2748.072082948449,-8.73316e-40
2749.566335763584,-5.6699e-40
2751.0605885787186,-2.43191e-40
2752.5548413938536,-6.77336e-40
2754.0490942089887,-6.41538e-40
2755.5433470241232,1.19339e-40
2757.0375998392583,-9.645e-41
2758.5318526543933,4.08303e-40
2760.026105469528,5.28444e-40
2761.520358284663,-2.31678e-40
2763.014611099798,-6.23488e-40
2764.5088639149326,8.44721e-40
2766.0031167300676,-3.12295e-40
2767.4973695452027,-8.198e-42
2768.9916223603377,-2.47572e-40
2770.4858751754723,-8.05448e-40
2771.9801279906073,8.1347e-40
2773.4743808057424,-6.25844e-40
2774.968633620877,-1.10508e-40
2776.462886436012,1.40713e-40
2777.957139251147,-1.31822e-40
2779.4513920662816,-2.32384e-40
2780.9456448814167,9.76928e-40
2782.4398976965517,-7.31066e-40
2783.9341505116863,4.65617e-39
2785.4284033268214,7.854134e-39
2786.9226561419564,4.582676e-39
2788.416908957091,3.989135e-39
2789.911161772226,-6.2927594e-38
2791.405414587361,-8.304523e-38
2792.899667402496,-1.8623351e-37
2794.3939202176307,2.3130023e-37
2795.8881730327657,9.540223e-38
2797.382425847901,6.373105e-38
2798.8766786630354,8.06061e-37
2800.3709314781704,1.7826498e-36
2801.8651842933054,-3.8019214e-36
2803.35943710844,-1.0931394e-36
2804.853689923575,1.02307476e-35
2806.34794273871,-1.9620937e-36
2807.8421955538447,1.3177467e-35
2809.3364483689797,6.186674e-35
2810.830701184115,7.260655e-35
2812.3249539992494,-8.554043e-35
2813.8192068143844,-1.539331e-34
2815.3134596295195,1.0631813e-34
2816.8077124446545,-5.7991476e-34
2818.301965259789,5.4159382e-34
2819.796218074924,3.957349e-34
2821.290470890059,-2.1994827e-33
2822.7847237051938,-4.7120462e-33
2824.278976520329,-6.979257e-33
2825.773229335464,-2.6777423e-32
2827.2674821505984,-2.687159e-32
2828.7617349657335,-3.1910037e-32
2830.2559877808685,3.9275118e-32
2831.750240596003,-3.9519668e-32
2833.244493411138,1.5091201e-33
2834.738746226273,-1.6928403e-32
2836.232999041408,4.7741946e-31
2837.727251856543,2.4027436e-31
2839.221504671678,-1.9896526e-31
2840.715757486813,9.844129e-31
2842.2100103019475,-5.4685525e-31
2843.7042631170825,-3.7205619e-31
2845.1985159322176,1.2079007e-30
2846.692768747352,4.229951e-30
2848.187021562487,6.1096633e-30
2849.6812743776222,-1.2471439e-29
2851.175527192757,-1.6994242e-29
2852.669780007892,-1.4577898e-29
2854.164032823027,3.4703076e-29
2855.6582856381615,-1.121901e-28
2857.1525384532965,-1.4283349e-28
2858.6467912684316,-1.5740517e-29
2860.1410440835666,3.8435964e-28
2861.635296898701,-1.0549717e-28
2863.1295497138362,1.0944473e-27
2864.6238025289713,1.8573753e-27
2866.118055344106,7.642048e-28
2867.612308159241,-1.6856099e-28
2869.106560974376,-3.534284e-27
2870.6008137895105,-6.6101363e-28
2872.0950666046456,1.0605429e-26
2873.5893194197806,1.0607219e-26
2875.083572234915,2.8019412e-26
2876.5778250500503,4.842879e-26
2878.0720778651853,-5.941282e-27
2879.56633068032,-1.9519563e-26
2881.060583495455,6.469332e-26
2882.55483631059,6.315869e-26
2884.049089125725,1.7657956e-25
2885.5433419408596,1.1691537e-25
2887.0375947559946,-1.4118822e-25
2888.5318475711297,-2.641057e-25
2890.0261003862643,3.7746358e-25
2891.5203532013993,8.833396e-25
2893.0146060165343,2.3952984e-24
2894.508858831669,7.733316e-25
2896.003111646804,9.087528e-25
2897.497364461939,1.0669222e-24
2898.9916172770736,-5.6538734e-24
2900.4858700922086,3.6542175e-24
2901.9801229073437,7.336309e-24
2903.4743757224787,-1.511762e-23
2904.9686285376133,-1.2104013e-23
2906.4628813527484,4.1807444e-23
2907.9571341678834,6.86519e-23
2909.451386983018,-2.0751993e-23
2910.945639798153,-3.972626e-24
2912.439892613288,-2.8006118e-23
2913.9341454284227,-4.6857735e-23
2915.4283982435577,-2.5540322e-22
2916.9226510586927,-3.4844486e-22
2918.4169038738273,6.933249e-23
2919.9111566889624,-3.4239835e-22
2921.4054095040974,-7.612468e-22
2922.899662319232,3.5007948e-22
2924.393915134367,1.2020129e-21
2925.888167949502,-5.9850647e-22
2927.3824207646367,2.135123e-21
2928.8766735797717,-2.3190568e-21
2930.3709263949067,1.5048146e-21
2931.865179210042,1.0821803e-21
2933.3594320251764,-2.0878821e-22
2934.8536848403114,5.9957473e-22
2936.3479376554465,5.1771017e-21
2937.842190470581,-2.073494e-21
2939.336443285716,-1.7561584e-20
2940.830696100851,-1.2098584e-21
2942.3249489159857,1.4797386e-20
2943.8192017311208,9.890178e-21
2945.313454546256,-1.8895482e-20
2946.8077073613904,2.4274124e-20
2948.3019601765254,-2.0787619e-19
2949.7962129916605,-1.41701e-19
2951.2904658067955,1.1528739e-19
2952.78471862193,-4.1752474e-19
2954.278971437065,-1.1763653e-19
2955.7732242522,-4.175522e-19
2957.2674770673348,-6.621207e-19
2958.76172988247,4.4589404e-19
2960.255982697605,3.3640668e-19
2961.7502355127394,-1.2803699e-19
2963.2444883278745,-9.925769e-19
2964.7387411430095,1.3488625e-20
2966.232993958144,3.4707007e-19
2967.727246773279,-4.5868757e-18
2969.221499588414,1.780109e-18
2970.715752403549,6.592794e-18
2972.210005218684,4.1170272e-18
2973.704258033819,3.716184e-18
2975.198510848954,-1.9750602e-18
2976.6927636640885,-1.0554891e-17
2978.1870164792235,-4.994595e-18
2979.6812692943586,3.2272021e-18
2981.175522109493,-1.4028884e-17
2982.669774924628,-1.6268872e-17
2984.1640277397632,-6.117976e-17
2985.658280554898,-7.9206895e-18
2987.152533370033,2.4655518e-17
2988.646786185168,8.198463e-17
2990.1410390003025,-1.4101797e-17
2991.6352918154375,-3.8670466e-18
2993.1295446305726,-3.3250986e-17
2994.623797445707,-1.8646616e-16
2996.118050260842,-5.110362e-17
2997.6123030759773,1.8099028e-17
2999.1065558911123,1.0293364e-16
3000.600808706247,9.704833e-17
3002.095061521382,-9.368967e-17
3003.589314336517,-1.6512308e-18
3005.0835671516516,6.4773375e-18
3006.5778199667866,2.4359617e-16
3008.0720727819216,-6.482105e-16
3009.566325597056,-3.76828e-16
3011.0605784121913,4.0794438e-16
3012.5548312273263,-1.6240376e-16
3014.049084042461,1.6386706e-15
3015.543336857596,6.8620463e-16
3017.037589672731,2.538264e-15
3018.531842487866,6.6431836e-16
3020.0260953030006,-1.3430962e-15
3021.5203481181356,-3.820711e-16
3023.0146009332707,-1.1183677e-15
3024.5088537484053,3.5564372e-15
3026.0031065635403,-4.1007006e-16
3027.4973593786754,1.1798358e-15
3028.99161219381,2.3827695e-15
3030.485865008945,5.756983e-15
3031.98011782408,4.0267125e-15
3033.4743706392146,2.8051273e-15
3034.9686234543497,-5.095612e-16
3036.4628762694847,6.7051217e-15
3037.9571290846197,-5.1512813e-15
3039.4513818997543,2.133804e-16
3040.9456347148894,6.074585e-16
3042.439887530024,-1.4434659e-15
3043.934140345159,-2.596142e-14
3045.428393160294,-1.2669008e-14
3046.922645975429,1.1343e-14
3048.4168987905637,-2.645173e-15
3049.9111516056987,1.9133183e-14
3051.4054044208337,3.4722628e-14
3052.8996572359683,2.994536e-14
3054.3939100511034,3.3405746e-14
3055.8881628662384,-4.5194265e-15
3057.382415681373,-2.7823914e-14
3058.876668496508,-4.2970025e-14
3060.370921311643,6.6167707e-15
3061.8651741267777,-3.1300493e-14
3063.3594269419127,2.3263003e-14
3064.8536797570478,9.1225286e-14
3066.347932572183,6.389768e-14
3067.8421853873174,-7.373508e-14
3069.3364382024524,-2.004907e-13
3070.8306910175875,1.3223408e-13
3072.324943832722,1.2988878e-13
3073.819196647857,-2.3846632e-14
3075.313449462992,-1.5124841e-13
3076.8077022781267,1.2089478e-13
3078.3019550932618,2.9230592e-13
3079.796207908397,4.1045167e-13
3081.2904607235314,1.342745e-13
3082.7847135386664,4.4693955e-13
3084.2789663538015,9.642881e-14
3085.7732191689365,1.4599631e-14
3087.267471984071,1.593022e-13
3088.761724799206,3.0886296e-13
3090.2559776143407,1.3868805e-13
3091.750230429476,1.4051995e-13
3093.244483244611,4.45699e-14
3094.738736059746,-3.321736e-13
3096.2329888748804,6.15626e-14
3097.7272416900155,5.8341835e-13
3099.2214945051505,-3.537299e-13
3100.715747320285,5.822316e-13
3102.21000013542,1.1427574e-13
3103.704252950555,-6.6849927e-13
3105.19850576569,-1.07599485e-14
3106.692758580825,5.504726e-13
3108.18701139596,9.176903e-14
3109.6812642110945,6.640155e-13
3111.1755170262295,-4.5413326e-14
3112.6697698413645,-1.5464558e-12
3114.1640226564996,1.522141e-13
3115.658275471634,-1.121263e-13
3117.152528286769,-9.317706e-14
3118.6467811019043,1.813187e-12
3120.141033917039,-1.4685348e-12
3121.635286732174,-1.6823603e-12
3123.129539547309,7.331036e-14
3124.6237923624435,-1.1424302e-12
3126.1180451775786,1.4054657e-12
3127.6122979927136,2.4534003e-12
3129.106550807848,-3.6938844e-13
3130.600803622983,7.2182733e-13
3132.0950564381183,-5.877536e-13
3133.5893092532533,4.612616e-13
3135.083562068388,-3.6518287e-13
3136.577814883523,-1.071094e-12
3138.072067698658,1.6283142e-12
3139.5663205137926,-8.891557e-13
3141.0605733289276,1.7856915e-12
3142.5548261440626,2.3725937e-12
3144.0490789591972,1.5235762e-12
3145.5433317743323,-2.836138e-12
3147.0375845894673,-2.6608364e-12
3148.531837404602,4.4332016e-13
3150.026090219737,-1.1887727e-12
3151.520343034872,2.614099e-12
3153.014595850007,1.0737383e-12
3154.5088486651416,-1.5779815e-12
3156.0031014802767,1.263118e-12
3157.4973542954112,2.1972016e-12
3158.9916071105463,-7.0549995e-13
3160.4858599256813,4.314977e-12
3161.9801127408164,4.7556663e-12
3163.474365555951,-1.3261921e-12
3164.968618371086,7.3634436e-13
3166.462871186221,4.099299e-12
3167.9571240013556,-8.8829335e-13
3169.4513768164907,-5.286956e-13
3170.9456296316257,-4.5847336e-12
3172.4398824467603,4.0880344e-13
3173.9341352618953,-2.4159437e-12
3175.4283880770304,1.2262826e-12
3176.922640892165,-2.9078307e-12
3178.4168937073,-4.695352e-12
3179.911146522435,4.675409e-13
3181.40539933757,-3.936755e-14
3182.8996521527047,-7.476605e-12
3184.3939049678397,-1.1137636e-11
3185.8881577829748,-4.521148e-12
3187.3824105981093,-2.2603273e-12
3188.8766634132444,3.0787545e-12
3190.3709162283794,6.2602056e-13
3191.865169043514,5.4724988e-12
3193.359421858649,5.148398e-13
3194.853674673784,2.8566047e-12
3196.3479274889187,-1.0733243e-12
3197.8421803040537,4.050242e-12
3199.3364331191888,1.7216784e-12
3200.830685934324,7.71745e-14
3202.3249387494584,-1.0405766e-12
3203.8191915645934,-2.858555e-13
3205.313444379728,-4.119963e-12
3206.807697194863,-5.218493e-13
3208.301950009998,-2.0158647e-12
3209.796202825133,-1.4390044e-12
3211.2904556402677,2.6461975e-12
3212.784708455403,4.6367024e-14
3214.278961270538,-1.9404586e-12
3215.7732140856724,-4.9689463e-12
3217.2674669008074,-1.7391177e-12
3218.7617197159425,2.4143467e-12
3220.2559725310775,-6.9427716e-13
3221.750225346212,-3.8085706e-12
3223.244478161347,1.2871494e-12
3224.7387309764817,2.4826972e-12
3226.232983791617,-4.1533487e-12
3227.727236606752,-3.9460713e-12
3229.221489421887,4.69719e-13
3230.7157422370215,-6.6751476e-13
3232.2099950521565,-3.073451e-13
3233.7042478672915,-5.664541e-13
3235.198500682426,-4.4263543e-13
3236.692753497561,8.548642e-13
3238.187006312696,7.899661e-13
3239.681259127831,5.4416134e-13
3241.175511942966,-1.9877541e-12
3242.669764758101,-1.8995715e-13
3244.1640175732355,6.392142e-13
3245.6582703883705,-6.894855e-13
3247.1525232035056,2.0547813e-13
3248.6467760186406,9.0044394e-13
3250.141028833775,3.0449973e-13
3251.63528164891,1.1374297e-12
3253.129534464045,-4.710103e-13
3254.62378727918,-1.7670755e-12
3256.118040094315,-1.285306e-12
3257.61229290945,5.6335795e-13
3259.1065457245845,1.6341838e-12
3260.6007985397196,7.54983e-13
3262.0950513548546,1.7602407e-12
3263.589304169989,9.761243e-14
3265.0835569851242,-1.1206571e-12
3266.5778098002593,2.6179728e-13
3268.0720626153943,2.2499949e-13
3269.566315430529,6.610275e-13
3271.060568245664,8.323156e-13
3272.5548210607985,7.182032e-13
3274.0490738759336,-7.990818e-13
3275.5433266910686,1.901631e-14
3277.0375795062037,4.6779144e-13
3278.5318323213382,-8.199377e-13
3280.0260851364733,-3.3865784e-13
3281.5203379516083,-2.4891073e-15
3283.014590766743,-1.2641503e-13
3284.508843581878,-1.8168789e-13
3286.003096397013,2.9856095e-13
3287.497349212148,1.3711872e-13
3288.9916020272826,1.7391472e-13
3290.4858548424177,9.800092e-13
3291.9801076575523,8.8778994e-14
3293.4743604726873,1.0628917e-13
3294.9686132878223,1.8655974e-13
3296.4628661029574,-1.2081378e-12
3297.957118918092,-2.0287556e-13
3299.451371733227,2.4786377e-13
3300.9456245483616,-2.6128137e-13
3302.4398773634966,1.0762765e-13
3303.9341301786317,2.6691572e-13
3305.4283829937667,8.1563555e-15
3306.9226358089018,5.224978e-13
3308.4168886240363,-2.1254138e-13
3309.9111414391714,-3.1212814e-13
3311.405394254306,7.791394e-13
3312.899647069441,-4.8291676e-14
3314.393899884576,1.5839031e-13
3315.888152699711,6.5102264e-13
3317.3824055148457,7.699106e-14
3318.8766583299807,2.3420006e-13
3320.3709111451153,1.2075632e-13
3321.8651639602504,-1.9116958e-13
3323.3594167753854,1.4663086e-14
3324.8536695905204,-1.4913036e-13
3326.347922405655,-3.8150776e-13
3327.84217522079,3.79002e-14
3329.336428035925,3.2709694e-13
3330.8306808510597,1.7375523e-13
3332.3249336661947,-1.0988115e-13
3333.81918648133,-1.8849535e-13
3335.313439296465,-1.2211621e-13
3336.8076921115994,-8.760263e-14
3338.3019449267344,-2.0682646e-13
3339.796197741869,-3.1467656e-13
3341.290450557004,2.5573508e-13
3342.784703372139,-3.458642e-14
3344.278956187274,-2.3038619e-14
3345.7732090024087,7.167764e-14
3347.267461817544,1.7884057e-14
3348.761714632679,-2.36293e-14
3350.2559674478134,9.396571e-14
3351.7502202629485,-4.334986e-14
3353.2444730780835,1.228821e-13
3354.7387258932185,-6.9552776e-14
3356.232978708353,4.490682e-14
3357.727231523488,4.7038103e-15
3359.2214843386228,-5.9192824e-14
3360.715737153758,-1.6624079e-13
3362.209989968893,-3.67126e-14
3363.704242784028,-1.9748261e-14
3365.1984955991625,-2.8522357e-14
3366.6927484142975,-7.815693e-14
3368.187001229432,-7.9721494e-14
3369.681254044567,-1.2078343e-13
3371.175506859702,-2.2624219e-13
3372.669759674837,-1.1589319e-13
3374.164012489972,-4.6450704e-14
3375.658265305107,-8.21039e-14
3377.152518120242,-5.273257e-14
3378.6467709353765,-9.966311e-16
3380.1410237505115,7.113469e-14
3381.6352765656466,-4.1779294e-14
3383.1295293807816,1.5635923e-14
3384.623782195916,3.1792738e-14
3386.1180350110512,8.6947065e-14
3387.612287826186,2.8876813e-14
3389.106540641321,3.3729675e-14
3390.600793456456,-1.8318053e-14
3392.095046271591,-5.369814e-14
3393.5892990867255,3.5458957e-14
3395.0835519018606,-3.7669156e-15
3396.5778047169956,1.23062825e-14
3398.07205753213,-3.6482766e-14
3399.5663103472652,-8.762627e-15
3401.0605631624003,-4.0651898e-15
3402.5548159775353,3.375198e-14
3404.04906879267,-2.8469813e-15
3405.543321607805,-5.9238774e-14
3407.0375744229395,-1.9770377e-14
3408.5318272380746,-9.277051e-15
3410.0260800532096,-4.353864e-14
3411.5203328683447,4.7528255e-14
3413.0145856834793,-1.444289e-14
3414.5088384986143,8.080616e-15
3416.0030913137493,-3.9345087e-14
3417.497344128884,-4.009881e-15
3418.991596944019,1.1401722e-14
3420.485849759154,3.929482e-15
3421.980102574289,1.6405315e-14
3423.4743553894236,2.5990523e-14
3424.9686082045587,1.3724679e-14
3426.4628610196933,3.7408562e-15
3427.9571138348283,8.29464e-15
3429.4513666499633,-1.781732e-14
3430.9456194650984,2.1438533e-14
3432.439872280233,2.0470133e-14
3433.934125095368,-6.142943e-15
3435.4283779105026,2.0813692e-14
3436.9226307256376,1.4290757e-14
3438.4168835407727,1.8928676e-14
3439.9111363559077,1.3087153e-14
3441.4053891710423,6.6794244e-15
3442.8996419861774,8.378175e-15
3444.3938948013124,-1.4556871e-14
3445.888147616447,-1.098441e-15
3447.382400431582,1.6125657e-14
3448.876653246717,1.4738328e-14
3450.370906061852,-2.000283e-15
3451.8651588769867,-5.3440383e-16
3453.3594116921217,1.281144e-14
3454.8536645072563,6.5685186e-15
3456.3479173223914,-3.7773163e-15
3457.8421701375264,-7.457041e-16
3459.3364229526615,5.593735e-15
3460.830675767796,3.0010716e-15
3462.324928582931,2.3236265e-14
3463.819181398066,1.9846073e-14
3465.3134342132007,1.1821558e-15
3466.8076870283357,2.3637183e-14
3468.301939843471,2.3589227e-14
3469.796192658606,-4.813606e-15
3471.2904454737404,-7.306927e-15
3472.7846982888755,6.3162074e-15
3474.27895110401,-2.40204e-15
3475.773203919145,5.160035e-15
3477.26745673428,2.934423e-15
3478.761709549415,-5.288838e-15
3480.2559623645498,6.4146622e-15
3481.750215179685,3.112365e-15
3483.2444679948194,-3.386286e-16
3484.7387208099544,-8.600067e-16
3486.2329736250895,-5.6413534e-15
3487.7272264402245,-4.1665517e-15
3489.221479255359,6.518349e-15
3490.715732070494,3.9199935e-15
3492.209984885629,3.9890335e-15
3493.7042377007638,9.32283e-15
3495.198490515899,8.989039e-15
3496.692743331034,7.575027e-15
3498.186996146169,-8.200444e-16
3499.6812489613035,1.1091607e-15
3501.1755017764385,5.0323447e-15
3502.669754591573,-1.288922e-15
3504.164007406708,5.5020965e-15
3505.658260221843,4.808011e-15
3507.1525130369782,-1.9394053e-16
3508.646765852113,4.8096695e-15
3510.141018667248,5.776258e-15
3511.635271482383,6.157051e-15
3513.1295242975175,4.708802e-15
3514.6237771126525,8.017882e-15
3516.1180299277876,4.5028805e-15
3517.6122827429226,-2.7185536e-16
3519.106535558057,2.9025132e-15
3520.6007883731922,4.6495997e-15
3522.095041188327,2.1426687e-15
3523.589294003462,1.4495558e-15
3525.083546818597,4.8283223e-16
3526.577799633732,6.1765435e-15
3528.0720524488665,8.954531e-15
3529.5663052640016,4.9322263e-15
3531.0605580791366,5.7273293e-15
3532.554810894271,5.123259e-15
3534.0490637094063,5.352608e-15
3535.5433165245413,6.143458e-15
3537.0375693396763,-4.7628186e-16
3538.531822154811,2.1254306e-15
3540.026074969946,3.7177907e-15
3541.5203277850806,3.943681e-15
3543.0145806002156,2.5799442e-15
3544.5088334153506,6.456371e-15
3546.0030862304857,2.459441e-15
3547.4973390456203,2.305498e-15
3548.9915918607553,4.0793623e-15
3550.48584467589,4.9511456e-15
3551.980097491025,4.456724e-15
3553.47435030616,2.5610875e-15
3554.968603121295,5.3499665e-16
3556.4628559364296,-1.0530761e-15
3557.9571087515646,5.605382e-15
3559.4513615666997,1.5890344e-15
3560.9456143818343,4.562155e-15
3562.4398671969693,3.9689812e-15
3563.9341200121044,2.8260483e-15
3565.4283728272394,2.1540783e-15
3566.922625642374,4.266424e-16
3568.416878457509,5.022854e-16
3569.9111312726436,4.859842e-15
3571.4053840877787,6.77736e-15
3572.8996369029137,7.810061e-15
3574.3938897180487,3.8853854e-15
3575.8881425331833,2.4076228e-15
3577.3823953483184,-9.916655e-16
3578.8766481634534,-5.334098e-16
3580.370900978588,1.0139632e-15
3581.865153793723,5.9482385e-15
3583.359406608858,1.440124e-15
3584.853659423993,4.6311807e-16
3586.3479122391277,4.0473127e-15
3587.8421650542628,3.4912187e-15
3589.3364178693973,3.79104e-15
3590.8306706845324,2.0064118e-15
3592.3249234996674,1.7684551e-15
3593.8191763148025,4.3252204e-15
3595.313429129937,2.7629787e-15
3596.807681945072,3.663169e-15
3598.301934760207,2.4025024e-15
3599.7961875753417,2.5179407e-15
3601.2904403904768,2.4073574e-15
3602.784693205612,5.093357e-15
3604.278946020747,5.4633727e-15
3605.7731988358814,1.9232463e-15
3607.2674516510165,2.9876303e-15
3608.761704466151,3.4254368e-15
3610.255957281286,1.9076772e-15
3611.750210096421,3.8233246e-15
3613.244462911556,2.6809442e-15
3614.7387157266908,2.435371e-15
3616.232968541826,2.737681e-15
3617.7272213569604,3.92715e-15
3619.2214741720954,3.8341145e-15
3620.7157269872305,1.6153327e-15
3622.2099798023655,1.7916066e-15
3623.7042326175,3.8919347e-15
3625.198485432635,2.9144974e-15
3626.69273824777,3.3135112e-15
3628.186991062905,1.5309921e-15
3629.68124387804,1.0400763e-15
3631.175496693175,2.87245e-15
3632.66974950831,1.7704861e-15
3634.1640023234445,-7.311396e-16
3635.6582551385795,1.9650419e-16
3637.152507953714,1.3287806e-15
3638.646760768849,2.3597665e-15
3640.141013583984,1.5170455e-15
3641.6352663991192,2.864553e-15
3643.129519214254,4.5160472e-15
3644.623772029389,1.8054247e-15
3646.118024844524,2.3587252e-15
3647.6122776596585,2.7365938e-15
3649.1065304747935,2.7517665e-15
3650.6007832899286,2.559625e-15
3652.0950361050636,1.8429182e-15
3653.589288920198,2.6239702e-15
3655.0835417353333,1.7295977e-15
3656.577794550468,1.261879e-15
3658.072047365603,2.4820456e-15
3659.566300180738,3.3337692e-15
3661.060552995873,2.9000587e-15
3662.5548058110076,2.5156002e-15
3664.0490586261426,2.4213097e-15
3665.543311441277,2.2383868e-15
3667.037564256412,2.6668225e-15
3668.5318170715473,3.2415716e-15
3670.0260698866823,2.077951e-15
3671.520322701817,2.2511463e-15
3673.014575516952,2.370663e-15
3674.508828332087,3.709986e-15
3676.0030811472216,3.3477844e-15
3677.4973339623566,3.1260121e-15
3678.9915867774916,3.8910656e-15
3680.4858395926267,2.694937e-15
3681.9800924077613,2.4995868e-15
3683.4743452228963,1.939987e-15
3684.968598038031,1.6855336e-15
3686.462850853166,2.2813475e-15
3687.957103668301,1.8742599e-15
3689.451356483436,2.1046859e-15
3690.9456092985706,2.4593415e-15
3692.4398621137057,2.192685e-15
3693.9341149288407,2.0401725e-15
3695.4283677439753,2.6845502e-15
3696.9226205591103,2.7071865e-15
3698.4168733742454,2.7226127e-15
3699.9111261893804,1.5058292e-15
3701.405379004515,1.4000821e-15
3702.89963181965,1.9465452e-15
3704.3938846347846,2.7947448e-15
3705.8881374499197,2.140734e-15
3707.3823902650547,2.4372935e-15
3708.8766430801898,2.2227205e-15
3710.3708958953243,2.039192e-15
3711.8651487104594,2.551745e-15
3713.3594015255944,2.347653e-15
3714.853654340729,1.8987357e-15
3716.347907155864,2.2554982e-15
3717.842159970999,2.5773233e-15
3719.336412786134,1.9251378e-15
3720.8306656012687,1.8301038e-15
3722.3249184164038,2.1715218e-15
3723.8191712315383,1.8981305e-15
3725.3134240466734,1.9626204e-15
3726.8076768618084,1.9974778e-15
3728.3019296769435,1.6741767e-15
3729.796182492078,1.2362915e-15
3731.290435307213,1.919503e-15
3732.7846881223477,2.0053456e-15
3734.2789409374827,1.788148e-15
3735.7731937526178,1.4605949e-15
3737.267446567753,1.5382362e-15
3738.7616993828874,1.8580659e-15
3740.2559521980224,1.4189997e-15
3741.7502050131575,2.1245266e-15
3743.244457828292,1.8527757e-15
3744.738710643427,1.4636986e-15
3746.232963458562,1.9654284e-15
3747.727216273697,2.0492624e-15
3749.221469088832,1.7298532e-15
3750.715721903967,2.1485336e-15
3752.2099747191014,1.7665087e-15
3753.7042275342365,1.7211722e-15
3755.1984803493715,2.4335532e-15
3756.6927331645065,2.39311e-15
3758.1869859796416,2.6670217e-15
3759.681238794776,2.8751678e-15
3761.1754916099108,2.7255407e-15
3762.669744425046,2.5164356e-15
3764.163997240181,1.909866e-15
3765.658250055316,2.1308552e-15
3767.152502870451,2.1034852e-15
3768.6467556855855,2.1072988e-15
3770.1410085007205,2.0141063e-15
3771.635261315855,2.8160053e-15
3773.12951413099,2.300628e-15
3774.623766946125,2.046948e-15
3776.1180197612603,2.026323e-15
3777.612272576395,2.3660362e-15
3779.10652539153,2.3444114e-15
3780.6007782066645,2.441261e-15
3782.0950310217995,2.0480918e-15
3783.5892838369346,2.000532e-15
3785.0835366520696,1.9618695e-15
3786.5777894672046,2.244232e-15
3788.072042282339,2.022186e-15
3789.5662950974743,1.9588363e-15
3791.060547912609,1.9510887e-15
3792.554800727744,2.6130964e-15
3794.049053542879,1.9421659e-15
3795.543306358014,2.634985e-15
3797.0375591731486,2.3642564e-15
3798.5318119882836,2.973493e-15
3800.026064803418,2.1781704e-15
3801.5203176185532,2.1558752e-15
3803.0145704336883,2.7666017e-15
3804.5088232488233,2.2563486e-15
3806.0030760639584,2.0539645e-15
3807.497328879093,2.671323e-15
3808.9915816942275,2.6928761e-15
3810.4858345093626,2.1208437e-15
3811.9800873244976,2.5350921e-15
3813.4743401396327,2.6413994e-15
3814.9685929547677,1.833234e-15
3816.4628457699023,1.6095908e-15
3817.9570985850373,2.0121217e-15
3819.451351400172,2.728618e-15
3820.945604215307,2.5160891e-15
3822.439857030442,3.0652422e-15
3823.934109845577,3.0236963e-15
3825.428362660712,3.1570663e-15
3826.9226154758467,3.2905367e-15
3828.4168682909813,2.7273267e-15
3829.9111211061163,2.7073625e-15
3831.4053739212513,3.3903017e-15
3832.8996267363864,3.1085628e-15
3834.3938795515214,2.8753105e-15
3835.888132366656,2.2975413e-15
3837.382385181791,2.26691e-15
3838.8766379969256,2.060862e-15
3840.3708908120607,2.491135e-15
3841.8651436271957,1.8537365e-15
3843.3593964423308,2.2046487e-15
3844.8536492574653,2.221108e-15
3846.3479020726004,1.877169e-15
3847.842154887735,2.565451e-15
3849.33640770287,2.6121353e-15
3850.830660518005,2.2143785e-15
3852.32491333314,2.2088589e-15
3853.819166148275,1.6140939e-15
3855.3134189634097,2.2406982e-15
3856.8076717785443,2.503329e-15
3858.3019245936794,2.3839298e-15
3859.7961774088144,2.3125588e-15
3861.2904302239494,2.309136e-15
3862.7846830390845,2.2041366e-15
3864.278935854219,1.9699939e-15
3865.773188669354,2.2229816e-15
3867.2674414844887,2.123297e-15
3868.7616942996237,2.4173514e-15
3870.255947114759,2.0551798e-15
3871.750199929894,2.6073574e-15
3873.244452745029,2.0387628e-15
3874.7387055601635,2.3405115e-15
3876.232958375298,2.0286024e-15
3877.727211190433,2.3452898e-15
3879.221464005568,2.3543221e-15
3880.715716820703,1.8941757e-15
3882.209969635838,2.3539643e-15
3883.704222450973,2.719587e-15
3885.198475266108,2.1979791e-15
3886.6927280812424,2.8584537e-15
3888.1869808963775,2.8331198e-15
3889.6812337115125,2.485201e-15
3891.1754865266475,2.1548849e-15
3892.6697393417826,1.8772482e-15
3894.163992156917,2.3287913e-15
3895.6582449720518,2.5528296e-15
3897.152497787187,2.4126662e-15
3898.646750602322,2.0748775e-15
3900.141003417457,2.054655e-15
3901.635256232592,2.0278225e-15
3903.1295090477265,2.134789e-15
3904.6237618628616,1.981389e-15
3906.118014677996,2.4337662e-15
3907.612267493131,2.5894723e-15
3909.106520308266,2.0077406e-15
3910.6007731234013,2.2713646e-15
3912.095025938536,1.9220186e-15
3913.589278753671,1.7057312e-15
3915.0835315688055,2.1890724e-15
3916.5777843839405,1.5285908e-15
3918.0720371990756,1.7063387e-15
3919.5662900142106,1.6502836e-15
3921.0605428293456,1.6224292e-15
3922.5547956444802,2.1242153e-15
3924.049048459615,2.4073706e-15
3925.54330127475,2.0544975e-15
3927.037554089885,1.8308458e-15
3928.53180690502,1.7191339e-15
3930.026059720155,2.6074226e-15
3931.5203125352896,2.1051562e-15
3933.0145653504246,2.2444141e-15
3934.508818165559,2.2493532e-15
3936.0030709806942,2.18076e-15
3937.4973237958293,2.1231603e-15
3938.9915766109643,2.1937245e-15
3940.4858294260994,2.0856969e-15
3941.980082241234,2.31396e-15
3943.4743350563685,2.5118387e-15
3944.9685878715036,2.2865303e-15
3946.4628406866386,2.1668547e-15
3947.9570935017737,2.200224e-15
3949.4513463169087,1.9960416e-15
3950.9455991320433,1.9918005e-15
3952.4398519471783,1.7420304e-15
3953.934104762313,1.5870442e-15
3955.428357577448,1.7845424e-15
3956.922610392583,2.0734153e-15
3958.416863207718,1.92769e-15
3959.9111160228526,2.2667131e-15
3961.4053688379877,2.1701357e-15
3962.8996216531223,2.2348778e-15
3964.3938744682573,2.0388877e-15
3965.8881272833924,1.9528482e-15
3967.3823800985274,1.8993445e-15
3968.8766329136624,1.9641853e-15
3970.370885728797,2.096066e-15
3971.8651385439316,2.0515329e-15
3973.3593913590666,2.5324443e-15
3974.8536441742017,2.5219656e-15
3976.3478969893367,1.969785e-15
3977.842149804472,2.2363002e-15
3979.3364026196064,1.9716087e-15
3980.8306554347414,2.0330743e-15
3982.324908249876,2.000473e-15
3983.819161065011,1.9976584e-15
3985.313413880146,2.029065e-15
3986.807666695281,2.2801176e-15
3988.301919510416,2.4170439e-15
3989.7961723255507,2.1744966e-15
3991.2904251406853,2.1237697e-15
3992.7846779558204,2.381629e-15
3994.2789307709554,2.3097297e-15
3995.7731835860905,1.927609e-15
3997.2674364012255,2.551391e-15
3998.76168921636,2.2960846e-15
4000.255942031495,2.241903e-15
4001.7501948466297,2.4378356e-15
4003.2444476617648,1.8785221e-15
4004.7387004769,1.9718902e-15
4006.232953292035,1.8046348e-15
4007.72720610717,2.1079721e-15
4009.2214589223045,2.148361e-15
4010.715711737439,2.1080096e-15
4012.209964552574,2.1296668e-15
4013.704217367709,1.8971e-15
4015.198470182844,2.1568453e-15
4016.692722997979,2.167663e-15
4018.186975813114,2.2486605e-15
4019.681228628249,2.167493e-15
4021.1754814433834,2.0283282e-15
4022.6697342585185,2.2483827e-15
4024.1639870736535,2.5270146e-15
4025.6582398887886,2.259224e-15
4027.152492703923,2.1292352e-15
4028.646745519058,2.1563888e-15
4030.140998334193,2.5784085e-15
4031.635251149328,2.2644865e-15
4033.129503964463,2.3674116e-15
4034.623756779598,2.2435432e-15
4036.118009594733,2.2063042e-15
4037.6122624098675,2.211071e-15
4039.106515225002,2.1309348e-15
4040.600768040137,2.4482985e-15
4042.095020855272,2.1216687e-15
4043.5892736704072,1.9825613e-15
4045.0835264855423,2.3911651e-15
4046.577779300677,2.413358e-15
4048.072032115812,1.9106503e-15
4049.5662849309465,2.2418436e-15
4051.0605377460815,2.226008e-15
4052.5547905612166,2.1386955e-15
4054.0490433763516,2.1189266e-15
4055.5432961914867,1.8882067e-15
4057.0375490066212,2.1975815e-15
4058.531801821756,2.3220218e-15
4060.026054636891,2.5384622e-15
4061.520307452026,2.5402262e-15
4063.014560267161,2.0704007e-15
4064.508813082296,2.3441387e-15
4066.0030658974306,2.246565e-15
4067.4973187125656,2.1554954e-15
4068.9915715277,2.639836e-15
4070.4858243428353,2.1144759e-15
4071.9800771579703,1.9286906e-15
4073.4743299731053,2.4133642e-15
4074.9685827882404,2.3525415e-15
4076.462835603375,2.0709329e-15
4077.9570884185096,2.0188327e-15
4079.4513412336446,2.124269e-15
4080.9455940487796,2.2902782e-15
4082.4398468639147,2.3998603e-15
4083.9340996790497,2.3540153e-15
4085.4283524941843,2.4441479e-15
4086.9226053093194,2.1048455e-15
4088.416858124454,2.0762347e-15
4089.911110939589,2.24839e-15
4091.405363754724,2.2447555e-15
4092.899616569859,2.3424146e-15
4094.3938693849936,2.192748e-15
4095.8881222001287,2.2229412e-15
4097.382375015263,2.5172225e-15
4098.876627830398,2.5552553e-15
4100.370880645533,2.176695e-15
4101.865133460668,2.2271556e-15
4103.359386275803,2.1152634e-15
4104.853639090938,2.1434169e-15
4106.347891906073,2.0676494e-15
4107.842144721208,2.3028232e-15
4109.336397536343,2.2981859e-15
4110.830650351478,2.414464e-15
4112.324903166613,2.1739137e-15
4113.819155981748,1.995994e-15
4115.313408796883,2.0262699e-15
4116.807661612017,2.2055584e-15
4118.301914427152,2.2900357e-15
4119.796167242287,1.851314e-15
4121.290420057422,2.230346e-15
4122.784672872557,2.1598012e-15
4124.278925687691,2.212779e-15
4125.773178502826,2.035905e-15
4127.267431317961,2.110959e-15
4128.761684133096,2.0074107e-15
4130.2559369482315,1.6646947e-15
4131.7501897633665,1.836574e-15
4133.244442578502,1.9981867e-15
4134.738695393637,2.0664074e-15
4136.232948208771,2.0937367e-15
4137.727201023906,2.0817035e-15
4139.221453839041,2.1804117e-15
4140.715706654176,2.0537495e-15
4142.20995946931,2.0200815e-15
4143.704212284445,2.1005208e-15
4145.19846509958,2.061357e-15
4146.692717914715,2.0410282e-15
4148.18697072985,1.9209924e-15
4149.681223544985,1.9878123e-15
4151.17547636012,1.9691974e-15
4152.669729175255,2.2347188e-15
4154.163981990389,1.8025778e-15
4155.658234805524,1.9374115e-15
4157.1524876206595,1.9318056e-15
4158.6467404357945,1.8245215e-15
4160.14099325093,1.9837736e-15
4161.635246066064,2.0095384e-15
4163.129498881199,1.9936055e-15
4164.623751696334,1.8799178e-15
4166.118004511469,2.0782296e-15
4167.612257326604,1.9653612e-15
4169.106510141739,1.810708e-15
4170.600762956874,1.821754e-15
4172.095015772009,1.9225386e-15
4173.589268587143,1.8887225e-15
4175.083521402278,2.0381078e-15
4176.577774217413,2.2838403e-15
4178.072027032548,1.8785685e-15
4179.566279847683,2.0149294e-15
4181.060532662817,1.9237503e-15
4182.5547854779525,1.8124322e-15
4184.0490382930875,1.8543394e-15
4185.543291108223,1.929668e-15
4187.037543923358,1.9670782e-15
4188.531796738493,1.5635866e-15
4190.026049553628,2.008333e-15
4191.520302368763,2.007831e-15
4193.014555183897,2.0032617e-15
4194.508807999032,1.9276033e-15
4196.003060814167,2.0917699e-15
4197.497313629302,2.0353638e-15
4198.991566444437,1.842575e-15
4200.485819259571,2.0433617e-15
4201.980072074706,1.898023e-15
4203.474324889841,1.7032712e-15
4204.968577704976,1.702348e-15
4206.462830520111,1.8158747e-15
4207.957083335246,1.7724733e-15
4209.451336150381,1.6933729e-15
4210.945588965516,2.087795e-15
4212.439841780651,1.9285344e-15
4213.934094595786,1.9821685e-15
4215.428347410921,1.8466026e-15
4216.922600226056,1.9439019e-15
4218.416853041191,2.0782697e-15
4219.911105856325,2.0042839e-15
4221.40535867146,1.6220983e-15
4222.899611486595,1.825767e-15
4224.39386430173,1.9039905e-15
4225.888117116865,1.7199554e-15
4227.382369932,1.7811428e-15
4228.876622747135,1.9464315e-15
4230.37087556227,1.9481328e-15
4231.865128377404,1.7664173e-15
4233.359381192539,1.8289334e-15
4234.853634007674,1.868872e-15
4236.347886822809,1.9731e-15
4237.8421396379445,1.7658022e-15
4239.336392453079,1.8015897e-15
4240.830645268214,1.8088422e-15
4242.324898083349,1.8348781e-15
4243.819150898484,1.9564773e-15
4245.313403713619,1.7444177e-15
4246.807656528754,1.7168062e-15
4248.301909343889,1.9281314e-15
4249.796162159024,1.7057847e-15
4251.290414974158,1.8400095e-15
4252.784667789293,1.9711319e-15
4254.278920604428,1.918786e-15
4255.773173419563,1.781119e-15
4257.267426234697,1.7308179e-15
4258.761679049832,1.7264154e-15
4260.255931864967,1.8063164e-15
4261.750184680102,1.8698786e-15
4263.244437495237,1.9022668e-15
4264.7386903103725,1.7803781e-15
4266.2329431255075,1.683622e-15
4267.727195940643,1.7801113e-15
4269.221448755778,1.8209603e-15
4270.715701570912,1.5759232e-15
4272.209954386047,1.8210493e-15
4273.704207201182,1.8991535e-15
4275.198460016317,1.677369e-15
4276.692712831451,1.9703583e-15
4278.186965646586,1.7845885e-15
4279.681218461721,1.8120286e-15
4281.175471276856,1.7862714e-15
4282.669724091991,1.6917999e-15
4284.163976907126,1.7020365e-15
4285.658229722261,1.6494504e-15
4287.152482537396,1.8502552e-15
4288.64673535253,1.8993928e-15
4290.1409881676655,1.6775858e-15
4291.6352409828005,1.7155794e-15
4293.1294937979355,1.6924156e-15
4294.623746613071,1.7466217e-15
4296.117999428205,1.6567471e-15
4297.61225224334,1.7353874e-15
4299.106505058475,1.8896333e-15
4300.60075787361,1.5515524e-15
4302.095010688745,1.637031e-15
4303.58926350388,1.6216802e-15
4305.083516319015,1.6587341e-15
4306.57776913415,1.6598219e-15
4308.072021949284,1.666814e-15
4309.566274764419,1.6690319e-15
4311.060527579554,1.6666174e-15
4312.554780394689,1.8616624e-15
4314.049033209824,1.8573571e-15
4315.543286024958,1.8025367e-15
4317.0375388400935,1.7677528e-15
4318.5317916552285,1.9278578e-15
4320.026044470364,2.0310035e-15
4321.520297285499,1.87507e-15
4323.014550100634,1.7324801e-15
4324.508802915769,1.6673064e-15
4326.003055730904,1.7958678e-15
4327.497308546038,1.740879e-15
4328.991561361173,1.7200874e-15
4330.485814176308,1.8873518e-15
4331.980066991443,1.6845799e-15
4333.474319806578,1.7202384e-15
4334.968572621712,1.8801967e-15
4336.462825436847,1.80193e-15
4337.957078251982,1.7031179e-15
4339.451331067117,1.5307025e-15
4340.945583882252,1.713408e-15
4342.439836697387,1.6931995e-15
4343.934089512522,1.6672039e-15
4345.428342327657,1.6975446e-15
4346.922595142792,1.5364054e-15
4348.416847957927,1.5397765e-15
4349.911100773062,1.6299083e-15
4351.405353588197,1.5120182e-15
4352.899606403332,1.7523381e-15
4354.393859218466,1.909038e-15
4355.888112033601,1.6538297e-15
4357.382364848736,1.5098164e-15
4358.876617663871,1.4949039e-15
4360.370870479006,1.6655728e-15
4361.865123294141,1.5019397e-15
4363.359376109276,1.4441865e-15
4364.853628924411,1.5399988e-15
4366.347881739545,1.6369229e-15
4367.84213455468,1.4052558e-15
4369.336387369815,1.4485095e-15
4370.83064018495,1.639748e-15
4372.3248930000855,1.6051207e-15
4373.81914581522,1.5038958e-15
4375.313398630355,1.6335973e-15
4376.80765144549,1.5027797e-15
4378.301904260625,1.6054365e-15
4379.79615707576,1.5152669e-15
4381.290409890895,1.536809e-15
4382.78466270603,1.4739535e-15
4384.278915521165,1.3809169e-15
4385.773168336299,1.4309267e-15
4387.267421151434,1.5083385e-15
4388.761673966569,1.5626927e-15
4390.255926781704,1.5466336e-15
4391.750179596838,1.4427974e-15
4393.244432411973,1.7456333e-15
4394.738685227108,1.6611199e-15
4396.232938042243,1.7671547e-15
4397.727190857378,1.4824036e-15
4399.2214436725135,1.4759995e-15
4400.7156964876485,1.6086621e-15
4402.209949302784,1.4895047e-15
4403.704202117918,1.5789271e-15
4405.198454933053,1.4349622e-15
4406.692707748188,1.5172818e-15
4408.186960563323,1.4782639e-15
4409.681213378458,1.4664596e-15
4411.175466193592,1.6248815e-15
4412.669719008727,1.6711419e-15
4414.163971823862,1.711231e-15
4415.658224638997,1.6333971e-15
4417.152477454132,1.6295671e-15
4418.646730269267,1.5113833e-15
4420.140983084402,1.4880232e-15
4421.635235899537,1.7177007e-15
4423.129488714671,1.6117458e-15
4424.6237415298065,1.524196e-15
4426.1179943449415,1.7046203e-15
4427.612247160077,1.5491351e-15
4429.106499975212,1.4206283e-15
4430.600752790346,1.4444232e-15
4432.095005605481,1.4382101e-15
4433.589258420616,1.499405e-15
4435.083511235751,1.5485111e-15
4436.577764050886,1.5171311e-15
4438.072016866021,1.392107e-15
4439.566269681156,1.4769532e-15
4441.060522496291,1.8039811e-15
4442.554775311425,1.7810803e-15
4444.04902812656,1.4586839e-15
4445.543280941695,1.4388766e-15
4447.03753375683,1.49018e-15
4448.531786571965,1.4879834e-15
4450.026039387099,1.5965457e-15
4451.5202922022345,1.4234e-15
4453.0145450173695,1.3977117e-15
4454.508797832505,1.3280775e-15
4456.00305064764,1.4544931e-15
4457.497303462775,1.4772354e-15
4458.99155627791,1.4284616e-15
4460.485809093045,1.6010059e-15
4461.980061908179,1.4262311e-15
4463.474314723314,1.469681e-15
4464.968567538449,1.3868876e-15
4466.462820353584,1.4797455e-15
4467.957073168719,1.6498598e-15
4469.451325983853,1.508833e-15
4470.945578798988,1.5220979e-15
4472.439831614123,1.4684774e-15
4473.934084429258,1.3458508e-15
4475.428337244393,1.6187388e-15
4476.922590059528,1.5217465e-15
4478.416842874663,1.5635613e-15
4479.9110956897985,1.4953316e-15
4481.405348504933,1.5296969e-15
4482.899601320068,1.5805807e-15
4484.393854135203,1.5868114e-15
4485.888106950338,1.5775006e-15
4487.382359765473,1.4691162e-15
4488.876612580607,1.5018728e-15
4490.370865395742,1.5759428e-15
4491.865118210877,1.5996948e-15
4493.359371026012,1.4779617e-15
4494.853623841147,1.5720502e-15
4496.347876656282,1.6317446e-15
4497.842129471417,1.4343519e-15
4499.336382286552,1.4991064e-15
4500.830635101686,1.4593176e-15
4502.324887916821,1.4819391e-15
4503.819140731956,1.4534064e-15
4505.313393547091,1.3221817e-15
4506.807646362226,1.4108942e-15
4508.301899177361,1.7701843e-15
4509.796151992496,1.4653681e-15
4511.290404807631,1.3894629e-15
4512.784657622766,1.414444e-15
4514.278910437901,1.4536318e-15
4515.773163253036,1.5810731e-15
4517.267416068171,1.4447686e-15
4518.761668883305,1.327545e-15
4520.25592169844,1.4849594e-15
4521.750174513575,1.4957003e-15
4523.24442732871,1.5287526e-15
4524.738680143845,1.325353e-15
4526.232932958979,1.4627269e-15
4527.727185774114,1.6022551e-15
4529.221438589249,1.5604977e-15
4530.715691404384,1.4836937e-15
4532.2099442195195,1.5100627e-15
4533.7041970346545,1.4661015e-15
4535.1984498497895,1.3430879e-15
4536.692702664925,1.4483695e-15
4538.186955480059,1.4293855e-15
4539.681208295194,1.3691912e-15
4541.175461110329,1.4029108e-15
4542.669713925464,1.4365554e-15
4544.163966740599,1.4762075e-15
4545.658219555733,1.4902523e-15
4547.152472370868,1.3030985e-15
4548.646725186003,1.2578598e-15
4550.140978001138,1.2661309e-15
4551.635230816273,1.3289051e-15
4553.129483631408,1.4383998e-15
4554.623736446543,1.567803e-15
4556.117989261678,1.4859349e-15
4557.612242076812,1.3586871e-15
4559.1064948919475,1.3292231e-15
4560.6007477070825,1.3245445e-15
4562.095000522218,1.4355763e-15
4563.589253337353,1.50821e-15
4565.083506152487,1.4760393e-15
4566.577758967622,1.4488241e-15
4568.072011782757,1.4119876e-15
4569.566264597892,1.2933019e-15
4571.060517413027,1.3237972e-15
4572.554770228162,1.3918325e-15
4574.049023043297,1.3683135e-15
4575.543275858432,1.316802e-15
4577.037528673566,1.3170275e-15
4578.531781488701,1.2561092e-15
4580.026034303836,1.2964714e-15
4581.520287118971,1.2572595e-15
4583.014539934106,1.299409e-15
4584.5087927492405,1.2929702e-15
4586.0030455643755,1.317442e-15
4587.4972983795105,1.4132807e-15
4588.991551194646,1.3562359e-15
4590.485804009781,1.3732634e-15
4591.980056824916,1.1280133e-15
4593.474309640051,1.2640361e-15
4594.968562455186,1.3506146e-15
4596.46281527032,1.4270177e-15
4597.957068085455,1.5021422e-15
4599.45132090059,1.4264763e-15
4600.945573715725,1.2791349e-15
4602.43982653086,1.1732858e-15
4603.934079345994,1.1403641e-15
4605.428332161129,1.281859e-15
4606.922584976264,1.3166601e-15
4608.416837791399,1.2947778e-15
4609.911090606534,1.3882521e-15
4611.405343421669,1.3794234e-15
4612.899596236804,1.4501424e-15
4614.3938490519395,1.318543e-15
4615.888101867074,1.2434446e-15
4617.382354682209,1.2931033e-15
4618.876607497344,1.2961847e-15
4620.370860312479,1.318345e-15
4621.865113127613,1.3614766e-15
4623.359365942748,1.3773906e-15
4624.853618757883,1.2873837e-15
4626.347871573018,1.3640835e-15
4627.842124388153,1.251239e-15
4629.336377203288,1.3524867e-15
4630.830630018423,1.3379993e-15
4632.324882833558,1.269557e-15
4633.819135648692,1.2802499e-15
4635.313388463827,1.2920756e-15
4636.807641278962,1.265178e-15
4638.301894094097,1.2429459e-15
4639.796146909232,1.2623764e-15
4641.290399724367,1.3670847e-15
4642.784652539502,1.3695311e-15
4644.278905354637,1.3760934e-15
4645.773158169772,1.297664e-15
4647.267410984907,1.3259982e-15
4648.761663800042,1.4464587e-15
4650.255916615177,1.2859837e-15
4651.750169430312,1.2860666e-15
4653.244422245446,1.1818106e-15
4654.738675060581,1.2343873e-15
4656.232927875716,1.3008329e-15
4657.727180690851,1.2874546e-15
4659.221433505986,1.2222475e-15
4660.71568632112,1.2393926e-15
4662.209939136255,1.2643821e-15
4663.70419195139,1.2737564e-15
4665.198444766525,1.1592815e-15
4666.6926975816605,1.0812271e-15
4668.1869503967955,1.1623571e-15
4669.681203211931,1.2233607e-15
4671.175456027066,1.2984467e-15
4672.6697088422,1.2560641e-15
4674.163961657335,1.2273845e-15
4675.65821447247,1.0455078e-15
4677.152467287605,1.1247239e-15
4678.64672010274,1.3740936e-15
4680.140972917874,1.4017213e-15
4681.635225733009,1.332486e-15
4683.129478548144,1.3107958e-15
4684.623731363279,1.2756725e-15
4686.117984178414,1.2388478e-15
4687.612236993549,1.2568292e-15
4689.106489808684,1.1626929e-15
4690.600742623819,1.2463999e-15
4692.094995438953,1.3214098e-15
4693.5892482540885,1.2712782e-15
4695.0835010692235,1.3097551e-15
4696.577753884359,1.2217762e-15
4698.072006699494,1.2350208e-15
4699.566259514628,1.3025771e-15
4701.060512329763,1.2599804e-15
4702.554765144898,1.1975738e-15
4704.049017960033,1.1672394e-15
4705.543270775168,1.1328079e-15
4707.037523590303,1.1764063e-15
4708.531776405438,1.2399552e-15
4710.026029220573,1.286018e-15
4711.520282035707,1.2620726e-15
4713.014534850842,1.3777628e-15
4714.508787665977,1.3196385e-15
4716.003040481112,1.3567334e-15
4717.497293296247,1.2777373e-15
4718.9915461113815,1.2048259e-15
4720.4857989265165,1.2183613e-15
4721.980051741652,1.1992587e-15
4723.474304556787,1.1851898e-15
4724.968557371922,1.2672938e-15
4726.462810187057,1.1580322e-15
4727.957063002192,1.1809276e-15
4729.451315817327,1.1314468e-15
4730.945568632461,1.2244815e-15
4732.439821447596,1.2333382e-15
4733.934074262731,1.2204965e-15
4735.428327077866,1.2422748e-15
4736.922579893,1.2746439e-15
4738.416832708135,1.2193357e-15
4739.91108552327,1.2656242e-15
4741.405338338405,1.2741509e-15
4742.89959115354,1.2254112e-15
4744.393843968675,1.2850134e-15
4745.88809678381,1.3629476e-15
4747.382349598945,1.2646547e-15
4748.8766024140805,1.1390785e-15
4750.370855229215,1.2300638e-15
4751.86510804435,1.3179573e-15
4753.359360859485,1.376175e-15
4754.85361367462,1.2727569e-15
4756.347866489754,1.2841455e-15
4757.842119304889,1.3796675e-15
4759.336372120024,1.2589425e-15
4760.830624935159,1.1906386e-15
4762.324877750294,1.1410612e-15
4763.819130565429,1.3850582e-15
4765.313383380564,1.3404445e-15
4766.807636195699,1.2267445e-15
4768.301889010833,1.1529422e-15
4769.796141825968,1.13206e-15
4771.290394641103,1.2399428e-15
4772.784647456238,1.2694867e-15
4774.2789002713735,1.3149362e-15
4775.773153086508,1.3135379e-15
4777.267405901643,1.3945603e-15
4778.761658716778,1.4130517e-15
4780.255911531913,1.2881493e-15
4781.750164347048,1.2238379e-15
4783.244417162183,1.3199162e-15
4784.738669977318,1.3125513e-15
4786.232922792453,1.2804612e-15
4787.727175607588,1.2613108e-15
4789.221428422722,1.186855e-15
4790.715681237857,1.2005315e-15
4792.209934052992,1.2508679e-15
4793.704186868126,1.2744253e-15
4795.198439683261,1.2517119e-15
4796.692692498396,1.2084729e-15
4798.186945313531,1.1764551e-15
4799.681198128666,1.1808563e-15
4801.1754509438015,1.1730222e-15
4802.6697037589365,1.1762041e-15
4804.163956574072,1.2478524e-15
4805.658209389207,1.3280419e-15
4807.152462204342,1.3924587e-15
4808.646715019476,1.3747372e-15
4810.140967834611,1.2048258e-15
4811.635220649746,1.1268625e-15
4813.12947346488,1.1492907e-15
4814.623726280015,1.2313668e-15
4816.11797909515,1.2117716e-15
4817.612231910285,1.241719e-15
4819.10648472542,1.2139533e-15
4820.600737540555,1.2113151e-15
4822.09499035569,1.1890807e-15
4823.589243170825,1.2563389e-15
4825.08349598596,1.2637614e-15
4826.577748801095,1.2310864e-15
4828.0720016162295,1.2999025e-15
4829.5662544313645,1.2878175e-15
4831.0605072465,1.2526209e-15
4832.554760061634,1.3137139e-15
4834.049012876769,1.2573979e-15
4835.543265691904,1.2207478e-15
4837.037518507039,1.2374907e-15
4838.531771322174,1.2634843e-15
4840.026024137309,1.3202367e-15
4841.520276952444,1.3005367e-15
4843.014529767579,1.3813271e-15
4844.508782582714,1.3614806e-15
4846.003035397849,1.3335661e-15
4847.497288212983,1.3386709e-15
4848.991541028118,1.4745489e-15
4850.485793843253,1.5964377e-15
4851.980046658387,1.5339384e-15
4853.4742994735225,1.5143116e-15
4854.9685522886575,1.5577606e-15
4856.462805103793,1.7116496e-15
4857.957057918928,1.5399282e-15
4859.451310734063,1.3758979e-15
4860.945563549198,1.4765612e-15
4862.439816364333,1.4304575e-15
4863.934069179468,1.4024258e-15
4865.428321994602,1.2754532e-15
4866.922574809737,1.3305413e-15
4868.416827624872,1.1686731e-15
4869.911080440007,1.1567683e-15
4871.405333255141,1.2137816e-15
4872.899586070276,1.2274702e-15
4874.393838885411,1.2821958e-15
4875.888091700546,1.2542093e-15
4877.382344515681,1.3027422e-15
4878.876597330816,1.2356216e-15
4880.370850145951,1.2199791e-15
4881.865102961086,1.2772102e-15
4883.3593557762215,1.1909038e-15
4884.853608591356,1.3069316e-15
4886.347861406491,1.3374013e-15
4887.842114221626,1.2146121e-15
4889.33636703676,1.2522702e-15
4890.830619851895,1.2441562e-15
4892.32487266703,1.1626219e-15
4893.819125482165,1.2282324e-15
4895.3133782973,1.194508e-15
4896.807631112435,1.2172634e-15
4898.30188392757,1.2623729e-15
4899.796136742705,1.259239e-15
4901.29038955784,1.2094197e-15
4902.784642372975,1.2375073e-15
4904.278895188109,1.2766507e-15
4905.773148003244,1.3055286e-15
4907.267400818379,1.2407043e-15
4908.761653633514,1.1421509e-15
4910.255906448649,1.2277555e-15
4911.750159263784,1.2160057e-15
4913.244412078919,1.2623802e-15
4914.738664894054,1.2796212e-15
4916.232917709189,1.14923e-15
4917.727170524324,1.1642276e-15
4919.221423339459,1.2681602e-15
4920.715676154594,1.2680086e-15
4922.209928969729,1.1879134e-15
4923.704181784863,1.1620497e-15
4925.198434599998,1.1775725e-15
4926.692687415133,1.202059e-15
4928.186940230267,1.242037e-15
4929.681193045402,1.1933361e-15
4931.175445860537,1.2028422e-15
4932.669698675672,1.2066165e-15
4934.163951490807,1.2371078e-15
4935.6582043059425,1.1114498e-15
4937.1524571210775,1.0982243e-15
4938.646709936213,1.2293462e-15
4940.140962751348,1.196629e-15
4941.635215566483,1.1697201e-15
4943.129468381617,1.2301324e-15
4944.623721196752,1.2238278e-15
4946.117974011887,1.1976838e-15
4947.612226827021,1.2259521e-15
4949.106479642156,1.1138832e-15
4950.600732457291,1.270438e-15
4952.094985272426,1.1894802e-15
4953.589238087561,1.2305489e-15
4955.083490902696,1.2625129e-15
4956.577743717831,1.2295979e-15
4958.071996532966,1.1950396e-15
4959.566249348101,1.2067659e-15
4961.060502163236,1.2902624e-15
4962.5547549783705,1.1568632e-15
4964.049007793506,1.1444126e-15
4965.543260608641,1.2754443e-15
4967.037513423775,1.2543088e-15
4968.53176623891,1.267443e-15
4970.026019054045,1.2582932e-15
4971.52027186918,1.2686538e-15
4973.014524684315,1.2450589e-15
4974.50877749945,1.1395393e-15
4976.003030314585,1.1319306e-15
4977.49728312972,1.2761218e-15
4978.991535944855,1.2002218e-15
4980.485788759989,1.2684685e-15
4981.980041575124,1.3049358e-15
4983.474294390259,1.2442641e-15
4984.968547205394,1.1785926e-15
4986.462800020528,1.2615876e-15
4987.9570528356635,1.2077713e-15
4989.4513056507985,1.2063003e-15
4990.945558465934,1.2316825e-15
4992.439811281069,1.2266306e-15
4993.934064096204,1.1877493e-15
4995.428316911339,1.267439e-15
4996.922569726474,1.1588297e-15
4998.416822541609,1.1510058e-15
4999.911075356743,1.2287193e-15
5001.405328171878,1.1762652e-15
5002.899580987013,1.2741717e-15
5004.393833802147,1.2837711e-15
5005.888086617282,1.2192924e-15
5007.382339432417,1.0403095e-15
5008.876592247552,9.930351e-16
5010.370845062687,1.0066748e-15
5011.865097877822,9.728652e-16
5013.359350692957,1.0414015e-15
5014.853603508092,1.0308648e-15
5016.3478563232275,1.0331493e-15
5017.8421091383625,1.1395441e-15
5019.336361953497,1.1137274e-15
5020.830614768632,1.2200566e-15
5022.324867583767,1.1659089e-15
5023.819120398901,1.0849651e-15
5025.313373214036,1.1611922e-15
5026.807626029171,1.2786399e-15
5028.301878844306,1.1873517e-15
5029.796131659441,1.2363393e-15
5031.290384474576,1.2795369e-15
5032.784637289711,1.2305492e-15
5034.278890104846,1.2927535e-15
5035.773142919981,1.2669285e-15
5037.267395735116,1.1472878e-15
5038.76164855025,1.1025991e-15
5040.255901365385,1.2151445e-15
5041.75015418052,1.2585312e-15
5043.244406995655,1.2871825e-15
5044.73865981079,1.2207349e-15
5046.232912625925,1.1757844e-15
5047.72716544106,1.1521672e-15
5049.221418256195,1.3729908e-15
5050.71567107133,1.2624286e-15
5052.209923886465,1.1932082e-15
5053.7041767016,1.1442725e-15
5055.198429516735,1.1838776e-15
5056.69268233187,1.1806079e-15
5058.186935147004,1.2410078e-15
5059.681187962139,1.2507497e-15
5061.175440777274,1.3574596e-15
5062.669693592408,1.2734687e-15
5064.163946407543,1.2463753e-15
5065.658199222678,1.3227009e-15
5067.152452037813,1.2403729e-15
5068.6467048529485,1.1898094e-15
5070.1409576680835,1.2175609e-15
5071.6352104832185,1.3300094e-15
5073.129463298354,1.1767186e-15
5074.623716113489,1.2580468e-15
5076.117968928624,1.1752721e-15
5077.612221743758,1.2145974e-15
5079.106474558893,1.2540692e-15
5080.600727374028,1.3364438e-15
5082.094980189162,1.2411001e-15
5083.589233004297,1.24015e-15
5085.083485819432,1.1964186e-15
5086.577738634567,1.2136319e-15
5088.071991449702,1.3190498e-15
5089.566244264837,1.2182207e-15
5091.060497079972,1.1919216e-15
5092.554749895107,1.253278e-15
5094.049002710242,1.2350136e-15
5095.5432555253765,1.2495031e-15
5097.0375083405115,1.1878881e-15
5098.531761155647,1.2630838e-15
5100.026013970782,1.3030965e-15
5101.520266785916,1.3580612e-15
5103.014519601051,1.2763985e-15
5104.508772416186,1.2376791e-15
5106.003025231321,1.2358431e-15
5107.497278046456,1.2130115e-15
5108.991530861591,1.2447273e-15
5110.485783676726,1.2901157e-15
5111.980036491861,1.232748e-15
5113.474289306996,1.2615927e-15
5114.96854212213,1.3419863e-15
5116.462794937265,1.288093e-15
5117.9570477524,1.1202011e-15
5119.451300567534,1.1551775e-15
5120.9455533826695,1.2426577e-15
5122.4398061978045,1.2159342e-15
5123.9340590129395,1.171778e-15
5125.428311828075,1.3347262e-15
5126.92256464321,1.2885427e-15
5128.416817458345,1.1565891e-15
5129.91107027348,1.2417413e-15
5131.405323088615,1.376249e-15
5132.89957590375,1.3574895e-15
5134.393828718884,1.25289e-15
5135.888081534019,1.2889281e-15
5137.382334349154,1.2749302e-15
5138.876587164288,1.2532113e-15
5140.370839979423,1.2324896e-15
5141.865092794558,1.2557176e-15
5143.359345609693,1.2313037e-15
5144.853598424828,1.155268e-15
5146.347851239963,1.2649986e-15
5147.842104055098,1.3581777e-15
5149.336356870233,1.1431244e-15
5150.8306096853685,1.0392407e-15
5152.3248625005035,1.1519009e-15
5153.819115315638,1.2164262e-15
5155.313368130773,1.1359826e-15
5156.807620945908,1.0371257e-15
5158.301873761042,9.576235e-16
5159.796126576177,1.0420749e-15
5161.290379391312,1.1638694e-15
5162.784632206447,1.1386856e-15
5164.278885021582,1.0760388e-15
5165.773137836717,1.1164658e-15
5167.267390651852,1.1106428e-15
5168.761643466987,1.0869602e-15
5170.255896282122,1.1020115e-15
5171.750149097257,1.0319521e-15
5173.244401912391,1.0869124e-15
5174.738654727526,1.1129692e-15
5176.232907542661,9.911013e-16
5177.727160357796,1.0076913e-15
5179.221413172931,1.0980543e-15
5180.715665988066,1.0786432e-15
5182.209918803201,1.2253323e-15
5183.704171618336,1.2444335e-15
5185.198424433471,1.1085713e-15
5186.692677248606,1.1139258e-15
5188.186930063741,1.1145892e-15
5189.681182878876,1.1004153e-15
5191.175435694011,9.839209e-16
5192.669688509145,1.0554723e-15
5194.16394132428,1.0147363e-15
5195.658194139415,8.7878853e-16
5197.152446954549,9.530049e-16
5198.646699769684,8.842912e-16
5200.140952584819,1.0107451e-15
5201.635205399954,1.0981646e-15
5203.1294582150895,9.409368e-16
5204.6237110302245,9.00015e-16
5206.11796384536,8.7201857e-16
5207.612216660495,8.7314803e-16
5209.10646947563,9.281369e-16
5210.600722290764,1.0547486e-15
5212.094975105899,9.805805e-16
5213.589227921034,9.201371e-16
5215.083480736169,8.732921e-16
5216.577733551303,8.8778e-16
5218.071986366438,9.236913e-16
5219.566239181573,9.194315e-16
5221.060491996708,8.5676546e-16
5222.554744811843,9.658801e-16
5224.048997626978,9.587146e-16
5225.543250442113,9.784198e-16
5227.037503257248,8.7224314e-16
5228.531756072383,9.562508e-16
5230.0260088875175,9.615128e-16
5231.5202617026525,9.49312e-16
5233.014514517788,9.296461e-16
5234.508767332923,9.835964e-16
5236.003020148057,9.84524e-16
5237.497272963192,9.652812e-16
5238.991525778327,9.714948e-16
5240.485778593462,9.678319e-16
5241.980031408597,9.309433e-16
5243.474284223732,1.0661164e-15
5244.968537038867,9.456848e-16
5246.462789854002,9.569424e-16
5247.957042669137,9.652747e-16
5249.451295484271,9.567076e-16
5250.945548299406,9.711514e-16
5252.439801114541,1.0050295e-15
5253.934053929675,1.0209966e-15
5255.4283067448105,1.0340077e-15
5256.9225595599455,9.673168e-16
5258.416812375081,9.802818e-16
5259.911065190216,1.0154734e-15
5261.405318005351,1.0705764e-15
5262.899570820486,9.792982e-16
5264.393823635621,1.0226463e-15
5265.888076450756,1.0686788e-15
5267.382329265891,1.110634e-15
5268.876582081025,1.0585828e-15
5270.37083489616,9.657575e-16
5271.865087711295,9.792947e-16
5273.359340526429,1.0371143e-15
5274.853593341564,1.0935151e-15
5276.347846156699,9.991353e-16
5277.842098971834,9.782585e-16
5279.336351786969,1.0572599e-15
5280.830604602104,1.0801402e-15
5282.324857417239,1.0367582e-15
5283.819110232374,9.898617e-16
5285.3133630475095,1.0327765e-15
5286.8076158626445,1.0162052e-15
5288.301868677779,1.038522e-15
5289.796121492914,1.0159364e-15
5291.290374308049,9.791554e-16
5292.784627123183,1.0331836e-15
5294.278879938318,1.0187292e-15
5295.773132753453,1.0296432e-15
5297.267385568588,1.0750302e-15
5298.761638383723,1.0534206e-15
5300.255891198858,1.018999e-15
5301.750144013993,1.0176852e-15
5303.244396829128,9.852795e-16
5304.738649644263,9.932805e-16
5306.232902459398,1.0693617e-15
5307.727155274532,1.0299939e-15
5309.221408089667,1.0609783e-15
5310.7156609048025,1.0575364e-15
5312.209913719937,1.0194684e-15
5313.704166535072,1.0018393e-15
5315.198419350207,1.0176246e-15
5316.692672165342,1.0685213e-15
5318.186924980477,1.0350514e-15
5319.681177795612,1.0950404e-15
5321.175430610747,1.0319429e-15
5322.669683425882,9.591366e-16
5324.163936241017,9.920811e-16
5325.658189056152,9.991964e-16
5327.152441871286,1.0565515e-15
5328.646694686421,1.0790377e-15
5330.140947501556,1.0278448e-15
5331.63520031669,1.081878e-15
5333.129453131825,1.1036624e-15
5334.62370594696,1.0691438e-15
5336.117958762095,1.1005382e-15
5337.6122115772305,1.0383619e-15
5339.1064643923655,1.0208048e-15
5340.600717207501,1.0266608e-15
5342.094970022636,9.824348e-16
5343.589222837771,1.0991433e-15
5345.083475652905,1.2042826e-15
5346.57772846804,1.1160173e-15
5348.071981283175,1.0486753e-15
5349.56623409831,1.0759645e-15
5351.060486913444,1.1839065e-15
5352.554739728579,1.1338973e-15
5354.048992543714,9.868862e-16
5355.543245358849,1.0459994e-15
5357.037498173984,9.99876e-16
5358.531750989119,9.747143e-16
5360.026003804254,1.0309068e-15
5361.520256619389,1.0042251e-15
5363.014509434524,9.974716e-16
5364.5087622496585,9.798586e-16
5366.0030150647935,1.0074424e-15
5367.497267879929,1.0049733e-15
5368.991520695063,1.0074769e-15
5370.485773510198,1.0470811e-15
5371.980026325333,9.862611e-16
5373.474279140468,9.87955e-16
5374.968531955603,1.0616724e-15
5376.462784770738,1.1250096e-15
5377.957037585873,1.0350053e-15
5379.451290401008,1.0088393e-15
5380.945543216143,1.0487025e-15
5382.439796031278,9.67199e-16
5383.934048846412,9.48954e-16
5385.428301661547,9.526672e-16
5386.922554476682,1.0023916e-15
5388.416807291816,1.0106828e-15
5389.9110601069515,1.0303535e-15
5391.4053129220865,9.930008e-16
5392.899565737222,1.0076015e-15
5394.393818552357,8.7478773e-16
5395.888071367492,7.502189e-16
5397.382324182627,7.4001955e-16
5398.876576997762,7.9548427e-16
5400.370829812897,1.0131542e-15
5401.865082628032,1.0134787e-15
5403.359335443166,9.909175e-16
5404.853588258301,1.1074277e-15
5406.347841073436,1.0422425e-15
5407.84209388857,9.748336e-16
5409.336346703705,9.910367e-16
5410.83059951884,9.26569e-16
5412.324852333975,9.773488e-16
5413.81910514911,1.07875e-15
5415.313357964245,9.483488e-16
5416.80761077938,9.538647e-16
5418.301863594515,9.488584e-16
5419.7961164096505,1.0025866e-15
5421.2903692247855,9.637297e-16
5422.78462203992,9.865302e-16
5424.278874855055,9.093767e-16
5425.77312767019,9.179313e-16
5427.267380485324,8.6800093e-16
5428.761633300459,8.7381523e-16
5430.255886115594,8.6002034e-16
5431.750138930729,8.4185133e-16
5433.244391745864,8.5470924e-16
5434.738644560999,8.2593013e-16
5436.232897376134,8.3204915e-16
5437.727150191269,8.713343e-16
5439.221403006404,8.883994e-16
5440.715655821539,1.0241194e-15
5442.209908636673,8.763834e-16
5443.704161451808,8.1325476e-16
5445.1984142669435,8.1338996e-16
5446.692667082078,7.9732064e-16
5448.186919897213,8.6955227e-16
5449.681172712348,8.941943e-16
5451.175425527483,9.195992e-16
5452.669678342618,9.041283e-16
5454.163931157753,8.882745e-16
5455.658183972888,8.4479646e-16
5457.152436788023,8.867746e-16
5458.646689603158,9.411363e-16
5460.140942418292,8.919391e-16
5461.635195233427,8.484537e-16
5463.129448048562,8.4440466e-16
5464.623700863697,7.8300403e-16
5466.117953678831,7.760901e-16
5467.612206493966,8.065973e-16
5469.106459309101,8.5116594e-16
5470.600712124236,9.185685e-16
5472.0949649393715,8.890816e-16
5473.5892177545065,7.7816943e-16
5475.083470569642,8.7176467e-16
5476.577723384777,8.7527626e-16
5478.071976199912,8.4222127e-16
5479.566229015046,8.558219e-16
5481.060481830181,8.1885687e-16
5482.554734645316,8.000954e-16
5484.04898746045,8.1792424e-16
5485.543240275585,8.756941e-16
5487.03749309072,8.94466e-16
5488.531745905855,8.441414e-16
5490.02599872099,8.2079144e-16
5491.520251536125,8.1801974e-16
5493.01450435126,7.8839863e-16
5494.508757166395,8.15416e-16
5496.00300998153,8.4542507e-16
5497.497262796665,8.5244813e-16
5498.9915156117995,8.3099904e-16
5500.485768426935,8.082681e-16
5501.98002124207,8.6522965e-16
5503.474274057204,8.631097e-16
5504.968526872339,8.258216e-16
5506.462779687474,8.392896e-16
5507.957032502609,8.048782e-16
5509.451285317744,8.537294e-16
5510.945538132879,8.349442e-16
5512.439790948014,8.491867e-16
5513.934043763149,8.719849e-16
5515.428296578284,8.661277e-16
5516.922549393419,8.404093e-16
5518.416802208553,8.673618e-16
5519.911055023688,8.5225856e-16
5521.405307838823,8.1237485e-16
5522.899560653957,8.4541856e-16
5524.3938134690925,8.2821256e-16
5525.8880662842275,8.797815e-16
5527.382319099363,9.003347e-16
5528.876571914498,8.268545e-16
5530.370824729633,8.42247e-16
5531.865077544768,8.203057e-16
5533.359330359903,7.589449e-16
5534.853583175038,7.3966734e-16
5536.347835990173,7.264099e-16
5537.842088805307,7.670053e-16
5539.336341620442,8.211297e-16
5540.830594435577,8.4098164e-16
5542.324847250711,8.1624176e-16
5543.819100065846,8.068925e-16
5545.313352880981,7.410554e-16
5546.807605696116,7.869992e-16
5548.301858511251,8.081069e-16
5549.796111326386,7.5923115e-16
5551.290364141521,8.0979606e-16
5552.7846169566565,8.884466e-16
5554.2788697717915,8.496128e-16
5555.773122586927,8.237722e-16
5557.267375402061,8.1559955e-16
5558.761628217196,9.176749e-16
5560.255881032331,9.992153e-16
5561.750133847465,1.0077146e-15
5563.2443866626,1.0729857e-15
5564.738639477735,1.0558697e-15
5566.23289229287,9.792971e-16
5567.727145108005,1.0361927e-15
5569.22139792314,1.1171978e-15
5570.715650738275,1.0845687e-15
5572.20990355341,1.0682628e-15
5573.704156368545,1.0449421e-15
5575.198409183679,1.0908663e-15
5576.692661998814,1.129064e-15
5578.186914813949,1.0840564e-15
5579.6811676290845,1.2190419e-15
5581.175420444219,1.1672703e-15
5582.669673259354,1.0740602e-15
5584.163926074489,1.2112648e-15
5585.658178889624,1.0475198e-15
5587.152431704759,9.723286e-16
5588.646684519894,1.0178919e-15
5590.140937335029,9.97589e-16
5591.635190150164,1.075063e-15
5593.129442965299,1.0735381e-15
5594.623695780433,1.0784191e-15
5596.117948595568,1.0276669e-15
5597.612201410703,7.958854e-16
5599.106454225837,8.0052994e-16
5600.600707040972,7.866716e-16
5602.094959856107,8.566616e-16
5603.589212671242,8.3324135e-16
5605.0834654863775,8.480435e-16
5606.5777183015125,7.6931794e-16
5608.071971116648,8.1879716e-16
5609.566223931783,8.18614e-16
5611.060476746918,7.473212e-16
5612.554729562053,8.2084364e-16
5614.048982377187,8.6189303e-16
5615.543235192322,8.29538e-16
5617.037488007457,9.76304e-16
5618.531740822591,9.516289e-16
5620.025993637726,1.0114041e-15
5621.520246452861,9.057989e-16
5623.014499267996,8.5397057e-16
5624.508752083131,9.007262e-16
5626.003004898266,9.92657e-16
5627.497257713401,9.089154e-16
5628.991510528536,8.3789505e-16
5630.485763343671,8.903133e-16
5631.980016158806,8.674889e-16
5633.4742689739405,8.7686074e-16
5634.968521789076,8.739162e-16
5636.462774604211,8.27881e-16
5637.957027419345,8.594626e-16
5639.45128023448,9.441359e-16
5640.945533049615,8.8139665e-16
5642.43978586475,8.4043853e-16
5643.934038679885,9.000855e-16
5645.42829149502,9.0437e-16
5646.922544310155,9.101844e-16
5648.41679712529,9.000355e-16
5649.911049940425,8.7961444e-16
5651.40530275556,9.033798e-16
5652.899555570694,9.478515e-16
5654.393808385829,9.672191e-16
5655.888061200964,9.447477e-16
5657.3823140160985,8.7122294e-16
5658.8765668312335,8.687814e-16
5660.370819646369,9.01263e-16
5661.865072461504,9.832227e-16
5663.359325276639,8.903038e-16
5664.853578091774,8.6002723e-16
5666.347830906909,9.032716e-16
5667.842083722044,8.959756e-16
5669.336336537179,8.4260847e-16
5670.830589352314,9.623897e-16
5672.324842167448,8.915999e-16
5673.819094982583,8.915659e-16
5675.313347797718,8.8474667e-16
5676.807600612852,9.93273e-16
5678.301853427987,9.101631e-16
5679.796106243122,8.84599e-16
5681.290359058257,7.865571e-16
5682.784611873392,7.5928843e-16
5684.278864688527,9.117534e-16
5685.773117503662,8.426369e-16
5687.2673703187975,8.273034e-16
5688.7616231339325,8.80155e-16
5690.255875949067,8.2104915e-16
5691.750128764202,8.3982713e-16
5693.244381579337,8.4957717e-16
5694.738634394472,8.477893e-16
5696.232887209606,8.583934e-16
5697.727140024741,8.4800243e-16
5699.221392839876,9.058354e-16
5700.715645655011,9.081471e-16
5702.209898470146,8.8663703e-16
5703.704151285281,8.762035e-16
5705.198404100416,8.385724e-16
5706.692656915551,8.4098397e-16
5708.186909730686,8.162253e-16
5709.68116254582,8.2580773e-16
5711.175415360955,8.3644207e-16
5712.66966817609,8.6810607e-16
5714.1639209912255,9.141571e-16
5715.65817380636,8.257581e-16
5717.152426621495,8.62172e-16
5718.64667943663,8.5186686e-16
5720.140932251765,9.262527e-16
5721.6351850669,8.4692257e-16
5723.129437882035,8.5379163e-16
5724.62369069717,8.3514987e-16
5726.117943512305,8.684642e-16
5727.61219632744,8.76236e-16
5729.106449142574,8.746731e-16
5730.600701957709,8.5676567e-16
5732.094954772844,8.4092033e-16
5733.589207587978,8.382157e-16
5735.083460403113,8.68308e-16
5736.577713218248,8.6287024e-16
5738.071966033383,8.4301806e-16
5739.5662188485185,8.6953644e-16
5741.0604716636535,8.4163015e-16
5742.554724478789,8.0538397e-16
5744.048977293924,7.985833e-16
5745.543230109059,8.074946e-16
5747.037482924194,8.0982533e-16
5748.531735739328,7.927959e-16
5750.025988554463,8.424399e-16
5751.520241369598,9.04837e-16
5753.014494184732,8.705782e-16
5754.508746999867,8.1915487e-16
5756.002999815002,8.2408254e-16
5757.497252630137,7.6802457e-16
5758.991505445272,6.69786e-16
5760.485758260407,7.025109e-16
5761.980011075542,7.565759e-16
5763.474263890677,7.701353e-16
5764.968516705812,7.805696e-16
5766.462769520947,7.557904e-16
5767.9570223360815,8.3168625e-16
5769.451275151217,7.623055e-16
5770.945527966352,6.794226e-16
5772.439780781486,7.3367956e-16
5773.934033596621,7.6282797e-16
5775.428286411756,6.9775456e-16
5776.922539226891,7.5033535e-16
5778.416792042026,7.5107523e-16
5779.911044857161,7.543825e-16
5781.405297672296,7.145787e-16
5782.899550487431,7.540726e-16
5784.393803302566,7.309495e-16
5785.888056117701,7.7764835e-16
5787.382308932835,7.2848227e-16
5788.87656174797,7.8771364e-16
5790.370814563105,8.1354677e-16
5791.8650673782395,7.722796e-16
5793.3593201933745,8.0118623e-16
5794.85357300851,8.3070083e-16
5796.347825823645,8.5863703e-16
5797.84207863878,7.936076e-16
5799.336331453915,7.8794795e-16
5800.83058426905,8.4357266e-16
5802.324837084185,7.4074656e-16
5803.81908989932,7.824807e-16
5805.313342714455,8.145651e-16
5806.807595529589,6.895756e-16
5808.301848344724,8.0024465e-16
5809.796101159859,8.594284e-16
5811.290353974993,8.2908024e-16
5812.784606790128,8.4414716e-16
5814.278859605263,7.648421e-16
5815.773112420398,7.3446036e-16
5817.267365235533,7.8208574e-16
5818.761618050668,7.199026e-16
5820.255870865803,7.205428e-16
5821.7501236809385,7.227626e-16
5823.2443764960735,7.429413e-16
5824.738629311208,8.3675214e-16
5826.232882126343,7.77111e-16
5827.727134941478,7.555119e-16
5829.221387756613,7.179391e-16
5830.715640571747,7.4801464e-16
5832.209893386882,7.221027e-16
5833.704146202017,7.166736e-16
5835.198399017152,6.767075e-16
5836.692651832287,6.256e-16
5838.186904647422,6.705351e-16
5839.681157462557,6.9418765e-16
5841.175410277692,7.1160514e-16
5842.669663092827,7.070201e-16
5844.163915907961,6.7302115e-16
5845.658168723096,7.4289385e-16
5847.1524215382315,7.308695e-16
5848.646674353366,6.4275645e-16
5850.140927168501,6.805992e-16
5851.635179983636,7.230181e-16
5853.129432798771,7.439493e-16
5854.623685613906,7.2507344e-16
5856.117938429041,6.6849015e-16
5857.612191244176,6.5927343e-16
5859.106444059311,6.4235146e-16
5860.600696874446,5.681415e-16
5862.094949689581,5.4395715e-16
5863.589202504715,6.165267e-16
5865.08345531985,7.4795593e-16
5866.577708134985,7.2966817e-16
5868.071960950119,7.989081e-16
5869.566213765254,8.1201253e-16
5871.060466580389,7.781184e-16
5872.554719395524,7.460409e-16
5874.0489722106595,6.057378e-16
5875.5432250257945,7.345323e-16
5877.03747784093,6.9486353e-16
5878.531730656065,6.7405887e-16
5880.0259834712,7.2039035e-16
5881.520236286335,7.2259486e-16
5883.014489101469,8.975974e-16
5884.508741916604,1.0062965e-15
5886.002994731739,8.251716e-16
5887.497247546873,7.637815e-16
5888.991500362008,7.583495e-16
5890.485753177143,7.258599e-16
5891.980005992278,8.490185e-16
5893.474258807413,8.2876996e-16
5894.968511622548,7.6515964e-16
5896.462764437683,7.800723e-16
5897.957017252818,7.6103173e-16
5899.451270067953,8.8307775e-16
5900.945522883088,8.504475e-16
5902.439775698223,8.127712e-16
5903.934028513358,7.7715823e-16
5905.428281328493,8.6239394e-16
5906.922534143627,8.586439e-16
5908.416786958762,8.6708497e-16
5909.911039773897,7.8567097e-16
5911.405292589032,7.770033e-16
5912.899545404167,7.777265e-16
5914.393798219302,7.617791e-16
5915.888051034437,8.0304494e-16
5917.382303849572,8.103563e-16
5918.876556664707,7.7917714e-16
5920.370809479842,7.54999e-16
5921.865062294976,8.787242e-16
5923.359315110111,8.6053523e-16
5924.853567925246,7.731434e-16
5926.3478207403805,7.855035e-16
5927.8420735555155,8.228938e-16
5929.336326370651,8.003758e-16
5930.830579185786,7.4234163e-16
5932.324832000921,7.5947716e-16
5933.819084816056,7.896646e-16
5935.313337631191,8.306412e-16
5936.807590446326,7.8431487e-16
5938.301843261461,8.4632615e-16
5939.796096076595,7.6426036e-16
5941.29034889173,8.0029764e-16
5942.784601706865,7.8028553e-16
5944.278854522,8.004955e-16
5945.773107337134,9.016426e-16
5947.267360152269,9.096355e-16
5948.761612967404,8.3010817e-16
5950.255865782539,7.7035243e-16
5951.750118597674,8.3293197e-16
5953.244371412809,8.047164e-16
5954.7386242279445,8.0069553e-16
5956.2328770430795,7.8846803e-16
5957.7271298582145,7.1379133e-16
5959.221382673349,6.952582e-16
5960.715635488484,7.647514e-16
5962.209888303619,7.90935e-16
5963.704141118753,8.1104485e-16
5965.198393933888,8.978652e-16
5966.692646749023,8.7893777e-16
5968.186899564158,8.739235e-16
5969.681152379293,9.493691e-16
5971.175405194428,8.463986e-16
5972.669658009563,8.1660694e-16
5974.163910824698,7.904987e-16
5975.658163639833,7.4276076e-16
5977.152416454968,8.3102185e-16
5978.646669270102,7.8503855e-16
5980.140922085237,8.8402203e-16
5981.6351749003725,8.3401215e-16
5983.129427715507,9.143383e-16
5984.623680530642,8.947325e-16
5986.117933345777,8.7102595e-16
5987.612186160912,9.232007e-16
5989.106438976047,8.902647e-16
5990.600691791182,8.899375e-16
5992.094944606317,8.8779455e-16
5993.589197421452,8.3784513e-16
5995.083450236587,8.872175e-16
5996.577703051722,8.8464825e-16
5998.071955866856,8.5796597e-16
5999.566208681991,8.7613123e-16
6001.060461497126,8.165158e-16
6002.55471431226,7.8729245e-16
6004.048967127395,8.785732e-16
6005.54321994253,9.317645e-16
6007.0374727576655,8.445081e-16
6008.5317255728005,8.839332e-16
6010.0259783879355,9.883899e-16
6011.520231203071,8.7364603e-16
6013.014484018206,8.5516404e-16
6014.508736833341,8.283595e-16
6016.002989648476,8.382866e-16
6017.49724246361,8.4747605e-16
6018.991495278745,9.597946e-16
6020.48574809388,8.6965916e-16
6021.980000909014,8.339192e-16
6023.474253724149,8.993534e-16
6024.968506539284,8.252734e-16
6026.462759354419,8.113879e-16
6027.957012169554,8.655152e-16
6029.451264984689,8.523505e-16
6030.945517799824,8.631337e-16
6032.439770614959,8.6245863e-16
6033.934023430094,8.919707e-16
6035.428276245229,8.901068e-16
6036.922529060364,8.5118007e-16
6038.416781875499,9.245252e-16
6039.911034690634,8.7993404e-16
6041.405287505768,8.759786e-16
6042.899540320903,8.1319245e-16
6044.393793136038,8.805246e-16
6045.888045951173,9.109737e-16
6047.382298766308,8.1616516e-16
6048.876551581443,8.4616543e-16
6050.370804396578,8.930864e-16
6051.865057211713,7.6856964e-16
6053.359310026848,8.2979265e-16
6054.853562841982,8.5484995e-16
6056.347815657117,8.1824394e-16
6057.842068472252,8.931408e-16
6059.336321287387,8.6130757e-16
6060.8305741025215,8.061921e-16
6062.3248269176565,8.883056e-16
6063.819079732792,8.960168e-16
6065.313332547927,8.633078e-16
6066.807585363062,8.5313767e-16
6068.301838178197,8.310244e-16
6069.796090993332,8.183195e-16
6071.290343808467,7.3703857e-16
6072.784596623602,7.804957e-16
6074.278849438736,8.471515e-16
6075.773102253871,9.117842e-16
6077.267355069006,8.4912067e-16
6078.76160788414,8.0423973e-16
6080.255860699275,8.262867e-16
6081.75011351441,1.0028144e-15
6083.244366329545,9.456248e-16
6084.73861914468,9.216788e-16
6086.232871959815,8.7629984e-16
6087.72712477495,8.322447e-16
6089.2213775900855,8.429058e-16
6090.7156304052205,7.365469e-16
6092.209883220356,7.339787e-16
6093.70413603549,8.4312124e-16
6095.198388850625,8.916972e-16
6096.69264166576,8.66828e-16
6098.186894480894,8.4060407e-16
6099.681147296029,8.5277594e-16
6101.175400111164,8.3560367e-16
6102.669652926299,8.76914e-16
6104.163905741434,8.918082e-16
6105.658158556569,8.0107643e-16
6107.152411371704,8.7581693e-16
6108.646664186839,9.507234e-16
6110.140917001974,8.997188e-16
6111.635169817109,8.52831e-16
6113.129422632243,9.134313e-16
6114.623675447378,8.629693e-16
6116.1179282625135,8.959579e-16
6117.612181077648,8.6204814e-16
6119.106433892783,8.594112e-16
6120.600686707918,8.7441975e-16
6122.094939523053,9.050112e-16
6123.589192338188,9.402705e-16
6125.083445153323,8.6592877e-16
6126.577697968458,8.7483574e-16
6128.071950783593,9.165187e-16
6129.566203598728,8.660213e-16
6131.060456413863,9.17269e-16
6132.554709228997,8.968579e-16
6134.048962044132,8.8157776e-16
6135.543214859267,8.795474e-16
6137.037467674401,8.47321e-16
6138.531720489536,8.950415e-16
6140.025973304671,8.1825887e-16
6141.5202261198065,8.024706e-16
6143.0144789349415,8.358957e-16
6144.508731750077,8.1357075e-16
6146.002984565212,8.038696e-16
6147.497237380347,8.1063467e-16
6148.991490195482,9.057149e-16
6150.485743010617,8.754298e-16
6151.979995825751,8.560443e-16
6153.474248640886,8.809322e-16
6154.968501456021,8.521731e-16
6156.462754271155,8.799405e-16
6157.95700708629,8.598815e-16
6159.451259901425,8.153737e-16
6160.94551271656,9.251274e-16
6162.439765531695,9.378526e-16
6163.93401834683,8.361508e-16
6165.428271161965,8.256008e-16
6166.9225239771,8.467842e-16
6168.416776792235,8.621445e-16
6169.9110296073695,8.944715e-16
6171.405282422505,8.4604e-16
6172.89953523764,8.5602404e-16
6174.393788052775,8.354578e-16
6175.888040867909,8.074669e-16
6177.382293683044,8.4806643e-16
6178.876546498179,8.046931e-16
6180.370799313314,8.654663e-16
6181.865052128449,8.962095e-16
6183.359304943584,7.9877753e-16
6184.853557758719,8.396612e-16
6186.347810573854,8.8057476e-16
6187.842063388989,8.11376e-16
6189.336316204123,8.308912e-16
6190.830569019258,8.664059e-16
6192.324821834393,8.38661e-16
6193.819074649528,8.226031e-16
6195.3133274646625,7.86223e-16
6196.807580279798,7.8557075e-16
6198.301833094933,7.90142e-16
6199.796085910068,8.493417e-16
6201.290338725203,8.8359047e-16
6202.784591540338,8.105132e-16
6204.278844355473,8.060219e-16
6205.773097170608,8.235383e-16
6207.267349985743,8.8604856e-16
6208.761602800877,8.982238e-16
6210.255855616012,8.2109913e-16
6211.750108431147,8.398837e-16
6213.244361246281,8.6810834e-16
6214.738614061416,8.6098665e-16
6216.232866876551,9.37145e-16
6217.727119691686,8.90188e-16
6219.221372506821,8.2543975e-16
6220.715625321956,8.2254777e-16
6222.209878137091,7.230559e-16
6223.7041309522265,7.874733e-16
6225.1983837673615,8.2969545e-16
6226.692636582497,7.913456e-16
6228.186889397631,8.170226e-16
6229.681142212766,8.179118e-16
6231.175395027901,7.8403995e-16
6232.669647843035,7.778751e-16
6234.16390065817,8.093068e-16
6235.658153473305,8.5253427e-16
6237.15240628844,8.558978e-16
6238.646659103575,8.3973735e-16
6240.14091191871,8.202901e-16
6241.635164733845,7.926103e-16
6243.12941754898,8.039888e-16
6244.623670364115,8.2924425e-16
6246.11792317925,8.7410687e-16
6247.612175994384,8.4272446e-16
6249.1064288095195,8.292037e-16
6250.6006816246545,7.708799e-16
6252.094934439789,8.2735574e-16
6253.589187254924,8.921407e-16
6255.083440070059,8.6904686e-16
6256.577692885194,7.9587353e-16
6258.071945700329,8.352051e-16
6259.566198515464,8.541343e-16
6261.060451330599,7.9956003e-16
6262.554704145734,7.6024966e-16
6264.048956960869,8.0098617e-16
6265.543209776004,8.675888e-16
6267.037462591138,8.281315e-16
6268.531715406273,7.5768616e-16
6270.025968221408,7.649435e-16
6271.520221036542,7.8332924e-16
6273.014473851677,7.835214e-16
6274.508726666812,7.802938e-16
6276.0029794819475,7.2688053e-16
6277.4972322970825,7.7325495e-16
6278.991485112218,7.4805826e-16
6280.485737927353,7.0261976e-16
6281.979990742488,7.550414e-16
6283.474243557623,7.935642e-16
6284.968496372758,7.8640985e-16
6286.462749187892,7.3906303e-16
6287.957002003027,7.489624e-16
6289.451254818162,7.526439e-16
6290.945507633296,7.231077e-16
6292.439760448431,7.5793435e-16
6293.934013263566,7.8719796e-16
6295.428266078701,8.263363e-16
6296.922518893836,7.542057e-16
6298.416771708971,7.1514764e-16
6299.911024524106,7.643539e-16
6301.405277339241,7.5697783e-16
6302.899530154376,7.4438754e-16
6304.3937829695105,7.308171e-16
6305.888035784646,8.357249e-16
6307.382288599781,8.126354e-16
6308.876541414916,7.853755e-16
6310.37079423005,7.9175923e-16
6311.865047045185,7.952256e-16
6313.35929986032,7.712289e-16
6314.853552675455,7.349817e-16
6316.34780549059,7.2259634e-16
6317.842058305725,7.0622134e-16
6319.33631112086,7.427555e-16
6320.830563935995,7.734451e-16
6322.32481675113,7.815432e-16
6323.819069566264,7.8559977e-16
6325.313322381399,7.3542566e-16
6326.807575196534,7.949573e-16
6328.3018280116685,7.260795e-16
6329.7960808268035,7.6248286e-16
6331.290333641939,7.6488044e-16
6332.784586457074,7.5438745e-16
6334.278839272209,7.022392e-16
6335.773092087344,6.866789e-16
6337.267344902479,7.6512206e-16
6338.761597717614,7.807665e-16
6340.255850532749,7.341931e-16
6341.750103347884,7.402448e-16
6343.244356163018,7.667363e-16
6344.738608978153,7.6990414e-16
6346.232861793288,7.544218e-16
6347.727114608422,7.8142077e-16
6349.221367423557,7.209645e-16
6350.715620238692,7.42008e-16
6352.209873053827,7.409811e-16
6353.704125868962,7.1369524e-16
6355.198378684097,6.8053263e-16
6356.692631499232,7.202027e-16
6358.1868843143675,7.394748e-16
6359.6811371295025,7.1735024e-16
6361.175389944638,7.62816e-16
6362.669642759772,7.7577593e-16
6364.163895574907,7.6127827e-16
6365.658148390042,7.9822103e-16
6367.152401205176,7.33198e-16
6368.646654020311,7.045126e-16
6370.140906835446,7.5357694e-16
6371.635159650581,7.5492886e-16
6373.129412465716,7.709863e-16
6374.623665280851,7.4221474e-16
6376.117918095986,7.0338876e-16
6377.612170911121,6.9441196e-16
6379.106423726256,7.845571e-16
6380.600676541391,7.400194e-16
6382.094929356525,7.101446e-16
6383.5891821716605,7.8940665e-16
6385.0834349867955,8.190875e-16
6386.57768780193,8.0514913e-16
6388.071940617065,7.3864174e-16
6389.5661934322,7.013174e-16
6391.060446247335,8.1908155e-16
6392.55469906247,7.856136e-16
6394.048951877605,7.0380126e-16
6395.54320469274,7.405445e-16
6397.037457507875,8.0067166e-16
6398.53171032301,8.276509e-16
6400.025963138145,7.612498e-16
6401.520215953279,7.209733e-16
6403.014468768414,7.3696896e-16
6404.508721583549,7.6104963e-16
6406.002974398683,7.547213e-16
6407.497227213818,6.979404e-16
6408.991480028953,6.864833e-16
6410.4857328440885,7.1611215e-16
6411.9799856592235,7.2149144e-16
6413.474238474359,7.6155303e-16
6414.968491289494,7.624564e-16
6416.462744104629,7.4369345e-16
6417.956996919764,6.2894753e-16
6419.451249734898,7.3710686e-16
6420.945502550033,7.616188e-16
6422.439755365168,7.2429607e-16
6423.934008180303,6.218362e-16
6425.428260995437,6.8510333e-16
6426.922513810572,7.0927786e-16
6428.416766625707,6.6838237e-16
6429.911019440842,7.442981e-16
6431.405272255977,7.9245e-16
6432.899525071112,7.445663e-16
6434.393777886247,7.1727803e-16
6435.888030701382,7.1260453e-16
6437.382283516517,7.4292206e-16
6438.876536331652,6.9972677e-16
6440.370789146787,6.9472287e-16
6441.865041961922,7.181876e-16
6443.359294777056,6.6847e-16
6444.853547592191,6.945992e-16
6446.347800407326,6.8476695e-16
6447.842053222461,6.951907e-16
6449.336306037596,7.392042e-16
6450.830558852731,7.001103e-16
6452.324811667866,6.777416e-16
6453.819064483001,7.310116e-16
6455.313317298136,7.3564e-16
6456.807570113271,7.0095185e-16
6458.301822928405,6.9487687e-16
6459.79607574354,6.7139924e-16
6461.290328558675,5.9418175e-16
6462.7845813738095,6.5410245e-16
6464.2788341889445,6.705475e-16
6465.77308700408,6.445016e-16
6467.267339819215,6.729305e-16
6468.76159263435,6.2015724e-16
6470.255845449485,6.3806224e-16
6471.75009826462,7.254639e-16
6473.244351079755,7.0985564e-16
6474.73860389489,6.297598e-16
6476.232856710025,6.631693e-16
6477.727109525159,7.377006e-16
6479.221362340294,7.1044587e-16
6480.715615155429,7.104243e-16
6482.209867970563,6.584754e-16
6483.704120785698,6.673838e-16
6485.198373600833,6.737404e-16
6486.692626415968,7.1531006e-16
6488.186879231103,6.885749e-16
6489.681132046238,6.732982e-16
6491.1753848613735,6.8856335e-16
6492.6696376765085,6.6488084e-16
6494.1638904916435,6.426725e-16
6495.658143306779,6.924376e-16
6497.152396121913,7.1971055e-16
6498.646648937048,7.027489e-16
6500.140901752183,7.2221936e-16
6501.635154567317,7.0606777e-16
6503.129407382452,7.1049897e-16
6504.623660197587,6.935035e-16
6506.117913012722,6.7887107e-16
6507.612165827857,6.6105643e-16
6509.106418642992,6.9097364e-16
6510.600671458127,6.8985577e-16
6512.094924273262,7.2096353e-16
6513.589177088397,6.9179706e-16
6515.083429903532,6.4180306e-16
6516.577682718666,6.8378016e-16
6518.0719355338015,6.8898126e-16
6519.5661883489365,6.620992e-16
6521.060441164071,7.028811e-16
6522.554693979206,6.7897955e-16
6524.048946794341,6.945747e-16
6525.543199609476,7.2727604e-16
6527.037452424611,7.4212066e-16
6528.531705239746,7.844143e-16
6530.025958054881,7.740448e-16
6531.520210870016,7.699008e-16
6533.014463685151,7.818958e-16
6534.508716500285,8.137042e-16
6536.00296931542,8.0710016e-16
6537.497222130555,8.2058773e-16
6538.99147494569,8.973991e-16
6540.485727760824,9.361563e-16
6541.979980575959,9.727655e-16
6543.4742333910945,1.0122912e-15
6544.9684862062295,9.594688e-16
6546.4627390213645,9.566424e-16
6547.9569918365,9.656202e-16
6549.451244651635,1.0348861e-15
6550.94549746677,1.0661557e-15
6552.439750281905,1.0160861e-15
6553.934003097039,1.1361418e-15
6555.428255912174,1.115376e-15
6556.922508727309,9.747032e-16
6558.416761542443,9.431666e-16
6559.911014357578,9.162116e-16
6561.405267172713,8.904898e-16
6562.899519987848,8.778188e-16
6564.393772802983,8.5452887e-16
6565.888025618118,7.81029e-16
6567.382278433253,7.1649786e-16
6568.876531248388,7.3054723e-16
6570.370784063523,7.413384e-16
6571.865036878658,7.6564033e-16
6573.359289693793,7.472956e-16
6574.853542508928,6.846893e-16
6576.347795324063,6.7940656e-16
6577.842048139197,6.921175e-16
6579.336300954332,6.739747e-16
6580.830553769467,6.8379143e-16
6582.324806584602,7.0929014e-16
6583.819059399737,7.1336765e-16
6585.313312214872,6.843401e-16
6586.807565030007,6.642876e-16
6588.301817845142,6.9292e-16
6589.796070660277,6.9214064e-16
6591.290323475412,7.003188e-16
6592.784576290546,6.616899e-16
6594.278829105681,6.417611e-16
6595.773081920816,6.3436235e-16
6597.2673347359505,6.212573e-16
6598.7615875510855,6.557114e-16
6600.255840366221,6.7094136e-16
6601.750093181356,6.415164e-16
6603.244345996491,6.6694707e-16
6604.738598811626,6.6436945e-16
6606.232851626761,6.5813766e-16
6607.727104441896,6.257281e-16
6609.221357257031,6.636313e-16
6610.715610072166,6.3828067e-16
6612.2098628873,6.297638e-16
6613.704115702435,6.2643677e-16
6615.19836851757,6.27665e-16
6616.692621332704,6.5816546e-16
6618.186874147839,6.447557e-16
6619.681126962974,6.1035257e-16
6621.175379778109,6.2361747e-16
6622.669632593244,6.169769e-16
6624.163885408379,6.1953064e-16
6625.6581382235145,6.448789e-16
6627.1523910386495,7.0404404e-16
6628.646643853785,6.441174e-16
6630.14089666892,6.007632e-16
6631.635149484054,6.2222643e-16
6633.129402299189,6.5665033e-16
6634.623655114324,6.1736367e-16
6636.117907929458,5.7852694e-16
6637.612160744593,5.8326186e-16
6639.106413559728,5.9220303e-16
6640.600666374863,6.2326876e-16
6642.094919189998,6.387667e-16
6643.589172005133,6.1393266e-16
6645.083424820268,4.9583144e-16
6646.577677635403,5.970645e-16
6648.071930450538,5.930493e-16
6649.566183265672,5.69132e-16
6651.060436080807,5.579446e-16
6652.5546888959425,6.2447435e-16
6654.0489417110775,6.1377913e-16
6655.543194526212,5.7452127e-16
6657.037447341347,6.332561e-16
6658.531700156482,6.326336e-16
6660.025952971617,5.80351e-16
6661.520205786752,5.9913806e-16
6663.014458601887,6.2867077e-16
6664.508711417022,6.235997e-16
6666.002964232157,6.287158e-16
6667.497217047292,6.0954174e-16
6668.991469862426,6.346964e-16
6670.485722677561,6.0353856e-16
6671.979975492696,5.5003006e-16
6673.474228307831,5.18212e-16
6674.968481122965,4.9294993e-16
6676.4627339381,5.5353905e-16
6677.9569867532355,6.107979e-16
6679.4512395683705,5.2875513e-16
6680.945492383506,5.515692e-16
6682.439745198641,6.039018e-16
6683.933998013776,5.794436e-16
6685.428250828911,5.915977e-16
6686.922503644046,5.974449e-16
6688.41675645918,6.7046454e-16
6689.911009274315,6.261054e-16
6691.40526208945,5.391306e-16
6692.899514904584,5.5605664e-16
6694.393767719719,5.994276e-16
6695.888020534854,6.0674563e-16
6697.382273349989,5.974392e-16
6698.876526165124,6.2563606e-16
6700.370778980259,6.2128506e-16
6701.865031795394,4.966632e-16
6703.359284610529,5.5479435e-16
6704.853537425664,5.7255383e-16
6706.347790240799,5.7870673e-16
6707.842043055934,5.744734e-16
6709.336295871069,6.052734e-16
6710.830548686204,6.063491e-16
6712.324801501338,5.8791366e-16
6713.819054316473,6.158388e-16
6715.313307131608,5.913492e-16
6716.807559946743,5.5912274e-16
6718.301812761878,5.6525955e-16
6719.796065577013,5.57473e-16
6721.290318392148,5.920283e-16
6722.784571207283,5.8412763e-16
6724.278824022418,6.145214e-16
6725.773076837553,6.2135346e-16
6727.267329652687,5.753268e-16
6728.761582467822,5.7978786e-16
6730.255835282957,5.988288e-16
6731.7500880980915,5.7171595e-16
6733.244340913227,5.6367994e-16
6734.738593728362,5.539668e-16
6736.232846543497,5.33258e-16
6737.727099358632,5.634214e-16
6739.221352173767,5.820676e-16
6740.715604988902,5.948732e-16
6742.209857804037,5.805112e-16
6743.704110619172,5.6947084e-16
6745.198363434307,5.889138e-16
6746.692616249441,6.302195e-16
6748.186869064576,6.141396e-16
6749.681121879711,5.5828376e-16
6751.175374694845,5.5904275e-16
6752.66962750998,5.5090636e-16
6754.163880325115,5.271153e-16
6755.65813314025,5.6444433e-16
6757.152385955385,6.200672e-16
6758.64663877052,6.301575e-16
6760.1408915856555,5.787588e-16
6761.6351444007905,5.452697e-16
6763.129397215926,5.4717894e-16
6764.623650031061,5.7252365e-16
6766.117902846195,5.806096e-16
6767.61215566133,5.7599617e-16
6769.106408476465,5.817717e-16
6770.600661291599,5.589338e-16
6772.094914106734,5.7866337e-16
6773.589166921869,5.4774074e-16
6775.083419737004,5.351741e-16
6776.577672552139,5.195336e-16
6778.071925367274,5.8131453e-16
6779.566178182409,6.116305e-16
6781.060430997544,5.7052947e-16
6782.554683812679,5.622595e-16
6784.048936627813,5.875458e-16
6785.5431894429485,5.568206e-16
6787.0374422580835,5.1477204e-16
6788.5316950732185,5.4701377e-16
6790.025947888353,5.4694987e-16
6791.520200703488,5.4152193e-16
6793.014453518623,5.169132e-16
6794.508706333758,5.850443e-16
6796.002959148893,5.4860243e-16
6797.497211964028,5.119277e-16
6798.991464779163,4.582921e-16
6800.485717594298,4.6030555e-16
6801.979970409433,5.328919e-16
6803.474223224567,5.35131e-16
6804.968476039702,5.812913e-16
6806.462728854837,5.6892387e-16
6807.956981669971,5.3177745e-16
6809.451234485106,5.506578e-16
6810.945487300241,5.37764e-16
6812.4397401153765,5.7064186e-16
6813.9339929305115,5.458632e-16
6815.428245745647,5.144287e-16
6816.922498560782,4.770472e-16
6818.416751375917,4.8842757e-16
6819.911004191052,5.5618724e-16
6821.405257006187,5.108741e-16
6822.899509821321,4.5787843e-16
6824.393762636456,4.6290107e-16
6825.888015451591,5.439887e-16
6827.382268266725,5.423763e-16
6828.87652108186,5.458609e-16
6830.370773896995,5.5793377e-16
6831.86502671213,5.249784e-16
6833.359279527265,5.069744e-16
6834.8535323424,5.2127784e-16
6836.347785157535,5.00409e-16
6837.84203797267,4.9057967e-16
6839.336290787805,5.0704546e-16
6840.83054360294,4.3755859e-16
6842.3247964180755,4.7491036e-16
6843.819049233209,4.8226387e-16
6845.313302048344,5.469177e-16
6846.807554863479,4.637177e-16
6848.301807678614,4.6382375e-16
6849.796060493749,4.88335e-16
6851.290313308884,4.4386954e-16
6852.784566124019,4.4645307e-16
6854.278818939154,4.8901827e-16
6855.773071754289,5.3254534e-16
6857.267324569424,5.3170783e-16
6858.761577384559,5.1241184e-16
6860.255830199694,5.236786e-16
6861.750083014829,5.049747e-16
6863.244335829962,4.8415943e-16
6864.7385886450975,4.2363418e-16
6866.2328414602325,4.0389946e-16
6867.727094275368,4.1977402e-16
6869.221347090503,4.2293882e-16
6870.715599905638,4.494328e-16
6872.209852720773,4.705643e-16
6873.704105535908,4.617934e-16
6875.198358351043,4.68344e-16
6876.692611166178,5.0910174e-16
6878.186863981313,5.354302e-16
6879.681116796448,5.035161e-16
6881.175369611583,5.0417095e-16
6882.669622426716,5.153503e-16
6884.163875241851,4.93686e-16
6885.658128056986,4.933735e-16
6887.152380872121,4.7505054e-16
6888.646633687256,4.2904117e-16
6890.140886502391,4.878697e-16
6891.635139317526,4.932589e-16
6893.129392132661,4.7783686e-16
6894.6236449477965,4.3757502e-16
6896.1178977629315,4.9534646e-16
6897.612150578067,5.0076355e-16
6899.106403393202,5.1992714e-16
6900.600656208337,5.557148e-16
6902.09490902347,4.8079083e-16
6903.589161838605,4.3238123e-16
6905.08341465374,4.825058e-16
6906.577667468875,4.6026976e-16
6908.07192028401,5.1346184e-16
6909.566173099145,4.854529e-16
6911.06042591428,4.989717e-16
6912.554678729415,5.1190616e-16
6914.04893154455,5.142199e-16
6915.543184359685,5.3631426e-16
6917.03743717482,5.3985555e-16
6918.531689989955,5.279959e-16
6920.02594280509,4.9866677e-16
6921.520195620224,4.5781527e-16
6923.014448435359,5.1248606e-16
6924.508701250494,5.1229225e-16
6926.002954065629,4.953988e-16
6927.497206880764,5.105495e-16
6928.991459695899,5.299843e-16
6930.485712511034,5.123511e-16
6931.979965326169,5.1552336e-16
6933.474218141304,5.395829e-16
6934.968470956439,5.3655207e-16
6936.462723771574,5.0751207e-16
6937.956976586709,4.884452e-16
6939.451229401844,5.269031e-16
6940.945482216977,5.1592406e-16
6942.439735032112,5.0787206e-16
6943.933987847247,5.3220636e-16
6945.428240662382,4.9694793e-16
6946.9224934775175,5.394294e-16
6948.4167462926525,5.6833566e-16
6949.910999107788,5.239397e-16
6951.405251922923,5.4729054e-16
6952.899504738058,5.793879e-16
6954.393757553193,5.3255206e-16
6955.888010368328,5.198581e-16
6957.382263183463,5.2460774e-16
6958.876515998598,5.391127e-16
6960.370768813731,5.041893e-16
6961.865021628866,5.161807e-16
6963.359274444001,5.0549756e-16
6964.853527259136,4.8718106e-16
6966.347780074271,4.9595007e-16
6967.842032889406,4.949041e-16
6969.336285704541,5.136905e-16
6970.830538519676,5.09048e-16
6972.324791334811,5.3016846e-16
6973.819044149946,5.216187e-16
6975.3132969650815,5.467846e-16
6976.8075497802165,5.3155383e-16
6978.30180259535,5.142962e-16
6979.796055410485,5.3111745e-16
6981.29030822562,5.228012e-16
6982.784561040755,4.9307773e-16
6984.27881385589,5.005738e-16
6985.773066671025,5.252669e-16
6987.26731948616,5.341991e-16
6988.761572301295,5.2569475e-16
6990.25582511643,5.131928e-16
6991.750077931565,5.3605745e-16
6993.2443307467,5.228071e-16
6994.738583561835,4.8835055e-16
6996.23283637697,4.927638e-16
6997.727089192103,5.1843673e-16
6999.2213420072385,5.120654e-16
7000.7155948223735,4.8818246e-16
7002.209847637509,5.0423104e-16
7003.704100452644,5.050795e-16
7005.198353267779,4.9795865e-16
7006.692606082914,4.9943085e-16
7008.186858898049,5.3207995e-16
7009.681111713184,5.653409e-16
7011.175364528319,5.895193e-16
7012.669617343454,5.909778e-16
7014.163870158589,5.448201e-16
7015.658122973724,4.969535e-16
7017.152375788857,4.9795135e-16
7018.646628603992,4.884483e-16
7020.140881419127,4.5586456e-16
7021.635134234262,5.0632395e-16
7023.129387049397,4.8376296e-16
7024.623639864532,5.21288e-16
7026.117892679667,5.4099555e-16
7027.6121454948025,5.072236e-16
7029.1063983099375,4.947965e-16
7030.600651125073,4.862159e-16
7032.094903940208,5.3567915e-16
7033.589156755343,5.082365e-16
7035.083409570478,4.783991e-16
7036.577662385611,5.287688e-16
7038.071915200746,4.4496446e-16
7039.566168015881,5.0274005e-16
7041.060420831016,5.414745e-16
7042.554673646151,5.254565e-16
7044.048926461286,5.4909297e-16
7045.543179276421,5.145829e-16
7047.037432091556,5.1612804e-16
7048.531684906691,4.5065324e-16
7050.025937721826,4.619636e-16
7051.520190536961,4.8482144e-16
7053.014443352096,4.896034e-16
7054.508696167231,5.0036926e-16
7056.002948982365,5.024023e-16
7057.4972017975,5.4950685e-16
7058.991454612635,5.533649e-16
7060.48570742777,4.4732916e-16
7061.979960242905,4.4627466e-16
7063.47421305804,5.158972e-16
7064.968465873175,5.1982587e-16
7066.46271868831,5.064674e-16
7067.956971503445,5.2266486e-16
7069.45122431858,5.4048796e-16
7070.945477133715,5.257582e-16
7072.43972994885,5.061627e-16
7073.933982763985,4.821022e-16
7075.428235579118,4.672492e-16
7076.922488394253,5.093085e-16
7078.416741209388,5.2554413e-16
7079.9109940245235,5.2853326e-16
7081.4052468396585,5.129147e-16
7082.8994996547935,5.530143e-16
7084.393752469929,5.2694126e-16
7085.888005285064,4.882297e-16
7087.382258100199,4.851977e-16
7088.876510915334,4.914398e-16
7090.370763730469,5.1543215e-16
7091.865016545604,4.9879483e-16
7093.359269360737,4.6469424e-16
7094.853522175872,5.100401e-16
7096.347774991007,4.588481e-16
7097.842027806142,4.731596e-16
7099.336280621277,4.8561315e-16
7100.830533436412,4.518484e-16
7102.324786251547,4.7987185e-16
7103.819039066682,4.944851e-16
7105.313291881817,4.4151338e-16
7106.807544696952,4.619383e-16
7108.301797512087,4.3681187e-16
7109.7960503272225,4.5825875e-16
7111.2903031423575,4.828998e-16
7112.784555957491,4.7313503e-16
7114.278808772626,4.8312933e-16
7115.773061587761,5.0676843e-16
7117.267314402896,5.266534e-16
7118.761567218031,5.19967e-16
7120.255820033166,4.7620875e-16
7121.750072848301,4.7427836e-16
7123.244325663436,4.938445e-16
7124.738578478571,4.809875e-16
7126.232831293706,4.980741e-16
7127.727084108841,5.3807853e-16
7129.221336923976,4.9670393e-16
7130.715589739111,4.6872035e-16
7132.2098425542445,4.874831e-16
7133.7040953693795,4.608167e-16
7135.1983481845145,4.4029784e-16
7136.69260099965,4.6184503e-16
7138.186853814785,4.787085e-16
7139.68110662992,4.8607224e-16
7141.175359445055,4.774686e-16
7142.66961226019,4.924051e-16
7144.163865075325,4.9516434e-16
7145.65811789046,5.193386e-16
7147.152370705595,5.102014e-16
7148.64662352073,4.3739064e-16
7150.140876335865,4.634532e-16
7151.635129150998,4.9066914e-16
7153.129381966133,4.7392605e-16
7154.623634781268,4.9370814e-16
7156.117887596403,5.254633e-16
7157.612140411538,5.31497e-16
7159.106393226673,5.148896e-16
7160.600646041808,4.713236e-16
7162.0948988569435,4.332347e-16
7163.5891516720785,4.653699e-16
7165.083404487214,5.098737e-16
7166.577657302349,4.6803674e-16
7168.071910117484,4.7924055e-16
7169.566162932619,4.838119e-16
7171.060415747752,4.671415e-16
7172.554668562887,4.223216e-16
7174.048921378022,4.17662e-16
7175.543174193157,4.4891576e-16
7177.037427008292,4.432585e-16
7178.531679823427,4.4020474e-16
7180.025932638562,4.5130604e-16
7181.520185453697,4.576509e-16
7183.014438268832,4.4491655e-16
7184.508691083967,4.416651e-16
7186.002943899102,4.4024132e-16
7187.497196714237,4.530518e-16
7188.991449529372,4.5375184e-16
7190.485702344506,4.6257295e-16
7191.979955159641,4.6714497e-16
7193.474207974776,3.9226424e-16
7194.968460789911,4.431331e-16
7196.462713605046,4.1687407e-16
7197.956966420181,4.2710514e-16
7199.451219235316,3.9952337e-16
7200.945472050451,4.1488457e-16
7202.439724865586,4.563059e-16
7203.933977680721,4.383905e-16
7205.428230495856,4.1983087e-16
7206.922483310991,4.314265e-16
7208.416736126124,4.6016653e-16
7209.910988941259,4.4748687e-16
7211.405241756394,4.453537e-16
7212.899494571529,4.3975333e-16
7214.3937473866645,3.8398754e-16
7215.8880002017995,4.009125e-16
7217.382253016935,4.657462e-16
7218.87650583207,4.5613656e-16
7220.370758647205,4.513268e-16
7221.86501146234,4.8798675e-16
7223.359264277475,5.0639584e-16
7224.85351709261,4.3943913e-16
7226.347769907745,4.472289e-16
7227.842022722878,4.5871493e-16
7229.336275538013,4.302602e-16
7230.830528353148,4.4420414e-16
7232.324781168283,4.2140985e-16
7233.819033983418,3.6538847e-16
7235.313286798553,4.7204527e-16
7236.807539613688,4.721315e-16
7238.301792428823,4.3710966e-16
7239.796045243958,3.9856415e-16
7241.290298059093,4.25592e-16
7242.784550874228,4.2857532e-16
7244.2788036893635,4.3132805e-16
7245.7730565044985,4.58339e-16
7247.267309319632,4.4328583e-16
7248.761562134767,4.366087e-16
7250.255814949902,4.1288745e-16
7251.750067765037,4.432436e-16
7253.244320580172,4.6559686e-16
7254.738573395307,4.6642753e-16
7256.232826210442,4.5671704e-16
7257.727079025577,4.4494747e-16
7259.221331840712,4.5068416e-16
7260.715584655847,4.634605e-16
7262.209837470982,4.656277e-16
7263.704090286117,4.572693e-16
7265.198343101252,3.6443497e-16
7266.6925959163855,4.51677e-16
7268.1868487315205,4.4234655e-16
7269.681101546656,4.188801e-16
7271.175354361791,4.852292e-16
7272.669607176926,4.849224e-16
7274.163859992061,4.4392219e-16
7275.658112807196,4.7300427e-16
7277.152365622331,4.0808226e-16
7278.646618437466,3.6149855e-16
7280.140871252601,4.4277303e-16
7281.635124067736,3.9358418e-16
7283.129376882871,4.2635883e-16
7284.623629698006,4.6502066e-16
7286.117882513139,4.1410856e-16
7287.612135328274,4.041795e-16
7289.106388143409,3.9561068e-16
7290.600640958544,4.4625767e-16
7292.094893773679,4.4830855e-16
7293.589146588814,4.3695417e-16
7295.083399403949,3.9659062e-16
7296.5776522190845,4.2058857e-16
7298.0719050342195,4.7138347e-16
7299.566157849355,4.0952815e-16
7301.06041066449,3.3683313e-16
7302.554663479625,3.9983846e-16
7304.04891629476,4.284478e-16
7305.543169109893,4.395331e-16
7307.037421925028,4.0269262e-16
7308.531674740163,4.0748841e-16
7310.025927555298,4.3402564e-16
7311.520180370433,4.4991627e-16
7313.014433185568,4.4505737e-16
7314.508686000703,4.2159585e-16
7316.002938815838,4.2086976e-16
7317.497191630973,4.345336e-16
7318.991444446108,4.321542e-16
7320.485697261243,3.88511e-16
7321.979950076378,3.8730907e-16
7323.474202891513,4.1791017e-16
7324.968455706647,4.1797606e-16
7326.462708521782,3.7121079e-16
7327.956961336917,3.4170032e-16
7329.451214152052,3.9667673e-16
7330.945466967187,4.4467043e-16
7332.439719782322,3.9557545e-16
7333.933972597457,3.9640692e-16
7335.428225412592,4.0610518e-16
7336.922478227727,3.949288e-16
7338.416731042862,4.1835841e-16
7339.910983857997,4.3198156e-16
7341.405236673132,3.9371026e-16
7342.899489488265,3.982415e-16
7344.3937423034,4.2496162e-16
7345.887995118535,4.3457322e-16
7347.38224793367,4.531678e-16
7348.8765007488055,4.4016184e-16
7350.3707535639405,4.2052864e-16
7351.865006379076,3.9291294e-16
7353.359259194211,3.882401e-16
7354.853512009346,4.245606e-16
7356.347764824481,4.0238403e-16
7357.842017639616,3.99969e-16
7359.336270454751,4.031346e-16
7360.830523269886,4.150315e-16
7362.324776085019,4.2396373e-16
7363.819028900154,4.3538915e-16
7365.313281715289,4.495303e-16
7366.807534530424,4.4031764e-16
7368.301787345559,4.1753737e-16
7369.796040160694,4.235201e-16
7371.290292975829,4.1944285e-16
7372.784545790964,3.977916e-16
7374.278798606099,3.9911136e-16
7375.773051421234,4.0665898e-16
7377.2673042363695,4.041197e-16
7378.7615570515045,4.0579302e-16
7380.2558098666395,3.915685e-16
7381.750062681773,3.5747369e-16
7383.244315496908,3.720743e-16
7384.738568312043,3.7898118e-16
7386.232821127178,4.0524904e-16
7387.727073942313,3.8239175e-16
7389.221326757448,3.8375945e-16
7390.715579572583,3.680599e-16
7392.209832387718,3.4910283e-16
7393.704085202853,3.7130923e-16
7395.198338017988,3.23056e-16
7396.692590833123,3.763392e-16
7398.186843648258,3.7188749e-16
7399.681096463393,3.9253545e-16
7401.1753492785265,4.1155494e-16
7402.6696020936615,3.650073e-16
7404.163854908797,3.3745576e-16
7405.658107723932,3.8356513e-16
7407.152360539067,4.1180513e-16
7408.646613354202,3.970455e-16
7410.140866169337,3.8746604e-16
7411.635118984472,3.4997826e-16
7413.129371799607,3.5206718e-16
7414.623624614742,3.670915e-16
7416.117877429877,3.5939002e-16
7417.612130245012,3.49312e-16
7419.106383060147,3.6043669e-16
7420.60063587528,3.7422434e-16
7422.094888690415,3.5070677e-16
7423.58914150555,3.7472645e-16
7425.083394320685,3.8954354e-16
7426.57764713582,3.5893524e-16
7428.071899950955,3.440347e-16
7429.56615276609,3.4105263e-16
7431.0604055812255,3.412025e-16
7432.5546583963605,3.6252195e-16
7434.048911211496,3.4458666e-16
7435.543164026631,3.4370016e-16
7437.037416841766,3.644436e-16
7438.531669656901,3.542614e-16
7440.025922472034,3.421445e-16
7441.520175287169,3.607662e-16
7443.014428102304,3.7898692e-16
7444.508680917439,3.6563464e-16
7446.002933732574,3.4837203e-16
7447.497186547709,3.580601e-16
7448.991439362844,3.4458401e-16
7450.485692177979,3.330634e-16
7451.979944993114,3.2379497e-16
7453.474197808249,3.1933658e-16
7454.968450623384,3.363271e-16
7456.462703438519,3.541307e-16
7457.956956253653,3.43335e-16
7459.451209068788,3.3213665e-16
7460.945461883923,3.3058462e-16
7462.439714699058,3.2236864e-16
7463.933967514193,3.5230152e-16
7465.428220329328,3.5041144e-16
7466.922473144463,3.4718586e-16
7468.416725959598,3.5884598e-16
7469.910978774733,3.2242531e-16
7471.405231589868,3.1071741e-16
7472.899484405003,3.458696e-16
7474.393737220138,3.4102912e-16
7475.887990035273,3.4619282e-16
7477.382242850406,3.0607064e-16
7478.876495665541,3.0431117e-16
7480.370748480676,3.366577e-16
7481.865001295811,3.360674e-16
7483.3592541109465,3.587864e-16
7484.8535069260815,3.219033e-16
7486.347759741217,3.12547e-16
7487.842012556352,3.175962e-16
7489.336265371487,2.8749328e-16
7490.830518186622,3.0742913e-16
7492.324771001757,3.407605e-16
7493.819023816892,3.1267425e-16
7495.313276632027,3.0353569e-16
7496.80752944716,3.2402128e-16
7498.301782262295,3.1773093e-16
7499.79603507743,3.202629e-16
7501.290287892565,3.2112308e-16
7502.7845407077,3.2360497e-16
7504.278793522835,3.2686935e-16
7505.77304633797,3.131752e-16
7507.267299153105,3.0320783e-16
7508.76155196824,3.1691963e-16
7510.255804783375,2.9214566e-16
7511.7500575985105,2.770523e-16
7513.2443104136455,3.130313e-16
7514.738563228781,3.1991233e-16
7516.232816043914,3.364336e-16
7517.727068859049,3.4278801e-16
7519.221321674184,2.946469e-16
7520.715574489319,2.9751026e-16
7522.209827304454,2.9800956e-16
7523.704080119589,3.4495083e-16
7525.198332934724,2.7818902e-16
7526.692585749859,2.6356293e-16
7528.186838564994,3.0238684e-16
7529.681091380129,3.1678783e-16
7531.175344195264,3.0503755e-16
7532.669597010399,2.5723467e-16
7534.163849825534,2.9381995e-16
7535.6581026406675,3.105205e-16
7537.1523554558025,3.2152865e-16
7538.646608270938,3.011944e-16
7540.140861086073,3.004712e-16
7541.635113901208,3.131135e-16
7543.129366716343,2.9058738e-16
7544.623619531478,2.6760262e-16
7546.117872346613,2.5152368e-16
7547.612125161748,2.6943186e-16
7549.106377976883,2.7033798e-16
7550.600630792018,2.7178468e-16
7552.094883607153,2.7777765e-16
7553.589136422288,2.550272e-16
7555.083389237421,2.5123312e-16
7556.577642052556,3.0746547e-16
7558.071894867691,3.0573085e-16
7559.566147682826,2.657954e-16
7561.060400497961,2.9872933e-16
7562.554653313096,2.9804824e-16
7564.0489061282315,3.012301e-16
7565.5431589433665,3.2325697e-16
7567.037411758502,3.007137e-16
7568.531664573637,2.841907e-16
7570.025917388772,3.0663966e-16
7571.520170203907,2.7635972e-16
7573.01442301904,2.8259274e-16
7574.508675834175,2.6427407e-16
7576.00292864931,2.5468126e-16
7577.497181464445,2.4780671e-16
7578.99143427958,2.3239548e-16
7580.485687094715,2.6336832e-16
7581.97993990985,2.7026484e-16
7583.474192724985,2.3281902e-16
7584.96844554012,2.22006e-16
7586.462698355255,2.2598868e-16
7587.95695117039,2.242027e-16
7589.451203985525,2.0719739e-16
7590.94545680066,1.8961055e-16
7592.439709615794,1.9118562e-16
7593.933962430929,1.9071552e-16
7595.428215246064,1.9248911e-16
7596.922468061199,1.5662816e-16
7598.416720876334,1.2594727e-16
7599.910973691469,1.2041299e-16
7601.405226506604,1.2925942e-16
7602.899479321739,1.3785985e-16
7604.393732136874,1.3861246e-16
7605.887984952009,1.4433993e-16
7607.382237767144,1.4261045e-16
7608.876490582279,1.4733744e-16
7610.370743397414,1.7281033e-16
7611.864996212547,1.9935738e-16
7613.359249027682,2.1609503e-16
7614.853501842817,2.1509277e-16
7616.3477546579525,2.0810441e-16
7617.8420074730875,2.284999e-16
7619.336260288223,1.9581579e-16
7620.830513103358,2.1188065e-16
7622.324765918493,2.2256333e-16
7623.819018733628,1.8863003e-16
7625.313271548763,1.8168936e-16
7626.807524363898,2.1666019e-16
7628.301777179033,2.1992595e-16
7629.796029994168,1.9751633e-16
7631.290282809301,1.8753569e-16
7632.784535624436,2.0280224e-16
7634.278788439571,1.9654214e-16
7635.773041254706,1.8279473e-16
7637.267294069841,2.1176709e-16
7638.761546884976,2.452936e-16
7640.255799700111,2.2177951e-16
7641.750052515246,2.0743502e-16
7643.244305330381,2.1378799e-16
7644.738558145516,2.1030024e-16
7646.2328109606515,1.9029835e-16
7647.7270637757865,1.966211e-16
7649.221316590922,2.1992141e-16
7650.715569406055,2.3724514e-16
7652.20982222119,2.622183e-16
7653.704075036325,2.333407e-16
7655.19832785146,2.2671226e-16
7656.692580666595,2.166945e-16
7658.18683348173,2.2119278e-16
7659.681086296865,2.3338608e-16
7661.175339112,2.4040704e-16
7662.669591927135,2.5585326e-16
7664.16384474227,2.5532689e-16
7665.658097557405,2.410992e-16
7667.15235037254,2.5057715e-16
7668.646603187675,2.6399963e-16
7670.1408560028085,2.6114677e-16
7671.635108817944,2.5015326e-16
7673.129361633079,2.4431834e-16
7674.623614448214,2.5585043e-16
7676.117867263349,2.8555897e-16
7677.612120078484,2.8888347e-16
7679.106372893619,2.7528626e-16
7680.600625708754,2.5432342e-16
7682.094878523889,2.475159e-16
7683.589131339024,2.3926876e-16
7685.083384154159,2.3804283e-16
7686.577636969294,2.7543389e-16
7688.071889784427,2.8552922e-16
7689.566142599562,2.9804945e-16
7691.060395414697,2.9737913e-16
7692.554648229832,2.8248956e-16
7694.048901044967,2.6089496e-16
7695.543153860102,2.6916415e-16
7697.037406675237,2.9012686e-16
7698.5316594903725,2.4889584e-16
7700.0259123055075,2.3368226e-16
7701.520165120643,2.8742435e-16
7703.014417935778,3.1002224e-16
7704.508670750913,2.9855548e-16
7706.002923566048,2.912446e-16
7707.497176381181,2.7930284e-16
7708.991429196316,2.6098867e-16
7710.485682011451,2.6939327e-16
7711.979934826586,3.017761e-16
7713.474187641721,3.0561671e-16
7714.968440456856,3.174489e-16
7716.462693271991,3.1197176e-16
7717.956946087126,2.8055285e-16
7719.451198902261,2.771407e-16
7720.945451717396,2.8823292e-16
7722.439704532531,2.5847258e-16
7723.933957347666,2.704442e-16
7725.428210162801,2.962433e-16
7726.922462977935,2.8632795e-16
7728.41671579307,2.8669953e-16
7729.910968608205,3.1244833e-16
7731.40522142334,3.1165042e-16
7732.899474238475,2.99411e-16
7734.39372705361,3.068409e-16
7735.887979868745,2.857628e-16
7737.38223268388,2.7901146e-16
7738.876485499015,2.7721096e-16
7740.37073831415,2.970451e-16
7741.864991129285,3.206095e-16
7743.35924394442,2.9332656e-16
7744.853496759555,2.8651803e-16
7746.347749574688,2.5246807e-16
7747.842002389823,2.695555e-16
7749.336255204958,2.9532685e-16
7750.8305080200935,2.6100333e-16
7752.3247608352285,2.5458383e-16
7753.819013650364,2.979153e-16
7755.313266465499,2.740794e-16
7756.807519280634,2.9969082e-16
7758.301772095769,2.3432767e-16
7759.796024910904,2.5185667e-16
7761.290277726039,2.892056e-16
7762.784530541174,2.8468285e-16
7764.278783356309,3.2120188e-16
7765.773036171442,3.663989e-16
7767.267288986577,3.4980256e-16
7768.761541801712,3.707311e-16
7770.255794616847,3.801203e-16
7771.750047431982,3.5272538e-16
7773.244300247117,3.288107e-16
7774.738553062252,3.2900613e-16
7776.232805877387,3.2036104e-16
7777.727058692522,3.0653813e-16
7779.221311507657,3.600499e-16
7780.7155643227925,3.6894137e-16
7782.2098171379275,3.4404983e-16
7783.704069953063,3.1685822e-16
7785.198322768196,2.9763425e-16
7786.692575583331,3.1092697e-16
7788.186828398466,3.5467588e-16
7789.681081213601,3.645661e-16
7791.175334028736,3.2160692e-16
7792.669586843871,2.8662393e-16
7794.163839659006,3.499703e-16
7795.658092474141,4.0129433e-16
7797.152345289276,3.6262595e-16
7798.646598104411,3.5554364e-16
7800.140850919546,4.0704115e-16
7801.635103734681,3.7323755e-16
7803.129356549816,3.549639e-16
7804.6236093649495,4.2338153e-16
7806.117862180085,4.6620873e-16
7807.61211499522,4.281476e-16
7809.106367810355,4.1318188e-16
7810.60062062549,4.3724116e-16
7812.094873440625,3.6810824e-16
7813.58912625576,3.5271495e-16
7815.083379070895,3.7484572e-16
7816.57763188603,4.0263468e-16
7818.071884701165,4.2572599e-16
7819.5661375163,4.365917e-16
7821.060390331435,4.3087645e-16
7822.554643146568,3.994754e-16
7824.048895961703,3.7814132e-16
7825.543148776838,3.9563893e-16
7827.037401591973,3.7657372e-16
7828.531654407108,3.857902e-16
7830.025907222243,4.2936582e-16
7831.520160037378,3.856071e-16
7833.0144128525135,3.040639e-16
7834.5086656676485,3.138599e-16
7836.002918482784,3.1225936e-16
7837.497171297919,3.5973598e-16
7838.991424113054,3.6263132e-16
7840.485676928189,3.3674785e-16
7841.979929743322,3.3985127e-16
7843.474182558457,3.0811678e-16
7844.968435373592,3.7010673e-16
7846.462688188727,3.610172e-16
7847.956941003862,3.600935e-16
7849.451193818997,3.1003714e-16
7850.945446634132,2.8393823e-16
7852.439699449267,3.547842e-16
7853.933952264402,3.7822017e-16
7855.428205079537,3.4668627e-16
7856.922457894672,3.6329037e-16
7858.416710709807,3.938194e-16
7859.910963524942,3.6513536e-16
7861.405216340076,3.2150462e-16
7862.899469155211,3.1210377e-16
7864.393721970346,2.9768978e-16
7865.887974785481,2.787836e-16
7867.382227600616,3.1102364e-16
7868.876480415751,2.687275e-16
7870.370733230886,3.035869e-16
7871.864986046021,2.8632546e-16
7873.359238861156,2.2173398e-16
7874.853491676291,2.4540882e-16
7876.347744491426,2.121259e-16
7877.841997306561,2.4517729e-16
7879.336250121696,2.2640524e-16
7880.830502936829,1.8242928e-16
7882.324755751964,1.2082548e-16
7883.819008567099,8.6655123e-17
7885.3132613822345,1.2771625e-16
7886.8075141973695,1.6980622e-16
7888.301767012505,1.5649216e-16
7889.79601982764,9.464029e-17
7891.290272642775,1.0160541e-16
7892.78452545791,9.1634506e-17
7894.278778273045,3.3716752e-17
7895.77303108818,1.2610662e-17
7897.267283903315,5.3780438e-17
7898.76153671845,1.3021457e-16
7900.255789533583,9.593875e-17
7901.750042348718,4.6753767e-17
7903.244295163853,4.1273533e-17
7904.738547978988,5.2922953e-17
7906.232800794123,5.1214024e-17
7907.727053609258,5.2476444e-17
7909.221306424393,7.9001896e-17
7910.715559239528,3.708079e-17
7912.209812054663,2.671903e-17
7913.7040648697985,2.1657766e-19
7915.1983176849335,3.3541717e-17
7916.6925705000685,1.0610085e-16
7918.186823315204,6.8762055e-17
7919.681076130337,3.4042456e-17
7921.175328945472,-4.5727454e-18
7922.669581760607,4.8023513e-18
7924.163834575742,1.595416e-17
7925.658087390877,2.5762386e-17
7927.152340206012,2.6353557e-17
7928.646593021147,-2.3330257e-18
7930.140845836282,8.245054e-18
7931.635098651417,3.664387e-17
7933.129351466552,2.6445068e-17
7934.623604281687,6.1013797e-18
7936.117857096822,7.586355e-18
7937.6121099119555,5.2676443e-17
7939.1063627270905,9.63923e-17
7940.600615542226,4.567953e-17
7942.094868357361,6.983091e-18
7943.589121172496,3.1353282e-17
7945.083373987631,4.0317445e-17
7946.577626802766,6.0754724e-18
7948.071879617901,3.4359294e-18
7949.566132433036,4.683967e-17
7951.060385248171,1.9706164e-17
7952.554638063306,-8.42507e-17
7954.048890878441,-5.3414076e-17
7955.543143693576,3.8775292e-17
7957.037396508709,4.9617767e-17
7958.531649323844,3.7876745e-18
7960.025902138979,3.4549485e-17
7961.520154954114,1.5070912e-16
