wav,flam
2785.6292545085,2.9141283
2787.1077319674787,-2.4598565
2788.5862094264576,-7.2927456
2790.0646868854365,27.283268
2791.5431643444153,-13.028627
2793.0216418033942,-28.939085
2794.500119262373,-3.3242123
2795.978596721352,-8.084408
2797.457074180331,6.983905
2798.93555163931,2.9682622
2800.4140290982887,6.6865206
2801.8925065572676,-3.972191
2803.3709840162464,-9.31564
2804.8494614752253,-13.464632
2806.327938934204,4.410757
2807.806416393183,3.372661
2809.284893852162,-2.9762208
2810.763371311141,-2.3993719
2812.24184877012,0.4218023
2813.720326229099,-6.5463114
2815.198803688078,-3.9525816
2816.677281147057,4.8258314
2818.1557586060358,0.74543375
2819.6342360650146,-1.9777349
2821.1127135239935,-0.17192632
2822.5911909829724,1.5117892
2824.0696684419513,-0.111327104
2825.54814590093,-0.71489185
2827.026623359909,-0.44319075
2828.505100818888,-0.026651783
2829.983578277867,-0.7797265
2831.4620557368457,-0.5147589
2832.9405331958246,-0.44199732
2834.4190106548035,0.3396304
2835.8974881137824,-0.40947643
2837.3759655727613,-0.22184597
2838.85444303174,0.006316805
2840.332920490719,0.504107
2841.811397949698,-0.0073135383
2843.289875408677,0.106544256
2844.7683528676557,0.1545312
2846.2468303266346,0.009406079
2847.7253077856135,0.05779589
2849.2037852445924,-0.017235821
2850.6822627035713,0.012047121
2852.16074016255,-0.14315897
2853.639217621529,-0.013332027
2855.117695080508,-0.061284833
2856.596172539487,-0.055962905
2858.0746499984657,0.0028411811
2859.5531274574446,-0.0573728
2861.031604916424,-0.0155156255
2862.510082375403,-0.003995316
2863.9885598343817,0.018138262
2865.4670372933606,0.048379075
2866.9455147523395,-0.02771224
2868.4239922113184,-0.012508867
2869.9024696702973,0.011858595
2871.380947129276,0.0030034273
2872.859424588255,0.0054877996
2874.337902047234,-0.0029003357
2875.816379506213,0.008149907
2877.2948569651917,-3.595809e-05
2878.7733344241706,0.012069284
2880.2518118831495,0.007593429
2881.7302893421283,-0.0007258225
2883.2087668011072,0.0046836245
2884.687244260086,-0.00027412947
2886.165721719065,0.007117748
2887.644199178044,0.0034946052
2889.122676637023,0.0039371303
2890.6011540960017,0.0028530362
2892.0796315549806,-0.005932613
2893.5581090139594,-0.0016398355
2895.0365864729383,0.0042296615
2896.515063931917,0.0063339598
2897.993541390896,0.0013018958
2899.472018849875,-0.0029988505
2900.950496308854,-0.0007131225
2902.4289737678328,0.00060257246
2903.9074512268116,0.001310586
2905.3859286857905,0.0006935774
2906.8644061447694,0.0011563253
2908.3428836037483,-0.00084821356
2909.821361062727,-0.0010062372
2911.299838521706,-0.00079950644
2912.7783159806854,4.1885738e-05
2914.2567934396643,-0.00032082462
2915.735270898643,-0.0004304059
2917.213748357622,0.00041057178
2918.692225816601,0.00012505599
2920.17070327558,-0.00010945809
2921.6491807345587,-0.00027260644
2923.1276581935376,-0.0007773939
2924.6061356525165,-0.00056503917
2926.0846131114954,-2.1738275e-05
2927.5630905704743,8.164781e-05
2929.041568029453,-0.0002731554
2930.520045488432,-0.00022280302
2931.998522947411,-0.00017478624
2933.47700040639,-9.630008e-05
2934.9554778653687,-0.0001732646
2936.4339553243476,-3.3870936e-05
2937.9124327833265,0.000121023986
2939.3909102423054,0.000120859804
2940.8693877012843,5.3229043e-05
2942.347865160263,-4.0800733e-05
2943.826342619242,4.8729235e-05
2945.304820078221,5.1645104e-05
2946.7832975372,2.7045624e-05
2948.2617749961787,-1.775252e-05
2949.7402524551576,-3.7049408e-06
2951.2187299141365,-3.2437314e-05
2952.6972073731154,-2.7520851e-05
2954.1756848320942,-1.2896665e-05
2955.654162291073,1.4544944e-05
2957.132639750052,-5.8482856e-06
2958.611117209031,-2.0155778e-05
2960.08959466801,4.315524e-06
2961.568072126989,5.079124e-06
2963.046549585968,1.2698071e-05
2964.525027044947,1.4002727e-05
2966.003504503926,9.2785185e-06
2967.4819819629047,-8.639773e-08
2968.9604594218836,-2.1324173e-07
2970.4389368808625,-9.534844e-06
2971.9174143398413,-7.2587927e-06
2973.3958917988202,1.5905119e-06
2974.874369257799,2.0801115e-06
2976.352846716778,2.3425966e-06
2977.831324175757,-2.8943623e-07
2979.309801634736,2.236089e-06
2980.7882790937147,1.8248455e-06
2982.2667565526936,-2.6339605e-06
2983.7452340116724,-9.573798e-07
2985.2237114706513,6.173118e-07
2986.70218892963,2.0678408e-06
2988.180666388609,-2.5441545e-06
2989.659143847588,-1.1537513e-06
2991.137621306567,-1.6674385e-06
2992.6160987655458,1.0935396e-06
2994.0945762245246,1.7771218e-07
2995.5730536835035,4.911929e-07
2997.0515311424824,-1.5460255e-07
2998.5300086014613,-1.0607533e-06
3000.00848606044,-4.2107996e-07
3001.486963519419,1.0474125e-07
3002.965440978398,-7.356446e-08
3004.443918437377,-6.566064e-07
3005.9223958963557,-1.00188224e-07
3007.4008733553346,-8.856574e-08
3008.8793508143135,4.7412772e-07
3010.3578282732924,2.2251264e-07
3011.8363057322713,1.6582815e-07
3013.31478319125,-3.0492e-07
3014.7932606502295,2.9972952e-07
3016.2717381092084,1.5381129e-07
3017.7502155681873,6.255432e-08
3019.228693027166,2.0811413e-07
3020.707170486145,-2.0580296e-07
3022.185647945124,-2.7031763e-07
3023.664125404103,8.363052e-08
3025.1426028630817,-1.9879256e-08
3026.6210803220606,-3.6143488e-11
3028.0995577810395,1.1646267e-09
3029.5780352400184,-7.386916e-08
3031.0565126989973,-1.088425e-09
3032.534990157976,-9.794549e-08
3034.013467616955,-3.4720316e-08
3035.491945075934,4.78484e-08
3036.970422534913,7.420477e-09
3038.4488999938917,6.2218014e-08
3039.9273774528706,-7.911501e-09
3041.4058549118495,-2.4905724e-08
3042.8843323708284,-1.8727148e-08
3044.3628098298072,-4.660211e-09
3045.841287288786,-1.0583655e-08
3047.319764747765,1.7680541e-08
3048.798242206744,-2.174297e-08
3050.276719665723,-2.1144619e-08
3051.7551971247017,-2.0584423e-08
3053.2336745836806,9.546896e-09
3054.7121520426595,1.5442229e-08
3056.1906295016383,-3.5809238e-09
3057.6691069606172,-2.4384724e-08
3059.147584419596,2.4496731e-09
3060.6260618785755,1.2660832e-08
3062.1045393375543,2.2823775e-08
3063.5830167965332,3.0898764e-08
3065.061494255512,7.216038e-09
3066.539971714491,6.414586e-09
3068.01844917347,-1.3880554e-08
3069.496926632449,-5.877342e-09
3070.9754040914277,-1.35359315e-08
3072.4538815504065,-6.1129324e-10
3073.9323590093854,9.298087e-09
3075.4108364683643,1.5584735e-09
3076.889313927343,4.61762e-10
3078.367791386322,1.6486926e-09
3079.846268845301,8.823619e-09
3081.32474630428,6.4114585e-09
3082.8032237632588,4.5846695e-09
3084.2817012222376,-2.1421327e-09
3085.7601786812165,-5.0664215e-09
3087.2386561401954,-5.742891e-09
3088.7171335991743,-2.836907e-09
3090.195611058153,-9.037573e-10
3091.674088517132,4.059242e-10
3093.152565976111,-2.3434647e-11
3094.63104343509,-2.899676e-10
3096.1095208940687,-3.3012275e-09
3097.5879983530476,1.6696958e-10
3099.0664758120265,-2.3136633e-09
3100.5449532710054,-2.034725e-09
3102.0234307299843,-1.6332816e-09
3103.501908188963,-3.651524e-10
3104.980385647942,4.915055e-10
3106.458863106921,1.9091906e-10
3107.9373405659,5.134373e-10
3109.4158180248787,3.1460248e-10
3110.8942954838576,-2.086013e-09
3112.3727729428365,-9.607332e-10
3113.8512504018154,2.1965797e-10
3115.3297278607943,5.1925547e-10
3116.808205319773,9.332437e-10
3118.2866827787525,4.0193404e-10
3119.7651602377314,1.3391588e-10
3121.2436376967103,-4.6503001e-10
3122.722115155689,-3.7464845e-10
3124.200592614668,4.8243026e-10
3125.679070073647,-4.4113668e-10
3127.157547532626,-4.5457724e-10
3128.6360249916047,-5.1792803e-10
3130.1145024505836,-2.521474e-10
3131.5929799095625,7.495089e-12
3133.0714573685414,-5.1414827e-11
3134.5499348275202,1.791688e-10
3136.028412286499,1.5093081e-10
3137.506889745478,-3.117452e-10
3138.985367204457,1.648906e-11
3140.463844663436,-7.60421e-11
3141.9423221224147,8.9907394e-11
3143.4207995813936,2.9467453e-10
3144.8992770403725,2.3827362e-10
3146.3777544993513,1.7582276e-11
3147.85623195833,7.6039536e-11
3149.334709417309,1.14968826e-10
3150.813186876288,4.7087764e-11
3152.291664335267,1.6066139e-10
3153.770141794246,2.707109e-11
3155.2486192532247,-1.3826871e-11
3156.7270967122035,-3.8625353e-11
3158.2055741711824,4.7568657e-11
3159.6840516301613,-9.0094e-11
3161.1625290891407,-7.2353165e-11
3162.6410065481195,-2.7315072e-11
3164.1194840070984,1.255394e-10
3165.5979614660773,-4.644346e-11
3167.076438925056,-2.754995e-11
3168.554916384035,1.6851904e-11
3170.033393843014,-3.102287e-11
3171.511871301993,-2.8088101e-11
3172.9903487609718,-2.205561e-11
3174.4688262199506,-1.3448571e-11
3175.9473036789295,-1.5522e-11
3177.4257811379084,-2.723605e-11
3178.9042585968873,2.6185318e-11
3180.382736055866,2.6009266e-11
3181.861213514845,3.355909e-11
3183.339690973824,-3.4634817e-12
3184.818168432803,4.26311e-11
3186.2966458917817,2.0016303e-13
3187.7751233507606,1.074071e-11
3189.2536008097395,1.4559081e-12
3190.7320782687184,-1.33164885e-11
3192.2105557276973,1.810848e-11
3193.689033186676,4.654555e-12
3195.167510645655,-1.22138645e-11
3196.645988104634,-1.7402571e-12
3198.124465563613,-2.053212e-11
3199.6029430225917,-5.838438e-12
3201.0814204815706,-1.0736564e-11
3202.5598979405495,-1.0995381e-11
3204.0383753995284,-1.8432226e-12
3205.5168528585073,-2.269731e-12
3206.995330317486,-2.7672266e-12
3208.473807776465,4.892277e-12
3209.952285235444,-2.549929e-12
3211.430762694423,-1.2017367e-12
3212.9092401534017,-4.7375125e-12
3214.3877176123806,-4.547131e-12
3215.8661950713595,5.500656e-12
3217.3446725303384,-1.4593226e-12
3218.8231499893177,-2.3791513e-12
3220.3016274482966,-5.7779645e-12
3221.7801049072755,-6.7780303e-13
3223.2585823662544,-1.8419245e-14
3224.7370598252332,-8.3240804e-13
3226.215537284212,2.3723547e-12
3227.694014743191,1.8759959e-12
3229.17249220217,1.0194458e-12
3230.650969661149,-3.1111238e-12
3232.1294471201277,-6.501536e-13
3233.6079245791066,5.5749784e-13
3235.0864020380855,2.9381879e-12
3236.5648794970643,4.4748567e-12
3238.043356956043,2.0321338e-12
3239.521834415022,2.3701795e-13
3241.000311874001,5.6620843e-13
3242.47878933298,1.7002647e-12
3243.957266791959,1.9100208e-12
3245.4357442509377,3.387718e-13
3246.9142217099165,5.9314245e-13
3248.3926991688954,-1.7494755e-12
3249.8711766278743,-2.7902225e-12
3251.349654086853,5.805888e-13
3252.828131545832,-4.3235177e-13
3254.306609004811,-5.1095163e-13
3255.78508646379,6.038737e-13
3257.2635639227688,2.1344287e-12
3258.7420413817476,-9.251186e-13
3260.2205188407265,3.8408076e-13
3261.6989962997054,1.9918446e-12
3263.1774737586848,1.4677275e-12
3264.6559512176636,7.1409263e-13
3266.1344286766425,-4.940244e-13
3267.6129061356214,-5.1648085e-14
3269.0913835946003,5.44427e-13
3270.569861053579,3.5145877e-15
3272.048338512558,1.2181518e-14
3273.526815971537,-2.8223783e-13
3275.005293430516,7.7161915e-13
3276.4837708894947,9.105722e-14
3277.9622483484736,5.8440774e-13
3279.4407258074525,3.08709e-14
3280.9192032664314,3.3965658e-13
3282.3976807254103,-6.834624e-13
3283.876158184389,1.5678359e-13
3285.354635643368,2.515277e-13
3286.833113102347,-7.2792134e-14
3288.311590561326,-6.4764996e-13
3289.7900680203047,9.399249e-14
3291.2685454792836,1.02475984e-13
3292.7470229382625,8.257066e-14
3294.2255003972414,-3.1032606e-13
3295.7039778562203,-2.168901e-13
3297.182455315199,-5.022265e-13
3298.660932774178,-3.8018826e-13
3300.139410233157,-7.070437e-14
3301.617887692136,-4.5412818e-14
3303.0963651511147,-3.803326e-13
3304.5748426100936,-1.05285646e-13
3306.0533200690725,-7.2443353e-14
3307.5317975280514,-1.12271595e-13
3309.0102749870302,1.0953257e-13
3310.488752446009,1.8173086e-13
3311.967229904988,9.072235e-16
3313.445707363967,-1.0130492e-14
3314.924184822946,-1.195188e-14
3316.4026622819247,2.1035036e-13
3317.8811397409036,1.9616897e-13
3319.3596171998825,1.376378e-13
3320.8380946588613,-2.4724468e-14
3322.3165721178407,-2.7653377e-15
3323.7950495768196,1.7106868e-13
3325.2735270357985,2.4850619e-13
3326.7520044947773,8.7642845e-14
3328.230481953756,5.5681158e-14
3329.708959412735,8.4959505e-14
3331.187436871714,1.2701045e-13
3332.665914330693,-2.0765468e-15
3334.1443917896718,-5.7923034e-14
3335.6228692486507,-4.3139893e-14
3337.1013467076295,-1.1672432e-13
3338.5798241666084,3.0164426e-14
3340.0583016255873,-1.2866708e-13
3341.536779084566,-6.291189e-14
3343.015256543545,5.3225446e-15
3344.493734002524,2.577809e-14
3345.972211461503,-2.2083848e-14
3347.4506889204818,1.4898052e-15
3348.9291663794606,3.153822e-15
3350.4076438384395,6.120806e-14
3351.8861212974184,-2.676459e-14
3353.3645987563973,-3.6021428e-14
3354.843076215376,-3.7240024e-14
3356.321553674355,-1.658157e-14
3357.800031133334,4.881443e-14
3359.278508592313,-2.6288114e-15
3360.756986051292,1.4241902e-14
3362.235463510271,-5.440072e-14
3363.71394096925,-5.3311864e-14
3365.192418428229,4.236717e-14
3366.6708958872077,1.4288846e-14
3368.1493733461866,4.4420884e-14
3369.6278508051655,7.350045e-14
3371.1063282641444,-6.0943974e-15
3372.5848057231233,-1.6577688e-14
3374.063283182102,-5.4578585e-14
3375.541760641081,-1.5533373e-14
3377.02023810006,-9.2018635e-15
3378.498715559039,-4.0792453e-14
3379.9771930180177,8.62264e-15
3381.4556704769966,3.054677e-14
3382.9341479359755,2.3376952e-14
3384.4126253949544,-4.9855563e-15
3385.8911028539333,2.493654e-15
3387.369580312912,2.2224418e-14
3388.848057771891,5.9319174e-15
3390.32653523087,1.9197753e-14
3391.805012689849,1.7495165e-15
3393.2834901488277,-6.7173922e-15
3394.7619676078066,-4.097524e-15
3396.2404450667855,2.4901878e-14
3397.7189225257644,2.2057407e-14
3399.1973999847432,-5.608587e-16
3400.675877443722,-1.8500013e-14
3402.154354902701,5.5518343e-15
3403.63283236168,-1.9099273e-14
3405.111309820659,7.669518e-15
3406.5897872796377,3.1295997e-14
3408.0682647386166,1.142951e-14
3409.5467421975954,1.6059821e-14
3411.0252196565743,2.5663392e-14
3412.503697115553,-4.735651e-15
3413.982174574532,-1.6969506e-15
3415.460652033511,-8.364393e-15
3416.93912949249,2.8958428e-15
3418.4176069514688,-8.35022e-15
3419.8960844104477,-6.765852e-15
3421.3745618694265,6.7127785e-15
3422.853039328406,1.1551895e-14
3424.3315167873848,9.5859684e-15
3425.8099942463637,4.522904e-15
3427.2884717053425,8.687804e-15
3428.7669491643214,1.0186662e-14
3430.2454266233003,-4.3273465e-15
3431.723904082279,6.9194137e-16
3433.202381541258,7.309445e-15
3434.680859000237,5.4458573e-15
3436.159336459216,5.4107076e-15
3437.6378139181948,1.0311272e-14
3439.1162913771736,9.094347e-15
3440.5947688361525,7.534448e-16
3442.0732462951314,-4.576293e-15
3443.5517237541103,-2.3265958e-15
3445.030201213089,1.0241469e-14
3446.508678672068,1.2269162e-14
3447.987156131047,-2.6132504e-15
3449.465633590026,8.963931e-15
3450.9441110490047,1.8031269e-15
3452.4225885079836,8.696815e-15
3453.9010659669625,4.3572175e-15
3455.3795434259414,-1.6201252e-15
3456.8580208849203,-4.1305528e-15
3458.336498343899,1.1181382e-15
3459.814975802878,-4.0069287e-15
3461.2934532618574,-1.0179139e-14
3462.7719307208363,-1.8780315e-15
3464.250408179815,2.3271021e-15
3465.728885638794,3.4036626e-15
3467.207363097773,5.8292e-16
3468.685840556752,-1.0908909e-15
3470.1643180157307,-1.1105862e-15
3471.6427954747096,2.8582502e-16
3473.1212729336885,2.635227e-15
3474.5997503926674,1.5773765e-15
3476.0782278516463,4.360518e-15
3477.556705310625,1.5252898e-15
3479.035182769604,6.486304e-15
3480.513660228583,2.0316579e-15
3481.992137687562,4.3879458e-15
3483.4706151465407,4.016984e-15
3484.9490926055196,-2.133669e-15
3486.4275700644985,-1.1793184e-15
3487.9060475234774,4.6709764e-16
3489.3845249824562,5.8810673e-16
3490.863002441435,2.63387e-15
3492.341479900414,2.9437916e-15
3493.819957359393,5.3743986e-15
3495.298434818372,2.4710014e-15
3496.7769122773507,5.363513e-15
3498.2553897363296,2.00862e-15
3499.7338671953084,5.7372057e-15
3501.2123446542873,3.6148142e-16
3502.690822113266,-1.8860427e-16
3504.169299572245,2.696618e-15
3505.647777031224,-1.1645241e-15
3507.126254490203,2.631778e-15
3508.6047319491818,1.503098e-15
3510.0832094081607,-9.95043e-16
3511.5616868671395,3.3067844e-15
3513.0401643261184,4.1431947e-16
3514.5186417850973,2.1356767e-15
3515.997119244076,3.690074e-15
3517.475596703055,2.3438943e-15
3518.954074162034,2.346915e-15
3520.432551621013,1.509357e-15
3521.9110290799917,1.0879522e-15
3523.3895065389706,2.2448093e-15
3524.86798399795,1.847374e-15
3526.346461456929,1.267641e-15
3527.8249389159078,2.5237275e-15
3529.3034163748866,3.3500128e-15
3530.7818938338655,5.355829e-16
3532.2603712928444,1.9372224e-15
3533.7388487518233,2.582188e-15
3535.217326210802,1.6888081e-15
3536.695803669781,1.9261368e-15
3538.17428112876,8.0503425e-16
3539.652758587739,3.6068658e-15
3541.1312360467177,3.1891074e-15
3542.6097135056966,2.4965396e-15
3544.0881909646755,6.363164e-16
3545.5666684236544,1.2912227e-15
3547.0451458826333,1.6421041e-15
3548.523623341612,1.0243313e-15
3550.002100800591,1.2854724e-15
3551.48057825957,2.3989246e-15
3552.959055718549,2.434174e-15
3554.4375331775277,2.5915841e-15
3555.9160106365066,1.7521809e-15
3557.3944880954855,9.35328e-16
3558.8729655544644,2.076679e-15
3560.3514430134433,8.449324e-16
3561.8299204724226,2.0433215e-15
3563.3083979314015,2.6835442e-15
3564.7868753903804,2.7338255e-15
3566.2653528493593,3.1322982e-15
3567.743830308338,2.8113885e-15
3569.222307767317,3.1651322e-15
3570.700785226296,1.8313877e-15
3572.179262685275,1.3844342e-15
3573.6577401442537,2.0103177e-15
3575.1362176032326,2.0946242e-15
3576.6146950622115,2.2760978e-15
3578.0931725211904,1.9520452e-15
3579.5716499801692,2.7904677e-15
3581.050127439148,1.9520332e-15
3582.528604898127,1.7919886e-15
3584.007082357106,2.2872204e-15
3585.485559816085,3.1821202e-15
3586.9640372750637,2.6059017e-15
3588.4425147340426,1.5839496e-15
3589.9209921930214,2.0439672e-15
3591.3994696520003,1.955046e-15
3592.877947110979,1.5288152e-15
3594.356424569958,1.778658e-15
3595.834902028937,2.175052e-15
3597.313379487916,1.5779844e-15
3598.7918569468948,1.4857243e-15
3600.2703344058737,1.3758427e-15
3601.7488118648525,1.3301736e-15
3603.2272893238314,8.946288e-16
3604.7057667828103,1.6688525e-15
3606.184244241789,1.0778945e-15
3607.662721700768,8.860881e-16
3609.141199159747,1.2780943e-15
3610.619676618726,1.9011811e-15
3612.0981540777047,2.130129e-15
3613.5766315366836,1.4772067e-15
3615.0551089956625,1.9967415e-15
3616.5335864546414,1.8526648e-15
3618.0120639136203,1.8953825e-15
3619.490541372599,1.220398e-15
3620.969018831578,7.777496e-16
3622.447496290557,8.6232364e-16
3623.925973749536,6.382329e-16
3625.404451208515,1.469766e-15
3626.882928667494,1.6204419e-15
3628.361406126473,1.5820304e-15
3629.839883585452,1.5615207e-15
3631.3183610444307,1.5530283e-15
3632.7968385034096,1.3312236e-15
3634.2753159623885,1.4971365e-15
3635.7537934213674,1.3846192e-15
3637.2322708803463,1.000787e-15
3638.710748339325,1.2258757e-15
3640.189225798304,1.3114045e-15
3641.667703257283,1.6274853e-15
3643.146180716262,1.2603185e-15
3644.6246581752407,1.5508408e-15
3646.1031356342196,1.5509878e-15
3647.5816130931985,1.3468356e-15
3649.0600905521774,9.49536e-16
3650.5385680111563,7.964909e-16
3652.017045470135,9.825523e-16
3653.495522929114,1.3871244e-15
3654.974000388093,1.6596966e-15
3656.452477847072,1.3834456e-15
3657.9309553060507,1.4732594e-15
3659.4094327650296,1.9314382e-15
3660.8879102240085,1.938946e-15
3662.3663876829874,1.971965e-15
3663.8448651419667,1.982377e-15
3665.3233426009456,1.4279007e-15
3666.8018200599245,1.6453159e-15
3668.2802975189034,1.906523e-15
3669.7587749778822,1.5651563e-15
3671.237252436861,1.631573e-15
3672.71572989584,1.6399271e-15
3674.194207354819,1.5348046e-15
3675.672684813798,1.2371659e-15
3677.1511622727767,1.6557149e-15
3678.6296397317556,1.7450463e-15
3680.1081171907344,1.6127762e-15
3681.5865946497133,1.8628715e-15
3683.065072108692,2.5227987e-15
3684.543549567671,2.2518096e-15
3686.02202702665,1.9386183e-15
3687.500504485629,2.352301e-15
3688.9789819446078,1.9176339e-15
3690.4574594035867,1.689097e-15
3691.9359368625655,1.783015e-15
3693.4144143215444,1.7817637e-15
3694.8928917805233,1.6437743e-15
3696.371369239502,1.9383438e-15
3697.849846698481,1.9938012e-15
3699.32832415746,1.9362561e-15
3700.806801616439,1.7244931e-15
3702.2852790754177,2.265057e-15
3703.7637565343966,2.1671975e-15
3705.2422339933755,1.6788196e-15
3706.7207114523544,1.989709e-15
3708.1991889113333,2.0166554e-15
3709.677666370312,1.978028e-15
3711.156143829291,1.9785485e-15
3712.63462128827,1.9910788e-15
3714.113098747249,1.7617213e-15
3715.5915762062277,1.8296164e-15
3717.0700536652066,1.5186791e-15
3718.5485311241855,1.7555072e-15
3720.0270085831644,1.8904024e-15
3721.5054860421433,1.8876743e-15
3722.983963501122,1.6730279e-15
3724.462440960101,1.7267013e-15
3725.9409184190804,1.7537749e-15
3727.4193958780593,2.161241e-15
3728.897873337038,2.2957572e-15
3730.376350796017,2.143927e-15
3731.854828254996,2.1607988e-15
3733.333305713975,1.9366938e-15
3734.8117831729537,1.7088895e-15
3736.2902606319326,1.8192273e-15
3737.7687380909115,1.6229969e-15
3739.2472155498904,1.8630756e-15
3740.7256930088693,1.5695373e-15
3742.204170467848,1.4600205e-15
3743.682647926827,1.7491854e-15
3745.161125385806,1.7428089e-15
3746.639602844785,1.8352972e-15
3748.1180803037637,1.9708388e-15
3749.5965577627426,1.9065342e-15
3751.0750352217215,1.9455049e-15
3752.5535126807004,1.5232236e-15
3754.0319901396792,1.245072e-15
3755.510467598658,1.5943154e-15
3756.988945057637,1.8973843e-15
3758.467422516616,1.7193238e-15
3759.945899975595,1.9155443e-15
3761.4243774345737,1.8015868e-15
3762.9028548935526,1.8460761e-15
3764.381332352532,1.8583983e-15
3765.859809811511,2.2193926e-15
3767.3382872704897,1.7237142e-15
3768.8167647294686,1.883063e-15
3770.2952421884474,2.0154209e-15
3771.7737196474263,2.1239038e-15
3773.252197106405,2.1395887e-15
3774.730674565384,2.1298582e-15
3776.209152024363,2.0804957e-15
3777.687629483342,2.1302502e-15
3779.1661069423208,2.1134658e-15
3780.6445844012997,1.849222e-15
3782.1230618602785,2.1643373e-15
3783.6015393192574,2.3534008e-15
3785.0800167782363,2.1478973e-15
3786.558494237215,1.8742148e-15
3788.036971696194,1.989225e-15
3789.515449155173,2.1566715e-15
3790.993926614152,2.2796367e-15
3792.4724040731307,2.4249302e-15
3793.9508815321096,1.9552633e-15
3795.4293589910885,2.0155539e-15
3796.9078364500674,2.15662e-15
3798.3863139090463,2.1225333e-15
3799.864791368025,2.2108134e-15
3801.343268827004,2.2604254e-15
3802.821746285983,2.3491392e-15
3804.300223744962,2.0979354e-15
3805.7787012039407,1.82024e-15
3807.2571786629196,2.0387543e-15
3808.7356561218985,2.2625182e-15
3810.2141335808774,1.8277025e-15
3811.6926110398563,2.061182e-15
3813.171088498835,2.224027e-15
3814.649565957814,2.0952628e-15
3816.128043416793,2.0621964e-15
3817.606520875772,1.902316e-15
3819.0849983347507,1.8725453e-15
3820.5634757937296,2.0841404e-15
3822.0419532527085,1.9123706e-15
3823.5204307116874,2.3276038e-15
3824.9989081706663,2.0361323e-15
3826.477385629645,1.7814244e-15
3827.955863088624,1.5193988e-15
3829.434340547603,1.8663094e-15
3830.912818006582,1.8320086e-15
3832.3912954655607,2.0506882e-15
3833.86977292454,1.9820313e-15
3835.348250383519,1.7904428e-15
3836.826727842498,2.0853835e-15
3838.3052053014767,2.0571116e-15
3839.7836827604556,2.0537504e-15
3841.2621602194345,1.9384974e-15
3842.7406376784133,2.0574354e-15
3844.2191151373922,2.0016303e-15
3845.697592596371,1.931358e-15
3847.17607005535,2.0740292e-15
3848.654547514329,2.0900699e-15
3850.133024973308,1.970529e-15
3851.6115024322867,1.8489749e-15
3853.0899798912656,1.9235275e-15
3854.5684573502444,1.7697852e-15
3856.0469348092233,1.933956e-15
3857.525412268202,2.0629562e-15
3859.0038897271816,2.1157608e-15
3860.4823671861604,2.0430054e-15
3861.9608446451393,2.052782e-15
3863.439322104118,1.8987406e-15
3864.917799563097,2.0786237e-15
3866.396277022076,1.819335e-15
3867.874754481055,2.0558258e-15
3869.3532319400338,2.3020454e-15
3870.8317093990127,2.3010827e-15
3872.3101868579915,2.2081412e-15
3873.7886643169704,1.9761133e-15
3875.2671417759493,1.8324291e-15
3876.745619234928,2.0831422e-15
3878.224096693907,2.2371938e-15
3879.702574152886,1.9506813e-15
3881.181051611865,1.9074591e-15
3882.6595290708437,1.942265e-15
3884.1380065298226,2.091725e-15
3885.6164839888015,2.016692e-15
3887.0949614477804,1.9020966e-15
3888.5734389067593,2.1239681e-15
3890.051916365738,1.94401e-15
3891.530393824717,1.870648e-15
3893.008871283696,1.797646e-15
3894.487348742675,2.0123275e-15
3895.9658262016537,2.0057655e-15
3897.4443036606326,2.0436961e-15
3898.9227811196115,2.1458934e-15
3900.4012585785904,1.9719035e-15
3901.8797360375693,1.8602375e-15
3903.358213496548,2.1491062e-15
3904.836690955527,2.2408771e-15
3906.315168414506,2.0437387e-15
3907.793645873485,1.9593088e-15
3909.2721233324637,1.8585144e-15
3910.7506007914426,2.0930574e-15
3912.2290782504215,2.1031032e-15
3913.7075557094004,1.9919907e-15
3915.1860331683793,2.1277387e-15
3916.664510627358,2.029977e-15
3918.142988086337,1.7965664e-15
3919.621465545316,1.7198391e-15
3921.099943004295,1.845562e-15
3922.5784204632737,1.8082233e-15
3924.0568979222526,1.5870667e-15
3925.5353753812315,1.3247492e-15
3927.0138528402103,1.249705e-15
3928.4923302991892,1.3566556e-15
3929.970807758168,1.3920648e-15
3931.449285217147,1.4276806e-15
3932.927762676126,1.575527e-15
3934.4062401351052,1.7472212e-15
3935.884717594084,1.8713505e-15
3937.363195053063,2.0743729e-15
3938.841672512042,2.092072e-15
3940.320149971021,1.9283948e-15
3941.7986274299997,2.265782e-15
3943.2771048889786,2.0882263e-15
3944.7555823479574,1.9967214e-15
3946.2340598069363,1.9893606e-15
3947.712537265915,2.0438285e-15
3949.191014724894,2.0074069e-15
3950.669492183873,2.0567472e-15
3952.147969642852,2.0992314e-15
3953.6264471018308,2.119919e-15
3955.1049245608096,2.190757e-15
3956.5834020197885,2.0683105e-15
3958.0618794787674,1.8588407e-15
3959.5403569377468,1.4894127e-15
3961.0188343967257,1.4331994e-15
3962.4973118557045,1.3843449e-15
3963.9757893146834,1.4470927e-15
3965.4542667736623,1.4657202e-15
3966.932744232641,1.6162526e-15
3968.41122169162,1.692232e-15
3969.889699150599,1.7680397e-15
3971.368176609578,1.9180462e-15
3972.8466540685567,2.0746975e-15
3974.3251315275356,2.1499155e-15
3975.8036089865145,1.9221109e-15
3977.2820864454934,2.0221035e-15
3978.7605639044723,2.0735578e-15
3980.239041363451,2.0248899e-15
3981.71751882243,1.9458187e-15
3983.195996281409,1.908148e-15
3984.674473740388,2.0339465e-15
3986.1529511993667,2.0867826e-15
3987.6314286583456,1.9998283e-15
3989.1099061173245,2.082816e-15
3990.5883835763034,2.089223e-15
3992.0668610352823,2.1384977e-15
3993.545338494261,2.1182555e-15
3995.02381595324,1.9851464e-15
3996.502293412219,2.0960485e-15
3997.980770871198,1.9639511e-15
3999.4592483301767,2.0143015e-15
4000.9377257891556,1.9236662e-15
4002.4162032481345,1.876631e-15
4003.8946807071134,1.8047987e-15
4005.3731581660923,1.9968025e-15
4006.851635625071,2.0169756e-15
4008.33011308405,2.0706737e-15
4009.808590543029,1.8987345e-15
4011.287068002008,1.9337677e-15
4012.7655454609867,2.073543e-15
4014.2440229199656,1.9121237e-15
4015.7225003789445,2.083562e-15
4017.2009778379233,2.0839628e-15
4018.6794552969022,1.867091e-15
4020.157932755881,1.89358e-15
4021.63641021486,1.9858842e-15
4023.114887673839,1.9355776e-15
4024.593365132818,2.0349177e-15
4026.0718425917967,1.980462e-15
4027.5503200507756,1.8597333e-15
4029.0287975097544,1.9818625e-15
4030.5072749687333,2.131806e-15
4031.985752427712,2.0312053e-15
4033.464229886691,1.9889886e-15
4034.9427073456704,1.9221573e-15
4036.4211848046493,2.0726104e-15
4037.899662263628,1.9660209e-15
4039.378139722607,1.986414e-15
4040.856617181586,1.9244383e-15
4042.335094640565,1.926471e-15
4043.8135720995438,1.9368482e-15
4045.2920495585226,1.9125182e-15
4046.7705270175015,1.9305302e-15
4048.2490044764804,2.0226975e-15
4049.7274819354593,1.9644977e-15
4051.205959394438,2.0938875e-15
4052.684436853417,2.2497256e-15
4054.162914312396,1.9998005e-15
4055.641391771375,1.8904632e-15
4057.1198692303537,2.1545562e-15
4058.5983466893326,2.0538175e-15
4060.076824148312,1.9163292e-15
4061.555301607291,1.9688222e-15
4063.0337790662697,1.95147e-15
4064.5122565252486,1.9049273e-15
4065.9907339842275,1.9901903e-15
4067.4692114432064,2.0229538e-15
4068.9476889021853,1.9416682e-15
4070.426166361164,1.844207e-15
4071.904643820143,1.8140591e-15
4073.383121279122,2.068553e-15
4074.861598738101,2.1312819e-15
4076.3400761970797,1.8474284e-15
4077.8185536560586,2.0150249e-15
4079.2970311150375,2.1052818e-15
4080.7755085740164,2.023873e-15
4082.2539860329953,1.9835892e-15
4083.732463491974,2.0251116e-15
4085.210940950953,2.0325591e-15
4086.689418409932,2.0466935e-15
4088.167895868911,2.151934e-15
4089.6463733278897,2.1160969e-15
4091.1248507868686,2.200059e-15
4092.6033282458475,2.0561024e-15
4094.0818057048264,1.9255553e-15
4095.5602831638053,1.8916728e-15
4097.038760622784,1.8946367e-15
4098.517238081763,1.9192051e-15
4099.995715540742,1.8416084e-15
4101.474192999721,1.8849126e-15
4102.9526704587,1.9535184e-15
4104.431147917679,2.1954793e-15
4105.9096253766575,2.2811563e-15
4107.388102835636,2.0687831e-15
4108.866580294615,2.015425e-15
4110.345057753594,2.0447765e-15
4111.823535212573,1.8550663e-15
4113.302012671552,1.9485737e-15
4114.780490130531,2.1001201e-15
4116.25896758951,2.0069203e-15
4117.737445048489,1.9504397e-15
4119.215922507467,1.9166801e-15
4120.694399966446,1.9889225e-15
4122.172877425425,1.8759622e-15
4123.651354884404,1.8685894e-15
4125.129832343383,1.9597558e-15
4126.608309802362,1.8878306e-15
4128.086787261341,1.8987372e-15
4129.56526472032,1.958577e-15
4131.0437421792985,1.824578e-15
4132.522219638277,2.0551298e-15
4134.000697097256,1.7578195e-15
4135.479174556235,1.9000806e-15
4136.957652015215,2.036568e-15
4138.436129474194,2.094841e-15
4139.914606933173,1.880967e-15
4141.393084392152,1.964541e-15
4142.8715618511305,1.9586464e-15
4144.350039310109,1.9516768e-15
4145.828516769088,1.9920243e-15
4147.306994228067,1.8577387e-15
4148.785471687046,1.9541099e-15
4150.263949146025,2.0067672e-15
4151.742426605004,2.0265613e-15
4153.220904063983,1.9623295e-15
4154.699381522962,1.9991545e-15
4156.1778589819405,1.8413685e-15
4157.656336440919,1.9064382e-15
4159.134813899898,1.9993889e-15
4160.613291358877,1.9724782e-15
4162.091768817856,1.864787e-15
4163.570246276835,2.0197153e-15
4165.048723735814,1.993868e-15
4166.527201194793,1.9008364e-15
4168.005678653772,1.821757e-15
4169.4841561127505,1.7961376e-15
4170.962633571729,1.8375471e-15
4172.441111030708,1.6646891e-15
4173.919588489687,1.7533961e-15
4175.398065948666,1.7875453e-15
4176.876543407645,1.8264396e-15
4178.355020866624,1.7973237e-15
4179.833498325603,1.8746016e-15
4181.311975784582,1.9121e-15
4182.7904532435605,1.9520999e-15
4184.268930702539,1.8901451e-15
4185.747408161518,1.945739e-15
4187.225885620497,1.9980808e-15
4188.704363079476,2.064825e-15
4190.182840538455,1.9464226e-15
4191.661317997434,1.8108766e-15
4193.139795456413,2.0079784e-15
4194.618272915392,1.839922e-15
4196.0967503743705,1.9196068e-15
4197.575227833349,1.8774892e-15
4199.053705292328,1.7589562e-15
4200.532182751307,1.7467597e-15
4202.010660210286,1.8720023e-15
4203.489137669265,1.7374257e-15
4204.967615128244,1.8804663e-15
4206.446092587223,1.962512e-15
4207.924570046202,1.8561025e-15
4209.40304750518,1.8564804e-15
4210.881524964159,1.9240514e-15
4212.360002423138,1.9006314e-15
4213.838479882117,1.9606735e-15
4215.316957341096,1.8831397e-15
4216.795434800075,1.9235038e-15
4218.273912259054,1.9813786e-15
4219.752389718033,1.971723e-15
4221.2308671770115,1.8832253e-15
4222.70934463599,1.8323315e-15
4224.187822094969,1.7251043e-15
4225.666299553948,1.7414919e-15
4227.144777012927,1.7857553e-15
4228.623254471906,1.776938e-15
4230.101731930885,1.865562e-15
4231.580209389864,1.8545433e-15
4233.058686848843,1.885246e-15
4234.5371643078215,1.8716523e-15
4236.0156417668,1.8929164e-15
4237.494119225779,1.8665224e-15
4238.972596684758,1.9259456e-15
4240.451074143737,1.8324279e-15
4241.929551602716,1.6592763e-15
4243.408029061695,1.8497186e-15
4244.886506520674,1.782964e-15
4246.364983979653,1.8792275e-15
4247.8434614386315,1.96999e-15
4249.32193889761,1.8638596e-15
4250.800416356589,1.8737728e-15
4252.278893815568,1.8612647e-15
4253.757371274547,1.825031e-15
4255.235848733526,1.8305468e-15
4256.714326192505,1.9041868e-15
4258.192803651484,1.8425398e-15
4259.671281110463,1.8310934e-15
4261.1497585694415,1.9594163e-15
4262.628236028421,1.9653758e-15
4264.1067134874,1.8626837e-15
4265.585190946379,1.8652538e-15
4267.063668405358,1.7000365e-15
4268.542145864337,1.7665859e-15
4270.020623323316,1.7797134e-15
4271.499100782295,1.8937836e-15
4272.9775782412735,1.895157e-15
4274.456055700252,1.8021407e-15
4275.934533159231,1.912885e-15
4277.41301061821,1.8715796e-15
4278.891488077189,1.8524575e-15
4280.369965536168,1.865472e-15
4281.848442995147,1.7051894e-15
4283.326920454126,1.6854997e-15
4284.805397913105,1.8646945e-15
4286.2838753720835,1.6120534e-15
4287.762352831062,1.6684338e-15
4289.240830290041,1.7494919e-15
4290.71930774902,1.7198176e-15
4292.197785207999,1.6472014e-15
4293.676262666978,1.6928453e-15
4295.154740125957,1.6850763e-15
4296.633217584936,1.6059409e-15
4298.111695043915,1.6723081e-15
4299.590172502893,1.6823813e-15
4301.068649961872,1.7023932e-15
4302.547127420851,1.6612405e-15
4304.02560487983,1.6512198e-15
4305.504082338809,1.6160325e-15
4306.982559797788,1.6420277e-15
4308.461037256767,1.604342e-15
4309.939514715746,1.7295769e-15
4311.4179921747245,1.751995e-15
4312.896469633703,2.0309614e-15
4314.374947092682,1.829365e-15
4315.853424551661,1.7511947e-15
4317.33190201064,1.8251432e-15
4318.810379469619,1.7555481e-15
4320.288856928598,1.8624167e-15
4321.767334387577,1.8033077e-15
4323.245811846556,1.7712427e-15
4324.7242893055345,1.8576697e-15
4326.202766764513,1.7701501e-15
4327.681244223492,1.6934054e-15
4329.159721682471,1.7919967e-15
4330.63819914145,1.6736378e-15
4332.116676600429,1.728647e-15
4333.595154059408,1.8207767e-15
4335.073631518387,1.7032994e-15
4336.552108977366,1.6157969e-15
4338.030586436345,1.7312294e-15
4339.509063895324,1.8194621e-15
4340.987541354303,1.848609e-15
4342.466018813282,1.801843e-15
4343.944496272261,1.822914e-15
4345.42297373124,1.7284051e-15
4346.901451190219,1.880188e-15
4348.379928649198,1.8199223e-15
4349.8584061081765,1.7812012e-15
4351.336883567155,1.7498227e-15
4352.815361026134,1.809392e-15
4354.293838485113,1.7578006e-15
4355.772315944092,1.7485949e-15
4357.250793403071,1.7770938e-15
4358.72927086205,1.7334883e-15
4360.207748321029,1.8046422e-15
4361.686225780008,1.7393376e-15
4363.1647032389865,1.7835998e-15
4364.643180697965,1.6917423e-15
4366.121658156944,1.6629072e-15
4367.600135615923,1.6975786e-15
4369.078613074902,1.7385867e-15
4370.557090533881,1.7730166e-15
4372.03556799286,1.7417435e-15
4373.514045451839,1.7431464e-15
4374.992522910818,1.6671932e-15
4376.4710003697965,1.6180256e-15
4377.949477828775,1.5849907e-15
4379.427955287754,1.6360777e-15
4380.906432746733,1.6517959e-15
4382.384910205712,1.714707e-15
4383.863387664691,1.6240251e-15
4385.34186512367,1.6863516e-15
4386.820342582649,1.6741679e-15
4388.298820041628,1.6725893e-15
4389.777297500606,1.6096515e-15
4391.255774959585,1.6218893e-15
4392.734252418564,1.6518659e-15
4394.212729877543,1.6115663e-15
4395.691207336522,1.7386603e-15
4397.169684795501,1.7581029e-15
4398.64816225448,1.724816e-15
4400.126639713459,1.7550203e-15
4401.6051171724375,1.7789869e-15
4403.083594631416,1.7303699e-15
4404.562072090395,1.7068388e-15
4406.040549549374,1.6073487e-15
4407.519027008353,1.7099218e-15
4408.997504467332,1.7647855e-15
4410.475981926311,1.5865465e-15
4411.95445938529,1.654428e-15
4413.432936844269,1.6293601e-15
4414.9114143032475,1.6732583e-15
4416.389891762226,1.742157e-15
4417.868369221205,1.8192938e-15
4419.346846680184,1.7444321e-15
4420.825324139163,1.6776047e-15
4422.303801598142,1.795416e-15
4423.782279057121,1.807236e-15
4425.2607565161,1.6957557e-15
4426.739233975079,1.6312962e-15
4428.2177114340575,1.6930577e-15
4429.696188893036,1.73178e-15
4431.174666352015,1.7180334e-15
4432.653143810994,1.7696385e-15
4434.131621269973,1.7270727e-15
4435.610098728952,1.6760103e-15
4437.088576187931,1.7577196e-15
4438.56705364691,1.7804482e-15
4440.045531105889,1.7221161e-15
4441.5240085648675,1.757552e-15
4443.002486023846,1.7560381e-15
4444.480963482825,1.8018148e-15
4445.959440941804,1.7936893e-15
4447.437918400783,1.6295674e-15
4448.916395859762,1.6593205e-15
4450.394873318741,1.7224427e-15
4451.87335077772,1.7244387e-15
4453.351828236699,1.675922e-15
4454.830305695677,1.6916246e-15
4456.308783154656,1.6954961e-15
4457.787260613635,1.6802196e-15
4459.265738072614,1.6887022e-15
4460.744215531593,1.6440514e-15
4462.222692990572,1.6787241e-15
4463.701170449552,1.6939828e-15
4465.179647908531,1.7001095e-15
4466.6581253675095,1.6944208e-15
4468.136602826488,1.7018103e-15
4469.615080285467,1.7364041e-15
4471.093557744446,1.6893378e-15
4472.572035203425,1.7238782e-15
4474.050512662404,1.7588507e-15
4475.528990121383,1.6938661e-15
4477.007467580362,1.6863274e-15
4478.485945039341,1.6385412e-15
4479.964422498319,1.7517776e-15
4481.442899957298,1.7287018e-15
4482.921377416277,1.6672545e-15
4484.399854875256,1.7800336e-15
4485.878332334235,1.7207645e-15
4487.356809793214,1.7281114e-15
4488.835287252193,1.7709328e-15
4490.313764711172,1.7243223e-15
4491.7922421701505,1.7528879e-15
4493.270719629129,1.7438687e-15
4494.749197088108,1.7171782e-15
4496.227674547087,1.6901824e-15
4497.706152006066,1.7363767e-15
4499.184629465045,1.7826613e-15
4500.663106924024,1.7708121e-15
4502.141584383003,1.7623834e-15
4503.620061841982,1.7465862e-15
4505.0985393009605,1.7663385e-15
4506.577016759939,1.7868656e-15
4508.055494218918,1.7428644e-15
4509.533971677897,1.7282452e-15
4511.012449136876,1.750023e-15
4512.490926595855,1.6857775e-15
4513.969404054834,1.5851743e-15
4515.447881513813,1.5287516e-15
4516.926358972792,1.5791451e-15
4518.4048364317705,1.7220725e-15
4519.883313890749,1.7703576e-15
4521.361791349728,1.7321611e-15
4522.840268808707,1.737904e-15
4524.318746267686,1.7016913e-15
4525.797223726665,1.6455418e-15
4527.275701185644,1.6844309e-15
4528.754178644623,1.7358741e-15
4530.232656103602,1.7054888e-15
4531.7111335625805,1.6592606e-15
4533.189611021559,1.6391872e-15
4534.668088480538,1.748759e-15
4536.146565939517,1.7701512e-15
4537.625043398496,1.6791112e-15
4539.103520857475,1.7584862e-15
4540.581998316455,1.7761803e-15
4542.060475775434,1.6582279e-15
4543.5389532344125,1.5912984e-15
4545.017430693391,1.7444421e-15
4546.49590815237,1.6285055e-15
4547.974385611349,1.6206728e-15
4549.452863070328,1.7008417e-15
4550.931340529307,1.708332e-15
4552.409817988286,1.6645969e-15
4553.888295447265,1.6440014e-15
4555.366772906244,1.6732453e-15
4556.8452503652225,1.7196405e-15
4558.323727824201,1.7670674e-15
4559.80220528318,1.7597601e-15
4561.280682742159,1.7513228e-15
4562.759160201138,1.7079316e-15
4564.237637660117,1.6853807e-15
4565.716115119096,1.7269116e-15
4567.194592578075,1.7430734e-15
4568.673070037054,1.7334257e-15
4570.151547496032,1.7505923e-15
4571.630024955011,1.7309058e-15
4573.10850241399,1.6518556e-15
4574.586979872969,1.6718242e-15
4576.065457331948,1.7260513e-15
4577.543934790927,1.7338511e-15
4579.022412249906,1.6671378e-15
4580.500889708885,1.5903766e-15
4581.9793671678635,1.6536862e-15
4583.457844626842,1.6229222e-15
4584.936322085821,1.5359042e-15
4586.4147995448,1.5493565e-15
4587.893277003779,1.6714583e-15
4589.371754462758,1.6888419e-15
4590.850231921737,1.5974765e-15
4592.328709380716,1.5951261e-15
4593.807186839695,1.7108074e-15
4595.2856642986735,1.6905233e-15
4596.764141757652,1.6286314e-15
4598.242619216631,1.6249774e-15
4599.72109667561,1.680689e-15
4601.199574134589,1.7831797e-15
4602.678051593568,1.6833849e-15
4604.156529052547,1.6688589e-15
4605.635006511526,1.767804e-15
4607.113483970505,1.6313536e-15
4608.5919614294835,1.5762093e-15
4610.070438888462,1.6235172e-15
4611.548916347441,1.6466318e-15
4613.02739380642,1.6459989e-15
4614.505871265399,1.6411054e-15
4615.984348724378,1.6345804e-15
4617.462826183357,1.6648439e-15
4618.941303642336,1.7060688e-15
4620.419781101315,1.789263e-15
4621.8982585602935,1.6640942e-15
4623.376736019272,1.6110526e-15
4624.855213478251,1.6446444e-15
4626.33369093723,1.6287202e-15
4627.812168396209,1.6255052e-15
4629.290645855188,1.6201717e-15
4630.769123314167,1.649821e-15
4632.247600773146,1.7189965e-15
4633.726078232125,1.6857657e-15
4635.204555691103,1.7489092e-15
4636.683033150082,1.7458545e-15
4638.161510609061,1.6582737e-15
4639.63998806804,1.7480351e-15
4641.118465527019,1.7154463e-15
4642.596942985998,1.6879803e-15
4644.075420444977,1.6238471e-15
4645.553897903956,1.6758002e-15
4647.0323753629345,1.6979395e-15
4648.510852821913,1.6441429e-15
4649.989330280892,1.6850699e-15
4651.467807739871,1.636323e-15
4652.94628519885,1.7135146e-15
4654.424762657829,1.6926479e-15
4655.903240116808,1.6805289e-15
4657.381717575787,1.6742573e-15
4658.860195034766,1.616636e-15
4660.3386724937445,1.6344124e-15
4661.817149952723,1.5604462e-15
4663.295627411702,1.5812184e-15
4664.774104870681,1.5920546e-15
4666.252582329661,1.7064579e-15
4667.73105978864,1.6446682e-15
4669.209537247619,1.724121e-15
4670.688014706598,1.6998309e-15
4672.1664921655765,1.7590719e-15
4673.644969624555,1.7650838e-15
4675.123447083534,1.6318755e-15
4676.601924542513,1.6734067e-15
4678.080402001492,1.6357995e-15
4679.558879460471,1.6409709e-15
4681.03735691945,1.6659295e-15
4682.515834378429,1.6562641e-15
4683.994311837408,1.6664448e-15
4685.4727892963865,1.6740584e-15
4686.951266755365,1.6377219e-15
4688.429744214344,1.6414551e-15
4689.908221673323,1.7073541e-15
4691.386699132302,1.6145389e-15
4692.865176591281,1.599208e-15
4694.34365405026,1.5759978e-15
4695.822131509239,1.6108814e-15
4697.300608968218,1.7139475e-15
4698.7790864271965,1.7342896e-15
4700.257563886175,1.6814014e-15
4701.736041345154,1.6330844e-15
4703.214518804133,1.6024072e-15
4704.692996263112,1.6552246e-15
4706.171473722091,1.7913375e-15
4707.64995118107,1.6843348e-15
4709.128428640049,1.6851681e-15
4710.606906099028,1.7173665e-15
4712.0853835580065,1.6472555e-15
4713.563861016985,1.6393652e-15
4715.042338475964,1.723506e-15
4716.520815934943,1.7076031e-15
4717.999293393922,1.6384045e-15
4719.477770852901,1.7298593e-15
4720.95624831188,1.6894617e-15
4722.434725770859,1.7135159e-15
4723.913203229838,1.6922581e-15
4725.391680688816,1.6020786e-15
4726.870158147795,1.7136089e-15
4728.348635606774,1.6933306e-15
4729.827113065753,1.692271e-15
4731.305590524732,1.7139739e-15
4732.784067983711,1.7564329e-15
4734.26254544269,1.6956159e-15
4735.741022901669,1.6437418e-15
4737.2195003606475,1.6338443e-15
4738.697977819626,1.6944166e-15
4740.176455278605,1.7075639e-15
4741.654932737585,1.6301198e-15
4743.133410196564,1.7062454e-15
4744.611887655543,1.7054647e-15
4746.090365114522,1.6798083e-15
4747.568842573501,1.6760797e-15
4749.04732003248,1.6544164e-15
4750.525797491458,1.7007697e-15
4752.004274950437,1.7058682e-15
4753.482752409416,1.7387027e-15
4754.961229868395,1.6735331e-15
4756.439707327374,1.6170316e-15
4757.918184786353,1.659041e-15
4759.396662245332,1.6226896e-15
4760.875139704311,1.6585178e-15
4762.3536171632895,1.6428211e-15
4763.832094622268,1.630742e-15
4765.310572081247,1.6504073e-15
4766.789049540226,1.6545016e-15
4768.267526999205,1.7127485e-15
4769.746004458184,1.6440735e-15
4771.224481917163,1.5445804e-15
4772.702959376142,1.6178778e-15
4774.181436835121,1.724104e-15
4775.6599142940995,1.6875778e-15
4777.138391753078,1.6808698e-15
4778.616869212057,1.6229407e-15
4780.095346671036,1.7068068e-15
4781.573824130015,1.6903451e-15
4783.052301588994,1.6515518e-15
4784.530779047973,1.668413e-15
4786.009256506952,1.7342806e-15
4787.487733965931,1.6689494e-15
4788.9662114249095,1.6926581e-15
4790.444688883888,1.5615056e-15
4791.923166342867,1.6317319e-15
4793.401643801846,1.6824264e-15
4794.880121260825,1.5897302e-15
4796.358598719804,1.5651211e-15
4797.837076178783,1.5956037e-15
4799.315553637762,1.565643e-15
4800.794031096741,1.5852973e-15
4802.2725085557195,1.6659218e-15
4803.750986014698,1.6421707e-15
4805.229463473677,1.6804179e-15
4806.707940932656,1.6337969e-15
4808.186418391635,1.6195512e-15
4809.664895850614,1.6099732e-15
4811.143373309593,1.6074731e-15
4812.621850768572,1.5596806e-15
4814.100328227551,1.649142e-15
4815.578805686529,1.6695056e-15
4817.057283145508,1.5888006e-15
4818.535760604487,1.5988224e-15
4820.014238063466,1.6379646e-15
4821.492715522445,1.7295277e-15
4822.971192981424,1.6067569e-15
4824.449670440403,1.6309602e-15
4825.928147899382,1.6967067e-15
4827.4066253583605,1.698628e-15
4828.885102817339,1.614454e-15
4830.363580276318,1.6447333e-15
4831.842057735297,1.6714182e-15
4833.320535194276,1.5843699e-15
4834.799012653255,1.6109134e-15
4836.277490112234,1.6793198e-15
4837.755967571213,1.6662583e-15
4839.234445030192,1.6293817e-15
4840.7129224891705,1.7040733e-15
4842.191399948149,1.7148084e-15
4843.669877407128,1.7353332e-15
4845.148354866107,1.7149371e-15
4846.626832325086,1.7295729e-15
4848.105309784065,1.7391381e-15
4849.583787243044,1.7824133e-15
4851.062264702023,1.8289936e-15
4852.540742161002,1.824191e-15
4854.0192196199805,1.8338462e-15
4855.497697078959,1.8161498e-15
4856.976174537938,1.8260317e-15
4858.454651996917,1.8256084e-15
4859.933129455896,1.7987206e-15
4861.411606914875,1.7770476e-15
4862.890084373854,1.7484602e-15
4864.368561832833,1.6914966e-15
4865.847039291812,1.6242711e-15
4867.3255167507905,1.7066765e-15
4868.803994209769,1.7168031e-15
4870.282471668748,1.580778e-15
4871.760949127727,1.6590127e-15
4873.239426586706,1.6649802e-15
4874.717904045685,1.6290552e-15
4876.196381504664,1.6539298e-15
4877.674858963643,1.6554562e-15
4879.153336422622,1.6319951e-15
4880.631813881601,1.6493154e-15
4882.11029134058,1.5980114e-15
4883.588768799559,1.5505853e-15
4885.067246258538,1.6224861e-15
4886.545723717517,1.6321945e-15
4888.024201176496,1.6262243e-15
4889.502678635475,1.5712547e-15
4890.981156094454,1.6477539e-15
4892.4596335534325,1.6714854e-15
4893.938111012411,1.6730478e-15
4895.41658847139,1.6535734e-15
4896.895065930369,1.6425373e-15
4898.373543389348,1.6374489e-15
4899.852020848327,1.5997301e-15
4901.330498307306,1.5612719e-15
4902.808975766285,1.6098378e-15
4904.287453225264,1.590891e-15
4905.765930684242,1.6276867e-15
4907.244408143221,1.5625817e-15
4908.7228856022,1.5882524e-15
4910.201363061179,1.5931308e-15
4911.679840520158,1.5764719e-15
4913.158317979137,1.5727558e-15
4914.636795438116,1.5699134e-15
4916.115272897095,1.5832381e-15
4917.5937503560735,1.6121059e-15
4919.072227815052,1.616879e-15
4920.550705274031,1.6544608e-15
4922.02918273301,1.6402458e-15
4923.507660191989,1.565801e-15
4924.986137650968,1.5572676e-15
4926.464615109947,1.6502046e-15
4927.943092568926,1.6434613e-15
4929.421570027905,1.5825657e-15
4930.900047486884,1.5271948e-15
4932.378524945863,1.5764679e-15
4933.857002404842,1.6223669e-15
4935.335479863821,1.5990046e-15
4936.8139573228,1.6486201e-15
4938.292434781779,1.66954e-15
4939.770912240758,1.632705e-15
4941.249389699737,1.6213144e-15
4942.7278671587155,1.6068591e-15
4944.206344617694,1.6607579e-15
4945.684822076673,1.6910207e-15
4947.163299535652,1.7050613e-15
4948.641776994631,1.6689574e-15
4950.12025445361,1.5980979e-15
4951.598731912589,1.6025555e-15
4953.077209371568,1.6492284e-15
4954.555686830547,1.6013903e-15
4956.0341642895255,1.6103307e-15
4957.512641748504,1.5880193e-15
4958.991119207483,1.6949153e-15
4960.469596666462,1.6879811e-15
4961.948074125441,1.6697099e-15
4963.42655158442,1.6425317e-15
4964.905029043399,1.6453215e-15
4966.383506502378,1.5844017e-15
4967.861983961357,1.6525587e-15
4969.3404614203355,1.6855819e-15
4970.818938879314,1.6362636e-15
4972.297416338293,1.6571347e-15
4973.775893797272,1.6350594e-15
4975.254371256251,1.619687e-15
4976.73284871523,1.7364217e-15
4978.211326174209,1.6587735e-15
4979.689803633188,1.5827193e-15
4981.168281092167,1.6687042e-15
4982.6467585511455,1.6278752e-15
4984.125236010124,1.582955e-15
4985.603713469103,1.5838826e-15
4987.082190928082,1.5703566e-15
4988.560668387061,1.5878972e-15
4990.03914584604,1.638238e-15
4991.517623305019,1.651867e-15
4992.996100763998,1.6121378e-15
4994.474578222977,1.670648e-15
4995.953055681955,1.6776417e-15
4997.431533140934,1.639604e-15
4998.910010599913,1.6481474e-15
5000.388488058892,1.6661264e-15
5001.866965517871,1.6616166e-15
5003.34544297685,1.566678e-15
5004.823920435829,1.5594095e-15
5006.302397894808,1.5743165e-15
5007.7808753537865,1.4775156e-15
5009.259352812765,1.5958073e-15
5010.737830271744,1.6442799e-15
5012.216307730723,1.5331628e-15
5013.694785189702,1.5945381e-15
5015.173262648681,1.621871e-15
5016.65174010766,1.6468985e-15
5018.130217566639,1.6548892e-15
5019.608695025618,1.7123161e-15
5021.0871724845965,1.5810885e-15
5022.565649943575,1.5654825e-15
5024.044127402554,1.5689367e-15
5025.522604861533,1.6946829e-15
5027.001082320512,1.6013463e-15
5028.479559779491,1.5703741e-15
5029.95803723847,1.573984e-15
5031.436514697449,1.6106017e-15
5032.914992156428,1.5839427e-15
5034.3934696154065,1.5893384e-15
5035.871947074385,1.5760535e-15
5037.350424533364,1.5807497e-15
5038.828901992343,1.5902777e-15
5040.307379451322,1.6316816e-15
5041.785856910301,1.6774377e-15
5043.26433436928,1.7180908e-15
5044.742811828259,1.6398983e-15
5046.221289287238,1.6262646e-15
5047.6997667462165,1.602707e-15
5049.178244205195,1.5832212e-15
5050.656721664174,1.5953724e-15
5052.135199123153,1.6270734e-15
5053.613676582132,1.596994e-15
5055.092154041111,1.5925782e-15
5056.57063150009,1.6058581e-15
5058.049108959069,1.5775938e-15
5059.527586418048,1.6295015e-15
5061.0060638770265,1.5733553e-15
5062.484541336005,1.6224315e-15
5063.963018794984,1.5882204e-15
5065.441496253963,1.6064068e-15
5066.919973712942,1.5713055e-15
5068.398451171921,1.6014984e-15
5069.8769286309,1.6830459e-15
5071.355406089879,1.6574705e-15
5072.833883548858,1.6184602e-15
5074.312361007836,1.5752439e-15
5075.790838466815,1.5777014e-15
5077.269315925794,1.626049e-15
5078.747793384773,1.6067784e-15
5080.226270843752,1.5565021e-15
5081.704748302731,1.5589902e-15
5083.183225761711,1.6188354e-15
5084.66170322069,1.6746152e-15
5086.140180679668,1.6080917e-15
5087.618658138647,1.5823917e-15
5089.097135597626,1.6167945e-15
5090.575613056605,1.5917111e-15
5092.054090515584,1.618082e-15
5093.532567974563,1.6147921e-15
5095.011045433542,1.6051787e-15
5096.489522892521,1.5832655e-15
5097.9680003514995,1.5811623e-15
5099.446477810478,1.5844346e-15
5100.924955269457,1.6025159e-15
5102.403432728436,1.6198582e-15
5103.881910187415,1.6244718e-15
5105.360387646394,1.6214475e-15
5106.838865105373,1.6411708e-15
5108.317342564352,1.6380681e-15
5109.795820023331,1.6588389e-15
5111.2742974823095,1.6413833e-15
5112.752774941288,1.5055211e-15
5114.231252400267,1.5763516e-15
5115.709729859246,1.57856e-15
5117.188207318225,1.5870766e-15
5118.666684777204,1.576672e-15
5120.145162236183,1.6669987e-15
5121.623639695162,1.627082e-15
5123.102117154141,1.6176475e-15
5124.5805946131195,1.6420638e-15
5126.059072072098,1.5806595e-15
5127.537549531077,1.6464038e-15
5129.016026990056,1.6488596e-15
5130.494504449035,1.6803141e-15
5131.972981908014,1.6319997e-15
5133.451459366994,1.6117527e-15
5134.929936825973,1.6413548e-15
5136.4084142849515,1.687796e-15
5137.88689174393,1.6042159e-15
5139.365369202909,1.5885752e-15
5140.843846661888,1.5748624e-15
5142.322324120867,1.6257173e-15
5143.800801579846,1.6181168e-15
5145.279279038825,1.5761353e-15
5146.757756497804,1.6182945e-15
5148.236233956783,1.5906263e-15
5149.7147114157615,1.596016e-15
5151.19318887474,1.6776303e-15
5152.671666333719,1.5707892e-15
5154.150143792698,1.5112118e-15
5155.628621251677,1.5060665e-15
5157.107098710656,1.5635748e-15
5158.585576169635,1.6046063e-15
5160.064053628614,1.5918276e-15
5161.542531087593,1.5374507e-15
5163.0210085465715,1.5911653e-15
5164.49948600555,1.5631812e-15
5165.977963464529,1.6077475e-15
5167.456440923508,1.6337322e-15
5168.934918382487,1.6097474e-15
5170.413395841466,1.7068676e-15
5171.891873300445,1.6531194e-15
5173.370350759424,1.5905759e-15
5174.848828218403,1.6044941e-15
5176.327305677381,1.520643e-15
5177.80578313636,1.4967336e-15
5179.284260595339,1.5380379e-15
5180.762738054318,1.5256946e-15
5182.241215513297,1.5144842e-15
5183.719692972276,1.523509e-15
5185.198170431255,1.5181704e-15
5186.676647890234,1.5914547e-15
5188.1551253492125,1.5761392e-15
5189.633602808191,1.536661e-15
5191.11208026717,1.4953644e-15
5192.590557726149,1.5586226e-15
5194.069035185128,1.5430149e-15
5195.547512644107,1.5134132e-15
5197.025990103086,1.529249e-15
5198.504467562065,1.5591097e-15
5199.982945021044,1.5759786e-15
5201.4614224800225,1.5952516e-15
5202.939899939001,1.5987837e-15
5204.41837739798,1.5886054e-15
5205.896854856959,1.6095128e-15
5207.375332315938,1.6083025e-15
5208.853809774917,1.5625246e-15
5210.332287233896,1.5719657e-15
5211.810764692875,1.516378e-15
5213.289242151854,1.5202793e-15
5214.7677196108325,1.5223088e-15
5216.246197069811,1.5265093e-15
5217.72467452879,1.5070087e-15
5219.203151987769,1.5439141e-15
5220.681629446748,1.5508725e-15
5222.160106905727,1.5395424e-15
5223.638584364706,1.5670985e-15
5225.117061823685,1.5163052e-15
5226.595539282664,1.529117e-15
5228.0740167416425,1.5396551e-15
5229.552494200621,1.5782245e-15
5231.0309716596,1.5960394e-15
5232.509449118579,1.5444161e-15
5233.987926577558,1.5260647e-15
5235.466404036537,1.5565149e-15
5236.944881495516,1.6016764e-15
5238.423358954495,1.5961028e-15
5239.901836413474,1.5488065e-15
5241.3803138724525,1.5352056e-15
5242.858791331431,1.623236e-15
5244.33726879041,1.5944533e-15
5245.815746249389,1.5748757e-15
5247.294223708368,1.5627836e-15
5248.772701167347,1.540394e-15
5250.251178626326,1.5643101e-15
5251.729656085305,1.5490726e-15
5253.208133544284,1.5336571e-15
5254.686611003262,1.590358e-15
5256.165088462241,1.5722886e-15
5257.64356592122,1.5478419e-15
5259.122043380199,1.5063015e-15
5260.600520839178,1.5281205e-15
5262.078998298157,1.5269606e-15
5263.557475757136,1.4718075e-15
5265.035953216115,1.4847501e-15
5266.5144306750935,1.5116436e-15
5267.992908134072,1.549759e-15
5269.471385593051,1.524479e-15
5270.94986305203,1.4553359e-15
5272.428340511009,1.5105672e-15
5273.906817969988,1.5552739e-15
5275.385295428967,1.5585293e-15
5276.863772887946,1.5541329e-15
5278.342250346925,1.5686531e-15
5279.8207278059035,1.5729214e-15
5281.299205264882,1.5746072e-15
5282.777682723861,1.603602e-15
5284.256160182841,1.5038531e-15
5285.73463764182,1.4650346e-15
5287.213115100799,1.5072603e-15
5288.691592559778,1.5300298e-15
5290.170070018757,1.5236542e-15
5291.6485474777355,1.5302929e-15
5293.127024936714,1.5199447e-15
5294.605502395693,1.4805837e-15
5296.083979854672,1.5105739e-15
5297.562457313651,1.5155525e-15
5299.04093477263,1.5633827e-15
5300.519412231609,1.5888578e-15
5301.997889690588,1.5180064e-15
5303.476367149567,1.500459e-15
5304.9548446085455,1.4296232e-15
5306.433322067524,1.3883432e-15
5307.911799526503,1.3703457e-15
5309.390276985482,1.3994959e-15
5310.868754444461,1.4591008e-15
5312.34723190344,1.5157753e-15
5313.825709362419,1.4924423e-15
5315.304186821398,1.4064049e-15
5316.782664280377,1.4309942e-15
5318.2611417393555,1.5066027e-15
5319.739619198334,1.4674446e-15
5321.218096657313,1.4982729e-15
5322.696574116292,1.4864683e-15
5324.175051575271,1.5067295e-15
5325.65352903425,1.5161595e-15
5327.132006493229,1.5198277e-15
5328.610483952208,1.552075e-15
5330.088961411187,1.558068e-15
5331.5674388701655,1.5410233e-15
5333.045916329144,1.5133289e-15
5334.524393788124,1.5086607e-15
5336.002871247103,1.5361667e-15
5337.481348706082,1.5002941e-15
5338.959826165061,1.4971469e-15
5340.43830362404,1.5338824e-15
5341.916781083019,1.4840875e-15
5343.3952585419975,1.5588476e-15
5344.873736000976,1.5076286e-15
5346.352213459955,1.4837173e-15
5347.830690918934,1.5439641e-15
5349.309168377913,1.5375785e-15
5350.787645836892,1.4970274e-15
5352.266123295871,1.4463958e-15
5353.74460075485,1.4288599e-15
5355.223078213829,1.4973925e-15
5356.701555672807,1.5300546e-15
5358.180033131786,1.540829e-15
5359.658510590765,1.5352332e-15
5361.136988049744,1.5221871e-15
5362.615465508723,1.4834804e-15
5364.093942967702,1.4993056e-15
5365.572420426681,1.5215446e-15
5367.05089788566,1.5111332e-15
5368.5293753446385,1.4887383e-15
5370.007852803617,1.4876628e-15
5371.486330262596,1.4868438e-15
5372.964807721575,1.4689899e-15
5374.443285180554,1.4803288e-15
5375.921762639533,1.5137558e-15
5377.400240098512,1.5424037e-15
5378.878717557491,1.5158792e-15
5380.35719501647,1.4600837e-15
5381.8356724754485,1.4582029e-15
5383.314149934427,1.5247313e-15
5384.792627393406,1.5255646e-15
5386.271104852385,1.4996978e-15
5387.749582311364,1.5128822e-15
5389.228059770343,1.4684784e-15
5390.706537229322,1.4717151e-15
5392.185014688301,1.4999601e-15
5393.66349214728,1.5028636e-15
5395.1419696062585,1.4979212e-15
5396.620447065237,1.5322166e-15
5398.098924524216,1.4961362e-15
5399.577401983195,1.4647624e-15
5401.055879442174,1.4759938e-15
5402.534356901153,1.5192505e-15
5404.012834360132,1.5184977e-15
5405.491311819111,1.4551344e-15
5406.96978927809,1.5211616e-15
5408.4482667370685,1.4908913e-15
5409.926744196047,1.4526273e-15
5411.405221655026,1.4853874e-15
5412.883699114005,1.5043177e-15
5414.362176572984,1.4922034e-15
5415.840654031963,1.4544069e-15
5417.319131490942,1.5014006e-15
5418.797608949921,1.4974996e-15
5420.2760864089,1.4592663e-15
5421.7545638678785,1.4750022e-15
5423.233041326857,1.4679565e-15
5424.711518785836,1.5236763e-15
5426.189996244815,1.4623234e-15
5427.668473703794,1.438299e-15
5429.146951162773,1.4901382e-15
5430.625428621752,1.4583633e-15
5432.103906080731,1.4511811e-15
5433.58238353971,1.4482023e-15
5435.060860998688,1.5016845e-15
5436.539338457667,1.5297862e-15
5438.017815916646,1.4447281e-15
5439.496293375625,1.4388436e-15
5440.974770834604,1.4874062e-15
5442.453248293583,1.4790834e-15
5443.931725752562,1.4534788e-15
5445.410203211541,1.4378146e-15
5446.8886806705195,1.4625402e-15
5448.367158129498,1.5078357e-15
5449.845635588477,1.4815316e-15
5451.324113047456,1.4619627e-15
5452.802590506435,1.4875437e-15
5454.281067965414,1.473508e-15
5455.759545424393,1.4576804e-15
5457.238022883372,1.4327474e-15
5458.716500342351,1.4936144e-15
5460.1949778013295,1.4325612e-15
5461.673455260308,1.4286265e-15
5463.151932719287,1.430232e-15
5464.630410178266,1.4494836e-15
5466.108887637245,1.4592286e-15
5467.587365096224,1.4819407e-15
5469.065842555203,1.4410775e-15
5470.544320014182,1.4297887e-15
5472.022797473161,1.401675e-15
5473.5012749321395,1.4343646e-15
5474.979752391118,1.441548e-15
5476.458229850097,1.4477855e-15
5477.936707309076,1.3910479e-15
5479.415184768055,1.4078217e-15
5480.893662227034,1.4444891e-15
5482.372139686013,1.4248752e-15
5483.850617144992,1.4772561e-15
5485.329094603971,1.4752367e-15
5486.80757206295,1.4488969e-15
5488.286049521929,1.4540086e-15
5489.764526980908,1.4296559e-15
5491.243004439887,1.4156361e-15
5492.721481898866,1.4648106e-15
5494.199959357845,1.4259235e-15
5495.678436816824,1.4718024e-15
5497.156914275803,1.4443353e-15
5498.6353917347815,1.3858145e-15
5500.11386919376,1.4287301e-15
5501.592346652739,1.4280042e-15
5503.070824111718,1.4259555e-15
5504.549301570697,1.4661651e-15
5506.027779029676,1.4815623e-15
5507.506256488655,1.4541894e-15
5508.984733947634,1.4493404e-15
5510.463211406613,1.475459e-15
5511.9416888655915,1.4537821e-15
5513.42016632457,1.414786e-15
5514.898643783549,1.3825479e-15
5516.377121242528,1.3974768e-15
5517.855598701507,1.4610848e-15
5519.334076160486,1.4720388e-15
5520.812553619465,1.3950458e-15
5522.291031078444,1.3949877e-15
5523.769508537423,1.4579872e-15
5525.247985996401,1.4602615e-15
5526.72646345538,1.4029684e-15
5528.204940914359,1.4605778e-15
5529.683418373338,1.4738871e-15
5531.161895832317,1.4289032e-15
5532.640373291296,1.4404104e-15
5534.118850750275,1.4215473e-15
5535.597328209254,1.4188037e-15
5537.075805668233,1.3812536e-15
5538.554283127212,1.3980375e-15
5540.032760586191,1.4029448e-15
5541.51123804517,1.3980286e-15
5542.989715504149,1.384115e-15
5544.468192963128,1.3765734e-15
5545.946670422107,1.3716016e-15
5547.425147881086,1.4233876e-15
5548.9036253400645,1.422164e-15
5550.382102799043,1.4043975e-15
5551.860580258022,1.3840944e-15
5553.339057717001,1.3678949e-15
5554.81753517598,1.3959939e-15
5556.296012634959,1.4021366e-15
5557.774490093938,1.3885635e-15
5559.252967552917,1.398827e-15
5560.731445011896,1.390892e-15
5562.2099224708745,1.4050323e-15
5563.688399929853,1.4716705e-15
5565.166877388832,1.473549e-15
5566.645354847811,1.4551633e-15
5568.12383230679,1.4610308e-15
5569.602309765769,1.4868228e-15
5571.080787224748,1.4628075e-15
5572.559264683727,1.4384663e-15
5574.037742142706,1.42327e-15
5575.5162196016845,1.4842222e-15
5576.994697060663,1.3343367e-15
5578.473174519642,1.3142698e-15
5579.951651978621,1.3094099e-15
5581.4301294376,1.4774477e-15
5582.908606896579,1.3975056e-15
5584.387084355558,1.4049727e-15
5585.865561814537,1.3815255e-15
5587.344039273516,1.4078345e-15
5588.8225167324945,1.3848609e-15
5590.300994191473,1.3676502e-15
5591.779471650452,1.415825e-15
5593.257949109431,1.3948414e-15
5594.73642656841,1.3936882e-15
5596.214904027389,1.3812298e-15
5597.693381486368,1.3831828e-15
5599.171858945347,1.3548076e-15
5600.650336404326,1.3567501e-15
5602.1288138633045,1.4644245e-15
5603.607291322283,1.4660943e-15
5605.085768781262,1.3823733e-15
5606.564246240241,1.3753922e-15
5608.04272369922,1.3710849e-15
5609.521201158199,1.3605998e-15
5610.999678617178,1.3761069e-15
5612.478156076157,1.3993663e-15
5613.956633535136,1.4185178e-15
5615.435110994114,1.4011856e-15
5616.913588453093,1.412255e-15
5618.392065912072,1.3905799e-15
5619.870543371051,1.4035367e-15
5621.34902083003,1.3923986e-15
5622.827498289009,1.3591236e-15
5624.305975747988,1.371642e-15
5625.784453206967,1.3604018e-15
5627.2629306659455,1.3021387e-15
5628.741408124924,1.3213749e-15
5630.219885583903,1.3649917e-15
5631.698363042882,1.3939165e-15
5633.176840501861,1.3988275e-15
5634.65531796084,1.3616599e-15
5636.133795419819,1.3680019e-15
5637.612272878798,1.3411228e-15
5639.090750337777,1.3434126e-15
5640.5692277967555,1.3233059e-15
5642.047705255734,1.3565114e-15
5643.526182714713,1.3303408e-15
5645.004660173692,1.3034357e-15
5646.483137632671,1.347962e-15
5647.96161509165,1.3532979e-15
5649.440092550629,1.3561816e-15
5650.918570009608,1.3425248e-15
5652.397047468587,1.3416614e-15
5653.8755249275655,1.3722173e-15
5655.354002386544,1.4007873e-15
5656.832479845523,1.3941143e-15
5658.310957304502,1.3222089e-15
5659.789434763481,1.2949815e-15
5661.26791222246,1.3339436e-15
5662.746389681439,1.3456319e-15
5664.224867140418,1.3179052e-15
5665.703344599397,1.3368521e-15
5667.1818220583755,1.3517925e-15
5668.660299517354,1.3611239e-15
5670.138776976333,1.3711362e-15
5671.617254435312,1.3656369e-15
5673.095731894291,1.3366269e-15
5674.57420935327,1.3053483e-15
5676.052686812249,1.3004793e-15
5677.531164271228,1.3325244e-15
5679.009641730207,1.3309763e-15
5680.488119189185,1.3391779e-15
5681.966596648164,1.3709255e-15
5683.445074107143,1.3534535e-15
5684.923551566122,1.3218619e-15
5686.402029025101,1.3225575e-15
5687.880506484081,1.3271396e-15
5689.35898394306,1.3276427e-15
5690.837461402039,1.3296618e-15
5692.3159388610175,1.2969237e-15
5693.794416319996,1.2755167e-15
5695.272893778975,1.3468228e-15
5696.751371237954,1.353532e-15
5698.229848696933,1.2917362e-15
5699.708326155912,1.3174887e-15
5701.186803614891,1.3293567e-15
5702.66528107387,1.3096376e-15
5704.143758532849,1.3541988e-15
5705.622235991827,1.2968365e-15
5707.100713450806,1.3213619e-15
5708.579190909785,1.3776308e-15
5710.057668368764,1.3012611e-15
5711.536145827743,1.2983658e-15
5713.014623286722,1.3550545e-15
5714.493100745701,1.3422799e-15
5715.97157820468,1.338862e-15
5717.4500556636585,1.3100828e-15
5718.928533122637,1.3194613e-15
5720.407010581616,1.3918016e-15
5721.885488040595,1.3417874e-15
5723.363965499574,1.2661565e-15
5724.842442958553,1.2959638e-15
5726.320920417532,1.2925144e-15
5727.799397876511,1.2680366e-15
5729.27787533549,1.3133387e-15
5730.7563527944685,1.3283377e-15
5732.234830253447,1.2550744e-15
5733.713307712426,1.2289951e-15
5735.191785171405,1.2823827e-15
5736.670262630384,1.2496685e-15
5738.148740089364,1.2748694e-15
5739.627217548343,1.3231652e-15
5741.105695007322,1.2787266e-15
5742.5841724663005,1.262268e-15
5744.062649925279,1.3217378e-15
5745.541127384258,1.2734299e-15
5747.019604843237,1.2743514e-15
5748.498082302216,1.2739502e-15
5749.976559761195,1.3065138e-15
5751.455037220174,1.2985646e-15
5752.933514679153,1.2835777e-15
5754.411992138132,1.3392239e-15
5755.8904695971105,1.3195724e-15
5757.368947056089,1.2713425e-15
5758.847424515068,1.3003155e-15
5760.325901974047,1.2978187e-15
5761.804379433026,1.253712e-15
5763.282856892005,1.2824918e-15
5764.761334350984,1.3249001e-15
5766.239811809963,1.3407154e-15
5767.718289268942,1.3722142e-15
5769.1967667279205,1.3050822e-15
5770.675244186899,1.2526019e-15
5772.153721645878,1.2993987e-15
5773.632199104857,1.2684457e-15
5775.110676563836,1.2998072e-15
5776.589154022815,1.2994956e-15
5778.067631481794,1.2819936e-15
5779.546108940773,1.2909558e-15
5781.024586399752,1.3205451e-15
5782.5030638587305,1.3340909e-15
5783.981541317709,1.3344193e-15
5785.460018776688,1.3165331e-15
5786.938496235667,1.3058528e-15
5788.416973694646,1.2537146e-15
5789.895451153625,1.2920327e-15
5791.373928612604,1.287374e-15
5792.852406071583,1.2719575e-15
5794.330883530562,1.2987232e-15
5795.80936098954,1.2963234e-15
5797.287838448519,1.2822183e-15
5798.766315907498,1.2792929e-15
5800.244793366477,1.3070183e-15
5801.723270825456,1.2686244e-15
5803.201748284435,1.2516362e-15
5804.680225743414,1.3172183e-15
5806.158703202393,1.2946498e-15
5807.6371806613715,1.3440888e-15
5809.11565812035,1.3295169e-15
5810.594135579329,1.3398057e-15
5812.072613038308,1.314462e-15
5813.551090497287,1.2667547e-15
5815.029567956266,1.2615781e-15
5816.508045415245,1.2661724e-15
5817.986522874224,1.2353161e-15
5819.465000333203,1.2736591e-15
5820.9434777921815,1.3308699e-15
5822.42195525116,1.2856409e-15
5823.900432710139,1.2684112e-15
5825.378910169118,1.2489933e-15
5826.857387628097,1.2329348e-15
5828.335865087076,1.2620899e-15
5829.814342546055,1.2655714e-15
5831.292820005034,1.2493233e-15
5832.771297464013,1.2418562e-15
5834.2497749229915,1.2550744e-15
5835.72825238197,1.2553272e-15
5837.206729840949,1.2243571e-15
5838.685207299928,1.1869048e-15
5840.163684758907,1.2089298e-15
5841.642162217886,1.2768379e-15
5843.120639676865,1.2634177e-15
5844.599117135844,1.2498865e-15
5846.077594594823,1.2482606e-15
5847.5560720538015,1.2583013e-15
5849.03454951278,1.284588e-15
5850.513026971759,1.2534201e-15
5851.991504430738,1.2365148e-15
5853.469981889717,1.2479177e-15
5854.948459348696,1.274324e-15
5856.426936807675,1.2269441e-15
5857.905414266654,1.2265826e-15
5859.383891725633,1.2670952e-15
5860.862369184611,1.2246682e-15
5862.34084664359,1.2341725e-15
5863.819324102569,1.2699159e-15
5865.297801561548,1.261358e-15
5866.776279020527,1.2826319e-15
5868.254756479506,1.2135032e-15
5869.733233938485,1.1870783e-15
5871.211711397464,1.2214267e-15
5872.690188856443,1.200451e-15
5874.168666315421,1.1428005e-15
5875.6471437744,1.1343347e-15
5877.125621233379,1.173692e-15
5878.604098692358,1.1430631e-15
5880.082576151337,1.1621295e-15
5881.561053610316,1.1194439e-15
5883.039531069295,1.1602264e-15
5884.518008528274,1.1148016e-15
5885.9964859872525,1.0969828e-15
5887.474963446231,1.1343629e-15
5888.95344090521,1.1682303e-15
5890.43191836419,1.1811125e-15
5891.910395823169,1.162413e-15
5893.388873282148,1.1981521e-15
5894.867350741127,1.2335571e-15
5896.345828200106,1.2196421e-15
5897.8243056590845,1.1853816e-15
5899.302783118063,1.2336855e-15
5900.781260577042,1.2203658e-15
5902.259738036021,1.2218659e-15
5903.738215495,1.2206222e-15
5905.216692953979,1.2178033e-15
5906.695170412958,1.2123016e-15
5908.173647871937,1.2220974e-15
5909.652125330916,1.2465116e-15
5911.1306027898945,1.2480067e-15
5912.609080248873,1.1792415e-15
5914.087557707852,1.1372019e-15
5915.566035166831,1.1972434e-15
5917.04451262581,1.2333746e-15
5918.522990084789,1.194708e-15
5920.001467543768,1.1884869e-15
5921.479945002747,1.2010944e-15
5922.958422461726,1.2008444e-15
5924.4368999207045,1.2322341e-15
5925.915377379683,1.2323795e-15
5927.393854838662,1.1853186e-15
5928.872332297641,1.1541978e-15
5930.35080975662,1.208184e-15
5931.829287215599,1.2171321e-15
5933.307764674578,1.1965218e-15
5934.786242133557,1.2088541e-15
5936.264719592536,1.2342666e-15
5937.7431970515145,1.2067985e-15
5939.221674510493,1.1987994e-15
5940.700151969473,1.2058561e-15
5942.178629428452,1.2209964e-15
5943.657106887431,1.1865659e-15
5945.13558434641,1.1799754e-15
5946.614061805389,1.2192782e-15
5948.092539264368,1.2217333e-15
5949.5710167233465,1.2070244e-15
5951.049494182325,1.1926616e-15
5952.527971641304,1.1968988e-15
5954.006449100283,1.1976255e-15
5955.484926559262,1.1545452e-15
5956.963404018241,1.1973296e-15
5958.44188147722,1.2001627e-15
5959.920358936199,1.209691e-15
5961.398836395178,1.2197533e-15
5962.8773138541565,1.1957009e-15
5964.355791313135,1.1584368e-15
5965.834268772114,1.1786639e-15
5967.312746231093,1.1989566e-15
5968.791223690072,1.2194306e-15
5970.269701149051,1.1854196e-15
5971.74817860803,1.2393533e-15
5973.226656067009,1.2288589e-15
5974.705133525988,1.213304e-15
5976.183610984966,1.2726599e-15
5977.662088443945,1.2212431e-15
5979.140565902924,1.1824168e-15
5980.619043361903,1.1877427e-15
5982.097520820882,1.1939525e-15
5983.575998279861,1.2250181e-15
5985.05447573884,1.2069938e-15
5986.532953197819,1.2177148e-15
5988.0114306567975,1.253794e-15
5989.489908115776,1.2218847e-15
5990.968385574755,1.1703798e-15
5992.446863033734,1.2099037e-15
5993.925340492713,1.2309651e-15
5995.403817951692,1.1919701e-15
5996.882295410671,1.1954519e-15
5998.36077286965,1.2176731e-15
5999.839250328629,1.1960467e-15
6001.3177277876075,1.176744e-15
6002.796205246586,1.2238719e-15
6004.274682705565,1.2428554e-15
6005.753160164544,1.1842235e-15
6007.231637623523,1.1725462e-15
6008.710115082502,1.1851464e-15
6010.188592541481,1.1878904e-15
6011.66707000046,1.1716653e-15
6013.145547459439,1.2171549e-15
6014.6240249184175,1.1975108e-15
6016.102502377396,1.1961534e-15
6017.580979836375,1.2212676e-15
6019.059457295354,1.227293e-15
6020.537934754333,1.2102389e-15
6022.016412213312,1.1896044e-15
6023.494889672291,1.1711344e-15
6024.97336713127,1.2163818e-15
6026.451844590249,1.2337032e-15
6027.9303220492275,1.2183276e-15
6029.408799508206,1.2163932e-15
6030.887276967185,1.2195115e-15
6032.365754426164,1.256508e-15
6033.844231885143,1.2079961e-15
6035.322709344122,1.1312571e-15
6036.801186803101,1.1755045e-15
6038.27966426208,1.2066038e-15
6039.758141721059,1.1799966e-15
6041.236619180037,1.1740619e-15
6042.715096639016,1.1915023e-15
6044.193574097995,1.1581623e-15
6045.672051556974,1.1911943e-15
6047.150529015953,1.1849683e-15
6048.629006474932,1.1752763e-15
6050.107483933911,1.1708222e-15
6051.58596139289,1.20668e-15
6053.0644388518685,1.22023e-15
6054.542916310847,1.1706351e-15
6056.021393769826,1.1521669e-15
6057.499871228805,1.1812636e-15
6058.978348687784,1.2169297e-15
6060.456826146763,1.1933897e-15
6061.935303605742,1.2088125e-15
6063.413781064721,1.2044025e-15
6064.8922585237,1.1561832e-15
6066.3707359826785,1.1670314e-15
6067.849213441657,1.1557399e-15
6069.327690900636,1.1656795e-15
6070.806168359615,1.2204432e-15
6072.284645818594,1.2342124e-15
6073.763123277573,1.2365652e-15
6075.241600736552,1.2311972e-15
6076.720078195531,1.2358874e-15
6078.19855565451,1.2362004e-15
6079.6770331134885,1.1774312e-15
6081.155510572467,1.1628274e-15
6082.633988031446,1.2009066e-15
6084.112465490425,1.1654414e-15
6085.590942949404,1.1601305e-15
6087.069420408383,1.1388267e-15
6088.547897867362,1.1784367e-15
6090.026375326341,1.2097465e-15
6091.5048527853205,1.1823574e-15
6092.983330244299,1.1887115e-15
6094.461807703278,1.1911975e-15
6095.940285162257,1.1991731e-15
6097.418762621236,1.2034774e-15
6098.897240080215,1.2097977e-15
6100.375717539194,1.2201574e-15
6101.854194998173,1.2418329e-15
6103.332672457152,1.2453509e-15
6104.8111499161305,1.2059688e-15
6106.289627375109,1.179152e-15
6107.768104834088,1.1770578e-15
6109.246582293067,1.1911294e-15
6110.725059752046,1.2175021e-15
6112.203537211025,1.1703555e-15
6113.682014670004,1.1968884e-15
6115.160492128983,1.1706672e-15
6116.638969587962,1.238405e-15
6118.1174470469405,1.1870544e-15
6119.595924505919,1.2011787e-15
6121.074401964898,1.2128809e-15
6122.552879423877,1.1577122e-15
6124.031356882856,1.1376261e-15
6125.509834341835,1.1378739e-15
6126.988311800814,1.1528297e-15
6128.466789259793,1.1904774e-15
6129.945266718772,1.2469642e-15
6131.42374417775,1.2722292e-15
6132.902221636729,1.1642303e-15
6134.380699095708,1.1595432e-15
6135.859176554687,1.1808693e-15
6137.337654013666,1.188477e-15
6138.816131472645,1.1285824e-15
6140.294608931624,1.1140359e-15
6141.773086390604,1.1401611e-15
6143.251563849582,1.1550838e-15
6144.730041308561,1.1524685e-15
6146.20851876754,1.1882468e-15
6147.686996226519,1.1909717e-15
6149.165473685498,1.1553544e-15
6150.643951144477,1.1737887e-15
6152.122428603456,1.1897142e-15
6153.600906062435,1.1738043e-15
6155.079383521414,1.1672743e-15
6156.557860980392,1.1299947e-15
6158.036338439371,1.15795e-15
6159.51481589835,1.1293906e-15
6160.993293357329,1.1773907e-15
6162.471770816308,1.1629536e-15
6163.950248275287,1.1680819e-15
6165.428725734266,1.1640923e-15
6166.907203193245,1.1521735e-15
6168.3856806522235,1.1810185e-15
6169.864158111202,1.2224544e-15
6171.342635570181,1.2085334e-15
6172.82111302916,1.1755888e-15
6174.299590488139,1.1718693e-15
6175.778067947118,1.1644689e-15
6177.256545406097,1.1701221e-15
6178.735022865076,1.1835332e-15
6180.213500324055,1.1513116e-15
6181.6919777830335,1.1816713e-15
6183.170455242012,1.1812395e-15
6184.648932700991,1.1537906e-15
6186.12741015997,1.1623272e-15
6187.605887618949,1.1823904e-15
6189.084365077928,1.1397983e-15
6190.562842536907,1.1377224e-15
6192.041319995886,1.1532314e-15
6193.519797454865,1.1406834e-15
6194.9982749138435,1.1482597e-15
6196.476752372822,1.1661795e-15
6197.955229831801,1.1586064e-15
6199.43370729078,1.1650011e-15
6200.912184749759,1.1824169e-15
6202.390662208738,1.1245789e-15
6203.869139667717,1.0991184e-15
6205.347617126696,1.1472274e-15
6206.826094585675,1.105541e-15
6208.3045720446535,1.1417557e-15
6209.783049503632,1.1609922e-15
6211.261526962611,1.118553e-15
6212.74000442159,1.1653186e-15
6214.218481880569,1.1762005e-15
6215.696959339548,1.1730668e-15
6217.175436798527,1.1722602e-15
6218.653914257506,1.1262207e-15
6220.132391716485,1.1492229e-15
6221.610869175463,1.1578766e-15
6223.089346634442,1.0795453e-15
6224.567824093421,1.0985887e-15
6226.0463015524,1.1447538e-15
6227.524779011379,1.0848281e-15
6229.003256470358,1.1068663e-15
6230.481733929337,1.1225446e-15
6231.960211388316,1.1588081e-15
6233.4386888472945,1.1708526e-15
6234.917166306273,1.0894967e-15
6236.395643765252,1.0923557e-15
6237.874121224231,1.1287806e-15
6239.35259868321,1.0837247e-15
6240.831076142189,1.0743841e-15
6242.309553601168,1.1066919e-15
6243.788031060147,1.1383371e-15
6245.266508519126,1.1965506e-15
6246.7449859781045,1.1785145e-15
6248.223463437083,1.1274346e-15
6249.701940896062,1.1294555e-15
6251.180418355041,1.1192902e-15
6252.65889581402,1.2047524e-15
6254.137373272999,1.1684478e-15
6255.615850731978,1.1275754e-15
6257.094328190957,1.1481828e-15
6258.572805649936,1.1423634e-15
6260.0512831089145,1.1216625e-15
6261.529760567893,1.117906e-15
6263.008238026872,1.1486734e-15
6264.486715485851,1.1730971e-15
6265.96519294483,1.1367825e-15
6267.443670403809,1.1521956e-15
6268.922147862788,1.1481867e-15
6270.400625321767,1.1344516e-15
6271.879102780746,1.1253945e-15
6273.3575802397245,1.083279e-15
6274.836057698703,1.0643838e-15
6276.314535157682,1.1021725e-15
6277.793012616661,1.1057732e-15
6279.27149007564,1.1111526e-15
6280.749967534619,1.1341405e-15
6282.228444993598,1.1619461e-15
6283.706922452577,1.1213163e-15
6285.185399911556,1.0367682e-15
6286.6638773705345,1.1063044e-15
6288.142354829513,1.0908808e-15
6289.620832288492,1.1024029e-15
6291.099309747471,1.1261857e-15
6292.57778720645,1.1167178e-15
6294.05626466543,1.1270816e-15
6295.534742124409,1.0881907e-15
6297.013219583388,1.0937725e-15
6298.4916970423665,1.1550083e-15
6299.970174501345,1.1585306e-15
6301.448651960324,1.1153359e-15
6302.927129419303,1.1012967e-15
6304.405606878282,1.1122665e-15
6305.884084337261,1.1284539e-15
6307.36256179624,1.1163735e-15
6308.841039255219,1.0791937e-15
6310.319516714198,1.1613776e-15
6311.797994173176,1.1363069e-15
6313.276471632155,1.1093685e-15
6314.754949091134,1.1221641e-15
6316.233426550113,1.0881806e-15
6317.711904009092,1.1167129e-15
6319.190381468071,1.1488839e-15
6320.66885892705,1.1080862e-15
6322.147336386029,1.1076123e-15
6323.6258138450075,1.1329952e-15
6325.104291303986,1.135988e-15
6326.582768762965,1.150761e-15
6328.061246221944,1.0753026e-15
6329.539723680923,1.0681207e-15
6331.018201139902,1.1362287e-15
6332.496678598881,1.084636e-15
6333.97515605786,1.0584065e-15
6335.453633516839,1.0727159e-15
6336.9321109758175,1.0166528e-15
6338.410588434796,1.0373571e-15
6339.889065893775,1.0690605e-15
6341.367543352754,1.0499576e-15
6342.846020811733,1.0588295e-15
6344.324498270713,1.1042584e-15
6345.802975729692,1.1301614e-15
6347.281453188671,1.1117493e-15
6348.7599306476495,1.1425509e-15
6350.238408106628,1.1341184e-15
6351.716885565607,1.1452488e-15
6353.195363024586,1.1076758e-15
6354.673840483565,1.1337268e-15
6356.152317942544,1.0882673e-15
6357.630795401523,1.043744e-15
6359.109272860502,1.0337135e-15
6360.587750319481,1.0670937e-15
6362.0662277784595,1.0750336e-15
6363.544705237438,1.0633552e-15
6365.023182696417,1.1286036e-15
6366.501660155396,1.1345362e-15
6367.980137614375,1.0679701e-15
6369.458615073354,1.0777249e-15
6370.937092532333,1.0643998e-15
6372.415569991312,1.0829819e-15
6373.894047450291,1.1114797e-15
6375.3725249092695,1.0854549e-15
6376.851002368248,1.0663069e-15
6378.329479827227,1.0947588e-15
6379.807957286206,1.1197208e-15
6381.286434745185,1.128357e-15
6382.764912204164,1.1242969e-15
6384.243389663143,1.1148059e-15
6385.721867122122,1.1374524e-15
6387.200344581101,1.1406451e-15
6388.6788220400795,1.0970994e-15
6390.157299499058,1.0985272e-15
6391.635776958037,1.0930393e-15
6393.114254417016,1.0974214e-15
6394.592731875995,1.121866e-15
6396.071209334974,1.1155665e-15
6397.549686793953,1.1006115e-15
6399.028164252932,1.0928727e-15
6400.506641711911,1.0860326e-15
6401.985119170889,1.0884958e-15
6403.463596629868,1.0872662e-15
6404.942074088847,1.0734809e-15
6406.420551547826,1.1015117e-15
6407.899029006805,1.1595137e-15
6409.377506465784,1.0930267e-15
6410.855983924763,1.0461494e-15
6412.334461383742,1.0618518e-15
6413.8129388427205,1.1191315e-15
6415.291416301699,1.1447648e-15
6416.769893760678,1.1096435e-15
6418.248371219657,1.0822023e-15
6419.726848678636,1.1061328e-15
6421.205326137615,1.1186401e-15
6422.683803596594,1.1043518e-15
6424.162281055573,1.1330508e-15
6425.640758514552,1.1491343e-15
6427.1192359735305,1.0934413e-15
6428.597713432509,1.0642823e-15
6430.076190891488,1.0430393e-15
6431.554668350467,1.1078009e-15
6433.033145809446,1.0779653e-15
6434.511623268425,1.0255161e-15
6435.990100727404,1.0645615e-15
6437.468578186383,1.078027e-15
6438.947055645362,1.0889326e-15
6440.4255331043405,1.1356552e-15
6441.904010563319,1.1108032e-15
6443.382488022298,1.0668088e-15
6444.860965481277,1.0383929e-15
6446.339442940256,1.0645992e-15
6447.817920399235,1.1146656e-15
6449.296397858214,1.1099595e-15
6450.774875317193,1.0438511e-15
6452.253352776172,1.0607337e-15
6453.7318302351505,1.0641703e-15
6455.210307694129,1.0713867e-15
6456.688785153108,1.0763578e-15
6458.167262612087,1.0528657e-15
6459.645740071066,1.0455469e-15
6461.124217530045,1.0459011e-15
6462.602694989024,1.0928567e-15
6464.081172448003,1.0980721e-15
6465.559649906982,1.0899421e-15
6467.0381273659605,1.0965108e-15
6468.516604824939,1.1150511e-15
6469.995082283918,1.0837375e-15
6471.473559742897,1.0996762e-15
6472.952037201876,1.101981e-15
6474.430514660855,1.0536949e-15
6475.908992119834,1.0612994e-15
6477.387469578813,1.0876053e-15
6478.865947037792,1.0716818e-15
6480.34442449677,1.0790435e-15
6481.822901955749,1.0583557e-15
6483.301379414728,1.0590961e-15
6484.779856873707,1.0323437e-15
6486.258334332686,1.0779333e-15
6487.736811791665,1.0986982e-15
6489.215289250644,1.1227939e-15
6490.693766709623,1.0998579e-15
6492.1722441686015,1.0723205e-15
6493.65072162758,1.0687197e-15
6495.12919908656,1.0414848e-15
6496.607676545539,1.0342865e-15
6498.086154004518,1.0632355e-15
6499.564631463497,1.0720291e-15
6501.043108922476,1.0507696e-15
6502.521586381455,1.0739615e-15
6504.0000638404335,1.0958222e-15
6505.478541299412,1.0851474e-15
6506.957018758391,1.0822223e-15
6508.43549621737,1.0644988e-15
6509.913973676349,1.0908167e-15
6511.392451135328,1.0928904e-15
6512.870928594307,1.0656426e-15
6514.349406053286,1.0764894e-15
6515.827883512265,1.0584543e-15
6517.3063609712435,1.092628e-15
6518.784838430222,1.0860514e-15
6520.263315889201,1.1322618e-15
6521.74179334818,1.1161554e-15
6523.220270807159,1.0843525e-15
6524.698748266138,1.0622215e-15
6526.177225725117,1.0916781e-15
6527.655703184096,1.1079779e-15
6529.134180643075,1.1130441e-15
6530.6126581020535,1.1336386e-15
6532.091135561032,1.1325784e-15
6533.569613020011,1.1490918e-15
6535.04809047899,1.1825226e-15
6536.526567937969,1.2095187e-15
6538.005045396948,1.2140166e-15
6539.483522855927,1.2188462e-15
6540.962000314906,1.2433308e-15
6542.440477773885,1.2933911e-15
6543.9189552328635,1.3928277e-15
6545.397432691843,1.4095747e-15
6546.875910150822,1.4444335e-15
6548.354387609801,1.5748408e-15
6549.83286506878,1.6515673e-15
6551.311342527759,1.7157798e-15
6552.789819986738,1.7368639e-15
6554.268297445717,1.7136081e-15
6555.7467749046955,1.6420062e-15
6557.225252363674,1.5631612e-15
6558.703729822653,1.5125694e-15
6560.182207281632,1.4827204e-15
6561.660684740611,1.4115525e-15
6563.13916219959,1.3099172e-15
6564.617639658569,1.2463265e-15
6566.096117117548,1.2106321e-15
6567.574594576527,1.1676135e-15
6569.0530720355055,1.1495867e-15
6570.531549494484,1.1393087e-15
6572.010026953463,1.1071506e-15
6573.488504412442,1.1003942e-15
6574.966981871421,1.0913752e-15
6576.4454593304,1.102867e-15
6577.923936789379,1.1293949e-15
6579.402414248358,1.0902854e-15
6580.880891707337,1.052307e-15
6582.359369166315,1.083557e-15
6583.837846625294,1.097664e-15
6585.316324084273,1.0515961e-15
6586.794801543252,1.0236149e-15
6588.273279002231,1.0588153e-15
6589.75175646121,1.0414964e-15
6591.230233920189,1.0460591e-15
6592.708711379168,1.0284579e-15
6594.1871888381465,1.0608142e-15
6595.665666297125,1.0518283e-15
6597.144143756104,1.0300952e-15
6598.622621215083,1.0287435e-15
6600.101098674062,1.0193931e-15
6601.579576133041,1.0233556e-15
6603.05805359202,1.0275134e-15
6604.536531050999,1.0645812e-15
6606.015008509978,1.0404763e-15
6607.4934859689565,1.0333212e-15
6608.971963427935,1.0551016e-15
6610.450440886914,1.0430681e-15
6611.928918345893,1.0488685e-15
6613.407395804872,1.0605352e-15
6614.885873263851,1.0647194e-15
6616.36435072283,1.0541515e-15
6617.842828181809,1.0179299e-15
6619.321305640788,1.0087285e-15
6620.7997830997665,1.027324e-15
6622.278260558745,1.0312274e-15
6623.756738017724,1.0157906e-15
6625.235215476703,1.0032555e-15
6626.713692935682,1.0077752e-15
6628.192170394661,9.792862e-16
6629.67064785364,9.906416e-16
6631.149125312619,9.979582e-16
6632.627602771598,1.0102123e-15
6634.1060802305765,1.0402274e-15
6635.584557689555,1.0086131e-15
6637.063035148534,1.0219563e-15
6638.541512607513,1.0303213e-15
6640.019990066492,9.606255e-16
6641.498467525471,9.558651e-16
6642.97694498445,9.697071e-16
6644.455422443429,9.914278e-16
6645.933899902408,1.000911e-15
6647.4123773613865,9.714636e-16
6648.890854820365,9.980318e-16
6650.369332279344,1.0302269e-15
6651.847809738323,9.767043e-16
6653.326287197302,9.882791e-16
6654.804764656281,1.0099232e-15
6656.28324211526,1.0187716e-15
6657.761719574239,9.548231e-16
6659.240197033218,9.656004e-16
6660.718674492196,9.650149e-16
6662.197151951175,9.655359e-16
6663.675629410154,9.546115e-16
6665.154106869133,9.628571e-16
6666.632584328112,1.0018519e-15
6668.111061787091,9.950702e-16
6669.58953924607,9.637278e-16
6671.068016705049,9.336429e-16
6672.5464941640275,9.814952e-16
6674.024971623006,9.585927e-16
6675.503449081985,9.83991e-16
6676.981926540964,1.009638e-15
6678.460403999943,1.0109306e-15
6679.938881458922,9.761369e-16
6681.417358917901,9.636374e-16
6682.89583637688,9.945081e-16
6684.374313835859,9.854171e-16
6685.8527912948375,9.499123e-16
6687.331268753816,9.408414e-16
6688.809746212795,9.598227e-16
6690.288223671774,9.257179e-16
6691.766701130753,9.434264e-16
6693.245178589732,9.423824e-16
6694.723656048711,9.544217e-16
6696.20213350769,9.681899e-16
6697.6806109666695,9.667166e-16
6699.159088425648,9.641475e-16
6700.637565884627,9.4844e-16
6702.116043343606,9.525816e-16
6703.594520802585,9.686168e-16
6705.072998261564,9.970398e-16
6706.551475720543,9.853532e-16
6708.029953179522,9.816674e-16
6709.508430638501,9.546171e-16
6710.9869080974795,9.394781e-16
6712.465385556458,9.571462e-16
6713.943863015437,9.851228e-16
6715.422340474416,9.792294e-16
6716.900817933395,9.321545e-16
6718.379295392374,9.33508e-16
6719.857772851353,9.686955e-16
6721.336250310332,9.698669e-16
6722.814727769311,9.475045e-16
6724.2932052282895,9.91279e-16
6725.771682687268,9.834024e-16
6727.250160146247,9.145026e-16
6728.728637605226,8.998685e-16
6730.207115064205,9.581156e-16
6731.685592523184,9.783198e-16
6733.164069982163,9.409016e-16
6734.642547441142,9.602535e-16
6736.121024900121,9.592585e-16
6737.5995023590995,9.235315e-16
6739.077979818078,9.233083e-16
6740.556457277057,9.37278e-16
6742.034934736036,9.447843e-16
6743.513412195015,9.44383e-16
6744.991889653994,9.506006e-16
6746.470367112973,9.558942e-16
6747.948844571953,9.476946e-16
6749.4273220309315,9.455996e-16
6750.90579948991,9.407407e-16
6752.384276948889,9.484313e-16
6753.862754407868,9.458001e-16
6755.341231866847,9.43394e-16
6756.819709325826,9.250815e-16
6758.298186784805,9.310399e-16
6759.776664243784,9.397867e-16
6761.255141702763,9.489988e-16
6762.733619161741,9.681833e-16
6764.21209662072,9.560203e-16
6765.690574079699,9.494395e-16
6767.169051538678,9.560928e-16
6768.647528997657,9.194484e-16
6770.126006456636,9.217714e-16
6771.604483915615,9.280529e-16
6773.082961374594,9.054542e-16
6774.5614388335725,9.055126e-16
6776.039916292551,9.303532e-16
6777.51839375153,9.327661e-16
6778.996871210509,9.187704e-16
6780.475348669488,9.128015e-16
6781.953826128467,9.178937e-16
6783.432303587446,9.534627e-16
6784.910781046425,9.428876e-16
6786.389258505404,9.258531e-16
6787.8677359643825,9.273426e-16
6789.346213423361,9.21748e-16
6790.82469088234,8.8655286e-16
6792.303168341319,8.918886e-16
6793.781645800298,9.294515e-16
6795.260123259277,9.22722e-16
6796.738600718256,9.40863e-16
6798.217078177235,9.326253e-16
6799.695555636214,9.377087e-16
6801.1740330951925,8.95293e-16
6802.652510554171,9.165065e-16
6804.13098801315,9.260431e-16
6805.609465472129,8.848769e-16
6807.087942931108,9.138709e-16
6808.566420390087,9.263855e-16
6810.044897849066,8.6124404e-16
6811.523375308045,9.032892e-16
6813.001852767024,8.7617787e-16
6814.4803302260025,8.4455135e-16
6815.958807684981,9.006936e-16
6817.43728514396,9.253249e-16
6818.915762602939,8.982999e-16
6820.394240061918,8.755168e-16
6821.872717520897,8.605843e-16
6823.351194979876,8.4753365e-16
6824.829672438855,8.5824507e-16
6826.308149897834,8.8747946e-16
6827.7866273568125,9.001537e-16
6829.265104815791,8.994092e-16
6830.74358227477,9.240143e-16
6832.222059733749,8.978324e-16
6833.700537192728,8.828343e-16
6835.179014651707,8.8647594e-16
6836.657492110686,8.7254923e-16
6838.135969569665,8.4492526e-16
6839.614447028644,8.3042845e-16
6841.092924487622,8.499162e-16
6842.571401946601,8.8620796e-16
6844.04987940558,9.079034e-16
6845.528356864559,8.87741e-16
6847.006834323538,8.690447e-16
6848.485311782517,8.7391566e-16
6849.963789241496,8.7153184e-16
6851.442266700475,8.6753464e-16
6852.9207441594535,8.6256547e-16
6854.399221618432,8.3532955e-16
6855.877699077411,8.4102955e-16
6857.35617653639,8.912655e-16
6858.834653995369,8.450107e-16
6860.313131454348,8.4482267e-16
6861.791608913327,8.2987587e-16
6863.270086372306,8.2257117e-16
6864.748563831285,8.1746896e-16
6866.2270412902635,8.011953e-16
6867.705518749242,7.7597636e-16
6869.183996208221,7.710358e-16
6870.6624736672,7.603787e-16
6872.140951126179,6.717321e-16
6873.619428585158,7.0590466e-16
6875.097906044137,7.3953525e-16
6876.576383503116,6.9050814e-16
6878.054860962095,6.976151e-16
6879.5333384210735,7.4217276e-16
6881.011815880052,7.5648057e-16
6882.490293339032,7.5448353e-16
6883.968770798011,7.6426825e-16
6885.44724825699,7.770711e-16
6886.925725715969,7.7345654e-16
6888.404203174948,8.0499147e-16
6889.882680633927,7.7522255e-16
6891.3611580929055,7.5295903e-16
6892.839635551884,7.545011e-16
6894.318113010863,7.637992e-16
6895.796590469842,7.836952e-16
6897.275067928821,8.014056e-16
6898.7535453878,7.9180126e-16
6900.232022846779,7.735777e-16
6901.710500305758,7.908206e-16
6903.188977764737,8.041751e-16
6904.6674552237155,7.710776e-16
6906.145932682694,7.6365547e-16
6907.624410141673,7.9759645e-16
6909.102887600652,7.811942e-16
6910.581365059631,7.6976205e-16
6912.05984251861,8.032755e-16
6913.538319977589,8.0136056e-16
6915.016797436568,8.007161e-16
6916.495274895547,8.278343e-16
6917.9737523545255,8.059261e-16
6919.452229813504,7.846849e-16
6920.930707272483,7.9300416e-16
6922.409184731462,8.00626e-16
6923.887662190441,8.250133e-16
6925.36613964942,8.278705e-16
6926.844617108399,7.902476e-16
6928.323094567378,8.029751e-16
6929.801572026357,8.49738e-16
6931.280049485335,8.217463e-16
6932.758526944314,8.130309e-16
6934.237004403293,8.0660486e-16
6935.715481862272,8.0467066e-16
6937.193959321251,7.963095e-16
6938.67243678023,7.951752e-16
6940.150914239209,8.0607636e-16
6941.629391698188,7.967067e-16
6943.1078691571665,7.86511e-16
6944.586346616145,8.169842e-16
6946.064824075124,8.101211e-16
6947.543301534103,7.913451e-16
6949.021778993082,8.0087283e-16
6950.500256452061,8.228999e-16
6951.97873391104,8.061271e-16
6953.457211370019,7.678929e-16
6954.935688828998,7.771165e-16
6956.4141662879765,8.032317e-16
6957.892643746955,7.8708017e-16
6959.371121205934,7.961881e-16
6960.849598664913,7.81772e-16
6962.328076123892,7.7689846e-16
6963.806553582871,7.8829804e-16
6965.28503104185,7.862661e-16
6966.763508500829,7.7922574e-16
6968.241985959808,7.8990285e-16
6969.7204634187865,7.935168e-16
6971.198940877765,7.789286e-16
6972.677418336744,7.900263e-16
6974.155895795723,8.0021516e-16
6975.634373254703,7.658857e-16
6977.112850713682,7.6883026e-16
6978.591328172661,7.496373e-16
6980.06980563164,7.75931e-16
6981.5482830906185,8.029378e-16
6983.026760549597,7.826137e-16
6984.505238008576,7.7518486e-16
6985.983715467555,7.6483173e-16
6987.462192926534,7.5922284e-16
6988.940670385513,7.644567e-16
6990.419147844492,7.608745e-16
6991.897625303471,7.4110486e-16
6993.37610276245,7.5330817e-16
6994.8545802214285,7.648424e-16
6996.333057680407,7.754366e-16
6997.811535139386,7.911514e-16
6999.290012598365,7.801595e-16
7000.768490057344,7.80128e-16
7002.246967516323,7.7287246e-16
7003.725444975302,7.558392e-16
7005.203922434281,7.7678014e-16
7006.68239989326,7.561119e-16
7008.1608773522385,7.678946e-16
7009.639354811217,7.689011e-16
7011.117832270196,7.33261e-16
7012.596309729175,7.420394e-16
7014.074787188154,7.4062486e-16
7015.553264647133,7.260217e-16
7017.031742106112,7.3378067e-16
7018.510219565091,7.690396e-16
7019.98869702407,7.731002e-16
7021.467174483048,7.6039725e-16
7022.945651942027,7.420547e-16
7024.424129401006,7.441802e-16
7025.902606859985,7.4416985e-16
7027.381084318964,7.1488305e-16
7028.859561777943,7.4415275e-16
7030.338039236922,7.401069e-16
7031.816516695901,7.3542275e-16
7033.2949941548795,7.5499297e-16
7034.773471613858,7.4941515e-16
7036.251949072837,7.2482515e-16
7037.730426531816,7.2849556e-16
7039.208903990795,7.3170295e-16
7040.687381449774,7.163586e-16
7042.165858908753,7.460797e-16
7043.644336367732,7.65042e-16
7045.122813826711,7.183112e-16
7046.6012912856895,7.020447e-16
7048.079768744668,7.13072e-16
7049.558246203647,7.151568e-16
7051.036723662626,7.0731587e-16
7052.515201121605,7.127821e-16
7053.993678580584,7.367403e-16
7055.472156039563,7.4765767e-16
7056.950633498542,7.379945e-16
7058.429110957521,7.2128095e-16
7059.9075884164995,6.993403e-16
7061.386065875478,6.9754804e-16
7062.864543334457,7.1606207e-16
7064.343020793436,7.104158e-16
7065.821498252415,6.9454616e-16
7067.299975711394,7.0513476e-16
7068.778453170373,7.173087e-16
7070.256930629352,7.2567637e-16
7071.735408088331,7.1579975e-16
7073.2138855473095,7.210876e-16
7074.692363006288,7.2387007e-16
7076.170840465268,7.3066343e-16
7077.649317924247,7.4000313e-16
7079.127795383226,7.193697e-16
7080.606272842205,6.9033895e-16
7082.084750301184,6.9496147e-16
7083.563227760163,6.9333945e-16
7085.0417052191415,6.9757483e-16
7086.52018267812,6.914858e-16
7087.998660137099,7.1330005e-16
7089.477137596078,7.0941455e-16
7090.955615055057,6.923181e-16
7092.434092514036,7.042683e-16
7093.912569973015,7.238853e-16
7095.391047431994,7.137571e-16
7096.869524890973,6.7830414e-16
7098.3480023499515,6.9537175e-16
7099.82647980893,6.930803e-16
7101.304957267909,7.0369724e-16
7102.783434726888,6.967858e-16
7104.261912185867,6.793254e-16
7105.740389644846,6.7781503e-16
7107.218867103825,6.9224805e-16
7108.697344562804,7.059021e-16
7110.175822021783,6.919729e-16
7111.654299480761,7.0431404e-16
7113.13277693974,6.843478e-16
7114.611254398719,6.8195454e-16
7116.089731857698,6.9458e-16
7117.568209316677,6.862937e-16
7119.046686775656,6.892124e-16
7120.525164234635,7.0704683e-16
7122.003641693614,6.9386244e-16
7123.4821191525925,6.791328e-16
7124.960596611571,6.656085e-16
7126.43907407055,6.775358e-16
7127.917551529529,6.668403e-16
7129.396028988508,6.536891e-16
7130.874506447487,6.6333093e-16
7132.352983906466,6.674167e-16
7133.831461365445,6.747017e-16
7135.309938824424,6.978897e-16
7136.7884162834025,6.84699e-16
7138.266893742381,6.9992037e-16
7139.74537120136,6.9047087e-16
7141.223848660339,6.741783e-16
7142.702326119318,6.727079e-16
7144.180803578297,6.761974e-16
7145.659281037276,6.6470333e-16
7147.137758496255,6.696495e-16
7148.616235955234,7.0569534e-16
7150.0947134142125,6.7990286e-16
7151.573190873191,6.399416e-16
7153.05166833217,6.640747e-16
7154.530145791149,6.6711616e-16
7156.008623250128,6.569808e-16
7157.487100709107,6.625409e-16
7158.965578168086,6.7488404e-16
7160.444055627065,6.7523894e-16
7161.922533086044,6.5075466e-16
7163.4010105450225,6.442276e-16
7164.879488004001,6.713518e-16
7166.35796546298,6.602961e-16
7167.836442921959,6.583292e-16
7169.314920380938,6.6169314e-16
7170.793397839917,6.557411e-16
7172.271875298896,6.527478e-16
7173.750352757875,6.3508196e-16
7175.228830216854,6.185744e-16
7176.707307675833,6.6281016e-16
7178.185785134812,6.514578e-16
7179.664262593791,6.273772e-16
7181.14274005277,6.224452e-16
7182.621217511749,6.3073356e-16
7184.099694970728,6.305909e-16
7185.578172429707,6.343287e-16
7187.056649888686,6.516986e-16
7188.5351273476645,6.409695e-16
7190.013604806643,6.2989055e-16
7191.492082265622,6.221782e-16
7192.970559724601,6.342195e-16
7194.44903718358,6.540801e-16
7195.927514642559,6.765049e-16
7197.405992101538,6.7351364e-16
7198.884469560517,6.512842e-16
7200.362947019496,6.541243e-16
7201.841424478474,6.5263433e-16
7203.319901937453,6.4183615e-16
7204.798379396432,6.297517e-16
7206.276856855411,6.4135863e-16
7207.75533431439,6.273595e-16
7209.233811773369,6.079103e-16
7210.712289232348,6.244749e-16
7212.190766691327,6.4436734e-16
7213.6692441503055,6.409958e-16
7215.147721609284,6.3169827e-16
7216.626199068263,6.2387714e-16
7218.104676527242,6.21499e-16
7219.583153986221,6.129996e-16
7221.0616314452,6.321813e-16
7222.540108904179,6.6816394e-16
7224.018586363158,6.536809e-16
7225.497063822137,6.0825547e-16
7226.9755412811155,6.1364996e-16
7228.454018740094,6.220811e-16
7229.932496199073,6.235911e-16
7231.410973658052,6.3988485e-16
7232.889451117031,6.4174885e-16
7234.36792857601,6.2948376e-16
7235.846406034989,6.284942e-16
7237.324883493968,6.3676014e-16
7238.803360952947,6.3034207e-16
7240.2818384119255,6.064871e-16
7241.760315870904,6.055459e-16
7243.238793329883,6.056495e-16
7244.717270788862,6.000124e-16
7246.195748247841,6.201067e-16
7247.67422570682,6.380807e-16
7249.152703165799,6.2811543e-16
7250.631180624778,6.1249154e-16
7252.109658083757,6.048181e-16
7253.5881355427355,6.1845295e-16
7255.066613001714,5.95221e-16
7256.545090460693,5.9608017e-16
7258.023567919672,6.1010836e-16
7259.502045378651,6.2514224e-16
7260.98052283763,6.2172817e-16
7262.459000296609,5.952391e-16
7263.937477755588,5.952176e-16
7265.415955214567,6.2142466e-16
7266.894432673545,6.239861e-16
7268.372910132524,6.2675663e-16
7269.851387591503,6.302768e-16
7271.329865050482,6.3969665e-16
7272.808342509461,6.3446876e-16
7274.28681996844,6.196318e-16
7275.765297427419,6.341967e-16
7277.243774886399,6.52137e-16
7278.7222523453775,6.266725e-16
7280.200729804356,6.156963e-16
7281.679207263335,6.2929085e-16
7283.157684722314,6.325096e-16
7284.636162181293,6.4905874e-16
7286.114639640272,6.5255217e-16
7287.593117099251,6.2118257e-16
7289.07159455823,6.1633797e-16
7290.550072017209,6.210866e-16
7292.028549476187,6.109829e-16
7293.507026935166,6.0115665e-16
7294.985504394145,6.2701355e-16
7296.463981853124,6.2576004e-16
7297.942459312103,6.162845e-16
7299.420936771082,6.278876e-16
7300.899414230061,6.306772e-16
7302.37789168904,6.5251924e-16
7303.8563691480185,6.4941995e-16
7305.334846606997,6.2278616e-16
7306.813324065976,6.191451e-16
7308.291801524955,6.2572754e-16
7309.770278983934,6.2551927e-16
7311.248756442913,6.161593e-16
7312.727233901892,5.997908e-16
7314.205711360871,5.924233e-16
7315.68418881985,5.984338e-16
7317.1626662788285,6.134527e-16
7318.641143737807,6.0413037e-16
7320.119621196786,5.980301e-16
7321.598098655765,6.0996505e-16
7323.076576114744,6.1910326e-16
7324.555053573723,6.1788904e-16
7326.033531032702,6.2522106e-16
7327.512008491681,6.394935e-16
7328.99048595066,6.2781484e-16
7330.4689634096385,6.1314486e-16
7331.947440868617,5.978524e-16
7333.425918327596,6.0335883e-16
7334.904395786575,6.0511314e-16
7336.382873245554,5.9105784e-16
7337.861350704533,6.011447e-16
7339.339828163512,6.273907e-16
7340.818305622491,6.3153675e-16
7342.29678308147,5.9547724e-16
7343.7752605404485,6.124382e-16
7345.253737999427,6.053475e-16
7346.732215458406,5.99369e-16
7348.210692917385,6.236952e-16
7349.689170376364,6.1109504e-16
7351.167647835343,6.0393724e-16
7352.646125294322,6.3120207e-16
7354.124602753301,6.198601e-16
7355.60308021228,5.978118e-16
7357.081557671258,5.989818e-16
7358.560035130237,5.946215e-16
7360.038512589216,5.9345595e-16
7361.516990048195,6.14433e-16
7362.995467507174,6.2982014e-16
7364.473944966153,6.4439895e-16
7365.952422425132,6.1538257e-16
7367.430899884111,5.927602e-16
7368.90937734309,6.008281e-16
7370.387854802068,6.115667e-16
7371.866332261047,6.1297254e-16
7373.344809720026,6.152882e-16
7374.823287179005,6.083608e-16
7376.301764637984,5.9496367e-16
7377.780242096963,6.187057e-16
7379.258719555943,6.076295e-16
7380.737197014922,6.06095e-16
7382.2156744739,6.0995647e-16
7383.694151932879,6.0429083e-16
7385.172629391858,6.065877e-16
7386.651106850837,6.021916e-16
7388.129584309816,5.8575055e-16
7389.608061768795,6.043128e-16
7391.086539227774,6.136101e-16
7392.565016686753,5.9867193e-16
7394.0434941457315,5.7702627e-16
7395.52197160471,5.8556923e-16
7397.000449063689,6.05475e-16
7398.478926522668,5.9431527e-16
7399.957403981647,5.936282e-16
7401.435881440626,6.1562397e-16
7402.914358899605,6.123615e-16
7404.392836358584,6.009253e-16
7405.871313817563,6.162482e-16
7407.3497912765415,6.319872e-16
7408.82826873552,6.229577e-16
7410.306746194499,6.222832e-16
7411.785223653478,6.3429374e-16
7413.263701112457,6.0771453e-16
7414.742178571436,6.3669016e-16
7416.220656030415,6.376167e-16
7417.699133489394,6.2493773e-16
7419.177610948373,6.2489136e-16
7420.6560884073515,6.1923106e-16
7422.13456586633,6.216965e-16
7423.613043325309,6.389828e-16
7425.091520784288,6.401474e-16
7426.569998243267,6.220598e-16
7428.048475702246,6.195614e-16
7429.526953161225,6.1138986e-16
7431.005430620204,6.207412e-16
7432.483908079183,6.4167076e-16
7433.9623855381615,6.1583525e-16
7435.44086299714,5.8787295e-16
7436.919340456119,6.2138025e-16
7438.397817915098,6.44331e-16
7439.876295374077,6.382785e-16
7441.354772833056,6.1112877e-16
7442.833250292035,6.258146e-16
7444.311727751014,6.497221e-16
7445.790205209993,6.3586313e-16
7447.268682668971,6.58631e-16
7448.74716012795,6.2747433e-16
7450.225637586929,6.314192e-16
7451.704115045908,6.4668917e-16
7453.182592504887,6.500042e-16
7454.661069963866,6.4249376e-16
7456.139547422845,6.279412e-16
7457.618024881824,6.226121e-16
7459.0965023408025,6.35646e-16
7460.574979799781,6.501889e-16
7462.05345725876,6.4750735e-16
7463.531934717739,6.387664e-16
7465.010412176718,6.335247e-16
7466.488889635697,6.274851e-16
7467.967367094676,6.502513e-16
7469.445844553655,6.7778216e-16
7470.924322012634,6.352495e-16
7472.4027994716125,6.456225e-16
7473.881276930591,6.308757e-16
7475.35975438957,6.2882344e-16
7476.838231848549,6.3646527e-16
7478.316709307528,6.3118365e-16
7479.795186766508,6.1923106e-16
7481.273664225487,6.1534916e-16
7482.752141684466,6.3494426e-16
7484.2306191434445,6.4159003e-16
7485.709096602423,6.665622e-16
7487.187574061402,6.457923e-16
7488.666051520381,6.223463e-16
7490.14452897936,6.389289e-16
7491.623006438339,6.6661805e-16
7493.101483897318,6.689315e-16
7494.579961356297,6.283149e-16
7496.058438815276,6.3496867e-16
7497.5369162742545,6.3861853e-16
7499.015393733233,6.511197e-16
7500.493871192212,6.675595e-16
7501.972348651191,6.579209e-16
7503.45082611017,6.53025e-16
7504.929303569149,6.8743976e-16
7506.407781028128,6.9136666e-16
7507.886258487107,6.4416104e-16
7509.364735946086,6.525418e-16
7510.8432134050645,6.6802413e-16
7512.321690864043,6.624016e-16
7513.800168323022,6.796286e-16
7515.278645782001,6.9672695e-16
7516.75712324098,6.751213e-16
7518.235600699959,6.813106e-16
7519.714078158938,6.5999796e-16
7521.192555617917,6.616487e-16
7522.671033076896,7.0122025e-16
7524.1495105358745,7.0415543e-16
7525.627987994853,6.818996e-16
7527.106465453832,6.89425e-16
7528.584942912811,6.809238e-16
7530.06342037179,6.78742e-16
7531.541897830769,6.9345793e-16
7533.020375289748,6.8409986e-16
7534.498852748727,6.7411816e-16
7535.977330207706,6.822708e-16
7537.455807666684,7.0865926e-16
7538.934285125663,7.329915e-16
7540.412762584642,7.126489e-16
7541.891240043621,7.086691e-16
7543.3697175026,7.076721e-16
7544.848194961579,6.9498206e-16
7546.326672420558,7.0635216e-16
7547.805149879537,7.205903e-16
7549.2836273385155,7.070712e-16
7550.762104797494,7.043374e-16
7552.240582256473,7.09844e-16
7553.719059715452,7.027435e-16
7555.197537174431,7.309132e-16
7556.67601463341,6.9737975e-16
7558.154492092389,6.778089e-16
7559.632969551368,6.9937006e-16
7561.111447010347,7.003237e-16
7562.5899244693255,7.3400694e-16
7564.068401928304,7.356267e-16
7565.546879387283,7.5558203e-16
7567.025356846262,7.4233666e-16
7568.503834305241,7.249867e-16
7569.98231176422,7.296968e-16
7571.460789223199,7.4532854e-16
7572.939266682178,7.573838e-16
7574.417744141157,7.3971493e-16
7575.8962216001355,7.315287e-16
7577.374699059114,7.648498e-16
7578.853176518093,7.363931e-16
7580.331653977073,7.4873107e-16
7581.810131436052,7.6271346e-16
7583.288608895031,7.306154e-16
7584.76708635401,7.6999535e-16
7586.245563812989,7.5624324e-16
7587.7240412719675,7.4169747e-16
7589.202518730946,7.227526e-16
7590.680996189925,7.0752355e-16
7592.159473648904,6.9298275e-16
7593.637951107883,6.6825516e-16
7595.116428566862,6.363528e-16
7596.594906025841,5.9647764e-16
7598.07338348482,5.4386625e-16
7599.551860943799,4.780409e-16
7601.0303384027775,4.0427514e-16
7602.508815861756,3.832018e-16
7603.987293320735,3.9626989e-16
7605.465770779714,3.82121e-16
7606.944248238693,3.518765e-16
7608.422725697672,3.4618716e-16
7609.901203156651,3.8634658e-16
7611.37968061563,4.127919e-16
7612.858158074609,4.6226966e-16
7614.3366355335875,5.0678474e-16
7615.815112992566,5.3650093e-16
7617.293590451545,5.817773e-16
7618.772067910524,6.041344e-16
7620.250545369503,5.9489167e-16
7621.729022828482,5.8934477e-16
7623.207500287461,5.5599645e-16
7624.68597774644,5.6105133e-16
7626.164455205419,5.77591e-16
7627.642932664397,5.7641963e-16
7629.121410123376,6.0651514e-16
7630.599887582355,6.192691e-16
7632.078365041334,6.01888e-16
7633.556842500313,5.7101657e-16
7635.035319959292,5.893164e-16
7636.513797418271,6.2377375e-16
7637.99227487725,6.167039e-16
7639.4707523362285,6.0500424e-16
7640.949229795207,6.308633e-16
7642.427707254186,6.3275156e-16
7643.906184713165,6.249404e-16
7645.384662172144,6.4317303e-16
7646.863139631123,6.579205e-16
7648.341617090102,6.9482033e-16
7649.820094549081,7.3346494e-16
7651.29857200806,7.2969056e-16
7652.7770494670385,7.6750693e-16
7654.255526926017,7.8566414e-16
7655.734004384996,7.6625867e-16
7657.212481843975,8.7294723e-16
7658.690959302954,8.965322e-16
7660.169436761933,8.205941e-16
7661.647914220912,8.5190445e-16
7663.126391679891,8.6780373e-16
7664.60486913887,8.379595e-16
7666.0833465978485,8.90267e-16
7667.561824056827,9.035482e-16
7669.040301515806,8.920085e-16
7670.518778974785,8.665854e-16
7671.997256433764,8.559413e-16
7673.475733892743,9.191025e-16
7674.954211351722,9.41958e-16
7676.432688810701,9.266187e-16
7677.91116626968,9.038717e-16
7679.3896437286585,9.199852e-16
7680.868121187638,9.885895e-16
7682.346598646617,9.858152e-16
7683.825076105596,9.216089e-16
7685.303553564575,9.813301e-16
7686.782031023554,9.935591e-16
7688.260508482533,1.0489864e-15
7689.738985941512,1.0017196e-15
7691.2174634004905,9.920626e-16
7692.695940859469,1.0559282e-15
7694.174418318448,1.0469958e-15
7695.652895777427,1.0370502e-15
7697.131373236406,1.1113232e-15
7698.609850695385,1.094008e-15
7700.088328154364,1.0902766e-15
7701.566805613343,1.1222022e-15
7703.045283072322,1.1183483e-15
7704.5237605313005,1.0995432e-15
7706.002237990279,1.1312953e-15
7707.480715449258,1.1526454e-15
7708.959192908237,1.0995466e-15
7710.437670367216,1.1895532e-15
7711.916147826195,1.1591895e-15
7713.394625285174,1.1407306e-15
7714.873102744153,1.2034672e-15
7716.351580203132,1.1870623e-15
7717.83005766211,1.2326157e-15
7719.308535121089,1.304488e-15
7720.787012580068,1.2606523e-15
7722.265490039047,1.2362748e-15
7723.743967498026,1.3312261e-15
7725.222444957005,1.3684315e-15
7726.700922415984,1.2790541e-15
7728.179399874963,1.2804703e-15
7729.6578773339415,1.3749978e-15
7731.13635479292,1.3444892e-15
7732.614832251899,1.3153255e-15
7734.093309710878,1.3256687e-15
7735.571787169857,1.3404988e-15
7737.050264628836,1.3582038e-15
7738.528742087815,1.3660344e-15
7740.007219546794,1.3826092e-15
7741.485697005773,1.4815438e-15
7742.9641744647515,1.3996877e-15
7744.44265192373,1.4351386e-15
7745.921129382709,1.5033353e-15
7747.399606841688,1.4104222e-15
7748.878084300667,1.3967062e-15
7750.356561759646,1.5221812e-15
7751.835039218625,1.4387652e-15
7753.313516677604,1.5586968e-15
7754.791994136583,1.6211311e-15
7756.2704715955615,1.628107e-15
7757.74894905454,1.6127224e-15
7759.227426513519,1.5310496e-15
7760.705903972498,1.5859746e-15
7762.184381431477,1.7121592e-15
7763.662858890456,1.679146e-15
7765.141336349435,1.646052e-15
7766.619813808414,1.728161e-15
7768.098291267393,1.7622726e-15
7769.5767687263715,1.7598995e-15
7771.05524618535,1.8570583e-15
7772.533723644329,1.8373112e-15
7774.012201103308,1.9353566e-15
7775.490678562287,2.0309663e-15
7776.969156021266,2.0330885e-15
7778.447633480245,2.0217266e-15
7779.926110939224,2.013869e-15
7781.404588398203,1.9868915e-15
7782.883065857182,2.0336156e-15
7784.361543316161,2.069093e-15
7785.84002077514,2.0085445e-15
7787.318498234119,2.0000337e-15
7788.796975693098,2.0480907e-15
7790.275453152077,2.0873062e-15
7791.753930611056,2.1006229e-15
7793.232408070035,2.0795578e-15
7794.7108855290135,2.2007007e-15
7796.189362987992,2.2086488e-15
7797.667840446971,2.0937115e-15
7799.14631790595,2.0390995e-15
7800.624795364929,2.1806383e-15
7802.103272823908,2.3391522e-15
7803.581750282887,2.2490254e-15
7805.060227741866,2.2359129e-15
7806.538705200845,2.3465646e-15
7808.017182659823,2.328632e-15
7809.495660118802,2.3145182e-15
7810.974137577781,2.374077e-15
7812.45261503676,2.2978191e-15
7813.931092495739,2.1362793e-15
7815.409569954718,2.1627125e-15
7816.888047413697,2.1446722e-15
7818.366524872676,2.1847409e-15
7819.8450023316545,2.1282975e-15
7821.323479790633,2.004126e-15
7822.801957249612,2.0251213e-15
7824.280434708591,2.0655549e-15
7825.75891216757,1.989948e-15
7827.237389626549,1.9133947e-15
7828.715867085528,1.900595e-15
7830.194344544507,1.7933324e-15
7831.672822003486,1.740916e-15
7833.1512994624645,1.8212013e-15
7834.629776921443,1.7904034e-15
7836.108254380422,1.8152016e-15
7837.586731839401,1.8537164e-15
7839.06520929838,1.7834831e-15
7840.543686757359,1.7200087e-15
7842.022164216338,1.5083801e-15
7843.500641675317,1.3862197e-15
7844.979119134296,1.7328942e-15
7846.4575965932745,1.7147627e-15
7847.936074052253,1.4375772e-15
7849.414551511232,1.3924496e-15
7850.893028970211,1.3625863e-15
7852.37150642919,1.2745831e-15
7853.849983888169,1.2794702e-15
7855.328461347148,1.2786421e-15
7856.806938806127,1.2149626e-15
7858.285416265106,1.0426523e-15
7859.7638937240845,1.1930303e-15
7861.242371183063,1.1535412e-15
7862.720848642042,9.566211e-16
7864.199326101021,9.805438e-16
7865.67780356,9.81211e-16
7867.156281018979,8.688555e-16
7868.634758477958,7.24649e-16
7870.113235936937,7.7884775e-16
7871.591713395916,7.7929133e-16
7873.0701908548945,6.4211217e-16
7874.548668313873,6.0252757e-16
7876.027145772852,6.93926e-16
7877.505623231831,6.80202e-16
7878.98410069081,4.8972443e-16
7880.462578149789,4.433754e-16
7881.941055608768,3.827933e-16
7883.419533067748,4.2812182e-16
7884.8980105267265,4.969917e-16
7886.376487985705,3.3802724e-16
7887.854965444684,4.4001003e-16
7889.333442903663,2.7981853e-16
7890.811920362642,3.269213e-16
7892.290397821621,3.4690163e-16
7893.7688752806,1.816686e-16
7895.247352739579,1.4497783e-16
7896.725830198558,2.6558927e-16
7898.204307657536,2.5982802e-16
7899.682785116515,1.7737953e-16
7901.161262575494,1.9577029e-16
7902.639740034473,3.6096584e-16
7904.118217493452,3.085617e-16
7905.596694952431,5.3173863e-17
7907.07517241141,6.357915e-17
7908.553649870389,1.2814653e-16
7910.0321273293675,2.7176767e-18
7911.510604788346,-1.0322431e-16
7912.989082247325,-2.7721519e-17
7914.467559706304,5.84158e-17
7915.946037165283,8.222352e-17
7917.424514624262,1.04407644e-16
7918.902992083241,-5.9992027e-18
7920.38146954222,1.7388558e-16
7921.859947001199,1.2832678e-16
7923.3384244601775,7.788124e-17
7924.816901919156,1.189062e-16
7926.295379378135,7.16417e-17
7927.773856837114,1.3214552e-16
7929.252334296093,2.26346e-16
7930.730811755072,1.1741567e-16
7932.209289214051,7.688653e-17
7933.68776667303,9.48446e-17
7935.166244132009,7.640308e-17
7936.6447215909875,8.244933e-17
7938.123199049966,6.1417486e-17
7939.601676508945,-4.9038595e-17
7941.080153967924,1.5288156e-16
7942.558631426903,2.8793842e-16
7944.037108885882,3.4108879e-16
7945.515586344861,1.9263934e-16
7946.99406380384,-1.0899202e-16
7948.472541262819,-1.5996174e-17
7949.9510187217975,1.112408e-16
7951.429496180776,2.2384704e-16
7952.907973639755,1.5729256e-16
7954.386451098734,1.1713669e-16
7955.864928557713,1.6182391e-16
7957.343406016692,1.0914752e-16
7958.821883475671,5.7202114e-17
