wav,flam
4918.96879745412,8.5787264e-13
4920.226072978757,1.046289e-12
4921.483348503392,-6.962359e-13
4922.740624028029,2.7424623e-12
4923.997899552665,2.8407847e-12
4925.255175077301,3.8824126e-12
4926.512450601937,9.050494e-13
4927.769726126574,2.9449923e-12
4929.0270016512095,2.3432235e-12
4930.284277175846,1.1921845e-12
4931.5415527004825,3.6146572e-12
4932.798828225118,9.16473e-13
4934.056103749755,1.4547552e-12
4935.313379274391,-1.686532e-12
4936.570654799027,-1.9164193e-12
4937.827930323663,-3.003333e-13
4939.0852058483,3.7374932e-13
4940.342481372935,2.6944e-12
4941.599756897572,9.889165e-13
4942.857032422208,-1.2004151e-12
4944.114307946844,4.261438e-14
4945.37158347148,1.2678694e-13
4946.628858996117,2.313513e-13
4947.886134520752,-6.972037e-13
4949.143410045389,1.828973e-15
4950.400685570025,2.907843e-13
4951.657961094661,-2.1717281e-13
4952.9152366192975,4.090213e-13
4954.172512143934,1.2235539e-12
4955.4297876685705,1.396213e-12
4956.687063193206,-1.392878e-13
4957.944338717843,1.5220027e-13
4959.201614242479,5.262076e-14
4960.458889767115,4.1919224e-13
4961.716165291751,9.450991e-14
4962.973440816388,2.7787486e-13
4964.230716341023,-1.4715769e-13
4965.48799186566,-2.5229767e-13
4966.745267390296,-2.7232332e-13
4968.002542914932,-1.7293484e-14
4969.259818439568,-3.951602e-13
4970.517093964205,7.73864e-16
4971.77436948884,-5.013873e-14
4973.031645013477,-1.2302653e-13
4974.288920538113,-2.6094922e-13
4975.546196062749,-1.0312718e-13
4976.8034715873855,1.6417424e-13
4978.060747112022,4.6224495e-14
4979.318022636658,4.2831735e-14
4980.575298161294,2.1685477e-13
4981.832573685931,2.3921365e-13
4983.089849210566,-1.086748e-13
4984.347124735203,-4.500825e-14
4985.604400259839,1.7219279e-13
4986.861675784475,1.8683401e-13
4988.118951309111,1.1801844e-13
4989.376226833748,6.8986632e-15
4990.633502358383,1.3406484e-14
4991.89077788302,1.3330671e-13
4993.148053407656,1.6579166e-13
4994.405328932292,8.0390664e-14
4995.662604456928,4.5282917e-14
4996.919879981565,7.00693e-14
4998.1771555062005,2.3814674e-14
4999.434431030837,9.650048e-14
5000.6917065554735,6.515944e-14
5001.948982080109,-1.0525574e-13
5003.206257604746,-6.038131e-14
5004.463533129382,4.8971858e-15
5005.720808654018,-5.0909035e-14
5006.978084178654,5.710137e-14
5008.235359703291,1.7341422e-14
5009.492635227926,-4.996573e-14
5010.749910752563,-3.4579578e-14
5012.007186277199,1.8203468e-14
5013.264461801835,-1.0649795e-15
5014.521737326471,-2.145231e-14
5015.779012851108,-2.4657644e-14
5017.036288375743,1.2021276e-15
5018.29356390038,1.1880826e-15
5019.550839425016,-8.165368e-15
5020.808114949652,-1.7007061e-14
5022.0653904742885,7.286221e-15
5023.322665998925,-1.0577641e-14
5024.5799415235615,-1.2464992e-14
5025.837217048197,2.4957058e-14
5027.094492572834,-1.2823768e-14
5028.35176809747,-1.2266461e-14
5029.609043622106,6.4793413e-15
5030.866319146742,-2.9005262e-16
5032.123594671379,1.2275644e-14
5033.380870196014,1.80279e-14
5034.638145720651,1.0100589e-14
5035.895421245287,8.3037715e-15
5037.152696769923,-1.0645883e-14
5038.409972294559,1.1159927e-14
5039.667247819196,1.22193905e-14
5040.924523343831,3.763097e-15
5042.181798868468,5.862035e-15
5043.439074393104,6.2416727e-15
5044.69634991774,-6.1552217e-16
5045.9536254423765,-1.8220377e-14
5047.210900967013,9.764136e-15
5048.468176491649,1.3530408e-14
5049.725452016285,9.3739036e-15
5050.982727540922,1.3352622e-15
5052.240003065557,-1.6979465e-16
5053.497278590194,3.4041464e-15
5054.75455411483,9.852768e-15
5056.011829639466,4.403084e-15
5057.269105164102,6.051039e-16
5058.526380688739,-6.6600977e-15
5059.783656213374,-1.6480938e-15
5061.040931738011,4.128603e-17
5062.298207262647,-8.6846897e-16
5063.555482787283,2.3440044e-15
5064.812758311919,-4.578893e-15
5066.070033836556,-1.8988012e-15
5067.3273093611915,3.4202326e-15
5068.584584885828,2.7727327e-15
5069.8418604104645,2.6071333e-15
5071.0991359351,-2.1039462e-15
5072.356411459737,-1.5313277e-15
5073.613686984373,-1.1499058e-15
5074.870962509009,-5.3949993e-15
5076.128238033645,-2.4295062e-16
5077.385513558282,8.6835044e-16
5078.642789082917,5.390609e-15
5079.900064607554,1.7002288e-15
5081.15734013219,2.8383043e-15
5082.414615656826,3.3511876e-15
5083.671891181462,-2.8271063e-15
5084.929166706099,6.71392e-16
5086.186442230734,-4.0512273e-15
5087.443717755371,3.4233739e-15
5088.700993280007,2.487403e-16
5089.958268804643,-8.7170336e-16
5091.2155443292795,2.4992368e-15
5092.472819853916,5.76328e-16
5093.7300953785525,-2.1904679e-15
5094.987370903188,2.9321807e-15
5096.244646427825,7.092439e-16
5097.50192195246,5.654682e-15
5098.759197477097,2.6230234e-15
5100.016473001733,-1.0736904e-15
5101.27374852637,-3.439875e-16
5102.531024051005,6.3346084e-16
5103.788299575642,-3.2996592e-16
5105.045575100278,5.0487885e-17
5106.302850624914,-5.3643465e-16
5107.56012614955,3.925075e-16
5108.817401674187,-1.9823574e-16
5110.074677198822,2.3073598e-16
5111.331952723459,-3.1756787e-16
5112.589228248095,-1.6487385e-16
5113.846503772731,9.413617e-16
5115.1037792973675,-3.2981242e-16
5116.361054822004,3.0788586e-16
5117.61833034664,8.41606e-16
5118.875605871276,-3.4496304e-16
5120.132881395913,-5.014532e-16
5121.390156920548,-6.5409705e-16
5122.647432445185,-5.589584e-16
5123.904707969821,6.702696e-16
5125.161983494457,-1.3165249e-17
5126.419259019093,-3.4741742e-16
5127.67653454373,7.654383e-16
5128.933810068365,-2.9592774e-16
5130.191085593002,-3.4780012e-16
5131.448361117638,4.5288506e-16
5132.705636642274,1.4418183e-15
5133.96291216691,-1.2645737e-16
5135.220187691547,3.3887178e-16
5136.4774632161825,-8.598746e-16
5137.734738740819,-1.0115288e-15
5138.9920142654555,6.86305e-17
5140.249289790091,3.130717e-16
5141.506565314728,-8.917175e-16
5142.763840839364,-1.1415475e-16
5144.021116364,4.516585e-16
5145.278391888636,3.8277122e-16
5146.535667413273,5.9702027e-16
5147.792942937908,6.8427504e-16
5149.050218462545,2.3266139e-17
5150.307493987181,3.8137642e-17
5151.564769511817,3.847791e-16
5152.822045036453,2.3135212e-16
5154.07932056109,6.8727454e-16
5155.336596085725,1.1772428e-15
5156.593871610362,1.1300209e-15
5157.851147134998,1.2552153e-15
5159.108422659634,8.1850287e-16
5160.3656981842705,1.2688593e-15
5161.622973708907,1.2395231e-15
5162.8802492335435,1.1061258e-15
5164.137524758179,9.072596e-16
5165.394800282816,1.1424394e-15
5166.652075807451,1.0630726e-15
5167.909351332088,1.0971221e-15
5169.166626856724,9.350089e-16
5170.423902381361,1.0583938e-15
5171.681177905996,1.2930867e-15
5172.938453430633,1.3122808e-15
5174.195728955269,1.4090035e-15
5175.453004479905,1.2363961e-15
5176.710280004541,1.3281988e-15
5177.967555529178,1.5646939e-15
5179.224831053813,1.4453048e-15
5180.48210657845,1.2972148e-15
5181.739382103086,1.5386899e-15
5182.996657627722,1.5957422e-15
5184.2539331523585,1.5918851e-15
5185.511208676995,1.6598379e-15
5186.768484201631,2.0199163e-15
5188.025759726267,1.999746e-15
5189.283035250904,1.9609056e-15
5190.540310775539,2.0977247e-15
5191.797586300176,2.2102831e-15
5193.054861824812,2.2794946e-15
5194.312137349448,2.4556269e-15
5195.569412874084,2.4663876e-15
5196.826688398721,2.3005025e-15
5198.083963923356,2.179853e-15
5199.341239447993,2.0433863e-15
5200.598514972629,2.4573385e-15
5201.855790497265,2.3341636e-15
5203.113066021901,2.1300842e-15
5204.370341546538,2.1781967e-15
5205.6276170711735,1.8491091e-15
5206.88489259581,1.769797e-15
5208.1421681204465,1.8301134e-15
5209.399443645082,1.7165223e-15
5210.656719169719,1.719938e-15
5211.913994694355,1.7519276e-15
5213.171270218991,2.0113475e-15
5214.428545743627,1.896161e-15
5215.685821268264,1.8728453e-15
5216.943096792899,1.660592e-15
5218.200372317536,1.730879e-15
5219.457647842172,1.7274049e-15
5220.714923366808,1.676626e-15
5221.972198891444,1.7783925e-15
5223.229474416081,1.7548882e-15
5224.486749940716,1.6249436e-15
5225.744025465353,1.7260139e-15
5227.001300989989,1.5551793e-15
5228.258576514625,1.5281517e-15
5229.5158520392615,1.5692285e-15
5230.773127563898,1.4842896e-15
5232.0304030885345,1.5538523e-15
5233.28767861317,1.5754461e-15
5234.544954137807,1.5461739e-15
5235.802229662442,1.5191232e-15
5237.059505187079,1.4361388e-15
5238.316780711715,1.423511e-15
5239.574056236352,1.3460604e-15
5240.831331760987,1.3948605e-15
5242.088607285624,1.308426e-15
5243.34588281026,1.2833712e-15
5244.603158334896,1.3345893e-15
5245.860433859532,1.2645e-15
5247.117709384169,1.2765951e-15
5248.374984908804,1.2850708e-15
5249.632260433441,1.3621303e-15
5250.889535958077,1.3259936e-15
5252.146811482713,1.1493448e-15
5253.4040870073495,1.1686288e-15
5254.661362531986,1.2615171e-15
5255.918638056622,1.2385395e-15
5257.175913581258,1.1495497e-15
5258.433189105895,1.222862e-15
5259.69046463053,1.1626632e-15
5260.947740155167,1.0779388e-15
5262.205015679803,1.1011683e-15
5263.462291204439,1.0349153e-15
5264.719566729075,1.1170623e-15
5265.976842253712,1.1440367e-15
5267.234117778347,9.61473e-16
5268.491393302984,1.1098374e-15
5269.74866882762,1.0523531e-15
5271.005944352256,1.0568551e-15
5272.263219876892,1.065786e-15
5273.520495401529,1.0815879e-15
5274.7777709261645,1.0274185e-15
5276.035046450801,9.635486e-16
5277.2923219754375,1.0491615e-15
5278.549597500073,1.031758e-15
5279.80687302471,1.108177e-15
5281.064148549346,1.0482147e-15
5282.321424073982,1.0781342e-15
5283.578699598618,9.677781e-16
5284.835975123255,7.8934566e-16
5286.09325064789,7.357424e-16
5287.350526172527,9.154661e-16
5288.607801697163,1.0139598e-15
5289.865077221799,9.492151e-16
5291.122352746435,8.8077096e-16
5292.379628271072,8.041124e-16
5293.636903795707,8.405762e-16
5294.894179320344,9.520296e-16
5296.15145484498,9.245977e-16
5297.408730369616,1.0459177e-15
5298.6660058942525,1.0180543e-15
5299.923281418889,1.030961e-15
5301.1805569435255,1.029082e-15
5302.437832468161,1.0296733e-15
5303.695107992798,9.315087e-16
5304.952383517433,9.383896e-16
5306.20965904207,9.926579e-16
5307.466934566706,1.0094039e-15
5308.724210091343,9.719461e-16
5309.981485615978,1.0263972e-15
5311.238761140615,9.567163e-16
5312.49603666525,8.5613643e-16
5313.753312189887,9.550631e-16
5315.010587714523,8.947034e-16
5316.26786323916,9.549896e-16
5317.525138763795,9.831749e-16
5318.782414288432,9.1493e-16
5320.039689813068,9.059073e-16
5321.296965337704,8.7863093e-16
5322.5542408623405,8.752311e-16
5323.811516386977,9.24737e-16
5325.068791911613,9.505924e-16
5326.326067436249,9.561574e-16
5327.583342960886,8.910556e-16
5328.840618485521,9.032533e-16
5330.097894010158,9.644318e-16
5331.355169534794,9.025348e-16
5332.61244505943,8.970517e-16
5333.869720584066,9.30202e-16
5335.126996108703,8.342383e-16
5336.384271633338,8.0811215e-16
5337.641547157975,7.95425e-16
5338.898822682611,9.250173e-16
5340.156098207247,8.981088e-16
5341.413373731883,8.325446e-16
5342.67064925652,8.200991e-16
5343.9279247811555,8.185628e-16
5345.185200305792,8.3585825e-16
5346.4424758304285,8.82014e-16
5347.699751355064,8.2709686e-16
5348.957026879701,8.846485e-16
5350.214302404337,7.9436137e-16
5351.471577928973,8.447259e-16
5352.728853453609,9.005037e-16
5353.986128978246,9.040733e-16
5355.243404502881,9.092256e-16
5356.500680027518,8.3806557e-16
5357.757955552154,8.3851555e-16
5359.01523107679,7.960908e-16
5360.272506601426,7.2725714e-16
5361.529782126063,8.7592275e-16
5362.787057650698,8.562745e-16
5364.044333175335,8.4789486e-16
5365.301608699971,8.899793e-16
5366.558884224607,8.415897e-16
5367.8161597492435,8.7016986e-16
5369.07343527388,8.916896e-16
5370.330710798516,9.056602e-16
5371.587986323152,8.966031e-16
5372.845261847789,8.570664e-16
5374.102537372424,8.7223684e-16
5375.359812897061,8.518697e-16
5376.617088421697,8.604156e-16
5377.874363946334,8.986096e-16
5379.131639470969,8.727587e-16
5380.388914995606,8.560822e-16
5381.646190520241,8.8423215e-16
5382.903466044878,8.4588797e-16
5384.160741569514,8.968059e-16
5385.418017094151,8.907491e-16
5386.675292618786,8.4348266e-16
5387.932568143423,8.1461435e-16
5389.189843668059,8.332853e-16
5390.447119192695,8.5487817e-16
5391.7043947173315,8.634727e-16
5392.961670241968,8.1317503e-16
5394.218945766604,8.0201293e-16
5395.47622129124,9.677032e-16
5396.733496815877,8.715209e-16
5397.990772340512,8.424064e-16
5399.248047865149,8.1833155e-16
5400.505323389785,9.365634e-16
5401.762598914421,9.329563e-16
5403.019874439057,8.568777e-16
5404.277149963694,7.605501e-16
5405.534425488329,8.035118e-16
5406.791701012966,8.997015e-16
5408.048976537602,8.798284e-16
5409.306252062238,9.415182e-16
5410.563527586874,8.87042e-16
5411.820803111511,8.605807e-16
5413.0780786361465,8.983089e-16
5414.335354160783,9.016112e-16
5415.5926296854195,8.765818e-16
5416.849905210055,7.8366377e-16
5418.107180734692,7.6027316e-16
5419.364456259328,8.186095e-16
5420.621731783964,8.996029e-16
5421.8790073086,8.26336e-16
5423.136282833237,7.355195e-16
5424.393558357872,7.711567e-16
5425.650833882509,8.888438e-16
5426.908109407145,8.8364526e-16
5428.165384931781,8.4081355e-16
5429.422660456417,8.97448e-16
5430.679935981054,9.199728e-16
5431.937211505689,8.573867e-16
5433.194487030326,8.2926447e-16
5434.451762554962,8.342636e-16
5435.709038079598,9.18208e-16
5436.9663136042345,9.309884e-16
5438.223589128871,9.705009e-16
5439.4808646535075,9.349656e-16
5440.738140178143,8.823468e-16
5441.99541570278,8.918122e-16
5443.252691227415,8.478333e-16
5444.509966752052,9.273774e-16
5445.767242276688,9.409245e-16
5447.024517801325,9.065279e-16
5448.28179332596,8.961919e-16
5449.539068850597,8.978039e-16
5450.796344375232,8.306658e-16
5452.053619899869,9.053238e-16
5453.310895424505,8.951943e-16
5454.568170949142,9.009159e-16
5455.825446473777,9.148119e-16
5457.082721998414,8.900886e-16
5458.3399975230495,9.230628e-16
5459.597273047686,8.752033e-16
5460.8545485723225,9.239507e-16
5462.111824096959,9.038659e-16
5463.369099621595,8.85326e-16
5464.626375146231,9.432684e-16
5465.883650670868,9.761505e-16
5467.140926195503,8.914631e-16
5468.39820172014,9.043319e-16
5469.655477244776,9.020824e-16
5470.912752769412,9.411401e-16
5472.170028294048,9.464083e-16
5473.427303818685,9.503177e-16
5474.68457934332,9.640568e-16
5475.941854867957,9.317269e-16
5477.199130392593,9.470546e-16
5478.456405917229,9.014664e-16
5479.713681441865,9.519858e-16
5480.970956966502,1.0081314e-15
5482.2282324911375,9.303904e-16
5483.485508015774,7.984459e-16
5484.7427835404105,7.803044e-16
5486.000059065046,7.872855e-16
5487.257334589683,7.956497e-16
5488.514610114319,8.4084664e-16
5489.771885638955,8.4499536e-16
5491.029161163591,8.1027177e-16
5492.286436688228,9.002728e-16
5493.543712212863,8.13544e-16
5494.8009877375,7.637561e-16
5496.058263262136,8.161666e-16
5497.315538786772,9.208897e-16
5498.572814311408,8.0055074e-16
5499.830089836045,8.5343705e-16
5501.08736536068,9.012109e-16
5502.344640885317,8.162248e-16
5503.601916409953,8.1972333e-16
5504.859191934589,9.637953e-16
5506.1164674592255,8.900894e-16
5507.373742983862,8.1125486e-16
5508.6310185084985,7.624678e-16
5509.888294033134,9.337204e-16
5511.145569557771,8.7297487e-16
5512.402845082406,8.4041497e-16
5513.660120607043,9.234083e-16
5514.917396131679,9.053165e-16
5516.174671656316,9.129471e-16
5517.431947180951,9.735962e-16
5518.689222705588,9.127124e-16
5519.946498230223,9.29904e-16
5521.20377375486,9.134781e-16
5522.461049279496,9.32389e-16
5523.718324804133,8.7125396e-16
5524.975600328768,8.7597246e-16
5526.232875853405,9.742182e-16
5527.4901513780405,9.489316e-16
5528.747426902677,9.032516e-16
5530.0047024273135,8.932849e-16
5531.26197795195,9.004048e-16
5532.519253476586,9.641855e-16
5533.776529001222,9.023386e-16
5535.033804525859,9.319936e-16
5536.291080050494,9.181398e-16
5537.548355575131,7.3896404e-16
5538.805631099767,8.4283643e-16
5540.062906624403,9.962244e-16
5541.320182149039,9.486435e-16
5542.577457673676,8.976812e-16
5543.834733198311,9.192735e-16
5545.092008722948,9.51076e-16
5546.349284247584,8.7988126e-16
5547.60655977222,9.036144e-16
5548.863835296856,9.011545e-16
5550.121110821493,8.7263976e-16
5551.3783863461285,8.6906327e-16
5552.635661870765,9.372329e-16
5553.8929373954015,8.293414e-16
5555.150212920037,9.007341e-16
5556.407488444674,9.121844e-16
5557.66476396931,8.40056e-16
5558.922039493946,8.62477e-16
5560.179315018582,9.321594e-16
5561.436590543219,8.26333e-16
5562.693866067854,9.070252e-16
5563.951141592491,9.174181e-16
5565.208417117127,9.107196e-16
5566.465692641763,9.447959e-16
5567.722968166399,9.017577e-16
5568.980243691036,9.142949e-16
5570.237519215671,9.096644e-16
5571.494794740308,8.936186e-16
5572.752070264944,9.167349e-16
5574.00934578958,9.218501e-16
5575.2666213142165,1.0332628e-15
5576.523896838853,9.830266e-16
5577.7811723634895,9.473082e-16
5579.038447888125,8.7168626e-16
5580.295723412762,9.327192e-16
5581.552998937397,9.507022e-16
5582.810274462034,8.932616e-16
5584.06754998667,8.987936e-16
5585.324825511307,9.55924e-16
5586.582101035942,9.181366e-16
5587.839376560579,9.402049e-16
5589.096652085214,9.167332e-16
5590.353927609851,9.064181e-16
5591.611203134487,8.6354977e-16
5592.868478659124,8.336812e-16
5594.125754183759,8.6053836e-16
5595.383029708396,8.7863575e-16
5596.6403052330315,9.065191e-16
5597.897580757668,9.393559e-16
5599.1548562823045,8.763247e-16
5600.412131806941,8.785589e-16
5601.669407331577,9.065956e-16
5602.926682856213,8.437913e-16
5604.18395838085,9.415176e-16
5605.441233905485,9.016386e-16
5606.698509430122,7.9472946e-16
5607.955784954758,8.5988964e-16
5609.213060479394,8.7201867e-16
5610.47033600403,8.908946e-16
5611.727611528667,9.087262e-16
5612.984887053302,8.874665e-16
5614.242162577939,7.7597996e-16
5615.499438102575,7.231803e-16
5616.756713627211,7.2495004e-16
5618.013989151847,8.3167095e-16
5619.271264676484,7.662244e-16
5620.5285402011195,9.137423e-16
5621.785815725756,8.5437773e-16
5623.0430912503925,8.1528335e-16
5624.300366775028,9.230617e-16
5625.557642299665,7.606505e-16
5626.814917824301,8.728537e-16
5628.072193348937,8.461928e-16
5629.329468873573,8.616903e-16
5630.58674439821,8.860663e-16
5631.844019922845,8.587457e-16
5633.101295447482,8.3662244e-16
5634.358570972118,8.674593e-16
5635.615846496754,7.3785654e-16
5636.87312202139,7.0309436e-16
5638.130397546027,7.431391e-16
5639.3876730706625,7.4404237e-16
5640.644948595299,8.197763e-16
5641.902224119935,8.6275224e-16
5643.159499644571,8.707349e-16
5644.4167751692075,7.831578e-16
5645.674050693844,8.5829833e-16
5646.9313262184805,7.771233e-16
5648.188601743116,7.783927e-16
5649.445877267753,6.6405e-16
5650.703152792388,6.2133546e-16
5651.960428317025,7.2024164e-16
5653.217703841661,5.757516e-16
5654.474979366298,5.8707705e-16
5655.732254890933,7.854524e-16
5656.98953041557,7.0799344e-16
5658.246805940205,6.8653783e-16
5659.504081464842,8.180066e-16
5660.761356989478,8.5333027e-16
5662.018632514115,7.2249904e-16
5663.2759080387505,7.381852e-16
5664.533183563387,8.720848e-16
5665.7904590880225,7.6523895e-16
5667.047734612659,6.9474796e-16
5668.3050101372955,7.947008e-16
5669.562285661932,7.605803e-16
5670.819561186568,7.4138893e-16
5672.076836711204,6.2779673e-16
5673.334112235841,5.9155293e-16
5674.591387760476,6.311573e-16
5675.848663285113,8.832648e-16
5677.105938809749,8.7476396e-16
5678.363214334385,8.692126e-16
5679.620489859021,8.609683e-16
5680.877765383658,8.757597e-16
5682.135040908293,9.217686e-16
5683.39231643293,9.30399e-16
5684.649591957566,9.575179e-16
5685.906867482202,9.05144e-16
5687.1641430068385,8.0950674e-16
5688.421418531475,9.312665e-16
5689.6786940561105,9.52557e-16
5690.935969580747,9.035358e-16
5692.1932451053835,9.216109e-16
5693.450520630019,9.043808e-16
5694.707796154656,8.899901e-16
5695.965071679292,8.7832356e-16
5697.222347203928,9.553039e-16
5698.479622728564,9.585447e-16
5699.736898253201,8.8556103e-16
5700.994173777836,9.014481e-16
5702.251449302473,9.042927e-16
5703.508724827109,9.029067e-16
5704.766000351745,9.089781e-16
5706.023275876381,8.635031e-16
5707.280551401018,8.768206e-16
5708.5378269256535,9.110358e-16
5709.79510245029,8.904255e-16
5711.0523779749265,9.038766e-16
5712.309653499562,9.329665e-16
5713.5669290241985,8.990627e-16
5714.824204548835,9.214749e-16
5716.081480073471,8.2911783e-16
5717.338755598107,8.0040204e-16
5718.596031122744,9.015237e-16
5719.853306647379,9.281016e-16
5721.110582172016,7.8384567e-16
5722.367857696652,8.89738e-16
5723.625133221289,8.8563494e-16
5724.882408745924,9.31572e-16
5726.139684270561,9.044278e-16
5727.396959795196,9.010346e-16
5728.654235319833,8.4413604e-16
5729.911510844469,7.6384944e-16
5731.168786369106,1.0674979e-15
5732.4260618937415,1.2724397e-15
5733.683337418378,1.1980313e-15
5734.940612943014,1.0830134e-15
5736.19788846765,1.0086347e-15
5737.4551639922865,9.031287e-16
5738.712439516923,8.76632e-16
5739.969715041559,8.7797337e-16
5741.226990566195,8.933185e-16
5742.484266090831,8.604065e-16
5743.741541615467,8.6625657e-16
5744.998817140104,8.446415e-16
5746.25609266474,8.586569e-16
5747.513368189376,9.128495e-16
5748.770643714012,9.26479e-16
5750.027919238649,8.474904e-16
5751.285194763284,8.892557e-16
5752.542470287921,8.6453e-16
5753.799745812557,8.628106e-16
5755.057021337193,8.550765e-16
5756.3142968618295,8.153372e-16
5757.571572386466,8.3007863e-16
5758.828847911102,8.41143e-16
5760.086123435738,7.8028924e-16
5761.3433989603745,7.8987855e-16
5762.60067448501,8.8346696e-16
5763.857950009647,7.842774e-16
5765.115225534283,7.7554707e-16
5766.372501058919,7.11674e-16
5767.629776583555,7.283058e-16
5768.887052108192,7.8466893e-16
5770.144327632827,8.874767e-16
5771.401603157464,8.4957426e-16
5772.6588786821,8.2152296e-16
5773.916154206736,8.4196917e-16
5775.173429731372,8.0903457e-16
5776.430705256009,7.2707656e-16
5777.6879807806445,8.272183e-16
5778.945256305281,8.373155e-16
5780.2025318299175,8.1165355e-16
5781.459807354553,7.681907e-16
5782.71708287919,8.503968e-16
5783.974358403826,8.3846685e-16
5785.231633928462,8.0672477e-16
5786.488909453098,8.1540516e-16
5787.746184977735,8.301889e-16
5789.00346050237,8.334402e-16
5790.260736027007,7.8244986e-16
5791.518011551643,7.7196746e-16
5792.77528707628,7.9280944e-16
5794.032562600915,7.995539e-16
5795.289838125552,7.4055487e-16
5796.547113650187,7.15246e-16
5797.804389174824,8.68576e-16
5799.06166469946,8.22952e-16
5800.318940224097,8.2896663e-16
5801.5762157487325,8.6033036e-16
5802.833491273369,8.525374e-16
5804.090766798005,8.545143e-16
5805.348042322641,8.4338414e-16
5806.605317847278,8.295189e-16
5807.862593371914,8.126965e-16
5809.11986889655,8.1159595e-16
5810.377144421186,8.14392e-16
5811.634419945822,7.882593e-16
5812.891695470458,8.4729855e-16
5814.148970995095,8.2571927e-16
5815.406246519731,8.1913094e-16
5816.663522044367,8.659274e-16
5817.920797569003,8.4046204e-16
5819.17807309364,6.904511e-16
5820.435348618275,7.8682283e-16
5821.692624142912,6.975016e-16
5822.949899667548,7.1542414e-16
5824.207175192184,8.1658577e-16
5825.4644507168205,7.4961823e-16
5826.721726241457,8.122016e-16
5827.979001766093,8.152037e-16
5829.236277290729,7.1861576e-16
5830.493552815366,8.3608325e-16
5831.750828340001,8.302452e-16
5833.008103864638,7.0023266e-16
5834.265379389274,6.454423e-16
5835.52265491391,6.827396e-16
5836.779930438546,7.1306606e-16
5838.037205963183,7.4413417e-16
5839.294481487818,8.268927e-16
5840.551757012455,8.3976064e-16
5841.809032537091,6.7858573e-16
5843.066308061727,7.2267665e-16
5844.323583586363,8.6581664e-16
5845.580859111,8.593789e-16
5846.8381346356355,9.006333e-16
5848.095410160272,7.536078e-16
5849.3526856849085,7.797588e-16
5850.609961209544,8.907008e-16
5851.867236734181,8.648948e-16
5853.124512258817,8.6530096e-16
5854.381787783453,7.4823275e-16
5855.639063308089,8.403373e-16
5856.896338832726,7.9287445e-16
5858.153614357361,7.433354e-16
5859.410889881998,8.25312e-16
5860.668165406634,8.11693e-16
5861.925440931271,8.5545595e-16
5863.182716455906,8.2679987e-16
5864.439991980543,8.6192103e-16
5865.697267505178,8.8701364e-16
5866.954543029815,8.095818e-16
5868.211818554451,7.1803316e-16
5869.469094079088,7.995694e-16
5870.7263696037235,6.9488116e-16
5871.98364512836,7.764782e-16
5873.240920652996,8.5286016e-16
5874.498196177632,8.595054e-16
5875.755471702269,8.2547696e-16
5877.012747226905,8.124415e-16
5878.270022751541,7.9330565e-16
5879.527298276177,7.9925907e-16
5880.784573800813,7.887543e-16
5882.041849325449,7.5458454e-16
5883.299124850086,7.824526e-16
5884.556400374722,7.4148174e-16
5885.813675899358,7.142716e-16
5887.070951423994,7.458696e-16
5888.328226948631,6.7303216e-16
5889.585502473266,7.894828e-16
5890.842777997903,7.574167e-16
5892.100053522539,7.3511e-16
5893.357329047175,8.223968e-16
5894.6146045718115,7.9686096e-16
5895.871880096448,8.690821e-16
5897.129155621084,8.3447616e-16
5898.38643114572,7.899365e-16
5899.643706670357,8.93868e-16
5900.900982194992,8.860207e-16
5902.158257719629,9.049559e-16
5903.415533244265,8.246913e-16
5904.672808768901,8.339713e-16
5905.930084293537,8.37054e-16
5907.187359818174,8.300855e-16
5908.444635342809,7.965889e-16
5909.701910867446,8.1252223e-16
5910.959186392082,8.3715056e-16
5912.216461916718,8.7253573e-16
5913.473737441354,9.252416e-16
5914.731012965991,8.451183e-16
5915.9882884906265,8.297236e-16
5917.245564015263,8.7155953e-16
5918.5028395398995,8.56759e-16
5919.760115064535,8.5324853e-16
5921.017390589172,7.940033e-16
5922.274666113808,8.528626e-16
5923.531941638444,8.4053816e-16
5924.78921716308,8.092478e-16
5926.046492687717,7.8532183e-16
5927.303768212352,8.1993583e-16
5928.561043736989,7.987599e-16
5929.818319261625,8.192821e-16
5931.075594786262,8.997431e-16
5932.332870310897,1.0043271e-15
5933.590145835534,1.142944e-15
5934.847421360169,1.1139066e-15
5936.104696884806,1.03252e-15
5937.361972409442,8.2075317e-16
5938.619247934079,8.041519e-16
5939.8765234587145,7.389569e-16
5941.133798983351,8.131634e-16
5942.391074507987,8.450674e-16
5943.648350032623,8.2078694e-16
5944.90562555726,7.745676e-16
5946.162901081896,7.606109e-16
5947.420176606532,7.683088e-16
5948.677452131168,7.80387e-16
5949.934727655804,8.162377e-16
5951.19200318044,7.4333684e-16
5952.449278705077,7.84467e-16
5953.706554229713,7.926201e-16
5954.963829754349,7.814216e-16
5956.221105278985,7.728046e-16
5957.478380803621,7.728377e-16
5958.735656328257,7.8112944e-16
5959.992931852894,7.9038243e-16
5961.25020737753,7.8938076e-16
5962.507482902166,8.3264673e-16
5963.7647584268025,7.9052214e-16
5965.022033951438,7.625624e-16
5966.279309476075,7.1041686e-16
5967.536585000711,6.8223554e-16
5968.793860525348,7.491625e-16
5970.051136049983,7.526037e-16
5971.30841157462,7.58229e-16
5972.565687099256,7.4937407e-16
5973.822962623892,8.516497e-16
5975.080238148528,9.443304e-16
5976.337513673165,7.951966e-16
5977.5947891978,6.738883e-16
5978.852064722437,6.5973517e-16
5980.109340247073,6.3901616e-16
5981.366615771709,7.5437374e-16
5982.623891296345,7.4252983e-16
5983.881166820982,7.21914e-16
5985.1384423456175,8.1637237e-16
5986.395717870254,7.793566e-16
5987.6529933948905,7.614825e-16
5988.910268919526,7.4181854e-16
5990.167544444163,7.310649e-16
5991.424819968799,7.854734e-16
5992.682095493436,7.9551243e-16
5993.939371018071,7.140597e-16
5995.196646542708,6.710467e-16
5996.453922067343,7.6326324e-16
5997.71119759198,7.1291407e-16
5998.968473116616,7.6670267e-16
6000.225748641253,6.903191e-16
6001.483024165888,7.6802447e-16
6002.740299690525,7.835991e-16
6003.99757521516,7.8396864e-16
6005.254850739797,7.831119e-16
6006.512126264433,7.7794947e-16
6007.76940178907,7.9088843e-16
6009.0266773137055,7.618522e-16
6010.283952838342,7.4256446e-16
6011.541228362978,7.5067273e-16
6012.798503887614,6.859994e-16
6014.055779412251,6.763006e-16
6015.313054936887,6.6406817e-16
6016.570330461523,7.3229254e-16
6017.827605986159,7.211562e-16
6019.084881510795,7.2957214e-16
6020.342157035431,7.432291e-16
6021.599432560068,7.2181977e-16
6022.856708084704,7.5180183e-16
6024.11398360934,7.5577097e-16
6025.371259133976,7.6657445e-16
6026.628534658612,7.413497e-16
6027.885810183248,6.500775e-16
6029.143085707885,6.3756323e-16
6030.400361232521,6.5186724e-16
6031.657636757157,7.258447e-16
6032.9149122817935,7.4121926e-16
6034.172187806429,7.38149e-16
6035.429463331066,7.116781e-16
6036.686738855702,6.48444e-16
6037.944014380339,5.981625e-16
6039.201289904974,5.940761e-16
6040.458565429611,7.186789e-16
6041.715840954247,6.0569664e-16
6042.973116478883,6.9929907e-16
6044.230392003519,7.551164e-16
6045.487667528156,7.263327e-16
6046.744943052791,7.3513587e-16
6048.002218577428,7.128698e-16
6049.259494102064,7.6162894e-16
6050.5167696267,7.525493e-16
6051.774045151336,7.567522e-16
6053.031320675973,7.429754e-16
6054.2885962006085,7.427195e-16
6055.545871725245,7.144535e-16
6056.8031472498815,7.1859697e-16
6058.060422774517,7.006918e-16
6059.317698299154,6.506214e-16
6060.57497382379,7.337811e-16
6061.832249348427,7.1155384e-16
6063.089524873062,7.0050657e-16
6064.346800397699,7.354812e-16
6065.604075922334,6.6371575e-16
6066.861351446971,7.184834e-16
6068.118626971607,7.4843556e-16
6069.375902496244,7.334367e-16
6070.633178020879,7.179931e-16
6071.890453545516,6.310673e-16
6073.147729070151,7.400971e-16
6074.405004594788,7.1312413e-16
6075.662280119424,7.1896315e-16
6076.919555644061,6.949561e-16
6078.1768311686965,7.24505e-16
6079.434106693333,7.040254e-16
6080.691382217969,6.076678e-16
6081.948657742605,5.8786786e-16
6083.205933267242,7.0811467e-16
6084.463208791878,6.675389e-16
6085.720484316514,6.1494317e-16
6086.97775984115,7.3305095e-16
6088.235035365786,7.225418e-16
6089.492310890422,7.10055e-16
6090.749586415059,7.2380755e-16
6092.006861939695,7.144001e-16
6093.264137464331,7.064841e-16
6094.521412988967,7.209886e-16
6095.778688513603,7.07749e-16
6097.035964038239,7.053412e-16
6098.293239562876,7.078804e-16
6099.550515087512,6.93535e-16
6100.807790612148,6.825366e-16
6102.0650661367845,7.030754e-16
6103.32234166142,6.2335934e-16
6104.579617186057,6.352294e-16
6105.836892710693,6.992452e-16
6107.09416823533,6.784014e-16
6108.351443759965,7.049059e-16
6109.608719284602,6.9537466e-16
6110.865994809238,6.676474e-16
6112.123270333874,6.695674e-16
6113.38054585851,7.1006433e-16
6114.637821383147,5.850852e-16
6115.895096907782,6.853547e-16
6117.152372432419,7.0111977e-16
6118.409647957055,7.034508e-16
6119.666923481691,7.0064554e-16
6120.924199006327,7.0691824e-16
6122.181474530964,6.826199e-16
6123.4387500555995,6.310412e-16
6124.696025580236,6.152133e-16
6125.9533011048725,6.9206737e-16
6127.210576629508,7.10184e-16
6128.467852154145,6.943475e-16
6129.725127678781,6.980136e-16
6130.982403203418,6.9511907e-16
6132.239678728053,7.0340247e-16
6133.49695425269,7.0212853e-16
6134.754229777325,7.305397e-16
6136.011505301962,6.6305506e-16
6137.268780826598,6.04218e-16
6138.526056351235,6.6310107e-16
6139.78333187587,7.074347e-16
6141.040607400507,6.231949e-16
6142.297882925142,5.587684e-16
6143.555158449779,7.0076105e-16
6144.812433974415,6.7574833e-16
6146.069709499052,6.530621e-16
6147.3269850236875,5.8877377e-16
6148.584260548324,6.180309e-16
6149.84153607296,6.3203936e-16
6151.098811597596,5.401793e-16
6152.356087122233,6.3013465e-16
6153.613362646869,6.0030284e-16
6154.870638171505,5.9378995e-16
6156.127913696141,5.998769e-16
6157.385189220777,6.5822147e-16
6158.642464745413,6.7232573e-16
6159.89974027005,6.6442387e-16
6161.157015794686,6.7960916e-16
6162.414291319322,6.3781163e-16
6163.671566843958,6.1941365e-16
6164.928842368594,6.8273577e-16
6166.18611789323,5.801154e-16
6167.443393417867,6.1846455e-16
6168.700668942503,6.791818e-16
6169.957944467139,6.547997e-16
6171.2152199917755,6.8422014e-16
6172.472495516411,6.9490477e-16
6173.729771041048,6.715438e-16
6174.987046565684,6.7000343e-16
6176.244322090321,6.8978864e-16
6177.501597614956,7.0842527e-16
6178.758873139593,6.5781256e-16
6180.016148664229,6.685538e-16
6181.273424188865,6.502957e-16
6182.530699713501,6.355961e-16
6183.787975238138,5.824464e-16
6185.045250762773,6.471416e-16
6186.30252628741,5.887021e-16
6187.559801812046,6.165295e-16
6188.817077336682,6.7335805e-16
6190.074352861318,5.459218e-16
6191.331628385955,6.417011e-16
6192.5889039105905,6.148353e-16
6193.846179435227,6.734041e-16
6195.1034549598635,6.5617694e-16
6196.360730484499,6.287177e-16
6197.618006009136,5.9582034e-16
6198.875281533772,6.0880657e-16
6200.132557058409,5.466772e-16
6201.389832583044,6.0571215e-16
6202.647108107681,5.6510327e-16
6203.904383632316,5.474947e-16
6205.161659156953,6.305257e-16
6206.418934681589,6.316734e-16
6207.676210206226,6.516796e-16
6208.933485730861,6.712476e-16
6210.190761255498,6.741348e-16
6211.448036780133,6.6544793e-16
6212.70531230477,6.6197213e-16
6213.962587829406,6.182743e-16
6215.219863354043,6.742535e-16
6216.4771388786785,6.5741393e-16
6217.734414403315,6.290961e-16
6218.991689927951,6.4082246e-16
6220.248965452587,6.900736e-16
6221.506240977224,5.7612883e-16
6222.76351650186,6.313947e-16
6224.020792026496,6.593033e-16
6225.278067551132,6.2652385e-16
6226.535343075768,6.2653804e-16
6227.792618600404,6.1787845e-16
6229.049894125041,5.671471e-16
6230.307169649677,6.2815286e-16
6231.564445174313,5.5415924e-16
6232.821720698949,6.558053e-16
6234.078996223585,6.2965613e-16
6235.336271748221,6.2635874e-16
6236.593547272858,6.545736e-16
6237.850822797494,6.6485247e-16
6239.10809832213,6.496403e-16
6240.3653738467665,5.9528083e-16
6241.622649371402,6.1381905e-16
6242.879924896039,5.5716154e-16
6244.137200420675,6.4831833e-16
6245.394475945312,6.4730766e-16
6246.651751469947,6.7286773e-16
6247.909026994584,6.414855e-16
6249.166302519219,6.1781466e-16
6250.423578043856,6.1206844e-16
6251.680853568492,5.8313163e-16
6252.938129093129,5.3468605e-16
6254.195404617764,5.661547e-16
6255.452680142401,5.72178e-16
6256.709955667037,5.878852e-16
6257.967231191673,6.2888835e-16
6259.224506716309,5.425737e-16
6260.481782240946,5.291054e-16
6261.7390577655815,5.1952893e-16
6262.996333290218,5.341753e-16
6264.2536088148545,5.0583024e-16
6265.51088433949,4.9612684e-16
6266.768159864127,5.4293287e-16
6268.025435388763,5.7848015e-16
6269.2827109134,5.9294837e-16
6270.539986438035,6.195389e-16
6271.797261962672,5.9766317e-16
6273.054537487307,5.190462e-16
6274.311813011944,4.7144154e-16
6275.56908853658,4.876308e-16
6276.826364061217,5.7006376e-16
6278.083639585852,5.606416e-16
6279.340915110489,5.767702e-16
6280.598190635124,5.2685333e-16
6281.855466159761,5.4597007e-16
6283.112741684397,5.079778e-16
6284.370017209034,6.133583e-16
6285.6272927336695,5.5623717e-16
6286.884568258306,4.9121087e-16
6288.141843782942,5.479921e-16
6289.399119307578,6.4240916e-16
6290.656394832215,5.8156716e-16
6291.913670356851,5.712316e-16
6293.170945881487,6.2618033e-16
6294.428221406123,6.3426404e-16
6295.685496930759,5.972708e-16
6296.942772455395,6.055304e-16
6298.200047980032,5.239105e-16
6299.457323504668,6.005042e-16
6300.714599029304,6.1164826e-16
6301.97187455394,6.0642906e-16
6303.229150078576,5.954995e-16
6304.486425603212,6.174485e-16
6305.743701127849,6.3122325e-16
6307.000976652485,5.825709e-16
6308.258252177121,5.810181e-16
6309.5155277017575,6.5923473e-16
6310.772803226393,6.21306e-16
6312.03007875103,6.2723626e-16
6313.287354275666,5.984505e-16
6314.544629800303,5.9837753e-16
6315.801905324938,6.1726896e-16
6317.059180849575,6.333457e-16
6318.31645637421,6.5781685e-16
6319.573731898847,6.25995e-16
6320.831007423483,6.1390693e-16
6322.08828294812,5.313124e-16
6323.345558472755,6.2310957e-16
6324.602833997392,6.24115e-16
6325.860109522028,6.137394e-16
6327.117385046664,5.9158285e-16
6328.3746605713,5.290158e-16
6329.631936095937,5.3350365e-16
6330.8892116205725,5.9779e-16
6332.146487145209,5.441744e-16
6333.4037626698455,5.432215e-16
6334.661038194481,5.647097e-16
6335.918313719118,5.7188255e-16
6337.175589243754,5.950037e-16
6338.43286476839,5.2794124e-16
6339.690140293026,5.304652e-16
6340.947415817663,5.865538e-16
6342.204691342298,4.8600993e-16
6343.461966866935,4.989178e-16
6344.719242391571,4.991249e-16
6345.976517916208,4.845305e-16
6347.233793440843,4.993971e-16
6348.49106896548,5.233163e-16
6349.748344490115,4.9364964e-16
6351.005620014752,4.876945e-16
6352.262895539388,4.966208e-16
6353.520171064025,4.990201e-16
6354.7774465886605,4.7166553e-16
6356.034722113297,4.6661055e-16
6357.291997637933,4.8849555e-16
6358.549273162569,5.1591676e-16
6359.806548687206,5.8734117e-16
6361.063824211842,6.0703193e-16
6362.321099736478,5.592522e-16
6363.578375261114,4.88515e-16
6364.83565078575,5.287381e-16
6366.092926310386,5.6171705e-16
6367.350201835023,4.9560327e-16
6368.607477359659,5.0153684e-16
6369.864752884295,5.248561e-16
6371.122028408931,6.0588537e-16
6372.379303933567,5.45498e-16
6373.636579458203,5.3136563e-16
6374.89385498284,5.230903e-16
6376.151130507476,5.209265e-16
6377.408406032112,5.7856077e-16
6378.6656815567485,5.3448367e-16
6379.922957081384,4.5520043e-16
6381.180232606021,4.6316243e-16
6382.437508130657,4.871947e-16
6383.694783655294,4.9433944e-16
6384.952059179929,5.009396e-16
6386.209334704566,5.6869136e-16
6387.466610229201,5.6676854e-16
6388.723885753838,5.650436e-16
6389.981161278474,5.7650497e-16
6391.238436803111,5.724784e-16
6392.495712327746,5.5804807e-16
6393.752987852383,5.6713223e-16
6395.010263377019,5.2592906e-16
6396.267538901655,5.438891e-16
6397.524814426291,5.809929e-16
6398.782089950928,5.139185e-16
6400.0393654755635,4.714272e-16
6401.2966410002,5.463612e-16
6402.5539165248365,5.843425e-16
6403.811192049472,5.7989517e-16
6405.068467574109,5.233372e-16
6406.325743098745,5.1723384e-16
6407.583018623381,5.084444e-16
6408.840294148017,5.7024736e-16
6410.097569672654,5.411011e-16
6411.354845197289,5.3170503e-16
6412.612120721926,5.51333e-16
6413.869396246562,5.530112e-16
6415.126671771199,5.3799806e-16
6416.383947295834,5.3843693e-16
6417.641222820471,6.089226e-16
6418.898498345106,6.2143615e-16
6420.155773869743,6.1554297e-16
6421.413049394379,5.4261005e-16
6422.670324919016,4.9878144e-16
6423.9276004436515,5.32759e-16
6425.184875968288,4.836488e-16
6426.442151492924,4.9379914e-16
6427.69942701756,4.9155487e-16
6428.956702542197,5.5780243e-16
6430.213978066833,5.761816e-16
6431.471253591469,5.750674e-16
6432.728529116105,5.8699727e-16
6433.985804640741,5.901876e-16
6435.243080165377,5.687086e-16
6436.500355690014,5.309656e-16
6437.75763121465,4.88485e-16
6439.014906739286,4.8780225e-16
6440.272182263922,4.839919e-16
6441.529457788558,5.289012e-16
6442.786733313194,5.7927906e-16
6444.044008837831,5.596341e-16
6445.301284362467,4.8156745e-16
6446.558559887103,4.8427997e-16
6447.8158354117395,4.8285034e-16
6449.073110936375,4.5950256e-16
6450.330386461012,4.5741547e-16
6451.587661985648,4.7569926e-16
6452.844937510285,4.9236723e-16
6454.10221303492,4.9538595e-16
6455.359488559557,5.10693e-16
6456.616764084192,5.179977e-16
6457.874039608829,5.701483e-16
6459.131315133465,5.4081847e-16
6460.388590658102,4.9956944e-16
6461.645866182737,4.8391384e-16
6462.903141707374,4.7759233e-16
6464.16041723201,4.8555745e-16
6465.417692756646,4.896499e-16
6466.674968281282,5.533105e-16
6467.932243805919,5.2122437e-16
6469.1895193305545,4.7149766e-16
6470.446794855191,5.5310833e-16
6471.7040703798275,5.1678904e-16
6472.961345904463,4.9423404e-16
6474.2186214291,5.2108763e-16
6475.475896953736,5.0299924e-16
6476.733172478372,4.3482606e-16
6477.990448003008,4.631263e-16
6479.247723527645,4.3710863e-16
6480.50499905228,4.7572647e-16
6481.762274576917,4.846768e-16
6483.019550101553,4.102148e-16
6484.27682562619,4.48598e-16
6485.534101150825,3.9811216e-16
6486.791376675462,4.6184694e-16
6488.048652200097,4.6819614e-16
6489.305927724734,4.6248036e-16
6490.56320324937,4.740395e-16
6491.820478774007,5.026988e-16
6493.0777542986425,4.81316e-16
6494.335029823279,5.4552935e-16
6495.592305347915,4.7222574e-16
6496.849580872551,5.3519173e-16
6498.106856397188,6.31637e-16
6499.364131921824,5.3929185e-16
6500.62140744646,4.4073679e-16
6501.878682971096,3.8813437e-16
6503.135958495732,3.8818043e-16
6504.393234020368,4.0455712e-16
6505.650509545005,4.7205496e-16
6506.907785069641,4.4442474e-16
6508.165060594277,4.3653005e-16
6509.422336118913,4.5900467e-16
6510.679611643549,5.0077287e-16
6511.936887168185,4.741211e-16
6513.194162692822,4.317466e-16
6514.451438217458,5.8552735e-16
6515.708713742094,6.001165e-16
6516.9659892667305,5.993653e-16
6518.223264791366,5.898794e-16
6519.480540316003,5.7051534e-16
6520.737815840639,5.858369e-16
6521.995091365276,6.137578e-16
6523.252366889911,6.1223737e-16
6524.509642414548,6.1975876e-16
6525.766917939183,6.1263135e-16
6527.02419346382,6.1629037e-16
6528.281468988456,5.543615e-16
6529.538744513093,5.2435744e-16
6530.796020037728,5.4463504e-16
6532.053295562365,6.452983e-16
6533.310571087001,5.691948e-16
6534.567846611637,5.832978e-16
6535.825122136273,7.009907e-16
6537.08239766091,6.6679805e-16
6538.3396731855455,6.921641e-16
6539.596948710182,6.4962456e-16
6540.8542242348185,6.299706e-16
6542.111499759454,5.9262115e-16
6543.368775284091,7.2241847e-16
6544.626050808727,8.937708e-16
6545.883326333363,8.7386076e-16
6547.140601857999,8.5406475e-16
6548.397877382636,9.209176e-16
6549.655152907271,9.14288e-16
6550.912428431908,9.359493e-16
6552.169703956544,9.547916e-16
6553.426979481181,8.77036e-16
6554.684255005816,7.8203593e-16
6555.941530530453,7.1599684e-16
6557.198806055088,7.648379e-16
6558.456081579725,7.712113e-16
6559.713357104361,7.220789e-16
6560.970632628998,6.901513e-16
6562.2279081536335,6.724785e-16
6563.48518367827,6.5565676e-16
6564.742459202906,6.527931e-16
6565.999734727542,6.2938063e-16
6567.257010252179,6.1015505e-16
6568.514285776815,6.1726907e-16
6569.771561301451,6.224972e-16
6571.028836826087,6.107694e-16
6572.286112350723,5.909701e-16
6573.543387875359,5.844811e-16
6574.800663399996,5.787778e-16
6576.057938924632,5.6623083e-16
6577.315214449268,5.3109665e-16
6578.572489973904,4.8311207e-16
6579.82976549854,4.850152e-16
6581.087041023176,5.198253e-16
6582.344316547813,5.548647e-16
6583.601592072449,5.334674e-16
6584.858867597085,5.25206e-16
6586.1161431217215,4.9202656e-16
6587.373418646357,5.349472e-16
6588.630694170994,5.607342e-16
6589.88796969563,5.4086775e-16
6591.145245220267,4.9546213e-16
6592.402520744902,5.2080493e-16
6593.659796269539,4.794423e-16
6594.917071794174,4.7064115e-16
6596.174347318811,5.2936187e-16
6597.431622843447,5.070226e-16
6598.688898368084,4.653354e-16
6599.946173892719,5.294445e-16
6601.203449417356,5.3862396e-16
6602.460724941991,5.034032e-16
6603.718000466628,4.7147103e-16
6604.975275991264,5.5494057e-16
6606.232551515901,5.4134225e-16
6607.4898270405365,5.4280036e-16
6608.747102565173,5.489514e-16
6610.0043780898095,5.2102627e-16
6611.261653614445,4.8286474e-16
6612.518929139082,5.323472e-16
6613.776204663718,4.904825e-16
6615.033480188354,4.4340102e-16
6616.29075571299,4.823157e-16
6617.548031237627,5.052622e-16
6618.805306762262,5.129755e-16
6620.062582286899,5.128994e-16
6621.319857811535,4.7358427e-16
6622.577133336172,4.6855565e-16
6623.834408860807,4.6176986e-16
6625.091684385444,5.2775695e-16
6626.348959910079,4.9550205e-16
6627.606235434716,5.0843634e-16
6628.863510959352,5.125955e-16
6630.120786483989,4.9489255e-16
6631.3780620086245,5.3125996e-16
6632.635337533261,5.278969e-16
6633.892613057897,5.0905637e-16
6635.149888582533,5.306252e-16
6636.40716410717,4.84028e-16
6637.664439631806,4.967156e-16
6638.921715156442,5.4268443e-16
6640.178990681078,5.635196e-16
6641.436266205714,5.480066e-16
6642.69354173035,4.9347483e-16
6643.950817254987,5.278939e-16
6645.208092779623,4.9038364e-16
6646.465368304259,5.4514204e-16
6647.722643828895,5.2317334e-16
6648.979919353531,4.4307348e-16
6650.237194878167,4.6454876e-16
6651.494470402804,4.6886106e-16
6652.75174592744,4.5456584e-16
6654.009021452076,4.52283e-16
6655.2662969767125,4.6413165e-16
6656.523572501348,5.000621e-16
6657.780848025985,5.217706e-16
6659.038123550621,4.774125e-16
6660.295399075258,4.822355e-16
6661.552674599893,4.702419e-16
6662.80995012453,4.357758e-16
6664.067225649165,4.950573e-16
6665.324501173802,4.9573434e-16
6666.581776698438,4.564598e-16
6667.839052223075,4.5834626e-16
6669.09632774771,4.4264253e-16
6670.353603272347,4.540536e-16
6671.610878796982,5.4021257e-16
6672.868154321619,4.93266e-16
6674.125429846255,4.721591e-16
6675.382705370892,5.092164e-16
6676.6399808955275,4.2770947e-16
6677.897256420164,4.3714796e-16
6679.1545319448005,4.015413e-16
6680.411807469436,4.7068017e-16
6681.669082994073,4.7788037e-16
6682.926358518709,4.7879194e-16
6684.183634043345,4.494566e-16
6685.440909567981,3.9933802e-16
6686.698185092618,4.426167e-16
6687.955460617253,4.0729997e-16
6689.21273614189,4.6131437e-16
6690.470011666526,5.0028175e-16
6691.727287191163,5.8131347e-16
6692.984562715798,5.6268457e-16
6694.241838240435,5.7967706e-16
6695.49911376507,6.447741e-16
6696.756389289707,7.0306165e-16
6698.013664814343,7.203152e-16
6699.27094033898,6.96492e-16
6700.5282158636155,7.407499e-16
6701.785491388252,6.7104936e-16
6703.042766912888,4.675785e-16
6704.300042437524,4.0327075e-16
6705.557317962161,3.9203888e-16
6706.814593486797,5.079536e-16
6708.071869011433,5.810538e-16
6709.329144536069,5.52155e-16
6710.586420060705,5.4089454e-16
6711.843695585341,5.78805e-16
6713.100971109978,5.6938063e-16
6714.358246634614,5.5772673e-16
6715.61552215925,4.922853e-16
6716.872797683886,5.2420116e-16
6718.130073208522,5.7353014e-16
6719.387348733158,5.5568956e-16
6720.644624257795,5.3458303e-16
6721.901899782431,4.7704303e-16
6723.159175307067,4.4345518e-16
6724.4164508317035,4.696148e-16
6725.673726356339,4.7285937e-16
6726.931001880976,5.3562605e-16
6728.188277405612,4.8314897e-16
6729.445552930249,4.4315025e-16
6730.702828454884,4.653575e-16
6731.960103979521,4.2297151e-16
6733.217379504156,4.5597107e-16
6734.474655028793,4.9986797e-16
6735.731930553429,4.3952667e-16
6736.989206078066,4.646402e-16
6738.246481602701,5.050595e-16
6739.503757127338,5.896166e-16
6740.761032651973,5.634221e-16
6742.01830817661,5.9152456e-16
6743.275583701246,5.7599257e-16
6744.532859225883,5.2530315e-16
6745.7901347505185,4.9720474e-16
6747.047410275155,4.4256206e-16
6748.3046857997915,4.742012e-16
6749.561961324427,4.774261e-16
6750.819236849064,4.7317574e-16
6752.0765123737,4.8297734e-16
6753.333787898336,4.645608e-16
6754.591063422972,4.91681e-16
6755.848338947609,4.497379e-16
6757.105614472244,4.3718954e-16
6758.362889996881,4.753372e-16
6759.620165521517,5.2275644e-16
6760.877441046153,4.9715535e-16
6762.134716570789,4.4926e-16
6763.391992095426,5.154419e-16
6764.649267620061,4.9833484e-16
6765.906543144698,4.849001e-16
6767.163818669334,4.9995516e-16
6768.421094193971,4.87024e-16
6769.6783697186065,4.5369446e-16
6770.935645243243,4.4102907e-16
6772.192920767879,4.4014614e-16
6773.450196292515,4.4741847e-16
6774.707471817152,4.4384667e-16
6775.964747341788,4.501174e-16
6777.222022866424,4.6529833e-16
6778.47929839106,4.698419e-16
6779.736573915696,4.6113914e-16
6780.993849440332,4.526332e-16
6782.251124964969,4.831372e-16
6783.508400489605,4.671997e-16
6784.765676014241,4.610697e-16
6786.022951538877,4.650397e-16
6787.280227063513,4.5959976e-16
6788.537502588149,4.381949e-16
6789.794778112786,4.5748874e-16
6791.052053637422,4.5306887e-16
6792.309329162058,4.215604e-16
6793.5666046866945,4.1851834e-16
6794.82388021133,3.8599948e-16
6796.081155735967,3.730241e-16
6797.338431260603,4.0670435e-16
6798.59570678524,4.287958e-16
6799.852982309875,4.4141656e-16
6801.110257834512,4.5591437e-16
6802.367533359147,4.5023814e-16
6803.624808883784,4.7300617e-16
6804.88208440842,4.6737293e-16
6806.139359933057,4.810507e-16
6807.396635457692,4.675891e-16
6808.653910982329,4.6309954e-16
6809.911186506964,4.7152275e-16
6811.168462031601,4.854302e-16
6812.425737556237,4.765093e-16
6813.683013080874,4.760358e-16
6814.9402886055095,4.9575266e-16
6816.197564130146,4.722418e-16
6817.4548396547825,4.4802045e-16
6818.712115179418,4.3151495e-16
6819.969390704055,4.3606222e-16
6821.226666228691,4.349768e-16
6822.483941753327,4.0665755e-16
6823.741217277963,4.0456035e-16
6824.9984928026,4.110246e-16
6826.255768327235,4.482236e-16
6827.513043851872,4.635115e-16
6828.770319376508,4.601237e-16
6830.027594901144,4.6232604e-16
6831.28487042578,4.6414785e-16
6832.542145950417,4.7637376e-16
6833.799421475052,4.716193e-16
6835.056696999689,4.5221665e-16
6836.313972524325,4.536136e-16
6837.571248048962,4.680772e-16
6838.8285235735975,4.566344e-16
6840.085799098234,4.488217e-16
6841.34307462287,4.5993307e-16
6842.600350147506,4.631033e-16
6843.857625672143,4.5909175e-16
6845.114901196779,4.2615736e-16
6846.372176721415,4.3735456e-16
6847.629452246051,4.0557804e-16
6848.886727770687,4.511004e-16
6850.144003295323,4.7739227e-16
6851.40127881996,4.6873623e-16
6852.658554344596,4.1013616e-16
6853.915829869232,4.2363326e-16
6855.173105393868,4.0452973e-16
6856.430380918504,4.4847414e-16
6857.68765644314,4.3926499e-16
6858.944931967777,3.8718247e-16
6860.202207492413,3.6295754e-16
6861.459483017049,3.3716281e-16
6862.7167585416855,3.6574157e-16
6863.974034066321,3.6547616e-16
6865.231309590958,3.4483823e-16
6866.488585115594,3.2805925e-16
6867.745860640231,3.0634177e-16
6869.003136164866,3.0703631e-16
6870.260411689503,2.8505893e-16
6871.517687214138,3.0445787e-16
6872.774962738775,3.2396178e-16
6874.032238263411,3.4252456e-16
6875.289513788048,3.564737e-16
6876.546789312683,3.4327297e-16
6877.80406483732,3.19095e-16
6879.061340361955,3.318197e-16
6880.318615886592,3.5652027e-16
6881.575891411228,3.4747785e-16
6882.833166935865,3.394617e-16
6884.0904424605005,3.598119e-16
6885.347717985137,3.5112128e-16
6886.6049935097735,3.346178e-16
6887.862269034409,3.4029205e-16
6889.119544559046,3.4208434e-16
6890.376820083682,3.3454355e-16
6891.634095608318,3.3747757e-16
6892.891371132954,3.5860537e-16
6894.148646657591,3.7432797e-16
6895.405922182226,3.4529364e-16
6896.663197706863,3.5056608e-16
6897.920473231499,3.3189925e-16
6899.177748756135,3.4695084e-16
6900.435024280771,3.6272902e-16
6901.692299805408,3.7167623e-16
6902.949575330043,3.574321e-16
6904.20685085468,3.7585846e-16
6905.464126379316,3.9117938e-16
6906.721401903953,3.694857e-16
6907.9786774285885,3.7454788e-16
6909.235952953225,3.660771e-16
6910.493228477861,3.6717849e-16
6911.750504002497,3.6927473e-16
6913.007779527134,4.0125277e-16
6914.26505505177,3.9532902e-16
6915.522330576406,4.0355267e-16
6916.779606101042,3.9854565e-16
6918.036881625678,3.7396293e-16
6919.294157150314,3.7532832e-16
6920.551432674951,3.8166238e-16
6921.808708199587,3.7592913e-16
6923.065983724223,3.4833603e-16
6924.323259248859,3.5242055e-16
6925.580534773495,3.603038e-16
6926.837810298131,3.6093307e-16
6928.095085822768,3.5337765e-16
6929.352361347404,3.7584758e-16
6930.60963687204,3.9603695e-16
6931.8669123966765,3.7279733e-16
6933.124187921312,4.026533e-16
6934.381463445949,4.1974847e-16
6935.638738970585,3.6993695e-16
6936.896014495222,3.8407735e-16
6938.153290019857,4.1061447e-16
6939.410565544494,4.0727856e-16
6940.667841069129,3.9014451e-16
6941.925116593766,4.0174185e-16
6943.182392118402,4.1671461e-16
6944.439667643039,3.844369e-16
6945.696943167674,3.7204313e-16
6946.954218692311,4.0092624e-16
6948.211494216946,4.126479e-16
6949.468769741583,4.022456e-16
6950.726045266219,3.9920022e-16
6951.983320790856,4.1774574e-16
6953.2405963154915,4.334008e-16
6954.497871840128,4.2198562e-16
6955.755147364764,4.277736e-16
6957.0124228894,4.3155198e-16
6958.269698414037,4.227551e-16
6959.526973938673,3.9775034e-16
6960.784249463309,3.9616975e-16
6962.041524987945,4.1640254e-16
6963.298800512582,3.9853498e-16
6964.556076037217,3.8873937e-16
6965.813351561854,3.7637062e-16
6967.07062708649,3.8081095e-16
6968.327902611127,4.071641e-16
6969.585178135762,4.2397287e-16
6970.842453660398,4.31353e-16
6972.099729185034,4.166938e-16
6973.357004709671,4.0082605e-16
6974.614280234307,4.140584e-16
6975.871555758944,4.2907732e-16
6977.1288312835795,4.470851e-16
6978.386106808215,4.4565257e-16
6979.643382332852,4.331466e-16
6980.900657857488,4.28913e-16
6982.157933382125,4.1831005e-16
6983.415208906761,4.1490307e-16
6984.672484431397,4.1377147e-16
6985.929759956033,4.3201256e-16
6987.187035480669,4.2494304e-16
6988.444311005305,4.0409594e-16
6989.701586529942,4.1171537e-16
6990.958862054578,4.082392e-16
6992.216137579214,4.2195979e-16
6993.47341310385,4.4374171e-16
6994.730688628486,4.530424e-16
6995.987964153122,4.4001548e-16
6997.245239677759,4.217259e-16
6998.502515202395,4.2332756e-16
6999.759790727031,4.3199607e-16
7001.0170662516675,4.4942324e-16
7002.274341776303,4.7233824e-16
7003.53161730094,4.5461624e-16
7004.788892825576,4.3623682e-16
7006.046168350213,4.1569314e-16
7007.303443874848,4.1263602e-16
7008.560719399485,4.2645602e-16
7009.81799492412,4.2367717e-16
7011.075270448757,4.2997036e-16
7012.332545973393,4.524876e-16
7013.58982149803,4.4215046e-16
7014.847097022665,4.3874591e-16
7016.104372547302,4.238501e-16
7017.361648071937,3.9483716e-16
7018.618923596574,4.239286e-16
7019.87619912121,4.2898452e-16
7021.133474645847,3.996007e-16
7022.390750170483,4.054049e-16
7023.648025695119,4.0577262e-16
7024.905301219755,4.0590091e-16
7026.162576744391,4.328913e-16
7027.419852269028,4.1920126e-16
7028.677127793664,4.0702466e-16
7029.934403318301,4.4271458e-16
7031.191678842936,4.240527e-16
7032.448954367572,3.6883904e-16
7033.706229892208,3.8439792e-16
7034.963505416845,3.873481e-16
7036.220780941481,3.8369565e-16
7037.478056466118,4.0658876e-16
7038.735331990753,4.0615007e-16
7039.992607515389,3.9510077e-16
7041.249883040025,3.8182178e-16
7042.507158564662,3.7851417e-16
7043.764434089298,3.7101012e-16
7045.021709613935,3.7791307e-16
7046.2789851385705,3.858509e-16
7047.536260663206,3.7531373e-16
7048.793536187843,3.7723414e-16
7050.050811712479,3.810149e-16
7051.308087237116,3.4808292e-16
7052.565362761752,3.4889816e-16
7053.822638286388,3.7002925e-16
7055.079913811024,3.6658498e-16
7056.33718933566,3.6990816e-16
7057.594464860296,3.5341587e-16
7058.851740384933,3.5816592e-16
7060.109015909569,3.732604e-16
7061.366291434205,3.888052e-16
7062.623566958841,3.6847138e-16
7063.880842483477,3.576823e-16
7065.138118008113,3.6530723e-16
7066.39539353275,3.5296151e-16
7067.652669057386,3.768582e-16
7068.909944582022,3.8922935e-16
7070.1672201066585,3.9353265e-16
7071.424495631294,3.942677e-16
7072.681771155931,3.6713984e-16
7073.939046680567,3.5133113e-16
7075.196322205204,3.62164e-16
7076.453597729839,3.5449051e-16
7077.710873254476,3.45762e-16
7078.968148779111,3.6542169e-16
7080.225424303748,3.618868e-16
7081.482699828384,3.4526866e-16
7082.739975353021,3.6402384e-16
7083.997250877656,3.605174e-16
7085.254526402293,3.4726154e-16
7086.5118019269285,3.44729e-16
7087.769077451565,3.429175e-16
7089.026352976201,3.3670338e-16
7090.283628500838,3.3782173e-16
7091.540904025474,3.239612e-16
7092.79817955011,3.5681498e-16
7094.055455074746,3.5717754e-16
7095.312730599382,3.45042e-16
7096.570006124019,3.422453e-16
7097.827281648655,3.7029996e-16
7099.084557173292,3.4483026e-16
7100.341832697927,3.5782687e-16
7101.599108222563,3.6790108e-16
7102.856383747199,3.5721163e-16
7104.113659271836,3.542408e-16
7105.370934796472,3.476647e-16
7106.628210321109,3.5066825e-16
7107.885485845744,3.534816e-16
7109.14276137038,3.490579e-16
7110.4000368950165,3.5469507e-16
7111.657312419653,3.6042282e-16
7112.914587944289,3.566825e-16
7114.171863468926,3.4529597e-16
7115.4291389935615,3.6365022e-16
7116.686414518197,3.4896196e-16
7117.943690042834,3.3664544e-16
7119.20096556747,3.472811e-16
7120.458241092107,3.4350016e-16
7121.715516616743,3.6178982e-16
7122.972792141379,3.6231623e-16
7124.230067666015,3.6631753e-16
7125.487343190651,3.654031e-16
7126.744618715287,3.776186e-16
7128.001894239924,3.779369e-16
7129.25916976456,3.6857662e-16
7130.516445289196,3.7262102e-16
7131.773720813832,3.6801623e-16
7133.030996338468,3.7132109e-16
7134.2882718631045,3.60009e-16
7135.545547387741,3.6122877e-16
7136.802822912377,3.798869e-16
7138.060098437013,3.6785905e-16
7139.3173739616495,3.681916e-16
7140.574649486285,3.749101e-16
7141.831925010922,3.7833979e-16
7143.089200535558,3.8212073e-16
7144.346476060195,3.9278045e-16
7145.60375158483,4.1270577e-16
7146.861027109467,4.0889573e-16
7148.118302634102,4.0289832e-16
7149.375578158739,3.9899236e-16
7150.632853683375,3.702754e-16
7151.890129208012,3.6717142e-16
7153.147404732647,3.85124e-16
7154.404680257284,4.0386012e-16
7155.6619557819195,4.081263e-16
7156.919231306556,3.8511766e-16
7158.1765068311925,3.8235663e-16
7159.433782355829,3.9647177e-16
7160.691057880465,3.7951335e-16
7161.948333405101,3.7792233e-16
7163.205608929737,4.0865247e-16
7164.462884454373,3.915646e-16
7165.72015997901,3.8906706e-16
7166.977435503646,3.996447e-16
7168.234711028283,3.9323025e-16
7169.491986552918,4.027943e-16
7170.749262077554,4.064359e-16
7172.00653760219,4.0546776e-16
7173.263813126827,4.141301e-16
7174.521088651463,4.0559604e-16
7175.7783641761,3.9345636e-16
7177.035639700735,4.0763254e-16
7178.292915225371,4.1705179e-16
7179.5501907500075,4.0531834e-16
7180.807466274644,3.938503e-16
7182.0647417992805,3.9029274e-16
7183.322017323917,3.8429623e-16
7184.5792928485525,3.9110351e-16
7185.836568373188,3.8101617e-16
7187.093843897825,3.639571e-16
7188.351119422461,3.7757973e-16
7189.608394947098,4.0031126e-16
7190.865670471734,4.1516476e-16
7192.12294599637,3.8193547e-16
7193.380221521005,4.0149245e-16
7194.637497045642,4.1812183e-16
7195.894772570278,4.0059232e-16
7197.152048094915,4.022007e-16
7198.409323619551,3.9531237e-16
7199.666599144187,3.9333322e-16
7200.923874668823,3.939676e-16
7202.181150193459,3.9966297e-16
7203.4384257180955,3.752881e-16
7204.695701242732,3.8610255e-16
7205.952976767368,4.0893673e-16
7207.210252292004,3.8273832e-16
7208.4675278166405,4.00044e-16
7209.724803341276,4.2445676e-16
7210.982078865913,4.1502447e-16
7212.239354390549,4.332309e-16
7213.496629915186,4.4251857e-16
7214.753905439821,4.30983e-16
7216.011180964458,3.9355824e-16
7217.268456489093,3.8249562e-16
7218.52573201373,3.883929e-16
7219.783007538366,3.5513092e-16
7221.040283063003,3.7255966e-16
7222.297558587638,3.7500838e-16
7223.554834112275,4.555026e-16
7224.8121096369105,4.711404e-16
7226.069385161547,4.7072495e-16
7227.3266606861835,4.81918e-16
7228.58393621082,4.6881357e-16
7229.841211735456,4.669668e-16
7231.098487260092,4.829038e-16
7232.355762784728,4.7047466e-16
7233.613038309364,4.6534084e-16
7234.870313834001,4.82418e-16
7236.127589358637,4.779642e-16
7237.384864883274,4.864537e-16
7238.642140407909,4.7269616e-16
7239.899415932545,4.815112e-16
7241.156691457181,4.905584e-16
7242.413966981818,4.8121657e-16
7243.671242506454,5.237254e-16
7244.928518031091,5.1742813e-16
7246.185793555726,5.0228276e-16
7247.443069080362,5.0607683e-16
7248.7003446049985,4.8186307e-16
7249.957620129635,4.8459893e-16
7251.2148956542715,4.789053e-16
7252.472171178908,4.8911886e-16
7253.7294467035435,5.0821484e-16
7254.986722228179,4.961085e-16
7256.243997752816,4.566524e-16
7257.501273277452,4.867437e-16
7258.758548802089,4.6925525e-16
7260.015824326725,3.8984988e-16
7261.273099851361,3.8113312e-16
7262.530375375996,3.1678775e-16
7263.787650900633,3.830023e-16
7265.044926425269,4.096214e-16
7266.302201949906,4.2929054e-16
7267.559477474542,4.7418715e-16
7268.816752999178,4.4258493e-16
7270.074028523814,3.9462185e-16
7271.33130404845,3.242662e-16
7272.5885795730865,3.4702884e-16
7273.845855097723,2.978044e-16
7275.1031306223595,3.5590138e-16
7276.360406146995,3.2283372e-16
7277.6176816716315,3.8536497e-16
7278.874957196267,3.5200106e-16
7280.132232720904,4.525979e-16
7281.38950824554,3.911118e-16
7282.646783770177,4.293657e-16
7283.904059294812,5.012217e-16
7285.161334819449,3.758255e-16
7286.418610344084,3.1216317e-16
7287.675885868721,3.2803143e-16
7288.933161393357,3.3173675e-16
7290.190436917994,3.208012e-16
7291.447712442629,3.3652413e-16
7292.704987967266,3.6015936e-16
7293.9622634919015,3.4141532e-16
7295.219539016538,3.2848806e-16
7296.4768145411745,3.1704036e-16
7297.734090065811,2.951797e-16
7298.991365590447,3.2922045e-16
7300.248641115083,3.7702752e-16
7301.505916639719,3.4312103e-16
7302.763192164355,3.4087912e-16
7304.020467688992,3.8381842e-16
7305.277743213628,3.6896348e-16
7306.535018738265,4.3252877e-16
7307.7922942629,3.862921e-16
7309.049569787536,3.578883e-16
7310.306845312172,3.9300473e-16
7311.564120836809,3.9920803e-16
7312.821396361445,3.8970247e-16
7314.078671886082,3.382243e-16
7315.335947410717,3.793274e-16
7316.593222935353,3.7485472e-16
7317.8504984599895,3.4269095e-16
7319.107773984626,3.935903e-16
7320.3650495092625,4.2652603e-16
7321.622325033899,3.8929213e-16
7322.879600558535,3.7348462e-16
7324.13687608317,3.6423518e-16
7325.394151607807,3.5689066e-16
7326.651427132443,4.0657235e-16
7327.90870265708,4.1602423e-16
7329.165978181716,3.674255e-16
7330.423253706352,3.8036809e-16
7331.680529230987,3.7223331e-16
7332.937804755624,3.7126354e-16
7334.19508028026,3.5848245e-16
7335.452355804897,3.8222126e-16
7336.709631329533,4.0146365e-16
7337.966906854169,3.9492607e-16
7339.224182378805,4.113406e-16
7340.481457903441,4.0454648e-16
7341.7387334280775,4.212916e-16
7342.996008952714,4.269612e-16
7344.2532844773505,3.7039388e-16
7345.510560001986,3.5442572e-16
7346.767835526623,3.6310749e-16
7348.025111051258,3.834433e-16
7349.282386575895,3.8930246e-16
7350.539662100531,3.5437603e-16
7351.796937625168,3.6439649e-16
7353.054213149803,3.9390568e-16
7354.31148867444,4.1113386e-16
7355.568764199075,3.7839662e-16
7356.826039723712,3.902871e-16
7358.083315248348,4.3487272e-16
7359.340590772985,3.8278824e-16
7360.59786629762,3.7287002e-16
7361.855141822257,3.9718955e-16
7363.1124173468925,3.8169602e-16
7364.369692871529,3.9568186e-16
7365.6269683961655,4.136309e-16
7366.884243920802,4.1188015e-16
7368.141519445438,3.9851984e-16
7369.398794970074,3.837773e-16
7370.65607049471,3.707642e-16
7371.913346019346,3.62707e-16
7373.170621543983,3.6964947e-16
7374.427897068619,3.9633082e-16
7375.685172593256,3.910973e-16
7376.942448117891,3.8762276e-16
7378.199723642527,3.8370863e-16
7379.456999167163,3.759552e-16
7380.7142746918,3.8882095e-16
7381.971550216436,3.7948654e-16
7383.228825741073,3.8620512e-16
7384.486101265708,3.965387e-16
7385.743376790344,3.826748e-16
7387.0006523149805,4.0217834e-16
7388.257927839617,3.8004193e-16
7389.5152033642535,3.7170034e-16
7390.77247888889,3.8757533e-16
7392.029754413526,3.843157e-16
7393.287029938161,3.9239585e-16
7394.544305462798,4.0774514e-16
7395.801580987434,3.9038068e-16
7397.058856512071,4.1589633e-16
7398.316132036707,4.0724754e-16
7399.573407561343,4.156331e-16
7400.830683085978,3.8642723e-16
7402.087958610615,3.8097522e-16
7403.345234135251,3.9767903e-16
7404.602509659888,4.0519107e-16
7405.859785184524,4.455239e-16
7407.11706070916,4.3717263e-16
7408.374336233796,3.8971607e-16
7409.631611758432,3.575013e-16
7410.8888872830685,3.617796e-16
7412.146162807705,3.8586848e-16
7413.4034383323415,3.6630832e-16
7414.660713856977,3.7154256e-16
7415.917989381614,3.9059127e-16
7417.175264906249,3.7565032e-16
7418.432540430886,4.1852615e-16
7419.689815955522,4.6328377e-16
7420.947091480159,4.3878895e-16
7422.204367004794,4.1007403e-16
7423.461642529431,3.7442734e-16
7424.718918054066,3.6640676e-16
7425.976193578703,3.8614477e-16
7427.233469103339,3.851279e-16
7428.490744627976,3.6378276e-16
7429.748020152611,3.7364016e-16
7431.005295677248,3.6216813e-16
7432.2625712018835,3.7950583e-16
7433.51984672652,3.731026e-16
7434.7771222511565,3.9217718e-16
7436.034397775793,3.9716642e-16
7437.291673300429,3.8309945e-16
7438.548948825065,3.5969664e-16
7439.806224349701,3.7412754e-16
7441.063499874337,3.7607363e-16
7442.320775398974,4.248503e-16
7443.57805092361,4.228439e-16
7444.835326448247,3.686574e-16
7446.092601972882,3.6860955e-16
7447.349877497518,4.158282e-16
7448.607153022154,3.805492e-16
7449.864428546791,3.5439544e-16
7451.121704071427,3.2821598e-16
7452.378979596064,3.4533007e-16
7453.636255120699,3.7589824e-16
7454.893530645335,2.9256756e-16
7456.1508061699715,3.6463027e-16
7457.408081694608,3.8860037e-16
7458.6653572192445,3.7591158e-16
7459.922632743881,4.3024634e-16
7461.179908268517,3.5362794e-16
7462.437183793152,3.418663e-16
7463.694459317789,3.6545462e-16
7464.951734842425,3.0138772e-16
7466.209010367062,3.0456237e-16
7467.466285891698,4.1038198e-16
7468.723561416334,3.1473762e-16
7469.980836940969,2.6394259e-16
7471.238112465606,2.8848984e-16
7472.495387990242,4.1362374e-16
7473.752663514879,3.4040002e-16
7475.009939039515,2.7255217e-16
7476.267214564151,2.9005463e-16
7477.524490088787,2.6931516e-16
7478.781765613423,3.670535e-16
7480.0390411380595,3.993059e-16
7481.296316662696,3.521424e-16
7482.5535921873325,3.279866e-16
7483.810867711968,2.7840933e-16
7485.068143236605,3.1225298e-16
7486.32541876124,3.5786017e-16
7487.582694285877,3.646725e-16
7488.839969810513,3.6000277e-16
7490.09724533515,3.6318197e-16
7491.354520859785,3.731412e-16
7492.611796384422,3.723566e-16
7493.869071909057,3.3664647e-16
7495.126347433694,3.4925633e-16
7496.38362295833,3.3933818e-16
7497.640898482967,3.3594835e-16
7498.898174007602,3.5683203e-16
7500.155449532239,3.5821555e-16
7501.4127250568745,3.7549333e-16
7502.670000581511,3.5464555e-16
7503.9272761061475,4.1201697e-16
7505.184551630784,4.3573328e-16
7506.44182715542,4.2785606e-16
7507.699102680056,4.219122e-16
7508.956378204692,3.7922687e-16
7510.213653729328,3.5249562e-16
7511.470929253965,3.5137492e-16
7512.728204778601,3.5222785e-16
7513.985480303238,3.7225867e-16
7515.242755827873,4.052771e-16
7516.500031352509,4.1003875e-16
7517.757306877145,3.7471613e-16
7519.014582401782,3.7017473e-16
7520.271857926418,3.6218912e-16
7521.529133451055,3.6999683e-16
7522.78640897569,3.5013184e-16
7524.043684500326,3.369396e-16
7525.3009600249625,3.5521534e-16
7526.558235549599,3.6914307e-16
7527.8155110742355,3.5867102e-16
7529.072786598872,3.7674474e-16
7530.330062123508,3.6366568e-16
7531.587337648143,3.4822213e-16
7532.84461317278,3.4540542e-16
7534.101888697416,3.3391227e-16
7535.359164222053,3.441921e-16
7536.616439746689,3.4559672e-16
7537.873715271325,3.3832905e-16
7539.13099079596,3.7968202e-16
7540.388266320597,3.9313398e-16
7541.645541845233,3.4164447e-16
7542.90281736987,3.5855326e-16
7544.160092894506,3.9657516e-16
7545.417368419142,3.6291132e-16
7546.6746439437775,3.5819859e-16
7547.931919468414,3.2986298e-16
7549.1891949930505,3.3660962e-16
7550.446470517687,3.2830092e-16
7551.7037460423235,3.4141338e-16
7552.961021566959,3.4705277e-16
7554.218297091596,3.9136114e-16
7555.475572616231,3.5039855e-16
7556.732848140868,3.4790724e-16
7557.990123665504,3.4382116e-16
7559.247399190141,3.484415e-16
7560.504674714776,4.0193693e-16
7561.761950239413,3.8164787e-16
7563.019225764048,3.5984363e-16
7564.276501288685,3.7121335e-16
7565.533776813321,3.7095331e-16
7566.791052337958,3.8520975e-16
7568.048327862593,3.847953e-16
7569.30560338723,3.6619685e-16
7570.5628789118655,3.6247944e-16
7571.820154436502,3.6260353e-16
7573.0774299611385,3.6238322e-16
7574.334705485775,3.4430582e-16
7575.591981010411,3.7184913e-16
7576.849256535047,3.5482565e-16
7578.106532059683,3.4498103e-16
7579.363807584319,3.8633866e-16
7580.621083108956,3.4964946e-16
7581.878358633592,3.2890046e-16
7583.135634158229,3.4798573e-16
7584.392909682864,3.793013e-16
7585.6501852075,3.438215e-16
7586.907460732136,3.0997e-16
7588.164736256773,2.9286402e-16
7589.422011781409,2.8533692e-16
7590.679287306046,2.708993e-16
7591.936562830681,2.4477908e-16
7593.193838355317,2.1763601e-16
7594.4511138799535,1.8679791e-16
7595.70838940459,1.8044062e-16
7596.9656649292265,1.7337773e-16
7598.222940453863,1.5043704e-16
7599.480215978499,1.4985602e-16
7600.737491503134,1.4412686e-16
7601.994767027771,1.4506698e-16
7603.252042552407,1.6640484e-16
7604.509318077044,1.7332293e-16
7605.76659360168,1.6077257e-16
7607.023869126316,1.8283414e-16
7608.281144650951,1.9101318e-16
7609.538420175588,2.0402381e-16
7610.795695700224,2.2734274e-16
7612.052971224861,2.1211529e-16
7613.310246749497,2.0650261e-16
7614.567522274133,1.8570325e-16
7615.8247977987685,1.6545832e-16
7617.082073323405,1.9390753e-16
7618.3393488480415,2.1509702e-16
7619.596624372678,2.120669e-16
7620.8538998973145,1.951272e-16
7622.11117542195,1.9574753e-16
7623.368450946587,2.2936006e-16
7624.625726471222,2.021742e-16
7625.883001995859,1.9376838e-16
7627.140277520495,1.9174858e-16
7628.397553045132,2.038282e-16
7629.654828569767,2.0767815e-16
7630.912104094404,2.2056623e-16
7632.169379619039,1.9618837e-16
7633.426655143676,1.9738795e-16
7634.683930668312,1.8228545e-16
7635.941206192949,2.2436508e-16
7637.198481717584,2.1302022e-16
7638.455757242221,1.740386e-16
7639.7130327668565,1.9398272e-16
7640.970308291493,1.9014845e-16
7642.2275838161295,2.0209183e-16
7643.484859340766,2.23556e-16
7644.742134865402,1.9177543e-16
7645.999410390038,2.0121239e-16
7647.256685914674,2.0251077e-16
7648.51396143931,2.2266289e-16
7649.771236963947,2.2516987e-16
7651.028512488583,2.3664552e-16
7652.285788013219,2.6819398e-16
7653.543063537855,2.2500935e-16
7654.800339062491,2.3190468e-16
7656.057614587127,2.3853157e-16
7657.314890111764,2.3344779e-16
7658.5721656364,2.4396322e-16
7659.829441161037,2.3816655e-16
7661.086716685672,2.765115e-16
7662.343992210308,2.8003576e-16
7663.6012677349445,2.304427e-16
7664.858543259581,2.350317e-16
7666.1158187842175,2.4585597e-16
7667.373094308854,2.7453362e-16
7668.63036983349,3.1306412e-16
7669.887645358125,2.958737e-16
7671.144920882762,2.9171846e-16
7672.402196407398,2.6492663e-16
7673.659471932035,2.4570184e-16
7674.916747456671,2.8460956e-16
7676.174022981307,2.8824634e-16
7677.431298505942,2.7477087e-16
7678.688574030579,2.9604516e-16
7679.945849555215,3.1334298e-16
7681.203125079852,3.404695e-16
7682.460400604488,3.8521346e-16
7683.717676129124,3.9423722e-16
7684.9749516537595,3.7321825e-16
7686.232227178396,3.7841012e-16
7687.4895027030325,4.0392775e-16
7688.746778227669,4.0407985e-16
7690.0040537523055,3.9768856e-16
7691.261329276941,3.991766e-16
7692.518604801578,3.616096e-16
7693.775880326213,3.8782078e-16
7695.03315585085,3.9415646e-16
7696.290431375486,4.3863863e-16
7697.547706900123,4.0907853e-16
7698.804982424758,3.8621687e-16
7700.062257949395,3.9424466e-16
7701.31953347403,3.8334885e-16
7702.576808998667,3.915558e-16
7703.834084523303,4.0632353e-16
7705.09136004794,3.837192e-16
7706.348635572575,3.9181243e-16
7707.605911097212,4.095187e-16
7708.8631866218475,3.754188e-16
7710.120462146484,3.760695e-16
7711.3777376711205,3.9695611e-16
7712.635013195757,3.7518152e-16
7713.892288720393,3.6736888e-16
7715.149564245029,3.8617352e-16
7716.406839769665,4.2938072e-16
7717.664115294301,4.2213303e-16
7718.921390818938,4.0120155e-16
7720.178666343574,3.8857017e-16
7721.43594186821,3.7582045e-16
7722.693217392846,3.900833e-16
7723.950492917482,3.8911283e-16
7725.207768442118,3.7779154e-16
7726.465043966755,3.6770555e-16
7727.722319491391,3.5783659e-16
7728.979595016028,3.743141e-16
7730.236870540663,3.8514554e-16
7731.494146065299,3.6953046e-16
7732.7514215899355,3.7331786e-16
7734.008697114572,3.7263896e-16
7735.2659726392085,3.6932942e-16
7736.523248163845,3.9502305e-16
7737.780523688481,3.6507033e-16
7739.037799213116,3.5609845e-16
7740.295074737753,3.7554016e-16
7741.552350262389,3.8271175e-16
7742.809625787026,3.8766009e-16
7744.066901311662,3.8202107e-16
7745.324176836298,3.6548384e-16
7746.581452360933,3.7507124e-16
7747.83872788557,3.7505306e-16
7749.096003410206,3.548016e-16
7750.353278934843,3.5995637e-16
7751.610554459479,3.6585846e-16
7752.867829984115,3.5816635e-16
7754.1251055087505,3.2184033e-16
7755.382381033387,2.9622222e-16
7756.6396565580235,3.337735e-16
7757.89693208266,3.2759587e-16
7759.1542076072965,3.251108e-16
7760.411483131932,3.2744573e-16
7761.668758656569,3.4258017e-16
7762.926034181204,3.5741318e-16
7764.183309705841,3.633176e-16
7765.440585230477,3.783101e-16
7766.697860755114,3.646503e-16
7767.955136279749,3.621149e-16
7769.212411804386,3.885623e-16
7770.469687329021,3.8130694e-16
7771.726962853658,3.8283576e-16
7772.984238378294,3.8942406e-16
7774.241513902931,3.863532e-16
7775.498789427566,3.7123413e-16
7776.756064952203,3.7151715e-16
7778.0133404768385,3.8484084e-16
7779.270616001475,3.1190747e-16
7780.5278915261115,3.674156e-16
7781.785167050748,3.2512703e-16
7783.042442575384,2.9111808e-16
7784.29971810002,3.345822e-16
7785.556993624656,3.6575706e-16
7786.814269149292,3.2326433e-16
7788.071544673929,3.0299737e-16
7789.328820198565,3.4734746e-16
7790.586095723201,3.010581e-16
7791.843371247837,2.3665404e-16
7793.100646772473,2.1654977e-16
7794.357922297109,2.2592417e-16
7795.615197821746,2.2362895e-16
7796.872473346382,2.3372948e-16
7798.129748871019,3.1236055e-16
7799.387024395654,3.1563767e-16
7800.64429992029,3.4170323e-16
7801.9015754449265,3.7883734e-16
7803.158850969563,3.4123826e-16
7804.4161264941995,2.7957876e-16
7805.673402018836,2.8617403e-16
7806.930677543472,3.0269808e-16
7808.187953068107,2.7961765e-16
7809.445228592744,2.788286e-16
7810.70250411738,3.040739e-16
7811.959779642017,3.443514e-16
7813.217055166653,2.9978717e-16
7814.474330691289,3.558233e-16
7815.731606215924,3.4576928e-16
7816.988881740561,3.5635097e-16
7818.246157265197,3.331964e-16
7819.503432789834,3.2769645e-16
7820.76070831447,3.4835082e-16
7822.017983839106,3.8536185e-16
7823.2752593637415,3.746791e-16
7824.532534888378,3.6127776e-16
7825.7898104130145,3.7196163e-16
7827.047085937651,3.3946555e-16
7828.3043614622875,3.4051984e-16
7829.561636986923,3.5888355e-16
7830.81891251156,3.4423485e-16
7832.076188036195,3.4724656e-16
7833.333463560832,3.5495543e-16
7834.590739085468,3.5643268e-16
7835.848014610105,3.5458345e-16
7837.10529013474,3.4791148e-16
7838.362565659377,3.6045826e-16
7839.619841184012,3.132817e-16
7840.877116708649,3.1119588e-16
7842.134392233285,3.509981e-16
7843.391667757922,3.5890935e-16
7844.648943282557,3.6522954e-16
7845.906218807194,3.4031544e-16
7847.1634943318295,3.453542e-16
7848.420769856466,3.751921e-16
7849.6780453811025,3.5496602e-16
7850.935320905739,3.590327e-16
7852.192596430375,3.6191058e-16
7853.449871955011,3.6901623e-16
7854.707147479647,3.6017673e-16
7855.964423004283,3.3967816e-16
7857.22169852892,3.3770529e-16
7858.478974053556,3.6966635e-16
7859.736249578192,3.8016284e-16
7860.993525102828,3.4973027e-16
7862.250800627464,3.3148028e-16
7863.5080761521,3.311495e-16
7864.765351676737,3.345897e-16
7866.022627201373,3.4703398e-16
7867.27990272601,3.3349042e-16
7868.537178250645,3.0723126e-16
7869.794453775281,2.8045565e-16
7871.0517292999175,3.2552328e-16
7872.309004824554,3.5484119e-16
7873.5662803491905,3.5715046e-16
7874.823555873827,3.500108e-16
7876.080831398463,3.307856e-16
7877.338106923098,3.118579e-16
7878.595382447735,3.3380102e-16
7879.852657972371,3.6050919e-16
7881.109933497008,3.4283682e-16
7882.367209021644,3.5008618e-16
7883.62448454628,3.5702285e-16
7884.881760070915,3.514781e-16
7886.139035595552,3.252985e-16
7887.396311120188,3.3188056e-16
7888.653586644825,3.54933e-16
7889.910862169461,3.3230982e-16
7891.168137694097,3.2244427e-16
7892.4254132187325,3.3302111e-16
7893.682688743369,3.3209883e-16
7894.9399642680055,3.2770514e-16
7896.197239792642,3.2370738e-16
7897.4545153172785,3.2345345e-16
7898.711790841914,3.2962496e-16
7899.969066366551,3.1672547e-16
7901.226341891186,3.0737537e-16
7902.483617415823,3.341251e-16
7903.740892940459,3.4055537e-16
7904.998168465096,3.5602356e-16
7906.255443989731,3.2529506e-16
7907.512719514368,3.1831855e-16
7908.769995039003,3.228556e-16
7910.02727056364,3.1766666e-16
7911.284546088276,3.275035e-16
7912.541821612913,3.3084985e-16
7913.799097137548,3.2324178e-16
7915.056372662185,3.2655217e-16
7916.3136481868205,3.2518172e-16
7917.570923711457,3.332414e-16
7918.8281992360935,3.2668187e-16
7920.08547476073,3.2608603e-16
7921.342750285366,3.3075358e-16
7922.600025810002,3.383978e-16
7923.857301334638,3.3941693e-16
7925.114576859274,3.4082528e-16
7926.371852383911,3.439376e-16
7927.629127908547,3.4267242e-16
7928.886403433183,3.376151e-16
7930.143678957819,3.3204846e-16
7931.400954482455,3.3711935e-16
7932.658230007091,3.420965e-16
7933.915505531728,3.254166e-16
7935.172781056364,3.3173812e-16
7936.430056581001,3.0352735e-16
7937.687332105636,3.253688e-16
7938.944607630272,3.3461645e-16
7940.2018831549085,2.8370394e-16
7941.459158679545,2.9414482e-16
7942.7164342041815,3.3345167e-16
7943.973709728818,3.2199007e-16
7945.230985253454,3.0536896e-16
7946.488260778089,3.1786108e-16
7947.745536302726,3.3444463e-16
7949.002811827362,3.3417438e-16
7950.260087351999,3.184e-16
7951.517362876635,3.2418968e-16
7952.774638401271,3.383101e-16
7954.031913925906,3.3486672e-16
7955.289189450543,3.381986e-16
7956.546464975179,3.319923e-16
7957.803740499816,3.0747412e-16
7959.061016024452,2.707366e-16
7960.318291549088,3.0078166e-16
7961.5755670737235,3.4005596e-16
7962.83284259836,3.3517703e-16
7964.0901181229965,3.4211653e-16
7965.347393647633,2.8586422e-16
7966.6046691722695,3.4253282e-16
7967.861944696905,3.5180886e-16
7969.119220221541,3.5850267e-16
7970.376495746177,3.282798e-16
7971.633771270814,3.1975817e-16
7972.89104679545,3.2778163e-16
7974.148322320087,3.4528438e-16
7975.405597844722,3.5641325e-16
7976.662873369359,3.4880316e-16
7977.920148893994,3.334918e-16
7979.177424418631,3.2125286e-16
7980.434699943267,3.213957e-16
7981.691975467904,3.1903732e-16
7982.949250992539,3.175645e-16
7984.206526517176,2.6636783e-16
7985.4638020418115,3.233348e-16
7986.721077566448,3.5569754e-16
7987.9783530910845,3.3076234e-16
7989.235628615721,3.3618968e-16
7990.492904140357,3.3650123e-16
7991.750179664993,3.2732593e-16
7993.007455189629,2.929835e-16
7994.264730714265,2.644719e-16
7995.522006238902,3.3554456e-16
7996.779281763538,3.4566388e-16
7998.036557288174,3.1675917e-16
7999.29383281281,3.1448952e-16
8000.551108337446,3.3115592e-16
8001.808383862082,3.169856e-16
8003.065659386719,3.2811034e-16
8004.322934911355,3.3878345e-16
8005.580210435992,3.2226798e-16
8006.837485960627,3.075365e-16
8008.094761485263,3.2471612e-16
8009.3520370098995,3.4307346e-16
8010.609312534536,3.275232e-16
8011.8665880591725,3.3178423e-16
8013.123863583809,3.4213884e-16
8014.381139108445,3.312155e-16
8015.63841463308,3.2715798e-16
8016.895690157717,3.2605017e-16
8018.152965682353,3.1907726e-16
8019.41024120699,3.2478994e-16
8020.667516731626,3.166418e-16
8021.924792256262,3.1065513e-16
8023.182067780897,3.0823608e-16
8024.439343305534,3.0501431e-16
8025.69661883017,3.3815628e-16
8026.953894354807,3.4758794e-16
8028.211169879443,3.3171928e-16
8029.468445404079,3.229969e-16
8030.7257209287145,2.9856487e-16
8031.982996453351,3.213083e-16
8033.2402719779875,3.3114412e-16
8034.497547502624,3.1225803e-16
8035.7548230272605,3.0520347e-16
8037.012098551896,3.1497558e-16
8038.269374076532,3.1110644e-16
8039.526649601168,3.091966e-16
8040.783925125805,3.2929594e-16
8042.041200650441,3.0582193e-16
8043.298476175078,2.778064e-16
8044.555751699713,3.0615005e-16
8045.81302722435,3.2081537e-16
8047.070302748985,3.116416e-16
8048.327578273622,2.6708492e-16
8049.584853798258,2.905478e-16
8050.842129322895,3.137822e-16
8052.09940484753,3.1499694e-16
8053.356680372167,3.003475e-16
8054.6139558968025,2.4912517e-16
8055.871231421439,2.6516366e-16
8057.1285069460755,2.4867617e-16
8058.385782470712,2.6555587e-16
8059.643057995348,2.576138e-16
8060.900333519984,2.5719576e-16
8062.15760904462,2.9727497e-16
8063.414884569256,3.1128223e-16
8064.672160093893,2.8952777e-16
8065.929435618529,2.5888426e-16
8067.186711143165,2.5558174e-16
8068.443986667801,2.5969014e-16
8069.701262192437,2.3600403e-16
8070.958537717073,2.455544e-16
8072.21581324171,2.3256227e-16
8073.473088766346,2.2627196e-16
8074.730364290982,2.51367e-16
8075.987639815618,2.2225268e-16
8077.244915340254,2.269258e-16
8078.5021908648905,2.4854946e-16
8079.759466389527,2.47563e-16
8081.0167419141635,2.721725e-16
8082.2740174388,3.0850642e-16
8083.531292963436,2.9616422e-16
8084.788568488071,2.8013222e-16
8086.045844012708,3.0476243e-16
8087.303119537344,2.906501e-16
8088.560395061981,2.663787e-16
8089.817670586617,2.5199532e-16
8091.074946111253,2.4263963e-16
8092.332221635888,2.6281725e-16
8093.589497160525,2.9576876e-16
8094.846772685161,2.8403283e-16
8096.104048209798,2.5740246e-16
8097.361323734434,2.558723e-16
8098.61859925907,2.4595494e-16
8099.8758747837055,2.5451559e-16
8101.133150308342,2.6849195e-16
8102.3904258329785,3.0404105e-16
8103.647701357615,3.015682e-16
8104.9049768822515,2.7861929e-16
8106.162252406887,2.6950037e-16
8107.419527931523,2.6657614e-16
8108.676803456159,2.600411e-16
8109.934078980796,2.487661e-16
8111.191354505432,2.6773547e-16
8112.448630030069,3.070497e-16
8113.705905554704,2.7165382e-16
8114.963181079341,2.5245812e-16
8116.220456603976,2.6193877e-16
8117.477732128613,2.600067e-16
8118.735007653249,2.8558558e-16
8119.992283177886,3.0928617e-16
8121.249558702521,2.6903175e-16
8122.506834227158,2.3915634e-16
8123.7641097517935,2.7853111e-16
8125.02138527643,2.8987768e-16
8126.2786608010665,2.4717335e-16
8127.535936325703,2.6384896e-16
8128.793211850339,2.96072e-16
8130.050487374975,2.5972762e-16
8131.307762899611,2.4720106e-16
8132.565038424247,2.4448682e-16
8133.822313948884,2.395781e-16
8135.07958947352,2.4598096e-16
8136.336864998156,2.5168875e-16
8137.594140522792,2.384441e-16
8138.851416047428,2.256783e-16
8140.108691572064,2.4629031e-16
8141.365967096701,2.729925e-16
8142.623242621337,2.6162855e-16
8143.880518145973,2.4847185e-16
8145.137793670609,2.4236532e-16
8146.395069195245,2.7095467e-16
8147.6523447198815,2.795154e-16
8148.909620244518,2.6982955e-16
8150.1668957691545,2.569054e-16
8151.424171293791,2.3725067e-16
8152.681446818427,2.3307496e-16
8153.938722343062,2.3284896e-16
8155.195997867699,2.2461516e-16
8156.453273392335,2.2124632e-16
8157.710548916972,2.0753562e-16
8158.967824441608,2.3430803e-16
8160.225099966244,2.2656765e-16
8161.482375490879,2.028214e-16
8162.739651015516,2.2083393e-16
8163.996926540152,2.461758e-16
8165.254202064789,2.3720295e-16
8166.511477589425,2.212409e-16
8167.768753114061,2.2038621e-16
8169.0260286386965,2.0860528e-16
8170.283304163333,2.0754416e-16
8171.5405796879695,2.384912e-16
8172.797855212606,2.3272445e-16
8174.0551307372425,2.6387718e-16
8175.312406261878,2.5612524e-16
8176.569681786514,2.2580797e-16
8177.82695731115,2.1467669e-16
8179.084232835787,1.9835644e-16
8180.341508360423,2.390946e-16
8181.59878388506,2.3849698e-16
8182.856059409695,2.0226152e-16
8184.113334934332,2.277856e-16
8185.370610458967,2.2835437e-16
8186.627885983604,1.892132e-16
8187.88516150824,1.5978742e-16
8189.142437032877,1.9776167e-16
8190.399712557512,2.0632198e-16
8191.656988082149,1.9276523e-16
8192.914263606785,2.3892804e-16
8194.171539131421,2.0025519e-16
8195.428814656058,2.310137e-16
8196.686090180694,2.1720652e-16
8197.94336570533,2.0652905e-16
8199.200641229967,2.2957433e-16
8200.457916754602,2.0651772e-16
8201.715192279238,1.7682116e-16
8202.972467803875,2.0950312e-16
8204.229743328511,2.4065874e-16
8205.487018853146,2.5169838e-16
8206.744294377782,2.9206702e-16
8208.001569902419,2.5278489e-16
8209.258845427055,2.1005663e-16
8210.516120951692,2.697839e-16
8211.773396476328,2.3652945e-16
8213.030672000965,2.2567806e-16
8214.287947525601,2.5037095e-16
8215.545223050236,2.680637e-16
8216.802498574873,2.9633914e-16
8218.059774099509,2.8237773e-16
8219.317049624146,2.3805676e-16
8220.574325148782,2.4186822e-16
8221.831600673417,2.2052861e-16
8223.088876198053,2.6642868e-16
8224.34615172269,2.6410794e-16
8225.603427247326,2.5527673e-16
8226.860702771963,2.393793e-16
8228.1179782966,1.9592337e-16
8229.375253821236,1.8862072e-16
8230.63252934587,2.0168878e-16
8231.889804870507,1.9136253e-16
8233.147080395143,2.336946e-16
8234.40435591978,2.248176e-16
8235.661631444416,1.9317915e-16
8236.918906969051,2.0953483e-16
8238.176182493688,2.1984875e-16
8239.433458018324,2.4123485e-16
8240.69073354296,2.849738e-16
8241.948009067597,2.7996114e-16
8243.205284592234,2.4224406e-16
8244.46256011687,2.4743802e-16
8245.719835641505,2.4903907e-16
8246.977111166141,2.5304437e-16
8248.234386690778,2.4669255e-16
8249.491662215414,2.7557965e-16
8250.74893774005,2.537791e-16
8252.006213264685,2.336327e-16
8253.263488789322,2.5200612e-16
8254.520764313958,2.3925372e-16
8255.778039838595,2.1270789e-16
8257.035315363231,2.250376e-16
8258.292590887868,2.1569304e-16
8259.549866412504,2.0616684e-16
8260.80714193714,2.3477003e-16
8262.064417461776,3.0865714e-16
8263.321692986412,2.9345565e-16
8264.578968511049,2.8151863e-16
8265.836244035685,2.9165991e-16
8267.09351956032,2.782593e-16
8268.350795084956,2.815396e-16
8269.608070609593,2.7469265e-16
8270.86534613423,2.7298104e-16
8272.122621658866,2.7735813e-16
8273.379897183502,2.5031213e-16
8274.637172708139,2.4967437e-16
8275.894448232775,2.8549492e-16
8277.15172375741,2.986408e-16
8278.408999282046,2.8257459e-16
8279.666274806683,2.9185476e-16
8280.92355033132,3.03442e-16
8282.180825855954,2.6983688e-16
8283.43810138059,2.80272e-16
8284.695376905227,2.9101312e-16
8285.952652429864,2.8639325e-16
8287.2099279545,2.553487e-16
8288.467203479137,2.4981606e-16
8289.724479003773,2.5018484e-16
8290.98175452841,2.577136e-16
8292.239030053044,2.7812123e-16
8293.49630557768,2.5893932e-16
8294.753581102317,2.3667586e-16
8296.010856626954,2.4726168e-16
8297.26813215159,2.6354385e-16
8298.525407676225,2.4534328e-16
8299.782683200861,2.1904817e-16
8301.039958725498,2.62045e-16
8302.297234250134,2.901359e-16
8303.55450977477,2.6445348e-16
8304.811785299407,2.6852305e-16
8306.069060824044,2.72871e-16
8307.326336348679,2.5391231e-16
8308.583611873315,2.6751974e-16
8309.840887397952,2.6354713e-16
8311.098162922588,2.911078e-16
8312.355438447225,2.9043407e-16
8313.61271397186,2.7566785e-16
8314.869989496496,2.540842e-16
8316.127265021132,2.2763873e-16
8317.384540545769,2.358389e-16
8318.641816070405,2.384848e-16
8319.899091595042,2.5374632e-16
8321.156367119678,2.6443874e-16
8322.413642644313,2.5598662e-16
8323.67091816895,2.608682e-16
8324.928193693586,2.7428433e-16
8326.185469218222,2.695253e-16
8327.442744742859,2.5176869e-16
8328.700020267494,2.542476e-16
8329.95729579213,2.684096e-16
8331.214571316767,2.4767124e-16
8332.471846841403,2.539025e-16
8333.72912236604,2.7042596e-16
8334.986397890676,2.930908e-16
8336.243673415313,2.7806443e-16
8337.500948939949,2.6008125e-16
8338.758224464584,2.7254712e-16
8340.01549998922,2.7875486e-16
8341.272775513857,2.7304123e-16
8342.530051038493,2.7407834e-16
8343.787326563128,2.6102374e-16
8345.044602087764,2.743849e-16
8346.3018776124,2.804644e-16
8347.559153137037,2.9063143e-16
8348.816428661674,2.6555012e-16
8350.07370418631,2.6036085e-16
8351.330979710947,2.7143764e-16
8352.588255235583,2.4601262e-16
8353.845530760218,2.65212e-16
8355.102806284855,2.4341027e-16
8356.360081809491,2.4853294e-16
8357.617357334128,2.6060597e-16
8358.874632858764,2.56111e-16
8360.131908383399,2.6163416e-16
8361.389183908035,2.724319e-16
8362.646459432672,2.745779e-16
8363.903734957308,2.7787715e-16
8365.161010481945,2.755158e-16
8366.418286006581,2.6263262e-16
8367.675561531218,2.5297984e-16
8368.932837055852,2.7327168e-16
8370.190112580489,2.972766e-16
8371.447388105125,2.8914028e-16
8372.704663629762,2.7018472e-16
8373.961939154398,2.5572552e-16
8375.219214679033,2.3827836e-16
8376.47649020367,2.3851042e-16
8377.733765728306,2.6524797e-16
8378.991041252943,2.8957169e-16
8380.248316777579,2.6914104e-16
8381.505592302216,2.6644822e-16
8382.762867826852,2.7933683e-16
8384.020143351487,2.675657e-16
8385.277418876123,2.6693582e-16
8386.53469440076,2.810804e-16
8387.791969925396,2.6384933e-16
8389.049245450033,2.6851312e-16
8390.306520974667,2.746625e-16
8391.563796499304,2.8650794e-16
8392.82107202394,2.6302184e-16
8394.078347548577,2.4634217e-16
8395.335623073213,2.1358328e-16
8396.59289859785,2.0290832e-16
8397.850174122486,2.295113e-16
8399.107449647123,2.260935e-16
8400.364725171758,2.7034616e-16
8401.622000696394,2.686208e-16
8402.87927622103,2.7286462e-16
8404.136551745667,2.83236e-16
8405.393827270302,2.8002398e-16
8406.651102794938,2.77693e-16
8407.908378319575,2.7888012e-16
8409.165653844211,2.7530577e-16
8410.422929368848,2.785778e-16
8411.680204893484,2.7971675e-16
8412.93748041812,2.6081817e-16
8414.194755942757,2.6246462e-16
8415.452031467392,2.398668e-16
8416.709306992028,2.6380092e-16
8417.966582516665,2.8039866e-16
8419.223858041301,2.5221338e-16
8420.481133565936,2.534824e-16
8421.738409090573,2.624523e-16
8422.995684615209,2.5593588e-16
8424.252960139846,2.8177173e-16
8425.510235664482,2.7448725e-16
8426.767511189119,2.700579e-16
8428.024786713755,2.5165132e-16
8429.282062238392,2.2934934e-16
8430.539337763026,2.4737097e-16
8431.796613287663,2.7362973e-16
8433.0538888123,2.6006363e-16
8434.311164336936,2.5306885e-16
8435.568439861572,2.8433226e-16
8436.825715386207,2.9216088e-16
8438.082990910843,3.0891225e-16
8439.34026643548,2.956649e-16
8440.597541960116,2.694135e-16
8441.854817484753,2.709592e-16
8443.11209300939,2.7448081e-16
8444.369368534026,2.8515727e-16
8445.62664405866,2.928504e-16
8446.883919583297,2.8178806e-16
8448.141195107934,2.8190135e-16
8449.39847063257,2.745381e-16
8450.655746157207,2.6536457e-16
8451.913021681841,2.834218e-16
8453.170297206478,2.9434736e-16
8454.427572731114,2.8246646e-16
8455.68484825575,3.0710342e-16
8456.942123780387,2.99243e-16
8458.199399305024,2.9084298e-16
8459.45667482966,2.8532329e-16
8460.713950354295,2.889499e-16
8461.971225878931,2.9017943e-16
8463.228501403568,2.8607847e-16
8464.485776928204,2.8627e-16
8465.74305245284,2.8085648e-16
8467.000327977476,2.7955393e-16
8468.257603502112,3.0090147e-16
8469.514879026749,2.8899507e-16
8470.772154551385,2.9979103e-16
8472.029430076022,2.9903312e-16
8473.286705600658,2.6405485e-16
8474.543981125295,2.4818065e-16
8475.801256649931,2.610468e-16
8477.058532174566,2.7118652e-16
8478.315807699202,2.8655392e-16
8479.573083223839,2.845943e-16
8480.830358748475,2.4707242e-16
8482.08763427311,2.6054453e-16
8483.344909797746,2.490788e-16
8484.602185322383,2.293214e-16
8485.85946084702,2.712094e-16
8487.116736371656,2.708857e-16
8488.374011896292,2.449669e-16
8489.631287420929,2.8372507e-16
8490.888562945565,3.0426773e-16
8492.1458384702,2.9861538e-16
8493.403113994837,3.1166654e-16
8494.660389519473,3.1276903e-16
8495.91766504411,2.967582e-16
8497.174940568744,3.040571e-16
8498.43221609338,3.047429e-16
8499.689491618017,2.848204e-16
8500.946767142654,2.5061614e-16
8502.20404266729,2.7265909e-16
8503.461318191927,3.00911e-16
8504.718593716563,2.9463652e-16
8505.9758692412,2.9079107e-16
8507.233144765834,2.9877213e-16
8508.49042029047,2.8239996e-16
8509.747695815107,2.5139393e-16
8511.004971339744,2.3090142e-16
8512.26224686438,2.3772086e-16
8513.519522389015,2.271616e-16
8514.776797913652,2.3311604e-16
8516.034073438288,2.2971166e-16
8517.291348962925,2.001925e-16
8518.548624487561,2.0848403e-16
8519.805900012198,2.2025771e-16
8521.063175536834,1.9289784e-16
8522.320451061469,2.120925e-16
8523.577726586105,2.1720864e-16
8524.835002110742,2.0879227e-16
8526.092277635378,2.1337346e-16
8527.349553160015,1.9745018e-16
8528.60682868465,1.786374e-16
8529.864104209286,1.9751052e-16
8531.121379733922,1.637861e-16
8532.378655258559,1.653388e-16
8533.635930783195,1.7603673e-16
8534.893206307832,1.7291798e-16
8536.150481832468,1.9126206e-16
8537.407757357105,2.0309407e-16
8538.66503288174,2.0108537e-16
8539.922308406376,2.2388484e-16
8541.179583931013,2.1970151e-16
8542.436859455649,2.6806285e-16
8543.694134980284,2.3252563e-16
8544.95141050492,1.7251828e-16
8546.208686029557,1.4675467e-16
8547.465961554193,1.3831561e-16
8548.72323707883,1.6069426e-16
8549.980512603466,1.9498038e-16
8551.237788128103,1.7224329e-16
8552.49506365274,1.7998337e-16
8553.752339177374,1.7850133e-16
8555.00961470201,1.8265012e-16
8556.266890226647,2.0828257e-16
8557.524165751283,1.9332872e-16
8558.781441275918,1.4749479e-16
8560.038716800555,1.602431e-16
8561.295992325191,2.0039198e-16
8562.553267849828,1.914194e-16
8563.810543374464,1.7089209e-16
8565.0678188991,1.7041556e-16
8566.325094423737,1.7132405e-16
8567.582369948374,1.7470662e-16
8568.839645473008,1.8269282e-16
8570.096920997645,1.9516466e-16
8571.354196522281,2.1198675e-16
8572.611472046918,1.8329867e-16
8573.868747571554,1.9200237e-16
8575.126023096189,1.9802799e-16
8576.383298620825,1.8498094e-16
8577.640574145462,1.7277636e-16
8578.897849670098,1.8037683e-16
8580.155125194735,2.0426991e-16
8581.412400719371,2.2151242e-16
8582.669676244008,2.2736265e-16
8583.926951768643,1.967082e-16
8585.184227293279,2.31604e-16
8586.441502817916,2.6273006e-16
8587.698778342552,2.5178973e-16
8588.956053867189,2.2562422e-16
8590.213329391823,2.1922895e-16
8591.47060491646,2.572996e-16
8592.727880441096,2.5508675e-16
8593.985155965733,2.5401107e-16
8595.24243149037,2.4603872e-16
8596.499707015006,2.4379893e-16
8597.756982539642,2.5738843e-16
8599.014258064277,2.4768744e-16
8600.271533588913,2.0926355e-16
8601.52880911355,2.1097596e-16
8602.786084638186,2.542159e-16
8604.043360162823,2.626182e-16
8605.300635687458,2.185517e-16
8606.557911212094,2.4177648e-16
8607.81518673673,2.5874625e-16
8609.072462261367,2.511832e-16
8610.329737786004,2.793295e-16
8611.58701331064,2.563155e-16
8612.844288835277,2.6173742e-16
8614.101564359913,2.7143795e-16
8615.358839884548,2.0099454e-16
8616.616115409184,2.0526005e-16
8617.87339093382,2.6572183e-16
8619.130666458457,2.6911084e-16
8620.387941983092,2.5347056e-16
8621.645217507728,2.5408109e-16
8622.902493032365,2.5818634e-16
8624.159768557001,2.7125328e-16
8625.417044081638,2.377738e-16
8626.674319606274,2.5022653e-16
8627.93159513091,2.5359889e-16
8629.188870655547,2.3210585e-16
8630.446146180182,2.577207e-16
8631.703421704819,2.3699606e-16
8632.960697229455,2.4833783e-16
8634.217972754092,2.7386079e-16
8635.475248278726,2.677828e-16
8636.732523803363,2.6323208e-16
8637.989799328,2.5732392e-16
8639.247074852636,2.4904e-16
8640.504350377272,2.5532628e-16
8641.761625901909,2.363753e-16
8643.018901426545,2.456471e-16
8644.276176951182,2.5650654e-16
8645.533452475816,2.6607565e-16
8646.790728000453,2.5703376e-16
8648.04800352509,2.7229955e-16
8649.305279049726,2.9511062e-16
8650.562554574362,2.699047e-16
8651.819830098997,2.930879e-16
8653.077105623634,2.7832817e-16
8654.33438114827,2.7077415e-16
8655.591656672907,2.705734e-16
8656.848932197543,2.8454396e-16
8658.10620772218,2.810941e-16
8659.363483246816,2.627038e-16
8660.62075877145,2.7045304e-16
8661.878034296087,2.2139821e-16
8663.135309820724,2.3925597e-16
8664.39258534536,2.3594868e-16
8665.649860869997,2.2564897e-16
8666.907136394631,2.2086436e-16
8668.164411919268,2.2085654e-16
8669.421687443904,2.4198704e-16
8670.67896296854,2.5205273e-16
8671.936238493177,2.5308325e-16
8673.193514017814,2.3335848e-16
8674.45078954245,2.511981e-16
8675.708065067087,2.361417e-16
8676.965340591722,2.0776737e-16
8678.222616116358,2.4573048e-16
8679.479891640995,2.749815e-16
8680.737167165631,2.3357045e-16
8681.994442690266,2.566889e-16
8683.251718214902,2.459324e-16
8684.508993739539,2.5135896e-16
8685.766269264175,2.712484e-16
8687.023544788812,2.71506e-16
8688.280820313448,2.5616166e-16
8689.538095838085,2.1887617e-16
8690.795371362721,1.9621038e-16
8692.052646887356,2.0833448e-16
8693.309922411992,1.9611446e-16
8694.567197936629,2.2481737e-16
8695.824473461265,2.5540944e-16
8697.0817489859,2.5205654e-16
8698.339024510537,2.432917e-16
8699.596300035173,2.0704001e-16
8700.85357555981,2.5260158e-16
8702.110851084446,2.242759e-16
8703.368126609083,1.8916592e-16
8704.625402133719,1.8059432e-16
8705.882677658356,1.9275422e-16
8707.13995318299,2.1458198e-16
8708.397228707627,2.06768e-16
8709.654504232263,1.9759084e-16
8710.9117797569,1.9642535e-16
8712.169055281536,2.0208577e-16
8713.42633080617,2.089297e-16
8714.683606330807,2.0594502e-16
8715.940881855444,2.0461669e-16
8717.19815738008,2.0661894e-16
8718.455432904717,1.9758167e-16
8719.712708429353,2.2415763e-16
8720.96998395399,2.280288e-16
8722.227259478625,1.9504497e-16
8723.484535003261,2.1074321e-16
8724.741810527898,2.6296974e-16
8725.999086052534,2.8700147e-16
8727.25636157717,2.8182004e-16
8728.513637101805,2.3586837e-16
8729.770912626442,2.275565e-16
8731.028188151078,2.5169401e-16
8732.285463675715,2.5629343e-16
8733.542739200351,2.5688423e-16
8734.800014724988,2.5922168e-16
8736.057290249624,2.5157056e-16
8737.314565774259,2.630559e-16
8738.571841298895,2.527342e-16
8739.829116823532,2.7070948e-16
8741.086392348168,2.7947572e-16
8742.343667872805,2.8005074e-16
8743.60094339744,2.9061917e-16
8744.858218922076,2.9230003e-16
8746.115494446713,2.7938188e-16
8747.372769971349,2.7300065e-16
8748.630045495986,2.6636227e-16
8749.887321020622,2.6178218e-16
8751.144596545259,2.7040873e-16
8752.401872069895,2.7330865e-16
8753.65914759453,2.7108075e-16
8754.916423119166,2.7665414e-16
8756.173698643803,2.6949674e-16
8757.43097416844,2.8731074e-16
8758.688249693074,2.5167961e-16
8759.94552521771,2.6282284e-16
8761.202800742347,3.3649146e-16
8762.460076266983,3.2526835e-16
8763.71735179162,2.650457e-16
8764.974627316256,3.0262486e-16
8766.231902840893,2.1982024e-16
8767.48917836553,2.1940814e-16
8768.746453890164,2.570286e-16
8770.0037294148,2.830912e-16
8771.261004939437,2.759739e-16
8772.518280464074,2.450394e-16
8773.775555988708,2.5494543e-16
8775.032831513345,2.841824e-16
8776.290107037981,3.2053704e-16
8777.547382562618,2.800047e-16
8778.804658087254,2.6672197e-16
8780.06193361189,2.8829643e-16
8781.319209136527,2.640116e-16
8782.576484661164,2.3848832e-16
8783.833760185798,2.551303e-16
8785.091035710435,2.3343738e-16
8786.348311235071,2.5138694e-16
8787.605586759708,2.4879917e-16
8788.862862284344,2.5670956e-16
8790.120137808979,2.9060377e-16
8791.377413333616,2.8914491e-16
8792.634688858252,2.918088e-16
8793.891964382889,2.868833e-16
8795.149239907525,2.7415132e-16
8796.406515432162,2.619909e-16
8797.663790956798,2.5668735e-16
8798.921066481433,2.5255044e-16
8800.17834200607,2.5192454e-16
8801.435617530706,2.6062786e-16
8802.692893055342,2.582807e-16
8803.950168579979,2.7576772e-16
8805.207444104613,2.4537997e-16
8806.46471962925,2.4516538e-16
8807.721995153886,2.645463e-16
8808.979270678523,2.594067e-16
8810.23654620316,2.9821407e-16
8811.493821727796,2.980523e-16
8812.751097252432,2.5720444e-16
8814.008372777067,2.4084477e-16
8815.265648301704,2.4779097e-16
8816.52292382634,2.5834026e-16
8817.780199350977,2.7267216e-16
8819.037474875613,2.8906892e-16
8820.294750400248,3.098153e-16
8821.552025924884,3.3055426e-16
8822.80930144952,3.3034592e-16
8824.066576974157,3.0439447e-16
8825.323852498794,2.9751143e-16
8826.58112802343,3.1516778e-16
8827.838403548067,3.047799e-16
8829.095679072703,2.8394403e-16
8830.352954597338,3.0795783e-16
8831.610230121974,2.8976208e-16
8832.86750564661,2.861095e-16
8834.124781171247,2.8759723e-16
8835.382056695882,2.8371006e-16
8836.639332220519,2.9805803e-16
8837.896607745155,2.4918375e-16
8839.153883269792,2.4059222e-16
8840.411158794428,2.4237742e-16
8841.668434319065,2.4399787e-16
8842.925709843701,2.5351172e-16
8844.182985368338,2.59926e-16
8845.440260892972,2.725453e-16
8846.697536417609,2.975788e-16
8847.954811942245,2.5140462e-16
8849.212087466882,2.2886356e-16
8850.469362991516,2.4596233e-16
8851.726638516153,2.7147226e-16
8852.98391404079,2.8076122e-16
8854.241189565426,2.7922343e-16
8855.498465090062,2.9393568e-16
8856.755740614699,2.7477055e-16
8858.013016139335,2.7585515e-16
8859.270291663972,2.5950612e-16
8860.527567188607,2.5089995e-16
8861.784842713243,2.683552e-16
8863.04211823788,2.7304366e-16
8864.299393762516,2.8267536e-16
8865.556669287153,2.726487e-16
8866.813944811787,2.5084526e-16
8868.071220336424,2.5013764e-16
8869.32849586106,2.6666254e-16
8870.585771385697,2.8714774e-16
8871.843046910333,3.092083e-16
8873.10032243497,3.120297e-16
8874.357597959606,2.940736e-16
8875.61487348424,2.8805394e-16
8876.872149008877,2.950374e-16
8878.129424533514,2.9427785e-16
8879.38670005815,3.0595354e-16
8880.643975582787,3.2957144e-16
8881.901251107422,3.0171899e-16
8883.158526632058,2.8555508e-16
8884.415802156695,2.8397934e-16
8885.673077681331,2.7433613e-16
8886.930353205968,2.7316357e-16
8888.187628730604,2.7128864e-16
8889.44490425524,2.4808502e-16
8890.702179779877,2.4155265e-16
8891.959455304512,2.2056705e-16
8893.216730829148,2.6350758e-16
8894.474006353785,2.8267626e-16
8895.731281878421,2.6837826e-16
8896.988557403056,2.67677e-16
8898.245832927692,2.5706026e-16
8899.503108452329,2.5195021e-16
8900.760383976965,2.1797002e-16
8902.017659501602,2.0959988e-16
8903.274935026238,2.0737025e-16
8904.532210550875,1.983683e-16
8905.789486075511,2.1944089e-16
8907.046761600146,2.4980436e-16
8908.304037124783,2.3029944e-16
8909.561312649419,2.6806224e-16
8910.818588174056,2.5187864e-16
8912.07586369869,2.6236896e-16
8913.333139223327,2.6855037e-16
8914.590414747963,1.7536744e-16
8915.8476902726,1.3757301e-16
8917.104965797236,2.342981e-16
8918.362241321873,2.3897433e-16
8919.61951684651,2.3216797e-16
8920.876792371146,2.5766988e-16
8922.13406789578,2.6669343e-16
8923.391343420417,2.5772166e-16
8924.648618945053,2.5690393e-16
8925.90589446969,2.611676e-16
8927.163169994326,2.598142e-16
8928.420445518961,2.647341e-16
8929.677721043598,2.4802626e-16
8930.934996568234,2.3458765e-16
8932.19227209287,2.5804388e-16
8933.449547617507,2.578546e-16
8934.706823142144,2.5325028e-16
8935.96409866678,2.521056e-16
8937.221374191415,2.5909465e-16
8938.478649716051,2.5797519e-16
8939.735925240688,2.4831247e-16
8940.993200765324,2.5049837e-16
8942.25047628996,2.4979076e-16
8943.507751814595,2.2725298e-16
8944.765027339232,2.3218854e-16
8946.022302863868,2.0579028e-16
8947.279578388505,1.7941489e-16
8948.536853913141,1.8991896e-16
8949.794129437778,1.9104554e-16
8951.051404962414,2.3442862e-16
8952.308680487049,2.3437275e-16
8953.565956011686,2.0492132e-16
8954.823231536322,2.1287977e-16
8956.080507060959,2.256722e-16
8957.337782585595,2.0422987e-16
8958.59505811023,2.110159e-16
8959.852333634866,2.3633882e-16
8961.109609159503,2.049294e-16
8962.36688468414,1.6872964e-16
8963.624160208776,1.5460637e-16
8964.881435733412,1.6501001e-16
8966.138711258049,1.9405136e-16
8967.395986782685,1.9337086e-16
8968.65326230732,1.8736157e-16
8969.910537831956,1.7900645e-16
8971.167813356593,1.7610346e-16
8972.42508888123,1.6979002e-16
8973.682364405864,1.4944012e-16
8974.9396399305,1.4051292e-16
8976.196915455137,1.6270268e-16
8977.454190979774,1.4504826e-16
8978.71146650441,1.2630156e-16
8979.968742029047,1.4114289e-16
8981.226017553683,1.4970112e-16
8982.48329307832,1.391631e-16
8983.740568602954,1.4732418e-16
8984.99784412759,1.3470333e-16
8986.255119652227,1.4383353e-16
8987.512395176864,1.3475696e-16
8988.769670701498,1.1483971e-16
8990.026946226135,1.1790448e-16
8991.284221750771,1.1991534e-16
8992.541497275408,9.934027e-17
8993.798772800044,1.0650592e-16
8995.05604832468,1.2997277e-16
8996.313323849317,1.4040617e-16
8997.570599373954,1.4664157e-16
8998.827874898589,1.4772372e-16
9000.085150423225,1.262453e-16
9001.342425947862,1.1831671e-16
9002.599701472498,1.1924122e-16
9003.856976997135,1.183006e-16
9005.11425252177,1.1406882e-16
9006.371528046406,1.0516292e-16
9007.628803571042,9.4755696e-17
9008.886079095679,9.410643e-17
9010.143354620315,9.575197e-17
9011.400630144952,8.10177e-17
9012.657905669588,7.724988e-17
9013.915181194223,8.40585e-17
9015.17245671886,8.260758e-17
9016.429732243496,8.306172e-17
9017.687007768132,8.9267975e-17
9018.944283292767,7.086949e-17
9020.201558817404,6.446371e-17
9021.45883434204,6.9826207e-17
9022.716109866677,7.2622706e-17
9023.973385391313,7.686775e-17
9025.23066091595,7.652903e-17
9026.487936440586,6.553686e-17
9027.745211965223,6.6592705e-17
9029.002487489859,5.2552703e-17
9030.259763014494,4.3790416e-17
9031.51703853913,5.3338495e-17
9032.774314063767,4.9045636e-17
9034.031589588401,4.775709e-17
9035.288865113038,5.1855943e-17
9036.546140637674,4.5233723e-17
9037.80341616231,4.439503e-17
9039.060691686947,5.0704577e-17
9040.317967211584,4.874379e-17
9041.57524273622,4.6966895e-17
9042.832518260857,4.4779747e-17
9044.089793785493,3.8816062e-17
9045.347069310128,3.427504e-17
9046.604344834765,3.1647977e-17
9047.861620359401,3.095202e-17
9049.118895884038,3.3844766e-17
9050.376171408672,3.4257837e-17
9051.633446933309,3.5339545e-17
9052.890722457945,3.4678614e-17
9054.147997982582,3.229162e-17
9055.405273507218,2.9675915e-17
9056.662549031855,2.9328e-17
9057.919824556491,3.0403318e-17
9059.177100081128,2.0526988e-17
9060.434375605764,1.7618896e-17
9061.691651130399,1.804995e-17
9062.948926655035,1.8219305e-17
9064.206202179672,1.6976701e-17
9065.463477704307,1.20811995e-17
9066.720753228943,1.6024654e-17
9067.97802875358,1.5718895e-17
9069.235304278216,1.734573e-17
9070.492579802853,1.581267e-17
9071.749855327489,1.2120864e-17
9073.007130852126,1.5574813e-17
9074.264406376762,1.6727938e-17
9075.521681901399,1.4072165e-17
9076.778957426033,1.2145183e-17
9078.03623295067,1.2376502e-17
9079.293508475306,1.3477269e-17
9080.55078399994,1.32659934e-17
9081.808059524577,1.061256e-17
9083.065335049214,8.791221e-18
9084.32261057385,9.881043e-18
9085.579886098487,1.1582696e-17
9086.837161623123,9.934613e-18
9088.09443714776,7.17097e-18
9089.351712672396,7.410833e-18
9090.608988197033,6.715622e-18
9091.866263721668,6.3805197e-18
9093.123539246304,5.384864e-18
9094.38081477094,5.08201e-18
9095.638090295575,6.2147676e-18
9096.895365820212,6.6312733e-18
9098.152641344848,5.401209e-18
9099.409916869485,4.475229e-18
9100.667192394121,4.2745117e-18
9101.924467918758,4.390863e-18
9103.181743443394,3.954957e-18
9104.43901896803,3.3815344e-18
9105.696294492667,3.888163e-18
9106.953570017302,4.0303e-18
9108.210845541938,3.7434828e-18
9109.468121066575,3.363914e-18
9110.72539659121,2.8011305e-18
9111.982672115846,2.3337822e-18
9113.239947640483,2.4222346e-18
9114.497223165119,2.502595e-18
9115.754498689756,2.4264977e-18
9117.011774214392,2.173765e-18
9118.269049739029,1.9291351e-18
9119.526325263665,1.7645555e-18
9120.783600788302,1.665557e-18
9122.040876312938,1.6812201e-18
9123.298151837573,1.4519362e-18
9124.55542736221,1.3717965e-18
9125.812702886846,1.4576756e-18
9127.06997841148,1.414031e-18
9128.327253936117,1.3373485e-18
9129.584529460753,1.4507594e-18
9130.84180498539,1.2787067e-18
9132.099080510026,1.1666178e-18
9133.356356034663,1.0232609e-18
9134.6136315593,9.922252e-19
9135.870907083936,1.0710303e-18
9137.128182608572,8.722034e-19
9138.385458133207,7.636382e-19
9139.642733657844,7.0377054e-19
9140.90000918248,6.350348e-19
9142.157284707115,5.6317527e-19
9143.414560231751,5.090157e-19
9144.671835756388,5.1430456e-19
9145.929111281024,5.5960304e-19
9147.18638680566,3.8637151e-19
9148.443662330297,3.576123e-19
9149.700937854934,3.8732197e-19
9150.95821337957,3.397898e-19
9152.215488904207,3.492212e-19
9153.472764428841,3.0251481e-19
9154.730039953478,1.9846883e-19
9155.987315478114,1.78187e-19
9157.244591002749,1.8760376e-19
9158.501866527386,1.7926432e-19
9159.759142052022,1.8753543e-19
9161.016417576659,1.7826213e-19
9162.273693101295,1.7230984e-19
9163.530968625932,1.5944899e-19
9164.788244150568,1.490592e-19
9166.045519675205,1.2776337e-19
9167.302795199841,9.294425e-20
9168.560070724476,8.638338e-20
9169.817346249112,9.487739e-20
9171.074621773749,8.386089e-20
9172.331897298383,7.211788e-20
9173.58917282302,7.200851e-20
9174.846448347656,7.258881e-20
9176.103723872293,6.849462e-20
9177.36099939693,5.700743e-20
9178.618274921566,5.4280064e-20
9179.875550446202,5.2987768e-20
9181.132825970839,4.230608e-20
9182.390101495475,3.0212824e-20
9183.64737702011,2.9231535e-20
9184.904652544747,3.1716195e-20
9186.161928069383,2.83889e-20
9187.41920359402,2.2062926e-20
9188.676479118654,2.0305625e-20
9189.93375464329,2.2867647e-20
9191.191030167927,2.257491e-20
9192.448305692564,1.8321687e-20
9193.7055812172,1.7526891e-20
9194.962856741837,1.6214585e-20
9196.220132266473,1.30191055e-20
9197.47740779111,1.1457315e-20
9198.734683315746,1.1581933e-20
9199.99195884038,9.922161e-21
9201.249234365017,7.8238264e-21
9202.506509889654,7.012203e-21
9203.763785414289,6.3963005e-21
9205.021060938925,5.000575e-21
9206.278336463562,3.933973e-21
9207.535611988198,4.170673e-21
9208.792887512835,4.918521e-21
9210.050163037471,4.2709544e-21
9211.307438562108,3.6745814e-21
9212.564714086744,3.2888826e-21
9213.82198961138,2.1686464e-21
9215.079265136015,2.4098914e-21
9216.336540660652,2.329096e-21
9217.593816185288,1.8090135e-21
9218.851091709923,1.8033426e-21
9220.10836723456,1.9074601e-21
9221.365642759196,1.4176374e-21
9222.622918283832,1.1881642e-21
9223.880193808469,9.531964e-22
9225.137469333105,7.7059715e-22
9226.394744857742,8.0488536e-22
9227.652020382378,7.4370757e-22
9228.909295907015,4.610336e-22
9230.16657143165,4.850874e-22
9231.423846956286,4.739006e-22
9232.681122480923,4.281066e-22
9233.938398005557,3.9676475e-22
9235.195673530194,3.4141913e-22
9236.45294905483,2.597246e-22
9237.710224579467,2.0504093e-22
9238.967500104103,1.8709446e-22
9240.22477562874,1.6851884e-22
9241.482051153376,1.2841722e-22
9242.739326678013,1.0570238e-22
9243.99660220265,1.1245086e-22
9245.253877727284,8.8034794e-23
9246.51115325192,7.2147035e-23
9247.768428776557,6.482314e-23
9249.025704301192,5.6313726e-23
9250.282979825828,4.4878682e-23
9251.540255350465,3.7000672e-23
9252.797530875101,3.782843e-23
9254.054806399738,2.1010206e-23
9255.312081924374,1.6947208e-23
9256.56935744901,1.974994e-23
9257.826632973647,1.4756587e-23
9259.083908498284,1.06955205e-23
9260.34118402292,7.674824e-24
9261.598459547555,6.7108954e-25
9262.855735072191,1.7039344e-24
9264.113010596828,5.3804802e-24
9265.370286121462,4.3777083e-24
9266.627561646099,3.1705485e-24
9267.884837170735,2.6333382e-24
9269.142112695372,1.0555699e-24
9270.399388220008,6.281886e-25
9271.656663744645,1.4096399e-24
9272.913939269281,1.4851561e-24
9274.171214793918,5.976134e-25
9275.428490318554,1.4153496e-25
9276.685765843189,1.4166805e-25
9277.943041367826,4.0977202e-25
9279.200316892462,6.056473e-25
9280.457592417097,5.284043e-25
9281.714867941733,3.2595718e-25
9282.97214346637,1.5785223e-25
9284.229418991006,-7.6799806e-26
9285.486694515643,6.851764e-26
9286.74397004028,2.5086985e-25
9288.001245564916,1.00648304e-25
9289.258521089552,-3.7158627e-26
9290.515796614189,-3.6028482e-26
9291.773072138823,1.3050756e-25
9293.03034766346,8.5586145e-26
9294.287623188096,-4.186861e-27
9295.544898712731,4.986171e-26
9296.802174237368,8.354739e-27
9298.059449762004,3.8945007e-27
9299.31672528664,1.3404057e-27
9300.574000811277,8.9569794e-27
9301.831276335914,1.2618806e-26
9303.08855186055,-1.56691455e-27
9304.345827385187,-1.0376402e-27
9305.603102909823,-9.114384e-27
9306.860378434458,-7.5537746e-27
9308.117653959094,1.0847643e-27
9309.37492948373,7.822968e-27
9310.632205008365,1.03129835e-26
9311.889480533002,7.993735e-27
9313.146756057638,1.2107218e-26
9314.404031582275,6.2898846e-27
9315.661307106911,-3.1604235e-27
9316.918582631548,-1.1881802e-27
9318.175858156184,4.609905e-27
