wav,flam
2792.9168262236,0.1592678
2794.392628175875,-0.26632485
2795.86843012815,0.88718295
2797.344232080425,0.42658448
2798.8200340327003,-0.5811274
2800.2958359849754,-0.17240687
2801.7716379372505,0.10635402
2803.2474398895256,0.26762602
2804.7232418418007,-0.10425673
2806.199043794076,-0.26099303
2807.674845746351,0.033946328
2809.150647698626,0.04402513
2810.626449650901,-0.01585139
2812.1022516031762,-0.013221699
2813.5780535554513,0.026732124
2815.0538555077264,0.047420807
2816.5296574600015,0.04050182
2818.0054594122767,0.021188453
2819.4812613645518,-0.015520309
2820.957063316827,0.019429266
2822.432865269102,0.04280463
2823.908667221377,-0.010639315
2825.384469173652,-0.0050949682
2826.8602711259273,0.011400633
2828.3360730782024,0.017398871
2829.8118750304775,-0.009579502
2831.2876769827526,0.00026991154
2832.7634789350277,-0.0014534848
2834.239280887303,0.01775907
2835.715082839578,0.009487868
2837.190884791853,-0.003428633
2838.666686744128,-0.013155122
2840.1424886964032,0.0006692312
2841.6182906486783,0.0044673975
2843.0940926009534,-0.0019297372
2844.5698945532286,-0.0018096805
2846.0456965055037,0.0013770248
2847.5214984577788,0.0021674219
2848.997300410054,0.0002431822
2850.473102362329,-0.0005455213
2851.948904314604,0.0012119134
2853.424706266879,0.0008705338
2854.900508219154,-0.0004417927
2856.376310171429,-0.0017157963
2857.852112123704,-4.9467442e-05
2859.327914075979,0.00047738245
2860.8037160282543,-0.00028886038
2862.2795179805294,-0.00034651897
2863.7553199328045,0.00018746578
2865.2311218850796,0.00031227645
2866.7069238373547,0.00014060704
2868.18272578963,-0.00021369166
2869.658527741905,-1.0353156e-05
2871.13432969418,5.581298e-05
2872.610131646455,0.00030971356
2874.08593359873,5.6941284e-05
2875.5617355510053,5.8152662e-05
2877.0375375032804,-0.00019589091
2878.5133394555555,-0.00022904944
2879.9891414078306,-0.00023376786
2881.4649433601057,-0.0001838159
2882.940745312381,2.386925e-05
2884.416547264656,7.2510906e-05
2885.892349216931,-0.00011564368
2887.368151169206,-3.5582238e-05
2888.8439531214813,2.913969e-05
2890.3197550737564,2.2146012e-06
2891.7955570260315,-2.7291884e-05
2893.2713589783066,9.72596e-06
2894.7471609305817,-4.3208884e-06
2896.222962882857,2.665386e-06
2897.698764835132,1.3087946e-07
2899.174566787407,-3.4239896e-05
2900.650368739682,6.8436525e-06
2902.126170691957,1.453047e-05
2903.6019726442323,-1.2499324e-05
2905.0777745965074,-3.059755e-06
2906.5535765487825,4.5201e-06
2908.0293785010576,1.17606605e-05
2909.5051804533327,-3.702584e-07
2910.980982405608,-5.7253446e-06
2912.456784357883,1.1911903e-06
2913.932586310158,3.1728387e-06
2915.408388262433,-4.031581e-06
2916.8841902147083,-2.852288e-06
2918.3599921669834,1.8898745e-06
2919.8357941192585,5.718426e-06
2921.3115960715336,1.9591794e-06
2922.7873980238087,-7.745204e-07
2924.263199976084,1.7141308e-06
2925.739001928359,1.099185e-06
2927.214803880634,-3.1897944e-08
2928.690605832909,-3.1832758e-07
2930.166407785184,5.919452e-07
2931.6422097374593,5.409892e-07
2933.1180116897344,-1.6994117e-06
2934.5938136420095,-2.2892578e-07
2936.0696155942846,1.3169517e-06
2937.5454175465597,5.281318e-07
2939.021219498835,-5.598623e-07
2940.49702145111,3.481884e-08
2941.972823403385,5.357955e-07
2943.44862535566,2.3713365e-07
2944.9244273079353,-2.86833e-07
2946.4002292602104,5.383045e-07
2947.8760312124855,9.447217e-08
2949.3518331647606,-5.04078e-07
2950.8276351170357,-4.305257e-08
2952.303437069311,1.0381765e-06
2953.779239021586,2.428306e-07
2955.255040973861,-7.172224e-08
2956.730842926136,1.4339032e-07
2958.206644878411,3.7088427e-07
2959.6824468306863,2.7605688e-07
2961.1582487829614,5.721074e-08
2962.6340507352365,2.2908452e-07
2964.1098526875116,2.9829215e-07
2965.5856546397868,7.527132e-08
2967.061456592062,-7.480589e-08
2968.537258544337,9.2552206e-08
2970.013060496612,7.582243e-08
2971.4888624488867,-4.8247024e-08
2972.964664401162,-1.2416494e-07
2974.440466353437,1.085871e-07
2975.916268305712,1.4580219e-07
2977.392070257987,-4.963544e-08
2978.8678722102622,-5.959787e-09
2980.3436741625374,7.504439e-08
2981.8194761148125,-6.421794e-08
2983.2952780670876,-2.2793337e-08
2984.7710800193627,-1.5288792e-08
2986.246881971638,1.0004715e-08
2987.722683923913,-1.8439248e-08
2989.198485876188,-2.5527497e-08
2990.674287828463,2.0581433e-08
2992.150089780738,4.2566707e-08
2993.6258917330133,1.830757e-08
2995.1016936852884,-1.151685e-08
2996.5774956375635,-2.8257452e-09
2998.0532975898386,1.6822645e-08
2999.5290995421137,-3.20651e-09
3001.004901494389,-3.6971146e-09
3002.480703446664,4.037859e-10
3003.956505398939,4.706125e-09
3005.432307351214,-9.587053e-09
3006.9081093034893,1.7727104e-09
3008.3839112557644,2.6559018e-08
3009.8597132080395,-1.6677739e-09
3011.3355151603146,-7.076984e-09
3012.8113171125897,-2.4692384e-09
3014.287119064865,3.22391e-09
3015.76292101714,-1.2094218e-09
3017.238722969415,4.229425e-09
3018.71452492169,3.004752e-09
3020.190326873965,-1.6225836e-09
3021.6661288262403,-5.237822e-09
3023.1419307785154,8.5358354e-10
3024.6177327307905,-2.6104843e-10
3026.0935346830656,-5.5811463e-11
3027.5693366353407,-6.834116e-10
3029.045138587616,3.1704541e-09
3030.520940539891,1.5981847e-09
3031.996742492166,-2.961295e-09
3033.472544444441,-3.173724e-09
3034.9483463967163,-1.3063086e-09
3036.4241483489914,1.3184533e-09
3037.8999503012665,-2.5491895e-10
3039.3757522535416,-1.1038778e-09
3040.8515542058167,-1.3648476e-09
3042.327356158092,-4.5860554e-10
3043.803158110367,6.719339e-10
3045.278960062642,6.2146005e-10
3046.754762014917,9.537434e-10
3048.230563967192,-7.0646544e-11
3049.7063659194673,-4.4363568e-10
3051.1821678717424,-5.3603033e-10
3052.6579698240175,4.2655074e-10
3054.1337717762926,-6.6957906e-10
3055.6095737285677,3.7577652e-10
3057.085375680843,6.9907136e-10
3058.561177633118,-1.6504284e-10
3060.036979585393,-3.8773545e-10
3061.512781537668,4.3026374e-10
3062.9885834899433,-9.016444e-11
3064.4643854422184,-1.2985041e-10
3065.9401873944935,-3.307033e-10
3067.4159893467686,1.6039867e-10
3068.8917912990437,-4.406825e-12
3070.367593251319,-1.2793067e-10
3071.843395203594,4.4594644e-11
3073.319197155869,2.9595257e-10
3074.794999108144,-3.911363e-11
3076.270801060419,-2.7336391e-10
3077.7466030126943,3.5344776e-11
3079.2224049649694,1.4347491e-10
3080.6982069172445,-9.704207e-11
3082.1740088695196,-1.7884959e-10
3083.6498108217947,1.4635518e-10
3085.12561277407,1.9171198e-10
3086.601414726345,-4.0792487e-11
3088.07721667862,8.253438e-11
3089.553018630895,1.3635694e-10
3091.0288205831703,-7.304675e-11
3092.5046225354454,6.693847e-11
3093.9804244877205,1.0124594e-10
3095.4562264399956,3.303017e-11
3096.9320283922707,-1.4808254e-11
3098.407830344546,-7.151137e-11
3099.883632296821,8.341533e-11
3101.359434249096,4.4505826e-11
3102.8352362013707,6.8883635e-11
3104.3110381536458,9.2201274e-11
3105.786840105921,-9.813367e-12
3107.262642058196,-4.253289e-11
3108.738444010471,9.449178e-12
3110.214245962746,4.9297046e-11
3111.6900479150213,-3.136451e-12
3113.1658498672964,1.0506145e-11
3114.6416518195715,-1.5095931e-11
3116.1174537718466,1.8793383e-12
3117.5932557241217,-5.3573822e-11
3119.069057676397,3.8768103e-12
3120.544859628672,1.379885e-11
3122.020661580947,2.3507717e-11
3123.496463533222,3.809582e-11
3124.9722654854972,2.1424149e-11
3126.4480674377724,5.726746e-12
3127.9238693900475,-1.5099347e-11
3129.3996713423226,-2.3782691e-11
3130.8754732945977,-1.5176997e-12
3132.351275246873,1.1163721e-11
3133.827077199148,-3.7010915e-11
3135.302879151423,-8.647032e-13
3136.778681103698,1.157016e-11
3138.254483055973,-1.8811187e-12
3139.7302850082483,6.0261166e-13
3141.2060869605234,-5.152777e-12
3142.6818889127985,1.2539193e-12
3144.1576908650736,7.838627e-12
3145.6334928173487,-5.654185e-12
3147.109294769624,-3.088469e-11
3148.585096721899,2.3927494e-12
3150.060898674174,-5.168105e-12
3151.536700626449,6.6177766e-12
3153.0125025787243,9.675299e-14
3154.4883045309994,1.7439238e-12
3155.9641064832745,-3.731396e-12
3157.4399084355496,3.0660869e-12
3158.9157103878247,-6.8328316e-12
3160.3915123401,-7.993679e-12
3161.867314292375,3.2069842e-12
3163.34311624465,-4.3361725e-12
3164.818918196925,-4.1422764e-12
3166.2947201492,1.6573845e-12
3167.7705221014753,-1.8854737e-13
3169.2463240537504,-3.0412528e-12
3170.7221260060255,3.4680377e-12
3172.1979279583006,7.374218e-12
3173.6737299105757,-3.3431391e-12
3175.149531862851,8.4788764e-14
3176.625333815126,6.2617433e-12
3178.101135767401,1.475847e-12
3179.576937719676,2.9548884e-13
3181.0527396719513,-4.1883806e-13
3182.5285416242264,-1.9849667e-13
3184.0043435765015,9.640586e-13
3185.4801455287766,-4.98532e-13
3186.9559474810517,2.1892531e-12
3188.431749433327,-4.7352053e-13
3189.907551385602,1.7272509e-12
3191.383353337877,1.7520971e-12
3192.859155290152,3.1048144e-12
3194.334957242427,1.6027493e-12
3195.8107591947023,1.2218989e-12
3197.2865611469774,1.5546623e-13
3198.7623630992525,-6.1613133e-13
3200.2381650515276,5.211918e-13
3201.7139670038027,6.1566025e-13
3203.189768956078,-1.235798e-13
3204.665570908353,8.852155e-13
3206.141372860628,-4.6972875e-13
3207.617174812903,-1.1127343e-12
3209.092976765178,9.856805e-14
3210.568778717453,2.1890196e-13
3212.044580669728,5.256191e-13
3213.520382622003,-1.9060263e-13
3214.9961845742782,3.3716451e-13
3216.4719865265533,3.3881066e-13
3217.9477884788284,-6.423081e-13
3219.4235904311035,9.289217e-13
3220.8993923833787,4.3068871e-13
3222.3751943356538,4.0214015e-13
3223.850996287929,6.3491654e-13
3225.326798240204,1.2077896e-13
3226.802600192479,-3.0263544e-13
3228.278402144754,-1.1175079e-13
3229.7542040970293,2.7136206e-13
3231.2300060493044,-1.1031263e-13
3232.7058080015795,-9.368716e-13
3234.1816099538546,4.447217e-13
3235.6574119061297,2.9419712e-13
3237.133213858405,-2.2689209e-13
3238.60901581068,-3.1668196e-13
3240.084817762955,3.9539837e-13
3241.56061971523,2.1916571e-14
3243.0364216675052,-3.3800567e-13
3244.5122236197803,6.320532e-13
3245.9880255720554,-1.10951064e-13
3247.4638275243306,1.4054011e-13
3248.9396294766057,3.1096024e-13
3250.4154314288808,1.5131458e-13
3251.891233381156,-1.5592818e-13
3253.367035333431,-1.5672582e-13
3254.842837285706,2.0997803e-13
3256.318639237981,-1.3171015e-14
3257.7944411902563,3.0603834e-13
3259.2702431425314,6.06839e-13
3260.7460450948065,-1.4085384e-13
3262.2218470470816,-1.6393518e-13
3263.6976489993567,7.700755e-15
3265.173450951632,2.3898746e-13
3266.649252903907,-3.308997e-14
3268.125054856182,-1.7028227e-13
3269.600856808457,3.5256e-13
3271.0766587607322,-7.4088745e-14
3272.5524607130073,4.5560374e-14
3274.0282626652825,1.1616218e-13
3275.5040646175576,1.2196774e-13
3276.9798665698327,2.857594e-14
3278.4556685221078,-5.863215e-14
3279.931470474383,-1.1670528e-13
3281.407272426658,7.884483e-14
3282.883074378933,3.1225608e-13
3284.358876331208,-4.3570724e-14
3285.8346782834833,-3.5685274e-14
3287.3104802357584,9.4044645e-14
3288.7862821880335,-1.9990503e-14
3290.2620841403086,7.794674e-14
3291.7378860925837,-2.7226832e-14
3293.213688044859,1.3965932e-13
3294.689489997134,-2.288079e-15
3296.165291949409,-5.1170866e-14
3297.641093901684,5.85923e-14
3299.1168958539592,-5.4475372e-14
3300.5926978062344,-2.6313734e-14
3302.0684997585095,7.896285e-15
3303.5443017107846,1.3423778e-13
3305.0201036630597,1.8457501e-13
3306.495905615335,-2.716782e-15
3307.97170756761,1.706713e-14
3309.447509519885,5.818867e-14
3310.92331147216,-3.6592325e-14
3312.399113424435,-4.480847e-14
3313.8749153767103,-6.9689225e-15
3315.3507173289854,-1.32702585e-14
3316.8265192812605,4.4474678e-14
3318.3023212335356,2.3842529e-14
3319.7781231858107,2.3129993e-14
3321.253925138086,-6.064909e-15
3322.729727090361,-6.0218533e-14
3324.205529042636,3.160965e-14
3325.681330994911,2.9594183e-14
3327.1571329471863,-4.1019224e-14
3328.6329348994614,2.0391068e-14
3330.1087368517365,-1.579644e-14
3331.5845388040116,-3.6886462e-14
3333.0603407562867,-5.4193395e-14
3334.536142708562,2.7331102e-14
3336.011944660837,1.7289311e-14
3337.487746613112,-2.936836e-14
3338.963548565387,-9.648122e-15
3340.439350517662,1.4656355e-14
3341.9151524699373,-3.416652e-14
3343.3909544222124,-3.1714052e-14
3344.8667563744875,7.730762e-14
3346.3425583267626,-2.6998735e-14
3347.8183602790377,-6.473762e-15
3349.294162231313,6.337106e-14
3350.769964183588,7.247703e-15
3352.2457661358626,-2.0107209e-14
3353.7215680881377,2.1234574e-14
3355.197370040413,4.0518274e-15
3356.673171992688,-5.8114956e-15
3358.148973944963,-4.0025817e-14
3359.624775897238,6.040627e-15
3361.1005778495132,5.062875e-14
3362.5763798017883,3.3849805e-14
3364.0521817540634,2.7209165e-14
3365.5279837063385,1.8991463e-14
3367.0037856586137,3.372832e-14
3368.4795876108888,-1.13579605e-14
3369.955389563164,2.437775e-14
3371.431191515439,3.5260247e-14
3372.906993467714,2.924172e-14
3374.382795419989,6.8600733e-15
3375.8585973722643,3.1626076e-14
3377.3343993245394,-1.20467745e-14
3378.8102012768145,-3.4842365e-14
3380.2860032290896,-3.3441657e-15
3381.7618051813647,-1.5750268e-14
3383.23760713364,-1.9495063e-14
3384.713409085915,8.672963e-15
3386.18921103819,1.9680741e-14
3387.665012990465,4.080323e-15
3389.1408149427402,-4.670064e-15
3390.6166168950153,-3.60103e-15
3392.0924188472904,1.53561e-14
3393.5682207995656,3.2116988e-16
3395.0440227518407,-3.4616655e-15
3396.5198247041158,1.352722e-14
3397.995626656391,-2.004974e-15
3399.471428608666,-5.08088e-15
3400.947230560941,9.480614e-15
3402.423032513216,-4.9721986e-15
3403.8988344654913,2.8847093e-14
3405.3746364177664,2.0932959e-14
3406.8504383700415,1.2864065e-15
3408.3262403223166,-1.06588195e-14
3409.8020422745917,8.123957e-15
3411.277844226867,2.061578e-14
3412.753646179142,5.1275516e-15
3414.229448131417,-4.2521935e-15
3415.705250083692,1.3611762e-14
3417.1810520359672,4.8023756e-16
3418.6568539882423,-8.43536e-15
3420.1326559405175,7.258555e-15
3421.6084578927926,-1.1425975e-14
3423.0842598450677,4.989394e-15
3424.5600617973428,2.0286722e-14
3426.035863749618,-9.455969e-15
3427.511665701893,-8.998285e-15
3428.987467654168,1.2791705e-14
3430.463269606443,-5.76536e-15
3431.9390715587183,-1.2448388e-14
3433.4148735109934,1.0292696e-14
3434.8906754632685,1.6150926e-14
3436.3664774155436,-1.4994342e-14
3437.8422793678187,3.3243108e-15
3439.318081320094,1.1308771e-14
3440.793883272369,3.4350532e-15
3442.269685224644,-4.6484533e-15
3443.7454871769187,6.737766e-15
3445.221289129194,-7.5758195e-15
3446.697091081469,6.608842e-15
3448.172893033744,-3.048381e-15
3449.648694986019,-1.5251563e-14
3451.124496938294,1.1057115e-14
3452.6002988905693,2.4243339e-15
3454.0761008428444,-6.4447095e-16
3455.5519027951195,5.430238e-15
3457.0277047473946,8.6839443e-16
3458.5035066996697,3.8099182e-16
3459.979308651945,4.233669e-15
3461.45511060422,3.2283225e-15
3462.930912556495,-6.8319687e-16
3464.40671450877,1.143229e-14
3465.8825164610453,1.0504459e-14
3467.3583184133204,-1.341181e-15
3468.8341203655955,9.988036e-15
3470.3099223178706,-8.2214426e-16
3471.7857242701457,-4.0845034e-15
3473.261526222421,9.126416e-15
3474.737328174696,1.19131355e-14
3476.213130126971,4.787421e-15
3477.688932079246,2.4028654e-15
3479.164734031521,2.768556e-15
3480.6405359837963,-3.6388904e-15
3482.1163379360714,-1.8349016e-15
3483.5921398883465,8.789442e-15
3485.0679418406216,-9.822946e-15
3486.5437437928967,-6.490941e-15
3488.019545745172,6.7843383e-15
3489.495347697447,1.348389e-15
3490.971149649722,-4.051543e-15
3492.446951601997,-4.3532414e-16
3493.9227535542723,-6.505901e-16
3495.3985555065474,-4.0468816e-15
3496.8743574588225,4.8551785e-15
3498.3501594110976,4.3877903e-15
3499.8259613633727,-5.622363e-15
3501.301763315648,3.2164926e-15
3502.777565267923,7.902215e-15
3504.253367220198,7.4718276e-15
3505.729169172473,3.2285976e-15
3507.204971124748,-1.9062767e-15
3508.6807730770233,-3.756008e-15
3510.1565750292984,-1.9391354e-15
3511.6323769815735,1.3727067e-15
3513.1081789338486,7.2800584e-15
3514.5839808861238,-2.6160144e-16
3516.059782838399,2.2139514e-15
3517.535584790674,-3.2315165e-15
3519.011386742949,-6.2078198e-15
3520.487188695224,2.0189191e-15
3521.9629906474993,-1.9771818e-15
3523.4387925997744,2.2100182e-15
3524.9145945520495,1.2394755e-15
3526.3903965043246,9.257117e-17
3527.8661984565997,-1.660578e-15
3529.342000408875,-7.672459e-16
3530.81780236115,-1.3471114e-15
3532.293604313425,-5.143653e-15
3533.7694062657,1.3774688e-15
3535.2452082179752,-3.473006e-15
3536.7210101702503,-1.2253877e-15
3538.1968121225254,3.4472445e-15
3539.6726140748005,7.136373e-15
3541.1484160270757,3.233295e-15
3542.6242179793508,-1.0065976e-16
3544.100019931626,2.5407018e-15
3545.575821883901,-6.718643e-16
3547.051623836176,2.8131198e-17
3548.527425788451,2.3369103e-15
3550.0032277407263,1.9976946e-15
3551.4790296930014,-2.1811763e-15
3552.9548316452765,1.906683e-15
3554.4306335975516,1.0379976e-15
3555.9064355498267,-6.2526797e-16
3557.382237502102,1.2425994e-14
3558.858039454377,-2.2725664e-16
3560.333841406652,-4.863523e-15
3561.809643358927,1.0132424e-15
3563.2854453112022,1.0339242e-15
3564.7612472634773,5.635288e-15
3566.2370492157524,2.6788501e-15
3567.7128511680276,5.3232256e-15
3569.1886531203027,-2.487072e-15
3570.6644550725778,-5.861155e-16
3572.140257024853,2.0747604e-15
3573.616058977128,6.8178434e-16
3575.091860929403,-5.5808296e-16
3576.567662881678,2.212499e-15
3578.0434648339533,-5.695389e-16
3579.5192667862284,-3.89507e-15
3580.9950687385035,4.1294097e-17
3582.4708706907786,-4.0355174e-15
3583.9466726430537,-5.4985855e-15
3585.422474595329,4.4416837e-15
3586.898276547604,1.3758569e-15
3588.374078499879,-3.3018205e-17
3589.849880452154,4.5082287e-15
3591.3256824044292,2.6992723e-15
3592.8014843567043,1.311267e-17
3594.277286308979,4.9351824e-15
3595.753088261254,5.522522e-15
3597.228890213529,3.0712075e-16
3598.7046921658043,-2.4348976e-16
3600.1804941180794,4.003746e-15
3601.6562960703545,5.7439517e-16
3603.1320980226296,9.773297e-16
3604.6078999749047,6.5521963e-15
3606.08370192718,1.79313e-16
3607.559503879455,8.5434136e-16
3609.03530583173,2.777043e-15
3610.511107784005,6.924664e-16
3611.9869097362803,4.507469e-15
3613.4627116885554,4.176466e-15
3614.9385136408305,8.2486424e-16
3616.4143155931056,3.5964663e-15
3617.8901175453807,8.977679e-16
3619.365919497656,-2.7694727e-15
3620.841721449931,1.7612448e-15
3622.317523402206,2.75228e-15
3623.793325354481,-8.967855e-16
3625.269127306756,-3.1105108e-15
3626.7449292590313,-2.1651675e-16
3628.2207312113064,1.8836778e-15
3629.6965331635815,-2.9843404e-15
3631.1723351158566,-2.237661e-15
3632.6481370681317,-3.0680501e-15
3634.123939020407,-3.0556654e-15
3635.599740972682,4.9132112e-15
3637.075542924957,4.1510853e-15
3638.551344877232,-1.5498676e-15
3640.0271468295073,-7.718172e-16
3641.5029487817824,2.936393e-15
3642.9787507340575,-7.104006e-16
3644.4545526863326,3.5033522e-15
3645.9303546386077,5.309088e-15
3647.406156590883,1.3983305e-15
3648.881958543158,1.5241251e-15
3650.357760495433,7.499414e-15
3651.833562447708,1.9495293e-15
3653.309364399983,3.6302862e-15
3654.7851663522583,4.0934934e-15
3656.2609683045334,3.2200044e-15
3657.7367702568085,7.186883e-17
3659.2125722090836,4.0547868e-17
3660.6883741613588,7.754205e-15
3662.164176113634,-2.2573083e-15
3663.639978065909,3.3711782e-15
3665.115780018184,2.357091e-15
3666.591581970459,2.6849509e-15
3668.0673839227343,1.2653892e-14
3669.5431858750094,3.0549702e-15
3671.0189878272845,1.9974775e-15
3672.4947897795596,-3.9826255e-17
3673.9705917318347,-1.5864058e-15
3675.44639368411,7.722651e-16
3676.922195636385,7.59777e-15
3678.39799758866,1.0517741e-14
3679.873799540935,9.050725e-15
3681.3496014932102,8.792152e-15
3682.8254034454853,5.290396e-15
3684.3012053977604,-8.7208797e-16
3685.777007350035,8.434622e-15
3687.25280930231,1.2046371e-14
3688.7286112545853,9.335478e-15
3690.2044132068604,1.0570154e-15
3691.6802151591355,7.318253e-15
3693.1560171114106,4.139806e-15
3694.6318190636857,1.0055847e-14
3696.107621015961,1.048467e-14
3697.583422968236,1.0772887e-14
3699.059224920511,1.1524484e-14
3700.535026872786,1.2034479e-14
3702.0108288250613,1.033988e-14
3703.4866307773364,1.0322374e-14
3704.9624327296115,1.014574e-14
3706.4382346818866,2.8327452e-15
3707.9140366341617,7.4508914e-15
3709.389838586437,1.3510179e-14
3710.865640538712,5.6811304e-15
3712.341442490987,9.496671e-15
3713.817244443262,9.71596e-15
3715.293046395537,9.484178e-15
3716.7688483478123,9.0329355e-15
3718.2446503000874,1.1664385e-14
3719.7204522523625,3.4472826e-15
3721.1962542046376,8.506139e-15
3722.6720561569127,1.1585459e-14
3724.147858109188,2.0931772e-15
3725.623660061463,1.0127526e-14
3727.099462013738,8.130355e-15
3728.575263966013,1.03820015e-14
3730.0510659182883,1.2568799e-14
3731.5268678705634,8.5781525e-15
3733.0026698228385,1.00282255e-14
3734.4784717751136,1.0992658e-14
3735.9542737273887,1.04177505e-14
3737.430075679664,8.599828e-15
3738.905877631939,5.9501888e-15
3740.381679584214,7.0778323e-15
3741.857481536489,9.911778e-15
3743.333283488764,8.491735e-15
3744.8090854410393,6.8112757e-15
3746.2848873933144,9.256758e-15
3747.7606893455895,9.067954e-15
3749.2364912978646,8.390095e-15
3750.7122932501397,8.028665e-15
3752.188095202415,4.7950213e-15
3753.66389715469,7.6100904e-15
3755.139699106965,8.4625054e-15
3756.61550105924,9.129923e-15
3758.0913030115153,7.86269e-15
3759.5671049637904,9.73441e-15
3761.0429069160655,9.051838e-15
3762.5187088683406,9.306659e-15
3763.9945108206157,7.6514206e-15
3765.470312772891,8.986926e-15
3766.946114725166,8.369548e-15
3768.421916677441,8.183612e-15
3769.897718629716,6.606701e-15
3771.373520581991,7.416051e-15
3772.8493225342663,7.8031004e-15
3774.3251244865414,9.392793e-15
3775.8009264388165,8.956858e-15
3777.2767283910916,7.932305e-15
3778.7525303433667,8.8351694e-15
3780.228332295642,9.49608e-15
3781.704134247917,7.533503e-15
3783.179936200192,8.009601e-15
3784.655738152467,7.591457e-15
3786.1315401047423,9.032491e-15
3787.6073420570174,6.7596266e-15
3789.0831440092925,8.041238e-15
3790.5589459615676,8.150678e-15
3792.0347479138427,7.4804605e-15
3793.510549866118,8.236308e-15
3794.986351818393,7.743802e-15
3796.462153770668,6.961909e-15
3797.937955722943,9.049026e-15
3799.413757675218,8.35479e-15
3800.8895596274933,8.025474e-15
3802.3653615797684,8.302163e-15
3803.8411635320435,8.614118e-15
3805.3169654843186,7.5228105e-15
3806.7927674365937,8.371495e-15
3808.268569388869,8.832132e-15
3809.744371341144,7.545096e-15
3811.220173293419,7.913818e-15
3812.695975245694,8.068993e-15
3814.1717771979693,5.800044e-15
3815.6475791502444,6.3495385e-15
3817.1233811025195,7.1428815e-15
3818.5991830547946,8.201779e-15
3820.0749850070697,6.63835e-15
3821.550786959345,5.7119925e-15
3823.02658891162,7.947522e-15
3824.502390863895,6.6295253e-15
3825.97819281617,5.9943658e-15
3827.453994768445,7.032385e-15
3828.9297967207203,6.0553653e-15
3830.4055986729954,5.297354e-15
3831.8814006252705,6.64901e-15
3833.3572025775456,5.208961e-15
3834.8330045298208,6.205343e-15
3836.308806482096,6.030549e-15
3837.784608434371,5.329082e-15
3839.260410386646,7.202422e-15
3840.736212338921,7.513654e-15
3842.2120142911963,6.863016e-15
3843.6878162434714,6.374676e-15
3845.1636181957465,7.271706e-15
3846.6394201480216,6.8008034e-15
3848.1152221002967,7.51576e-15
3849.591024052572,7.0292473e-15
3851.0668260048465,6.655017e-15
3852.5426279571216,6.074281e-15
3854.0184299093967,5.6962487e-15
3855.494231861672,5.234596e-15
3856.970033813947,5.5428074e-15
3858.445835766222,6.3216068e-15
3859.921637718497,6.1228666e-15
3861.397439670772,6.9011277e-15
3862.8732416230473,5.9181853e-15
3864.3490435753224,6.4553173e-15
3865.8248455275975,7.292636e-15
3867.3006474798726,7.030483e-15
3868.7764494321477,7.782895e-15
3870.252251384423,7.0554943e-15
3871.728053336698,6.9232128e-15
3873.203855288973,6.74528e-15
3874.679657241248,7.5028e-15
3876.1554591935233,7.4214875e-15
3877.6312611457984,5.616682e-15
3879.1070630980735,5.568471e-15
3880.5828650503486,5.612722e-15
3882.0586670026237,4.9952997e-15
3883.534468954899,5.5502838e-15
3885.010270907174,4.9072977e-15
3886.486072859449,6.4528016e-15
3887.961874811724,6.6344732e-15
3889.437676763999,6.0432455e-15
3890.9134787162743,5.7433522e-15
3892.3892806685494,5.914224e-15
3893.8650826208245,5.342434e-15
3895.3408845730996,5.636407e-15
3896.8166865253747,5.553504e-15
3898.29248847765,5.2508343e-15
3899.768290429925,5.662227e-15
3901.2440923822,5.4016392e-15
3902.719894334475,5.417474e-15
3904.1956962867503,6.3079204e-15
3905.6714982390254,6.1465365e-15
3907.1473001913005,5.216214e-15
3908.6231021435756,5.111776e-15
3910.0989040958507,5.3536925e-15
3911.5747060481253,5.6083458e-15
3913.0505080004004,5.9495992e-15
3914.5263099526755,5.5298305e-15
3916.0021119049507,5.186846e-15
3917.4779138572258,4.8942428e-15
3918.953715809501,5.2615315e-15
3920.429517761776,5.10551e-15
3921.905319714051,4.61726e-15
3923.381121666326,4.2615693e-15
3924.8569236186013,4.2711865e-15
3926.3327255708764,3.7532314e-15
3927.8085275231515,2.750051e-15
3929.2843294754266,2.8041962e-15
3930.7601314277017,2.8475564e-15
3932.235933379977,2.832317e-15
3933.711735332252,3.8462585e-15
3935.187537284527,3.849313e-15
3936.663339236802,4.47283e-15
3938.1391411890772,5.081499e-15
3939.6149431413523,5.32265e-15
3941.0907450936274,5.1850144e-15
3942.5665470459026,5.3083656e-15
3944.0423489981777,5.106509e-15
3945.5181509504528,5.783642e-15
3946.993952902728,5.9740023e-15
3948.469754855003,5.3012933e-15
3949.945556807278,5.519174e-15
3951.421358759553,5.7896697e-15
3952.8971607118283,5.5539027e-15
3954.3729626641034,6.0662827e-15
3955.8487646163785,5.5107244e-15
3957.3245665686536,4.7860136e-15
3958.8003685209287,4.62701e-15
3960.276170473204,4.2156982e-15
3961.751972425479,3.3338844e-15
3963.227774377754,3.1773205e-15
3964.703576330029,2.76531e-15
3966.1793782823042,2.7492746e-15
3967.6551802345793,3.5273453e-15
3969.1309821868545,3.4663983e-15
3970.6067841391296,4.2024104e-15
3972.0825860914047,4.634868e-15
3973.5583880436798,4.3753974e-15
3975.034189995955,4.8102578e-15
3976.50999194823,4.7260152e-15
3977.985793900505,4.7163853e-15
3979.46159585278,4.9617886e-15
3980.9373978050553,4.746141e-15
3982.4131997573304,5.319917e-15
3983.8890017096055,5.566647e-15
3985.3648036618806,4.9590865e-15
3986.8406056141557,5.394642e-15
3988.316407566431,5.3943107e-15
3989.792209518706,4.580024e-15
3991.268011470981,4.558903e-15
3992.743813423256,5.0686053e-15
3994.2196153755312,4.837915e-15
3995.6954173278064,5.082187e-15
3997.1712192800815,5.164445e-15
3998.6470212323566,4.990086e-15
4000.1228231846317,5.3084847e-15
4001.598625136907,4.505776e-15
4003.074427089182,4.645942e-15
4004.550229041457,4.9270035e-15
4006.026030993732,4.724524e-15
4007.501832946007,5.481967e-15
4008.9776348982823,5.1011467e-15
4010.4534368505574,4.7370127e-15
4011.9292388028325,5.1422557e-15
4013.4050407551076,5.0898875e-15
4014.8808427073827,5.5892e-15
4016.356644659658,5.378263e-15
4017.832446611933,4.7617694e-15
4019.308248564208,4.5759286e-15
4020.784050516483,5.0064666e-15
4022.2598524687583,4.7643825e-15
4023.7356544210334,4.602278e-15
4025.2114563733085,5.099057e-15
4026.6872583255836,5.2579384e-15
4028.1630602778587,5.2677445e-15
4029.638862230134,4.935314e-15
4031.114664182409,5.0814608e-15
4032.590466134684,4.930537e-15
4034.066268086959,4.640748e-15
4035.542070039234,5.067449e-15
4037.0178719915093,4.6288025e-15
4038.4936739437844,5.188415e-15
4039.9694758960595,5.3063984e-15
4041.4452778483346,4.8921417e-15
4042.9210798006097,5.00069e-15
4044.396881752885,4.7712163e-15
4045.87268370516,4.608308e-15
4047.348485657435,4.870013e-15
4048.82428760971,4.9492707e-15
4050.3000895619853,4.6722926e-15
4051.7758915142604,4.4715212e-15
4053.2516934665355,5.1247306e-15
4054.7274954188106,4.8527322e-15
4056.2032973710857,4.9207613e-15
4057.679099323361,4.9558725e-15
4059.154901275636,4.72132e-15
4060.630703227911,4.8867423e-15
4062.106505180186,4.816266e-15
4063.582307132461,4.6496163e-15
4065.0581090847363,4.984403e-15
4066.5339110370114,4.841403e-15
4068.0097129892865,4.505361e-15
4069.4855149415616,4.6590776e-15
4070.9613168938367,4.668725e-15
4072.437118846112,4.2498205e-15
4073.912920798387,4.435951e-15
4075.388722750662,4.6943917e-15
4076.864524702937,4.8659853e-15
4078.3403266552123,4.7859754e-15
4079.8161286074874,4.6254182e-15
4081.2919305597625,4.52311e-15
4082.7677325120376,4.620073e-15
4084.2435344643127,5.0165315e-15
4085.719336416588,4.8777595e-15
4087.195138368863,4.8896108e-15
4088.670940321138,4.944541e-15
4090.146742273413,4.657378e-15
4091.622544225688,4.958462e-15
4093.098346177963,4.973019e-15
4094.574148130238,4.7386043e-15
4096.0499500825135,4.481828e-15
4097.525752034788,4.325826e-15
4099.001553987064,4.4574927e-15
4100.477355939338,4.4527184e-15
4101.953157891614,4.7000245e-15
4103.428959843888,4.839661e-15
4104.904761796164,4.5578415e-15
4106.380563748438,5.0997478e-15
4107.856365700714,4.9807117e-15
4109.332167652989,4.7597293e-15
4110.807969605265,4.7254956e-15
4112.283771557539,4.903292e-15
4113.759573509815,4.9977786e-15
4115.235375462089,4.583969e-15
4116.711177414365,4.8083566e-15
4118.186979366639,4.6063054e-15
4119.662781318915,4.5563935e-15
4121.138583271189,4.7027947e-15
4122.614385223465,4.2838382e-15
4124.09018717574,4.2923983e-15
4125.565989128016,4.2724223e-15
4127.04179108029,4.1034846e-15
4128.517593032566,4.2010263e-15
4129.99339498484,4.24208e-15
4131.469196937116,4.6622845e-15
4132.94499888939,4.555034e-15
4134.420800841666,4.422695e-15
4135.8966027939405,4.4094087e-15
4137.3724047462165,4.577646e-15
4138.848206698491,4.427944e-15
4140.324008650767,4.176213e-15
4141.799810603041,4.4080835e-15
4143.275612555317,4.4456855e-15
4144.751414507591,4.6160424e-15
4146.227216459867,4.4149356e-15
4147.703018412141,4.420711e-15
4149.178820364417,4.3340694e-15
4150.6546223166915,4.4062273e-15
4152.1304242689675,4.2221137e-15
4153.606226221242,4.492559e-15
4155.082028173517,4.473151e-15
4156.557830125792,4.550477e-15
4158.033632078067,4.4293775e-15
4159.509434030342,4.250191e-15
4160.985235982617,4.4591207e-15
4162.461037934892,4.333854e-15
4163.9368398871675,4.3331576e-15
4165.412641839443,4.328944e-15
4166.888443791718,4.3622277e-15
4168.364245743993,3.99931e-15
4169.840047696268,3.9587067e-15
4171.315849648543,3.8509857e-15
4172.791651600818,3.6695958e-15
4174.267453553093,4.202714e-15
4175.743255505368,3.8306807e-15
4177.219057457643,4.0915465e-15
4178.6948594099185,4.454801e-15
4180.170661362194,4.253544e-15
4181.646463314469,4.3039747e-15
4183.122265266744,4.0603727e-15
4184.598067219019,4.3374643e-15
4186.073869171294,4.348569e-15
4187.549671123569,4.056917e-15
4189.025473075844,4.3976087e-15
4190.501275028119,3.9267473e-15
4191.9770769803945,3.981682e-15
4193.45287893267,4.4191555e-15
4194.928680884945,4.1876953e-15
4196.40448283722,4.3597574e-15
4197.880284789495,3.976525e-15
4199.35608674177,4.1797667e-15
4200.831888694045,3.9670653e-15
4202.30769064632,3.9749914e-15
4203.783492598595,4.137727e-15
4205.25929455087,4.346217e-15
4206.7350965031455,4.480702e-15
4208.210898455421,4.2223106e-15
4209.686700407696,4.229914e-15
4211.162502359971,4.3909896e-15
4212.638304312246,4.1735007e-15
4214.114106264521,4.0774637e-15
4215.589908216796,4.0036317e-15
4217.065710169071,4.2046262e-15
4218.541512121346,4.5634256e-15
4220.0173140736215,4.406463e-15
4221.493116025897,4.28202e-15
4222.968917978172,3.8958615e-15
4224.444719930447,4.125767e-15
4225.920521882722,4.0473026e-15
4227.396323834997,3.716079e-15
4228.872125787272,4.143564e-15
4230.347927739547,4.0015357e-15
4231.823729691822,4.0658013e-15
4233.299531644097,4.0197414e-15
4234.775333596373,4.063196e-15
4236.251135548648,4.018601e-15
4237.726937500923,3.906599e-15
4239.202739453198,3.865983e-15
4240.678541405473,3.6746733e-15
4242.154343357748,3.9540925e-15
4243.630145310023,3.658162e-15
4245.105947262298,3.57719e-15
4246.581749214573,3.862615e-15
4248.0575511668485,4.0154147e-15
4249.533353119124,4.0399516e-15
4251.009155071399,3.834628e-15
4252.484957023674,4.4275856e-15
4253.960758975949,4.22231e-15
4255.436560928224,4.0327145e-15
4256.912362880499,4.317374e-15
4258.388164832774,3.955853e-15
4259.863966785049,3.8861444e-15
4261.339768737324,4.320918e-15
4262.8155706896,4.1223336e-15
4264.291372641875,4.082498e-15
4265.76717459415,3.6960037e-15
4267.242976546425,3.91569e-15
4268.7187784987,3.9669594e-15
4270.194580450975,3.887841e-15
4271.67038240325,3.848153e-15
4273.146184355525,3.5664293e-15
4274.6219863078,3.7225654e-15
4276.0977882600755,3.709156e-15
4277.573590212351,3.7510676e-15
4279.049392164626,3.968024e-15
4280.525194116901,3.819564e-15
4282.000996069176,3.8774305e-15
4283.476798021451,3.854381e-15
4284.952599973726,3.5995004e-15
4286.428401926001,3.688898e-15
4287.904203878276,3.4739333e-15
4289.380005830551,3.592462e-15
4290.855807782827,3.3381285e-15
4292.331609735102,3.368332e-15
4293.807411687377,3.261457e-15
4295.283213639652,3.530803e-15
4296.759015591927,3.434488e-15
4298.234817544202,3.3723173e-15
4299.710619496477,3.5752456e-15
4301.186421448752,3.4084913e-15
4302.662223401027,3.5638822e-15
4304.1380253533025,3.6356242e-15
4305.613827305578,3.497596e-15
4307.089629257853,3.5729595e-15
4308.565431210128,3.5015753e-15
4310.041233162403,3.4623084e-15
4311.517035114678,3.5031974e-15
4312.992837066953,3.4687484e-15
4314.468639019228,3.579786e-15
4315.944440971503,3.7447983e-15
4317.4202429237785,3.710585e-15
4318.896044876054,3.4726839e-15
4320.371846828329,3.3265845e-15
4321.847648780604,3.5856713e-15
4323.323450732879,3.78054e-15
4324.799252685154,3.7164096e-15
4326.275054637429,4.0065548e-15
4327.750856589704,3.6898907e-15
4329.226658541979,3.883211e-15
4330.702460494254,3.64148e-15
4332.1782624465295,3.3120572e-15
4333.654064398805,3.4123758e-15
4335.129866351079,3.1545224e-15
4336.605668303355,3.2186903e-15
4338.081470255629,3.2063668e-15
4339.557272207905,3.4157995e-15
4341.033074160179,3.6367796e-15
4342.508876112455,3.7897385e-15
4343.984678064729,3.660929e-15
4345.4604800170055,3.7083903e-15
4346.93628196928,3.83094e-15
4348.412083921556,3.818397e-15
4349.88788587383,3.5587357e-15
4351.363687826106,3.6027085e-15
4352.83948977838,3.6489925e-15
4354.315291730656,3.6435673e-15
4355.79109368293,3.809302e-15
4357.266895635206,3.7600614e-15
4358.7426975874805,3.5087336e-15
4360.2184995397565,3.566033e-15
4361.694301492031,3.714382e-15
4363.170103444307,3.6325224e-15
4364.645905396581,3.4512326e-15
4366.121707348857,3.5293563e-15
4367.597509301131,3.404809e-15
4369.073311253407,3.4099863e-15
4370.549113205681,3.357298e-15
4372.024915157957,3.3418376e-15
4373.500717110232,3.7043017e-15
4374.976519062508,3.595e-15
4376.452321014782,3.499146e-15
4377.928122967058,3.35052e-15
4379.403924919332,3.5511136e-15
4380.879726871608,3.39411e-15
4382.355528823882,3.2848664e-15
4383.831330776158,3.5082364e-15
4385.307132728432,3.4739701e-15
4386.782934680708,3.3136403e-15
4388.258736632983,3.4406267e-15
4389.734538585259,3.4433763e-15
4391.210340537533,3.3923655e-15
4392.686142489809,3.2345357e-15
4394.161944442083,3.2209027e-15
4395.637746394358,3.3468275e-15
4397.113548346633,3.5583536e-15
4398.589350298908,3.5444371e-15
4400.0651522511835,3.3410632e-15
4401.540954203459,3.4834433e-15
4403.016756155734,3.46061e-15
4404.492558108009,3.3784017e-15
4405.968360060284,3.3387993e-15
4407.444162012559,3.109119e-15
4408.919963964834,3.4615274e-15
4410.395765917109,3.1685023e-15
4411.871567869384,3.323415e-15
4413.347369821659,3.2059176e-15
4414.8231717739345,3.4598943e-15
4416.29897372621,3.5215924e-15
4417.774775678485,3.669238e-15
4419.25057763076,3.7562684e-15
4420.726379583035,3.7403217e-15
4422.20218153531,3.8771447e-15
4423.677983487585,4.027639e-15
4425.15378543986,3.82997e-15
4426.629587392135,3.8521856e-15
4428.1053893444105,3.807037e-15
4429.581191296686,3.7728093e-15
4431.056993248961,3.575874e-15
4432.532795201236,3.7545345e-15
4434.008597153511,3.553348e-15
4435.484399105786,3.455583e-15
4436.960201058061,3.4436211e-15
4438.436003010336,3.3082009e-15
4439.911804962611,3.6295976e-15
4441.387606914886,3.3729574e-15
4442.8634088671615,3.66129e-15
4444.339210819437,3.744459e-15
4445.815012771712,3.557304e-15
4447.290814723987,3.5479466e-15
4448.766616676262,3.3513723e-15
4450.242418628537,3.5731827e-15
4451.718220580812,3.5921524e-15
4453.194022533087,3.78868e-15
4454.669824485362,3.5666453e-15
4456.1456264376375,3.7206435e-15
4457.621428389913,3.6212475e-15
4459.097230342188,3.5963617e-15
4460.573032294463,3.5313365e-15
4462.048834246738,3.4016545e-15
4463.524636199013,3.5985513e-15
4465.000438151288,3.4644224e-15
4466.476240103563,3.4680754e-15
4467.952042055838,3.5784868e-15
4469.427844008113,3.787799e-15
4470.9036459603885,3.628803e-15
4472.379447912664,3.5436572e-15
4473.855249864939,3.5567193e-15
4475.331051817214,3.581946e-15
4476.806853769489,3.740408e-15
4478.282655721764,3.61855e-15
4479.758457674039,3.4345636e-15
4481.234259626314,3.4608998e-15
4482.710061578589,3.387412e-15
4484.1858635308645,3.492457e-15
4485.66166548314,3.4376688e-15
4487.137467435415,3.6962697e-15
4488.61326938769,3.3425826e-15
4490.089071339965,3.1904212e-15
4491.56487329224,3.4844375e-15
4493.040675244515,3.4196838e-15
4494.51647719679,3.4951557e-15
4495.992279149065,3.48925e-15
4497.46808110134,3.562749e-15
4498.9438830536155,3.712508e-15
4500.419685005891,3.4875497e-15
4501.895486958166,3.5759406e-15
4503.371288910441,3.7793704e-15
4504.847090862716,3.7100496e-15
4506.322892814991,3.4196823e-15
4507.798694767266,3.5325526e-15
4509.274496719541,3.563244e-15
4510.750298671816,3.4612123e-15
4512.2261006240915,3.5621644e-15
4513.701902576367,3.4948749e-15
4515.177704528642,3.3730813e-15
4516.653506480917,3.20113e-15
4518.129308433192,3.165862e-15
4519.605110385467,3.3503948e-15
4521.080912337742,3.5660345e-15
4522.556714290017,3.6671686e-15
4524.032516242292,3.4510867e-15
4525.508318194567,3.51053e-15
4526.9841201468425,3.328401e-15
4528.459922099118,3.2735329e-15
4529.935724051393,3.5407087e-15
4531.411526003668,3.679889e-15
4532.887327955943,3.5788603e-15
4534.363129908218,3.4429977e-15
4535.838931860493,3.5284085e-15
4537.314733812768,3.550286e-15
4538.790535765043,3.623803e-15
4540.2663377173185,3.6390407e-15
4541.742139669594,3.4906406e-15
4543.217941621869,3.4850974e-15
4544.693743574144,3.3170515e-15
4546.169545526419,3.2672282e-15
4547.645347478694,3.2573992e-15
4549.121149430969,3.2215388e-15
4550.596951383244,3.5700325e-15
4552.072753335519,3.481099e-15
4553.548555287794,3.5849433e-15
4555.02435724007,3.5857687e-15
4556.500159192345,3.5093136e-15
4557.97596114462,3.56686e-15
4559.451763096895,3.486605e-15
4560.92756504917,3.6315826e-15
4562.403367001445,3.571444e-15
4563.87916895372,3.649543e-15
4565.354970905995,3.5143024e-15
4566.83077285827,3.4013305e-15
4568.3065748105455,3.5852673e-15
4569.782376762821,3.484881e-15
4571.258178715096,3.6629216e-15
4572.733980667371,3.401001e-15
4574.209782619646,3.3900774e-15
4575.685584571921,3.5108842e-15
4577.161386524196,3.6265025e-15
4578.63718847647,3.544752e-15
4580.112990428746,3.476224e-15
4581.5887923810205,3.5864794e-15
4583.064594333297,3.459482e-15
4584.540396285571,3.4558e-15
4586.016198237847,3.5242093e-15
4587.492000190121,3.4972908e-15
4588.967802142397,3.5604907e-15
4590.443604094671,3.3324536e-15
4591.919406046947,3.4369363e-15
4593.395207999221,3.716606e-15
4594.871009951497,3.6719022e-15
4596.346811903772,3.589348e-15
4597.822613856048,3.4083422e-15
4599.298415808322,3.481932e-15
4600.774217760598,3.6922026e-15
4602.250019712872,3.641216e-15
4603.725821665148,3.565585e-15
4605.201623617422,3.5270524e-15
4606.677425569698,3.5606783e-15
4608.153227521972,3.338384e-15
4609.6290294742485,3.4047834e-15
4611.104831426523,3.5002919e-15
4612.580633378799,3.369251e-15
4614.056435331073,3.615987e-15
4615.532237283349,3.7909192e-15
4617.008039235623,3.6237425e-15
4618.483841187899,3.4265335e-15
4619.959643140173,3.5407114e-15
4621.435445092449,3.3871198e-15
4622.9112470447235,3.4555944e-15
4624.3870489969995,3.5820392e-15
4625.862850949274,3.5139537e-15
4627.33865290155,3.8224615e-15
4628.814454853824,3.643177e-15
4630.2902568061,3.691692e-15
4631.766058758374,3.703759e-15
4633.24186071065,3.5383448e-15
4634.717662662924,3.5701604e-15
4636.1934646152,3.5248543e-15
4637.669266567475,3.434423e-15
4639.14506851975,3.6048714e-15
4640.620870472025,3.7048882e-15
4642.0966724243,3.557836e-15
4643.572474376575,3.4472075e-15
4645.04827632885,3.7109327e-15
4646.524078281125,3.5491216e-15
4647.9998802334,3.54848e-15
4649.475682185675,3.5601832e-15
4650.9514841379505,3.4350104e-15
4652.427286090226,3.3822275e-15
4653.903088042501,3.3297094e-15
4655.378889994776,3.441249e-15
4656.854691947051,3.4653763e-15
4658.330493899326,3.473205e-15
4659.806295851601,3.519101e-15
4661.282097803876,3.4761849e-15
4662.757899756151,3.4868323e-15
4664.233701708426,3.603255e-15
4665.709503660702,3.6388718e-15
4667.185305612977,3.7540653e-15
4668.661107565252,3.6390323e-15
4670.136909517527,3.4716844e-15
4671.612711469802,3.4399592e-15
4673.088513422077,3.6521757e-15
4674.564315374352,3.8290476e-15
4676.040117326627,3.7041445e-15
4677.515919278902,3.6947433e-15
4678.9917212311775,3.645708e-15
4680.467523183453,3.7030332e-15
4681.943325135728,3.7410074e-15
4683.419127088003,3.785221e-15
4684.894929040278,3.7853585e-15
4686.370730992553,3.605765e-15
4687.846532944828,3.6742087e-15
4689.322334897103,3.808178e-15
4690.798136849378,3.795249e-15
4692.2739388016535,3.7049293e-15
4693.749740753929,3.537035e-15
4695.225542706204,3.727861e-15
4696.701344658479,3.6918956e-15
4698.177146610754,3.552283e-15
4699.652948563029,3.6906555e-15
4701.128750515304,3.6302786e-15
4702.604552467579,3.58328e-15
4704.080354419854,3.3854742e-15
4705.556156372129,3.422988e-15
4707.0319583244045,3.6221246e-15
4708.50776027668,3.685285e-15
4709.983562228955,3.82155e-15
4711.45936418123,3.7184734e-15
4712.935166133505,3.568122e-15
4714.41096808578,3.6591654e-15
4715.886770038055,3.585956e-15
4717.36257199033,3.4499571e-15
4718.838373942605,3.4808887e-15
4720.3141758948805,3.6818743e-15
4721.789977847156,3.5703455e-15
4723.265779799431,3.5910678e-15
4724.741581751706,3.587123e-15
4726.217383703981,3.5852567e-15
4727.693185656256,3.426723e-15
4729.168987608531,3.4859929e-15
4730.644789560806,3.5110716e-15
4732.120591513081,3.4781862e-15
4733.596393465356,3.5817195e-15
4735.0721954176315,3.584255e-15
4736.547997369907,3.8034418e-15
4738.023799322182,3.7142433e-15
4739.499601274457,3.6521198e-15
4740.975403226732,3.658806e-15
4742.451205179007,3.6216452e-15
4743.927007131282,3.636492e-15
4745.402809083557,3.5612907e-15
4746.878611035832,3.7060622e-15
4748.3544129881075,3.5961173e-15
4749.830214940383,3.5726706e-15
4751.306016892658,3.6524717e-15
4752.781818844933,3.5470885e-15
4754.257620797208,3.5042054e-15
4755.733422749483,3.4518486e-15
4757.209224701758,3.5405067e-15
4758.685026654033,3.4745728e-15
4760.160828606308,3.4957084e-15
4761.636630558583,3.3221494e-15
4763.1124325108585,3.4975375e-15
4764.588234463134,3.5757204e-15
4766.064036415409,3.3548885e-15
4767.539838367684,3.5841716e-15
4769.015640319959,3.6027593e-15
4770.491442272234,3.57811e-15
4771.967244224509,3.6045174e-15
4773.443046176784,3.6245857e-15
4774.918848129059,3.4393476e-15
4776.3946500813345,3.5298497e-15
4777.87045203361,3.4268264e-15
4779.346253985885,3.4662164e-15
4780.82205593816,3.6511715e-15
4782.297857890435,3.6329624e-15
4783.77365984271,3.6711526e-15
4785.249461794985,3.617492e-15
4786.72526374726,3.4817446e-15
4788.201065699535,3.4220785e-15
4789.67686765181,3.332525e-15
4791.1526696040855,3.2655458e-15
4792.628471556361,3.451118e-15
4794.104273508636,3.5331188e-15
4795.580075460911,3.4200615e-15
4797.055877413186,3.5048828e-15
4798.531679365461,3.551463e-15
4800.007481317736,3.584493e-15
4801.483283270011,3.508281e-15
4802.959085222286,3.4632316e-15
4804.4348871745615,3.6067675e-15
4805.910689126837,3.588549e-15
4807.386491079112,3.52266e-15
4808.862293031387,3.3678528e-15
4810.338094983662,3.4838173e-15
4811.813896935937,3.455438e-15
4813.289698888212,3.4926734e-15
4814.765500840487,3.3825621e-15
4816.241302792762,3.575901e-15
4817.717104745037,3.510712e-15
4819.192906697312,3.3478333e-15
4820.668708649588,3.5062992e-15
4822.144510601862,3.702038e-15
4823.620312554138,3.382971e-15
4825.096114506412,3.4487993e-15
4826.571916458688,3.5119608e-15
4828.047718410962,3.315069e-15
4829.523520363238,3.5237045e-15
4830.9993223155125,3.6854022e-15
4832.4751242677885,3.6557637e-15
4833.950926220063,3.6135726e-15
4835.426728172339,3.5557507e-15
4836.902530124613,3.5382383e-15
4838.378332076889,3.638127e-15
4839.854134029163,3.5054435e-15
4841.329935981439,3.4382594e-15
4842.805737933713,3.529097e-15
4844.281539885989,3.4141526e-15
4845.7573418382635,3.5504991e-15
4847.2331437905395,3.726427e-15
4848.708945742814,3.718147e-15
4850.18474769509,3.602689e-15
4851.660549647364,3.5479108e-15
4853.13635159964,3.4901425e-15
4854.612153551914,3.3879766e-15
4856.08795550419,3.4157205e-15
4857.563757456464,3.6134887e-15
4859.03955940874,3.667704e-15
4860.515361361015,3.719696e-15
4861.991163313291,3.6022172e-15
4863.466965265565,3.5484144e-15
4864.942767217841,3.4742183e-15
4866.418569170115,3.4208457e-15
4867.894371122391,3.575849e-15
4869.370173074665,3.633124e-15
4870.845975026941,3.536442e-15
4872.321776979215,3.4670041e-15
4873.797578931491,3.3546598e-15
4875.273380883766,3.462222e-15
4876.749182836042,3.492582e-15
4878.224984788316,3.4274538e-15
4879.700786740592,3.582339e-15
4881.176588692866,3.4985912e-15
4882.652390645142,3.4859812e-15
4884.128192597416,3.539754e-15
4885.603994549692,3.5486572e-15
4887.0797965019665,3.718833e-15
4888.5555984542425,3.773316e-15
4890.031400406517,3.6608014e-15
4891.507202358793,3.6312925e-15
4892.983004311067,3.4961912e-15
4894.458806263343,3.5809754e-15
4895.934608215617,3.4742763e-15
4897.410410167893,3.5439429e-15
4898.886212120167,3.47923e-15
4900.362014072443,3.5509067e-15
4901.8378160247175,3.5882857e-15
4903.313617976994,3.6404083e-15
4904.789419929268,3.5951737e-15
4906.265221881544,3.608728e-15
4907.741023833818,3.598273e-15
4909.216825786093,3.525245e-15
4910.692627738368,3.3553224e-15
4912.168429690643,3.502648e-15
4913.644231642918,3.4624507e-15
4915.1200335951935,3.4766643e-15
4916.595835547469,3.622868e-15
4918.071637499744,3.4912106e-15
4919.547439452019,3.5571386e-15
4921.023241404294,3.818804e-15
4922.499043356569,3.706131e-15
4923.974845308844,3.5784635e-15
4925.450647261119,3.680269e-15
4926.926449213394,3.5066967e-15
4928.402251165669,3.7229173e-15
4929.878053117945,3.7283417e-15
4931.35385507022,3.7949494e-15
4932.829657022495,3.726603e-15
4934.30545897477,3.9105203e-15
4935.781260927045,3.692935e-15
4937.25706287932,3.6026043e-15
4938.732864831595,3.603061e-15
4940.20866678387,3.854436e-15
4941.684468736145,3.7012206e-15
4943.1602706884205,3.5823492e-15
4944.636072640696,3.7039904e-15
4946.111874592971,3.60589e-15
4947.587676545246,3.7392485e-15
4949.063478497521,3.528816e-15
4950.539280449796,3.5805883e-15
4952.015082402071,3.6831635e-15
4953.490884354346,3.7206723e-15
4954.966686306621,3.5823175e-15
4956.442488258896,3.850103e-15
4957.918290211172,3.944585e-15
4959.394092163447,3.8262575e-15
4960.869894115722,3.8320156e-15
4962.345696067997,3.619165e-15
4963.821498020272,3.5588902e-15
4965.297299972547,3.7646633e-15
4966.773101924822,3.800428e-15
4968.248903877097,3.684104e-15
4969.724705829372,3.7036503e-15
4971.2005077816475,3.737377e-15
4972.676309733923,3.7634178e-15
4974.152111686198,3.6991775e-15
4975.627913638473,3.7268658e-15
4977.103715590748,3.7559347e-15
4978.579517543023,3.6443326e-15
4980.055319495298,3.5556952e-15
4981.531121447573,3.71213e-15
4983.006923399848,3.8363655e-15
4984.482725352123,3.8096243e-15
4985.958527304399,3.7191883e-15
4987.434329256674,3.685582e-15
4988.910131208949,3.6890076e-15
4990.385933161224,3.5638627e-15
4991.861735113499,3.5441093e-15
4993.337537065774,3.4803345e-15
4994.813339018049,3.6308626e-15
4996.289140970324,3.6371442e-15
4997.764942922599,3.4955872e-15
4999.2407448748745,3.6242194e-15
5000.71654682715,3.7622984e-15
5002.192348779425,3.56376e-15
5003.6681507317,3.3665517e-15
5005.143952683975,3.5396427e-15
5006.61975463625,3.3799175e-15
5008.095556588525,3.1254832e-15
5009.5713585408,3.1986058e-15
5011.047160493075,3.571625e-15
5012.5229624453505,3.6313086e-15
5013.998764397626,3.663946e-15
5015.474566349901,3.7654096e-15
5016.950368302176,3.734973e-15
5018.426170254451,3.666405e-15
5019.901972206726,3.6795937e-15
5021.377774159001,3.6171394e-15
5022.853576111276,3.6368545e-15
5024.329378063551,3.6905924e-15
5025.805180015826,3.698955e-15
5027.2809819681015,3.732246e-15
5028.756783920377,3.8169816e-15
5030.232585872651,3.7672608e-15
5031.708387824927,3.549722e-15
5033.184189777201,3.7270957e-15
5034.659991729477,3.753516e-15
5036.135793681751,3.68846e-15
5037.611595634027,3.683878e-15
5039.087397586301,3.5134319e-15
5040.5631995385775,3.6518466e-15
5042.039001490852,3.765478e-15
5043.514803443128,3.719052e-15
5044.990605395402,3.7488073e-15
5046.466407347678,3.705765e-15
5047.942209299952,3.7246995e-15
5049.418011252228,3.741583e-15
5050.893813204502,3.645466e-15
5052.369615156778,3.728218e-15
5053.8454171090525,3.6294646e-15
5055.3212190613285,3.6867253e-15
5056.797021013603,3.727849e-15
5058.272822965879,3.595792e-15
5059.748624918153,3.7968608e-15
5061.224426870429,3.8417213e-15
5062.700228822703,3.711931e-15
5064.176030774979,3.7474546e-15
5065.651832727253,3.8953525e-15
5067.127634679529,3.9846298e-15
5068.603436631804,3.9966305e-15
5070.07923858408,3.899784e-15
5071.555040536354,3.9509322e-15
5073.03084248863,3.9102467e-15
5074.506644440904,3.7915223e-15
5075.98244639318,3.6728407e-15
5077.458248345454,3.755183e-15
5078.93405029773,3.7548094e-15
5080.409852250004,3.735608e-15
5081.88565420228,3.8763557e-15
5083.361456154555,3.851765e-15
5084.837258106831,3.6796018e-15
5086.313060059105,3.5592274e-15
5087.788862011381,3.59622e-15
5089.264663963655,3.7686702e-15
5090.740465915931,3.8806e-15
5092.216267868205,3.708446e-15
5093.692069820481,3.737443e-15
5095.1678717727555,3.707345e-15
5096.6436737250315,3.8100016e-15
5098.119475677306,3.9241893e-15
5099.595277629582,3.767565e-15
5101.071079581856,3.764137e-15
5102.546881534132,3.8078705e-15
5104.022683486406,3.841521e-15
5105.498485438682,3.802824e-15
5106.974287390956,3.8374e-15
5108.450089343232,3.867655e-15
5109.9258912955065,3.6778975e-15
5111.4016932477825,3.5933776e-15
5112.877495200057,3.7328005e-15
5114.353297152333,3.681386e-15
5115.829099104607,3.5989397e-15
5117.304901056883,3.7168737e-15
5118.780703009157,3.6837044e-15
5120.256504961433,3.8827164e-15
5121.732306913707,3.774055e-15
5123.208108865983,3.5844406e-15
5124.683910818258,3.7926044e-15
5126.159712770534,3.9963794e-15
5127.635514722808,3.9072787e-15
5129.111316675084,3.726785e-15
5130.587118627358,3.7716306e-15
5132.062920579634,3.7105866e-15
5133.538722531908,3.6797775e-15
5135.014524484184,3.6355632e-15
5136.490326436458,3.686524e-15
5137.966128388734,3.733743e-15
5139.441930341009,3.6300702e-15
5140.917732293285,3.5433093e-15
5142.393534245559,3.7002943e-15
5143.869336197835,3.834437e-15
5145.345138150109,3.8370283e-15
5146.820940102385,3.8448223e-15
5148.296742054659,3.672156e-15
5149.772544006935,3.7252577e-15
5151.2483459592095,3.7597967e-15
5152.724147911485,3.6880767e-15
5154.19994986376,3.5394078e-15
5155.675751816035,3.33611e-15
5157.15155376831,3.4603987e-15
5158.627355720585,3.596639e-15
5160.10315767286,3.6076065e-15
5161.578959625135,3.5979075e-15
5163.05476157741,3.5395336e-15
5164.530563529685,3.6443694e-15
5166.0063654819605,3.7259434e-15
5167.482167434236,3.9201087e-15
5168.957969386511,3.9370028e-15
5170.433771338786,3.645341e-15
5171.909573291061,3.6058184e-15
5173.385375243336,3.701114e-15
5174.861177195611,3.6948577e-15
5176.336979147886,3.6042328e-15
5177.812781100161,3.6362587e-15
5179.2885830524365,3.6332784e-15
5180.764385004712,3.622892e-15
5182.240186956987,3.7657344e-15
5183.715988909262,3.8572898e-15
5185.191790861537,3.681513e-15
5186.667592813812,3.701577e-15
5188.143394766087,3.5599562e-15
5189.619196718362,3.46946e-15
5191.094998670637,3.5840666e-15
5192.570800622912,3.594263e-15
5194.0466025751875,3.634701e-15
5195.522404527463,3.4741507e-15
5196.998206479738,3.685595e-15
5198.474008432013,3.7942396e-15
5199.949810384288,3.7684907e-15
5201.425612336563,3.7261687e-15
5202.901414288838,3.747085e-15
5204.377216241113,3.880229e-15
5205.853018193388,3.7433575e-15
5207.3288201456635,3.6716617e-15
5208.804622097939,3.848742e-15
5210.280424050214,3.6535275e-15
5211.756226002489,3.682259e-15
5213.232027954764,3.4686812e-15
5214.707829907039,3.4663555e-15
5216.183631859314,3.5132347e-15
5217.659433811589,3.5727363e-15
5219.135235763864,3.6087267e-15
5220.611037716139,3.5444032e-15
5222.0868396684145,3.5105456e-15
5223.56264162069,3.633502e-15
5225.038443572965,3.639179e-15
5226.51424552524,3.4586558e-15
5227.990047477515,3.737858e-15
5229.46584942979,3.687914e-15
5230.941651382065,3.734897e-15
5232.41745333434,3.6810963e-15
5233.893255286615,3.658878e-15
5235.3690572388905,3.8354715e-15
5236.844859191166,3.761629e-15
5238.320661143441,3.7026893e-15
5239.796463095716,3.7652097e-15
5241.272265047991,3.641048e-15
5242.748067000266,3.7412497e-15
5244.223868952541,3.6881106e-15
5245.699670904816,3.781519e-15
5247.175472857091,3.96285e-15
5248.651274809366,3.7895674e-15
5250.127076761642,3.551017e-15
5251.602878713917,3.5086504e-15
5253.078680666192,3.7669194e-15
5254.554482618467,3.7317684e-15
5256.030284570742,3.742264e-15
5257.506086523017,3.7631455e-15
5258.981888475292,3.5888028e-15
5260.457690427567,3.4199402e-15
5261.933492379842,3.5779455e-15
5263.4092943321175,3.628512e-15
5264.885096284393,3.6011703e-15
5266.360898236668,3.610515e-15
5267.836700188943,3.622447e-15
5269.312502141218,3.5575956e-15
5270.788304093493,3.6804378e-15
5272.264106045768,3.8260974e-15
5273.739907998042,3.8519048e-15
5275.215709950318,3.7111995e-15
5276.6915119025925,3.736101e-15
5278.167313854869,3.8493433e-15
5279.643115807143,3.7071786e-15
5281.118917759419,3.5915904e-15
5282.594719711693,3.6605016e-15
5284.070521663969,3.802247e-15
5285.546323616243,3.818134e-15
5287.022125568519,3.6726345e-15
5288.497927520793,3.641932e-15
5289.973729473069,3.72254e-15
5291.449531425344,3.687306e-15
5292.92533337762,3.703467e-15
5294.401135329894,3.843267e-15
5295.87693728217,3.7962323e-15
5297.352739234444,3.5552425e-15
5298.82854118672,3.6429426e-15
5300.304343138994,3.6716155e-15
5301.78014509127,3.5816157e-15
5303.255947043544,3.5287403e-15
5304.73174899582,3.4265727e-15
5306.207550948095,3.5592117e-15
5307.683352900371,3.4441349e-15
5309.159154852645,3.6481993e-15
5310.634956804921,3.6062076e-15
5312.110758757195,3.6202468e-15
5313.586560709471,3.6537033e-15
5315.062362661745,3.643175e-15
5316.538164614021,3.581746e-15
5318.0139665662955,3.7449093e-15
5319.4897685185715,3.626247e-15
5320.965570470846,3.5245327e-15
5322.441372423122,3.6912777e-15
5323.917174375396,3.6672774e-15
5325.392976327672,3.6344634e-15
5326.868778279946,3.6970155e-15
5328.344580232222,3.67181e-15
5329.820382184496,3.6688567e-15
5331.296184136772,3.5134567e-15
5332.771986089047,3.7600864e-15
5334.247788041323,3.8519763e-15
5335.723589993597,3.9294036e-15
5337.199391945873,3.7958265e-15
5338.675193898147,3.8315446e-15
5340.150995850423,3.765339e-15
5341.626797802697,3.7477803e-15
5343.102599754973,3.8686832e-15
5344.578401707247,3.8352746e-15
5346.054203659523,3.7872647e-15
5347.530005611798,3.822104e-15
5349.005807564074,3.9113267e-15
5350.481609516348,3.8720595e-15
5351.957411468624,3.7329314e-15
5353.433213420898,3.7215523e-15
5354.909015373174,3.7512667e-15
5356.384817325448,3.7881846e-15
5357.860619277724,3.7373012e-15
5359.336421229998,3.827309e-15
5360.8122231822745,3.812963e-15
5362.288025134549,3.8150787e-15
5363.763827086825,3.8811617e-15
5365.239629039099,3.9045894e-15
5366.715430991375,3.830458e-15
5368.191232943649,3.7862534e-15
5369.667034895925,3.8277067e-15
5371.142836848199,3.7880457e-15
5372.618638800475,3.8321587e-15
5374.0944407527495,3.7608233e-15
5375.5702427050255,3.667522e-15
5377.0460446573,3.6937116e-15
5378.521846609576,3.818151e-15
5379.99764856185,3.83615e-15
5381.473450514126,3.659131e-15
5382.9492524664,3.532348e-15
5384.425054418676,3.799494e-15
5385.90085637095,3.7834484e-15
5387.376658323226,3.6803467e-15
5388.852460275501,3.62538e-15
5390.328262227777,3.671892e-15
5391.804064180051,3.778245e-15
5393.279866132326,3.5473376e-15
5394.755668084601,3.664707e-15
5396.231470036876,3.642041e-15
5397.707271989151,3.6707668e-15
5399.183073941426,3.634393e-15
5400.658875893701,3.7641462e-15
5402.1346778459765,3.7696143e-15
5403.610479798252,3.5778473e-15
5405.086281750527,3.6943723e-15
5406.562083702802,3.5984526e-15
5408.037885655077,3.641466e-15
5409.513687607352,3.5563466e-15
5410.989489559627,3.6955874e-15
5412.465291511902,3.5493425e-15
5413.941093464177,3.4428361e-15
5415.4168954164525,3.5902288e-15
5416.892697368728,3.5247002e-15
5418.368499321003,3.628038e-15
5419.844301273278,3.6107062e-15
5421.320103225553,3.6445024e-15
5422.795905177828,3.6436867e-15
5424.271707130103,3.5496904e-15
5425.747509082378,3.6906903e-15
5427.223311034653,3.667419e-15
5428.699112986928,3.5691203e-15
5430.1749149392035,3.6512634e-15
5431.650716891479,3.7209276e-15
5433.126518843754,3.6457492e-15
5434.602320796029,3.740272e-15
5436.078122748304,3.7976934e-15
5437.553924700579,3.726356e-15
5439.029726652854,3.7154008e-15
5440.505528605129,3.5190174e-15
5441.981330557404,3.67374e-15
5443.4571325096795,3.702252e-15
5444.932934461955,3.6310884e-15
5446.40873641423,3.6271086e-15
5447.884538366505,3.5794774e-15
5449.36034031878,3.630909e-15
5450.836142271055,3.7354017e-15
5452.31194422333,3.7481555e-15
5453.787746175605,3.626628e-15
5455.26354812788,3.6332127e-15
5456.739350080155,3.634136e-15
5458.2151520324305,3.675318e-15
5459.690953984706,3.5743266e-15
5461.166755936981,3.6345743e-15
5462.642557889256,3.7413623e-15
5464.118359841531,3.6838835e-15
5465.594161793806,3.6645902e-15
5467.069963746081,3.5754425e-15
5468.545765698356,3.6364196e-15
5470.021567650631,3.7454022e-15
5471.4973696029065,3.6203865e-15
5472.973171555182,3.631323e-15
5474.448973507457,3.7128482e-15
5475.924775459732,3.582292e-15
5477.400577412007,3.68398e-15
5478.876379364282,3.886539e-15
5480.352181316557,3.7447284e-15
5481.827983268832,3.5704412e-15
5483.303785221107,3.654208e-15
5484.779587173382,3.6746928e-15
5486.2553891256575,3.6588846e-15
5487.731191077933,3.6706617e-15
5489.206993030208,3.6884304e-15
5490.682794982483,3.5808623e-15
5492.158596934758,3.532501e-15
5493.634398887033,3.5246117e-15
5495.110200839308,3.429513e-15
5496.586002791583,3.582335e-15
5498.061804743858,3.59527e-15
5499.5376066961335,3.759871e-15
5501.013408648409,3.7119474e-15
5502.489210600684,3.5669404e-15
5503.965012552959,3.609489e-15
5505.440814505234,3.6409207e-15
5506.916616457509,3.6560928e-15
5508.392418409784,3.570647e-15
5509.868220362059,3.622286e-15
5511.344022314334,3.412311e-15
5512.819824266609,3.4696977e-15
5514.295626218884,3.556367e-15
5515.77142817116,3.4066464e-15
5517.247230123434,3.6057506e-15
5518.72303207571,3.5220079e-15
5520.198834027984,3.5342069e-15
5521.67463598026,3.6827985e-15
5523.150437932534,3.579714e-15
5524.62623988481,3.653963e-15
5526.1020418370845,3.679615e-15
5527.5778437893605,3.6037525e-15
5529.053645741635,3.5587187e-15
5530.529447693911,3.5238512e-15
5532.005249646185,3.484084e-15
5533.481051598461,3.6893744e-15
5534.956853550735,3.626708e-15
5536.432655503011,3.4767638e-15
5537.908457455285,3.467943e-15
5539.384259407561,3.5360525e-15
5540.8600613598355,3.621229e-15
5542.3358633121115,3.4396327e-15
5543.811665264386,3.415599e-15
5545.287467216662,3.490811e-15
5546.763269168936,3.4660827e-15
5548.239071121212,3.5429379e-15
5549.714873073486,3.5417558e-15
5551.190675025762,3.5899933e-15
5552.666476978036,3.4482186e-15
5554.142278930312,3.454572e-15
5555.618080882587,3.5162337e-15
5557.093882834863,3.563007e-15
5558.569684787137,3.3530814e-15
5560.045486739413,3.303798e-15
5561.521288691687,3.5664284e-15
5562.997090643963,3.485172e-15
5564.472892596237,3.612975e-15
5565.948694548513,3.6211463e-15
5567.424496500787,3.5343506e-15
5568.900298453063,3.532046e-15
5570.376100405338,3.51959e-15
5571.851902357614,3.633377e-15
5573.327704309888,3.610442e-15
5574.803506262164,3.7246584e-15
5576.279308214438,3.6897395e-15
5577.755110166714,3.281316e-15
5579.230912118988,3.4088593e-15
5580.706714071264,3.669488e-15
5582.1825160235385,3.351166e-15
5583.6583179758145,3.154057e-15
5585.134119928089,3.1521565e-15
5586.609921880365,3.1142257e-15
5588.085723832639,3.3109495e-15
5589.561525784915,3.3436662e-15
5591.037327737189,3.26962e-15
5592.513129689465,3.443755e-15
5593.988931641739,3.4447807e-15
5595.464733594015,3.4842294e-15
5596.9405355462895,3.382293e-15
5598.416337498566,3.3671637e-15
5599.89213945084,3.5585946e-15
5601.367941403116,3.4134975e-15
5602.84374335539,3.4450096e-15
5604.319545307666,3.4444804e-15
5605.79534725994,3.2609252e-15
5607.271149212216,3.4096096e-15
5608.74695116449,3.478822e-15
5610.222753116766,3.4725678e-15
5611.698555069041,3.5005996e-15
5613.174357021317,3.3425673e-15
5614.650158973591,3.4773947e-15
5616.125960925867,3.4281424e-15
5617.601762878141,3.3974017e-15
5619.077564830417,3.5539766e-15
5620.553366782691,3.537353e-15
5622.029168734967,3.5363606e-15
5623.504970687241,3.5182272e-15
5624.980772639517,3.2244378e-15
5626.456574591792,3.1832337e-15
5627.932376544068,3.3103648e-15
5629.408178496342,3.2682756e-15
5630.883980448618,3.342349e-15
5632.359782400892,3.4105627e-15
5633.835584353168,3.4788787e-15
5635.311386305442,3.3944392e-15
5636.787188257717,3.2448445e-15
5638.2629902099925,3.3066968e-15
5639.738792162268,3.3156685e-15
5641.214594114543,3.4247736e-15
5642.690396066818,3.2992818e-15
5644.166198019093,3.3200282e-15
5645.641999971368,3.42907e-15
5647.117801923643,3.3925302e-15
5648.593603875918,3.3850784e-15
5650.069405828193,3.3115719e-15
5651.545207780468,3.2251754e-15
5653.021009732744,3.3429606e-15
5654.496811685019,3.2831666e-15
5655.972613637294,3.3108017e-15
5657.448415589569,3.2959875e-15
5658.924217541844,3.304726e-15
5660.400019494119,3.2538474e-15
5661.875821446394,3.2459971e-15
5663.351623398669,3.423964e-15
5664.827425350944,3.3964884e-15
5666.3032273032195,3.3143065e-15
5667.779029255495,3.2874865e-15
5669.25483120777,3.1966094e-15
5670.730633160045,3.2218389e-15
5672.20643511232,3.1553479e-15
5673.682237064595,3.1336829e-15
5675.15803901687,3.2197323e-15
5676.633840969145,3.216022e-15
5678.10964292142,3.2153777e-15
5679.585444873695,3.2830754e-15
5681.061246825971,3.3099091e-15
5682.537048778246,3.2751965e-15
5684.012850730521,3.3492214e-15
5685.488652682796,3.3884384e-15
5686.964454635071,3.3719297e-15
5688.440256587346,3.2587399e-15
5689.916058539621,3.223823e-15
5691.391860491896,3.2954088e-15
5692.867662444171,3.2158576e-15
5694.3434643964465,3.2870528e-15
5695.819266348722,3.3512958e-15
5697.295068300997,3.256311e-15
5698.770870253272,3.1823763e-15
5700.246672205547,3.2516835e-15
5701.722474157822,3.3515832e-15
5703.198276110097,3.283703e-15
5704.674078062372,3.2367033e-15
5706.149880014647,3.2338113e-15
5707.6256819669225,3.2138584e-15
5709.101483919198,3.3494518e-15
5710.577285871473,3.3392722e-15
5712.053087823748,3.2406729e-15
5713.528889776023,3.2263197e-15
5715.004691728298,3.3158966e-15
5716.480493680573,3.2077409e-15
5717.956295632848,3.0881758e-15
5719.432097585123,3.3445854e-15
5720.907899537398,3.2244895e-15
5722.3837014896735,3.2554021e-15
5723.859503441949,3.2246479e-15
5725.335305394224,3.058979e-15
5726.811107346499,3.1953846e-15
5728.286909298774,3.2941147e-15
5729.762711251049,3.1728035e-15
5731.238513203324,3.208834e-15
5732.714315155599,3.168259e-15
5734.190117107874,3.2310692e-15
5735.6659190601495,3.1978196e-15
5737.141721012425,3.0725089e-15
5738.6175229647,3.0985213e-15
5740.093324916975,3.202662e-15
5741.56912686925,3.368854e-15
5743.044928821525,3.2503276e-15
5744.5207307738,3.0449774e-15
5745.996532726075,3.1246544e-15
5747.47233467835,3.050111e-15
5748.948136630625,3.0811853e-15
5750.4239385829005,3.1793316e-15
5751.899740535176,3.234622e-15
5753.375542487451,3.2037175e-15
5754.851344439726,3.0653864e-15
5756.327146392001,3.164425e-15
5757.802948344275,3.06253e-15
5759.278750296551,3.2850318e-15
5760.754552248825,3.2001326e-15
5762.230354201101,3.1185032e-15
5763.706156153376,3.2286018e-15
5765.181958105652,3.2637677e-15
5766.657760057926,3.111589e-15
5768.133562010202,3.1345477e-15
5769.609363962476,3.1497236e-15
5771.085165914752,3.1433386e-15
5772.560967867026,3.1516986e-15
5774.036769819302,3.05503e-15
5775.512571771576,3.0383874e-15
5776.988373723852,3.0759478e-15
5778.464175676127,3.1194938e-15
5779.939977628403,3.0615112e-15
5781.415779580677,3.0586762e-15
5782.891581532953,3.0361547e-15
5784.367383485227,2.943577e-15
5785.843185437503,2.9475309e-15
5787.318987389777,3.0407676e-15
5788.794789342053,3.0970654e-15
5790.2705912943275,3.116926e-15
5791.7463932466035,3.0692792e-15
5793.222195198878,3.1696784e-15
5794.697997151154,3.1169976e-15
5796.173799103428,3.0121694e-15
5797.649601055704,3.0440028e-15
5799.125403007978,3.041199e-15
5800.601204960254,3.0787314e-15
5802.077006912528,3.1192173e-15
5803.552808864804,3.1539884e-15
5805.0286108170785,3.2217815e-15
5806.5044127693545,3.1661139e-15
5807.980214721629,3.1012523e-15
5809.456016673905,3.1123002e-15
5810.931818626179,3.1042584e-15
5812.407620578455,3.087832e-15
5813.883422530729,3.00411e-15
5815.359224483005,3.1747093e-15
5816.835026435279,3.113904e-15
5818.310828387555,3.1193915e-15
5819.78663033983,3.0260682e-15
5821.262432292106,2.9755406e-15
5822.73823424438,2.9959814e-15
5824.214036196656,3.0869968e-15
5825.68983814893,3.0389499e-15
5827.165640101206,2.9755075e-15
5828.64144205348,2.9939476e-15
5830.117244005756,2.9885182e-15
5831.59304595803,2.9903202e-15
5833.068847910306,2.900129e-15
5834.544649862581,2.9262835e-15
5836.020451814857,3.0661619e-15
5837.496253767131,3.0212892e-15
5838.972055719407,2.9677216e-15
5840.447857671681,2.9094781e-15
5841.923659623957,2.8326306e-15
5843.399461576231,2.9375628e-15
5844.875263528507,2.993686e-15
5846.3510654807815,3.0047532e-15
5847.8268674330575,2.978127e-15
5849.302669385332,2.900745e-15
5850.778471337608,2.9246595e-15
5852.254273289882,2.9482024e-15
5853.730075242158,3.0429305e-15
5855.205877194432,3.018293e-15
5856.681679146708,2.9931641e-15
5858.157481098982,2.9918805e-15
5859.633283051258,2.9331938e-15
5861.1090850035325,2.8795076e-15
5862.5848869558085,2.885735e-15
5864.060688908083,2.954678e-15
5865.536490860359,2.9153106e-15
5867.012292812633,2.8237586e-15
5868.488094764909,2.8059489e-15
5869.963896717183,2.7801697e-15
5871.439698669459,2.8147284e-15
5872.915500621733,2.750701e-15
5874.391302574009,2.7096518e-15
5875.867104526284,2.6798973e-15
5877.342906478559,2.6409805e-15
5878.818708430834,2.6487595e-15
5880.294510383109,2.563735e-15
5881.770312335384,2.6080926e-15
5883.246114287659,2.6428593e-15
5884.721916239934,2.6424404e-15
5886.197718192209,2.577841e-15
5887.673520144484,2.5756754e-15
5889.1493220967595,2.6741628e-15
5890.625124049035,2.6821567e-15
5892.10092600131,2.742333e-15
5893.576727953585,2.7513568e-15
5895.05252990586,2.7780834e-15
5896.528331858135,2.8762492e-15
5898.00413381041,2.7541628e-15
5899.479935762685,2.7590292e-15
5900.95573771496,2.8197123e-15
5902.4315396672355,2.719829e-15
5903.907341619511,2.7779665e-15
5905.383143571786,2.7732627e-15
5906.858945524061,2.8412994e-15
5908.334747476336,2.70156e-15
5909.810549428611,2.73649e-15
5911.286351380886,2.7176294e-15
5912.762153333161,2.8799076e-15
5914.237955285436,2.8155384e-15
5915.713757237711,2.7545615e-15
5917.1895591899865,2.7231578e-15
5918.665361142262,2.7264009e-15
5920.141163094537,2.7527823e-15
5921.616965046812,2.7211027e-15
5923.092766999087,2.7213835e-15
5924.568568951362,2.7484966e-15
5926.044370903637,2.726179e-15
5927.520172855912,2.7339998e-15
5928.995974808187,2.7207418e-15
5930.4717767604625,2.6103158e-15
5931.947578712738,2.740104e-15
5933.423380665013,2.700007e-15
5934.899182617288,2.7148185e-15
5936.374984569563,2.6260037e-15
5937.850786521838,2.6232604e-15
5939.326588474113,2.6960538e-15
5940.802390426388,2.7162816e-15
5942.278192378663,2.6213156e-15
5943.753994330938,2.6347875e-15
5945.229796283214,2.7210993e-15
5946.705598235489,2.6279422e-15
5948.181400187764,2.6732758e-15
5949.657202140039,2.7386525e-15
5951.133004092314,2.647567e-15
5952.608806044589,2.64299e-15
5954.084607996864,2.5871313e-15
5955.560409949139,2.6137442e-15
5957.036211901414,2.6796415e-15
5958.5120138536895,2.6625886e-15
5959.987815805965,2.6012375e-15
5961.46361775824,2.6739807e-15
5962.939419710515,2.6381987e-15
5964.41522166279,2.6100768e-15
5965.891023615065,2.5536178e-15
5967.36682556734,2.5645451e-15
5968.842627519615,2.6335989e-15
5970.31842947189,2.7186566e-15
5971.794231424165,2.6933962e-15
5973.270033376441,2.7091415e-15
5974.745835328716,2.6033378e-15
5976.221637280991,2.5518286e-15
5977.697439233266,2.7168012e-15
5979.173241185541,2.6854525e-15
5980.649043137816,2.62275e-15
5982.124845090091,2.6685153e-15
5983.600647042366,2.6809141e-15
5985.076448994641,2.6757326e-15
5986.5522509469165,2.5137812e-15
5988.028052899192,2.6299075e-15
5989.503854851467,2.696322e-15
5990.979656803742,2.6046079e-15
5992.455458756017,2.549356e-15
5993.931260708292,2.7216217e-15
5995.407062660567,2.6614048e-15
5996.882864612842,2.5770035e-15
5998.358666565116,2.5896243e-15
5999.834468517392,2.611367e-15
6001.310270469667,2.674122e-15
6002.786072421943,2.7231662e-15
6004.261874374217,2.6647612e-15
6005.737676326493,2.5900074e-15
6007.213478278767,2.5810155e-15
6008.689280231043,2.580683e-15
6010.165082183317,2.6827823e-15
6011.640884135593,2.5594462e-15
6013.1166860878675,2.5104136e-15
6014.5924880401435,2.5587173e-15
6016.068289992418,2.6773413e-15
6017.544091944694,2.589023e-15
6019.019893896968,2.6577831e-15
6020.495695849244,2.678389e-15
6021.971497801518,2.5223038e-15
6023.447299753794,2.7110247e-15
6024.923101706068,2.7031936e-15
6026.398903658344,2.6061525e-15
6027.874705610619,2.71227e-15
6029.350507562895,2.6015764e-15
6030.826309515169,2.49425e-15
6032.302111467445,2.4920137e-15
6033.777913419719,2.4956193e-15
6035.253715371995,2.4863295e-15
6036.729517324269,2.5177347e-15
6038.205319276545,2.5531102e-15
6039.681121228819,2.5687212e-15
6041.156923181095,2.4985223e-15
6042.63272513337,2.5081202e-15
6044.108527085646,2.485156e-15
6045.58432903792,2.5712185e-15
6047.060130990196,2.65932e-15
6048.53593294247,2.5304269e-15
6050.011734894746,2.4930465e-15
6051.48753684702,2.6034652e-15
6052.963338799296,2.6160983e-15
6054.43914075157,2.5744666e-15
6055.9149427038465,2.5495097e-15
6057.390744656121,2.5543674e-15
6058.866546608397,2.5428196e-15
6060.342348560671,2.5204958e-15
6061.818150512947,2.5908654e-15
6063.293952465221,2.5856136e-15
6064.769754417497,2.5843596e-15
6066.245556369771,2.5779458e-15
6067.721358322047,2.5316373e-15
6069.1971602743215,2.4515071e-15
6070.6729622265975,2.5022277e-15
6072.148764178872,2.6002575e-15
6073.624566131148,2.5467649e-15
6075.100368083422,2.5756339e-15
6076.576170035698,2.5818555e-15
6078.051971987972,2.4401575e-15
6079.527773940248,2.423698e-15
6081.003575892522,2.4279617e-15
6082.479377844798,2.4812882e-15
6083.955179797073,2.5167596e-15
6085.430981749349,2.5033377e-15
6086.906783701623,2.5036212e-15
6088.382585653899,2.5342627e-15
6089.858387606173,2.4992766e-15
6091.334189558449,2.4785478e-15
6092.809991510723,2.429372e-15
6094.285793462999,2.5386977e-15
6095.761595415273,2.5136188e-15
6097.237397367549,2.5450759e-15
6098.713199319824,2.5526301e-15
6100.1890012721,2.4756315e-15
6101.664803224374,2.5075582e-15
6103.14060517665,2.4775718e-15
6104.616407128924,2.4723788e-15
6106.0922090812,2.4525638e-15
6107.568011033474,2.420306e-15
6109.04381298575,2.3952739e-15
6110.5196149380245,2.4202044e-15
6111.9954168903005,2.4470896e-15
6113.471218842575,2.4181088e-15
6114.947020794851,2.4087904e-15
6116.422822747125,2.3809173e-15
6117.8986246994,2.4364682e-15
6119.374426651675,2.4008488e-15
6120.85022860395,2.4220007e-15
6122.326030556225,2.4429838e-15
6123.8018325085,2.4359691e-15
6125.2776344607755,2.4131469e-15
6126.753436413051,2.2526176e-15
6128.229238365326,2.3055392e-15
6129.705040317601,2.3444822e-15
6131.180842269876,2.3312875e-15
6132.656644222151,2.3650678e-15
6134.132446174426,2.3188092e-15
6135.608248126701,2.3890107e-15
6137.084050078976,2.3351138e-15
6138.5598520312515,2.2445981e-15
6140.035653983527,2.3236625e-15
6141.511455935802,2.3250472e-15
6142.987257888077,2.3510062e-15
6144.463059840352,2.2886714e-15
6145.938861792627,2.238349e-15
6147.414663744902,2.3655506e-15
6148.890465697177,2.3680038e-15
6150.366267649452,2.3282047e-15
6151.842069601727,2.3178688e-15
6153.3178715540025,2.3379213e-15
6154.793673506278,2.412843e-15
6156.269475458553,2.3528286e-15
6157.745277410828,2.280493e-15
6159.221079363103,2.3015331e-15
6160.696881315378,2.3157794e-15
6162.172683267653,2.3441063e-15
6163.648485219928,2.3341166e-15
6165.124287172203,2.2903322e-15
6166.6000891244785,2.2765349e-15
6168.075891076754,2.284364e-15
6169.551693029029,2.329348e-15
6171.027494981304,2.3432019e-15
6172.503296933579,2.2917317e-15
6173.979098885854,2.3501825e-15
6175.454900838129,2.3791896e-15
6176.930702790404,2.3417194e-15
6178.406504742679,2.2949712e-15
6179.882306694954,2.1921033e-15
6181.3581086472295,2.3463994e-15
6182.833910599505,2.3138884e-15
6184.30971255178,2.3306e-15
6185.785514504055,2.3542936e-15
6187.26131645633,2.333282e-15
6188.737118408605,2.323687e-15
6190.21292036088,2.2876623e-15
6191.688722313155,2.2995464e-15
6193.16452426543,2.32415e-15
6194.6403262177055,2.2666881e-15
6196.116128169981,2.2805833e-15
6197.591930122256,2.3309735e-15
6199.067732074531,2.3067517e-15
6200.543534026806,2.3231532e-15
6202.019335979081,2.2814964e-15
6203.495137931356,2.2453734e-15
6204.970939883631,2.234959e-15
6206.446741835906,2.195526e-15
6207.922543788181,2.2129843e-15
6209.3983457404565,2.235984e-15
6210.874147692732,2.260869e-15
6212.349949645007,2.2440192e-15
6213.825751597282,2.2018103e-15
6215.301553549557,2.2574692e-15
6216.777355501832,2.2361107e-15
6218.253157454107,2.2263967e-15
6219.728959406382,2.3448513e-15
6221.204761358657,2.2676124e-15
6222.6805633109325,2.2087335e-15
6224.156365263208,2.1871255e-15
6225.632167215483,2.1099167e-15
6227.107969167758,2.1850661e-15
6228.583771120033,2.2536303e-15
6230.059573072308,2.155197e-15
6231.535375024583,2.1248508e-15
6233.011176976858,2.1288276e-15
6234.486978929133,2.0942517e-15
6235.962780881408,2.1227906e-15
6237.4385828336835,2.1327368e-15
6238.914384785958,2.2228207e-15
6240.390186738234,2.2638218e-15
6241.865988690508,2.2669363e-15
6243.341790642784,2.2663931e-15
6244.817592595058,2.2592389e-15
6246.293394547334,2.2756624e-15
6247.769196499608,2.2481624e-15
6249.244998451884,2.2979026e-15
6250.720800404159,2.2621963e-15
6252.196602356435,2.1899524e-15
6253.672404308709,2.2426646e-15
6255.148206260985,2.232985e-15
6256.624008213259,2.1893815e-15
6258.099810165535,2.2944594e-15
6259.575612117809,2.2988068e-15
6261.051414070085,2.2259494e-15
6262.527216022359,2.2319642e-15
6264.003017974635,2.1519639e-15
6265.47881992691,2.0954469e-15
6266.954621879186,2.1117984e-15
6268.43042383146,2.0560835e-15
6269.906225783736,2.0881232e-15
6271.38202773601,2.1272512e-15
6272.857829688286,2.0564355e-15
6274.33363164056,2.0471173e-15
6275.809433592836,2.1261412e-15
6277.2852355451105,2.1612744e-15
6278.7610374973865,2.148551e-15
6280.236839449661,2.0701386e-15
6281.712641401937,2.0480482e-15
6283.188443354211,2.175092e-15
6284.664245306487,2.1293741e-15
6286.140047258761,2.1252232e-15
6287.615849211037,2.112353e-15
6289.091651163311,2.1070743e-15
6290.567453115587,2.1599478e-15
6292.0432550678615,2.1052898e-15
6293.519057020138,2.0797484e-15
6294.994858972412,2.1235281e-15
6296.470660924688,2.0948137e-15
6297.946462876962,2.107336e-15
6299.422264829238,2.1618727e-15
6300.898066781512,2.1375141e-15
6302.373868733788,2.0631071e-15
6303.849670686062,2.1266513e-15
6305.325472638338,2.16733e-15
6306.801274590613,2.1918066e-15
6308.277076542889,2.0901847e-15
6309.752878495163,2.1032919e-15
6311.228680447439,2.1102534e-15
6312.704482399713,2.166386e-15
6314.180284351989,2.1868847e-15
6315.656086304263,2.136518e-15
6317.131888256539,2.1247968e-15
6318.607690208813,2.0692748e-15
6320.083492161089,2.1409787e-15
6321.559294113364,2.193054e-15
6323.03509606564,2.1307673e-15
6324.510898017914,2.1335949e-15
6325.98669997019,2.1084884e-15
6327.462501922464,2.0965167e-15
6328.93830387474,2.1383677e-15
6330.414105827014,2.1235006e-15
6331.88990777929,2.1055274e-15
6333.3657097315645,2.0750188e-15
6334.8415116838405,2.0492459e-15
6336.317313636115,2.0434634e-15
6337.793115588391,2.0018963e-15
6339.268917540665,2.044898e-15
6340.744719492941,2.1038126e-15
6342.220521445215,2.0597688e-15
6343.696323397491,2.1540126e-15
6345.172125349765,2.1140443e-15
6346.647927302041,2.1450525e-15
6348.123729254316,2.0308682e-15
6349.599531206592,2.0613487e-15
6351.075333158866,2.148258e-15
6352.551135111142,2.0862417e-15
6354.026937063416,2.0321072e-15
6355.502739015692,2.0566595e-15
6356.978540967966,2.0548488e-15
6358.454342920242,2.0335076e-15
6359.930144872516,2.1209644e-15
6361.4059468247915,2.2107289e-15
6362.881748777067,2.0553922e-15
6364.357550729342,2.1439863e-15
6365.833352681617,2.120283e-15
6367.309154633892,2.099201e-15
6368.784956586167,2.1280132e-15
6370.260758538442,2.088122e-15
6371.736560490717,2.0243397e-15
6373.212362442992,2.0872116e-15
6374.688164395267,2.1378728e-15
6376.163966347543,2.0490216e-15
6377.639768299818,2.0801757e-15
6379.115570252093,2.1746144e-15
6380.591372204368,2.1071164e-15
6382.067174156643,2.1568008e-15
6383.542976108918,2.142336e-15
6385.018778061193,2.0997208e-15
6386.494580013468,2.062101e-15
6387.970381965743,2.091973e-15
6389.4461839180185,2.1261122e-15
6390.921985870294,2.1055511e-15
6392.397787822569,2.0968963e-15
6393.873589774844,2.1153833e-15
6395.349391727119,2.1300041e-15
6396.825193679394,2.1435562e-15
6398.300995631669,2.129461e-15
6399.776797583944,2.1201593e-15
6401.252599536219,2.027135e-15
6402.7284014884945,2.1244965e-15
6404.20420344077,2.1168448e-15
6405.680005393045,2.1154174e-15
6407.15580734532,2.0487849e-15
6408.631609297595,2.0248352e-15
6410.10741124987,2.1322614e-15
6411.583213202145,2.1670832e-15
6413.05901515442,2.0737387e-15
6414.534817106695,2.0180596e-15
6416.01061905897,2.0448394e-15
6417.4864210112455,2.049448e-15
6418.962222963521,2.00691e-15
6420.438024915796,2.0667007e-15
6421.913826868071,2.0311973e-15
6423.389628820346,2.027096e-15
6424.865430772621,2.039344e-15
6426.341232724896,2.0684346e-15
6427.817034677171,2.1006754e-15
6429.292836629446,2.1421395e-15
6430.7686385817215,2.0803083e-15
6432.244440533997,1.998682e-15
6433.720242486272,2.0672305e-15
6435.196044438547,2.0306692e-15
6436.671846390822,2.0845786e-15
6438.147648343097,2.007288e-15
6439.623450295372,1.9630306e-15
6441.099252247647,2.02772e-15
6442.575054199922,1.9484494e-15
6444.050856152197,1.9299125e-15
6445.5266581044725,1.977318e-15
6447.002460056748,1.980692e-15
6448.478262009023,2.0067653e-15
6449.954063961298,2.0513298e-15
6451.429865913573,2.0438827e-15
6452.905667865848,2.0335554e-15
6454.381469818123,2.0561037e-15
6455.857271770398,2.0510742e-15
6457.333073722673,2.1176844e-15
6458.8088756749485,2.14069e-15
6460.284677627224,2.0861678e-15
6461.760479579499,2.0637843e-15
6463.236281531774,2.0402567e-15
6464.712083484049,2.0186745e-15
6466.187885436324,2.0351997e-15
6467.663687388599,2.0671776e-15
6469.139489340874,2.0688276e-15
6470.615291293149,2.0490303e-15
6472.091093245424,2.0809594e-15
6473.5668951976995,2.0674444e-15
6475.042697149975,2.0087761e-15
6476.51849910225,1.9749429e-15
6477.994301054525,2.0393373e-15
6479.4701030068,2.039384e-15
6480.945904959075,1.9663603e-15
6482.421706911349,1.9504835e-15
6483.897508863625,1.9982856e-15
6485.3733108158995,1.9921567e-15
6486.8491127681755,1.9835652e-15
6488.32491472045,2.0553786e-15
6489.800716672726,2.0342563e-15
6491.276518625,2.0001184e-15
6492.752320577276,2.0188262e-15
6494.22812252955,2.0355896e-15
6495.703924481826,1.977958e-15
6497.1797264341,2.017892e-15
6498.655528386376,2.0382033e-15
6500.1313303386505,2.0157269e-15
6501.6071322909265,2.0207138e-15
6503.082934243201,1.995185e-15
6504.558736195477,1.9905577e-15
6506.034538147751,2.055648e-15
6507.510340100027,2.0441391e-15
6508.986142052301,2.0411033e-15
6510.461944004577,2.0537542e-15
6511.937745956851,2.0569465e-15
6513.413547909127,2.0485572e-15
6514.889349861402,2.0267463e-15
6516.365151813678,2.0801719e-15
6517.840953765952,2.0442018e-15
6519.316755718228,2.0030377e-15
6520.792557670502,2.0681224e-15
6522.268359622778,2.0983429e-15
6523.744161575052,2.0939957e-15
6525.219963527328,2.0371566e-15
6526.695765479602,2.0616911e-15
6528.171567431878,2.0406135e-15
6529.647369384153,2.0357012e-15
6531.123171336429,2.0874811e-15
6532.598973288703,2.144919e-15
6534.074775240979,2.099127e-15
6535.550577193253,2.1658668e-15
6537.026379145529,2.1893316e-15
6538.502181097803,2.181771e-15
6539.977983050079,2.2764737e-15
6541.4537850023535,2.165919e-15
6542.9295869546295,2.2993315e-15
6544.405388906904,2.435205e-15
6545.88119085918,2.4296687e-15
6547.356992811454,2.386172e-15
6548.83279476373,2.4574778e-15
6550.308596716004,2.6516828e-15
6551.78439866828,2.61998e-15
6553.260200620554,2.5099708e-15
6554.73600257283,2.5910473e-15
6556.2118045251045,2.5369713e-15
6557.6876064773805,2.3460905e-15
6559.163408429655,2.4031769e-15
6560.639210381931,2.318711e-15
6562.115012334205,2.2420234e-15
6563.590814286481,2.1789122e-15
6565.066616238755,2.2021404e-15
6566.542418191031,2.1710445e-15
6568.018220143305,2.1291024e-15
6569.494022095581,2.1119983e-15
6570.969824047856,2.0446456e-15
6572.445626000132,2.0051483e-15
6573.921427952406,2.0552528e-15
6575.397229904682,2.0936651e-15
6576.873031856956,2.1085428e-15
6578.348833809232,2.049175e-15
6579.824635761506,2.0526293e-15
6581.300437713782,2.1248031e-15
6582.776239666056,2.0445957e-15
6584.252041618332,1.9865987e-15
6585.727843570607,1.9963476e-15
6587.203645522883,2.0070558e-15
6588.679447475157,2.0441217e-15
6590.155249427433,2.0912966e-15
6591.631051379707,2.0405487e-15
6593.106853331983,1.9202832e-15
6594.582655284257,1.9430332e-15
6596.058457236533,1.9835803e-15
6597.5342591888075,2.02559e-15
6599.0100611410835,2.0740076e-15
6600.485863093358,2.0073948e-15
6601.961665045633,2.0041903e-15
6603.437466997908,1.962242e-15
6604.913268950183,1.9850888e-15
6606.389070902458,2.0477e-15
6607.864872854733,1.9651209e-15
6609.340674807008,1.9971637e-15
6610.816476759283,2.0017817e-15
6612.2922787115585,2.0107855e-15
6613.768080663834,2.0767192e-15
6615.243882616109,2.1037912e-15
6616.719684568384,1.983506e-15
6618.195486520659,1.9672624e-15
6619.671288472934,2.0081487e-15
6621.147090425209,1.9803817e-15
6622.622892377484,1.9753086e-15
6624.098694329759,2.0031006e-15
6625.5744962820345,1.9977276e-15
6627.05029823431,1.996454e-15
6628.526100186585,1.9881869e-15
6630.00190213886,1.9533586e-15
6631.477704091135,1.9590112e-15
6632.95350604341,2.029897e-15
6634.429307995685,2.0333759e-15
6635.90510994796,2.0462662e-15
6637.380911900235,2.0054007e-15
6638.85671385251,1.9683928e-15
6640.3325158047855,2.0481367e-15
6641.808317757061,2.0171528e-15
6643.284119709336,1.9078858e-15
6644.759921661611,1.9663838e-15
6646.235723613886,2.0020054e-15
6647.711525566161,1.9988813e-15
6649.187327518436,2.0361315e-15
6650.663129470711,1.9651999e-15
6652.138931422986,1.9190728e-15
6653.6147333752615,2.0167977e-15
6655.090535327537,2.014099e-15
6656.566337279812,1.9169457e-15
6658.042139232087,1.9469118e-15
6659.517941184362,1.911882e-15
6660.993743136637,1.8423267e-15
6662.469545088912,1.8369015e-15
6663.945347041187,1.8420684e-15
6665.421148993462,1.9115835e-15
6666.896950945737,1.9337557e-15
6668.372752898013,1.875109e-15
6669.848554850288,1.8834468e-15
6671.324356802563,1.9473885e-15
6672.800158754838,1.988327e-15
6674.275960707113,1.9807597e-15
6675.751762659388,1.9203978e-15
6677.227564611663,2.0210445e-15
6678.703366563938,2.0110294e-15
6680.179168516213,2.0300608e-15
6681.6549704684885,2.0540458e-15
6683.130772420764,1.979783e-15
6684.606574373039,2.012893e-15
6686.082376325314,1.996584e-15
6687.558178277589,1.9441841e-15
6689.033980229864,1.9817596e-15
6690.509782182139,1.9225232e-15
6691.985584134414,1.9394166e-15
6693.461386086689,1.9497618e-15
6694.937188038964,2.0057747e-15
6696.41298999124,1.8725273e-15
6697.888791943515,2.0084928e-15
6699.36459389579,2.04087e-15
6700.840395848065,1.9392252e-15
6702.31619780034,1.9998823e-15
6703.791999752615,2.059017e-15
6705.26780170489,1.9572672e-15
6706.743603657165,1.9115871e-15
6708.21940560944,1.9826443e-15
6709.6952075617155,1.9807012e-15
6711.171009513991,1.9810676e-15
6712.646811466266,1.9703117e-15
6714.122613418541,1.987145e-15
6715.598415370816,1.984572e-15
6717.074217323091,1.9721699e-15
6718.550019275366,2.0089512e-15
6720.025821227641,2.0489198e-15
6721.501623179916,2.0326627e-15
6722.977425132191,1.9859424e-15
6724.453227084467,1.9080817e-15
6725.929029036741,1.854775e-15
6727.404830989017,1.9161643e-15
6728.880632941291,1.9726906e-15
6730.356434893567,1.9446917e-15
6731.832236845841,1.9306214e-15
6733.308038798117,1.9689296e-15
6734.783840750391,1.9693751e-15
6736.259642702667,1.9923223e-15
6737.735444654942,2.0803087e-15
6739.211246607218,2.014812e-15
6740.687048559492,1.92433e-15
6742.162850511768,2.0170027e-15
6743.638652464042,1.9913027e-15
6745.114454416318,1.9669121e-15
6746.590256368592,2.0070592e-15
6748.066058320868,2.0120804e-15
6749.541860273142,1.9597416e-15
6751.0176622254185,1.9948786e-15
6752.493464177693,2.0590405e-15
6753.969266129969,1.9717146e-15
6755.445068082243,1.9666606e-15
6756.920870034519,2.0058433e-15
6758.396671986793,1.9994715e-15
6759.872473939069,2.0167825e-15
6761.348275891343,1.985823e-15
6762.824077843619,2.0651074e-15
6764.2998797958935,2.0444167e-15
6765.7756817481695,1.9401673e-15
6767.251483700444,1.9844648e-15
6768.72728565272,2.0060394e-15
6770.203087604994,1.9709457e-15
6771.67888955727,1.9599176e-15
6773.154691509544,2.0777498e-15
6774.63049346182,2.0605641e-15
6776.106295414094,1.9814834e-15
6777.58209736637,1.8876447e-15
6779.057899318645,1.9446803e-15
6780.533701270921,2.001207e-15
6782.009503223195,1.9384597e-15
6783.485305175471,1.949252e-15
6784.961107127745,1.999237e-15
6786.436909080021,2.0262961e-15
6787.912711032295,2.0079604e-15
6789.388512984571,2.0775632e-15
6790.864314936845,2.0060984e-15
6792.340116889121,2.0075452e-15
6793.815918841396,1.9945078e-15
6795.291720793672,1.9563081e-15
6796.767522745946,1.93313e-15
6798.243324698222,1.9071267e-15
6799.719126650496,1.9825467e-15
6801.194928602772,1.9990928e-15
6802.670730555046,1.9150492e-15
6804.146532507322,1.898924e-15
6805.6223344595965,1.9752345e-15
6807.0981364118725,1.9824222e-15
6808.573938364147,1.926761e-15
6810.049740316423,1.9286663e-15
6811.525542268697,1.943656e-15
6813.001344220973,1.9409106e-15
6814.477146173247,1.9409946e-15
6815.952948125523,1.8829591e-15
6817.428750077797,1.9289682e-15
6818.904552030073,1.94679e-15
6820.3803539823475,1.9660077e-15
6821.8561559346235,1.9220582e-15
6823.331957886898,1.890451e-15
6824.807759839174,1.896009e-15
6826.283561791448,1.8810495e-15
6827.759363743724,1.9227665e-15
6829.235165695998,1.9533124e-15
6830.710967648274,1.8473196e-15
6832.186769600548,1.9610477e-15
6833.662571552824,2.002551e-15
6835.138373505099,1.8936065e-15
6836.614175457375,1.9211328e-15
6838.089977409649,1.9675932e-15
6839.565779361925,1.9137765e-15
6841.041581314199,1.893608e-15
6842.517383266475,1.933793e-15
6843.993185218749,1.9264958e-15
6845.468987171024,1.9241882e-15
6846.944789123299,1.9673717e-15
6848.4205910755745,1.9264238e-15
6849.89639302785,1.9726527e-15
6851.372194980125,1.992465e-15
6852.8479969324,1.9866237e-15
6854.323798884675,1.9114717e-15
6855.79960083695,1.9397554e-15
6857.275402789225,1.9955702e-15
6858.7512047415,1.88374e-15
6860.227006693775,1.884265e-15
6861.7028086460505,1.886862e-15
6863.178610598326,1.89144e-15
6864.654412550601,1.8760215e-15
6866.130214502876,1.802358e-15
6867.606016455151,1.657579e-15
6869.081818407426,1.6107758e-15
6870.557620359701,1.5870327e-15
6872.033422311976,1.5170556e-15
6873.509224264251,1.5508992e-15
6874.985026216526,1.620724e-15
6876.4608281688015,1.6551819e-15
6877.936630121077,1.6951667e-15
6879.412432073352,1.7527868e-15
6880.888234025627,1.7534778e-15
6882.364035977902,1.7498997e-15
6883.839837930177,1.7484653e-15
6885.315639882452,1.7877003e-15
6886.791441834727,1.8012192e-15
6888.267243787002,1.7740132e-15
6889.7430457392775,1.8500756e-15
6891.218847691553,1.7697499e-15
6892.694649643828,1.7075989e-15
6894.170451596103,1.7463466e-15
6895.646253548378,1.7893783e-15
6897.122055500653,1.7655428e-15
6898.597857452928,1.7514818e-15
6900.073659405203,1.7887538e-15
6901.549461357478,1.7859717e-15
6903.025263309753,1.7937335e-15
6904.5010652620285,1.8849668e-15
6905.976867214304,1.7976246e-15
6907.452669166579,1.8242792e-15
6908.928471118854,1.8753227e-15
6910.404273071129,1.7967718e-15
6911.880075023404,1.7903113e-15
6913.355876975679,1.879843e-15
6914.831678927954,1.8971655e-15
6916.307480880229,1.852609e-15
6917.7832828325045,1.8705234e-15
6919.25908478478,1.9344776e-15
6920.734886737055,1.9113711e-15
6922.21068868933,1.8859369e-15
6923.686490641605,1.8532143e-15
6925.16229259388,1.8692226e-15
6926.638094546155,1.9529814e-15
6928.11389649843,2.0043307e-15
6929.589698450705,1.961766e-15
6931.06550040298,1.8747651e-15
6932.5413023552555,1.8568546e-15
6934.017104307531,1.933883e-15
6935.492906259806,1.8869366e-15
6936.968708212081,1.9113733e-15
6938.444510164356,1.8802058e-15
6939.920312116631,1.8833136e-15
6941.396114068906,1.9074888e-15
6942.871916021181,1.8647883e-15
6944.347717973456,1.8280813e-15
6945.8235199257315,1.8720792e-15
6947.299321878007,1.9148791e-15
6948.775123830282,1.8627144e-15
6950.250925782557,1.8244717e-15
6951.726727734832,1.9464542e-15
6953.202529687107,1.9652875e-15
6954.678331639382,1.8922233e-15
6956.154133591657,1.9513608e-15
6957.629935543932,1.9665632e-15
6959.105737496207,1.87162e-15
6960.5815394484825,1.9016063e-15
6962.057341400758,1.896533e-15
6963.533143353033,1.9083597e-15
6965.008945305308,1.9470573e-15
6966.484747257583,1.9763799e-15
6967.960549209858,1.9389423e-15
6969.436351162133,1.9237808e-15
6970.912153114408,1.9714408e-15
6972.387955066683,1.96306e-15
6973.8637570189585,1.8926886e-15
6975.339558971234,1.887225e-15
6976.815360923509,1.8836704e-15
6978.291162875784,1.8338583e-15
6979.766964828059,1.8310335e-15
6981.242766780334,1.8972426e-15
6982.718568732609,1.8920613e-15
6984.194370684884,1.8614837e-15
6985.670172637159,1.9253163e-15
6987.145974589434,1.934823e-15
6988.62177654171,1.8593025e-15
6990.097578493985,1.9221617e-15
6991.57338044626,1.8279852e-15
6993.049182398535,1.8269622e-15
6994.52498435081,1.8935786e-15
6996.000786303085,1.9020783e-15
6997.47658825536,1.8882444e-15
6998.952390207635,1.8804866e-15
7000.42819215991,1.8433025e-15
7001.9039941121855,1.8396258e-15
7003.379796064461,1.9207618e-15
7004.855598016736,1.9216615e-15
7006.331399969011,1.8640061e-15
7007.807201921286,1.8876493e-15
7009.283003873561,1.9350885e-15
7010.758805825836,1.9330334e-15
7012.234607778111,1.9305514e-15
7013.710409730386,1.9675974e-15
7015.186211682661,1.9597172e-15
7016.662013634937,1.901956e-15
7018.137815587212,1.9196932e-15
7019.613617539487,1.9014625e-15
7021.089419491762,1.948946e-15
7022.565221444037,1.913463e-15
7024.041023396312,1.8746019e-15
7025.516825348586,1.8779906e-15
7026.992627300861,1.8776211e-15
7028.4684292531365,1.9113002e-15
7029.944231205412,1.969619e-15
7031.420033157687,1.9349055e-15
7032.895835109962,1.8816676e-15
7034.371637062237,1.9254431e-15
7035.847439014512,1.9655222e-15
7037.323240966787,1.8566335e-15
7038.799042919062,1.8699724e-15
7040.274844871337,1.9420587e-15
7041.750646823612,1.9113601e-15
7043.226448775888,1.926732e-15
7044.702250728163,1.9529272e-15
7046.178052680438,1.8918845e-15
7047.653854632713,1.8461583e-15
7049.129656584988,1.7619938e-15
7050.605458537263,1.8366654e-15
7052.081260489538,1.8781528e-15
7053.557062441813,1.8635193e-15
7055.032864394088,1.8643765e-15
7056.5086663463635,1.8341044e-15
7057.984468298639,1.83732e-15
7059.460270250914,1.8767076e-15
7060.936072203189,1.979272e-15
7062.411874155464,1.9323979e-15
7063.887676107739,1.937897e-15
7065.363478060014,1.8751505e-15
7066.839280012289,1.7940012e-15
7068.315081964564,1.8083035e-15
7069.790883916839,1.8301534e-15
7071.266685869115,1.8515753e-15
7072.74248782139,1.8817684e-15
7074.218289773665,1.8461977e-15
7075.69409172594,1.9185948e-15
7077.169893678215,1.8463889e-15
7078.64569563049,1.80616e-15
7080.121497582765,1.8815706e-15
7081.59729953504,1.8868131e-15
7083.073101487315,1.8667679e-15
7084.5489034395905,1.9225615e-15
7086.024705391866,1.8988562e-15
7087.500507344141,1.9094865e-15
7088.976309296416,1.9018992e-15
7090.452111248691,1.98249e-15
7091.927913200966,1.9061672e-15
7093.403715153241,1.8256747e-15
7094.879517105516,1.889308e-15
7096.355319057791,1.907537e-15
7097.831121010066,1.8505182e-15
7099.306922962342,1.838269e-15
7100.782724914617,1.8208144e-15
7102.258526866892,1.8698295e-15
7103.734328819167,1.8781058e-15
7105.210130771442,1.88641e-15
7106.685932723717,1.8961432e-15
7108.161734675992,1.8597474e-15
7109.637536628267,1.8274691e-15
7111.113338580542,1.848018e-15
7112.5891405328175,1.868167e-15
7114.064942485093,1.8700444e-15
7115.540744437368,1.8348256e-15
7117.016546389643,1.8969275e-15
7118.492348341918,1.9080124e-15
7119.968150294193,1.8790043e-15
7121.443952246468,1.862255e-15
7122.919754198743,1.8447158e-15
7124.395556151018,1.8525229e-15
7125.8713581032935,1.8742038e-15
7127.347160055569,1.9127175e-15
7128.822962007844,1.8667749e-15
7130.298763960119,1.827226e-15
7131.774565912394,1.8125357e-15
7133.250367864669,1.8212576e-15
7134.726169816944,1.9063739e-15
7136.201971769219,1.9422089e-15
7137.677773721494,1.8780368e-15
7139.153575673769,1.9497667e-15
7140.6293776260445,1.964436e-15
7142.10517957832,1.9291938e-15
7143.580981530595,1.892944e-15
7145.05678348287,1.8597553e-15
7146.532585435145,1.8229943e-15
7148.00838738742,1.8407845e-15
7149.484189339695,1.8763275e-15
7150.95999129197,1.8639515e-15
7152.435793244245,1.8782149e-15
7153.9115951965205,1.8149693e-15
7155.387397148796,1.7801526e-15
7156.863199101071,1.7984087e-15
7158.339001053346,1.8276885e-15
7159.814803005621,1.8653923e-15
7161.290604957896,1.82485e-15
7162.766406910171,1.7887652e-15
7164.242208862446,1.8654048e-15
7165.718010814721,1.8087713e-15
7167.193812766996,1.7955851e-15
7168.6696147192715,1.746053e-15
7170.145416671547,1.847048e-15
7171.621218623822,1.8356561e-15
7173.097020576097,1.7346684e-15
7174.572822528372,1.7703567e-15
7176.048624480647,1.8233797e-15
7177.524426432922,1.7752201e-15
7179.000228385197,1.7836108e-15
7180.476030337472,1.799244e-15
7181.9518322897475,1.7489506e-15
7183.427634242023,1.7625179e-15
7184.903436194298,1.8033554e-15
7186.379238146573,1.8177316e-15
7187.855040098848,1.7841728e-15
7189.330842051123,1.7301066e-15
7190.806644003398,1.766688e-15
7192.282445955673,1.830133e-15
7193.758247907948,1.8021282e-15
7195.234049860223,1.7621193e-15
7196.7098518124985,1.7756424e-15
7198.185653764774,1.8139363e-15
7199.661455717049,1.7939e-15
7201.137257669324,1.7461334e-15
7202.613059621599,1.7523461e-15
7204.088861573874,1.7659109e-15
7205.564663526149,1.7691066e-15
7207.040465478424,1.7569865e-15
7208.516267430699,1.7934068e-15
7209.9920693829745,1.7946998e-15
7211.46787133525,1.7543396e-15
7212.943673287525,1.7229698e-15
7214.4194752398,1.7493443e-15
7215.895277192075,1.797948e-15
7217.37107914435,1.7498612e-15
7218.846881096625,1.7639655e-15
7220.3226830489,1.7951356e-15
7221.798485001175,1.785858e-15
7223.27428695345,1.7351581e-15
7224.7500889057255,1.7053475e-15
7226.225890858001,1.7369897e-15
7227.701692810276,1.7758035e-15
7229.177494762551,1.7588109e-15
7230.653296714826,1.7293301e-15
7232.129098667101,1.7312326e-15
7233.604900619376,1.7753732e-15
7235.080702571651,1.835836e-15
7236.556504523926,1.839164e-15
7238.0323064762015,1.7536585e-15
7239.508108428477,1.7508562e-15
7240.983910380752,1.8469875e-15
7242.459712333027,1.7594531e-15
7243.935514285302,1.6647264e-15
7245.411316237577,1.7090994e-15
7246.887118189852,1.7707462e-15
7248.362920142127,1.7317122e-15
7249.838722094402,1.7096107e-15
7251.314524046677,1.7596025e-15
7252.7903259989525,1.7831702e-15
7254.266127951228,1.7610786e-15
7255.741929903503,1.7609169e-15
7257.217731855778,1.7909754e-15
7258.693533808053,1.7258493e-15
7260.169335760328,1.751946e-15
7261.645137712603,1.7946225e-15
7263.120939664878,1.8054505e-15
7264.596741617153,1.7738724e-15
7266.0725435694285,1.7118864e-15
7267.548345521703,1.7842827e-15
7269.024147473978,1.8349616e-15
7270.499949426253,1.7065704e-15
7271.975751378528,1.6836352e-15
7273.451553330803,1.7278257e-15
7274.927355283078,1.7497573e-15
7276.403157235353,1.7297171e-15
7277.878959187628,1.747265e-15
7279.3547611399035,1.8204667e-15
7280.830563092179,1.7619038e-15
7282.306365044454,1.7888019e-15
7283.782166996729,1.7916007e-15
7285.257968949004,1.822629e-15
7286.733770901279,1.7864306e-15
7288.209572853554,1.7641181e-15
7289.685374805829,1.7891716e-15
7291.161176758104,1.781658e-15
7292.6369787103795,1.8144532e-15
7294.112780662655,1.7594982e-15
7295.58858261493,1.7294978e-15
7297.064384567205,1.7116998e-15
7298.54018651948,1.7439828e-15
7300.015988471755,1.817918e-15
7301.49179042403,1.7974168e-15
7302.967592376305,1.7403832e-15
7304.44339432858,1.7858445e-15
7305.919196280855,1.7615216e-15
7307.3949982331305,1.7702938e-15
7308.870800185406,1.7533422e-15
7310.346602137681,1.7456903e-15
7311.822404089956,1.7514143e-15
7313.298206042231,1.7314827e-15
7314.774007994506,1.7011324e-15
7316.249809946781,1.7249351e-15
7317.725611899056,1.7577711e-15
7319.201413851331,1.6629061e-15
7320.6772158036065,1.6979157e-15
7322.153017755882,1.7782997e-15
7323.628819708157,1.8683412e-15
7325.104621660432,1.776872e-15
7326.580423612707,1.6166142e-15
7328.056225564982,1.6979705e-15
7329.532027517257,1.8226715e-15
7331.007829469532,1.7648575e-15
7332.483631421807,1.739346e-15
7333.959433374082,1.755871e-15
7335.4352353263575,1.7409823e-15
7336.911037278633,1.6574684e-15
7338.386839230908,1.6311099e-15
7339.862641183183,1.7233797e-15
7341.338443135458,1.790611e-15
7342.814245087733,1.7766734e-15
7344.290047040008,1.7307494e-15
7345.765848992283,1.7081361e-15
7347.241650944558,1.726472e-15
7348.7174528968335,1.7210373e-15
7350.193254849109,1.7047577e-15
7351.669056801384,1.6892808e-15
7353.144858753659,1.6562606e-15
7354.620660705934,1.6752565e-15
7356.096462658209,1.7301565e-15
7357.572264610484,1.7540196e-15
7359.048066562759,1.7501243e-15
7360.523868515034,1.7297566e-15
7361.999670467309,1.6792317e-15
7363.475472419585,1.6637473e-15
7364.95127437186,1.7127055e-15
7366.427076324135,1.7215542e-15
7367.90287827641,1.7115831e-15
7369.378680228685,1.754074e-15
7370.85448218096,1.6970964e-15
7372.330284133235,1.6590735e-15
7373.80608608551,1.6768122e-15
7375.281888037785,1.6493722e-15
7376.7576899900605,1.6710693e-15
7378.233491942336,1.7672486e-15
7379.709293894611,1.640812e-15
7381.185095846886,1.598652e-15
7382.660897799161,1.6422245e-15
7384.136699751436,1.6781319e-15
7385.612501703711,1.6770461e-15
7387.088303655986,1.676738e-15
7388.564105608261,1.6771616e-15
7390.039907560536,1.6519998e-15
7391.515709512812,1.6645338e-15
7392.991511465087,1.6895222e-15
7394.467313417362,1.6220738e-15
7395.943115369637,1.6382809e-15
7397.418917321912,1.7014397e-15
7398.894719274187,1.7011677e-15
7400.370521226462,1.6501656e-15
7401.846323178737,1.649724e-15
7403.322125131012,1.7225236e-15
7404.7979270832875,1.6192054e-15
7406.273729035563,1.6479889e-15
7407.749530987838,1.6707101e-15
7409.225332940113,1.6986416e-15
7410.701134892388,1.7157489e-15
7412.176936844663,1.7195175e-15
7413.652738796938,1.7252777e-15
7415.128540749213,1.6317977e-15
7416.604342701488,1.6994934e-15
7418.080144653763,1.7430518e-15
7419.555946606039,1.7572137e-15
7421.031748558314,1.709908e-15
7422.507550510589,1.7109105e-15
7423.983352462864,1.7372719e-15
7425.459154415139,1.684938e-15
7426.934956367414,1.7053347e-15
7428.410758319689,1.6950064e-15
7429.886560271964,1.598281e-15
7431.362362224239,1.7144941e-15
7432.8381641765145,1.7625928e-15
7434.31396612879,1.7027967e-15
7435.789768081065,1.6861478e-15
7437.26557003334,1.6466426e-15
7438.741371985615,1.6250705e-15
7440.21717393789,1.6605176e-15
7441.692975890165,1.6508572e-15
7443.16877784244,1.6239646e-15
7444.644579794715,1.6468722e-15
7446.1203817469905,1.658229e-15
7447.596183699266,1.667368e-15
7449.071985651541,1.6835009e-15
7450.547787603816,1.6126256e-15
7452.023589556091,1.6033953e-15
7453.499391508366,1.6449588e-15
7454.975193460641,1.7383216e-15
7456.450995412916,1.744237e-15
7457.926797365191,1.6834299e-15
7459.402599317466,1.6680094e-15
7460.8784012697415,1.6927617e-15
7462.354203222017,1.6903546e-15
7463.830005174292,1.6408251e-15
7465.305807126567,1.7075553e-15
7466.781609078842,1.680404e-15
7468.257411031117,1.6290076e-15
7469.733212983392,1.5859653e-15
7471.209014935667,1.5786292e-15
7472.684816887942,1.6528247e-15
7474.1606188402175,1.6755274e-15
7475.636420792493,1.6464774e-15
7477.112222744768,1.5890718e-15
7478.588024697043,1.6672873e-15
7480.063826649318,1.6765703e-15
7481.539628601593,1.6235547e-15
7483.015430553868,1.6723574e-15
7484.491232506143,1.7276373e-15
7485.967034458418,1.684367e-15
7487.442836410693,1.6744556e-15
7488.9186383629685,1.6611418e-15
7490.394440315244,1.6456172e-15
7491.870242267519,1.6542423e-15
7493.346044219794,1.6491317e-15
7494.821846172069,1.6138318e-15
7496.297648124344,1.6100603e-15
7497.773450076619,1.652702e-15
7499.249252028894,1.6732194e-15
7500.725053981169,1.6653841e-15
7502.2008559334445,1.6907491e-15
7503.67665788572,1.7225315e-15
7505.152459837995,1.7040242e-15
7506.62826179027,1.6581745e-15
7508.104063742544,1.6523181e-15
7509.579865694819,1.6862243e-15
7511.055667647094,1.6779272e-15
7512.531469599369,1.6240317e-15
7514.007271551644,1.6469537e-15
7515.4830735039195,1.64103e-15
7516.958875456195,1.638832e-15
7518.43467740847,1.6859145e-15
7519.910479360745,1.6997559e-15
7521.38628131302,1.7401517e-15
7522.862083265295,1.7102816e-15
7524.33788521757,1.6741319e-15
7525.813687169845,1.6375722e-15
7527.28948912212,1.6508333e-15
7528.7652910743955,1.6956727e-15
7530.241093026671,1.716003e-15
7531.716894978946,1.7205625e-15
7533.192696931221,1.709805e-15
7534.668498883496,1.7281726e-15
7536.144300835771,1.7339543e-15
7537.620102788046,1.6793171e-15
7539.095904740321,1.6888533e-15
7540.571706692596,1.7069178e-15
7542.047508644871,1.6573374e-15
7543.5233105971465,1.6785757e-15
7544.999112549422,1.7118875e-15
7546.474914501697,1.7152804e-15
7547.950716453972,1.7652106e-15
7549.426518406247,1.7957151e-15
7550.902320358522,1.8319703e-15
7552.378122310797,1.8508356e-15
7553.853924263072,1.7708352e-15
7555.329726215347,1.6878381e-15
7556.8055281676225,1.6862083e-15
7558.281330119898,1.6980382e-15
7559.757132072173,1.6792115e-15
7561.232934024448,1.731226e-15
7562.708735976723,1.769747e-15
7564.184537928998,1.7828589e-15
7565.660339881273,1.8106945e-15
7567.136141833548,1.7372457e-15
7568.611943785823,1.7881075e-15
7570.087745738098,1.854057e-15
7571.5635476903735,1.7550423e-15
7573.039349642649,1.7650999e-15
7574.515151594924,1.7754078e-15
7575.990953547199,1.7397524e-15
7577.466755499474,1.8475965e-15
7578.942557451749,1.7730927e-15
7580.418359404024,1.7721938e-15
7581.894161356299,1.7198974e-15
7583.369963308574,1.809433e-15
7584.8457652608495,1.8726319e-15
7586.321567213125,1.7143954e-15
7587.7973691654,1.6444757e-15
7589.273171117675,1.7914192e-15
7590.74897306995,1.6637394e-15
7592.224775022225,1.4548759e-15
7593.7005769745,1.2228292e-15
7595.176378926775,1.0737062e-15
7596.65218087905,9.690981e-16
7598.127982831325,8.611716e-16
7599.6037847836005,7.9435004e-16
7601.079586735876,7.406698e-16
7602.555388688151,6.9581745e-16
7604.031190640426,6.9022804e-16
7605.506992592701,7.2631307e-16
7606.982794544976,8.1799396e-16
7608.458596497251,8.939441e-16
7609.934398449526,1.0006684e-15
7611.410200401801,1.19035e-15
7612.8860023540765,1.2677044e-15
7614.361804306352,1.3450965e-15
7615.837606258627,1.4229802e-15
7617.313408210902,1.4381026e-15
7618.789210163177,1.4341819e-15
7620.265012115452,1.4192198e-15
7621.740814067727,1.3607856e-15
7623.216616020002,1.2789149e-15
7624.692417972277,1.2190783e-15
7626.168219924552,1.348339e-15
7627.6440218768275,1.3151656e-15
7629.119823829103,1.2168564e-15
7630.595625781378,1.2394483e-15
7632.071427733653,1.3137323e-15
7633.547229685928,1.3504243e-15
7635.023031638203,1.3720165e-15
7636.498833590478,1.3913753e-15
7637.974635542753,1.4316412e-15
7639.450437495028,1.4164529e-15
7640.9262394473035,1.4521316e-15
7642.402041399579,1.5277977e-15
7643.877843351854,1.5343301e-15
7645.353645304129,1.536747e-15
7646.829447256404,1.5980553e-15
7648.305249208679,1.6313806e-15
7649.781051160954,1.6645821e-15
7651.256853113229,1.6732828e-15
7652.732655065504,1.6705085e-15
7654.208457017779,1.7007077e-15
7655.6842589700545,1.7498909e-15
7657.16006092233,1.7997845e-15
7658.635862874605,1.8750154e-15
7660.11166482688,1.8440437e-15
7661.587466779155,1.8149383e-15
7663.06326873143,1.8880873e-15
7664.539070683705,1.9750523e-15
7666.01487263598,1.9803414e-15
7667.490674588255,1.967552e-15
7668.9664765405305,2.0183537e-15
7670.442278492806,2.0481411e-15
7671.918080445081,2.0038074e-15
7673.393882397356,1.9935835e-15
7674.869684349631,1.9668823e-15
7676.345486301906,1.9906274e-15
7677.821288254181,2.1162127e-15
7679.297090206456,2.129344e-15
7680.772892158731,2.101058e-15
7682.248694111006,2.0533675e-15
7683.724496063282,2.1079431e-15
7685.200298015557,2.1963884e-15
7686.676099967832,2.250831e-15
7688.151901920107,2.2876236e-15
7689.627703872382,2.2825704e-15
7691.103505824657,2.225036e-15
7692.579307776932,2.2155186e-15
7694.055109729207,2.3114161e-15
7695.530911681482,2.3870259e-15
7697.0067136337575,2.3269018e-15
7698.482515586033,2.3060777e-15
7699.958317538308,2.4612262e-15
7701.434119490583,2.5341835e-15
7702.909921442858,2.4041296e-15
7704.385723395133,2.3802272e-15
7705.861525347408,2.497056e-15
7707.337327299683,2.5787473e-15
7708.813129251958,2.5518903e-15
7710.288931204233,2.5288471e-15
7711.764733156509,2.5296618e-15
7713.240535108784,2.4657142e-15
7714.716337061059,2.6505435e-15
7716.192139013334,2.6286778e-15
7717.667940965609,2.606498e-15
7719.143742917884,2.670088e-15
7720.619544870159,2.6501378e-15
7722.095346822434,2.6290232e-15
7723.571148774709,2.7208066e-15
7725.0469507269845,2.7980859e-15
7726.52275267926,2.8570665e-15
7727.998554631535,2.8766897e-15
7729.47435658381,2.913871e-15
7730.950158536085,2.889908e-15
7732.42596048836,2.8351802e-15
7733.901762440635,2.9193685e-15
7735.37756439291,2.9317987e-15
7736.853366345185,2.9254153e-15
7738.3291682974605,2.9095637e-15
7739.804970249736,3.037726e-15
7741.280772202011,3.0473243e-15
7742.756574154286,2.9504974e-15
7744.232376106561,3.0326342e-15
7745.708178058836,2.9620564e-15
7747.183980011111,2.9066353e-15
7748.659781963386,2.9397204e-15
7750.13558391566,3.0517843e-15
7751.6113858679355,2.9616897e-15
7753.087187820211,2.9787385e-15
7754.562989772486,3.2838923e-15
7756.038791724761,3.2389079e-15
7757.514593677036,3.2119367e-15
7758.990395629311,3.3121506e-15
7760.466197581586,3.5681496e-15
7761.941999533861,3.7218103e-15
7763.417801486136,3.7994497e-15
7764.893603438411,3.9016887e-15
7766.369405390687,3.9246967e-15
7767.845207342962,4.031834e-15
7769.321009295237,4.0083725e-15
7770.796811247512,4.050844e-15
7772.272613199787,4.03705e-15
7773.748415152062,4.1954478e-15
7775.224217104337,4.4941684e-15
7776.700019056612,4.4404394e-15
7778.175821008887,4.316839e-15
7779.6516229611625,4.5541713e-15
7781.127424913438,4.4930532e-15
7782.603226865713,4.3410362e-15
7784.079028817988,4.33514e-15
7785.554830770263,4.430279e-15
7787.030632722538,4.5636128e-15
7788.506434674813,4.644058e-15
7789.982236627088,4.7635176e-15
7791.458038579363,4.787402e-15
7792.933840531638,4.7951395e-15
7794.409642483914,4.8054246e-15
7795.885444436189,4.897419e-15
7797.361246388464,5.0064746e-15
7798.837048340739,5.0118457e-15
7800.312850293014,5.281824e-15
7801.788652245289,5.3870935e-15
7803.264454197564,5.3499943e-15
7804.740256149839,5.516826e-15
7806.216058102114,5.800889e-15
7807.6918600543895,5.9284365e-15
7809.167662006665,5.8787445e-15
7810.64346395894,5.732154e-15
7812.119265911215,5.8193078e-15
7813.59506786349,5.9177398e-15
7815.070869815765,5.9019964e-15
7816.54667176804,6.1851405e-15
7818.022473720315,6.390753e-15
7819.49827567259,5.974047e-15
7820.9740776248655,5.8140303e-15
7822.449879577141,5.943658e-15
7823.925681529416,6.2467426e-15
7825.401483481691,6.162075e-15
7826.877285433966,5.967019e-15
7828.353087386241,6.0388956e-15
7829.828889338516,6.144731e-15
7831.304691290791,6.1695127e-15
7832.780493243066,6.1834587e-15
7834.256295195341,6.358978e-15
7835.7320971476165,6.2926573e-15
7837.207899099892,6.3076693e-15
7838.683701052167,6.583829e-15
7840.159503004442,6.821165e-15
7841.635304956717,6.816774e-15
7843.111106908992,6.3414917e-15
7844.586908861267,6.6987575e-15
7846.062710813542,6.570038e-15
7847.538512765817,6.1359393e-15
7849.0143147180925,6.175159e-15
7850.490116670368,6.243354e-15
7851.965918622643,5.9504103e-15
7853.441720574918,5.8443465e-15
7854.917522527193,6.0744036e-15
7856.393324479468,6.144459e-15
7857.869126431743,5.8836755e-15
7859.344928384018,5.70198e-15
7860.820730336293,5.697216e-15
7862.296532288568,5.548744e-15
7863.7723342408435,5.4613703e-15
7865.248136193119,5.594286e-15
7866.723938145394,5.642471e-15
7868.199740097669,4.979027e-15
7869.675542049944,4.5353634e-15
7871.151344002219,4.4875793e-15
7872.627145954494,4.0692716e-15
7874.102947906769,4.3119555e-15
7875.578749859044,3.940699e-15
7877.0545518113195,3.494624e-15
7878.530353763595,2.996046e-15
7880.00615571587,2.8450725e-15
7881.481957668145,3.0006777e-15
7882.95775962042,2.6362183e-15
7884.433561572695,2.1346183e-15
7885.90936352497,2.095323e-15
7887.385165477245,1.8992823e-15
7888.86096742952,1.6188465e-15
7890.336769381795,1.5178951e-15
7891.8125713340705,1.5620778e-15
7893.288373286346,1.4804569e-15
7894.764175238621,1.0594882e-15
7896.239977190896,8.3953337e-16
7897.715779143171,8.89449e-16
7899.191581095446,1.0885311e-15
7900.667383047721,9.53663e-16
7902.143184999996,5.1936826e-16
7903.618986952271,4.3442893e-16
7905.0947889045465,6.603251e-16
7906.570590856822,5.6893647e-16
7908.046392809097,5.944009e-16
7909.522194761372,4.3805931e-16
7910.997996713647,9.897788e-17
7912.473798665922,1.5574483e-16
7913.949600618197,5.8386627e-16
7915.425402570472,5.6401923e-16
7916.901204522747,4.394076e-17
7918.377006475022,-2.0134426e-16
7919.8528084272975,7.890573e-17
7921.328610379573,5.6664657e-16
7922.804412331848,8.3445774e-16
7924.280214284123,7.12117e-16
7925.756016236398,4.0226558e-16
7927.231818188673,2.0037438e-16
7928.707620140948,1.3188941e-16
7930.183422093223,3.8911913e-16
7931.659224045498,6.3865437e-16
7933.1350259977735,3.9126201e-16
7934.610827950049,-9.3130075e-17
7936.086629902324,-9.476836e-17
7937.562431854599,3.4205305e-16
7939.038233806874,7.04136e-16
7940.514035759149,5.5828503e-16
7941.989837711424,1.927679e-16
7943.465639663699,-5.2342715e-17
7944.941441615974,-4.3098605e-17
7946.417243568249,2.840216e-16
7947.8930455205245,2.8422257e-16
7949.3688474728,-7.655009e-17
7950.844649425075,-9.8740126e-17
7952.32045137735,1.0204407e-16
7953.796253329625,2.960737e-18
7955.2720552819,-8.762366e-17
7956.747857234175,3.0128022e-16
