wav,flam
4388.486252776962,3.14173729739547e-18
4389.0100075654655,3.05272346711791e-18
4389.533762353969,3.941160980062903e-18
4390.0575171424725,3.885036680497448e-18
4390.581271930976,3.2895813993143843e-18
4391.10502671948,3.340496235898155e-18
4391.628781507983,3.3885601552585475e-18
4392.152536296488,3.078580269355877e-18
4392.676291084991,2.6433249235627977e-18
4393.200045873495,3.6479179325771964e-18
4393.723800661999,3.0983444465183207e-18
4394.247555450503,3.8133512831459904e-18
4394.771310239006,4.605920124204664e-18
4395.29506502751,4.880975265233069e-18
4395.818819816013,4.9741890209522536e-18
4396.342574604517,4.161762202828259e-18
4396.86632939302,3.110124826381152e-18
4397.390084181524,2.6687773952997828e-18
4397.913838970027,2.562309508260473e-18
4398.437593758532,2.531412627598621e-18
4398.961348547035,2.427085057654646e-18
4399.485103335539,2.9445072318398857e-18
4400.008858124043,3.466627151579339e-18
4400.532612912547,3.581450011386795e-18
4401.0563677010505,2.7673133798613096e-18
4401.580122489554,3.015214218032536e-18
4402.103877278058,3.38106581689093e-18
4402.627632066561,3.4296356698734185e-18
4403.151386855065,3.812101344716458e-18
4403.675141643569,4.219689599090603e-18
4404.198896432073,4.0232158236765455e-18
4404.722651220576,4.0901955890244545e-18
4405.246406009081,4.773658365570028e-18
4405.770160797584,4.547222239838935e-18
4406.293915586088,3.884158336156936e-18
4406.817670374591,3.833791613491285e-18
4407.341425163095,3.2464655115835603e-18
4407.865179951598,2.723906311836351e-18
4408.388934740102,3.1979971201534226e-18
4408.912689528605,3.3155549259456216e-18
4409.436444317109,3.2062549277115835e-18
4409.960199105613,3.3310030839830205e-18
4410.483953894117,3.2078282520496306e-18
4411.00770868262,3.1528409436276664e-18
4411.531463471125,3.3294563854813905e-18
4412.055218259628,3.2389524367377157e-18
4412.578973048132,3.669182975770401e-18
4413.1027278366355,4.091954533308985e-18
4413.626482625139,3.580273770380243e-18
4414.150237413643,3.335288072573952e-18
4414.673992202146,3.47626353113573e-18
4415.197746990651,3.682230382140628e-18
4415.721501779154,4.138098379125271e-18
4416.245256567658,4.086216502506628e-18
4416.769011356162,3.962747217785317e-18
4417.292766144666,4.1492217615018555e-18
4417.816520933169,3.7335870238360155e-18
4418.340275721673,3.815230551957304e-18
4418.864030510176,3.77298511811117e-18
4419.38778529868,3.672756228343692e-18
4419.911540087183,3.976116784878065e-18
4420.435294875687,3.0730349872101627e-18
4420.95904966419,2.991794149849846e-18
4421.482804452695,2.9842714350860382e-18
4422.006559241198,3.2424820146310824e-18
4422.530314029702,3.3219337139954235e-18
4423.054068818206,3.659747052914579e-18
4423.57782360671,3.831591689419609e-18
4424.101578395213,3.687791530204335e-18
4424.625333183717,4.091736364893921e-18
4425.1490879722205,4.3936800498663866e-18
4425.672842760724,4.20887544628581e-18
4426.196597549228,3.0663580804286813e-18
4426.720352337732,3.498892223940405e-18
4427.244107126236,3.535347139634599e-18
4427.767861914739,2.1829223393503136e-18
4428.291616703244,2.860302190932658e-18
4428.815371491747,2.812243767063584e-18
4429.339126280251,2.911741847939876e-18
4429.862881068754,3.739682956067047e-18
4430.386635857258,4.3195782874667314e-18
4430.910390645761,4.41631060485332e-18
4431.434145434265,4.1259590409448225e-18
4431.957900222768,5.016921709135448e-18
4432.481655011272,4.827982957151066e-18
4433.005409799776,4.466179180281143e-18
4433.52916458828,4.121445208995596e-18
4434.052919376783,2.8441105723945803e-18
4434.576674165288,3.5388519065913454e-18
4435.100428953791,2.963346127124909e-18
4435.624183742295,3.1249612516486846e-18
4436.1479385307985,2.968216799535672e-18
4436.671693319302,3.029136586178223e-18
4437.1954481078055,3.1965392344188003e-18
4437.719202896309,3.2576808402548105e-18
4438.2429576848135,3.5768548362950236e-18
4438.766712473317,4.006693612017542e-18
4439.290467261821,4.044275227145339e-18
4439.814222050325,3.840801869886786e-18
4440.337976838829,3.5679465726781756e-18
4440.861731627332,4.517706172441963e-18
4441.385486415836,4.785190902246241e-18
4441.909241204339,4.222098531047948e-18
4442.432995992843,3.797618022340242e-18
4442.956750781346,3.479588418255655e-18
4443.48050556985,2.9046787629417504e-18
4444.004260358353,3.536173920499397e-18
4444.528015146858,3.6172436949410095e-18
4445.051769935361,3.3181309690015416e-18
4445.575524723865,3.2981027280404193e-18
4446.099279512368,3.651593754497343e-18
4446.623034300873,3.727842717100441e-18
4447.146789089376,3.8209930834092336e-18
4447.67054387788,3.308051365513272e-18
4448.1942986663835,3.3664187621205e-18
4448.718053454887,3.2183636837437183e-18
4449.241808243391,3.537800929376213e-18
4449.765563031895,3.62896117287907e-18
4450.2893178203985,3.555686822995301e-18
4450.813072608902,3.4117741788844757e-18
4451.3368273974065,3.2511014394686748e-18
4451.860582185909,3.521801135149589e-18
4452.384336974414,3.178259031508986e-18
4452.908091762917,2.725669106441443e-18
4453.431846551421,3.3729622918548038e-18
4453.955601339924,3.1771062253378025e-18
4454.479356128428,2.937823985807942e-18
4455.003110916931,3.0740092332016847e-18
4455.526865705435,3.1030696734246096e-18
4456.050620493939,3.613752913162196e-18
4456.574375282443,3.6037604380796645e-18
4457.098130070946,3.61617581181814e-18
4457.62188485945,3.641666237842097e-18
4458.145639647954,3.365795185542576e-18
4458.669394436458,3.1865991737250326e-18
4459.193149224961,3.4682345849935964e-18
4459.716904013465,3.308151485340596e-18
4460.2406588019685,3.056971951391034e-18
4460.764413590472,3.1442125189031587e-18
4461.2881683789765,3.4272108031804107e-18
4461.81192316748,3.3322413789757876e-18
4462.335677955984,3.5572312669728535e-18
4462.859432744488,3.4553255429632326e-18
4463.383187532991,3.274919380357717e-18
4463.906942321495,3.7265724978807115e-18
4464.430697109999,3.801411175359553e-18
4464.954451898502,3.679539441728272e-18
4465.478206687006,4.060587694066505e-18
4466.001961475509,4.493104735693792e-18
4466.525716264013,5.25184329924396e-18
4467.049471052516,5.131179592464956e-18
4467.573225841021,4.500160012240654e-18
4468.096980629524,4.600527951606649e-18
4468.620735418028,4.577267960333994e-18
4469.144490206531,4.6893232098301804e-18
4469.668244995036,5.797565893151229e-18
4470.191999783539,5.929645201206026e-18
4470.715754572043,4.9819472105613845e-18
4471.239509360546,4.649865370058853e-18
4471.76326414905,4.6052688433266076e-18
4472.2870189375535,3.9622150781721075e-18
4472.810773726058,3.764196156622055e-18
4473.3345285145615,4.105861878439978e-18
4473.858283303065,3.823146172951213e-18
4474.3820380915695,3.629245528969184e-18
4474.905792880072,4.156986549281085e-18
4475.429547668577,4.004762921596395e-18
4475.95330245708,4.117208248005175e-18
4476.477057245584,4.792490563346795e-18
4477.000812034087,4.957898973584227e-18
4477.524566822591,5.038328529206273e-18
4478.048321611094,5.214268216453329e-18
4478.572076399598,5.2831611837667575e-18
4479.095831188102,4.913147118413241e-18
4479.619585976606,5.170444075051151e-18
4480.143340765109,4.9046430403917944e-18
4480.667095553613,4.462504548286191e-18
4481.190850342117,4.11604647094055e-18
4481.714605130621,4.065064582508404e-18
4482.238359919124,3.875353992093708e-18
4482.762114707628,3.9069771138568e-18
4483.285869496131,3.7338826214794525e-18
4483.809624284635,4.5710578705267256e-18
4484.333379073139,5.134402976987715e-18
4484.857133861643,5.13989533123366e-18
4485.3808886501465,5.183771724767262e-18
4485.904643438651,4.898355720613422e-18
4486.428398227154,4.871449635517825e-18
4486.952153015658,4.203369323366905e-18
4487.475907804162,4.128421700974204e-18
4487.999662592665,3.79971221759489e-18
4488.523417381169,3.673584348822982e-18
4489.047172169672,3.720409735917156e-18
4489.570926958176,3.9539285191097565e-18
4490.094681746679,3.614739245012108e-18
4490.618436535184,4.205702518256205e-18
4491.142191323687,4.3124578508960195e-18
4491.665946112191,4.370548091095463e-18
4492.189700900694,4.555087870020454e-18
4492.713455689199,5.046250925229717e-18
4493.237210477702,4.984716102224493e-18
4493.760965266206,4.399824030253733e-18
4494.284720054709,3.98379889600268e-18
4494.808474843213,4.368431081584037e-18
4495.3322296317165,5.2482499478715566e-18
4495.855984420221,6.0820830989019915e-18
4496.3797392087245,6.850030140300545e-18
4496.903493997228,7.007667632986099e-18
4497.427248785732,6.814711994588462e-18
4497.951003574235,6.548875910175227e-18
4498.4747583627395,5.793865176361277e-18
4498.998513151243,5.2102947559336675e-18
4499.522267939747,5.1230826312759766e-18
4500.04602272825,4.9379513356879094e-18
4500.569777516754,5.092553436887265e-18
4501.093532305257,4.998368353517396e-18
4501.617287093761,5.090025006042947e-18
4502.141041882265,5.069192051761317e-18
4502.664796670769,5.182180864276064e-18
4503.188551459272,5.037577595259264e-18
4503.712306247776,5.730147086790349e-18
4504.23606103628,5.507372411919974e-18
4504.759815824784,4.747626476141375e-18
4505.283570613287,4.722321846675949e-18
4505.807325401791,4.779469307343655e-18
4506.331080190294,4.7564331995428656e-18
4506.854834978798,4.765764320394432e-18
4507.378589767302,4.985478320478176e-18
4507.902344555806,4.710590642143282e-18
4508.4260993443095,4.584157637227858e-18
4508.949854132814,4.882940202481423e-18
4509.473608921317,4.947852457146768e-18
4509.997363709821,4.601825368476279e-18
4510.5211184983245,4.302886289821792e-18
4511.044873286828,4.513480679919513e-18
4511.568628075332,4.5759048187302475e-18
4512.092382863835,4.9478259578237886e-18
4512.616137652339,5.2398675101865784e-18
4513.139892440842,5.350672893753225e-18
4513.663647229347,5.67961042979937e-18
4514.18740201785,5.934666963873793e-18
4514.711156806354,5.870195164837906e-18
4515.234911594857,4.499287898200607e-18
4515.758666383362,3.890748951579045e-18
4516.282421171865,4.256170104608106e-18
4516.806175960369,4.587550588524232e-18
4517.329930748872,4.80165182527656e-18
4517.853685537376,4.582807032684809e-18
4518.377440325879,4.429192707710236e-18
4518.901195114384,4.17969271968807e-18
4519.424949902887,3.8293955851013635e-18
4519.948704691391,3.565225469503237e-18
4520.4724594798945,3.9965962504267775e-18
4520.996214268398,4.5435845617659824e-18
4521.5199690569025,4.494760897682563e-18
4522.043723845405,4.1870251440484475e-18
4522.56747863391,4.3740454897664974e-18
4523.091233422413,4.68463080799682e-18
4523.614988210917,4.615835131527799e-18
4524.13874299942,4.35585181448553e-18
4524.662497787924,4.379227816274361e-18
4525.186252576428,4.975169095578607e-18
4525.710007364932,4.5251205172593975e-18
4526.233762153435,3.5834387996278625e-18
4526.757516941939,3.681962707120773e-18
4527.281271730443,3.7294902072257876e-18
4527.805026518946,3.7221216227198215e-18
4528.32878130745,4.0868680954951205e-18
4528.852536095954,4.198916122823196e-18
4529.376290884457,4.886514506109236e-18
4529.900045672961,5.868520349564171e-18
4530.423800461465,6.376165042502012e-18
4530.947555249969,5.909223805937452e-18
4531.471310038472,5.622528787099604e-18
4531.995064826976,5.168505747764797e-18
4532.5188196154795,4.785697424451607e-18
4533.042574403984,4.516117510465688e-18
4533.566329192487,4.6130467147426915e-18
4534.090083980991,4.325048100568515e-18
4534.613838769495,4.652749351594202e-18
4535.137593557998,5.117488417893644e-18
4535.661348346502,5.910974877917594e-18
4536.185103135005,5.330474101146895e-18
4536.70885792351,4.548504772294507e-18
4537.232612712013,4.58893011311267e-18
4537.756367500517,4.334097217596812e-18
4538.28012228902,4.369532366875359e-18
4538.803877077525,4.419733159986117e-18
4539.327631866027,4.9336095157653294e-18
4539.851386654532,4.690843070312206e-18
4540.375141443035,4.601122218867169e-18
4540.898896231539,4.725563312931339e-18
4541.422651020042,4.9162830065384686e-18
4541.946405808547,4.631625413963499e-18
4542.47016059705,4.246216045570927e-18
4542.993915385554,4.1724813067862735e-18
4543.5176701740575,4.802563637939513e-18
4544.041424962561,4.9485536071914355e-18
4544.565179751065,5.2768881984475885e-18
4545.088934539568,4.5721128158090016e-18
4545.6126893280725,4.530145852849005e-18
4546.136444116576,4.2706957564981285e-18
4546.66019890508,3.881892658819948e-18
4547.183953693583,3.382059966736452e-18
4547.707708482087,3.501677091281344e-18
4548.231463270591,4.2821020607556575e-18
4548.755218059095,4.72441382511059e-18
4549.278972847598,4.907411158036447e-18
4549.802727636102,5.741173232929942e-18
4550.326482424606,5.708987373699867e-18
4550.850237213109,5.605266639073751e-18
4551.373992001613,5.711597107861922e-18
4551.897746790117,5.3289468058486274e-18
4552.42150157862,5.423283578653061e-18
4552.945256367124,5.389684553337542e-18
4553.469011155628,4.622602133943199e-18
4553.992765944132,4.862035773785576e-18
4554.516520732635,4.872296934158638e-18
4555.040275521139,4.8219077740476006e-18
4555.5640303096425,4.8848202466466464e-18
4556.087785098147,4.321455777510078e-18
4556.61153988665,3.971843785589377e-18
4557.135294675154,4.3604378548567235e-18
4557.6590494636575,4.674209599306289e-18
4558.182804252161,4.689834192237229e-18
4558.706559040665,5.040497843232009e-18
4559.230313829168,5.1346718187460436e-18
4559.754068617673,5.608100688431158e-18
4560.277823406176,6.180341608126231e-18
4560.80157819468,6.499557639558736e-18
4561.325332983183,6.249530055041039e-18
4561.849087771688,6.079052520065187e-18
4562.37284256019,6.032241875430255e-18
4562.896597348695,6.075757578261054e-18
4563.420352137198,5.618757697834163e-18
4563.944106925702,4.7343083185411224e-18
4564.467861714205,4.713448820381231e-18
4564.99161650271,5.079473507347255e-18
4565.515371291213,5.656490812292101e-18
4566.039126079717,6.410110114342275e-18
4566.56288086822,6.772451028985619e-18
4567.086635656724,6.342962330941789e-18
4567.6103904452275,5.536358557453342e-18
4568.134145233731,5.455781823992571e-18
4568.6579000222355,5.394485612847184e-18
4569.181654810739,5.4641000287144045e-18
4569.705409599243,5.595428351039923e-18
4570.229164387746,5.4968422149554626e-18
4570.75291917625,5.531314198817893e-18
4571.276673964754,4.928192427662429e-18
4571.800428753258,4.7699110702365715e-18
4572.324183541761,4.627347980949154e-18
4572.847938330265,4.743220424689179e-18
4573.371693118768,5.4606916321302e-18
4573.895447907272,5.498564197640225e-18
4574.419202695776,5.557115611007071e-18
4574.94295748428,5.620845398176043e-18
4575.466712272783,5.600940867167571e-18
4575.990467061287,5.658201180723134e-18
4576.514221849791,5.454900113630062e-18
4577.037976638295,5.487946516172048e-18
4577.561731426798,5.543836967700538e-18
4578.085486215302,6.299541326373141e-18
4578.609241003805,5.9337306559474e-18
4579.132995792309,5.585691991814192e-18
4579.6567505808125,5.885424136493685e-18
4580.180505369317,6.244275452027473e-18
4580.7042601578205,6.3098049961092325e-18
4581.228014946324,6.12508740597179e-18
4581.751769734828,5.984419894744593e-18
4582.275524523331,5.850961123704185e-18
4582.799279311836,5.724069402685195e-18
4583.323034100339,5.4965899578159065e-18
4583.846788888843,5.337387076829504e-18
4584.370543677346,5.024009364883932e-18
4584.89429846585,4.711799727500716e-18
4585.418053254353,5.024235982231246e-18
4585.941808042858,4.8864011786040955e-18
4586.465562831361,4.785201801790388e-18
4586.989317619865,5.082458603510849e-18
4587.513072408368,5.002883363801592e-18
4588.036827196873,5.497407276035549e-18
4588.560581985376,5.382433658801125e-18
4589.08433677388,5.698648941750954e-18
4589.608091562383,5.63023069063736e-18
4590.131846350887,5.5657040792644556e-18
4590.6556011393905,5.574743925557203e-18
4591.179355927894,5.6402101396925414e-18
4591.703110716398,6.4967577433548316e-18
4592.226865504902,6.6057012782027865e-18
4592.7506202934055,5.702490393504751e-18
4593.274375081909,4.905056660039804e-18
4593.798129870413,5.0385593985319996e-18
4594.321884658917,5.2678390516570765e-18
4594.845639447421,5.3228557376992126e-18
4595.369394235924,5.296086553098413e-18
4595.893149024428,5.270001769017283e-18
4596.416903812931,5.319399128717772e-18
4596.940658601435,5.759403736033418e-18
4597.464413389939,5.4036234094888496e-18
4597.988168178443,5.3338163654137395e-18
4598.511922966946,5.3662469244574966e-18
4599.03567775545,5.689881211725554e-18
4599.559432543954,5.333270010825295e-18
4600.083187332458,5.9906335659755176e-18
4600.606942120961,6.481807081242989e-18
4601.130696909465,7.672079782789093e-18
4601.654451697968,7.938739384160897e-18
4602.178206486472,7.623662739139487e-18
4602.7019612749755,7.565367689169803e-18
4603.22571606348,7.487919211018582e-18
4603.7494708519835,6.913067542810454e-18
4604.273225640487,5.994025394183361e-18
4604.7969804289905,5.685539660960855e-18
4605.320735217494,6.068611599171575e-18
4605.8444900059985,5.8238642055581955e-18
4606.368244794502,6.1158155579281066e-18
4606.891999583006,6.668152433792826e-18
4607.415754371509,7.136194268473176e-18
4607.939509160013,6.932580921493226e-18
4608.463263948516,6.377069151303965e-18
4608.987018737021,5.610614427957279e-18
4609.510773525524,6.452681203939488e-18
4610.034528314028,7.470126679941478e-18
4610.558283102531,7.977400965151125e-18
4611.082037891036,7.773796486011791e-18
4611.605792679539,6.596611677574488e-18
4612.129547468043,6.141870894912615e-18
4612.653302256546,6.784878587035653e-18
4613.17705704505,6.55494212037187e-18
4613.700811833553,7.118000627983193e-18
4614.224566622057,8.00902001646857e-18
4614.748321410561,7.948050363933828e-18
4615.272076199065,7.896594376530112e-18
4615.7958309875685,7.96211571195935e-18
4616.319585776072,7.666159875430644e-18
4616.843340564576,7.598990233448495e-18
4617.36709535308,7.27172437756141e-18
4617.8908501415835,6.782655459931251e-18
4618.414604930087,6.235981636545127e-18
4618.938359718591,6.604454216026506e-18
4619.462114507094,7.077311080233167e-18
4619.985869295598,7.343402335328215e-18
4620.509624084102,6.779325637951392e-18
4621.033378872606,6.382050526102539e-18
4621.557133661109,5.882603035166423e-18
4622.080888449613,5.6025163975983955e-18
4622.604643238117,6.221785199839243e-18
4623.128398026621,7.405192812663069e-18
4623.652152815124,8.155831546498055e-18
4624.175907603628,8.948929691774695e-18
4624.699662392131,8.125787049023327e-18
4625.223417180635,7.2424812045792e-18
4625.747171969138,6.0775317317553025e-18
4626.270926757643,5.392360347378633e-18
4626.794681546146,6.118408771000673e-18
4627.31843633465,6.401005364437763e-18
4627.8421911231535,6.834303013713377e-18
4628.365945911657,6.452119294016211e-18
4628.8897007001615,6.4508878302930635e-18
4629.413455488665,6.351386736179722e-18
4629.937210277169,5.95455695669817e-18
4630.460965065672,5.734018129663816e-18
4630.984719854176,5.656344171534507e-18
4631.508474642679,6.162753790601447e-18
4632.032229431184,6.1061555329620114e-18
4632.555984219687,6.203432978182058e-18
4633.079739008191,6.297267466692134e-18
4633.603493796694,6.799122261195407e-18
4634.127248585199,7.219370295768303e-18
4634.651003373702,6.97415968680946e-18
4635.174758162206,6.702250533279211e-18
4635.698512950709,6.709364189470665e-18
4636.222267739213,6.097487805676867e-18
4636.746022527716,6.130139617250263e-18
4637.26977731622,6.9105248290916945e-18
4637.793532104724,6.869824222781945e-18
4638.317286893227,6.04760329813201e-18
4638.841041681731,5.282984827925337e-18
4639.364796470235,4.664031644535071e-18
4639.8885512587385,5.087607110214695e-18
4640.412306047243,5.348209173395164e-18
4640.9360608357465,5.377644188360361e-18
4641.45981562425,5.6574900963555836e-18
4641.983570412754,6.410647545233031e-18
4642.507325201257,7.038159298632377e-18
4643.031079989761,6.731254184603274e-18
4643.554834778265,6.422236529123959e-18
4644.078589566769,6.354713372110551e-18
4644.602344355272,6.3935186797040266e-18
4645.126099143776,6.501673368506027e-18
4645.64985393228,6.652485844213747e-18
4646.173608720784,6.463871498653733e-18
4646.697363509287,5.872076520149006e-18
4647.221118297791,5.3607339521337305e-18
4647.744873086294,4.849003593682824e-18
4648.268627874798,4.972387607299674e-18
4648.792382663301,5.29238077010936e-18
4649.316137451805,5.190451140886227e-18
4649.8398922403085,5.770869988837252e-18
4650.363647028813,6.59567427923652e-18
4650.8874018173165,7.720466038237676e-18
4651.41115660582,8.681453541151425e-18
4651.934911394324,8.782275963159334e-18
4652.458666182828,8.548419166351213e-18
4652.9824209713315,8.616719772103701e-18
4653.506175759835,8.893446718906248e-18
4654.029930548339,7.802673602580136e-18
4654.553685336842,6.5249026082397914e-18
4655.077440125346,6.19412458872575e-18
4655.60119491385,6.073435068874043e-18
4656.124949702354,6.169318849188839e-18
4656.648704490857,6.2198323159586955e-18
4657.172459279362,6.616742479318807e-18
4657.696214067865,6.65137544686645e-18
4658.219968856369,6.557583330786187e-18
4658.743723644872,6.46910965407367e-18
4659.267478433376,5.855071688716475e-18
4659.791233221879,5.267886970854071e-18
4660.314988010383,4.6545419194982904e-18
4660.838742798886,4.803126055883285e-18
4661.36249758739,4.89020121762748e-18
4661.886252375894,4.8866596036337904e-18
4662.410007164398,4.8564725963195975e-18
4662.9337619529015,5.278139404757644e-18
4663.457516741406,5.968844250117274e-18
4663.9812715299095,6.4636952419393516e-18
4664.505026318413,6.581444054244218e-18
4665.0287811069165,6.127729860859599e-18
4665.55253589542,6.2537542120515906e-18
4666.076290683924,6.52477290220706e-18
4666.600045472427,6.3348395843646574e-18
4667.123800260932,5.9072961607761655e-18
4667.647555049435,5.840299427981623e-18
4668.171309837939,6.3232737353643724e-18
4668.695064626443,6.746261160836631e-18
4669.218819414947,7.739188278306581e-18
4669.74257420345,7.828343887223838e-18
4670.266328991954,7.077392037062129e-18
4670.790083780457,6.6649513961854975e-18
4671.313838568961,6.606617365939904e-18
4671.837593357464,5.9291296171981956e-18
4672.361348145968,5.647589673909264e-18
4672.885102934471,5.330012850486659e-18
4673.408857722976,5.167263625008123e-18
4673.932612511479,5.064917602993356e-18
4674.456367299983,5.2159301717042536e-18
4674.980122088487,5.5158690043752435e-18
4675.503876876991,5.5903348621513055e-18
4676.0276316654945,6.2325351566947215e-18
4676.551386453998,6.92093684112949e-18
4677.075141242502,6.661036833553186e-18
4677.598896031005,6.5900436116982244e-18
4678.122650819509,6.160601351681577e-18
4678.646405608013,6.267864696584193e-18
4679.170160396517,6.553822479023914e-18
4679.69391518502,5.980499947088126e-18
4680.217669973525,5.462770243131302e-18
4680.741424762028,6.069548935239654e-18
4681.265179550532,7.122154634735492e-18
4681.788934339035,6.588231227828336e-18
4682.312689127539,6.7887892748823584e-18
4682.836443916042,6.8497505232217145e-18
4683.360198704546,5.939429714885478e-18
4683.883953493049,6.245209582435248e-18
4684.407708281553,6.551862516328564e-18
4684.931463070057,6.788559259015237e-18
4685.455217858561,7.091046097207993e-18
4685.978972647064,6.638495986547526e-18
4686.502727435569,6.939497170694851e-18
4687.026482224072,7.414393252536712e-18
4687.550237012576,7.571474236960222e-18
4688.0739918010795,8.17904304106887e-18
4688.597746589583,8.505964402652252e-18
4689.121501378087,8.420548514032559e-18
4689.64525616659,8.188149118808005e-18
4690.169010955095,7.383071122722181e-18
4690.692765743598,7.108736974247913e-18
4691.216520532102,6.264022441310193e-18
4691.740275320606,5.767400684334308e-18
4692.26403010911,6.561420544677821e-18
4692.787784897613,7.074269623667571e-18
4693.311539686117,6.915754803821941e-18
4693.83529447462,6.53118843233212e-18
4694.359049263124,6.454335011880172e-18
4694.882804051627,6.504323216228102e-18
4695.406558840131,6.094983779438926e-18
4695.930313628634,5.674952463277908e-18
4696.454068417139,5.648175494952927e-18
4696.977823205642,6.201354638514492e-18
4697.501577994146,6.731575855923882e-18
4698.02533278265,7.026936966131092e-18
4698.549087571154,6.408056460656819e-18
4699.072842359657,5.8818502780911414e-18
4699.596597148161,5.782743619912189e-18
4700.1203519366645,5.6271885928079346e-18
4700.644106725168,5.700871930343052e-18
4701.167861513672,5.280738459436053e-18
4701.691616302176,5.280669820213559e-18
4702.21537109068,5.282805026639537e-18
4702.739125879183,5.972582040498468e-18
4703.262880667688,6.8236284553994596e-18
4703.786635456191,7.68736754101804e-18
4704.310390244695,7.472969061588844e-18
4704.834145033198,7.27831079567439e-18
4705.357899821702,7.209782792608922e-18
4705.881654610205,6.8031338403825385e-18
4706.405409398709,6.232393279699397e-18
4706.929164187212,5.396769663698482e-18
4707.452918975716,5.27905633093342e-18
4707.97667376422,5.283831722375504e-18
4708.500428552724,5.764074998752783e-18
4709.024183341227,6.046866571717865e-18
4709.547938129732,6.489888498150611e-18
4710.071692918235,6.520600065524471e-18
4710.595447706739,6.26216496643678e-18
4711.1192024952425,6.711559906095982e-18
4711.642957283746,7.312946792073259e-18
4712.1667120722495,7.098287489099703e-18
4712.690466860753,7.311493583613833e-18
4713.2142216492575,7.404600001707654e-18
4713.737976437761,7.440667272469575e-18
4714.261731226265,6.97891829494582e-18
4714.785486014769,6.687597625366916e-18
4715.309240803273,6.617455528837445e-18
4715.832995591776,6.987748295595455e-18
4716.35675038028,7.177384329949745e-18
4716.880505168783,7.189021095195317e-18
4717.404259957287,7.146513519663404e-18
4717.92801474579,7.539043022304919e-18
4718.451769534294,7.424848889972582e-18
4718.975524322797,7.450888413774249e-18
4719.499279111302,6.6971871225888725e-18
4720.023033899805,5.708738211044678e-18
4720.546788688309,5.3288375207002254e-18
4721.070543476813,5.768798546391294e-18
4721.594298265317,6.619952740685183e-18
4722.11805305382,6.828465878099107e-18
4722.641807842324,6.7830296356871706e-18
4723.1655626308275,6.594582882807279e-18
4723.689317419331,6.6058426110016156e-18
4724.213072207835,6.3436172075848646e-18
4724.736826996339,6.221649926626419e-18
4725.2605817848425,5.975357751116e-18
4725.784336573346,5.871816351487007e-18
4726.3080913618505,6.337311661022019e-18
4726.831846150354,6.730822032180294e-18
4727.355600938858,7.224781031347002e-18
4727.879355727361,7.336705428450681e-18
4728.403110515865,6.702902936684584e-18
4728.926865304368,6.22702717114036e-18
4729.450620092872,5.6287408694398925e-18
4729.974374881375,6.0068810259716245e-18
4730.498129669879,6.94740402878474e-18
4731.021884458383,7.631498443464496e-18
4731.545639246887,7.434317193230614e-18
4732.06939403539,6.5426959503664545e-18
4732.593148823895,6.452278353848433e-18
4733.116903612398,6.483930570542583e-18
4733.640658400902,6.269027553798564e-18
4734.164413189405,6.099292668612571e-18
4734.688167977909,6.315576124388959e-18
4735.2119227664125,7.02629156886072e-18
4735.735677554916,7.151246362996721e-18
4736.2594323434205,7.290186280060384e-18
4736.783187131924,6.910185001603449e-18
4737.306941920428,6.504550361988981e-18
4737.830696708932,6.394807934364118e-18
4738.354451497436,6.502104620470731e-18
4738.878206285939,7.477958497929128e-18
4739.401961074443,8.180317656644505e-18
4739.925715862946,8.239722786272493e-18
4740.44947065145,7.688040618086497e-18
4740.973225439953,7.363955040536617e-18
4741.496980228457,7.258435561901985e-18
4742.02073501696,7.288371878826656e-18
4742.544489805465,7.869269890730988e-18
4743.068244593968,8.45286488093294e-18
4743.591999382472,8.142441867735932e-18
4744.115754170976,7.669629678274435e-18
4744.63950895948,7.378847331178124e-18
4745.163263747983,7.341958097658281e-18
4745.687018536487,7.694508874855707e-18
4746.21077332499,7.759199395999363e-18
4746.734528113494,7.85694220787591e-18
4747.2582829019975,7.733153848330361e-18
4747.782037690502,7.561421384443237e-18
4748.3057924790055,7.358683272705106e-18
4748.829547267509,6.979489373004516e-18
4749.3533020560135,6.991326856378376e-18
4749.877056844517,6.7559582473594754e-18
4750.400811633021,6.311505348746439e-18
4750.924566421524,6.5391702003145705e-18
4751.448321210028,6.970570802077607e-18
4751.972075998531,6.811419330894326e-18
4752.495830787035,6.947518796406834e-18
4753.019585575538,7.812667825571372e-18
4753.543340364042,7.859257724039372e-18
4754.067095152546,7.026772341772826e-18
4754.59084994105,6.293596792131858e-18
4755.114604729553,6.245129428054064e-18
4755.638359518058,5.729792691801748e-18
4756.162114306561,6.027615349863282e-18
4756.685869095065,5.964286634388616e-18
4757.209623883568,5.5929726845900535e-18
4757.733378672072,5.524673893547757e-18
4758.2571334605755,5.866613426165029e-18
4758.780888249079,5.829089619240073e-18
4759.304643037583,6.347131830746499e-18
4759.828397826087,6.963576745331317e-18
4760.3521526145905,7.10748290561909e-18
4760.875907403095,6.905450205803916e-18
4761.3996621915985,6.854334050773199e-18
4761.923416980102,7.658040612712189e-18
4762.447171768606,8.40195480325021e-18
4762.970926557109,8.517665480404123e-18
4763.494681345613,7.781755216219331e-18
4764.018436134116,6.60122934591858e-18
4764.54219092262,5.952643730490209e-18
4765.065945711123,6.104728028911594e-18
4765.589700499628,6.5175377230068714e-18
4766.113455288131,7.133722922039635e-18
4766.637210076635,7.653187561506754e-18
4767.160964865139,7.857238182684652e-18
4767.684719653643,8.335111213303643e-18
4768.208474442146,8.409897775196164e-18
4768.73222923065,8.259620447634746e-18
4769.255984019153,7.974593034356511e-18
4769.779738807657,7.81600532134551e-18
4770.3034935961605,8.132688661037942e-18
4770.827248384665,7.538143157880302e-18
4771.3510031731685,7.55233763918155e-18
4771.874757961672,7.649382485828e-18
4772.398512750176,7.374774053770387e-18
4772.92226753868,7.992324651641026e-18
4773.4460223271835,7.995106778114578e-18
4773.969777115687,7.559165317311367e-18
4774.493531904191,7.512205093838898e-18
4775.017286692694,7.393169692594018e-18
4775.541041481198,6.500139301901739e-18
4776.064796269701,6.1147657392485895e-18
4776.588551058205,6.6934352788606876e-18
4777.112305846709,7.681036779003466e-18
4777.636060635213,8.00733275870034e-18
4778.159815423716,7.429183890283406e-18
4778.683570212221,6.506341116246877e-18
4779.207325000724,5.813804316494167e-18
4779.731079789228,6.0993903968532505e-18
4780.254834577731,6.5046407834419575e-18
4780.778589366235,6.767469599938992e-18
4781.302344154738,6.457003623731004e-18
4781.826098943242,6.353954742793372e-18
4782.349853731746,6.552182149676345e-18
4782.87360852025,7.303226434762024e-18
4783.3973633087535,7.12573685953774e-18
4783.921118097258,7.603312530679355e-18
4784.4448728857615,7.14978708081377e-18
4784.968627674265,7.247949985149296e-18
4785.492382462769,7.925055385066453e-18
4786.016137251272,8.481125084633756e-18
4786.539892039776,9.417798908195352e-18
4787.063646828279,8.737316774049196e-18
4787.587401616783,8.330381747647114e-18
4788.111156405286,8.283569971458535e-18
4788.634911193791,7.452700862669237e-18
4789.158665982294,7.305358758935062e-18
4789.682420770798,6.537765994422842e-18
4790.206175559301,6.8540852090394354e-18
4790.729930347806,6.523318036624757e-18
4791.253685136309,6.26785558713664e-18
4791.777439924813,6.02436925264687e-18
4792.301194713316,6.0124882478246345e-18
4792.82494950182,6.6869803208368935e-18
4793.348704290323,7.281552490461161e-18
4793.872459078828,8.130884970044924e-18
4794.396213867331,8.508695092007381e-18
4794.919968655835,8.733605014511189e-18
4795.443723444339,8.438422973308533e-18
4795.967478232842,7.925722450737632e-18
4796.4912330213465,7.364413950392366e-18
4797.01498780985,6.7441021932426614e-18
4797.538742598354,6.425123860028581e-18
4798.062497386857,6.467264844393326e-18
4798.586252175361,6.677098020451213e-18
4799.110006963864,7.09528794626808e-18
4799.633761752368,7.082371588270894e-18
4800.157516540872,7.038051728989373e-18
4800.681271329376,6.933618691280059e-18
4801.205026117879,7.036034260699555e-18
4801.728780906383,7.370580112574609e-18
4802.252535694887,8.104603515206132e-18
4802.776290483391,7.605365471745169e-18
4803.300045271894,7.105064963351087e-18
4803.823800060398,7.091223973178441e-18
4804.347554848901,7.665467133646194e-18
4804.871309637405,7.72336376440389e-18
4805.395064425909,7.709929563567436e-18
4805.918819214413,7.943249411731767e-18
4806.442574002916,7.966403894399578e-18
4806.96632879142,7.847035790343253e-18
4807.4900835799235,7.450566386023792e-18
4808.013838368428,7.476510884697315e-18
4808.5375931569315,7.192367821558331e-18
4809.061347945435,7.46336363063951e-18
4809.585102733939,7.68208187439639e-18
4810.108857522442,7.850229187159035e-18
4810.632612310946,7.949433769139595e-18
4811.156367099449,7.966610761482666e-18
4811.680121887954,8.165493550307783e-18
4812.203876676457,7.885575783866153e-18
4812.727631464961,7.972569549787624e-18
4813.251386253464,8.010943042305942e-18
4813.775141041969,8.763129936478294e-18
4814.298895830472,9.190283559513581e-18
4814.822650618976,8.66661736321859e-18
4815.346405407479,7.71383528061853e-18
4815.870160195983,6.684810162254726e-18
4816.393914984486,6.498125693792302e-18
4816.917669772991,7.045432606979284e-18
4817.441424561494,7.285689149705345e-18
4817.965179349998,7.654808996698698e-18
4818.4889341385015,7.708131779591851e-18
4819.012688927005,7.950491089028285e-18
4819.536443715509,8.016634528901183e-18
4820.060198504013,7.49278494656097e-18
4820.5839532925165,7.09762113744358e-18
4821.10770808102,6.925686069916116e-18
4821.631462869524,7.033384659058527e-18
4822.155217658027,7.647360608083059e-18
4822.678972446531,7.717767236066843e-18
4823.202727235035,7.630639196860037e-18
4823.726482023539,6.779209687419199e-18
4824.250236812042,6.079854325899044e-18
4824.773991600546,6.254512119645373e-18
4825.29774638905,6.8069736119812405e-18
4825.821501177554,7.60503706115135e-18
4826.345255966057,8.61961700093432e-18
4826.869010754561,8.914357713475804e-18
4827.392765543064,8.390319854425515e-18
4827.916520331568,8.248579122455937e-18
4828.440275120072,7.949862727756667e-18
4828.964029908576,7.745018409925054e-18
4829.487784697079,8.253133033072042e-18
4830.011539485583,8.638405269138603e-18
4830.5352942740865,8.442254844037322e-18
4831.059049062591,7.842735732513431e-18
4831.5828038510945,7.451632034698509e-18
4832.106558639598,7.06992525235417e-18
4832.6303134281015,6.917452996658002e-18
4833.154068216605,7.255302420739723e-18
4833.677823005109,7.966735602283891e-18
4834.201577793612,8.686892933315401e-18
4834.725332582117,8.608090847235822e-18
4835.24908737062,7.945100504045972e-18
4835.772842159124,7.266023063462902e-18
4836.296596947627,7.422931458824693e-18
4836.820351736132,7.826084282575345e-18
4837.344106524635,8.32370473051123e-18
4837.867861313139,9.048742023833623e-18
4838.391616101642,8.928078826594456e-18
4838.915370890146,8.70420611212984e-18
4839.439125678649,8.389407377813231e-18
4839.962880467154,7.953301701590847e-18
4840.486635255657,6.96328232095877e-18
4841.010390044161,6.513790207139667e-18
4841.534144832664,6.59826774603316e-18
4842.057899621168,6.893816072882283e-18
4842.581654409672,7.464373455630472e-18
4843.105409198176,7.515075892589134e-18
4843.6291639866795,7.627801303635675e-18
4844.152918775183,7.58373894191398e-18
4844.676673563687,7.710397883413202e-18
4845.20042835219,8.52056584209596e-18
4845.724183140694,8.552969053901546e-18
4846.247937929198,8.09105172225048e-18
4846.771692717702,7.41507228525463e-18
4847.295447506205,6.6022751922458484e-18
4847.819202294709,5.911122508314219e-18
4848.342957083213,6.7607730468496776e-18
4848.866711871717,8.34233670870776e-18
4849.39046666022,9.429381217744114e-18
4849.914221448724,9.412773829615178e-18
4850.437976237227,9.018661198156581e-18
4850.961731025731,8.56574015438577e-18
4851.485485814235,8.310841420445893e-18
4852.009240602739,8.251136934153971e-18
4852.532995391242,1.1985805940868968e-17
4853.056750179746,3.3593539220865415e-17
4853.580504968249,5.685604483776654e-17
4854.104259756754,3.782325518405837e-17
4854.628014545257,1.3855717462825525e-17
4855.151769333761,1.4349552121263244e-17
4855.6755241222645,1.3372093965548289e-17
4856.199278910768,9.690964472824421e-18
4856.723033699272,8.038074148392333e-18
4857.246788487775,7.231961565435557e-18
4857.77054327628,6.726553722992359e-18
4858.294298064783,6.957266236125262e-18
4858.818052853287,7.130532948331278e-18
4859.34180764179,6.981304712494986e-18
4859.865562430295,6.9065853058792054e-18
4860.389317218798,6.770848886916743e-18
4860.913072007302,6.905173664184475e-18
4861.436826795805,7.539213784356673e-18
4861.960581584309,8.138791607956988e-18
4862.484336372812,7.715219816096564e-18
4863.008091161317,7.219882285667809e-18
4863.53184594982,7.017472818044669e-18
4864.055600738324,6.961598242809559e-18
4864.579355526827,7.166767942536136e-18
4865.103110315331,7.731969126581682e-18
4865.626865103835,7.888816676176697e-18
4866.150619892339,8.016341757366633e-18
4866.674374680842,7.847824067337951e-18
4867.198129469346,7.269633353804211e-18
4867.7218842578495,6.874178244413027e-18
4868.245639046353,6.652737503560266e-18
4868.769393834857,7.09765478758152e-18
4869.293148623361,7.962833434473762e-18
4869.816903411865,8.122972377790862e-18
4870.340658200368,8.139253248137357e-18
4870.864412988872,8.707238441398236e-18
4871.388167777376,9.226593958862152e-18
4871.911922565879,9.566323007409155e-18
4872.435677354383,9.472459362793635e-18
4872.959432142887,8.15296171006976e-18
4873.48318693139,7.062849336623796e-18
4874.006941719894,6.416958315766701e-18
4874.530696508398,6.586054503620595e-18
4875.054451296902,7.104886860787274e-18
4875.578206085405,7.49241688628285e-18
4876.101960873909,7.578504132365894e-18
4876.625715662412,7.37991771282872e-18
4877.149470450917,7.248919186971866e-18
4877.6732252394195,7.175492887912172e-18
4878.196980027924,7.325606745527231e-18
4878.7207348164275,7.448631357683729e-18
4879.244489604931,7.735659316520425e-18
4879.7682443934345,8.172365855181925e-18
4880.291999181938,8.323024925969838e-18
4880.8157539704425,7.511712711851597e-18
4881.339508758946,6.5780014631868e-18
4881.86326354745,6.532866899529146e-18
4882.387018335953,6.674359907725822e-18
4882.910773124457,6.30578005747278e-18
4883.434527912961,6.3509803002308726e-18
4883.958282701465,6.935136327631678e-18
4884.482037489968,8.145829306504977e-18
4885.005792278472,8.936869192371454e-18
4885.529547066975,8.705611671191424e-18
4886.05330185548,8.824996729233847e-18
4886.577056643983,9.92176846710574e-18
4887.100811432487,1.0423934897789163e-17
4887.62456622099,1.09422396736171e-17
4888.148321009494,1.0843132725672845e-17
4888.672075797997,1.059045088203096e-17
4889.195830586501,1.0402794961876453e-17
4889.719585375005,1.055459316021641e-17
4890.243340163509,1.0393756188915726e-17
4890.7670949520125,9.97572061091121e-18
4891.290849740516,9.660174086976764e-18
4891.81460452902,8.499414206345326e-18
4892.338359317524,7.748660479185159e-18
4892.862114106028,7.497004941917752e-18
4893.385868894531,7.682598702145895e-18
4893.909623683035,8.691428907524433e-18
4894.433378471538,8.590795347620144e-18
4894.957133260042,8.406952068557497e-18
4895.480888048546,8.145645375727875e-18
4896.00464283705,7.806139954243086e-18
4896.528397625553,8.085442190800876e-18
4897.052152414057,9.435055084635516e-18
4897.575907202561,1.0235644732218563e-17
4898.099661991065,1.0745614209566659e-17
4898.623416779568,1.0931438652732604e-17
4899.147171568072,1.0672892640665467e-17
4899.670926356575,1.0017887934641613e-17
4900.194681145079,8.605623669523478e-18
4900.718435933582,8.144420146872333e-18
4901.242190722087,7.828197522102772e-18
4901.76594551059,7.283557929922855e-18
4902.289700299094,6.948119995827374e-18
4902.8134550875975,7.260901291270043e-18
4903.337209876101,7.789546965450744e-18
4903.8609646646055,7.976853075966591e-18
4904.384719453109,8.224578033370545e-18
4904.908474241613,8.784167938558572e-18
4905.432229030116,8.332616387787643e-18
4905.95598381862,7.523753053676861e-18
4906.479738607123,7.820294549361987e-18
4907.003493395628,8.942760640594853e-18
4907.527248184131,9.873381401039477e-18
4908.051002972635,1.0524596726612977e-17
4908.574757761138,1.0686679607085027e-17
4909.098512549643,9.644053408587437e-18
4909.622267338146,8.718053903979073e-18
4910.14602212665,7.997387773804916e-18
4910.669776915153,7.24126473001826e-18
4911.193531703657,7.059844594495539e-18
4911.71728649216,6.986055259815967e-18
4912.241041280664,6.6561843186552245e-18
4912.764796069168,6.564054383036651e-18
4913.288550857672,5.89599575377743e-18
4913.812305646175,6.210910957747592e-18
4914.336060434679,7.682181162040787e-18
4914.8598152231825,7.953554897108343e-18
4915.383570011687,7.844496869327473e-18
4915.9073248001905,8.236382720349385e-18
4916.431079588694,7.53980031889939e-18
4916.954834377198,7.214291842031683e-18
4917.478589165701,7.700952324091483e-18
4918.002343954205,9.072862122020894e-18
4918.526098742709,9.188321789148856e-18
4919.049853531213,9.19366408707699e-18
4919.573608319716,9.588586529496547e-18
4920.09736310822,9.251025242878896e-18
4920.621117896724,9.611070659410737e-18
4921.144872685228,1.067065538574351e-17
4921.668627473731,1.0950388506003148e-17
4922.192382262235,9.990641814551356e-18
4922.716137050738,1.0224204196487565e-17
4923.239891839242,1.0569506727579703e-17
4923.763646627745,1.0680130265842755e-17
4924.28740141625,1.0213275042668999e-17
4924.811156204753,9.202104622387327e-18
4925.334910993257,7.861848330562142e-18
4925.8586657817605,7.337128952775929e-18
4926.382420570264,6.98817163046495e-18
4926.906175358768,6.2932209489535615e-18
4927.429930147272,8.096090120592225e-18
4927.9536849357755,8.697619302785918e-18
4928.477439724279,9.135797286472242e-18
4929.001194512783,8.713363776915143e-18
4929.524949301286,7.442716971696668e-18
4930.048704089791,7.050061677777826e-18
4930.572458878294,6.5307808442552854e-18
4931.096213666798,6.11189218338995e-18
4931.619968455301,6.62052456750484e-18
4932.143723243806,7.448419190494006e-18
4932.667478032309,8.14089106846793e-18
4933.191232820813,9.490612780946162e-18
4933.714987609316,9.782575393397494e-18
4934.23874239782,9.397859073230531e-18
4934.762497186323,8.590810756881865e-18
4935.286251974827,9.28794077494108e-18
4935.810006763331,9.095953485860046e-18
4936.333761551835,9.131871578325428e-18
4936.857516340338,9.630156919883568e-18
4937.381271128842,9.383017443371965e-18
4937.9050259173455,8.770543614887404e-18
4938.42878070585,8.471461852062851e-18
4938.9525354943535,8.329629396591214e-18
4939.476290282857,9.479072864919072e-18
4940.000045071361,9.376255870122888e-18
4940.523799859864,9.546972936646477e-18
4941.047554648368,9.58450224745287e-18
4941.571309436872,9.682587884397675e-18
4942.095064225376,9.802713562034444e-18
4942.618819013879,9.857853351121812e-18
4943.142573802383,1.0457145563650823e-17
4943.666328590887,9.94923290194027e-18
4944.190083379391,9.370927877062926e-18
4944.713838167894,8.683147324015354e-18
4945.237592956398,8.414571079718689e-18
4945.761347744901,8.42059773418024e-18
4946.285102533405,8.817825093707913e-18
4946.808857321908,9.496427921697838e-18
4947.332612110413,8.866077139655043e-18
4947.856366898916,8.276889798441153e-18
4948.38012168742,8.622076794594915e-18
4948.903876475923,7.971331936680853e-18
4949.427631264427,6.759081765107818e-18
4949.951386052931,6.203151794655963e-18
4950.475140841435,5.92118584170036e-18
4950.9988956299385,6.5593707879528654e-18
4951.522650418442,7.896048652415438e-18
4952.046405206946,8.722592155863276e-18
4952.570159995449,9.0656063765454e-18
4953.093914783953,8.647827638793913e-18
4953.617669572457,8.003640785821044e-18
4954.141424360961,7.7638396714551e-18
4954.665179149464,7.858946541186876e-18
4955.188933937969,8.534557234091471e-18
4955.712688726472,9.361049935451048e-18
4956.236443514976,9.616536559715348e-18
4956.760198303479,8.531474720096741e-18
4957.283953091983,7.731608372549709e-18
4957.807707880486,7.08798269466221e-18
4958.33146266899,7.3692434733575e-18
4958.855217457493,7.01492864823624e-18
4959.378972245998,7.067514337015032e-18
4959.902727034501,7.148991241595508e-18
4960.426481823005,7.747374266131578e-18
4960.950236611508,8.387665644238848e-18
4961.473991400013,8.507014260740653e-18
4961.997746188516,8.331244759468531e-18
4962.52150097702,8.343212567338462e-18
4963.0452557655235,8.24534614379765e-18
4963.569010554027,8.323925113959103e-18
4964.092765342531,8.939881038749744e-18
4964.616520131034,8.506324343160889e-18
4965.140274919539,8.845967427929965e-18
4965.664029708042,9.062270449982297e-18
4966.187784496546,9.579341827713751e-18
4966.71153928505,1.014890912292215e-17
4967.235294073554,9.556961456641026e-18
4967.759048862057,9.153579261051371e-18
4968.282803650561,9.495532265890934e-18
4968.806558439064,8.853732847405668e-18
4969.330313227568,9.281564611150382e-18
4969.854068016071,8.289077690004952e-18
4970.377822804575,7.905104077233677e-18
4970.901577593078,8.44899822049589e-18
4971.425332381583,8.359761558547574e-18
4971.949087170086,8.3561183331264e-18
4972.47284195859,8.356791014442174e-18
4972.996596747094,8.153534808390532e-18
4973.520351535598,6.968063391280397e-18
4974.044106324101,6.3369823230720355e-18
4974.567861112605,5.383282421606784e-18
4975.0916159011085,5.553473290405144e-18
4975.615370689612,6.668127625386891e-18
4976.139125478116,6.4003810866993844e-18
4976.66288026662,7.462477101970754e-18
4977.186635055124,7.305908374585784e-18
4977.710389843627,7.216628512412521e-18
4978.234144632132,7.601339065525778e-18
4978.757899420635,7.325398579656574e-18
4979.281654209139,7.253041530805875e-18
4979.805408997642,7.727662088745996e-18
4980.329163786146,8.797626955446003e-18
4980.852918574649,8.241794579913022e-18
4981.376673363153,6.99088136391299e-18
4981.900428151656,6.418606776026887e-18
4982.42418294016,6.842600400380907e-18
4982.947937728664,7.066526418563308e-18
4983.471692517168,8.119395751889475e-18
4983.995447305671,7.818792269318318e-18
4984.519202094176,9.284611509015577e-18
4985.042956882679,9.047117859649124e-18
4985.566711671183,8.214691733467895e-18
4986.0904664596865,7.135840764076392e-18
4986.61422124819,7.374664534731903e-18
4987.1379760366935,7.860803117289803e-18
4987.661730825197,7.950062460508214e-18
4988.1854856137015,8.315556146121735e-18
4988.709240402205,8.134641824924421e-18
4989.232995190709,7.451915893945535e-18
4989.756749979213,7.201827442538796e-18
4990.280504767717,7.562522971206217e-18
4990.80425955622,7.73734191322808e-18
4991.328014344724,6.731130986829677e-18
4991.851769133227,6.702945777697893e-18
4992.375523921731,6.437016346499686e-18
4992.899278710234,7.10144624071776e-18
4993.423033498738,7.172030213436916e-18
4993.946788287241,7.155350170321488e-18
4994.470543075746,7.69322595775856e-18
4994.994297864249,7.123677150543828e-18
4995.518052652753,7.489174622177143e-18
4996.041807441257,7.93404322817306e-18
4996.565562229761,7.263213382155036e-18
4997.089317018264,6.833100718937175e-18
4997.613071806768,6.553471316388568e-18
4998.1368265952715,6.649257512142917e-18
4998.660581383775,6.842732124832961e-18
4999.184336172279,7.307026298719029e-18
4999.708090960783,8.113329212661697e-18
5000.231845749287,8.719067211500683e-18
5000.75560053779,9.60653959036386e-18
5001.2793553262945,8.95368783894442e-18
5001.803110114798,8.150529842789331e-18
5002.326864903302,7.321289806697166e-18
5002.850619691805,7.178069643270345e-18
5003.374374480309,7.473757537282778e-18
5003.898129268812,6.560732010292077e-18
5004.421884057316,5.987488145254962e-18
5004.945638845819,5.7557407448421045e-18
5005.469393634323,6.052279972951433e-18
5005.993148422827,6.162729036254405e-18
5006.516903211331,5.829675526983959e-18
5007.040657999834,6.314524035725242e-18
5007.564412788339,6.94302581472285e-18
5008.088167576842,7.41729613584013e-18
5008.611922365346,7.731020101267328e-18
5009.135677153849,7.731771547534253e-18
5009.659431942353,7.395895574881172e-18
5010.1831867308565,6.8611533882681354e-18
5010.70694151936,7.663132418455594e-18
5011.2306963078645,7.434483920382019e-18
5011.754451096368,7.511145892416554e-18
5012.278205884872,8.30585454018175e-18
5012.801960673376,8.18672340668794e-18
5013.32571546188,8.620319620534413e-18
5013.849470250383,7.78779254187727e-18
5014.373225038887,7.527415842289819e-18
5014.89697982739,7.473171662771598e-18
5015.420734615894,7.7556506070715e-18
5015.944489404397,8.303085351174825e-18
5016.468244192901,8.4181166737502e-18
5016.991998981404,8.124517084952652e-18
5017.515753769909,8.281620364254072e-18
5018.039508558412,8.703851709242765e-18
5018.563263346916,9.216223551101673e-18
5019.08701813542,8.554309898626267e-18
5019.610772923924,7.738912836481275e-18
5020.134527712427,7.669061530200735e-18
5020.658282500931,8.45720743627372e-18
5021.182037289434,8.996767816850704e-18
5021.705792077938,9.408388838102405e-18
5022.2295468664415,9.359696300510895e-18
5022.753301654946,9.344146087749283e-18
5023.2770564434495,8.82902384009547e-18
5023.800811231953,9.339239584365134e-18
5024.3245660204575,1.0195130706847625e-17
5024.848320808961,1.0568017460117257e-17
5025.372075597465,1.0520545521159495e-17
5025.895830385968,9.827635266451888e-18
5026.419585174472,9.540531572095132e-18
5026.943339962975,8.105934791515141e-18
5027.467094751479,7.175727977262888e-18
5027.990849539982,7.143814792217676e-18
5028.514604328486,7.06970483571625e-18
5029.03835911699,7.225976728857448e-18
5029.562113905494,7.773751141653597e-18
5030.085868693997,7.850952039085911e-18
5030.609623482502,7.474206355160128e-18
5031.133378271005,6.652234091559752e-18
5031.657133059509,6.305290446506507e-18
5032.180887848012,6.09431944266993e-18
5032.704642636516,5.596745673505096e-18
5033.2283974250195,5.444187433416899e-18
5033.752152213523,5.597661647555889e-18
5034.275907002027,6.553915101657931e-18
5034.799661790531,7.379712844278632e-18
5035.3234165790345,8.60884306562248e-18
5035.847171367539,8.64026288518202e-18
5036.3709261560425,9.110015228564695e-18
5036.894680944546,9.601871440808567e-18
5037.41843573305,1.081710283392404e-17
5037.942190521553,1.1764817525094811e-17
5038.465945310057,1.1938873185604722e-17
5038.98970009856,1.1912487203677799e-17
5039.513454887064,1.0935235493147212e-17
5040.037209675567,9.359188112335426e-18
5040.560964464072,8.645240055711494e-18
5041.084719252575,7.944995005789908e-18
5041.608474041079,7.765426531058895e-18
5042.132228829583,8.094300234450874e-18
5042.655983618087,7.609253721833728e-18
5043.17973840659,7.424101501943413e-18
5043.703493195094,7.472447890785331e-18
5044.227247983597,7.610165779160645e-18
5044.751002772101,7.809227970236764e-18
5045.2747575606045,9.371019705116732e-18
5045.798512349109,1.0289105542070761e-17
5046.3222671376125,1.1115498233884074e-17
5046.846021926116,1.1011456387984546e-17
5047.3697767146205,1.1660533001344035e-17
5047.893531503124,1.1644146743574162e-17
5048.4172862916275,1.1493873889482837e-17
5048.941041080131,1.1260755130356935e-17
5049.464795868635,1.100163363584404e-17
5049.988550657138,1.0143174006982996e-17
5050.512305445642,1.0009267732970804e-17
5051.036060234145,9.681132048437458e-18
5051.559815022649,9.324429918203924e-18
5052.083569811153,8.815248483800257e-18
5052.607324599657,8.702912675431373e-18
5053.13107938816,9.60762767421309e-18
5053.654834176665,1.0977446050537362e-17
5054.178588965168,1.1125120619659888e-17
5054.702343753672,1.0164321657192652e-17
5055.226098542175,9.54251280222861e-18
5055.749853330679,8.976389676011026e-18
5056.273608119182,7.81261073563962e-18
5056.797362907686,7.390897887254994e-18
5057.32111769619,7.203746014531943e-18
5057.844872484694,8.157021616818802e-18
5058.3686272731975,9.337424809303035e-18
5058.892382061702,9.138297220049035e-18
5059.4161368502055,9.368690996112333e-18
5059.939891638709,8.478787842539654e-18
5060.463646427213,8.546716777230793e-18
5060.987401215716,8.24208953159556e-18
5061.51115600422,9.054230554804372e-18
5062.034910792723,9.866512690270848e-18
5062.558665581227,1.0453590887440449e-17
5063.08242036973,1.0245206362710555e-17
5063.606175158235,9.08266795642326e-18
5064.129929946738,8.339850642086129e-18
5064.653684735242,8.677167202383705e-18
5065.177439523746,9.293641649446366e-18
5065.70119431225,1.0222970753862007e-17
5066.224949100753,1.0128198670294363e-17
5066.748703889257,9.575034771987707e-18
5067.27245867776,8.927726718377236e-18
5067.796213466264,8.787406940937403e-18
5068.319968254767,8.829912645860377e-18
5068.843723043272,8.608443939118676e-18
5069.367477831775,8.943929252658146e-18
5069.891232620279,8.940956073523635e-18
5070.414987408783,8.918234709761472e-18
5070.938742197287,7.32846735920839e-18
5071.4624969857905,6.304769695560221e-18
5071.986251774294,6.145688348237277e-18
5072.510006562798,6.465547860136764e-18
5073.033761351301,7.053035439341417e-18
5073.557516139805,8.09232147606019e-18
5074.081270928308,8.607112989905653e-18
5074.605025716812,8.286687321648023e-18
5075.128780505316,7.969738819696523e-18
5075.65253529382,7.749874612915183e-18
5076.176290082323,8.173225298785229e-18
5076.700044870828,9.285303121417737e-18
5077.223799659331,9.584866476756188e-18
5077.747554447835,9.769496540721043e-18
5078.271309236338,9.55879840267208e-18
5078.795064024842,9.254113723391011e-18
5079.318818813345,9.093317718499511e-18
5079.842573601849,8.797113060963125e-18
5080.366328390353,9.729835587478919e-18
5080.890083178857,1.0207180368460655e-17
5081.41383796736,1.0004818783437138e-17
5081.937592755865,9.493274971240629e-18
5082.461347544368,8.929195473955338e-18
5082.985102332872,9.45075078743501e-18
5083.5088571213755,1.0158309144951527e-17
5084.032611909879,9.954959055130368e-18
5084.556366698383,1.0031199309625021e-17
5085.080121486886,1.0658445327530151e-17
5085.60387627539,1.0908005542705106e-17
5086.127631063893,1.1664468141421025e-17
5086.651385852398,1.1869037031525559e-17
5087.175140640901,1.1396047300909875e-17
5087.698895429405,1.1534049081922964e-17
5088.222650217909,1.0216886551488495e-17
5088.746405006413,9.352776452505087e-18
5089.270159794916,8.4658184391816e-18
5089.79391458342,8.728805616189733e-18
5090.317669371923,8.472301129070553e-18
5090.841424160427,8.305436452924496e-18
5091.36517894893,8.393801341647177e-18
5091.888933737435,9.323732487472284e-18
5092.412688525938,1.0203809375888725e-17
5092.936443314442,1.1034612092214874e-17
5093.460198102946,1.1555210099213723e-17
5093.98395289145,1.0867913699042016e-17
5094.5077076799535,9.569910982944847e-18
5095.031462468457,9.150601602524509e-18
5095.5552172569605,9.320869210921465e-18
5096.078972045464,9.076243172309894e-18
5096.602726833968,8.859495056354019e-18
5097.126481622471,8.728045535430917e-18
5097.650236410975,8.75817556837331e-18
5098.173991199479,8.487241457200363e-18
5098.697745987983,8.207248203442223e-18
5099.221500776486,7.827544125186914e-18
5099.745255564991,7.718044311777909e-18
5100.269010353494,7.22491632449667e-18
5100.792765141998,8.07230530639072e-18
5101.316519930501,8.02706260278459e-18
5101.840274719005,7.33332639021044e-18
5102.364029507508,7.522854708968722e-18
5102.887784296012,7.44730254556614e-18
5103.411539084516,7.719182204513381e-18
5103.93529387302,9.58480274620497e-18
5104.459048661523,9.193590258680612e-18
5104.982803450028,9.297831734520347e-18
5105.506558238531,9.389571109462322e-18
5106.030313027035,9.336275808019992e-18
5106.5540678155385,9.383609799444861e-18
5107.077822604042,9.90660567276417e-18
5107.601577392546,1.0053283178703714e-17
5108.125332181049,1.0940385815357395e-17
5108.649086969553,1.1498493100037921e-17
5109.172841758056,1.1194388828729694e-17
5109.696596546561,1.0649679080969983e-17
5110.220351335064,1.0483775618952236e-17
5110.744106123568,1.056726048769719e-17
5111.267860912072,9.898359996735919e-18
5111.791615700576,1.0133011339910165e-17
5112.315370489079,1.0223699965216848e-17
5112.839125277583,1.0303312014180864e-17
5113.362880066086,9.651120436003937e-18
5113.88663485459,9.090607132526254e-18
5114.410389643093,8.465753754924832e-18
5114.934144431598,7.829824102470806e-18
5115.457899220101,7.571980068079148e-18
5115.981654008605,7.478823325824315e-18
5116.505408797108,7.643215116533442e-18
5117.029163585613,8.278387820345782e-18
5117.552918374116,8.448604537585648e-18
5118.07667316262,8.849204995404281e-18
5118.6004279511235,8.827828496428587e-18
5119.124182739627,7.858915365398137e-18
5119.647937528131,7.326306892704316e-18
5120.171692316635,7.18289083483441e-18
5120.695447105138,7.810167845827609e-18
5121.219201893642,8.211507871274753e-18
5121.742956682146,8.262849920742746e-18
5122.266711470649,8.18742680076112e-18
5122.790466259153,8.5720373198414e-18
5123.314221047657,8.590483798405655e-18
5123.83797583616,8.757083830678514e-18
5124.361730624664,9.273398480047686e-18
5124.885485413168,9.695508538181886e-18
5125.409240201671,1.0396570629127528e-17
5125.932994990176,1.0471881824626493e-17
5126.456749778679,1.1387003255411667e-17
5126.980504567183,1.1406211933369468e-17
5127.504259355686,1.1463944582162794e-17
5128.028014144191,1.0568913029088002e-17
5128.551768932693,9.440248150786759e-18
5129.075523721198,8.684115992988342e-18
5129.5992785097005,9.156571816297393e-18
5130.123033298205,9.47802214315094e-18
5130.646788086708,9.73969845196193e-18
5131.170542875212,9.914304267708614e-18
5131.6942976637165,9.485606752084968e-18
5132.218052452219,9.618468724010661e-18
5132.741807240724,1.0953757888036024e-17
5133.265562029227,9.94800145957159e-18
5133.789316817731,8.239974954234902e-18
5134.313071606234,7.671329249589894e-18
5134.836826394739,7.189507234361705e-18
5135.360581183241,7.431888610404385e-18
5135.884335971746,8.068126004388962e-18
5136.408090760249,8.993704027038646e-18
5136.931845548753,9.011388825088406e-18
5137.455600337257,8.198815314633681e-18
5137.979355125761,8.240605546768306e-18
5138.503109914264,8.498181146266577e-18
5139.026864702768,8.342074867412728e-18
5139.550619491272,8.357365957278663e-18
5140.074374279775,8.386594282864494e-18
5140.598129068279,9.019105175747125e-18
5141.121883856782,9.95086254679973e-18
5141.645638645286,9.710895275351457e-18
5142.169393433789,8.568585415523823e-18
5142.6931482222935,7.242852110309718e-18
5143.216903010798,6.689212044435168e-18
5143.740657799301,6.808492163329501e-18
5144.264412587805,7.487124899074799e-18
5144.788167376309,7.264865272851506e-18
5145.311922164812,8.369458542832253e-18
5145.835676953316,8.748080975801145e-18
5146.35943174182,8.902607999285964e-18
5146.883186530323,9.184761604271955e-18
5147.406941318827,9.714841898249662e-18
5147.930696107331,1.0472725627972656e-17
5148.454450895834,1.0956168662695842e-17
5148.978205684339,1.1405857126273669e-17
5149.501960472842,1.1177982422617916e-17
5150.025715261346,1.1318019897803155e-17
5150.549470049849,1.0942415767567942e-17
5151.073224838354,1.08512570577789e-17
5151.596979626856,1.1236056215560632e-17
5152.120734415361,1.1225997952532675e-17
5152.6444892038635,1.1239056819430182e-17
5153.168243992368,1.0445535901547475e-17
5153.691998780871,1.0704743751853082e-17
5154.215753569375,1.0076700635115389e-17
5154.7395083578795,1.0899641843829231e-17
5155.263263146382,1.06856290873038e-17
5155.7870179348865,1.0351514121120121e-17
5156.31077272339,8.98137237767603e-18
5156.834527511894,8.1752260425807e-18
5157.358282300397,7.088377073493784e-18
5157.882037088902,6.088679307616834e-18
5158.405791877404,5.907744654654459e-18
5158.929546665909,5.135287146767527e-18
5159.453301454412,6.000984316813049e-18
5159.977056242916,5.673896135043703e-18
5160.500811031419,5.9155400135794705e-18
5161.024565819924,7.454530169610582e-18
5161.548320608427,6.4000866882532395e-18
5162.072075396931,7.51778606652743e-18
5162.595830185435,8.313259064400971e-18
5163.119584973938,7.499648183274288e-18
5163.643339762442,6.502872696207017e-18
5164.167094550945,6.299234416343102e-18
5164.690849339449,6.887761485921157e-18
5165.214604127952,6.456263531483917e-18
5165.7383589164565,7.291938910531669e-18
5166.26211370496,8.397049493385773e-18
5166.785868493464,8.976143794942012e-18
5167.309623281968,9.407231112384946e-18
5167.833378070472,8.82078685060462e-18
5168.357132858975,8.597640612787099e-18
5168.880887647479,9.37802151148668e-18
5169.404642435983,1.0371425116144947e-17
5169.928397224486,1.1188479225479408e-17
5170.45215201299,1.088884725805446e-17
5170.975906801494,1.0375972643333547e-17
5171.499661589997,9.909100685005189e-18
5172.023416378501,9.974981142651073e-18
5172.547171167005,1.0359653392880146e-17
5173.070925955509,1.006820659762603e-17
5173.594680744012,9.759764250136808e-18
5174.118435532517,9.202662074171045e-18
5174.642190321019,7.885959574539459e-18
5175.165945109524,7.126040631829031e-18
5175.689699898026,7.477500756079366e-18
5176.213454686531,7.354295042333654e-18
5176.7372094750335,8.507746769683748e-18
5177.260964263538,9.918772402180937e-18
5177.7847190520415,1.0020890345436996e-17
5178.308473840545,9.893154986408048e-18
5178.8322286290495,1.0054409786165309e-17
5179.355983417553,9.530937897828332e-18
5179.879738206057,8.835874965807067e-18
5180.40349299456,8.271509598577478e-18
5180.927247783065,9.065090684357386e-18
5181.451002571567,9.112907412584347e-18
5181.974757360072,1.0792865382201723e-17
5182.498512148575,1.0377160750910189e-17
5183.022266937079,8.97883653520517e-18
5183.546021725582,7.90201467156321e-18
5184.069776514087,7.02988220165718e-18
5184.59353130259,6.8094017620517405e-18
5185.117286091094,6.862777008211697e-18
5185.641040879598,7.438372428050492e-18
5186.164795668101,8.427461824770823e-18
5186.688550456605,7.908235154334378e-18
5187.212305245108,7.766617237515652e-18
5187.736060033612,7.826533952937447e-18
5188.259814822115,8.896100471176431e-18
5188.783569610619,9.060244601644887e-18
5189.307324399123,8.928213581858386e-18
5189.8310791876265,9.317556420302299e-18
5190.354833976131,9.278076003620305e-18
5190.8785887646345,9.455613292283317e-18
5191.402343553138,9.51964080466347e-18
5191.926098341642,9.420106282334356e-18
5192.449853130146,9.166058103413266e-18
5192.973607918649,9.74296988179519e-18
5193.497362707153,1.0006444868264707e-17
5194.021117495657,8.970861026202501e-18
5194.54487228416,8.731781695779633e-18
5195.068627072664,8.736390625635168e-18
5195.592381861168,8.625147037535452e-18
5196.116136649672,7.650358158311769e-18
5196.639891438175,6.897414312086879e-18
5197.16364622668,5.554846550010076e-18
5197.687401015182,6.737548612797059e-18
5198.211155803687,6.835980432156424e-18
5198.734910592189,7.593014407911651e-18
5199.258665380694,8.788089539971405e-18
5199.7824201691965,8.631143174496267e-18
5200.306174957701,7.485380428275919e-18
5200.8299297462045,7.145536146660536e-18
5201.353684534708,7.770841008703164e-18
5201.8774393232125,8.818548385422067e-18
5202.401194111716,8.388643585448418e-18
5202.9249489002195,8.396338920507878e-18
5203.448703688723,9.286284766817857e-18
5203.9724584772275,9.379087019444315e-18
5204.49621326573,1.0323351666282674e-17
5205.019968054235,1.0296632826554457e-17
5205.543722842738,1.1180876141152045e-17
5206.067477631242,1.0889582798067885e-17
5206.591232419745,9.768426337668988e-18
5207.11498720825,8.699237696437733e-18
5207.638741996753,8.118840424178843e-18
5208.162496785257,7.982846784443518e-18
5208.686251573761,7.960968400460411e-18
5209.210006362264,8.16431911936494e-18
5209.733761150768,8.684792921226799e-18
5210.257515939271,9.630282230668887e-18
5210.781270727775,9.595859830924428e-18
5211.305025516278,9.133906280278604e-18
5211.828780304782,9.296789153437338e-18
5212.352535093286,9.715160641757298e-18
5212.8762898817895,1.0038908143582668e-17
5213.400044670294,1.0714262108696502e-17
5213.9237994587975,9.976326933827363e-18
5214.447554247301,9.891360726211013e-18
5214.971309035805,9.80926823221588e-18
5215.495063824309,9.194801420442586e-18
5216.018818612812,8.190255584572568e-18
5216.542573401316,7.455092687761102e-18
5217.06632818982,6.474705682777329e-18
5217.590082978323,6.2115965568997886e-18
5218.113837766827,6.017715729486858e-18
5218.637592555331,6.865017539373674e-18
5219.161347343835,6.86075147169684e-18
5219.685102132338,7.722990123707183e-18
5220.208856920843,9.004722138565729e-18
5220.732611709345,1.0218367006417177e-17
5221.25636649785,1.042674157112809e-17
5221.780121286352,1.0747733254706178e-17
5222.303876074857,1.0999743626184865e-17
5222.827630863359,1.1911653664471197e-17
5223.351385651864,1.2116769759442159e-17
5223.875140440367,1.1461822725689844e-17
5224.398895228871,1.0266102366301337e-17
5224.922650017375,9.426286566886726e-18
5225.446404805879,8.866193383909703e-18
5225.9701595943825,9.001269939071529e-18
5226.493914382886,8.849666233183228e-18
5227.0176691713905,9.830616507174283e-18
5227.541423959893,1.0738805003620264e-17
5228.065178748398,1.1270994472648123e-17
5228.588933536901,1.18309106454999e-17
5229.112688325405,1.1304370555078813e-17
5229.636443113908,1.06650185328261e-17
5230.160197902413,1.1015057684791481e-17
5230.683952690916,1.0545463865445045e-17
5231.20770747942,1.0543719568674176e-17
5231.731462267924,1.0832276556866697e-17
5232.255217056427,1.1468595631551388e-17
5232.778971844931,1.2029211788400153e-17
5233.302726633434,1.2220769439449982e-17
5233.826481421938,1.1653365542139685e-17
5234.350236210441,1.0607534955182182e-17
5234.873990998945,1.1397487080279883e-17
5235.397745787449,1.1578072184560843e-17
5235.921500575952,1.2248834601572558e-17
5236.445255364457,1.2318305399674482e-17
5236.96901015296,1.2255756865533069e-17
5237.492764941464,1.1462954972731359e-17
5238.0165197299675,9.321245589195494e-18
5238.540274518472,7.710655258902296e-18
5239.064029306975,6.929666164962613e-18
5239.587784095479,7.011857536328489e-18
5240.111538883983,7.913128558200485e-18
5240.635293672486,8.839237119261431e-18
5241.15904846099,8.105927018804794e-18
5241.682803249494,7.00146292588735e-18
5242.206558037997,6.3761333905616464e-18
5242.730312826501,6.7648354347489296e-18
5243.254067615006,7.47689885928276e-18
5243.777822403508,8.091752781878652e-18
5244.301577192013,8.023347521277212e-18
5244.825331980515,8.645527826853455e-18
5245.34908676902,9.189280011059759e-18
5245.872841557522,8.851462012611346e-18
5246.396596346027,8.51087976733126e-18
5246.92035113453,8.600068388880255e-18
5247.444105923034,8.529544038975771e-18
5247.9678607115375,9.884027023280667e-18
5248.491615500042,1.157782356681935e-17
5249.0153702885455,1.20001076291327e-17
5249.539125077049,1.2643105720363872e-17
5250.062879865553,1.2403667106166024e-17
5250.586634654056,1.1768155090460331e-17
5251.1103894425605,1.1125863942613427e-17
5251.634144231064,1.1203802938965612e-17
5252.157899019568,1.1265446070138253e-17
5252.681653808071,1.1184426326929468e-17
5253.205408596576,1.0201841713158461e-17
5253.729163385078,8.997086252956647e-18
5254.252918173583,8.3732963384307e-18
5254.776672962087,7.887146466505055e-18
5255.30042775059,7.500546416741964e-18
5255.824182539094,7.398277240395062e-18
5256.347937327597,7.242934742256222e-18
5256.871692116101,7.74491739877017e-18
5257.395446904604,8.00577099837023e-18
5257.919201693108,8.461890829575459e-18
5258.442956481612,9.213395293237816e-18
5258.966711270115,9.797726580808209e-18
5259.490466058619,1.0674385976516657e-17
5260.014220847123,1.0172995321242958e-17
5260.537975635627,8.862577647544064e-18
5261.0617304241305,7.186641063011383e-18
5261.585485212635,5.962142540595961e-18
5262.109240001138,6.235029270527404e-18
5262.632994789642,7.892118726568523e-18
5263.1567495781455,9.760480856709222e-18
5263.680504366649,1.0317562668797266e-17
5264.204259155153,9.804580662678456e-18
5264.728013943657,9.675735814478707e-18
5265.25176873216,9.372446632143726e-18
5265.775523520664,9.160602770222058e-18
5266.299278309169,1.0105046563407413e-17
5266.823033097671,1.0068717364141572e-17
5267.346787886176,9.514280213655574e-18
5267.870542674678,9.653635533540164e-18
5268.394297463183,1.052848686594771e-17
5268.918052251685,1.1760711638523273e-17
5269.44180704019,1.3197897588427986e-17
5269.965561828693,1.3306843676688916e-17
5270.489316617197,1.3202470085095174e-17
5271.0130714057,1.2441451345600297e-17
5271.536826194205,1.2104854097445019e-17
5272.060580982708,1.1245347994032168e-17
5272.584335771212,1.1149817139331433e-17
5273.108090559716,1.0433469857159914e-17
5273.631845348219,1.015725978644266e-17
5274.1556001367235,1.0028399621928572e-17
5274.679354925227,1.0101791128577426e-17
5275.203109713731,1.024715020438787e-17
5275.726864502234,9.64010617318239e-18
5276.2506192907385,1.0867293274123328e-17
5276.774374079241,1.2409488698539425e-17
5277.298128867746,1.3833027243566972e-17
5277.82188365625,1.4053861924007774e-17
5278.345638444753,1.336345267683473e-17
5278.869393233257,1.321409064839079e-17
5279.39314802176,1.2546463835284331e-17
5279.916902810264,1.2248299065789584e-17
5280.440657598767,1.195773904704754e-17
5280.964412387271,1.1504708225499642e-17
5281.488167175775,1.1631913512184662e-17
5282.011921964278,1.1793959743008229e-17
5282.535676752782,1.2007135891931531e-17
5283.059431541286,1.2156660632572273e-17
5283.58318632979,1.1510702078793515e-17
5284.106941118293,1.1070485104321919e-17
5284.630695906798,1.043380851258047e-17
5285.1544506953005,1.0457683030690278e-17
5285.678205483805,1.0944052436086928e-17
5286.2019602723085,1.1609469890923682e-17
5286.725715060812,1.1280123342782038e-17
5287.249469849316,1.0416073186776307e-17
5287.77322463782,9.544664445816039e-18
5288.296979426323,8.25775981440242e-18
5288.820734214827,8.050078453649466e-18
5289.344489003332,8.442804856205958e-18
5289.868243791834,8.787805098204417e-18
5290.391998580339,9.259603799490562e-18
5290.915753368841,1.0642107392056261e-17
5291.439508157346,1.1831746019597356e-17
5291.963262945848,1.1579882382140615e-17
5292.487017734353,1.0183098312343108e-17
5293.010772522856,1.0041790973427518e-17
5293.53452731136,9.909950419798636e-18
5294.058282099863,1.0112899145660989e-17
5294.582036888368,1.0254267247713866e-17
5295.105791676871,1.1246060199688316e-17
5295.629546465375,1.2762621788195644e-17
5296.153301253879,1.3415740897781912e-17
5296.677056042382,1.3426953001127063e-17
5297.200810830886,1.284069240887525e-17
5297.72456561939,1.2090589854190075e-17
5298.2483204078935,1.1202974025030325e-17
5298.772075196397,1.065418323199276e-17
5299.2958299849015,1.060433607266941e-17
5299.819584773404,1.1312540783939514e-17
5300.343339561909,1.2619269105131145e-17
5300.867094350413,1.324785279307323e-17
5301.390849138916,1.3253429674042642e-17
5301.91460392742,1.3144710718312579e-17
5302.438358715923,1.2451775141505122e-17
5302.962113504427,1.1785769980237642e-17
5303.48586829293,1.2068479933233542e-17
5304.009623081434,1.2271002537556013e-17
5304.533377869938,1.2373851077909705e-17
5305.057132658441,1.249980197330433e-17
5305.580887446945,1.2516812382216815e-17
5306.104642235449,1.2889581017534564e-17
5306.628397023953,1.2928981375881439e-17
5307.152151812456,1.2537303499237818e-17
5307.675906600961,1.2333277859751224e-17
5308.1996613894635,1.2162043585782357e-17
5308.723416177968,1.2004250219399363e-17
5309.2471709664715,1.2184626142567547e-17
5309.770925754975,1.2180243660655628e-17
5310.2946805434785,1.2052104100899743e-17
5310.818435331983,1.1308499878896572e-17
5311.342190120486,1.129696308614741e-17
5311.86594490899,1.1258238271221655e-17
5312.3896996974945,1.1164604466581224e-17
5312.913454485997,1.1284126142414407e-17
5313.437209274502,1.0853459732157916e-17
5313.960964063004,1.0232725849783038e-17
5314.484718851509,1.0218375522947645e-17
5315.008473640011,1.0843693715950307e-17
5315.532228428516,1.0689771867605043e-17
5316.055983217019,1.080266694152622e-17
5316.579738005523,1.0984150640142925e-17
5317.103492794026,1.134097160945006e-17
5317.627247582531,1.1336351662237176e-17
5318.151002371034,1.1050034999609916e-17
5318.674757159538,1.0577255917073624e-17
5319.198511948042,9.297886861659829e-18
5319.722266736545,8.021307438447115e-18
5320.246021525049,7.094222275031101e-18
5320.769776313553,7.02000761205254e-18
5321.2935311020565,8.906616485999485e-18
5321.81728589056,1.0367509035796103e-17
5322.3410406790645,1.1164947834128926e-17
5322.864795467567,1.1225530806165512e-17
5323.3885502560715,1.0987579543938101e-17
5323.912305044576,1.1198869878311981e-17
5324.436059833079,1.0709334166169039e-17
5324.959814621583,1.0384956809198964e-17
5325.483569410086,1.1166889215423578e-17
5326.00732419859,1.2005296645772013e-17
5326.531078987093,1.2576762056053395e-17
5327.054833775597,1.289737098922264e-17
5327.578588564101,1.2507648354640804e-17
5328.102343352604,1.1726665974613313e-17
5328.626098141108,1.1286957934014048e-17
5329.149852929612,1.1537441634985127e-17
5329.673607718115,1.2598253575333781e-17
5330.197362506619,1.298044238004221e-17
5330.721117295124,1.1891796160226277e-17
5331.244872083626,1.0637231158569e-17
5331.768626872131,9.834982834416157e-18
5332.292381660634,9.174467069798264e-18
5332.816136449138,9.972215525827684e-18
5333.3398912376415,1.0719352200059736e-17
5333.863646026146,1.1819852330888653e-17
5334.387400814649,1.2635506558749862e-17
5334.911155603153,1.2284335373091261e-17
5335.434910391656,1.2540616819624777e-17
5335.95866518016,1.2922357501632588e-17
5336.4824199686645,1.2315391498691032e-17
5337.006174757167,1.1499590742616263e-17
5337.529929545672,1.0771318285002043e-17
5338.053684334174,1.0595678170278677e-17
5338.577439122679,1.171201137198293e-17
5339.101193911182,1.2383178325562076e-17
5339.624948699686,1.1340882560931348e-17
5340.148703488189,1.0589175742330635e-17
5340.672458276694,1.0605761454197621e-17
5341.196213065196,1.1219469290845821e-17
5341.719967853701,1.1611683663337041e-17
5342.243722642205,1.2690663957680443e-17
5342.767477430708,1.3546385405645687e-17
5343.291232219212,1.3156708950736377e-17
5343.814987007716,1.3172608568829582e-17
5344.338741796219,1.3070396144496904e-17
5344.862496584723,1.2750746602124978e-17
5345.386251373227,1.327464065726477e-17
5345.91000616173,1.450522037415257e-17
5346.4337609502345,1.5420854619611422e-17
5346.957515738737,1.6277027741881562e-17
5347.481270527242,1.5136695749255864e-17
5348.005025315746,1.4592048274822665e-17
5348.528780104249,1.362366259002478e-17
5349.052534892753,1.3476878408658072e-17
5349.576289681256,1.4428325515974813e-17
5350.10004446976,1.489858150600898e-17
5350.623799258264,1.5086173371022116e-17
5351.147554046767,1.5099266006850957e-17
5351.671308835271,1.4439788679778537e-17
5352.195063623775,1.3562607695245118e-17
5352.718818412278,1.270230961698028e-17
5353.242573200782,1.2071839383713338e-17
5353.766327989287,1.1819522797191838e-17
5354.290082777789,1.2284690112741183e-17
5354.813837566294,1.2928256648125512e-17
5355.337592354797,1.3294828018939364e-17
5355.861347143301,1.294207610045491e-17
5356.3851019318045,1.1862863474855472e-17
5356.908856720309,1.1727576221875334e-17
5357.4326115088115,1.2093792974594497e-17
5357.956366297316,1.2525016394184017e-17
5358.480121085819,1.27271518458918e-17
5359.003875874323,1.2325194553360002e-17
5359.5276306628275,1.2221555169732189e-17
5360.05138545133,1.2395255211668943e-17
5360.575140239835,1.1965836614699718e-17
5361.098895028337,1.0713614065994448e-17
5361.622649816842,9.83126369187713e-18
5362.146404605345,9.754788607226925e-18
5362.670159393849,9.469320190512122e-18
5363.193914182352,9.433709692383265e-18
5363.717668970857,9.877471658952196e-18
5364.241423759359,1.1316712543916369e-17
5364.765178547864,1.368444859973822e-17
5365.288933336368,1.4098267548515338e-17
5365.812688124871,1.430553196484172e-17
5366.336442913375,1.4816604398851075e-17
5366.860197701879,1.50604336545111e-17
5367.383952490382,1.4272475302111216e-17
5367.907707278886,1.3841160368183295e-17
5368.43146206739,1.3021843032109452e-17
5368.955216855893,1.2569171635812625e-17
5369.4789716443975,1.2820475192500852e-17
5370.0027264329,1.3678121952433296e-17
5370.5264812214045,1.3513417031761152e-17
5371.050236009909,1.3041726469866944e-17
5371.573990798412,1.2514881206196609e-17
5372.097745586916,1.1797793815366705e-17
5372.621500375419,1.2145067875322439e-17
5373.145255163923,1.2454199514796e-17
5373.669009952427,1.2113015216918282e-17
5374.19276474093,1.2673628356733887e-17
5374.716519529434,1.2020446678808504e-17
5375.240274317938,1.1863824112847823e-17
5375.764029106441,1.2335495043911814e-17
5376.287783894945,1.3016935087195927e-17
5376.81153868345,1.3190323868388347e-17
5377.335293471952,1.228204250580039e-17
5377.859048260457,1.2584585270825879e-17
5378.38280304896,1.2511095529152502e-17
5378.906557837464,1.2170497120280847e-17
5379.430312625967,1.2410980365146143e-17
5379.954067414472,1.2175699964968145e-17
5380.4778222029745,1.1657146903798697e-17
5381.001576991479,1.1376572923318606e-17
5381.525331779982,1.1190519459524203e-17
5382.049086568486,1.1700137256086155e-17
5382.5728413569905,1.166527584741235e-17
5383.096596145493,1.124462822170795e-17
5383.6203509339975,1.1563007909841905e-17
5384.1441057225,1.1017949199256339e-17
5384.667860511005,1.0427775891227586e-17
5385.191615299508,1.0510209825220007e-17
5385.715370088012,1.02610998187441e-17
5386.239124876515,1.0802408386749042e-17
5386.76287966502,1.0571142101483819e-17
5387.286634453522,1.077340937212747e-17
5387.810389242027,9.997092628726782e-18
5388.33414403053,8.91386824430486e-18
5388.857898819034,8.521248671155242e-18
5389.381653607538,8.191416664585485e-18
5389.905408396042,1.0513738048136247e-17
5390.429163184545,1.2224086573657592e-17
5390.952917973049,1.260692584734721e-17
5391.476672761553,1.2449800024723991e-17
5392.000427550056,1.2373817424540382e-17
5392.52418233856,1.2196629480207345e-17
5393.047937127063,1.3425080451921956e-17
5393.5716919155675,1.3628310965350546e-17
5394.09544670407,1.2559656677207594e-17
5394.619201492575,1.190964400424282e-17
5395.142956281079,1.0796904824804757e-17
5395.666711069582,1.0047244737237031e-17
5396.190465858086,1.0222168218944324e-17
5396.71422064659,9.500637070969518e-18
5397.237975435093,8.803181834597861e-18
5397.761730223597,8.185068967230158e-18
5398.285485012101,8.510962596389464e-18
5398.809239800604,9.685050419557765e-18
5399.332994589108,9.971611387930816e-18
5399.856749377612,1.0131181509870911e-17
5400.380504166115,1.0632346123785293e-17
5400.90425895462,9.526379571957119e-18
5401.428013743123,9.228102063575008e-18
5401.951768531627,1.01691329407306e-17
5402.47552332013,1.1867605922566696e-17
5402.999278108635,1.3275021669458642e-17
5403.523032897137,1.399032289869933e-17
5404.046787685642,1.405673509111231e-17
5404.5705424741445,1.422484442355472e-17
5405.094297262649,1.2618596210039122e-17
5405.618052051152,1.1979853628156809e-17
5406.141806839656,1.168427302417367e-17
5406.6655616281605,1.1926109436017984e-17
5407.189316416663,1.2644834369978166e-17
5407.713071205168,1.3829478952979651e-17
5408.236825993671,1.4128608314283796e-17
5408.760580782175,1.3814346210656427e-17
5409.284335570678,1.3432431657816051e-17
5409.808090359183,1.2544951074165664e-17
5410.331845147685,1.1580353658157027e-17
5410.85559993619,1.1804955022364662e-17
5411.379354724693,1.2205191111723241e-17
5411.903109513197,1.1920071462883333e-17
5412.426864301701,1.1801764432564003e-17
5412.950619090205,1.2946532790258795e-17
5413.474373878708,1.3400918623422547e-17
5413.998128667212,1.3864409587425554e-17
5414.521883455716,1.3386285995389091e-17
5415.045638244219,1.2212933778096886e-17
5415.569393032723,1.1287161606148616e-17
5416.093147821226,1.0327941488264362e-17
5416.6169026097305,1.128858617559062e-17
5417.140657398233,1.2748285798029992e-17
5417.6644121867375,1.3417883256901263e-17
5418.188166975242,1.3697326872528388e-17
5418.711921763745,1.3224748966217196e-17
5419.235676552249,1.3775041773467882e-17
5419.759431340753,1.3021319121647006e-17
5420.283186129256,1.2287957949374975e-17
5420.80694091776,1.0360153449206185e-17
5421.330695706264,9.345857333163409e-18
5421.854450494767,9.02143889714334e-18
5422.378205283271,1.0049587009722669e-17
5422.901960071775,1.1268574554535079e-17
5423.425714860278,1.054387744978181e-17
5423.949469648783,9.538509008881091e-18
5424.473224437286,9.836211776272276e-18
5424.99697922579,9.919639760718e-18
5425.520734014293,9.672171165010763e-18
5426.044488802798,9.390535251263536e-18
5426.5682435913,8.781454905786875e-18
5427.091998379805,8.69721924766023e-18
5427.6157531683075,9.953969136982307e-18
5428.139507956812,1.1033939982380596e-17
5428.663262745315,1.2067620091555811e-17
5429.187017533819,1.3281594362171656e-17
5429.7107723223235,1.471988032943398e-17
5430.234527110826,1.5077674325558694e-17
5430.7582818993305,1.5196684045417998e-17
5431.282036687834,1.5141270164704593e-17
5431.805791476338,1.5099439968362398e-17
5432.329546264841,1.5263060566210124e-17
5432.853301053346,1.444202925457897e-17
5433.377055841848,1.4248874662090368e-17
5433.900810630353,1.462096947265949e-17
5434.424565418856,1.4997910432503626e-17
5434.94832020736,1.52386381818053e-17
5435.472074995864,1.459600265827666e-17
5435.995829784368,1.3334481147706839e-17
5436.519584572871,1.225971847624023e-17
5437.043339361375,1.1695668216172089e-17
5437.567094149879,1.0739743584341359e-17
5438.090848938382,9.879827006515465e-18
5438.614603726886,8.924657624590973e-18
5439.138358515389,8.927503139851874e-18
5439.662113303893,1.1062318215603106e-17
5440.185868092396,1.2503813449680537e-17
5440.7096228809005,1.3323515655968042e-17
5441.233377669405,1.2740382594823314e-17
5441.757132457908,1.2905662199671031e-17
5442.280887246412,1.3194857573427343e-17
5442.804642034916,1.286977816184718e-17
5443.328396823419,1.330481876230454e-17
5443.852151611923,1.3592094115538012e-17
5444.375906400427,1.3447716858803927e-17
5444.89966118893,1.2717260126223193e-17
5445.423415977434,1.1677390932014764e-17
5445.947170765938,1.087975161728176e-17
5446.470925554441,9.974333415318749e-18
5446.994680342946,9.81659642328189e-18
5447.518435131449,9.489566823098016e-18
5448.042189919953,1.0055152179475873e-17
5448.565944708456,1.1506270602117717e-17
5449.089699496961,1.274634999022645e-17
5449.613454285463,1.2759883496853649e-17
5450.137209073968,1.3163834041121018e-17
5450.66096386247,1.2715544120848579e-17
5451.184718650975,1.2614040942136889e-17
5451.7084734394775,1.1917761605915947e-17
5452.232228227982,1.1691931390388382e-17
5452.755983016486,1.20186060399006e-17
5453.279737804989,1.2310615432227527e-17
5453.8034925934935,1.2267637625347188e-17
5454.327247381997,1.1488000309084406e-17
5454.851002170501,1.1343735337481426e-17
5455.374756959004,1.1944337715569593e-17
5455.898511747509,1.3045732513258734e-17
5456.422266536011,1.4071015389068253e-17
5456.946021324516,1.391455766411489e-17
5457.469776113019,1.3009743716254497e-17
5457.993530901523,1.2456488818085499e-17
5458.517285690027,1.2361792385089496e-17
5459.041040478531,1.2633644074167706e-17
5459.564795267034,1.2995094313287715e-17
5460.088550055538,1.3192092674100593e-17
5460.612304844042,1.3049780177799805e-17
5461.136059632545,1.2071313291369214e-17
5461.659814421049,1.158935427628876e-17
5462.183569209552,1.1596078737323015e-17
5462.707323998056,1.1867360074934293e-17
5463.231078786559,1.2076894657358606e-17
5463.7548335750635,1.1913843729478825e-17
5464.278588363568,1.1478842422192234e-17
5464.8023431520705,1.0847075876608501e-17
5465.326097940575,1.0600741489750495e-17
5465.8498527290785,1.140338047666814e-17
5466.373607517582,1.1626120902328004e-17
5466.897362306086,1.1527923699216414e-17
5467.42111709459,1.1085141410112408e-17
5467.944871883093,1.0224943808975764e-17
5468.468626671597,9.665490897146161e-18
5468.992381460101,1.0594515812079472e-17
5469.516136248604,1.2038132868871784e-17
5470.039891037109,1.2828900140236542e-17
5470.563645825612,1.4085979787746972e-17
5471.087400614116,1.414796901117908e-17
5471.611155402619,1.2646793442044838e-17
5472.134910191124,1.1117574172000083e-17
5472.658664979626,1.0142667937060992e-17
5473.182419768131,9.896686495967192e-18
5473.706174556633,9.891452270375369e-18
5474.229929345138,1.1549977389578422e-17
5474.7536841336405,1.1846337269164062e-17
5475.277438922145,1.2472496384853482e-17
5475.801193710649,1.3267630997935006e-17
5476.324948499152,1.332894915016495e-17
5476.8487032876565,1.3347326251728955e-17
5477.37245807616,1.3790171603435345e-17
5477.8962128646635,1.293227370181651e-17
5478.419967653167,1.2911048144057048e-17
5478.9437224416715,1.2316333418820649e-17
5479.467477230174,1.2336178593517494e-17
5479.991232018679,1.3196075810411849e-17
5480.514986807182,1.3718079615959388e-17
5481.038741595686,1.2878758850205583e-17
5481.56249638419,1.2078048353061526e-17
5482.086251172694,1.206157872507056e-17
5482.610005961197,1.2664586687706689e-17
5483.133760749701,1.323096835900703e-17
5483.657515538205,1.3922830608126772e-17
5484.181270326708,1.330091539781334e-17
5484.705025115212,1.208536842241387e-17
5485.228779903715,1.1808317052695269e-17
5485.752534692219,1.2208486935556342e-17
5486.276289480722,1.2992112045492048e-17
5486.800044269226,1.3678966113180264e-17
5487.323799057731,1.386592955141274e-17
5487.8475538462335,1.2971849927730013e-17
5488.371308634738,1.131827299718179e-17
5488.8950634232415,1.0483252344628498e-17
5489.418818211745,1.031567725305331e-17
5489.942573000249,1.2122734212434082e-17
5490.466327788753,1.3568721389922667e-17
5490.990082577256,1.4607164704021598e-17
5491.51383736576,1.3572160252329153e-17
5492.037592154264,1.1874249873311095e-17
5492.561346942767,1.073931087020703e-17
5493.085101731272,1.0581230910437701e-17
5493.608856519775,1.0514303863437866e-17
5494.132611308279,1.1694280071124245e-17
5494.656366096782,1.3102497798238914e-17
5495.180120885287,1.2826096756662415e-17
5495.703875673789,1.2915594576816683e-17
5496.227630462294,1.296018214765312e-17
5496.751385250796,1.22277897544846e-17
5497.275140039301,1.1148706302835845e-17
5497.798894827803,1.0384994981329358e-17
5498.322649616308,1.0452992968139523e-17
5498.846404404811,1.113242701282416e-17
5499.370159193315,1.1622864741376578e-17
5499.893913981819,1.2764415861965493e-17
5500.417668770323,1.222599646991995e-17
5500.9414235588265,1.1881232570449314e-17
5501.46517834733,1.2279664849402969e-17
5501.9889331358345,1.263125377498131e-17
5502.512687924337,1.2664612783297792e-17
5503.036442712842,1.1886232430140838e-17
5503.560197501345,1.063223312461482e-17
5504.083952289849,1.0082425117863486e-17
5504.607707078352,1.0567285802954727e-17
5505.131461866857,1.141561516491702e-17
5505.65521665536,1.1571900839688687e-17
5506.178971443864,1.2026341883962251e-17
5506.702726232368,1.2205045860589737e-17
5507.226481020871,1.2724030026336236e-17
5507.750235809375,1.3152496703659954e-17
5508.273990597878,1.3455601627534717e-17
5508.797745386382,1.3497793387675948e-17
5509.321500174885,1.4039415851102517e-17
5509.845254963389,1.5051772454771733e-17
5510.369009751893,1.5053910856703412e-17
5510.8927645403965,1.5225930295570773e-17
5511.416519328901,1.515906017506469e-17
5511.940274117404,1.4145237729056136e-17
5512.464028905908,1.3425443400332762e-17
5512.9877836944115,1.3170649929741017e-17
5513.511538482916,1.3491962473471476e-17
5514.035293271419,1.3641752497852015e-17
5514.559048059923,1.3754217530848919e-17
5515.082802848427,1.4511587165131213e-17
5515.60655763693,1.4342762127374437e-17
5516.130312425434,1.4212246433202647e-17
5516.654067213938,1.3881578798231852e-17
5517.177822002442,1.2563386324431293e-17
5517.701576790945,1.2042330542507365e-17
5518.22533157945,1.1803275229097968e-17
5518.749086367952,1.1311908908704487e-17
5519.272841156457,1.1350048986816562e-17
5519.796595944959,1.140259653636882e-17
5520.320350733464,1.1694281112387638e-17
5520.844105521966,1.2645078660977848e-17
5521.367860310471,1.4075250797950177e-17
5521.891615098974,1.450066063861172e-17
5522.415369887478,1.4529542018283803e-17
5522.939124675982,1.4396168649590422e-17
5523.462879464486,1.4339168590087874e-17
5523.9866342529895,1.3557630501862118e-17
5524.510389041493,1.3028654876971545e-17
5525.034143829997,1.237691668315019e-17
5525.5578986185,1.2418138031318151e-17
5526.0816534070045,1.1624878763034481e-17
5526.605408195508,1.2244603959842077e-17
5527.129162984012,1.2997730500295485e-17
5527.652917772515,1.2225340898599384e-17
5528.17667256102,1.4036270147638362e-17
5528.700427349523,1.3700856943493995e-17
5529.224182138027,1.3748060441640001e-17
5529.747936926531,1.3215574405764296e-17
5530.271691715034,1.4661841465650895e-17
5530.795446503538,1.5177358819227193e-17
5531.319201292041,1.582791134615259e-17
5531.842956080545,1.6176245667305652e-17
5532.366710869048,1.6383046562769868e-17
5532.890465657552,1.5917180940278652e-17
5533.414220446056,1.5364385735878388e-17
5533.937975234559,1.4570985496987982e-17
5534.461730023063,1.3693602625511595e-17
5534.985484811567,1.2859435470824984e-17
5535.509239600071,1.2899485288096036e-17
5536.0329943885745,1.3625784875917182e-17
5536.556749177079,1.3465770383387357e-17
5537.080503965582,1.2787323792802152e-17
5537.604258754086,1.2663721657874164e-17
5538.1280135425895,1.3423681723606761e-17
5538.651768331093,1.3727949490724421e-17
5539.175523119597,1.4700287933918106e-17
5539.699277908101,1.4641223908677908e-17
5540.223032696604,1.4828150393455617e-17
5540.746787485108,1.492218594741155e-17
5541.270542273613,1.53259307211475e-17
5541.794297062115,1.5418977064961356e-17
5542.31805185062,1.5320420236442037e-17
5542.841806639122,1.5818396116089582e-17
5543.365561427627,1.4900671377254766e-17
5543.889316216129,1.4435401773277692e-17
5544.413071004634,1.4514920415145844e-17
5544.936825793137,1.4050433739246282e-17
5545.460580581641,1.3589137965108831e-17
5545.984335370144,1.3532389362760627e-17
5546.508090158649,1.4461843790413735e-17
5547.031844947152,1.4780776846776827e-17
5547.555599735656,1.5678212554490436e-17
5548.07935452416,1.4899815046824184e-17
5548.603109312663,1.4478820428751143e-17
5549.1268641011675,1.418166888131088e-17
5549.650618889671,1.4413363383211114e-17
5550.174373678175,1.4894948779975025e-17
5550.698128466678,1.495367060774073e-17
5551.221883255183,1.4994531778443732e-17
5551.745638043685,1.4306313390113443e-17
5552.26939283219,1.4384381469298262e-17
5552.793147620694,1.4206625446069766e-17
5553.316902409197,1.3862632894541792e-17
5553.840657197701,1.3535791834547837e-17
5554.364411986204,1.2993580972289788e-17
5554.888166774708,1.2712680173980483e-17
5555.411921563211,1.3735653090683313e-17
5555.935676351715,1.3769409774746141e-17
5556.459431140219,1.3876250093903604e-17
5556.983185928722,1.3059816414668136e-17
5557.506940717226,1.269276953687548e-17
5558.03069550573,1.2712768280897315e-17
5558.554450294234,1.2869316724666346e-17
5559.078205082737,1.2989797298437413e-17
5559.601959871242,1.3428346901352102e-17
5560.1257146597445,1.3084968711447419e-17
5560.649469448249,1.2413153105639425e-17
5561.1732242367525,1.2891777848729909e-17
5561.696979025256,1.3508302500802437e-17
5562.22073381376,1.4310225447779795e-17
5562.744488602264,1.5093442732645008e-17
5563.268243390767,1.4344124196702653e-17
5563.791998179271,1.2724260852056738e-17
5564.315752967776,1.2854644124057427e-17
5564.839507756278,1.3869047478728855e-17
5565.363262544783,1.4600854793342296e-17
5565.887017333285,1.5546280191952445e-17
5566.41077212179,1.5337134383489288e-17
5566.934526910292,1.410114530279293e-17
5567.458281698797,1.3613268819994142e-17
5567.9820364873,1.3830411313142456e-17
5568.505791275804,1.4575031147915093e-17
5569.029546064307,1.486073620970084e-17
5569.553300852812,1.402482786564688e-17
5570.077055641315,1.3831840288975366e-17
5570.600810429819,1.3919857574384444e-17
5571.124565218323,1.4994849477103062e-17
5571.648320006826,1.5014154834070535e-17
5572.17207479533,1.549808386122663e-17
5572.695829583834,1.4663401506216785e-17
5573.2195843723375,1.3693329838063056e-17
5573.743339160841,1.3824243195114819e-17
5574.2670939493455,1.4465063569308654e-17
5574.790848737848,1.539452430084685e-17
5575.314603526353,1.502168293541649e-17
5575.838358314857,1.4662534609615467e-17
5576.36211310336,1.3280634468850498e-17
5576.885867891864,1.3850614907109416e-17
5577.409622680367,1.3232512492682012e-17
5577.933377468871,1.1256355346412967e-17
5578.457132257374,1.1428107593579491e-17
5578.980887045878,1.1067509251394054e-17
5579.504641834382,1.1126343802173785e-17
5580.028396622885,1.1061864581763611e-17
5580.552151411389,1.1936022855414073e-17
5581.075906199893,1.2208534333435387e-17
5581.599660988397,1.259526885367151e-17
5582.1234157769,1.2942995423607839e-17
5582.647170565405,1.3081448924659939e-17
5583.1709253539075,1.2897415818100781e-17
5583.694680142412,1.2803415631592105e-17
5584.2184349309155,1.2706618355766057e-17
5584.742189719419,1.2769356108364454e-17
5585.2659445079225,1.2241795675234075e-17
5585.789699296427,1.25286842076105e-17
5586.31345408493,1.270733671751964e-17
5586.837208873434,1.4044325753388117e-17
5587.3609636619385,1.5410778465614077e-17
5587.884718450441,1.54035000808371e-17
5588.408473238946,1.4832743334405242e-17
5588.932228027448,1.4338128743055537e-17
5589.455982815953,1.340288843611666e-17
5589.979737604455,1.2796551684283046e-17
5590.50349239296,1.3308789053776351e-17
5591.027247181463,1.3989569239539764e-17
5591.551001969967,1.3552393492940752e-17
5592.07475675847,1.2927040178516027e-17
5592.598511546975,1.2449282070310618e-17
5593.122266335478,1.2476554185099669e-17
5593.646021123982,1.2154207539488568e-17
5594.169775912486,1.1854562003083679e-17
5594.693530700989,1.2191556820719188e-17
5595.217285489493,1.3198323936716989e-17
5595.741040277997,1.4226327275776698e-17
5596.2647950665005,1.499129914927373e-17
5596.788549855004,1.532589893181876e-17
5597.3123046435085,1.5528546478067425e-17
5597.836059432011,1.6110657531687153e-17
5598.359814220516,1.6163359016525722e-17
5598.88356900902,1.5773870593447287e-17
5599.407323797523,1.5508408342987473e-17
5599.931078586027,1.5490950396066308e-17
5600.45483337453,1.4754706673056908e-17
5600.978588163034,1.4594497124180604e-17
5601.502342951537,1.44344824444904e-17
5602.026097740041,1.4102516299337836e-17
5602.549852528545,1.4749615281954456e-17
5603.073607317048,1.583238870300344e-17
5603.597362105552,1.619227607409905e-17
5604.121116894056,1.572007970926121e-17
5604.64487168256,1.4798566394436587e-17
5605.168626471063,1.4248327076526138e-17
5605.692381259568,1.2767909943257231e-17
5606.21613604807,1.1571775100607365e-17
5606.739890836575,1.1129437982669586e-17
5607.263645625078,1.1753469048062544e-17
5607.787400413582,1.2627428029055265e-17
5608.3111552020855,1.4040258844553976e-17
5608.83490999059,1.4009514985057757e-17
5609.358664779093,1.3622845166434314e-17
5609.882419567597,1.3134750885719269e-17
5610.4061743561015,1.3640889327052587e-17
5610.929929144604,1.3656431751526736e-17
5611.453683933109,1.331128264847117e-17
5611.977438721611,1.3740169398448716e-17
5612.501193510116,1.4217793297648122e-17
5613.024948298618,1.4914888877124035e-17
5613.548703087123,1.4583615459679348e-17
5614.072457875626,1.3702942385891359e-17
5614.59621266413,1.3135047740413272e-17
5615.119967452633,1.2197613165808318e-17
5615.643722241138,1.1392237035615043e-17
5616.167477029641,1.1604750932167343e-17
5616.691231818145,1.2100659348702898e-17
5617.214986606649,1.3161733008014319e-17
5617.738741395152,1.3639613270806845e-17
5618.262496183656,1.36900868134941e-17
5618.78625097216,1.3442395151716786e-17
5619.310005760663,1.3985102857584378e-17
5619.833760549167,1.4970997784216423e-17
5620.357515337671,1.5742705272997766e-17
5620.881270126174,1.563374384685386e-17
5621.4050249146785,1.5568605133551703e-17
5621.928779703183,1.5650029215741374e-17
5622.452534491686,1.6047465221976458e-17
5622.97628928019,1.557355766207573e-17
5623.500044068693,1.517758114452697e-17
5624.023798857197,1.4967029854493304e-17
5624.5475536457,1.4776236889186757e-17
5625.071308434204,1.4818239007080345e-17
5625.595063222708,1.4824829276630967e-17
5626.118818011211,1.5130356746596897e-17
5626.642572799715,1.4350819844611472e-17
5627.166327588219,1.4055886716724854e-17
5627.690082376723,1.364211629794013e-17
5628.213837165226,1.3233845189174731e-17
5628.737591953731,1.2672557056797562e-17
5629.261346742233,1.276154902683499e-17
5629.785101530738,1.2632759539225548e-17
5630.308856319241,1.2963787951171334e-17
5630.832611107745,1.301990495896113e-17
5631.3563658962485,1.2684447880343404e-17
5631.880120684753,1.1852705034406604e-17
5632.4038754732555,1.221389120322222e-17
5632.92763026176,1.2825752520558745e-17
5633.451385050264,1.3440334454985779e-17
5633.975139838767,1.4149411348777737e-17
5634.4988946272715,1.4381723407225068e-17
5635.022649415774,1.3831227932564527e-17
5635.546404204279,1.4193137295541494e-17
5636.070158992781,1.4039597616225824e-17
5636.593913781286,1.4778690925357753e-17
5637.117668569789,1.47057706252138e-17
5637.641423358293,1.4397123721898788e-17
5638.165178146796,1.4340190462116603e-17
5638.688932935301,1.480317925986923e-17
5639.212687723804,1.5203269508741154e-17
5639.736442512308,1.500256521648762e-17
5640.260197300812,1.5000540105281945e-17
5640.783952089315,1.4439876479476794e-17
5641.307706877819,1.4449211418751778e-17
5641.831461666323,1.4175097875577714e-17
5642.355216454826,1.4004138272054458e-17
5642.87897124333,1.4911470433406867e-17
5643.402726031834,1.5576628016322305e-17
5643.926480820337,1.5498354765247634e-17
5644.4502356088415,1.5420293329287823e-17
5644.973990397346,1.498171949369535e-17
5645.4977451858485,1.388617011791468e-17
5646.021499974353,1.4040398295886012e-17
5646.545254762856,1.415368160174817e-17
5647.06900955136,1.397661031791021e-17
5647.592764339863,1.3768096817392284e-17
5648.116519128367,1.4130633871407694e-17
5648.640273916871,1.2328075303632618e-17
5649.164028705374,1.1131289947606022e-17
5649.687783493878,1.0586840180919305e-17
5650.211538282382,1.1466028038328378e-17
5650.735293070886,1.2821905451383887e-17
5651.259047859389,1.3689065217333095e-17
5651.782802647894,1.3803964498339839e-17
5652.306557436396,1.361995639809177e-17
5652.830312224901,1.2906571736991198e-17
5653.354067013404,1.1787855654799676e-17
5653.877821801908,1.175025468772068e-17
5654.401576590411,1.2511747661087206e-17
5654.925331378916,1.3889465466392637e-17
5655.4490861674185,1.48957353907002e-17
5655.972840955923,1.5224904279968893e-17
5656.496595744427,1.4917049647201597e-17
5657.02035053293,1.4519589543793323e-17
5657.5441053214345,1.3554125794273629e-17
5658.067860109937,1.2905558776593738e-17
5658.591614898442,1.2503781527196743e-17
5659.115369686944,1.2252914786341676e-17
5659.639124475449,1.2339594186114219e-17
5660.162879263952,1.2331371942611912e-17
5660.686634052456,1.203782531473809e-17
5661.210388840959,1.318634108721299e-17
5661.734143629464,1.3668480133684244e-17
5662.257898417967,1.371906846293734e-17
5662.781653206471,1.4042683878921522e-17
5663.305407994975,1.474325956634879e-17
5663.829162783478,1.5761020844100475e-17
5664.352917571982,1.6753142858700673e-17
5664.876672360486,1.667873630753322e-17
5665.400427148989,1.6120482921597765e-17
5665.924181937493,1.57998781958558e-17
5666.447936725997,1.5233502004389894e-17
5666.9716915145,1.448746317563923e-17
5667.495446303004,1.4480853463534903e-17
5668.019201091507,1.5193937052010252e-17
5668.5429558800115,1.5310609378036653e-17
5669.066710668516,1.4503607706727846e-17
5669.590465457019,1.4256632831832912e-17
5670.114220245523,1.40766672025488e-17
5670.637975034026,1.4424963071873625e-17
5671.16172982253,1.4726099336173472e-17
5671.685484611034,1.5019351875574822e-17
5672.209239399537,1.5022089422489382e-17
5672.732994188041,1.462254686895843e-17
5673.256748976545,1.3508128319650292e-17
5673.780503765048,1.2879903519108283e-17
5674.304258553552,1.2810236849978308e-17
5674.828013342057,1.2919359587855909e-17
5675.351768130559,1.3368818377818293e-17
5675.875522919064,1.3626805926028845e-17
5676.399277707567,1.3638045340097472e-17
5676.923032496071,1.42898878300099e-17
5677.446787284574,1.3537410498994505e-17
5677.970542073079,1.2996093675853992e-17
5678.4942968615815,1.258751744594192e-17
5679.018051650086,1.224824279127876e-17
5679.5418064385885,1.2429930010753792e-17
5680.065561227093,1.2590740749153369e-17
5680.589316015597,1.34465466555412e-17
5681.1130708041,1.4135005719242694e-17
5681.6368255926045,1.4847341587575548e-17
5682.160580381107,1.461909812688048e-17
5682.684335169612,1.52308650881684e-17
5683.208089958115,1.6348837320653062e-17
5683.731844746619,1.637184738728724e-17
5684.255599535122,1.6092597247094476e-17
5684.779354323627,1.5459665498180254e-17
5685.303109112129,1.5586407526852515e-17
5685.826863900634,1.5221200558886597e-17
5686.350618689138,1.490253013553754e-17
5686.874373477641,1.450934113702952e-17
5687.398128266145,1.3487662596130567e-17
5687.921883054649,1.3419735526756874e-17
5688.445637843152,1.346526661447211e-17
5688.969392631656,1.3328174294540273e-17
5689.49314742016,1.2868791102064443e-17
5690.016902208663,1.2945463301362924e-17
5690.540656997167,1.3159657310205458e-17
5691.06441178567,1.3753598468224763e-17
5691.5881665741745,1.3494088857332437e-17
5692.111921362679,1.2658286569924268e-17
5692.6356761511815,1.1793374460755433e-17
5693.159430939686,1.1459441485326814e-17
5693.683185728189,1.2363840366099537e-17
5694.206940516693,1.3353838540643934e-17
5694.730695305197,1.4186780457723077e-17
5695.2544500937,1.445788494921146e-17
5695.778204882204,1.4431922301347216e-17
5696.301959670708,1.4564319377540984e-17
5696.825714459211,1.3371397630927645e-17
5697.349469247715,1.2786852086278077e-17
5697.873224036219,1.2186905468612635e-17
5698.396978824722,1.2318817083901795e-17
5698.920733613227,1.2035680410408757e-17
5699.44448840173,1.117351768549646e-17
5699.968243190234,1.0661205215053959e-17
5700.491997978737,1.0776130092357756e-17
5701.015752767242,1.1023376102140646e-17
5701.539507555744,1.1509942312250378e-17
5702.063262344249,1.1985893003474503e-17
5702.5870171327515,1.1822294595287653e-17
5703.110771921256,1.1522779451213047e-17
5703.634526709759,1.2498640422919678e-17
5704.158281498263,1.3672610024261908e-17
5704.6820362867675,1.480913270792537e-17
5705.20579107527,1.5039862940485903e-17
5705.729545863775,1.4577525812162673e-17
5706.253300652278,1.4612686512831587e-17
5706.777055440782,1.4795755737713736e-17
5707.300810229285,1.531787658464721e-17
5707.82456501779,1.5614325064898163e-17
5708.348319806292,1.5274495474744678e-17
5708.872074594797,1.454193723323011e-17
5709.3958293833,1.422410925475988e-17
5709.919584171804,1.454005359391326e-17
5710.443338960308,1.5417388102177353e-17
5710.967093748812,1.5370733984234137e-17
5711.490848537315,1.618242499655731e-17
5712.014603325819,1.6219627782740442e-17
5712.538358114323,1.6654509619288037e-17
5713.062112902826,1.7164577761319545e-17
5713.58586769133,1.7476891489618175e-17
5714.109622479833,1.6638957626716423e-17
5714.633377268337,1.6980505093523132e-17
5715.15713205684,1.760978996366856e-17
5715.6808868453445,1.6415371125070892e-17
5716.204641633849,1.6290715459030262e-17
5716.728396422352,1.593279457007901e-17
5717.252151210856,1.5000554606488052e-17
5717.77590599936,1.4129127693873338e-17
5718.299660787863,1.3495503721277317e-17
5718.823415576367,1.3810106465494314e-17
5719.347170364871,1.543474928450255e-17
5719.870925153374,1.5529344226971987e-17
5720.394679941878,1.5926163618169754e-17
5720.918434730382,1.6378855519842817e-17
5721.442189518885,1.5234546728932577e-17
5721.96594430739,1.4097226388106594e-17
5722.489699095893,1.3971577866070935e-17
5723.013453884397,1.3946084268702386e-17
5723.5372086729,1.4865842813074246e-17
5724.060963461405,1.5938639080076448e-17
5724.584718249907,1.631360528637663e-17
5725.108473038412,1.6413270775706463e-17
5725.6322278269145,1.558389800355656e-17
5726.155982615419,1.5806268479379148e-17
5726.6797374039215,1.5749619521294986e-17
5727.203492192426,1.5519720561886378e-17
5727.72724698093,1.574930377736256e-17
5728.251001769433,1.5399902703866017e-17
5728.7747565579375,1.5426411153944892e-17
5729.298511346441,1.6062868752181247e-17
5729.822266134945,1.6132366571810188e-17
5730.346020923448,1.5655955984021986e-17
5730.869775711953,1.5435487050629416e-17
5731.393530500455,1.4488824251752546e-17
5731.91728528896,1.453156810650887e-17
5732.441040077463,1.4099610517458278e-17
5732.964794865967,1.4075977199864472e-17
5733.488549654471,1.375951566481097e-17
5734.012304442975,1.412131738576549e-17
5734.536059231478,1.373824999581173e-17
5735.059814019982,1.3935754268598794e-17
5735.583568808486,1.459661621979939e-17
5736.107323596989,1.555708170166717e-17
5736.631078385493,1.65808033720363e-17
5737.154833173996,1.6644705569104137e-17
5737.6785879625,1.606673859429529e-17
5738.202342751003,1.521637725261281e-17
5738.7260975395075,1.3792264788524468e-17
5739.249852328012,1.3070703603590208e-17
5739.7736071165145,1.4060382389469472e-17
5740.297361905019,1.5045952270872633e-17
5740.8211166935225,1.5446338407032697e-17
5741.344871482026,1.6119130315052982e-17
5741.86862627053,1.650789645779343e-17
5742.392381059034,1.5978758110600282e-17
5742.916135847537,1.5017419223753884e-17
5743.439890636041,1.4337766707333e-17
5743.963645424545,1.3459811461024926e-17
5744.487400213048,1.2806769107041681e-17
5745.011155001553,1.2644850344807593e-17
5745.534909790056,1.3040802221275516e-17
5746.05866457856,1.4370002552725083e-17
5746.582419367063,1.5206842538862015e-17
5747.106174155568,1.653438591008459e-17
5747.62992894407,1.619200020991261e-17
5748.153683732575,1.636003353406978e-17
5748.677438521077,1.6523032711555637e-17
5749.201193309582,1.6691914132105792e-17
5749.7249480980845,1.6473590507683195e-17
5750.248702886589,1.5663337227981175e-17
5750.772457675093,1.500876624834173e-17
5751.296212463596,1.4087700525185863e-17
5751.8199672521005,1.3464692388595595e-17
5752.343722040604,1.3773559777057218e-17
5752.8674768291075,1.348572613741211e-17
5753.391231617611,1.3015925446741386e-17
5753.9149864061155,1.3250568611996375e-17
5754.438741194618,1.4604408079328178e-17
5754.962495983123,1.5875651719877555e-17
5755.486250771626,1.6735621202961064e-17
5756.01000556013,1.6687921872995506e-17
5756.533760348634,1.6581528037793006e-17
5757.057515137138,1.6993152301613804e-17
5757.581269925641,1.711714367853404e-17
5758.105024714145,1.6976155571765123e-17
5758.628779502649,1.646274708709929e-17
5759.152534291152,1.6404734760439633e-17
5759.676289079656,1.514606573022432e-17
5760.200043868159,1.4881136611681675e-17
5760.723798656663,1.4900500554014754e-17
5761.247553445166,1.5028296363492108e-17
5761.77130823367,1.5317764171565133e-17
5762.295063022175,1.5525310311792878e-17
5762.8188178106775,1.580966926195659e-17
5763.342572599182,1.578209606951196e-17
5763.8663273876855,1.6018474196858534e-17
5764.390082176189,1.5831990248806654e-17
5764.913836964693,1.5691746167804717e-17
5765.437591753197,1.547140812833932e-17
5765.9613465417,1.5078728024138273e-17
5766.485101330204,1.540166704432879e-17
5767.008856118708,1.596173334333144e-17
5767.532610907211,1.6523647738408216e-17
5768.056365695716,1.6174798100172604e-17
5768.580120484219,1.572686092541337e-17
5769.103875272723,1.6182010698448833e-17
5769.627630061226,1.6030455696324285e-17
5770.151384849731,1.5519639627769296e-17
5770.675139638233,1.507237138994879e-17
5771.198894426738,1.4358994405034557e-17
5771.72264921524,1.3781525679059966e-17
5772.246404003745,1.3064681123854286e-17
5772.7701587922475,1.2806444360438672e-17
5773.293913580752,1.3221085050805381e-17
5773.817668369256,1.436839304992614e-17
5774.341423157759,1.4494514781268115e-17
5774.865177946263,1.42112416464595e-17
5775.388932734767,1.3807991918741808e-17
5775.9126875232705,1.3320450935204551e-17
5776.436442311774,1.3553161623401152e-17
5776.9601971002785,1.3836284855848545e-17
5777.483951888781,1.414441899196345e-17
5778.007706677286,1.4736547857589236e-17
5778.531461465789,1.5869616577320562e-17
5779.055216254293,1.4980516484076695e-17
5779.578971042797,1.5619540478109004e-17
5780.102725831301,1.503220209832356e-17
5780.626480619804,1.5463128209087624e-17
5781.150235408308,1.4508515956445252e-17
5781.673990196812,1.4332279135885335e-17
5782.197744985315,1.4747407648428392e-17
5782.721499773819,1.5794877716947858e-17
5783.245254562322,1.6235822803253518e-17
5783.769009350826,1.6674031385407034e-17
5784.292764139329,1.5820652574863082e-17
5784.816518927833,1.600140787313009e-17
5785.340273716338,1.6245868003498436e-17
5785.8640285048405,1.648828957764361e-17
5786.387783293345,1.6182123968406395e-17
5786.911538081848,1.5812527736178e-17
5787.435292870352,1.5367346165772792e-17
5787.9590476588555,1.454821884193098e-17
5788.48280244736,1.402393472513014e-17
5789.006557235863,1.392859563038811e-17
5789.530312024367,1.4520423054210353e-17
5790.054066812871,1.5637690685598467e-17
5790.577821601374,1.645423817574062e-17
5791.101576389879,1.6501859471471857e-17
5791.625331178382,1.6824354314292556e-17
5792.149085966886,1.7520900831304343e-17
5792.672840755389,1.7452185786570765e-17
5793.196595543894,1.7154151223002786e-17
5793.720350332396,1.688133616650321e-17
5794.244105120901,1.5908691398128736e-17
5794.767859909403,1.4859856668947036e-17
5795.291614697908,1.4295872054746037e-17
5795.81536948641,1.360222827506141e-17
5796.339124274915,1.3641194580389046e-17
5796.862879063419,1.4062252895982002e-17
5797.386633851922,1.4633314977305055e-17
5797.910388640426,1.5139030287685296e-17
5798.43414342893,1.5337752532247297e-17
5798.9578982174335,1.5235820721022765e-17
5799.481653005937,1.506015746858597e-17
5800.005407794441,1.5380960208360928e-17
5800.529162582944,1.580829176473773e-17
5801.0529173714485,1.6097522227622256e-17
5801.576672159952,1.6279031347879866e-17
5802.100426948456,1.6157970523451694e-17
5802.62418173696,1.586259007730563e-17
5803.147936525464,1.5890791528137096e-17
5803.671691313967,1.5935975366101993e-17
5804.195446102471,1.6695937138576292e-17
5804.719200890975,1.6459650751003666e-17
5805.242955679478,1.5580402107719912e-17
5805.766710467982,1.529505758623126e-17
5806.290465256485,1.492363957128113e-17
5806.814220044989,1.450550989548676e-17
5807.337974833492,1.4256000390946312e-17
5807.861729621996,1.5636951394084305e-17
5808.385484410501,1.6052474257536847e-17
5808.909239199003,1.6006094075761483e-17
5809.432993987508,1.61642718160917e-17
5809.956748776011,1.6037107478526495e-17
5810.480503564515,1.6252511462859148e-17
5811.0042583530185,1.6623486405757733e-17
5811.528013141523,1.7001476673998187e-17
5812.051767930026,1.691568923148485e-17
5812.57552271853,1.694311923826306e-17
5813.099277507034,1.6583692818004524e-17
5813.623032295537,1.6017133693158875e-17
5814.1467870840415,1.5699408655735836e-17
5814.670541872545,1.5627018080226065e-17
5815.194296661049,1.5418851251062528e-17
5815.718051449552,1.602695071047047e-17
5816.241806238057,1.653121055163212e-17
5816.765561026559,1.6767434482071936e-17
5817.289315815064,1.6939852446545225e-17
5817.813070603566,1.6487236754459702e-17
5818.336825392071,1.6718850466918e-17
5818.860580180573,1.6697423075945844e-17
5819.384334969078,1.7361132920598885e-17
5819.908089757582,1.7785045409636868e-17
5820.431844546085,1.8033614989150145e-17
5820.955599334589,1.7779736098268112e-17
5821.479354123093,1.748584744036635e-17
5822.003108911596,1.7164941317977628e-17
5822.5268637001,1.6757773346177675e-17
5823.050618488604,1.7268613207108333e-17
5823.574373277107,1.6892066541791544e-17
5824.0981280656115,1.59197236435409e-17
5824.621882854115,1.6010169125442972e-17
5825.145637642619,1.5155095823355455e-17
5825.669392431123,1.5626378644973607e-17
5826.193147219627,1.569655056612385e-17
5826.71690200813,1.624304899751342e-17
5827.240656796634,1.6960244125088525e-17
5827.764411585138,1.7509275307819538e-17
5828.288166373641,1.6834184763390433e-17
5828.811921162145,1.656034493946953e-17
5829.335675950648,1.6212267988589822e-17
5829.859430739152,1.6360337788158153e-17
5830.383185527655,1.688519859568702e-17
5830.906940316159,1.7390221900434417e-17
5831.430695104663,1.7030832391049866e-17
5831.954449893166,1.733666023297399e-17
5832.478204681671,1.712173481216869e-17
5833.001959470174,1.6843832200820536e-17
5833.525714258678,1.6836689525017664e-17
5834.049469047181,1.651411623716074e-17
5834.573223835686,1.7198586514711012e-17
5835.0969786241885,1.710356019488008e-17
5835.620733412693,1.6215400602026387e-17
5836.1444882011965,1.597260260787727e-17
5836.6682429897,1.576516976061065e-17
5837.191997778204,1.490046517340791e-17
5837.715752566708,1.4782038271484823e-17
5838.239507355212,1.4944452460297018e-17
5838.763262143715,1.5225597039295652e-17
5839.28701693222,1.557461314314411e-17
5839.810771720722,1.6236312155165064e-17
5840.334526509227,1.5402883483970298e-17
5840.858281297729,1.5791476705479417e-17
5841.382036086234,1.5876869122802326e-17
5841.905790874736,1.5578632379034382e-17
5842.429545663241,1.47783575012957e-17
5842.953300451745,1.4103649542796714e-17
5843.477055240248,1.3107134208055362e-17
5844.000810028751,1.2196963113858273e-17
5844.524564817256,1.2628830765816285e-17
5845.048319605759,1.3119135242522595e-17
5845.572074394263,1.4343883058693523e-17
5846.095829182767,1.543233318008829e-17
5846.61958397127,1.617637017613992e-17
5847.143338759774,1.485292960140665e-17
5847.667093548278,1.3937153720662225e-17
5848.1908483367815,1.3592526810006203e-17
5848.714603125286,1.3598937444220022e-17
5849.2383579137895,1.3848381320551373e-17
5849.762112702292,1.4566334364918382e-17
5850.285867490797,1.4541850702060485e-17
5850.809622279301,1.482204771668153e-17
5851.333377067804,1.521994902020062e-17
5851.857131856308,1.6042511365086697e-17
5852.380886644811,1.5469763055695058e-17
5852.904641433315,1.570687451633294e-17
5853.428396221818,1.5144857721812823e-17
5853.952151010322,1.5122481256362144e-17
5854.475905798827,1.5159258481562085e-17
5854.999660587329,1.5183721963280594e-17
5855.523415375833,1.5057707700702507e-17
5856.047170164337,1.5206594704697406e-17
5856.570924952841,1.4620209955567e-17
5857.094679741344,1.4300162703144515e-17
5857.618434529849,1.454073342781849e-17
5858.1421893183515,1.4232019444054886e-17
5858.665944106856,1.545326209334495e-17
5859.1896988953595,1.637631266725571e-17
5859.713453683863,1.643844196179888e-17
5860.237208472367,1.6268615543118075e-17
5860.760963260871,1.6684665196703054e-17
5861.284718049374,1.6768606411592e-17
5861.808472837878,1.618308438410414e-17
5862.3322276263825,1.666599261295776e-17
5862.855982414885,1.6340166893768056e-17
5863.37973720339,1.5837940825605504e-17
5863.903491991892,1.583638939858202e-17
5864.427246780397,1.5546705821628508e-17
5864.951001568899,1.5871269695432676e-17
5865.474756357404,1.7334679260228083e-17
5865.998511145907,1.9226590606655592e-17
5866.522265934411,2.2121067618221174e-17
5867.046020722914,2.0375500646854575e-17
5867.569775511419,1.766295006197609e-17
5868.093530299922,1.599295301084942e-17
5868.617285088426,1.5519334150542868e-17
5869.14103987693,1.5212436553077886e-17
5869.664794665433,1.477684018635008e-17
5870.188549453937,1.40419572173967e-17
5870.712304242441,1.3945696924333428e-17
5871.2360590309445,1.3483386760278359e-17
5871.759813819448,1.4097874014603322e-17
5872.2835686079525,1.4591424029343285e-17
5872.807323396455,1.583988508715798e-17
5873.33107818496,1.5482903263740482e-17
5873.854832973464,1.5039342215411084e-17
5874.378587761967,1.4577847433492752e-17
5874.902342550471,1.4887106513288407e-17
5875.426097338974,1.517114015176335e-17
5875.949852127478,1.6236231604166444e-17
5876.473606915981,1.6555109814130757e-17
5876.997361704485,1.6311121721495583e-17
5877.521116492989,1.6119672832430596e-17
5878.044871281492,1.5252728743109543e-17
5878.568626069996,1.481930401509663e-17
5879.0923808585,1.3864736722645855e-17
5879.616135647004,1.2135588641940917e-17
5880.139890435507,1.0824025817183292e-17
5880.663645224012,9.965152232179326e-18
5881.187400012514,8.941281338331265e-18
5881.711154801019,9.829494121103903e-18
5882.234909589522,1.0959055444245938e-17
5882.758664378026,1.3254947205466487e-17
5883.2824191665295,1.4017073520970634e-17
5883.806173955034,1.3301880740561615e-17
5884.329928743537,1.2942847138455968e-17
5884.853683532041,1.3495632741799535e-17
5885.3774383205455,1.318107668018157e-17
5885.901193109048,1.1906930327558335e-17
5886.424947897553,1.1137845324243947e-17
5886.948702686055,1.0222029471862019e-17
5887.47245747456,1.0519729776411712e-17
5887.996212263062,1.2227855660144118e-17
5888.519967051567,1.3535113163900205e-17
5889.04372184007,1.3158859751349092e-17
5889.567476628574,1.2046271739775122e-17
5890.091231417077,1.1684911446893388e-17
5890.614986205582,1.3485611634749685e-17
5891.138740994085,1.5126273026668166e-17
5891.662495782589,1.6015588485475034e-17
5892.186250571093,1.5762729144278148e-17
5892.710005359596,1.567300827905291e-17
5893.2337601481,1.545518696553832e-17
5893.757514936604,1.521356712343787e-17
5894.281269725107,1.508832488225889e-17
5894.805024513611,1.4487029018111907e-17
5895.328779302115,1.4067962844065893e-17
5895.852534090618,1.3241005733140621e-17
5896.3762888791225,1.3465643133650254e-17
5896.900043667627,1.4663141180292866e-17
5897.42379845613,1.4477971355397618e-17
5897.947553244634,1.4843649129689783e-17
5898.471308033137,1.592665181000657e-17
5898.995062821641,1.599328413008424e-17
5899.518817610144,1.5399181734087515e-17
5900.042572398648,1.4934300209394193e-17
5900.566327187152,1.5403827221858805e-17
5901.090081975655,1.5587333784777368e-17
5901.613836764159,1.658892651887729e-17
5902.137591552663,1.6761891919199348e-17
5902.661346341167,1.716135417097651e-17
5903.18510112967,1.6352330293384997e-17
5903.708855918175,1.5444180866315124e-17
5904.232610706677,1.4329647816984978e-17
5904.756365495182,1.3667515429556362e-17
5905.280120283685,1.3888022160421626e-17
5905.803875072189,1.3848885909230551e-17
5906.3276298606925,1.3829572967430719e-17
5906.851384649197,1.3301091240563822e-17
5907.3751394376995,1.3386211803086964e-17
5907.898894226204,1.4227259784013566e-17
5908.422649014708,1.5229499354363264e-17
5908.946403803211,1.53815070586048e-17
5909.4701585917155,1.5061370115490856e-17
5909.993913380218,1.511063207971587e-17
5910.517668168723,1.5395946480190023e-17
5911.041422957225,1.6171592749322884e-17
5911.56517774573,1.5790858593431602e-17
5912.088932534233,1.5298922424497285e-17
5912.612687322737,1.4773274199077078e-17
5913.13644211124,1.497671188268273e-17
5913.660196899745,1.5593732556826477e-17
5914.183951688248,1.678774560354657e-17
5914.707706476752,1.6806670869397158e-17
5915.231461265256,1.6729773979056965e-17
5915.755216053759,1.6369871088137822e-17
5916.278970842263,1.6152666638122938e-17
5916.802725630767,1.6886614171592186e-17
5917.32648041927,1.6569596115291393e-17
5917.850235207774,1.647842961660601e-17
5918.373989996278,1.5773345598504094e-17
5918.897744784781,1.5542079256689218e-17
5919.4214995732855,1.523651955973093e-17
5919.94525436179,1.4523302078895227e-17
5920.469009150293,1.414269393085437e-17
5920.992763938797,1.448517823471678e-17
5921.5165187273,1.5579595836401565e-17
5922.040273515804,1.6521658780391247e-17
5922.564028304307,1.6638366709628684e-17
5923.087783092811,1.6141127861776938e-17
5923.611537881315,1.5906211836925823e-17
5924.135292669818,1.4714513553809997e-17
5924.659047458322,1.3945372898112105e-17
5925.182802246826,1.3020082568972279e-17
5925.70655703533,1.2998564684874655e-17
5926.230311823833,1.3342513968837567e-17
5926.754066612338,1.3952736343356173e-17
5927.27782140084,1.4375087281092836e-17
5927.801576189345,1.4695884193877646e-17
5928.325330977848,1.5065256224633396e-17
5928.849085766352,1.5581738123584466e-17
5929.372840554855,1.586661305623108e-17
5929.89659534336,1.5789349225989558e-17
5930.4203501318625,1.5311084805043262e-17
5930.944104920367,1.4923171520540855e-17
5931.467859708871,1.4628768812256357e-17
5931.991614497374,1.400452940045045e-17
5932.5153692858785,1.4368816324072184e-17
5933.039124074381,1.4311739786297605e-17
5933.562878862886,1.4795721162221245e-17
5934.086633651388,1.5917131758757654e-17
5934.610388439893,1.568799949868347e-17
5935.134143228396,1.5984185281746216e-17
5935.6578980169,1.6518959238927923e-17
5936.181652805403,1.6633396691968274e-17
5936.705407593908,1.623268015251182e-17
5937.229162382411,1.6459864323812914e-17
5937.752917170915,1.6554581282367712e-17
5938.276671959419,1.6397648789378448e-17
5938.800426747922,1.4498718249594304e-17
5939.324181536426,1.425857462990572e-17
5939.84793632493,1.3307906701209915e-17
5940.371691113433,1.4273045295637786e-17
5940.895445901937,1.445191940666656e-17
5941.419200690441,1.5148816297687077e-17
5941.942955478944,1.5584244295274526e-17
5942.466710267448,1.5544692034394318e-17
5942.990465055953,1.4029580286831383e-17
5943.5142198444555,1.4078614797966315e-17
5944.03797463296,1.4553729826896508e-17
5944.561729421463,1.4895696451731206e-17
5945.085484209967,1.567911247592212e-17
5945.60923899847,1.551082910748163e-17
5946.132993786974,1.4783859012928987e-17
5946.656748575478,1.3208437397725602e-17
5947.180503363981,1.2462056995395171e-17
5947.704258152485,1.2626267468639374e-17
5948.228012940989,1.317323988045257e-17
5948.751767729493,1.3938850258253535e-17
5949.275522517996,1.518784612706586e-17
5949.799277306501,1.566093458387561e-17
5950.323032095003,1.602493344211055e-17
5950.846786883508,1.669004993103671e-17
5951.370541672011,1.6690097111787673e-17
5951.894296460515,1.6771884703057566e-17
5952.418051249018,1.663345006980478e-17
5952.941806037523,1.6490651013570095e-17
5953.4655608260255,1.6756801060304602e-17
5953.98931561453,1.5991014913831356e-17
5954.513070403034,1.6237223364097852e-17
5955.036825191537,1.654782767434077e-17
5955.560579980041,1.569721752957303e-17
5956.084334768544,1.5560749742609577e-17
5956.6080895570485,1.5025743496838552e-17
5957.131844345551,1.51839290492529e-17
5957.655599134056,1.5974372880497825e-17
5958.179353922559,1.6233213738893142e-17
5958.703108711063,1.62410955170238e-17
5959.226863499566,1.6836179711065103e-17
5959.750618288071,1.7135263509342708e-17
5960.274373076574,1.6850860399458626e-17
5960.798127865078,1.7094798682143124e-17
5961.321882653582,1.744347430453178e-17
5961.845637442085,1.7886769917302644e-17
5962.369392230589,1.7709656142546565e-17
5962.893147019093,1.7135394247832183e-17
5963.416901807596,1.688099965659176e-17
5963.9406565961,1.7044434892643785e-17
5964.464411384604,1.627521789415523e-17
5964.988166173107,1.6205939625218917e-17
5965.511920961611,1.5870983350635485e-17
5966.035675750116,1.5401779647094096e-17
5966.5594305386185,1.3953449283139023e-17
5967.083185327123,1.392633599471871e-17
5967.606940115626,1.4001976005974702e-17
5968.13069490413,1.4395356332944544e-17
5968.654449692633,1.512402751939809e-17
5969.178204481137,1.5333651975885042e-17
5969.701959269641,1.509294446404934e-17
5970.225714058144,1.5473368170175432e-17
5970.749468846648,1.6882501912498742e-17
5971.273223635152,1.65241727421388e-17
5971.796978423656,1.6131346035838708e-17
5972.320733212159,1.6213857737361752e-17
5972.844488000664,1.602760981450982e-17
5973.368242789166,1.529679271344486e-17
5973.891997577671,1.4398828188486652e-17
5974.415752366174,1.361590724182224e-17
5974.939507154678,1.3433882641475107e-17
5975.463261943181,1.4366198629534663e-17
5975.987016731686,1.5050521740988526e-17
5976.510771520188,1.509478775872943e-17
5977.034526308693,1.5921325311102173e-17
5977.558281097197,1.636659474345648e-17
5978.0820358857,1.6321761347021574e-17
5978.605790674204,1.5918803741539798e-17
5979.129545462707,1.6341524841967126e-17
5979.6533002512115,1.6209429461424754e-17
5980.177055039714,1.5427505405311943e-17
5980.700809828219,1.5431241448282334e-17
5981.224564616722,1.5468188905481478e-17
5981.748319405226,1.541034061025202e-17
5982.272074193729,1.513962080170917e-17
5982.795828982234,1.554609932678633e-17
5983.319583770737,1.6264417096471406e-17
5983.843338559241,1.6987745204517406e-17
5984.367093347745,1.7314352296154386e-17
5984.890848136248,1.652903865066674e-17
5985.414602924752,1.6743174621179475e-17
5985.938357713256,1.640927148923911e-17
5986.462112501759,1.6369062794867086e-17
5986.985867290263,1.6260766268558793e-17
5987.509622078767,1.6425932167324625e-17
5988.03337686727,1.5996109321415722e-17
5988.557131655774,1.555467166487634e-17
5989.080886444279,1.5311890663585918e-17
5989.604641232781,1.6346634216751626e-17
5990.128396021284,1.6547115279733042e-17
5990.6521508097885,1.6394119258623234e-17
5991.175905598293,1.649722507297452e-17
5991.699660386796,1.6270338612209134e-17
5992.2234151753,1.6015502348054717e-17
5992.747169963804,1.4986322154105725e-17
5993.270924752307,1.4487607816265062e-17
5993.794679540811,1.501795799434291e-17
5994.318434329315,1.532473528868368e-17
5994.842189117819,1.551738956293427e-17
5995.365943906322,1.5555549887392692e-17
5995.889698694826,1.539929678401892e-17
5996.413453483329,1.49382610852433e-17
5996.937208271834,1.4585836574798805e-17
5997.460963060337,1.3754943477901752e-17
5997.984717848841,1.3192163242305074e-17
5998.508472637344,1.3104752041394632e-17
5999.032227425849,1.3643438314571647e-17
5999.555982214351,1.4795640176269975e-17
6000.079737002856,1.5465894072198716e-17
6000.60349179136,1.5764234094584974e-17
6001.127246579863,1.6384236135981856e-17
6001.6510013683655,1.6041512433060468e-17
6002.17475615687,1.510986116350373e-17
6002.698510945374,1.4626397239155618e-17
6003.222265733877,1.436168238820627e-17
6003.7460205223815,1.447290800723082e-17
6004.269775310885,1.4851861268551073e-17
6004.793530099389,1.498715511705761e-17
6005.317284887892,1.5425633243679818e-17
6005.841039676397,1.5632691084800062e-17
6006.3647944649,1.5353270719158264e-17
6006.888549253404,1.477736040768321e-17
6007.412304041907,1.431418256373853e-17
6007.936058830411,1.4950923151871568e-17
6008.459813618915,1.585182091607905e-17
6008.983568407419,1.6170508247213155e-17
6009.507323195922,1.5637029726825017e-17
6010.031077984426,1.502545608388949e-17
6010.55483277293,1.4438639867044602e-17
6011.078587561433,1.3976222183309066e-17
6011.602342349937,1.401919408622601e-17
6012.126097138442,1.4822782695433566e-17
6012.649851926944,1.50316833329961e-17
6013.173606715447,1.5170807736269315e-17
6013.6973615039515,1.5374722378300423e-17
6014.221116292456,1.5177213599943326e-17
6014.744871080959,1.518087179490148e-17
6015.268625869463,1.5630215263153625e-17
6015.7923806579665,1.619440127535074e-17
6016.31613544647,1.5966185356991342e-17
6016.839890234974,1.5377007580295784e-17
6017.363645023478,1.5395242400830016e-17
6017.887399811981,1.5252843118649452e-17
6018.411154600485,1.5872510876135463e-17
6018.934909388989,1.6255760451782937e-17
6019.458664177492,1.6625133166398532e-17
6019.982418965997,1.6599228555532926e-17
6020.5061737545,1.660713282977643e-17
6021.029928543004,1.5996874382444527e-17
6021.553683331507,1.5862051615471804e-17
6022.077438120012,1.52448289942681e-17
6022.601192908514,1.595728016315065e-17
6023.124947697019,1.6086680466438668e-17
6023.648702485521,1.657287376843196e-17
6024.172457274026,1.6305151471421008e-17
6024.6962120625285,1.6156861191785743e-17
6025.219966851033,1.6205313798068945e-17
6025.743721639537,1.6814645627562292e-17
6026.26747642804,1.705812107283501e-17
6026.7912312165445,1.7697055981571274e-17
6027.314986005048,1.7101966318321243e-17
6027.838740793552,1.736528264631684e-17
6028.362495582055,1.6752324708169538e-17
6028.8862503705595,1.7491555931583326e-17
6029.410005159062,1.6745764117694736e-17
6029.933759947567,1.6512820291098157e-17
6030.45751473607,1.6630574321659857e-17
6030.981269524574,1.634866404349782e-17
6031.505024313078,1.6951149199244403e-17
6032.028779101582,1.6975143791234773e-17
6032.552533890085,1.620766342118671e-17
6033.076288678589,1.6473738796621554e-17
6033.600043467093,1.653831399707129e-17
6034.123798255596,1.764549770065308e-17
6034.6475530441,1.7107369535406817e-17
6035.171307832603,1.7211279131345575e-17
6035.695062621107,1.7077378641731382e-17
6036.21881740961,1.8184088707029545e-17
6036.742572198114,1.7491078511397102e-17
6037.266326986619,1.6973028564022216e-17
6037.7900817751215,1.7139241327837994e-17
6038.313836563626,1.6896908150182745e-17
6038.8375913521295,1.7257552135973558e-17
6039.361346140633,1.6410047854702874e-17
6039.885100929137,1.615759676755295e-17
6040.408855717641,1.6382902934586565e-17
6040.932610506144,1.7763218915035455e-17
6041.456365294648,1.666529872032428e-17
6041.980120083152,1.6239768373784825e-17
6042.503874871655,1.5437683534881383e-17
6043.02762966016,1.6199151701038053e-17
6043.551384448663,1.5996763054335703e-17
6044.075139237167,1.698297636783957e-17
6044.59889402567,1.6558976452461072e-17
6045.122648814175,1.636824469762365e-17
6045.646403602677,1.5798626882866126e-17
6046.170158391182,1.585461700828604e-17
6046.693913179684,1.5214866925390808e-17
6047.217667968189,1.5738980250205965e-17
6047.7414227566915,1.6701878116180042e-17
6048.265177545196,1.6342043740924324e-17
6048.7889323337,1.650977901883816e-17
6049.312687122203,1.678902602115159e-17
6049.836441910707,1.700370685825541e-17
6050.360196699211,1.7296959109332707e-17
6050.8839514877145,1.6917578071529037e-17
6051.407706276218,1.6076253531978263e-17
6051.9314610647225,1.5866778970661245e-17
6052.455215853225,1.5617865260481638e-17
6052.97897064173,1.5018619944832797e-17
6053.502725430233,1.4045764092625584e-17
6054.026480218737,1.4262441179645758e-17
6054.550235007241,1.4146155287237298e-17
6055.073989795745,1.3422986581759869e-17
6055.597744584248,1.4202137487336975e-17
6056.121499372752,1.3552988236701146e-17
6056.645254161256,1.539584373799947e-17
6057.169008949759,1.6526047805395004e-17
6057.692763738263,1.7819303152290447e-17
6058.216518526766,1.8254758499716366e-17
6058.74027331527,1.7436555307301484e-17
6059.264028103773,1.7592554167247692e-17
6059.787782892277,1.7484556456218596e-17
6060.311537680782,1.7347193269152948e-17
6060.8352924692845,1.6641971205030605e-17
6061.359047257789,1.7248608737968646e-17
6061.882802046292,1.8075268118066896e-17
6062.406556834796,1.792871545528361e-17
6062.9303116232995,1.765326013206847e-17
6063.454066411804,1.734112490349064e-17
6063.977821200307,1.7291916651217577e-17
6064.501575988811,1.68061569155474e-17
6065.025330777315,1.6959383933207657e-17
6065.549085565818,1.6353177989355245e-17
6066.072840354323,1.6572594898545294e-17
6066.596595142826,1.5668846503610327e-17
6067.12034993133,1.6226801248564092e-17
6067.644104719833,1.5293623326313086e-17
6068.167859508338,1.4702956889806282e-17
6068.69161429684,1.5536807371361732e-17
6069.215369085345,1.506136541863407e-17
6069.739123873847,1.5384632778742942e-17
6070.262878662352,1.6425667558654264e-17
6070.786633450854,1.5723483417002723e-17
6071.310388239359,1.518479290041471e-17
6071.834143027863,1.443982963336375e-17
6072.357897816366,1.4175819440727035e-17
6072.88165260487,1.420533419441134e-17
6073.405407393374,1.4036067624609746e-17
6073.9291621818775,1.4077056354428296e-17
6074.452916970381,1.4251814289589232e-17
6074.9766717588855,1.4310169792437044e-17
6075.500426547388,1.3761153725521097e-17
6076.0241813358925,1.424163654991186e-17
6076.547936124396,1.4335763394854846e-17
6077.0716909129,1.5882325106531794e-17
6077.595445701404,1.6231084213158356e-17
6078.119200489908,1.4872378938797038e-17
6078.642955278411,1.5564415424054926e-17
6079.166710066915,1.5414153377178785e-17
6079.690464855419,1.4709308256540807e-17
6080.214219643922,0.0
6080.737974432426,0.0
6081.261729220929,0.0
