wav,flam
4372.838736854708,9.0523603816129e-18
4373.36243260491,8.713410833125844e-18
4373.886128355112,8.133849280344438e-18
4374.409824105315,8.175889892619853e-18
4374.933519855517,8.546157956317322e-18
4375.457215605719,8.508013384103252e-18
4375.980911355922,7.654725213343652e-18
4376.504607106124,7.333000334401675e-18
4377.028302856326,7.312583116448098e-18
4377.551998606529,7.006625430965825e-18
4378.075694356731,7.322847971121485e-18
4378.599390106934,7.236490387568662e-18
4379.123085857136,7.707065598446707e-18
4379.646781607339,7.303142569890815e-18
4380.170477357541,7.665619123446823e-18
4380.694173107744,9.183633636434143e-18
4381.217868857946,9.26384132062147e-18
4381.741564608148,8.915750285820098e-18
4382.265260358351,8.82644940356983e-18
4382.788956108553,8.095526618166852e-18
4383.312651858756,7.574738761582437e-18
4383.836347608958,8.0384507022406e-18
4384.36004335916,8.339379039970716e-18
4384.883739109363,8.424722574453227e-18
4385.407434859565,9.14036245893582e-18
4385.931130609768,1.0140232972770972e-17
4386.45482635997,9.622504200654417e-18
4386.978522110172,8.440049000052956e-18
4387.502217860375,8.017017496812997e-18
4388.025913610577,7.977406982666108e-18
4388.549609360779,7.471822824074621e-18
4389.073305110982,7.639336228038915e-18
4389.597000861184,9.08832995677109e-18
4390.120696611386,9.532941391840593e-18
4390.644392361589,9.93713209850901e-18
4391.168088111791,1.0798620551560008e-17
4391.691783861994,9.932208529589276e-18
4392.215479612196,9.01123207335852e-18
4392.739175362398,8.688425286166505e-18
4393.262871112601,8.397065445007476e-18
4393.786566862804,7.861728483915797e-18
4394.310262613006,8.605072770554818e-18
4394.833958363208,9.848204911189229e-18
4395.35765411341,9.863751516540943e-18
4395.881349863613,9.419849949159827e-18
4396.405045613815,8.597974832851229e-18
4396.928741364018,7.317762623558529e-18
4397.45243711422,6.809368864353648e-18
4397.976132864423,7.536815941117044e-18
4398.499828614625,7.88745903290232e-18
4399.023524364828,8.255894240641343e-18
4399.54722011503,8.314981222532852e-18
4400.070915865232,8.467560918648708e-18
4400.594611615435,8.190914673081367e-18
4401.118307365637,8.820847929477351e-18
4401.642003115839,9.854945603640743e-18
4402.165698866042,9.063796731084984e-18
4402.689394616244,8.999737925168397e-18
4403.213090366446,1.0135855774867761e-17
4403.736786116649,1.009622944049122e-17
4404.260481866851,9.669966485123187e-18
4404.7841776170535,9.615931589323493e-18
4405.3078733672555,9.727634357957984e-18
4405.831569117458,9.099151325393629e-18
4406.3552648676605,9.158506581618495e-18
4406.8789606178625,9.222002437383189e-18
4407.402656368065,8.475748200281319e-18
4407.9263521182675,8.580889176878979e-18
4408.4500478684695,9.221417190551746e-18
4408.973743618672,8.291559425939541e-18
4409.497439368874,8.296741377634649e-18
4410.021135119077,8.659219861053785e-18
4410.544830869279,7.82066572707503e-18
4411.068526619482,8.245196102705257e-18
4411.592222369684,8.3266074826243e-18
4412.115918119887,9.003123774550664e-18
4412.639613870089,9.218785860034898e-18
4413.163309620291,9.463191907253107e-18
4413.687005370494,1.0175318330736573e-17
4414.210701120696,1.0378828994106484e-17
4414.734396870898,9.02356599749293e-18
4415.258092621101,9.27964423952424e-18
4415.781788371303,9.346352429930166e-18
4416.305484121505,8.126535595786446e-18
4416.829179871708,8.396166425941922e-18
4417.35287562191,9.762736838357292e-18
4417.876571372113,9.262982421279009e-18
4418.400267122315,9.161345805857755e-18
4418.923962872517,8.673676407479605e-18
4419.44765862272,8.748963273247105e-18
4419.971354372922,9.148356503691107e-18
4420.495050123125,9.312610357221918e-18
4421.018745873327,8.24499955019349e-18
4421.542441623529,9.599242588644737e-18
4422.066137373732,9.557967156802272e-18
4422.589833123934,9.168912717389498e-18
4423.113528874137,8.519224106219003e-18
4423.637224624339,8.441145871934245e-18
4424.160920374542,8.735161151858336e-18
4424.684616124743,8.280615968367264e-18
4425.208311874947,9.120324657365747e-18
4425.732007625148,9.348763027944621e-18
4426.255703375351,9.332226080381546e-18
4426.779399125554,8.763970944689348e-18
4427.303094875756,9.18089745864676e-18
4427.826790625958,8.79031479930403e-18
4428.350486376161,8.862980898404197e-18
4428.874182126363,9.452241514930775e-18
4429.397877876565,1.0476349010610354e-17
4429.921573626768,1.0869800872257253e-17
4430.44526937697,1.0038018515813365e-17
4430.968965127173,9.804720021310228e-18
4431.492660877375,9.69550954335969e-18
4432.016356627577,9.50622954575466e-18
4432.54005237778,8.916262258459662e-18
4433.063748127982,8.956919738771035e-18
4433.587443878185,8.705871747235579e-18
4434.111139628387,8.350804734524804e-18
4434.634835378589,8.451023794456453e-18
4435.158531128792,8.014781276587475e-18
4435.682226878994,7.893999194698253e-18
4436.205922629196,7.27545807267702e-18
4436.729618379399,7.648626600224422e-18
4437.253314129602,9.063852127507047e-18
4437.777009879803,8.911203520496754e-18
4438.300705630007,8.458637114482591e-18
4438.824401380208,8.520179520296319e-18
4439.348097130411,8.456681218420135e-18
4439.871792880613,8.902640800436029e-18
4440.395488630816,9.275117478242222e-18
4440.919184381018,1.0151949927447863e-17
4441.442880131221,9.855257142976429e-18
4441.966575881423,9.236064835591326e-18
4442.490271631625,8.90109414448805e-18
4443.013967381828,8.473253944901727e-18
4443.53766313203,7.255574643944007e-18
4444.0613588822325,7.285609769597812e-18
4444.585054632435,8.286620193639236e-18
4445.108750382637,8.536450281004431e-18
4445.6324461328395,8.567464308016584e-18
4446.1561418830415,8.551610550323755e-18
4446.6798376332445,8.222516130662343e-18
4447.2035333834465,7.822957964004478e-18
4447.7272291336485,7.849610014418345e-18
4448.250924883851,7.457651430911762e-18
4448.7746206340535,7.60641605429359e-18
4449.2983163842555,8.115490152150231e-18
4449.822012134458,7.806665223059707e-18
4450.34570788466,7.134294548235776e-18
4450.8694036348625,7.305884299674833e-18
4451.393099385065,7.867177115183904e-18
4451.916795135267,8.007245922655446e-18
4452.44049088547,8.642731006444944e-18
4452.964186635672,8.395743721442193e-18
4453.487882385875,8.172652183938193e-18
4454.011578136077,8.731037886144698e-18
4454.53527388628,8.013389357915225e-18
4455.058969636482,7.47703981189387e-18
4455.582665386684,7.110068930019009e-18
4456.106361136887,8.023478220849088e-18
4456.630056887089,8.034413261124146e-18
4457.153752637292,8.001401310318742e-18
4457.677448387494,7.876505065284103e-18
4458.201144137696,7.901169563472452e-18
4458.724839887899,8.609588069873996e-18
4459.248535638101,8.361275605233303e-18
4459.772231388304,7.607447833851814e-18
4460.295927138506,7.069712420689884e-18
4460.819622888708,8.007533403817183e-18
4461.343318638911,7.557120874121393e-18
4461.867014389113,8.067057471297324e-18
4462.390710139315,9.492023955900596e-18
4462.914405889518,1.1117629144544957e-17
4463.43810163972,1.1065914100589406e-17
4463.961797389922,1.1581356363245321e-17
4464.485493140125,1.102868283630279e-17
4465.009188890327,1.1759265926584008e-17
4465.53288464053,1.1320815388965481e-17
4466.056580390732,1.2139302717184762e-17
4466.580276140935,1.2855018846141481e-17
4467.103971891137,1.3029575782889492e-17
4467.62766764134,1.2783820774647606e-17
4468.151363391542,1.2270710365586044e-17
4468.675059141744,1.18972271068214e-17
4469.198754891946,1.1904020060634247e-17
4469.722450642149,1.2682048206397216e-17
4470.246146392352,1.1769854219779887e-17
4470.769842142554,1.0668232674585497e-17
4471.293537892756,1.0739395580117602e-17
4471.817233642959,1.1536955230490698e-17
4472.340929393161,1.0774831576694333e-17
4472.864625143364,9.937129606246914e-18
4473.388320893566,1.0565375192486916e-17
4473.912016643768,1.071281263451107e-17
4474.435712393971,1.0974795704930524e-17
4474.959408144173,1.1069597433556684e-17
4475.483103894375,1.125149306870539e-17
4476.006799644578,1.1417249464161407e-17
4476.53049539478,1.1509797724016953e-17
4477.054191144982,1.1814688235937007e-17
4477.577886895185,1.1412057724828274e-17
4478.101582645387,1.0801995074548581e-17
4478.62527839559,1.0432071142793357e-17
4479.148974145792,1.1037631948799276e-17
4479.672669895994,1.1556364589473598e-17
4480.196365646197,1.1822563249544133e-17
4480.720061396399,1.131353640117832e-17
4481.243757146602,1.1344728717051411e-17
4481.767452896804,1.1046494055957463e-17
4482.291148647006,1.0557948628896233e-17
4482.814844397209,9.821546536684957e-18
4483.338540147411,9.811816245363635e-18
4483.862235897614,1.0486608316934944e-17
4484.385931647816,1.1127836102891371e-17
4484.9096273980185,1.0640902685932725e-17
4485.433323148221,9.889883634909573e-18
4485.9570188984235,1.015979155629706e-17
4486.4807146486255,1.0354742366419773e-17
4487.0044103988275,1.0201677688249788e-17
4487.5281061490305,9.836410246183666e-18
4488.0518018992325,9.802444594676251e-18
4488.5754976494345,9.938396136378825e-18
4489.099193399637,9.523035563794372e-18
4489.6228891498395,9.478653589456394e-18
4490.1465849000415,9.304884796025476e-18
4490.670280650244,9.636779204658883e-18
4491.193976400446,1.1129314511126014e-17
4491.717672150649,1.1836432828923788e-17
4492.241367900851,1.249863362076083e-17
4492.765063651053,1.3728919569805399e-17
4493.288759401256,1.3268290211213642e-17
4493.812455151458,1.3278411087899088e-17
4494.336150901661,1.373626052917335e-17
4494.859846651863,1.2608839644356919e-17
4495.383542402065,1.3515691202506402e-17
4495.907238152268,1.6117711499429618e-17
4496.43093390247,1.6896116838166073e-17
4496.954629652673,1.5961295697236414e-17
4497.478325402875,1.5491688318498682e-17
4498.002021153078,1.5231351603889778e-17
4498.525716903279,1.4087538911390372e-17
4499.049412653483,1.405463627077324e-17
4499.573108403684,1.396557045428219e-17
4500.096804153887,1.3004207631634211e-17
4500.62049990409,1.3498751130046038e-17
4501.144195654292,1.2455612828737404e-17
4501.667891404494,1.1827734777479184e-17
4502.191587154697,1.1754241199150293e-17
4502.715282904899,1.1996319370694004e-17
4503.238978655101,1.2946429270846085e-17
4503.762674405304,1.2323322957615443e-17
4504.286370155506,1.2182473040347483e-17
4504.810065905709,1.3348633154122537e-17
4505.333761655911,1.3097972951096771e-17
4505.857457406113,1.2311377978926209e-17
4506.381153156316,1.2019306565361115e-17
4506.904848906518,1.2036352309277123e-17
4507.428544656721,1.2459453762345588e-17
4507.952240406923,1.3073068253759205e-17
4508.475936157125,1.2413142589262094e-17
4508.999631907328,1.2573689082614378e-17
4509.52332765753,1.3582251896488335e-17
4510.047023407732,1.4712917555446538e-17
4510.570719157935,1.3495497861597955e-17
4511.094414908138,1.2011557753332126e-17
4511.618110658339,1.1462925360459977e-17
4512.141806408543,1.2719561729007973e-17
4512.665502158744,1.3184283352876388e-17
4513.189197908947,1.324736930300671e-17
4513.712893659149,1.2157906371536818e-17
4514.236589409352,1.3684750125921202e-17
4514.760285159554,1.3089156288197686e-17
4515.283980909757,1.2116263368528258e-17
4515.807676659959,1.0680521222278669e-17
4516.331372410161,9.950447850496835e-18
4516.855068160364,9.772637822312463e-18
4517.378763910566,1.0244811143760682e-17
4517.902459660769,1.0902164022638557e-17
4518.426155410971,1.102341870757974e-17
4518.949851161173,1.102417715534942e-17
4519.473546911376,9.766083225792195e-18
4519.997242661578,9.3439260605883e-18
4520.520938411781,1.0238246499993493e-17
4521.044634161983,1.039689083434549e-17
4521.568329912185,9.496368502382099e-18
4522.092025662388,9.658494297820914e-18
4522.61572141259,9.8392304013231e-18
4523.139417162792,1.0065859806431205e-17
4523.663112912995,1.0217627155986574e-17
4524.186808663197,9.516481721710857e-18
4524.710504413399,1.0105013740818756e-17
4525.234200163602,1.1612660623036087e-17
4525.757895913804,1.2352545454028104e-17
4526.281591664007,1.1935155814127633e-17
4526.805287414209,1.0798931428095621e-17
4527.3289831644115,1.1678569076141106e-17
4527.8526789146135,1.189483424648507e-17
4528.3763746648165,1.115593143295516e-17
4528.9000704150185,1.1837016929251314e-17
4529.4237661652205,1.2835520505357993e-17
4529.947461915423,1.3697210088032297e-17
4530.4711576656255,1.332595624014423e-17
4530.994853415828,1.3365338769686807e-17
4531.51854916603,1.307994506925101e-17
4532.042244916232,1.3353081100573724e-17
4532.565940666435,1.25972969437703e-17
4533.089636416637,1.1336653436412709e-17
4533.61333216684,1.0688476590389958e-17
4534.137027917042,1.0769021150453935e-17
4534.660723667244,1.1605818304208818e-17
4535.184419417447,1.1779434775394215e-17
4535.708115167649,1.1925112493419722e-17
4536.231810917851,1.2126422418143128e-17
4536.755506668054,1.2061034975985754e-17
4537.279202418256,1.0606382580562681e-17
4537.802898168458,9.571447188812628e-18
4538.326593918661,1.0055879854031205e-17
4538.850289668863,1.1503157370028225e-17
4539.373985419066,1.1948702061580574e-17
4539.897681169268,1.1962336621690199e-17
4540.421376919471,1.1291807537006609e-17
4540.945072669673,1.0820285883145144e-17
4541.468768419876,1.0752223460613183e-17
4541.992464170078,1.0510092375739018e-17
4542.51615992028,9.854124103564043e-18
4543.039855670482,9.652747480046289e-18
4543.563551420685,1.0487188815667817e-17
4544.087247170888,1.1185188956067904e-17
4544.61094292109,1.1323911736094111e-17
4545.134638671292,1.1573187080562501e-17
4545.658334421495,1.1857466733689711e-17
4546.182030171697,1.1965147432037296e-17
4546.7057259219,1.1292681160456575e-17
4547.229421672102,1.1284065286792325e-17
4547.753117422304,1.1629407066569373e-17
4548.276813172507,1.2049374465625037e-17
4548.800508922709,1.2477468142062654e-17
4549.324204672911,1.2363144767959634e-17
4549.847900423114,1.3497946522258694e-17
4550.371596173316,1.4162712505911933e-17
4550.895291923518,1.3807977480404264e-17
4551.418987673721,1.2589468466506519e-17
4551.942683423923,1.1725535220634992e-17
4552.466379174126,1.2156469528860443e-17
4552.990074924328,1.2414039187833893e-17
4553.51377067453,1.1714176100550087e-17
4554.037466424733,1.1198167910788273e-17
4554.561162174935,1.1239223296594143e-17
4555.084857925138,1.1530647488643871e-17
4555.60855367534,1.181966560531976e-17
4556.132249425542,1.1764430118866866e-17
4556.655945175745,1.1878923378717091e-17
4557.179640925947,1.2978155980597357e-17
4557.70333667615,1.3863891683211849e-17
4558.227032426352,1.4680430242009132e-17
4558.750728176555,1.3805739939319524e-17
4559.274423926757,1.2536218119096161e-17
4559.79811967696,1.303304625490389e-17
4560.321815427162,1.3430716605035706e-17
4560.845511177364,1.2996663637977667e-17
4561.369206927567,1.407683379073226e-17
4561.892902677769,1.42336109139761e-17
4562.416598427971,1.444330342366612e-17
4562.940294178174,1.440964064698609e-17
4563.463989928376,1.3195664671382512e-17
4563.987685678578,1.252684206471265e-17
4564.511381428781,1.2201028885537627e-17
4565.035077178983,1.1611098226316555e-17
4565.558772929186,1.2811623699788915e-17
4566.082468679388,1.3689481972178411e-17
4566.60616442959,1.4940138727466828e-17
4567.129860179793,1.4463104007036352e-17
4567.653555929995,1.4410978381713968e-17
4568.1772516801975,1.365042383934596e-17
4568.7009474303995,1.3358985162153058e-17
4569.224643180602,1.3708897136213427e-17
4569.7483389308045,1.303522851400125e-17
4570.2720346810065,1.3087046315607459e-17
4570.795730431209,1.3500755388524e-17
4571.3194261814115,1.257351364021341e-17
4571.843121931614,1.2645566463261666e-17
4572.3668176818155,1.2226968788875413e-17
4572.890513432019,1.243482183103272e-17
4573.414209182221,1.3359849589386538e-17
4573.937904932423,1.4120433491304228e-17
4574.461600682626,1.2806074334793997e-17
4574.985296432828,1.3351083987195641e-17
4575.50899218303,1.3128672219773768e-17
4576.032687933233,1.32164712566191e-17
4576.556383683435,1.3959623749619134e-17
4577.080079433637,1.3450463057061519e-17
4577.60377518384,1.4801244525895837e-17
4578.127470934042,1.5226988089328104e-17
4578.651166684245,1.533552642421655e-17
4579.174862434447,1.4813179030285504e-17
4579.698558184649,1.469872844948054e-17
4580.222253934852,1.3989910699694827e-17
4580.745949685054,1.3744280492918398e-17
4581.269645435257,1.4542659866192245e-17
4581.793341185459,1.4044391184746474e-17
4582.317036935661,1.246935443530696e-17
4582.840732685864,1.2405389830417014e-17
4583.364428436066,1.2389878475023523e-17
4583.888124186268,1.2823734997651598e-17
4584.411819936471,1.3299285275341304e-17
4584.935515686673,1.2844294670207098e-17
4585.459211436875,1.2225546586176227e-17
4585.982907187079,1.2390997440345463e-17
4586.50660293728,1.185336575635477e-17
4587.030298687483,1.1723322121941602e-17
4587.553994437686,1.353830131237188e-17
4588.077690187888,1.4458178228677067e-17
4588.60138593809,1.4377853397402604e-17
4589.125081688293,1.3957667451767683e-17
4589.648777438495,1.3424724441208744e-17
4590.172473188697,1.3419801117422693e-17
4590.6961689389,1.342523868626012e-17
4591.219864689102,1.2675400919810895e-17
4591.743560439305,1.3450915477598519e-17
4592.267256189507,1.3377302470955805e-17
4592.790951939709,1.2963205318665961e-17
4593.314647689912,1.2756150342186222e-17
4593.838343440114,1.2187334596590167e-17
4594.362039190317,1.1868971087129275e-17
4594.885734940519,1.2366591343729131e-17
4595.409430690721,1.3482113303490358e-17
4595.933126440924,1.3210749830554795e-17
4596.456822191126,1.3251900347065103e-17
4596.980517941328,1.4305025109735708e-17
4597.504213691531,1.4579401946162964e-17
4598.027909441733,1.4985665698785814e-17
4598.551605191935,1.522216997696378e-17
4599.075300942138,1.5545378682691215e-17
4599.59899669234,1.5064578517967384e-17
4600.122692442543,1.5525022688347742e-17
4600.646388192745,1.6346025303652115e-17
4601.170083942948,1.7399783624813307e-17
4601.69377969315,1.7266284872334364e-17
4602.217475443353,1.6432263348750386e-17
4602.741171193555,1.722459422532532e-17
4603.264866943757,1.8243073667287746e-17
4603.78856269396,1.754669112188865e-17
4604.312258444162,1.5656343449919632e-17
4604.835954194365,1.4145894280360242e-17
4605.359649944567,1.4182094896183177e-17
4605.883345694769,1.524577634227044e-17
4606.407041444972,1.6309312482079408e-17
4606.930737195174,1.6403336789759005e-17
4607.4544329453765,1.585535763150903e-17
4607.978128695579,1.4945447979200116e-17
4608.501824445781,1.5060937613951968e-17
4609.0255201959835,1.566422904132922e-17
4609.5492159461855,1.6615194628838253e-17
4610.072911696388,1.780969200084182e-17
4610.5966074465905,1.8167005707009802e-17
4611.1203031967925,1.6762205012006763e-17
4611.6439989469945,1.6322222218283053e-17
4612.1676946971975,1.6411336688851572e-17
4612.6913904473995,1.712471056931382e-17
4613.215086197602,1.6956904436984714e-17
4613.7387819478045,1.680009073084126e-17
4614.2624776980065,1.7522501381131225e-17
4614.786173448209,1.7511477784239602e-17
4615.309869198412,1.7426307458385427e-17
4615.833564948614,1.8224163151647012e-17
4616.357260698816,1.771736124899686e-17
4616.880956449019,1.7143373329365196e-17
4617.404652199221,1.619468462853359e-17
4617.928347949424,1.5452381525190894e-17
4618.452043699626,1.5445527712074834e-17
4618.975739449828,1.5891543286303514e-17
4619.499435200031,1.6742324289251364e-17
4620.023130950233,1.6484236092848785e-17
4620.546826700436,1.5545693391539934e-17
4621.070522450638,1.5463299465320808e-17
4621.59421820084,1.5059092720125616e-17
4622.117913951043,1.5028683387191715e-17
4622.641609701245,1.518447357722166e-17
4623.165305451447,1.543262988158511e-17
4623.68900120165,1.6065477241889275e-17
4624.212696951852,1.7501703927830522e-17
4624.736392702054,1.7725701554571373e-17
4625.260088452257,1.610723109470404e-17
4625.783784202459,1.465218465546916e-17
4626.307479952662,1.422882789637613e-17
4626.831175702864,1.514010802866615e-17
4627.354871453066,1.5364570549169653e-17
4627.878567203269,1.436540579778951e-17
4628.402262953471,1.3981185219424995e-17
4628.925958703674,1.4182319280091622e-17
4629.449654453876,1.4341134215068566e-17
4629.973350204078,1.5435636954254952e-17
4630.497045954281,1.592590038374579e-17
4631.020741704483,1.5195693907697502e-17
4631.544437454686,1.535775975183052e-17
4632.068133204888,1.593708741828629e-17
4632.591828955091,1.568398298710549e-17
4633.115524705293,1.54006586219234e-17
4633.639220455496,1.6219509362414024e-17
4634.162916205698,1.6038610017041437e-17
4634.6866119559,1.5450847751271114e-17
4635.210307706103,1.5311062935196608e-17
4635.734003456305,1.496098280328182e-17
4636.257699206507,1.4485742913349637e-17
4636.78139495671,1.4352370182267683e-17
4637.305090706912,1.415510786720425e-17
4637.828786457114,1.4224221653123504e-17
4638.352482207317,1.3055190717616247e-17
4638.876177957519,1.252212663987873e-17
4639.399873707722,1.2097043891734832e-17
4639.923569457924,1.139519037087391e-17
4640.447265208126,1.2281457809486709e-17
4640.970960958329,1.3459063019645947e-17
4641.494656708531,1.3789270860617585e-17
4642.018352458734,1.3847448762456737e-17
4642.542048208936,1.3831078871832895e-17
4643.065743959138,1.436995645175582e-17
4643.589439709341,1.394826566838935e-17
4644.113135459543,1.3208710606801736e-17
4644.636831209746,1.3003593473745315e-17
4645.160526959948,1.2999189427743673e-17
4645.684222710151,1.3553458469029046e-17
4646.207918460352,1.389083393204722e-17
4646.731614210556,1.3479298696796466e-17
4647.255309960758,1.2833701483275252e-17
4647.77900571096,1.2427762022553493e-17
4648.3027014611625,1.3008968388192884e-17
4648.826397211365,1.3657828902686092e-17
4649.350092961567,1.3778421720843338e-17
4649.8737887117695,1.451635043637008e-17
4650.3974844619715,1.5820704142685742e-17
4650.921180212174,1.6088642268455055e-17
4651.4448759623765,1.733031783429121e-17
4651.9685717125785,1.7620114476218732e-17
4652.4922674627815,1.7284302590157892e-17
4653.0159632129835,1.7166214869840105e-17
4653.5396589631855,1.7041083827226815e-17
4654.063354713388,1.5571802985919488e-17
4654.5870504635905,1.5050626272534077e-17
4655.110746213793,1.4779887646601586e-17
4655.634441963995,1.3408946919822165e-17
4656.158137714197,1.3574140880613738e-17
4656.6818334644,1.3791792979548004e-17
4657.205529214602,1.3887558713788796e-17
4657.729224964804,1.3372702916606295e-17
4658.252920715007,1.3477782904766163e-17
4658.776616465209,1.3246237084146197e-17
4659.300312215411,1.2638083558468247e-17
4659.824007965615,1.2582406375373536e-17
4660.347703715816,1.1704430001776615e-17
4660.871399466019,1.1573184087106779e-17
4661.395095216222,1.1700773973786656e-17
4661.918790966424,1.2414339178146457e-17
4662.442486716626,1.1829556732836098e-17
4662.966182466829,1.2146849608418641e-17
4663.489878217031,1.2857094359781568e-17
4664.013573967233,1.3513066629768956e-17
4664.537269717436,1.404676341056142e-17
4665.060965467638,1.4454999272128346e-17
4665.584661217841,1.4270104962464924e-17
4666.108356968043,1.3954105910748584e-17
4666.632052718245,1.3996290266516375e-17
4667.155748468448,1.4641301501597466e-17
4667.67944421865,1.3947411482198824e-17
4668.203139968853,1.4502159139877182e-17
4668.726835719055,1.4758233795769444e-17
4669.250531469257,1.4733552034730592e-17
4669.77422721946,1.4857782645716375e-17
4670.297922969662,1.3728914393644621e-17
4670.821618719864,1.352774235954784e-17
4671.345314470067,1.3765534645758958e-17
4671.869010220269,1.2838169007988377e-17
4672.392705970471,1.2149440348429804e-17
4672.916401720674,1.2351156221273442e-17
4673.440097470876,1.258234414989952e-17
4673.963793221079,1.2478415576455478e-17
4674.487488971281,1.3186538507310866e-17
4675.011184721484,1.3673630754473653e-17
4675.534880471686,1.3139487539136372e-17
4676.058576221889,1.402624077135145e-17
4676.582271972091,1.5176981389839393e-17
4677.105967722293,1.4958832291524235e-17
4677.629663472496,1.454404398325869e-17
4678.153359222698,1.463821324636844e-17
4678.677054972901,1.4481059361139317e-17
4679.200750723103,1.4876920317515806e-17
4679.724446473305,1.474637788728424e-17
4680.248142223508,1.4746411270310825e-17
4680.77183797371,1.4171205554099622e-17
4681.295533723913,1.4737040210955584e-17
4681.819229474115,1.4919455408158232e-17
4682.342925224317,1.4413271734462894e-17
4682.86662097452,1.419957074630463e-17
4683.390316724722,1.4735954194557853e-17
4683.914012474924,1.4622869965045433e-17
4684.437708225127,1.4413993030789305e-17
4684.961403975329,1.523903994489477e-17
4685.485099725531,1.6983831899117355e-17
4686.008795475734,1.7378895219861325e-17
4686.532491225936,1.7040232851820473e-17
4687.056186976139,1.7261859831318326e-17
4687.579882726341,1.7861759376436312e-17
4688.103578476543,1.853083234533987e-17
4688.627274226746,1.8095104457741874e-17
4689.1509699769485,1.8276230504156446e-17
4689.674665727151,1.7855877872149793e-17
4690.198361477353,1.642692119983304e-17
4690.7220572275555,1.577298587435781e-17
4691.245752977758,1.526426144724805e-17
4691.7694487279605,1.4317795165525572e-17
4692.2931444781625,1.461728805897524e-17
4692.8168402283645,1.5216439861147838e-17
4693.3405359785675,1.4685289722031433e-17
4693.8642317287695,1.48471241897609e-17
4694.387927478972,1.440056159262423e-17
4694.911623229174,1.3735303101510313e-17
4695.4353189793765,1.315989596544888e-17
4695.959014729579,1.3118984568433579e-17
4696.482710479781,1.2584197948075789e-17
4697.006406229983,1.2993062590470624e-17
4697.530101980186,1.4124119730816395e-17
4698.053797730388,1.40475505401535e-17
4698.57749348059,1.348729323944766e-17
4699.101189230793,1.2625476045038621e-17
4699.624884980995,1.176767092584265e-17
4700.148580731198,1.1990678971603733e-17
4700.6722764814,1.245664236952015e-17
4701.195972231602,1.2631353356880735e-17
4701.719667981805,1.348035188265309e-17
4702.243363732007,1.3646244181989521e-17
4702.76705948221,1.3833487409320624e-17
4703.290755232412,1.4740170302773043e-17
4703.814450982614,1.5117657058164177e-17
4704.338146732817,1.5809915496907214e-17
4704.861842483019,1.631541141139597e-17
4705.385538233222,1.566270888773379e-17
4705.909233983424,1.5995903272203586e-17
4706.432929733627,1.6084885301656755e-17
4706.956625483829,1.511976628504718e-17
4707.480321234032,1.4119614119940504e-17
4708.004016984234,1.4605718210092006e-17
4708.527712734436,1.5751359704890052e-17
4709.051408484639,1.57219738255913e-17
4709.575104234841,1.5848515334825063e-17
4710.098799985043,1.60487715700292e-17
4710.622495735246,1.6064137683604732e-17
4711.146191485448,1.5932012795877945e-17
4711.66988723565,1.5415156339263802e-17
4712.193582985853,1.5202041011102696e-17
4712.717278736055,1.6357799779060452e-17
4713.240974486258,1.7224550865418552e-17
4713.76467023646,1.767689369735667e-17
4714.288365986662,1.7799810156649698e-17
4714.812061736865,1.7850666947186514e-17
4715.335757487067,1.7171095482668372e-17
4715.85945323727,1.62470253536052e-17
4716.383148987472,1.6143724649929328e-17
4716.906844737674,1.6511837314251303e-17
4717.430540487877,1.6935770939896585e-17
4717.954236238079,1.613993696804383e-17
4718.477931988282,1.64694098350322e-17
4719.001627738484,1.7028404773844456e-17
4719.525323488687,1.568846937664541e-17
4720.049019238889,1.4875012275153687e-17
4720.572714989092,1.5218424508909743e-17
4721.096410739294,1.539071105578026e-17
4721.620106489496,1.5687799455908194e-17
4722.143802239699,1.5103595090258693e-17
4722.667497989901,1.530064274496647e-17
4723.191193740103,1.404324005560048e-17
4723.714889490306,1.458054450469726e-17
4724.238585240508,1.3516664111968155e-17
4724.76228099071,1.3412734555082614e-17
4725.285976740913,1.5035691956634093e-17
4725.809672491115,1.6234985444921698e-17
4726.333368241318,1.845056053835091e-17
4726.85706399152,1.8300151002356748e-17
4727.380759741722,1.7990467739048877e-17
4727.904455491925,1.8648769945825293e-17
4728.428151242127,1.7595193231990195e-17
4728.95184699233,1.6856219829068954e-17
4729.475542742532,1.5984516626579495e-17
4729.999238492734,1.7185531817015413e-17
4730.522934242937,1.8488965043344296e-17
4731.046629993139,1.8517431454337658e-17
4731.570325743341,1.887539915910745e-17
4732.094021493544,1.9035282863429325e-17
4732.617717243746,1.8159182480763147e-17
4733.141412993948,1.679209528249941e-17
4733.665108744151,1.724812945385724e-17
4734.188804494353,1.84020200525895e-17
4734.7125002445555,1.98496095578113e-17
4735.236195994758,1.9595582468044928e-17
4735.75989174496,2.041969354931304e-17
4736.2835874951625,2.0586770170516313e-17
4736.807283245365,1.9920422443972796e-17
4737.330978995567,1.886572746370238e-17
4737.854674745769,1.907314570349304e-17
4738.378370495972,2.013730988823874e-17
4738.902066246174,2.1627293859651268e-17
4739.425761996377,2.201742592921492e-17
4739.949457746579,2.093663538948004e-17
4740.473153496781,2.0891726391154684e-17
4740.996849246984,2.130906908808495e-17
4741.520544997186,2.1444640407642788e-17
4742.044240747389,1.9753358429560953e-17
4742.567936497591,1.9943385241457178e-17
4743.091632247793,2.1866941111302824e-17
4743.615327997996,2.1798883660489036e-17
4744.139023748198,2.123330280874967e-17
4744.6627194984,2.1278356773370074e-17
4745.186415248603,2.2295169350526716e-17
4745.710110998805,1.9285013710356888e-17
4746.233806749007,1.8742780758145502e-17
4746.75750249921,1.950180733252354e-17
4747.281198249412,1.8922552921284252e-17
4747.804893999615,1.9404982111814057e-17
4748.328589749817,2.0464895127906995e-17
4748.85228550002,2.0708979674267142e-17
4749.375981250222,2.0228255064468244e-17
4749.899677000425,1.9547533214415118e-17
4750.423372750627,1.8688386002610988e-17
4750.947068500829,1.8393812534430422e-17
4751.470764251032,1.8190732586480245e-17
4751.994460001234,1.736529892917773e-17
4752.518155751437,1.8678038408562186e-17
4753.041851501639,1.921911550266283e-17
4753.565547251841,1.834433751285698e-17
4754.089243002044,1.6489296483460412e-17
4754.612938752246,1.547200353626188e-17
4755.136634502449,1.717148943567241e-17
4755.660330252651,1.778426325345926e-17
4756.184026002853,1.732822294229961e-17
4756.707721753056,1.7131015420919594e-17
4757.231417503258,1.7868229952639832e-17
4757.75511325346,1.8520142258764593e-17
4758.278809003663,1.928146567953811e-17
4758.802504753865,1.9078962800151075e-17
4759.326200504067,1.9250210423438866e-17
4759.84989625427,1.9174080301735236e-17
4760.373592004472,1.898170924505632e-17
4760.897287754675,1.8849587439982314e-17
4761.420983504877,1.8361029799430313e-17
4761.944679255079,2.006451742699901e-17
4762.468375005282,2.2079002735914798e-17
4762.992070755485,2.26033103383916e-17
4763.515766505687,2.1920876458252336e-17
4764.039462255889,2.167410995571518e-17
4764.563158006092,2.0955499770455543e-17
4765.086853756294,2.144623114670772e-17
4765.610549506497,2.1559974092330594e-17
4766.134245256699,2.035348335208907e-17
4766.657941006901,2.2282659422814163e-17
4767.181636757104,2.2701699208639743e-17
4767.705332507306,2.2839342898390738e-17
4768.229028257509,2.2347972405894623e-17
4768.752724007711,2.377165062681761e-17
4769.276419757913,2.2997245292422717e-17
4769.800115508116,2.3007351754339006e-17
4770.323811258318,2.341238868315785e-17
4770.84750700852,2.1552976543023213e-17
4771.371202758723,1.9163834694075953e-17
4771.894898508925,1.8835285239492183e-17
4772.418594259127,2.052909470366958e-17
4772.94229000933,2.2766084129132055e-17
4773.465985759532,2.2763664367131746e-17
4773.9896815097345,2.105097480511e-17
4774.5133772599365,1.890979638960537e-17
4775.037073010139,1.9071976547337267e-17
4775.5607687603415,2.0307024423264698e-17
4776.0844645105435,2.0021030156995473e-17
4776.608160260746,1.964219162913828e-17
4777.1318560109485,1.861742297538764e-17
4777.6555517611505,1.8398375206955302e-17
4778.179247511353,1.9503211804970753e-17
4778.702943261555,1.8628522089555266e-17
4779.226639011758,1.7838839852798478e-17
4779.75033476196,1.8204692395092865e-17
4780.274030512163,1.8973757512392202e-17
4780.797726262365,1.8950266234719866e-17
4781.321422012568,2.0387123874986173e-17
4781.84511776277,2.1667155133618444e-17
4782.368813512972,2.13993465854204e-17
4782.892509263175,2.1143584281368548e-17
4783.416205013377,2.246648219126696e-17
4783.939900763579,2.2589843001364448e-17
4784.463596513782,2.2364794627974313e-17
4784.987292263984,2.15963587938296e-17
4785.510988014186,2.1218515390350253e-17
4786.034683764389,2.058975802517961e-17
4786.558379514591,2.1104967275295346e-17
4787.082075264794,2.144818839385999e-17
4787.605771014996,2.084354578156935e-17
4788.129466765198,2.0703830930443556e-17
4788.653162515401,2.073425112039881e-17
4789.176858265603,2.045324609867638e-17
4789.700554015806,2.126453753249885e-17
4790.224249766008,2.089485255913426e-17
4790.74794551621,1.984514124693766e-17
4791.271641266413,2.089845865363596e-17
4791.795337016615,2.0325183547348897e-17
4792.319032766818,1.9611112565463314e-17
4792.84272851702,1.9693873952363882e-17
4793.366424267223,2.1021693548996714e-17
4793.890120017425,2.1902824026127505e-17
4794.413815767628,2.2215755821807758e-17
4794.93751151783,2.1802647585004202e-17
4795.461207268032,2.144658356667125e-17
4795.984903018235,2.1010413650369078e-17
4796.508598768437,2.051951628801949e-17
4797.032294518639,1.914810090251459e-17
4797.555990268842,1.998355254052119e-17
4798.079686019044,2.126199544384189e-17
4798.603381769246,1.9715060844888058e-17
4799.127077519449,1.9448115344687704e-17
4799.650773269651,2.019648659739056e-17
4800.174469019854,2.0812772964600788e-17
4800.698164770056,2.1359116726611932e-17
4801.221860520258,2.1300357819028147e-17
4801.745556270461,2.1040603776465308e-17
4802.269252020663,2.1264921420769186e-17
4802.792947770866,2.118833781566726e-17
4803.316643521068,2.0533234362782074e-17
4803.84033927127,1.99694498300412e-17
4804.364035021473,2.040429592573229e-17
4804.887730771675,2.1619499593417186e-17
4805.411426521877,2.1019180296171544e-17
4805.93512227208,2.1208170502292692e-17
4806.458818022282,2.229170704495988e-17
4806.982513772484,2.360620418512146e-17
4807.506209522688,2.2685419260681486e-17
4808.029905272889,2.0861590753563908e-17
4808.553601023092,2.038144470249065e-17
4809.077296773295,2.0805672236585112e-17
4809.600992523497,2.177452849311343e-17
4810.124688273699,2.29792147068419e-17
4810.648384023902,2.1836330045642354e-17
4811.172079774104,2.0984677737661854e-17
4811.695775524306,2.0794570695318415e-17
4812.219471274509,2.1308005360444325e-17
4812.743167024711,2.1846547124000838e-17
4813.2668627749135,2.1153507733721092e-17
4813.790558525116,2.137990755644878e-17
4814.314254275318,2.2071196192364387e-17
4814.8379500255205,2.1516563323207443e-17
4815.3616457757225,1.947054116804608e-17
4815.8853415259255,1.8081828856947712e-17
4816.4090372761275,1.793495495223912e-17
4816.9327330263295,1.7275474515596243e-17
4817.456428776532,1.8531558353518545e-17
4817.9801245267345,2.142308102657249e-17
4818.5038202769365,2.2243089600951374e-17
4819.027516027139,2.1075042998202283e-17
4819.551211777341,1.9381221796665328e-17
4820.0749075275435,1.8261343986621853e-17
4820.598603277746,1.8350484194273077e-17
4821.122299027948,2.0087254181204043e-17
4821.645994778151,2.072243743130375e-17
4822.169690528353,2.122404119658365e-17
4822.693386278556,2.1536273717451766e-17
4823.217082028758,2.1672665667093307e-17
4823.740777778961,2.1103147260065725e-17
4824.264473529163,1.976642053965922e-17
4824.788169279365,2.0014756650677477e-17
4825.311865029568,2.042005484421494e-17
4825.83556077977,2.107854945330862e-17
4826.359256529973,2.1881375812779494e-17
4826.882952280175,2.2210279381210773e-17
4827.406648030377,2.1554202056800716e-17
4827.93034378058,2.0327288139850304e-17
4828.454039530782,1.8880974616529702e-17
4828.977735280985,2.0074985632678206e-17
4829.501431031187,2.1676165660146057e-17
4830.025126781389,2.1704554666829283e-17
4830.548822531592,2.094397151977892e-17
4831.072518281794,2.0085044050115437e-17
4831.596214031996,1.9549262801050475e-17
4832.119909782199,2.0296933493626827e-17
4832.643605532401,2.159429708497552e-17
4833.167301282603,2.1612053321632768e-17
4833.690997032806,2.2024434187203176e-17
4834.214692783008,2.277549933250495e-17
4834.738388533211,2.2515508694170815e-17
4835.262084283413,2.2062836797215818e-17
4835.785780033615,2.1463047644528335e-17
4836.309475783818,2.042069174333338e-17
4836.833171534021,2.012316593323261e-17
4837.356867284223,2.1418662131285873e-17
4837.880563034425,2.1952324155512382e-17
4838.404258784628,2.2484613536820268e-17
4838.92795453483,2.0688064901963954e-17
4839.451650285033,1.9290213701704524e-17
4839.975346035235,2.0025223504976724e-17
4840.499041785437,1.987846652899722e-17
4841.02273753564,1.9460077051313e-17
4841.546433285842,1.8810310863562382e-17
4842.070129036045,1.9112275679230213e-17
4842.593824786247,1.9697840583275414e-17
4843.117520536449,1.869726409585935e-17
4843.641216286652,1.83290665791486e-17
4844.164912036854,2.0473272522970433e-17
4844.688607787056,2.1333384965165995e-17
4845.212303537259,2.1395808269412704e-17
4845.735999287461,2.2381266936065405e-17
4846.259695037663,2.1356970686127846e-17
4846.783390787866,1.906486600446219e-17
4847.307086538068,1.6722775969991837e-17
4847.830782288271,1.5251863573211228e-17
4848.354478038473,1.4719030991701848e-17
4848.878173788675,1.4898356706468054e-17
4849.401869538878,1.623400737064516e-17
4849.92556528908,1.8314034469674778e-17
4850.449261039283,1.9755492595858853e-17
4850.972956789485,2.0356565427633255e-17
4851.496652539687,1.8413410363287373e-17
4852.02034828989,1.9525842969858583e-17
4852.544044040092,2.5836456638897063e-17
4853.067739790295,5.542081789071193e-17
4853.591435540497,7.365723431222605e-17
4854.1151312906995,4.141658959400739e-17
4854.638827040902,2.275056358028063e-17
4855.1625227911045,2.850730865942153e-17
4855.6862185413065,2.940165100475106e-17
4856.2099142915085,2.6946645982918515e-17
4856.7336100417115,2.2696866804092037e-17
4857.2573057919135,2.099034981910288e-17
4857.7810015421155,1.9719580594004017e-17
4858.304697292318,1.8347052874893255e-17
4858.8283930425205,1.7936380932156188e-17
4859.3520887927225,1.7737252163996356e-17
4859.875784542925,1.7856686259548275e-17
4860.399480293127,1.9010704393957125e-17
4860.92317604333,1.9856531630205352e-17
4861.446871793532,1.9359538980641856e-17
4861.970567543734,2.03978153011491e-17
4862.494263293937,2.0180893408733332e-17
4863.017959044139,1.8093138214088374e-17
4863.541654794342,1.656709589932853e-17
4864.065350544544,1.736296687131064e-17
4864.589046294746,1.9326464141083892e-17
4865.112742044949,1.9310305605014e-17
4865.636437795151,1.8213602126498594e-17
4866.160133545354,1.8991743585357144e-17
4866.683829295556,2.0467501256414835e-17
4867.207525045759,2.1559596640525115e-17
4867.731220795961,2.2707428539655944e-17
4868.254916546164,2.1502870778149307e-17
4868.778612296366,1.9122646125434868e-17
4869.302308046568,1.8365604833583487e-17
4869.826003796771,1.9168210616762653e-17
4870.349699546973,1.9946707923893884e-17
4870.873395297175,2.1166176104992635e-17
4871.397091047378,2.1595988009687882e-17
4871.92078679758,2.264334159171851e-17
4872.444482547782,2.2342958338174554e-17
4872.968178297985,2.0523556365884224e-17
4873.491874048187,1.8327973670540045e-17
4874.01556979839,1.6669291487680604e-17
4874.539265548592,1.6785290660758422e-17
4875.062961298794,1.833308567747536e-17
4875.586657048997,2.0119184017854805e-17
4876.110352799199,1.9844293678534043e-17
4876.634048549402,1.8413840683165588e-17
4877.157744299604,1.9303327076891288e-17
4877.681440049806,1.9601524428117315e-17
4878.205135800009,1.800892471502735e-17
4878.728831550211,1.6602683141472958e-17
4879.252527300413,1.6526245159984402e-17
4879.776223050616,1.9142142864839936e-17
4880.299918800818,2.0888893281089422e-17
4880.82361455102,2.107471975626044e-17
4881.347310301224,1.971808779363855e-17
4881.871006051426,1.8255130981462357e-17
4882.394701801628,1.9695134435039007e-17
4882.918397551831,2.1229041840981574e-17
4883.442093302033,2.2053981950208985e-17
4883.965789052235,2.214161434624944e-17
4884.489484802438,2.3608656049735295e-17
4885.01318055264,2.6025306215291567e-17
4885.536876302842,2.7224521973653007e-17
4886.060572053045,2.6343550247165494e-17
4886.584267803247,2.784699117069398e-17
4887.10796355345,2.7293663710101667e-17
4887.631659303652,2.602785732221074e-17
4888.155355053854,2.5095528851371324e-17
4888.679050804057,2.5987310934853413e-17
4889.202746554259,2.5523042017350774e-17
4889.726442304462,2.5320965995959218e-17
4890.250138054664,2.4838867337326544e-17
4890.773833804866,2.306192606249414e-17
4891.297529555069,2.2135209583773176e-17
4891.821225305271,2.1432986529407746e-17
4892.344921055473,2.0234590602783982e-17
4892.868616805676,1.9718395357318996e-17
4893.392312555878,2.0761669262459062e-17
4893.91600830608,2.226234805333569e-17
4894.439704056283,2.3213487909408758e-17
4894.963399806485,2.3068909432669973e-17
4895.487095556688,2.2948180630966435e-17
4896.01079130689,2.398006442370909e-17
4896.5344870570925,2.4576302838373584e-17
4897.0581828072945,2.4548343608365875e-17
4897.5818785574975,2.381701032954546e-17
4898.1055743076995,2.2707843761482986e-17
4898.6292700579015,2.3773025824816862e-17
4899.152965808104,2.3771502165581447e-17
4899.6766615583065,2.2935635340982766e-17
4900.200357308509,2.251001694664332e-17
4900.724053058711,2.1056773317601504e-17
4901.2477488089135,2.0348159724186724e-17
4901.771444559116,1.790939343569983e-17
4902.295140309318,1.706694220761317e-17
4902.818836059521,1.8357839255443562e-17
4903.342531809723,1.9910271717205712e-17
4903.866227559925,2.1695905799954115e-17
4904.389923310128,2.0792502094820227e-17
4904.91361906033,2.1906323472701125e-17
4905.437314810532,2.2238402424378582e-17
4905.961010560735,1.983985043119469e-17
4906.484706310937,1.8195857154280555e-17
4907.008402061139,1.9828279030915382e-17
4907.532097811342,2.0639659324127184e-17
4908.055793561544,2.0529230039477343e-17
4908.579489311747,2.0551849501856983e-17
4909.103185061949,1.952443478062251e-17
4909.626880812151,1.881753707220846e-17
4910.150576562354,1.7578291952307447e-17
4910.674272312557,1.8150490278587502e-17
4911.197968062759,1.6421689954594345e-17
4911.721663812961,1.571676181104215e-17
4912.245359563164,1.5294210725188162e-17
4912.769055313366,1.6135679516286088e-17
4913.292751063569,1.4725060574914256e-17
4913.816446813771,1.616324031554761e-17
4914.340142563973,1.7480528497175706e-17
4914.863838314176,1.9137273836620905e-17
4915.387534064378,1.9989648511745673e-17
4915.911229814581,1.909813937275562e-17
4916.434925564783,2.0605083190779125e-17
4916.958621314985,2.2192309923662778e-17
4917.482317065188,2.260769758264805e-17
4918.00601281539,2.2664541709737187e-17
4918.529708565592,2.4005150303999745e-17
4919.053404315795,2.3930193231974383e-17
4919.577100065997,2.574581691497468e-17
4920.100795816199,2.3914572867573772e-17
4920.624491566402,2.2497532522843396e-17
4921.148187316604,2.1477494992310533e-17
4921.671883066807,2.0514704729576993e-17
4922.195578817009,2.0457595324192107e-17
4922.719274567211,2.1383095796182236e-17
4923.242970317414,2.1623514922710576e-17
4923.766666067616,2.1982391871598397e-17
4924.290361817819,2.2812984997190832e-17
4924.814057568021,2.0634727765831397e-17
4925.337753318223,1.8708969393407777e-17
4925.861449068426,1.7116726329202287e-17
4926.385144818629,1.6086340846726397e-17
4926.908840568831,1.449210046613968e-17
4927.432536319033,1.5676876832669022e-17
4927.956232069236,1.9234128035913796e-17
4928.479927819438,2.1190032513427882e-17
4929.003623569641,2.0133293607078987e-17
4929.527319319843,1.882669509914075e-17
4930.051015070045,1.866238993618373e-17
4930.574710820248,1.8330745865019092e-17
4931.09840657045,1.9032000515371774e-17
4931.622102320652,1.960897475715435e-17
4932.145798070855,2.0007555042202592e-17
4932.669493821057,2.1801541587208453e-17
4933.193189571259,2.209685992354228e-17
4933.716885321462,2.2078730470246167e-17
4934.240581071664,2.156687579303497e-17
4934.764276821867,2.1804935054621712e-17
4935.287972572069,2.2392228242663986e-17
4935.811668322271,2.1899782443039825e-17
4936.335364072474,2.2662000769898404e-17
4936.859059822676,2.282055344681078e-17
4937.3827555728785,2.32901547989879e-17
4937.906451323081,2.147397309009801e-17
4938.430147073283,2.2807859879182872e-17
4938.9538428234855,2.2286903367895607e-17
4939.4775385736875,2.2302572977824186e-17
4940.0012343238905,2.3032017899393292e-17
4940.5249300740925,2.2769797910601732e-17
4941.048625824295,2.417974843433484e-17
4941.572321574497,2.4413804627855232e-17
4942.0960173247,2.4127894502252003e-17
4942.619713074902,2.42852257620328e-17
4943.143408825104,2.4359531670787646e-17
4943.667104575307,2.402582803100186e-17
4944.190800325509,2.4114357119022128e-17
4944.714496075711,2.1016448042534742e-17
4945.238191825914,2.0187503839761436e-17
4945.761887576116,2.1190120479374054e-17
4946.285583326318,2.1522911514632835e-17
4946.809279076521,2.139416876727996e-17
4947.332974826723,2.2596455440737408e-17
4947.856670576926,2.35734474557507e-17
4948.380366327128,2.155251287783183e-17
4948.90406207733,1.991722300155044e-17
4949.427757827533,1.8404416652728278e-17
4949.951453577735,1.9152502494395578e-17
4950.475149327938,1.9990276556833435e-17
4950.99884507814,2.1746961781877538e-17
4951.522540828342,2.3035566242385638e-17
4952.046236578545,2.2788338030448297e-17
4952.569932328747,2.1604045869484324e-17
4953.093628078949,2.035916188409957e-17
4953.617323829152,2.068077045125269e-17
4954.141019579354,2.0237814267439024e-17
4954.664715329556,2.05180192813257e-17
4955.18841107976,2.081832723318573e-17
4955.712106829962,2.2317445639021804e-17
4956.235802580164,2.1981494609251214e-17
4956.759498330367,2.2370181187642307e-17
4957.283194080569,2.1286459547222837e-17
4957.806889830771,1.956785644743461e-17
4958.330585580974,2.028067995157702e-17
4958.854281331176,2.0109892480518562e-17
4959.377977081378,2.1083905038820484e-17
4959.901672831581,2.0897207891184474e-17
4960.425368581783,2.0125966626182734e-17
4960.949064331986,2.0924421284050157e-17
4961.472760082188,2.244181402565191e-17
4961.99645583239,2.2715612894663266e-17
4962.520151582593,2.191650150549605e-17
4963.043847332795,2.0830275600002887e-17
4963.567543082998,2.0853591254784996e-17
4964.0912388332,2.2372602480223587e-17
4964.614934583402,2.420324398535867e-17
4965.138630333605,2.427645513050664e-17
4965.662326083807,2.4296589047337865e-17
4966.186021834009,2.315038959289191e-17
4966.709717584212,2.4100722772841545e-17
4967.233413334414,2.3734440233336737e-17
4967.757109084616,2.396641579391917e-17
4968.280804834819,2.4599048567859918e-17
4968.804500585021,2.2852619094836765e-17
4969.328196335224,2.0226358186156836e-17
4969.851892085426,2.0415632687832232e-17
4970.375587835629,1.962943594000407e-17
4970.899283585831,1.873139054758948e-17
4971.422979336034,1.7825053932540893e-17
4971.946675086236,1.951572014158463e-17
4972.470370836438,2.0046306931349742e-17
4972.994066586641,1.771281816211943e-17
4973.517762336843,1.6774010504181e-17
4974.041458087046,1.59523620320848e-17
4974.565153837248,1.5003134062147558e-17
4975.08884958745,1.5628197114172148e-17
4975.612545337653,1.5918840266206444e-17
4976.136241087855,1.722460432956362e-17
4976.659936838058,1.8255299714813294e-17
4977.18363258826,1.7640921328256224e-17
4977.707328338462,1.8343664455636933e-17
4978.2310240886645,1.7354334037137315e-17
4978.754719838867,1.6997442267992286e-17
4979.278415589069,1.784402934842719e-17
4979.8021113392715,1.8441683764500252e-17
4980.3258070894735,2.0436586632683134e-17
4980.849502839676,1.9231919075341922e-17
4981.3731985898785,1.7785965451348703e-17
4981.8968943400805,1.6535212265938177e-17
4982.420590090283,1.739039119293409e-17
4982.9442858404855,1.9236903369559572e-17
4983.4679815906875,2.0871132521687355e-17
4983.99167734089,2.0156130727181474e-17
4984.515373091093,2.0155349184663323e-17
4985.039068841295,2.2661269499512758e-17
4985.562764591497,2.173684964713685e-17
4986.0864603417,1.9593185878232585e-17
4986.610156091902,1.7859519365908383e-17
4987.133851842105,1.6740184758891052e-17
4987.657547592307,1.8091775920860276e-17
4988.181243342509,1.8953657017384983e-17
4988.704939092712,1.90421824229711e-17
4989.228634842914,1.9181901605645186e-17
4989.752330593117,1.8512910963708872e-17
4990.276026343319,1.757250016792131e-17
4990.799722093521,1.8392195858496622e-17
4991.323417843724,1.7804007163614368e-17
4991.847113593926,1.813025524073272e-17
4992.370809344128,1.858992862186775e-17
4992.894505094331,1.7634914824883318e-17
4993.418200844533,1.645630657705367e-17
4993.941896594735,1.6660620417435644e-17
4994.465592344938,1.7507451954496172e-17
4994.98928809514,1.6483380976380242e-17
4995.512983845343,1.9442590312147346e-17
4996.036679595545,2.0696782829565757e-17
4996.560375345747,2.0283853457918505e-17
4997.08407109595,1.7439257098371858e-17
4997.607766846152,1.667540635876725e-17
4998.131462596355,1.8559889910898778e-17
4998.655158346557,1.9322775664016825e-17
4999.178854096759,1.66933433831622e-17
4999.702549846962,1.8038692638986008e-17
5000.226245597165,1.9847736562271328e-17
5000.749941347367,1.938676587470975e-17
5001.273637097569,1.907303909747121e-17
5001.797332847772,1.7108284149098244e-17
5002.321028597974,1.6916551416006152e-17
5002.844724348177,1.700772358007302e-17
5003.368420098379,1.6197368458466385e-17
5003.892115848581,1.644207059178347e-17
5004.415811598784,1.5808108516909848e-17
5004.939507348986,1.4281638832842948e-17
5005.463203099188,1.4725469882894064e-17
5005.986898849391,1.5802724610172195e-17
5006.510594599593,1.7116659124381394e-17
5007.034290349795,1.7191335430568037e-17
5007.557986099998,1.7235017452471363e-17
5008.0816818502,1.847496901145647e-17
5008.605377600403,1.871030494467285e-17
5009.129073350605,1.7827590564172594e-17
5009.652769100807,1.7018862822627053e-17
5010.17646485101,1.792047224770516e-17
5010.700160601212,1.872401463472492e-17
5011.223856351415,1.9195605715957313e-17
5011.747552101617,1.9371434601024675e-17
5012.271247851819,1.9560275553304876e-17
5012.794943602022,1.9012198393659947e-17
5013.318639352224,1.8808192392713693e-17
5013.842335102427,2.026215368897917e-17
5014.366030852629,1.952294014309224e-17
5014.889726602832,1.8747213509863088e-17
5015.413422353034,1.9336026837906938e-17
5015.937118103237,2.093711384433121e-17
5016.460813853439,2.2088319940867725e-17
5016.984509603641,2.1758855398724593e-17
5017.508205353844,2.048701175459644e-17
5018.031901104046,2.1103801662924942e-17
5018.555596854248,2.234501275050705e-17
5019.0792926044505,2.2233744546286216e-17
5019.602988354653,2.1951137700977187e-17
5020.126684104855,2.2219645243109117e-17
5020.6503798550575,2.1650661845221557e-17
5021.1740756052595,2.2165130482251216e-17
5021.6977713554625,2.3170953198939988e-17
5022.2214671056645,2.2892331580675272e-17
5022.7451628558665,2.1772341234724794e-17
5023.268858606069,2.0675967668747436e-17
5023.7925543562715,2.0133297448549374e-17
5024.316250106474,2.1370045768775423e-17
5024.839945856676,2.134895643327737e-17
5025.363641606878,2.1347690516790943e-17
5025.887337357081,2.030740145940826e-17
5026.411033107283,2.0308764340394402e-17
5026.934728857485,1.8883180348902953e-17
5027.458424607688,1.7025243853753093e-17
5027.98212035789,1.5595916188153165e-17
5028.505816108092,1.4624424355687375e-17
5029.029511858296,1.4393001341615144e-17
5029.553207608498,1.5893194867053893e-17
5030.0769033587,1.7421330820306194e-17
5030.600599108903,1.6483868415911637e-17
5031.124294859105,1.6130026491741936e-17
5031.647990609307,1.5916207768196102e-17
5032.17168635951,1.604341999805477e-17
5032.695382109712,1.614960398894492e-17
5033.219077859914,1.7844188375302368e-17
5033.742773610117,1.9324976000359383e-17
5034.266469360319,1.922273865361376e-17
5034.790165110522,1.9597202549048356e-17
5035.313860860724,2.2011021357653324e-17
5035.837556610926,2.3313080694064057e-17
5036.361252361129,2.3429121873066743e-17
5036.884948111331,2.3929550682925735e-17
5037.408643861534,2.412102905218917e-17
5037.932339611736,2.5113438703557934e-17
5038.456035361938,2.3448585149360847e-17
5038.979731112141,2.2502677963657074e-17
5039.503426862343,2.0926131927786802e-17
5040.027122612545,1.974764796955675e-17
5040.550818362748,1.9285545947540753e-17
5041.07451411295,1.974411108989348e-17
5041.598209863152,1.9673617998173963e-17
5042.121905613355,2.088873857676882e-17
5042.645601363557,2.1584479548039174e-17
5043.16929711376,2.0201425613673935e-17
5043.692992863963,2.118638312173135e-17
5044.216688614165,2.2064357347620552e-17
5044.740384364367,2.449538205606943e-17
5045.26408011457,2.5726029213893838e-17
5045.787775864772,2.575800673863042e-17
5046.311471614974,2.5874033231460868e-17
5046.835167365177,2.547576893225674e-17
5047.358863115379,2.4992937814839735e-17
5047.882558865582,2.6017801044045988e-17
5048.406254615784,2.561146216755077e-17
5048.929950365986,2.4501264610213252e-17
5049.453646116189,2.3701644029153184e-17
5049.977341866391,2.346642232052579e-17
5050.501037616594,2.300281237372418e-17
5051.024733366796,2.3751867835080654e-17
5051.548429116998,2.307637206703977e-17
5052.072124867201,2.1042412050264967e-17
5052.595820617403,2.175140076142271e-17
5053.119516367605,2.2357393627330982e-17
5053.643212117808,2.3424905563080432e-17
5054.16690786801,2.2780726096048765e-17
5054.690603618212,2.183555985574895e-17
5055.214299368415,2.180551477723589e-17
5055.737995118617,2.080148752790883e-17
5056.26169086882,1.9731553308878087e-17
5056.785386619022,1.921692081961384e-17
5057.309082369224,1.887564765684207e-17
5057.832778119427,1.9260191625774117e-17
5058.35647386963,2.22879328039627e-17
5058.880169619832,2.1663774789698032e-17
5059.403865370034,2.07613363485806e-17
5059.9275611202365,2.077276098737376e-17
5060.451256870439,2.074367007344429e-17
5060.9749526206415,2.1891508187748942e-17
5061.4986483708435,2.3119855888880985e-17
5062.0223441210455,2.3360273514449864e-17
5062.5460398712485,2.244790536406812e-17
5063.0697356214505,2.3926659750129225e-17
5063.593431371653,2.342356761846769e-17
5064.117127121855,2.1082482019955443e-17
5064.6408228720575,1.98492456379957e-17
5065.16451862226,2.1562197945131376e-17
5065.688214372462,2.198612778744577e-17
5066.211910122664,2.075807975619487e-17
5066.735605872867,1.841451475130154e-17
5067.259301623069,1.824956433580882e-17
5067.782997373271,1.836667073022391e-17
5068.306693123474,1.8162848304861896e-17
5068.830388873676,1.7440072641875505e-17
5069.354084623879,1.8167821566563412e-17
5069.877780374081,1.8596774198795952e-17
5070.401476124283,1.7849263916195508e-17
5070.925171874486,1.7272885489219526e-17
5071.448867624688,1.578995327016459e-17
5071.972563374891,1.57290978011493e-17
5072.496259125093,1.6405398438173753e-17
5073.019954875295,1.801127678447319e-17
5073.543650625498,1.8991642599724956e-17
5074.067346375701,1.9374713286764587e-17
5074.591042125903,1.895958842838499e-17
5075.114737876105,1.9883226165161702e-17
5075.638433626308,2.0596712826993857e-17
5076.16212937651,2.0440826322017508e-17
5076.685825126713,2.0610371873960024e-17
5077.209520876915,2.3188015132349823e-17
5077.733216627117,2.3573261151822724e-17
5078.25691237732,2.217099962042769e-17
5078.780608127522,2.0732783488779602e-17
5079.304303877724,2.0445102038641083e-17
5079.827999627927,2.0178646691065046e-17
5080.351695378129,2.1178575305532026e-17
5080.875391128331,2.1367716962384246e-17
5081.399086878534,2.207625664308726e-17
5081.922782628736,2.187093166429921e-17
5082.446478378939,2.0870436156908496e-17
5082.970174129141,2.1862949154754378e-17
5083.493869879343,2.2869738971810868e-17
5084.017565629546,2.2832682796876894e-17
5084.541261379748,2.1718607356259907e-17
5085.064957129951,2.3426127808802104e-17
5085.588652880153,2.336003802054889e-17
5086.112348630355,2.3487703016612636e-17
5086.636044380558,2.3415490993148123e-17
5087.15974013076,2.4121413055507634e-17
5087.683435880963,2.4701715529687932e-17
5088.207131631165,2.191102909270339e-17
5088.730827381368,2.1827199042897365e-17
5089.25452313157,2.2897425957096702e-17
5089.778218881773,2.0692992022202302e-17
5090.301914631975,1.962699567909588e-17
5090.825610382177,1.9356862399576912e-17
5091.34930613238,2.0037977453504688e-17
5091.873001882582,1.9379867655093825e-17
5092.396697632784,2.0637656846815887e-17
5092.920393382987,2.2195609431529946e-17
5093.444089133189,2.2716090382657284e-17
5093.967784883391,2.1080076677485555e-17
5094.491480633594,2.0125877575635592e-17
5095.015176383796,1.9281665622981334e-17
5095.538872133999,1.9051672449276774e-17
5096.062567884201,1.933596582078032e-17
5096.586263634403,1.8885209766818698e-17
5097.109959384606,1.7353228966929368e-17
5097.633655134808,1.6428304251050258e-17
5098.157350885011,1.6706324492952366e-17
5098.681046635213,1.7036967858178025e-17
5099.204742385415,1.740780894909848e-17
5099.728438135618,1.701505893430215e-17
5100.25213388582,1.6636912079765228e-17
5100.775829636022,1.7944447432859055e-17
5101.299525386225,1.8716381372822374e-17
5101.823221136427,1.8948758551811877e-17
5102.346916886629,1.9168653894726872e-17
5102.870612636832,1.9275391352996188e-17
5103.3943083870345,1.9837076057569876e-17
5103.9180041372365,2.057524083957564e-17
5104.441699887439,2.211981662556392e-17
5104.965395637641,2.261735124816415e-17
5105.4890913878435,2.1737693115642528e-17
5106.012787138046,2.2567190811345604e-17
5106.536482888248,2.1681600720751293e-17
5107.06017863845,2.2326773412326905e-17
5107.583874388653,2.193194133020118e-17
5108.107570138855,2.2769467406346953e-17
5108.631265889058,2.337457134631431e-17
5109.15496163926,2.300931963446862e-17
5109.678657389462,2.3182531735769805e-17
5110.202353139665,2.2356632754297143e-17
5110.726048889867,2.0914754758955194e-17
5111.24974464007,2.0505955474302376e-17
5111.773440390272,2.0345608464606083e-17
5112.297136140474,1.9792120337901596e-17
5112.820831890677,1.9321480934471357e-17
5113.344527640879,1.943025204520531e-17
5113.868223391081,1.902729308026155e-17
5114.391919141284,1.694441260297728e-17
5114.915614891486,1.5319591652720254e-17
5115.439310641688,1.5378971684108572e-17
5115.963006391891,1.4905708429054767e-17
5116.486702142093,1.4712380690362512e-17
5117.010397892296,1.657466233230948e-17
5117.534093642499,1.8787771099724324e-17
5118.057789392701,1.9455185850470345e-17
5118.581485142903,1.8858011251866858e-17
5119.105180893106,1.8373139254906588e-17
5119.628876643308,1.842616260425151e-17
5120.15257239351,1.8150632969130203e-17
5120.676268143712,1.8432873591270325e-17
5121.199963893915,1.7818279732526514e-17
5121.723659644117,1.86292708662804e-17
5122.24735539432,1.9824392940583856e-17
5122.771051144522,2.024979126900272e-17
5123.294746894725,1.9730980133278627e-17
5123.818442644926,1.9505853007940954e-17
5124.34213839513,1.922834361771353e-17
5124.865834145332,2.0313191743807374e-17
5125.389529895534,2.1522806303157044e-17
5125.913225645737,2.2347023165646155e-17
5126.436921395939,2.1483633420029235e-17
5126.960617146142,2.2228528129512765e-17
5127.484312896344,2.3263674403648167e-17
5128.008008646547,2.380243642382901e-17
5128.531704396748,2.1225412072559492e-17
5129.055400146952,2.0422535101769208e-17
5129.579095897153,2.027599913865501e-17
5130.102791647356,1.940565959886345e-17
5130.626487397558,1.9864337744355113e-17
5131.150183147761,1.953246952223588e-17
5131.673878897963,1.941841138111061e-17
5132.197574648166,1.862878951063344e-17
5132.721270398368,1.9594102499736295e-17
5133.24496614857,1.992186772675458e-17
5133.768661898772,1.841719342136283e-17
5134.292357648975,1.6840954081202373e-17
5134.816053399177,1.6563819068277298e-17
5135.33974914938,1.6111625691700918e-17
5135.863444899582,1.733842984491753e-17
5136.387140649785,1.913905470755268e-17
5136.910836399986,1.9006076315802334e-17
5137.43453215019,1.8224311337839098e-17
5137.958227900391,1.821972180940529e-17
5138.481923650594,1.857134524072864e-17
5139.005619400796,1.8066019958711746e-17
5139.529315150999,1.764807120475794e-17
5140.053010901202,1.801406081585888e-17
5140.576706651404,1.83445985057127e-17
5141.1004024016065,1.9105988407491403e-17
5141.624098151808,2.017535249760981e-17
5142.1477939020115,1.909709198270095e-17
5142.671489652213,1.8337403351130154e-17
5143.1951854024155,1.76110577609888e-17
5143.7188811526175,1.7603351250386575e-17
5144.2425769028205,1.8080696855275242e-17
5144.7662726530225,1.7491168869558395e-17
5145.289968403225,1.8236282097317642e-17
5145.813664153427,1.8697300005189213e-17
5146.3373599036295,1.9721194562453622e-17
5146.8610556538315,2.0239605643281445e-17
5147.384751404034,2.2038484571423476e-17
5147.9084471542365,2.1791228587333923e-17
5148.432142904439,2.163168619492565e-17
5148.955838654641,2.2426678758708613e-17
5149.479534404844,2.309255258547085e-17
5150.0032301550455,2.317057492865454e-17
5150.526925905249,2.2885902045313272e-17
5151.05062165545,2.229630234855871e-17
5151.574317405653,2.0664243421893095e-17
5152.098013155855,2.069458774202516e-17
5152.621708906058,2.1490082337031635e-17
5153.14540465626,2.0355228228051407e-17
5153.669100406463,1.9966896749559134e-17
5154.192796156666,1.849553463565291e-17
5154.716491906867,1.8244136974441254e-17
5155.240187657071,1.842806436048236e-17
5155.763883407272,1.7306665918827746e-17
5156.287579157475,1.722663977188718e-17
5156.811274907677,1.8617314702049822e-17
5157.33497065788,1.9572636186282814e-17
5157.858666408082,1.8304289968583936e-17
5158.382362158285,1.5898697276699276e-17
5158.906057908487,1.2911625754510353e-17
5159.429753658689,1.4395511342679272e-17
5159.953449408891,1.3813366769830188e-17
5160.477145159094,1.5104428009071968e-17
5161.000840909296,1.728556338274782e-17
5161.524536659499,1.876830497786813e-17
5162.048232409701,2.0827720659725735e-17
5162.571928159904,2.1704933502043005e-17
5163.095623910105,2.0151112260885217e-17
5163.619319660309,1.971565190632424e-17
5164.14301541051,2.109842596968084e-17
5164.666711160713,2.2937031743644137e-17
5165.190406910915,2.3731032975118845e-17
5165.714102661118,2.55053344012953e-17
5166.23779841132,2.7004806102470788e-17
5166.761494161523,2.6919245390254345e-17
5167.285189911725,2.8460732418440406e-17
5167.808885661927,2.8805297861609287e-17
5168.332581412129,2.831913672518646e-17
5168.856277162332,2.813980324425795e-17
5169.379972912535,2.6762915648577898e-17
5169.903668662737,2.5308217104864687e-17
5170.42736441294,2.429980154770792e-17
5170.951060163142,2.3280517823451218e-17
5171.474755913345,2.4041410902464105e-17
5171.998451663547,2.6086360083908316e-17
5172.522147413749,2.6154442590657823e-17
5173.045843163951,2.5458304693849577e-17
5173.569538914154,2.5835139891658128e-17
5174.093234664356,2.6400602803611896e-17
5174.616930414559,2.4239750491451465e-17
5175.140626164761,2.182662085743061e-17
5175.664321914964,2.1712336928637473e-17
5176.188017665165,2.1882001509094703e-17
5176.711713415369,2.4471232059661602e-17
5177.23540916557,2.7083182544364395e-17
5177.759104915773,2.734218775620231e-17
5178.282800665975,2.4529240554183272e-17
5178.806496416178,2.2445914121063967e-17
5179.33019216638,2.0967151030532733e-17
5179.853887916583,1.9836262454100144e-17
5180.377583666785,2.125511028195948e-17
5180.901279416987,2.2356257738805234e-17
5181.424975167189,2.173125237417225e-17
5181.948670917392,2.1246346091905463e-17
5182.472366667594,2.077467801978252e-17
5182.996062417797,2.1237788611148135e-17
5183.5197581679995,2.1772200105062815e-17
5184.0434539182015,2.1253459424464956e-17
5184.567149668404,2.048186841791654e-17
5185.0908454186065,2.0454408788983586e-17
5185.6145411688085,2.0729274706729404e-17
5186.1382369190105,2.2674126304267406e-17
5186.6619326692135,2.323617354906535e-17
5187.1856284194155,2.145930835620074e-17
5187.709324169618,2.1957059168567032e-17
5188.23301991982,2.393866836908177e-17
5188.756715670023,2.3473479873575513e-17
5189.2804114202245,2.2620910218640418e-17
5189.804107170428,2.390708805507018e-17
5190.327802920629,2.4642676399959626e-17
5190.851498670832,2.399081659783756e-17
5191.375194421034,2.0408921646375135e-17
5191.898890171237,2.0175806696200336e-17
5192.422585921439,2.0166881938498422e-17
5192.946281671642,1.898698690919421e-17
5193.469977421844,2.1033537229480112e-17
5193.993673172046,2.293955827663328e-17
5194.517368922248,2.220408283524342e-17
5195.041064672451,1.9777852694509565e-17
5195.564760422653,1.9428864594496153e-17
5196.088456172856,2.1183274541468222e-17
5196.612151923058,2.0264857554900047e-17
5197.135847673261,1.7033446612732904e-17
5197.659543423462,1.766710181621324e-17
5198.183239173666,1.9274960648517574e-17
5198.706934923868,2.0080383702433142e-17
5199.23063067407,2.1747323296316945e-17
5199.754326424273,2.25062927513899e-17
5200.278022174475,2.3506211730100494e-17
5200.801717924678,2.4754897245700603e-17
5201.32541367488,2.557803810279494e-17
5201.849109425083,2.4748225245569362e-17
5202.372805175284,2.359983476052095e-17
5202.896500925488,2.1696729710482782e-17
5203.420196675689,2.2620752096210768e-17
5203.943892425892,2.3773538757789413e-17
5204.467588176094,2.3577702714452423e-17
5204.991283926297,2.4505171072100973e-17
5205.514979676499,2.6367549709022225e-17
5206.038675426702,2.6040454528797097e-17
5206.562371176904,2.299177491855473e-17
5207.086066927106,2.227720738149863e-17
5207.609762677308,2.3765445496430965e-17
5208.133458427511,2.411204979449063e-17
5208.657154177713,2.3444449230104588e-17
5209.180849927916,2.4088874066483704e-17
5209.704545678118,2.61510345702772e-17
5210.228241428321,2.7629138783684332e-17
5210.751937178522,2.7387981329368204e-17
5211.275632928726,2.5930252843413318e-17
5211.799328678927,2.3115361708849605e-17
5212.32302442913,2.2477144195975746e-17
5212.846720179332,2.3035116720640793e-17
5213.370415929535,2.2381761860949626e-17
5213.894111679738,2.057107680918961e-17
5214.41780742994,2.21851784445941e-17
5214.941503180143,2.422474209763966e-17
5215.465198930344,2.4369800338236813e-17
5215.988894680548,2.4033321582144488e-17
5216.512590430749,2.268835648413747e-17
5217.036286180952,2.000276299426198e-17
5217.559981931154,2.0923130926992906e-17
5218.083677681357,2.1808298353911132e-17
5218.607373431559,2.3366227862744048e-17
5219.131069181762,2.316769028872861e-17
5219.654764931964,2.1077506018901704e-17
5220.178460682166,2.3315310725933183e-17
5220.702156432368,2.5546527707174198e-17
5221.225852182571,2.5347674586065012e-17
5221.749547932773,2.5462097073344256e-17
5222.273243682976,2.6173333252901854e-17
5222.796939433178,2.835689117390835e-17
5223.320635183381,2.959654900839777e-17
5223.844330933582,2.9705304665865595e-17
5224.3680266837855,2.853434962874903e-17
5224.891722433987,2.7670262936717952e-17
5225.41541818419,2.6548023769180136e-17
5225.939113934392,2.558701877766958e-17
5226.4628096845945,2.4805664757796302e-17
5226.9865054347965,2.6137943898874445e-17
5227.5102011849995,2.821892075366964e-17
5228.033896935202,3.042899446071764e-17
5228.5575926854035,3.178205911838995e-17
5229.081288435607,3.08083831886957e-17
5229.6049841858085,2.949438918244773e-17
5230.128679936011,2.9855816389546093e-17
5230.652375686213,3.0937380873908764e-17
5231.176071436416,3.1234253410784174e-17
5231.699767186618,3.2473980454599665e-17
5232.223462936821,3.2566382165702044e-17
5232.747158687023,3.2211637289572597e-17
5233.270854437225,2.9594870215327185e-17
5233.794550187427,2.6965446314497956e-17
5234.31824593763,2.5960130080012848e-17
5234.841941687832,2.631491900465551e-17
5235.365637438035,2.845349642187393e-17
5235.889333188237,2.77524467800273e-17
5236.41302893844,2.629236517475402e-17
5236.936724688641,2.390294966512835e-17
5237.460420438845,2.3697456580039888e-17
5237.984116189046,2.4061190064920172e-17
5238.507811939249,2.1721660038137953e-17
5239.031507689451,1.9488377613541776e-17
5239.555203439654,1.8790946598904567e-17
5240.078899189856,1.9801594381981557e-17
5240.602594940059,2.184829202397891e-17
5241.126290690261,2.0758049622652324e-17
5241.649986440463,1.8216830020462883e-17
5242.173682190665,1.7143693858718826e-17
5242.697377940868,1.8523187754457016e-17
5243.221073691071,2.155573149707298e-17
5243.744769441273,2.3679402188636277e-17
5244.268465191476,2.3900632478424732e-17
5244.792160941678,2.470330561724462e-17
5245.315856691881,2.7243307897438927e-17
5245.839552442083,2.740614482677191e-17
5246.363248192285,2.628096894012467e-17
5246.886943942487,2.6389298282675082e-17
5247.41063969269,2.6388173829435348e-17
5247.934335442892,2.770106980322168e-17
5248.458031193095,2.773980721465845e-17
5248.981726943297,2.7627806364389453e-17
5249.5054226935,2.8383272575879816e-17
5250.029118443701,2.7795906333552345e-17
5250.552814193905,2.6089835023541823e-17
5251.076509944106,2.4566074064004006e-17
5251.600205694309,2.4568028547972493e-17
5252.123901444511,2.3493184020290956e-17
5252.647597194714,2.1788525109770284e-17
5253.171292944916,2.104098024093851e-17
5253.694988695119,2.1536278535450864e-17
5254.218684445321,2.2196236239499856e-17
5254.742380195523,2.305313423418394e-17
5255.266075945725,2.1290961687755377e-17
5255.789771695928,1.8792402066165694e-17
5256.31346744613,1.7065522852054735e-17
5256.837163196333,1.6482745820861153e-17
5257.360858946536,1.821150009484754e-17
5257.884554696738,2.0294029395017328e-17
5258.408250446941,2.2179344693329224e-17
5258.931946197143,2.3745400524351825e-17
5259.455641947345,2.436353474096537e-17
5259.979337697547,2.3057173017680943e-17
5260.50303344775,2.1394667550368373e-17
5261.026729197952,2.1450288311603558e-17
5261.550424948155,2.1216688894578095e-17
5262.074120698357,1.9936453888697627e-17
5262.59781644856,1.9831664004701976e-17
5263.121512198761,2.238716642105131e-17
5263.6452079489645,2.4498809093488822e-17
5264.168903699166,2.5462066516649203e-17
5264.692599449369,2.5118274174138087e-17
5265.216295199571,2.5417865329428374e-17
5265.7399909497735,2.5931646386011955e-17
5266.263686699976,2.7608965836960363e-17
5266.7873824501785,2.726467862197455e-17
5267.3110782003805,2.778731304472769e-17
5267.8347739505825,2.854508858163354e-17
5268.358469700785,2.781951541249947e-17
5268.8821654509875,2.8494917942894964e-17
5269.4058612011895,2.967340390261003e-17
5269.929556951392,2.889212889252096e-17
5270.4532527015945,2.7324514389059723e-17
5270.976948451797,2.559327160759618e-17
5271.5006442019985,2.7390840852928893e-17
5272.024339952202,2.9181567041577196e-17
5272.548035702404,2.9145616566801994e-17
5273.071731452606,2.926064150341151e-17
5273.595427202809,2.894945397201103e-17
5274.119122953011,2.9060897407910174e-17
5274.642818703214,2.9320722026777856e-17
5275.166514453416,2.836451574654896e-17
5275.690210203619,2.808694194334063e-17
5276.21390595382,2.886862137331823e-17
5276.737601704024,3.0459438516968747e-17
5277.261297454225,3.1337276321019636e-17
5277.784993204428,3.254724214278371e-17
5278.30868895463,3.347725936209409e-17
5278.832384704833,3.313675973535151e-17
5279.356080455035,3.136194630378701e-17
5279.879776205238,2.930234660722273e-17
5280.40347195544,2.948813045673931e-17
5280.927167705642,2.965244915104635e-17
5281.450863455844,2.982837505916568e-17
5281.974559206047,2.9458882023070424e-17
5282.498254956249,2.826777592480216e-17
5283.021950706452,2.7068588204431748e-17
5283.545646456654,2.5878326210260075e-17
5284.069342206857,2.4203076745416375e-17
5284.593037957058,2.2811092369676273e-17
5285.116733707262,2.2621768994621536e-17
5285.640429457463,2.4688091351588197e-17
5286.164125207666,2.7009613077424423e-17
5286.687820957868,2.778085614621851e-17
5287.211516708071,2.6749980278131205e-17
5287.735212458274,2.5323990832523617e-17
5288.258908208476,2.3931009128534784e-17
5288.782603958679,2.2446115678866183e-17
5289.30629970888,2.2044087006040715e-17
5289.829995459084,2.2953724097158373e-17
5290.353691209285,2.5039863037751965e-17
5290.877386959488,2.788097049170195e-17
5291.40108270969,3.006027331303307e-17
5291.924778459893,2.9888354141079813e-17
5292.448474210095,2.934035384562481e-17
5292.972169960298,2.8296022877961773e-17
5293.4958657105,2.6701435334825388e-17
5294.019561460702,2.5591947800606243e-17
5294.543257210904,2.6366222661750172e-17
5295.066952961107,2.822436262875989e-17
5295.590648711309,3.001643420028235e-17
5296.114344461512,3.079089082775286e-17
5296.638040211714,3.1331723653467997e-17
5297.161735961917,3.032630507720301e-17
5297.685431712118,2.971903542562572e-17
5298.209127462322,2.9064539671971366e-17
5298.732823212523,2.962052056545351e-17
5299.256518962726,3.167424451018996e-17
5299.780214712928,3.175149417232795e-17
5300.303910463131,3.1492164668563505e-17
5300.827606213333,3.11770814915673e-17
5301.351301963536,3.0629019196246876e-17
5301.874997713739,3.160019853802175e-17
5302.39869346394,3.1497916443313415e-17
5302.922389214144,3.18001966927065e-17
5303.446084964345,3.1583321789327037e-17
5303.969780714548,3.1649967619543285e-17
5304.49347646475,3.267327009873273e-17
5305.017172214953,3.232000561181135e-17
5305.540867965155,3.122581426640034e-17
5306.0645637153575,3.0074854073457145e-17
5306.5882594655595,2.9518977132990256e-17
5307.111955215762,2.98174753984676e-17
5307.635650965964,2.9183546728616305e-17
5308.1593467161665,2.874779584881539e-17
5308.6830424663685,2.8347656758128473e-17
5309.2067382165715,2.7129744902173306e-17
5309.7304339667735,2.8455930482734677e-17
5310.254129716976,2.863147487955924e-17
5310.7778254671775,2.6413948303422993e-17
5311.301521217381,2.5075631551766727e-17
5311.8252169675825,2.6304119272172746e-17
5312.348912717785,2.6608608026274958e-17
5312.872608467987,2.6781985815816992e-17
5313.39630421819,2.7599335805159367e-17
5313.919999968392,2.626742261987478e-17
5314.443695718595,2.259744861644603e-17
5314.967391468797,2.176294554797487e-17
5315.491087218999,2.2585774733449336e-17
5316.014782969203,2.3083350534227727e-17
5316.538478719404,2.3014445497565783e-17
5317.062174469607,2.4056517282361064e-17
5317.585870219809,2.530139150320496e-17
5318.109565970012,2.580779756037108e-17
5318.633261720214,2.6608419683292848e-17
5319.156957470417,2.458793661494121e-17
5319.680653220619,2.275854289061504e-17
5320.204348970821,2.2641027003371597e-17
5320.728044721023,2.2071177983916576e-17
5321.251740471226,2.4338169569348664e-17
5321.775436221428,2.7062947373185746e-17
5322.299131971631,2.893633933556692e-17
5322.822827721833,2.9166277392575874e-17
5323.346523472036,2.883263572567295e-17
5323.870219222237,2.86943872598e-17
5324.393914972441,2.9080048664447905e-17
5324.917610722642,2.925770101132722e-17
5325.441306472845,3.029878323991957e-17
5325.965002223047,3.0741639567826955e-17
5326.48869797325,2.884100263484036e-17
5327.012393723452,2.6841848112740854e-17
5327.536089473655,2.6258849818962072e-17
5328.059785223857,2.6093873354189797e-17
5328.583480974059,2.5860025427479067e-17
5329.107176724261,2.6720691304198955e-17
5329.630872474464,2.8150286965465604e-17
5330.154568224666,2.9923311978842546e-17
5330.678263974869,2.9789838935059235e-17
5331.201959725072,2.9609259919290895e-17
5331.725655475274,2.8723207582395304e-17
5332.249351225477,2.6060093739502502e-17
5332.773046975679,2.560738993810815e-17
5333.296742725881,2.6877958753759005e-17
5333.820438476083,2.755963761372326e-17
5334.344134226286,2.905939792806761e-17
5334.867829976488,2.8313208959763267e-17
5335.391525726691,2.865080679319023e-17
5335.915221476893,2.8996717761232776e-17
5336.438917227096,2.8242655939847163e-17
5336.962612977297,2.746126303136927e-17
5337.486308727501,2.850418036542736e-17
5338.010004477702,2.921033190026216e-17
5338.533700227905,3.0484315253136255e-17
5339.057395978107,3.053222220268735e-17
5339.58109172831,2.941115053696505e-17
5340.104787478512,2.8547220861984704e-17
5340.628483228715,2.816111693704141e-17
5341.152178978917,2.9830496470143523e-17
5341.675874729119,3.1382937406247147e-17
5342.199570479321,3.243078956287504e-17
5342.723266229524,3.338255278620194e-17
5343.246961979726,3.346019544728149e-17
5343.770657729929,3.378967082996422e-17
5344.294353480131,3.4750657314792934e-17
5344.818049230334,3.536459388286613e-17
5345.341744980535,3.5286065564850554e-17
5345.865440730739,3.5289831753842664e-17
5346.389136480941,3.5907625874776803e-17
5346.912832231143,3.735880313057461e-17
5347.4365279813455,3.718900753249716e-17
5347.960223731548,3.492758748030135e-17
5348.4839194817505,3.4469144620919753e-17
5349.0076152319525,3.359229941948567e-17
5349.531310982155,3.418819503806587e-17
5350.055006732357,3.574870396381384e-17
5350.57870248256,3.7179627654934815e-17
5351.1023982327615,3.457633058069724e-17
5351.626093982964,3.23052489701779e-17
5352.1497897331665,3.1878868877428585e-17
5352.673485483369,3.0677111636003664e-17
5353.197181233571,2.9617736004461714e-17
5353.720876983774,2.813509872619873e-17
5354.244572733976,2.835459996070327e-17
5354.768268484178,2.994381837625381e-17
5355.29196423438,3.1388891164181424e-17
5355.815659984583,3.1106297721756316e-17
5356.339355734785,2.8185834981755576e-17
5356.863051484988,2.827742155367276e-17
5357.38674723519,2.6911881826526987e-17
5357.910442985393,2.5758686532440743e-17
5358.434138735594,2.5147398816208775e-17
5358.957834485798,2.6179498661618374e-17
5359.481530235999,2.82735961876625e-17
5360.005225986202,2.867849751343324e-17
5360.528921736404,2.9027178447867644e-17
5361.052617486607,2.937170238533327e-17
5361.57631323681,2.940870007292485e-17
5362.100008987012,2.893140568045442e-17
5362.623704737215,2.7954904803359676e-17
5363.147400487416,2.874366977548193e-17
5363.67109623762,2.8527500948510105e-17
5364.194791987821,2.8617533050058846e-17
5364.718487738024,3.1995715430555e-17
5365.242183488226,3.407062251890654e-17
5365.765879238429,3.375595610789936e-17
5366.289574988631,3.489979560517374e-17
5366.813270738834,3.6439004870090806e-17
5367.336966489036,3.515638209119735e-17
5367.860662239238,3.279686771905812e-17
5368.38435798944,3.3124650002768887e-17
5368.908053739643,3.207873219002096e-17
5369.431749489845,3.1670169203612917e-17
5369.955445240048,3.034053278389567e-17
5370.47914099025,2.952670323023762e-17
5371.002836740453,3.0553830540401274e-17
5371.526532490654,3.058422962079122e-17
5372.050228240858,2.9961491903651774e-17
5372.573923991059,2.855194287460568e-17
5373.097619741262,2.8433557546477793e-17
5373.621315491464,3.038042050420687e-17
5374.145011241667,3.076822728433063e-17
5374.66870699187,2.9688149500127245e-17
5375.192402742072,3.0228573008821125e-17
5375.716098492275,2.970997280040797e-17
5376.239794242476,3.06137302778799e-17
5376.76348999268,2.897836564377701e-17
5377.287185742881,2.978363721869823e-17
5377.810881493084,2.9120936787313275e-17
5378.334577243286,3.0132164536419523e-17
5378.858272993489,3.221517534689418e-17
5379.381968743691,3.0196161745669364e-17
5379.905664493894,2.869078177994652e-17
5380.429360244096,2.8683247408951504e-17
5380.953055994298,2.6811975784801523e-17
5381.4767517445,2.6353833127266468e-17
5382.000447494703,2.6407292232994115e-17
5382.524143244905,2.6563667732692572e-17
5383.047838995108,2.3873674338863648e-17
5383.57153474531,2.2522029497592974e-17
5384.095230495513,2.418297082040342e-17
5384.618926245714,2.4802988845100792e-17
5385.142621995918,2.4891789270106275e-17
5385.666317746119,2.3900957153432618e-17
5386.190013496322,2.5249286266527122e-17
5386.713709246524,2.523097230826426e-17
5387.237404996727,2.56902303483188e-17
5387.761100746929,2.680671954430374e-17
5388.2847964971315,2.6188376624341542e-17
5388.808492247334,2.5550058779354278e-17
5389.332187997536,2.6049874029126503e-17
5389.855883747739,2.7731840123333516e-17
5390.3795794979405,2.9282454974939405e-17
5390.9032752481435,2.9227797752102983e-17
5391.4269709983455,2.8738672102274825e-17
5391.950666748548,2.5619268162916698e-17
5392.47436249875,2.5352442011898514e-17
5392.998058248953,2.6772499522619524e-17
5393.521753999155,2.5308646010469614e-17
5394.045449749357,2.4913577268209297e-17
5394.569145499559,2.4340076167775546e-17
5395.092841249762,2.382563846526975e-17
5395.616536999964,2.2743522224611553e-17
5396.140232750167,2.2096460161506316e-17
5396.663928500369,2.1257820009598062e-17
5397.187624250572,2.206186429557987e-17
5397.711320000773,2.305479024957624e-17
5398.235015750977,2.4269573847304012e-17
5398.758711501178,2.6136540417010642e-17
5399.282407251381,2.6563191624911916e-17
5399.806103001583,2.6332278005114846e-17
5400.329798751786,2.6688008649684028e-17
5400.853494501988,2.7549903925045968e-17
5401.377190252191,2.6000451195876397e-17
5401.900886002393,2.655894137415207e-17
5402.424581752595,2.8781746146564345e-17
5402.948277502797,3.068501537331432e-17
5403.471973253,3.1261042131817377e-17
5403.995669003202,3.140010022843974e-17
5404.519364753405,3.1766466844758793e-17
5405.043060503608,3.064920394678721e-17
5405.56675625381,2.8969373293995534e-17
5406.090452004013,2.88211751704559e-17
5406.614147754215,2.9508897178509123e-17
5407.137843504417,2.812344307433473e-17
5407.661539254619,2.854028952903565e-17
5408.185235004822,3.0344044745024455e-17
5408.708930755024,2.990550484227905e-17
5409.232626505227,3.21586042822674e-17
5409.756322255429,3.18383652227629e-17
5410.280018005632,2.886494049596687e-17
5410.803713755833,2.772404312486057e-17
5411.327409506037,2.79218044350309e-17
5411.851105256238,2.9168016475526114e-17
5412.374801006441,2.850742425121656e-17
5412.898496756643,2.796262766594306e-17
5413.422192506846,2.862092923606433e-17
5413.945888257048,3.039595013966978e-17
5414.469584007251,3.084978521745164e-17
5414.993279757453,2.8783635934669926e-17
5415.516975507655,2.6215720943410125e-17
5416.040671257857,2.538029067909014e-17
5416.56436700806,2.636502183927579e-17
5417.088062758262,2.835758047151033e-17
5417.611758508465,2.976193241814046e-17
5418.135454258667,2.9093505504990707e-17
5418.65915000887,2.7442707661130946e-17
5419.182845759071,2.6892497545105083e-17
5419.706541509275,2.691352928948022e-17
5420.230237259477,2.6297634307464546e-17
5420.753933009679,2.2877013662739226e-17
5421.277628759882,2.2082415406055827e-17
5421.801324510084,2.1776219226185244e-17
5422.325020260287,2.220034111969447e-17
5422.848716010489,2.344542323166445e-17
5423.372411760692,2.3378517816281182e-17
5423.896107510893,2.393043529959229e-17
5424.419803261097,2.500359077759461e-17
5424.943499011298,2.5097523123848213e-17
5425.467194761501,2.5428257730071656e-17
5425.990890511703,2.773415981443842e-17
5426.514586261906,2.8660745257733105e-17
5427.038282012108,2.852148351679677e-17
5427.561977762311,2.8373682636208744e-17
5428.085673512513,3.147060209123164e-17
5428.609369262715,3.2234599901281015e-17
5429.133065012917,3.161900359877333e-17
5429.65676076312,3.388577764782709e-17
5430.180456513322,3.597066111283095e-17
5430.7041522635245,3.614970278914112e-17
5431.2278480137265,3.3715051455934426e-17
5431.7515437639295,3.316645283236128e-17
5432.275239514131,3.2338501671741055e-17
5432.798935264334,3.0613943586759883e-17
5433.322631014536,2.889231811800848e-17
5433.8463267647385,2.877552821678126e-17
5434.3700225149405,2.813457328278886e-17
5434.893718265143,2.896202190305149e-17
5435.417414015346,2.959472461551068e-17
5435.941109765548,2.8430499896626906e-17
5436.464805515751,2.9667526619358615e-17
5436.988501265952,2.9439120469336945e-17
5437.512197016156,2.7908089559803035e-17
5438.035892766357,2.7252400569015914e-17
5438.55958851656,2.737266403451625e-17
5439.083284266762,2.849941025278834e-17
5439.606980016965,2.987631354394847e-17
5440.130675767167,3.0968569316442885e-17
5440.65437151737,3.192666437656541e-17
5441.178067267572,3.159373843005886e-17
5441.701763017774,2.96775866402857e-17
5442.225458767976,2.878928127578639e-17
5442.749154518179,2.9522139774540694e-17
5443.272850268381,2.915769124398697e-17
5443.796546018584,2.9873882013063905e-17
5444.320241768786,3.093833312238666e-17
5444.843937518989,2.999634321337977e-17
5445.36763326919,2.904466650597452e-17
5445.891329019394,2.8340266772583615e-17
5446.415024769595,2.703378528514489e-17
5446.938720519798,2.6470461835959618e-17
5447.46241627,2.6855424224131167e-17
5447.986112020203,2.7970864462211556e-17
5448.509807770406,2.930417189098887e-17
5449.033503520608,2.9342326716152275e-17
5449.557199270811,2.925631381590219e-17
5450.080895021012,3.056542772707469e-17
5450.604590771216,3.256328638620479e-17
5451.128286521417,3.2970301199322624e-17
5451.65198227162,3.131385233814747e-17
5452.175678021822,2.973945767760609e-17
5452.699373772025,2.852270558404713e-17
5453.223069522227,2.933636312591461e-17
5453.74676527243,2.9238421140748967e-17
5454.270461022632,2.972825459619545e-17
5454.794156772834,3.0187718865068874e-17
5455.317852523036,3.0196589339524235e-17
5455.841548273239,2.968255579928764e-17
5456.365244023441,2.956213595880961e-17
5456.888939773644,2.974833766669253e-17
5457.412635523846,3.0849208869624136e-17
5457.936331274049,2.983721492462059e-17
5458.46002702425,2.846386774309844e-17
5458.983722774454,2.725194705704981e-17
5459.507418524655,2.7298809195742052e-17
5460.031114274858,2.695701749179428e-17
5460.55481002506,2.784278737320947e-17
5461.078505775263,2.838879818862683e-17
5461.602201525465,2.8469011028946195e-17
5462.125897275668,2.6254925789312167e-17
5462.64959302587,2.549798775042778e-17
5463.173288776072,2.3821119059565234e-17
5463.696984526276,2.505709344963889e-17
5464.220680276477,2.435471862310087e-17
5464.74437602668,2.4050456888520378e-17
5465.268071776882,2.520924827221763e-17
5465.791767527085,2.4645660407546503e-17
5466.315463277287,2.655371157102689e-17
5466.83915902749,2.681240755795663e-17
5467.362854777692,2.5127305828940555e-17
5467.886550527894,2.333706209938798e-17
5468.410246278096,2.2817709188624527e-17
5468.933942028299,2.398367551464528e-17
5469.457637778501,2.4478210606949634e-17
5469.9813335287035,2.5376995115705527e-17
5470.505029278906,2.67499344405906e-17
5471.0287250291085,2.7521678594412392e-17
5471.55242077931,2.7316158400065315e-17
5472.0761165295135,2.814507995797073e-17
5472.599812279715,2.6337552851121385e-17
5473.1235080299175,2.6583562701249358e-17
5473.6472037801195,2.5606188621834734e-17
5474.1708995303225,2.5406283813031305e-17
5474.6945952805245,2.699550962951974e-17
5475.218291030727,2.836457154172462e-17
5475.741986780929,2.845433473001096e-17
5476.2656825311315,2.8223492713339536e-17
5476.7893782813335,2.591652492341435e-17
5477.313074031536,2.7109890353594984e-17
5477.836769781738,2.784498183326229e-17
5478.360465531941,2.6966754902084368e-17
5478.884161282144,2.8136817801843616e-17
5479.407857032346,2.7271509284368273e-17
5479.931552782549,2.7180242180025134e-17
5480.455248532751,3.046706283358238e-17
5480.978944282953,3.286962453867374e-17
5481.502640033155,3.211274082232103e-17
5482.026335783358,3.006210782100824e-17
5482.55003153356,2.893730856638082e-17
5483.073727283763,2.864277904590367e-17
5483.597423033965,2.730584314962791e-17
5484.121118784168,2.7938693591392093e-17
5484.644814534369,2.7157120022705667e-17
5485.168510284573,2.823685783826332e-17
5485.692206034774,2.808247252110227e-17
5486.215901784977,2.780144294485168e-17
5486.739597535179,2.906190144284934e-17
5487.263293285382,2.908973649310928e-17
5487.786989035584,2.760771903923649e-17
5488.310684785787,2.753181454140667e-17
5488.834380535989,2.8456313212710796e-17
5489.358076286191,2.7266011898547024e-17
5489.881772036393,2.7451703538133207e-17
5490.405467786596,2.862866267717712e-17
5490.929163536798,3.086121182416689e-17
5491.452859287001,3.113735592589106e-17
5491.976555037203,2.95283409409346e-17
5492.500250787406,2.672082124344704e-17
5493.023946537607,2.624217968602678e-17
5493.547642287811,2.7815925199885534e-17
5494.071338038013,2.824976746817262e-17
5494.595033788215,2.8896918167245503e-17
5495.118729538418,2.9907539511326456e-17
5495.64242528862,3.04577188154459e-17
5496.166121038823,2.913182135469672e-17
5496.689816789025,2.8576832380934953e-17
5497.213512539228,2.886973008527856e-17
5497.737208289429,2.7736083222050973e-17
5498.260904039633,2.632990497842028e-17
5498.784599789834,2.5117208290107863e-17
5499.308295540037,2.5611192286256627e-17
5499.831991290239,2.8185246556680685e-17
5500.355687040442,2.7018955087646535e-17
5500.879382790644,2.5212770863002673e-17
5501.403078540847,2.579020039183449e-17
5501.926774291049,2.7862342288340905e-17
5502.450470041251,2.866408863196744e-17
5502.974165791453,2.714691198135208e-17
5503.497861541656,2.877088909964859e-17
5504.021557291858,2.86979878712294e-17
5504.545253042061,2.7115507852495262e-17
5505.068948792263,2.906976874187881e-17
5505.592644542466,2.998593529227425e-17
5506.116340292667,3.0423377845915863e-17
5506.640036042871,2.9964003590560387e-17
5507.163731793072,3.222908128704029e-17
5507.687427543275,3.2732417314907366e-17
5508.211123293478,3.395904981541659e-17
5508.73481904368,3.43519780826538e-17
5509.258514793883,3.287905921231207e-17
5509.782210544085,3.283231668998185e-17
5510.3059062942875,3.179939405232023e-17
5510.829602044489,3.2167555427662017e-17
5511.3532977946925,3.2161333182005205e-17
5511.876993544894,3.233245551155329e-17
5512.4006892950965,3.1910049555139575e-17
5512.924385045299,3.1152443721969266e-17
5513.4480807955015,3.068447972076575e-17
5513.9717765457035,2.9648032008316225e-17
5514.495472295906,2.951644654344172e-17
5515.0191680461085,2.9850811032286645e-17
5515.5428637963105,3.076708827891321e-17
5516.0665595465125,3.013891966402216e-17
5516.590255296715,2.921537125614505e-17
5517.1139510469175,2.8406333860095686e-17
5517.63764679712,2.8644098857901107e-17
5518.161342547322,2.758472115982373e-17
5518.685038297525,2.6796314733927946e-17
5519.2087340477265,2.760772198411632e-17
5519.73242979793,2.841601496626248e-17
5520.256125548131,2.853721917127665e-17
5520.779821298334,2.958493837661701e-17
5521.303517048536,3.079455452969632e-17
5521.827212798739,3.1674649703099613e-17
5522.350908548942,3.123694593041639e-17
5522.874604299144,3.0822371967193994e-17
5523.398300049346,3.0147034816403365e-17
5523.921995799548,2.9217000149534946e-17
5524.445691549752,2.83657218786022e-17
5524.969387299953,2.767127570303495e-17
5525.493083050156,2.6788359817856996e-17
5526.016778800358,2.6621927291743223e-17
5526.540474550561,2.7950199033500873e-17
5527.064170300763,3.012807347846137e-17
5527.587866050966,3.113621734064241e-17
5528.111561801168,3.2093705079119864e-17
5528.63525755137,3.540420382252964e-17
5529.158953301572,3.5776384856343483e-17
5529.682649051775,3.3943567474467014e-17
5530.206344801977,3.3686839921021786e-17
5530.73004055218,3.3778282280861995e-17
5531.253736302382,3.600831439656035e-17
5531.777432052585,3.604698798972971e-17
5532.301127802786,3.4970960981797526e-17
5532.82482355299,3.359586117135877e-17
5533.348519303191,3.2268301600365683e-17
5533.872215053394,3.091413762840989e-17
5534.395910803596,3.059007762696007e-17
5534.919606553799,3.090813965439826e-17
5535.443302304001,3.1142952153498546e-17
5535.966998054204,3.168839278521463e-17
5536.490693804406,3.2675813746966605e-17
5537.014389554608,3.221065919498964e-17
5537.538085304812,3.131429477689647e-17
5538.061781055013,3.14278823161365e-17
5538.585476805216,3.4007955795121455e-17
5539.109172555418,3.537980181877586e-17
5539.632868305621,3.515430372162591e-17
5540.156564055823,3.5495721904665235e-17
5540.680259806026,3.445079902460286e-17
5541.203955556228,3.3441730904173693e-17
5541.72765130643,3.368628454528371e-17
5542.251347056632,3.4208429929781887e-17
5542.775042806835,3.511664061952316e-17
5543.298738557037,3.5935383419191374e-17
5543.82243430724,3.4978090597876425e-17
5544.346130057442,3.327103462559241e-17
5544.869825807645,3.290519501512059e-17
5545.393521557846,3.311127094659576e-17
5545.91721730805,3.402974899274604e-17
5546.440913058251,3.474341921426112e-17
5546.964608808454,3.486594341449658e-17
5547.488304558656,3.493305755527024e-17
5548.012000308859,3.41407001135046e-17
5548.535696059061,3.3835944684504524e-17
5549.059391809264,3.370496122824364e-17
5549.583087559466,3.358957381660194e-17
5550.106783309668,3.5049098276018995e-17
5550.63047905987,3.5819861971445785e-17
5551.154174810073,3.4770172980243816e-17
5551.677870560275,3.317867978748663e-17
5552.201566310478,3.19574815583837e-17
5552.7252620606805,3.187438143838479e-17
5553.2489578108825,3.2112329469314046e-17
5553.7726535610855,3.2934936407864994e-17
5554.2963493112875,3.349348993550705e-17
5554.8200450614895,3.2567871522680575e-17
5555.3437408116915,3.128514191259096e-17
5555.8674365618945,3.0278618427687604e-17
5556.3911323120965,3.09849308823451e-17
5556.914828062299,3.180368237825051e-17
5557.438523812501,3.281669830062589e-17
5557.962219562704,3.115959622967864e-17
5558.4859153129055,2.9540788140920804e-17
5559.009611063109,2.9082069978062727e-17
5559.53330681331,3.006278840427224e-17
5560.057002563513,3.230172037123945e-17
5560.580698313715,3.186602973536335e-17
5561.104394063918,3.056076654814804e-17
5561.62808981412,2.942713458409753e-17
5562.151785564323,3.030244988262259e-17
5562.675481314525,3.39745858679255e-17
5563.199177064727,3.4367435635834916e-17
5563.722872814929,3.263491569054639e-17
5564.246568565132,3.125219763579571e-17
5564.770264315334,2.978407013306987e-17
5565.293960065537,3.060239768156551e-17
5565.81765581574,3.2549031441051414e-17
5566.341351565942,3.3210596747451495e-17
5566.865047316143,3.244814287692042e-17
5567.388743066347,3.172093977549482e-17
5567.912438816549,3.118634392250007e-17
5568.436134566751,3.167137763859731e-17
5568.959830316954,3.236707760733502e-17
5569.483526067156,3.2226640721844136e-17
5570.007221817359,3.140008187312751e-17
5570.530917567561,3.0664752322693974e-17
5571.054613317764,3.171436544215933e-17
5571.578309067965,3.3892834159154266e-17
5572.102004818169,3.584840426926844e-17
5572.62570056837,3.4546765632891825e-17
5573.149396318573,3.2623377202125946e-17
5573.673092068775,3.16838087547412e-17
5574.196787818978,3.101774030960469e-17
5574.72048356918,3.136776306796293e-17
5575.244179319383,3.216863357318266e-17
5575.767875069585,3.1375116343476525e-17
5576.291570819787,2.87629501072664e-17
5576.815266569989,2.8515363696937255e-17
5577.338962320192,2.960047535312429e-17
5577.862658070394,2.8938606371921547e-17
5578.386353820597,2.817444773243467e-17
5578.910049570799,2.7727119229041147e-17
5579.433745321002,2.716942176945357e-17
5579.957441071203,2.7637325178368934e-17
5580.481136821407,2.8381338527256555e-17
5581.004832571609,3.058883116077226e-17
5581.528528321811,3.134455941203882e-17
5582.052224072013,3.1545302680906104e-17
5582.575919822216,3.3530495156658343e-17
5583.099615572419,3.5106175490381364e-17
5583.623311322621,3.465610593107728e-17
5584.147007072824,3.3058447891810365e-17
5584.670702823025,3.141075893748849e-17
5585.194398573229,3.286330121178001e-17
5585.71809432343,3.4675368711788353e-17
5586.241790073633,3.3739368695665095e-17
5586.765485823835,3.2527141432539195e-17
5587.289181574038,3.340512134469307e-17
5587.81287732424,3.5669288969590126e-17
5588.336573074443,3.5771324774839125e-17
5588.860268824645,3.2897155189009184e-17
5589.383964574847,3.092063198720003e-17
5589.907660325049,3.139519813132303e-17
5590.431356075252,3.1883648262470805e-17
5590.955051825454,3.23224816882903e-17
5591.478747575657,3.179085519625684e-17
5592.002443325859,3.138932382269631e-17
5592.526139076062,3.26064544254803e-17
5593.049834826263,3.2728455848104506e-17
5593.5735305764665,3.1751471865093366e-17
5594.097226326668,3.160566134062285e-17
5594.620922076871,3.363183430232535e-17
5595.144617827073,3.500143128539001e-17
5595.6683135772755,3.599163663558069e-17
5596.192009327478,3.6340897786967267e-17
5596.7157050776805,3.7400475946802034e-17
5597.239400827883,3.8588381155314613e-17
5597.7630965780845,3.696382108391014e-17
5598.286792328288,3.606533768054444e-17
5598.8104880784895,3.7989931271387235e-17
5599.334183828692,3.8454461213480824e-17
5599.857879578894,3.603502907911755e-17
5600.381575329097,3.545278342321274e-17
5600.905271079299,3.473913217555175e-17
5601.428966829502,3.369160889992655e-17
5601.952662579704,3.32576861748345e-17
5602.476358329906,3.467248352923573e-17
5603.000054080108,3.518910925656848e-17
5603.523749830311,3.406485015514498e-17
5604.047445580513,3.2747771888564743e-17
5604.571141330716,3.241009681423433e-17
5605.094837080918,3.0995084358159634e-17
5605.618532831121,3.098320057257677e-17
5606.142228581322,3.057233660032405e-17
5606.665924331526,3.064648801757464e-17
5607.189620081727,3.023739302797122e-17
5607.71331583193,3.094010186527005e-17
5608.237011582132,3.2575621112149987e-17
5608.760707332335,3.318696171028295e-17
5609.284403082537,3.297376716529874e-17
5609.80809883274,3.2851629982451286e-17
5610.331794582942,3.239092910499244e-17
5610.855490333144,3.2117395889863524e-17
5611.379186083348,3.1546787065905376e-17
5611.902881833549,3.1653481273464084e-17
5612.426577583752,3.10390024212025e-17
5612.950273333954,3.0829711008654776e-17
5613.473969084157,3.126711748795881e-17
5613.997664834359,2.9964976290858596e-17
5614.521360584562,3.019718846368535e-17
5615.045056334764,3.0060430044847696e-17
5615.568752084966,2.9558151181977473e-17
5616.092447835168,3.02978340376963e-17
5616.616143585371,3.0767006619805095e-17
5617.139839335573,3.126857642074508e-17
5617.663535085776,3.237998350306796e-17
5618.187230835978,3.311969401105867e-17
5618.710926586181,3.333278163638968e-17
5619.234622336382,3.4051437758033524e-17
5619.758318086586,3.296658212018581e-17
5620.282013836787,3.412388770242267e-17
5620.80570958699,3.462625870574522e-17
5621.329405337192,3.4816669035808756e-17
5621.853101087395,3.710470459533165e-17
5622.376796837597,3.758568585747739e-17
5622.9004925878,3.733440890081838e-17
5623.424188338002,3.81449373315295e-17
5623.947884088204,3.635553172337681e-17
5624.471579838406,3.629662839603118e-17
5624.995275588609,3.5012562818312206e-17
5625.518971338811,3.5115318160738157e-17
5626.042667089014,3.592108771996104e-17
5626.566362839217,3.594690271521508e-17
5627.090058589419,3.273795631275792e-17
5627.613754339622,3.2866383521761175e-17
5628.137450089824,3.330023762084748e-17
5628.661145840026,3.390629261846513e-17
5629.184841590228,3.391794810864447e-17
5629.708537340431,3.345705924031511e-17
5630.232233090633,3.3737938623095554e-17
5630.755928840836,3.5854001162469825e-17
5631.279624591038,3.544100243391426e-17
5631.803320341241,3.3470552219524046e-17
5632.327016091442,3.45184797870497e-17
5632.8507118416455,3.534169901894756e-17
5633.374407591847,3.6825239656930857e-17
5633.89810334205,3.8261209780965604e-17
5634.421799092252,3.900239261316974e-17
5634.9454948424545,3.842147373385594e-17
5635.469190592657,3.7938359754015186e-17
5635.9928863428595,3.8145780144459355e-17
5636.5165820930615,3.8902518489100764e-17
5637.0402778432635,4.057690160374363e-17
5637.563973593466,4.0818343640369275e-17
5638.0876693436685,3.8818453308304425e-17
5638.6113650938705,4.004559339244675e-17
5639.135060844073,3.926628714284811e-17
5639.658756594276,3.9386357801278614e-17
5640.182452344478,4.017615219371548e-17
5640.7061480946795,3.953063021108617e-17
5641.229843844883,3.835193444925237e-17
5641.753539595085,3.865549920308654e-17
5642.277235345287,3.9312435229475505e-17
5642.80093109549,3.822777765682829e-17
5643.324626845692,3.65981676663838e-17
5643.848322595895,3.519580821181815e-17
5644.372018346097,3.3915164903577414e-17
5644.8957140963,3.418779083046633e-17
5645.419409846501,3.4190526424570344e-17
5645.943105596705,3.451438664939795e-17
5646.466801346906,3.494330276628201e-17
5646.990497097109,3.3932087745952844e-17
5647.514192847311,3.435650114515376e-17
5648.037888597514,3.3209806022138106e-17
5648.561584347716,3.050086242978835e-17
5649.085280097919,3.058606404624653e-17
5649.608975848121,3.05824311135688e-17
5650.132671598323,3.2221453556615137e-17
5650.656367348525,3.3360508431534494e-17
5651.180063098728,3.435013530062362e-17
5651.70375884893,3.5246181012434554e-17
5652.227454599133,3.701622264871252e-17
5652.751150349335,3.5525829084466103e-17
5653.274846099538,3.459793913980139e-17
5653.798541849739,3.6127611079961364e-17
5654.322237599943,3.552220023476457e-17
5654.845933350145,3.469291547087297e-17
5655.369629100347,3.5948500991815467e-17
5655.893324850549,3.594371715599615e-17
5656.417020600752,3.5056377883797337e-17
5656.940716350955,3.414591582588015e-17
5657.464412101157,3.333869160318014e-17
5657.98810785136,3.370552846324546e-17
5658.511803601561,3.551599236442729e-17
5659.035499351765,3.5287489685069043e-17
5659.559195101966,3.579858956034639e-17
5660.082890852169,3.8097942397848774e-17
5660.606586602371,3.645651463691287e-17
5661.130282352574,3.6419231803754204e-17
5661.653978102776,3.836220943176251e-17
5662.177673852979,3.98077622545637e-17
5662.701369603181,4.0185759356421844e-17
5663.225065353383,4.089991862010821e-17
5663.748761103585,4.155371938089005e-17
5664.272456853788,4.230269514388744e-17
5664.79615260399,4.1083659124695964e-17
5665.319848354193,4.0408359496024574e-17
5665.843544104395,3.8929482724528906e-17
5666.367239854598,3.9447114687842976e-17
5666.890935604799,3.962880704239647e-17
5667.414631355003,3.8696717959767954e-17
5667.938327105204,3.847907352242174e-17
5668.462022855407,3.8105118983601043e-17
5668.985718605609,3.8387487316338966e-17
5669.509414355812,3.696207535125563e-17
5670.033110106015,3.537146744676924e-17
5670.556805856217,3.6245431213164713e-17
5671.08050160642,3.6636497842570655e-17
5671.604197356621,3.6748811737751826e-17
5672.127893106825,3.5998252479977705e-17
5672.651588857026,3.5093074012676046e-17
5673.175284607229,3.5147136612085275e-17
5673.698980357431,3.382036283177009e-17
5674.222676107634,3.3085035714819646e-17
5674.746371857836,3.2715353791771026e-17
5675.2700676080385,3.3350128363601437e-17
5675.7937633582405,3.3818650980281027e-17
5676.317459108443,3.3879998421276264e-17
5676.841154858645,3.3866672010705724e-17
5677.3648506088475,3.5020553614071296e-17
5677.8885463590495,3.655322711476207e-17
5678.4122421092525,3.701327744483876e-17
5678.9359378594545,3.7845858428968637e-17
5679.459633609657,3.85894079517922e-17
5679.9833293598585,3.773743050002804e-17
5680.507025110062,3.672931827350835e-17
5681.0307208602635,3.83143919701033e-17
5681.554416610466,3.826996262228763e-17
5682.0781123606685,3.810969703867288e-17
5682.601808110871,3.9018974100310125e-17
5683.125503861073,4.017197246661818e-17
5683.649199611276,3.928054820676698e-17
5684.172895361478,3.7961457251406196e-17
5684.69659111168,3.9204189790167065e-17
5685.220286861884,3.915686798496576e-17
5685.743982612085,3.753271624358275e-17
5686.267678362288,3.6681322717956735e-17
5686.79137411249,3.57180849731412e-17
5687.315069862693,3.4983012521409966e-17
5687.838765612895,3.4294263125837624e-17
5688.362461363098,3.3590837116913094e-17
5688.8861571133,3.3626881590014037e-17
5689.409852863502,3.4278308560434914e-17
5689.933548613704,3.4936527052832954e-17
5690.457244363907,3.5579524453933295e-17
5690.980940114109,3.459753098432368e-17
5691.504635864312,3.459103849566253e-17
5692.028331614514,3.2572359846890744e-17
5692.552027364717,3.1497001272435744e-17
5693.075723114918,3.2195114240974304e-17
5693.599418865122,3.336688585367421e-17
5694.123114615323,3.260108165412981e-17
5694.646810365526,3.2270935665368536e-17
5695.170506115728,3.155259420795186e-17
5695.694201865931,3.2891142977821926e-17
5696.217897616133,3.4404846899148516e-17
5696.741593366336,3.168536034466872e-17
5697.265289116538,2.931641913245528e-17
5697.78898486674,2.8725441825035733e-17
5698.312680616942,2.8946377349911934e-17
5698.836376367145,3.0420542744895906e-17
5699.360072117347,3.166481778378957e-17
5699.88376786755,3.2212077165606595e-17
5700.407463617753,3.136911114477465e-17
5700.931159367955,3.1845303570623314e-17
5701.454855118158,3.3467907216395204e-17
5701.97855086836,3.583156836245574e-17
5702.502246618562,3.6667947600928176e-17
5703.025942368764,3.721637364266448e-17
5703.549638118967,3.5906625166685e-17
5704.073333869169,3.408249850157745e-17
5704.597029619372,3.662454398988228e-17
5705.120725369574,3.908970587109643e-17
5705.644421119777,3.772267538693821e-17
5706.168116869978,3.923305213879578e-17
5706.691812620182,4.012911202585881e-17
5707.215508370383,3.9902448689576215e-17
5707.739204120586,3.970676063586243e-17
5708.262899870788,4.053680597222997e-17
5708.786595620991,4.152252681630533e-17
5709.310291371193,4.1604956261616355e-17
5709.833987121396,4.113710682082616e-17
5710.357682871598,4.18089971542511e-17
5710.8813786218,4.2481951494471916e-17
5711.405074372002,4.231605863930313e-17
5711.928770122205,4.2696739084461294e-17
5712.452465872407,4.021288471601613e-17
5712.97616162261,3.9621488906174516e-17
5713.499857372813,4.040834553904797e-17
5714.023553123015,4.175380326911464e-17
5714.547248873216,4.0315367376235234e-17
5715.07094462342,3.895469936214543e-17
5715.594640373622,3.951913380437341e-17
5716.118336123824,3.865537384385602e-17
5716.6420318740265,3.8020338176501216e-17
5717.165727624229,3.7140947037977665e-17
5717.6894233744315,3.71132630290954e-17
5718.2131191246335,3.633567332257523e-17
5718.736814874836,3.625112100618623e-17
5719.260510625038,3.723603860073919e-17
5719.784206375241,3.780434492883532e-17
5720.3079021254425,3.948963041048309e-17
5720.8315978756455,3.955081799625004e-17
5721.3552936258475,3.9715871750677936e-17
5721.87898937605,3.9189578526917745e-17
5722.402685126252,3.894968973381749e-17
5722.926380876455,3.808098203441048e-17
5723.450076626657,3.905054544066971e-17
5723.973772376859,3.963505288001685e-17
5724.497468127061,4.1608071627588163e-17
5725.021163877264,4.134037067228082e-17
5725.544859627466,4.130472852428413e-17
5726.068555377669,4.1849271112056054e-17
5726.592251127871,4.0796921516592176e-17
5727.115946878074,3.887505410480245e-17
5727.639642628275,3.851297689256473e-17
5728.163338378479,3.8171366325980137e-17
5728.687034128681,3.7059806588017434e-17
5729.210729878883,3.7611340458110086e-17
5729.734425629085,3.707601693959638e-17
5730.258121379288,3.620192578728392e-17
5730.781817129491,3.669155257391885e-17
5731.305512879693,3.729794977782231e-17
5731.829208629896,3.760394128424996e-17
5732.352904380097,3.709772249133004e-17
5732.876600130301,3.52026427587002e-17
5733.400295880502,3.563520407042518e-17
5733.923991630705,3.4799012528907535e-17
5734.447687380907,3.547577678528825e-17
5734.97138313111,3.5022812324761e-17
5735.495078881312,3.654732037888687e-17
5736.018774631515,3.739776902395553e-17
5736.542470381717,3.772234396829801e-17
5737.066166131919,3.8360817628183306e-17
5737.589861882121,3.780060701566366e-17
5738.113557632324,3.7666486057841787e-17
5738.637253382526,3.72210403182284e-17
5739.160949132729,3.5773947396422124e-17
5739.684644882931,3.4590103111971394e-17
5740.208340633134,3.3769118718476875e-17
5740.732036383335,3.431698329865712e-17
5741.255732133539,3.6704346791153956e-17
5741.77942788374,3.801554180566156e-17
5742.303123633943,3.649586708628632e-17
5742.826819384145,3.603125569436392e-17
5743.350515134348,3.637116929283342e-17
5743.874210884551,3.5432006291429643e-17
5744.397906634753,3.489396692414582e-17
5744.921602384956,3.589791723062304e-17
5745.445298135157,3.685418601050038e-17
5745.968993885361,3.816135655703916e-17
5746.492689635562,3.737789102426597e-17
5747.016385385765,3.8465888774248524e-17
5747.540081135967,3.83994056977287e-17
5748.06377688617,3.859473913156437e-17
5748.587472636372,3.758744810859933e-17
5749.111168386575,3.820683611095061e-17
5749.634864136777,3.6746776083290925e-17
5750.158559886979,3.758483584175571e-17
5750.682255637181,3.8242248467892594e-17
5751.205951387384,3.722798521524264e-17
5751.729647137586,3.6747971315797835e-17
5752.253342887789,3.706650641812305e-17
5752.777038637991,3.7777509519763346e-17
5753.300734388194,3.824184992396195e-17
5753.824430138395,3.769444759729263e-17
5754.348125888599,3.832684794473978e-17
5754.8718216388,3.894989467131581e-17
5755.395517389003,4.05342866693546e-17
5755.919213139205,4.0394786025857163e-17
5756.442908889408,4.0650244538095166e-17
5756.96660463961,4.044501531928298e-17
5757.490300389813,3.9326565099564297e-17
5758.013996140015,4.0020454463705214e-17
5758.537691890217,4.16388576107005e-17
5759.06138764042,4.0262226558075236e-17
5759.585083390622,3.887573257851726e-17
5760.1087791408245,3.774367916956874e-17
5760.6324748910265,3.790113625173099e-17
5761.156170641229,3.926430905132248e-17
5761.6798663914315,3.971987161503306e-17
5762.203562141634,3.9698757596252326e-17
5762.727257891836,3.9639003311380446e-17
5763.250953642038,3.846474426798318e-17
5763.7746493922405,3.970370699821757e-17
5764.298345142443,3.977155130381783e-17
5764.822040892645,4.0885248909657123e-17
5765.345736642848,4.159272628871723e-17
5765.86943239305,4.054288512116103e-17
5766.393128143253,3.8973547785088425e-17
5766.916823893454,3.7717779483906166e-17
5767.440519643658,3.778095840394113e-17
5767.964215393859,3.801251169629411e-17
5768.487911144062,3.8011658197698054e-17
5769.011606894264,3.7729518060733473e-17
5769.535302644467,3.6663635646364356e-17
5770.058998394669,3.573694891370199e-17
5770.582694144872,3.514293160774565e-17
5771.106389895074,3.508171192814103e-17
5771.630085645276,3.365999706918274e-17
5772.153781395478,3.2391795772102983e-17
5772.677477145681,3.3231117832362656e-17
5773.201172895883,3.4249157085175033e-17
5773.724868646086,3.436176148390764e-17
5774.248564396289,3.378311355139101e-17
5774.772260146491,3.493399504688142e-17
5775.295955896694,3.5478415250474974e-17
5775.819651646896,3.5266456595936715e-17
5776.343347397098,3.630524372290129e-17
5776.8670431473,3.7881996170415764e-17
5777.390738897503,3.919758475206665e-17
5777.914434647705,4.011772438746606e-17
5778.438130397908,3.9869874537974015e-17
5778.96182614811,3.7673586900877484e-17
5779.485521898313,3.7394135832266975e-17
5780.009217648514,3.787099900451721e-17
5780.532913398718,3.8718361705786035e-17
5781.056609148919,3.950745354766971e-17
5781.580304899122,4.0173235071771235e-17
5782.104000649324,3.9976578574654116e-17
5782.627696399527,3.8605810259123683e-17
5783.151392149729,3.691864208541083e-17
5783.675087899932,3.6650190127102943e-17
5784.198783650134,3.8095190110585476e-17
5784.722479400336,3.949666000352026e-17
5785.246175150538,4.0570824395659785e-17
5785.769870900741,3.993293710740014e-17
5786.293566650943,3.857840650712915e-17
5786.817262401146,3.8473885730396096e-17
5787.340958151349,3.854757510782977e-17
5787.864653901551,3.9194807654738437e-17
5788.388349651752,3.789007570132543e-17
5788.912045401956,3.7162786019955434e-17
5789.435741152158,3.694347633334344e-17
5789.95943690236,3.861830780368205e-17
5790.483132652563,3.994670509908916e-17
5791.006828402765,3.943862986950992e-17
5791.530524152968,3.7784327366037587e-17
5792.05421990317,3.7576685655924744e-17
5792.577915653373,3.802531799972333e-17
5793.101611403574,3.843559773284781e-17
5793.625307153778,3.786297494298239e-17
5794.149002903979,3.7306549010649684e-17
5794.672698654182,3.638727545972468e-17
5795.196394404384,3.63055085841339e-17
5795.720090154587,3.615831115443995e-17
5796.243785904789,3.5022909915858364e-17
5796.767481654992,3.472153144697153e-17
5797.291177405194,3.583729828083253e-17
5797.814873155396,3.7517883467378165e-17
5798.338568905598,3.842700009469578e-17
5798.862264655801,3.9951147009200516e-17
5799.385960406003,3.938780419715766e-17
5799.9096561562055,3.967338547439121e-17
5800.433351906408,3.9148738054132204e-17
5800.9570476566105,4.0218398146634666e-17
5801.480743406812,4.004456394706208e-17
5802.004439157015,3.91431504791068e-17
5802.5281349072175,3.9077754138178455e-17
5803.0518306574195,3.968532157009752e-17
5803.575526407622,3.9401818051020565e-17
5804.099222157824,4.100348857528249e-17
5804.622917908027,4.16656625977935e-17
5805.146613658229,4.115879711228434e-17
5805.670309408432,4.1565040669326583e-17
5806.194005158633,4.0794608992958234e-17
5806.717700908837,3.966272851693261e-17
5807.241396659038,3.8666650317598717e-17
5807.765092409241,3.999751240655475e-17
5808.288788159443,3.978770332338425e-17
5808.812483909646,3.939987741268281e-17
5809.336179659848,3.94875606962032e-17
5809.859875410051,4.19865551239778e-17
5810.383571160253,4.1581376182764e-17
5810.907266910455,4.1951801392543356e-17
5811.430962660657,4.190149486877327e-17
5811.95465841086,4.1927915147008936e-17
5812.478354161062,4.1800204676343396e-17
5813.002049911265,4.25343632750843e-17
5813.525745661467,4.2137179954607244e-17
5814.04944141167,4.231082499950555e-17
5814.573137161871,4.089137875762592e-17
5815.096832912075,4.017982829387086e-17
5815.620528662276,4.0939111899321456e-17
5816.144224412479,4.249931473083132e-17
5816.667920162681,4.2477968890450396e-17
5817.191615912884,4.281479627322254e-17
5817.715311663087,4.1982475721382413e-17
5818.239007413289,4.208389584205976e-17
5818.762703163492,4.339334988667626e-17
5819.286398913693,4.42480946158821e-17
5819.810094663897,4.2552907197602673e-17
5820.333790414098,4.232187634481432e-17
5820.857486164301,4.0859832140495124e-17
5821.381181914503,4.259061799959819e-17
5821.904877664706,4.2375454152506653e-17
5822.428573414908,4.23599483158059e-17
5822.952269165111,4.252114232006867e-17
5823.475964915313,4.2664959239037253e-17
5823.999660665515,4.30972974793042e-17
5824.523356415717,4.243935361359012e-17
5825.04705216592,4.221627440885865e-17
5825.570747916122,4.211291666002122e-17
5826.094443666325,4.114300673610407e-17
5826.618139416527,4.170132411284925e-17
5827.14183516673,4.2838273747205053e-17
5827.665530916931,4.325543066216093e-17
5828.189226667135,4.385243361391172e-17
5828.712922417336,4.416736978047827e-17
5829.236618167539,4.39835114878587e-17
5829.760313917741,4.370246521492234e-17
5830.284009667944,4.2218138009316465e-17
5830.807705418146,4.3377563567059597e-17
5831.331401168349,4.2292436452622866e-17
5831.855096918551,4.125598828801517e-17
5832.378792668753,4.1548690148894926e-17
5832.902488418957,4.137422006103139e-17
5833.426184169158,4.1235728507067484e-17
5833.949879919361,4.1527677338808026e-17
5834.473575669563,4.000820893179851e-17
5834.997271419766,3.993212776432159e-17
5835.520967169968,4.0365669705873433e-17
5836.044662920171,4.011423164173954e-17
5836.568358670373,4.070893688537122e-17
5837.092054420575,4.0834980957916403e-17
5837.615750170777,4.0244808204095785e-17
5838.13944592098,3.8291464474655963e-17
5838.663141671182,3.5231381111846555e-17
5839.186837421385,3.513076743151641e-17
5839.710533171587,3.7072243866809155e-17
5840.2342289217895,3.78985920796193e-17
5840.757924671991,3.9638552612602897e-17
5841.2816204221945,3.938786837117397e-17
5841.805316172396,3.8370373955994184e-17
5842.3290119225985,3.598846004062599e-17
5842.8527076728005,3.5431165266139597e-17
5843.3764034230035,3.4908694116070137e-17
5843.9000991732055,3.40318720090947e-17
5844.423794923408,3.296853244062335e-17
5844.94749067361,3.2590443037097325e-17
5845.4711864238125,3.3328970930374784e-17
5845.994882174016,3.5016554442915055e-17
5846.518577924217,3.607828096004835e-17
5847.042273674419,3.76081301142218e-17
5847.565969424622,3.638860050357261e-17
5848.089665174825,3.6288354595190246e-17
5848.613360925027,3.6398510555244846e-17
5849.13705667523,3.5873011430323297e-17
5849.660752425432,3.639855719799018e-17
5850.184448175634,3.774485175559504e-17
5850.708143925836,3.837832028527498e-17
5851.231839676039,3.669166710458269e-17
5851.755535426241,3.64496582369531e-17
5852.279231176444,3.630757668106732e-17
5852.802926926646,3.666523266626003e-17
5853.326622676849,3.721392904551582e-17
5853.85031842705,3.660752712948987e-17
5854.374014177254,3.699252715931078e-17
5854.897709927455,3.788102008751756e-17
5855.421405677658,3.868155890790123e-17
5855.94510142786,3.886537445763129e-17
5856.468797178063,3.848533444325566e-17
5856.992492928265,3.8010009176930824e-17
5857.516188678468,3.829783689536985e-17
5858.03988442867,3.8833069975352783e-17
5858.563580178872,3.882097981411546e-17
5859.087275929074,3.864636117136442e-17
5859.610971679277,3.9981593789114566e-17
5860.134667429479,4.074403842249535e-17
5860.658363179682,4.0589475682093364e-17
5861.182058929885,4.060457297553946e-17
5861.705754680087,4.1660779540866335e-17
5862.229450430288,4.136220134322993e-17
5862.753146180492,4.131182309881958e-17
5863.276841930694,3.9821693395038e-17
5863.800537680896,3.8952434101566194e-17
5864.324233431099,3.835445088479626e-17
5864.847929181301,3.9708332533334027e-17
5865.371624931504,3.976304798807245e-17
5865.895320681706,4.490111877133644e-17
5866.419016431909,5.0984647299498515e-17
5866.94271218211,5.111917332014038e-17
5867.466407932314,4.4355361423358364e-17
5867.990103682515,4.1252154371396606e-17
5868.513799432718,3.886181941634763e-17
5869.03749518292,3.717603933460701e-17
5869.561190933123,3.65200920913184e-17
5870.084886683325,3.6898803057386004e-17
5870.608582433528,3.7451196280057e-17
5871.13227818373,3.737421428315665e-17
5871.655973933932,3.702293298148421e-17
5872.179669684134,3.745975193584804e-17
5872.703365434337,3.8185145301852414e-17
5873.227061184539,3.700694474628854e-17
5873.750756934742,3.5174583477588303e-17
5874.274452684944,3.2550401404822484e-17
5874.798148435147,3.208966500817895e-17
5875.321844185348,3.1966603307492586e-17
5875.845539935552,3.285800630886992e-17
5876.369235685754,3.3878136566725624e-17
5876.892931435956,3.4155878514121295e-17
5877.416627186158,3.3935510728387214e-17
5877.940322936361,3.3208497553824023e-17
5878.464018686564,3.155611242578534e-17
5878.987714436766,3.034736301542205e-17
5879.5114101869685,2.8348562957925116e-17
5880.03510593717,2.4794098239655025e-17
5880.5588016873735,2.2134165676107118e-17
5881.082497437575,2.2431555007725308e-17
5881.6061931877775,2.5840208070343776e-17
5882.12988893798,2.6947792006895573e-17
5882.6535846881825,2.811083525125211e-17
5883.1772804383845,3.172818686817932e-17
5883.700976188587,3.179932650040076e-17
5884.2246719387895,3.1046718920551764e-17
5884.7483676889915,3.1934811672836044e-17
5885.2720634391935,3.284538217310844e-17
5885.795759189396,3.186314591230768e-17
5886.3194549395985,3.037158172140617e-17
5886.843150689801,2.8955083829639216e-17
5887.366846440003,3.1193883912385604e-17
5887.890542190206,3.455101491386015e-17
5888.4142379404075,3.4398466542863546e-17
5888.937933690611,3.5689281725934113e-17
5889.461629440813,3.370383575982496e-17
5889.985325191015,3.168260808061654e-17
5890.509020941217,3.322931848344949e-17
5891.03271669142,3.9244680809887326e-17
5891.556412441623,4.081714376264214e-17
5892.080108191825,3.995525246891223e-17
5892.603803942027,3.944178845752728e-17
5893.127499692229,3.894919448779926e-17
5893.651195442433,3.8952873155103533e-17
5894.174891192634,3.9141731572032406e-17
5894.698586942837,3.792398504128348e-17
5895.222282693039,3.559760736751506e-17
5895.745978443242,3.380288703607102e-17
5896.269674193444,3.343451685682836e-17
5896.793369943647,3.6094931381912326e-17
5897.317065693849,3.801637767101027e-17
5897.840761444051,3.8554323223623277e-17
5898.364457194253,3.816996038035972e-17
5898.888152944456,3.8982983420080934e-17
5899.411848694658,3.7896056902313124e-17
5899.935544444861,3.8539053569631106e-17
5900.459240195063,3.8871000533526077e-17
5900.982935945266,3.7146869564104806e-17
5901.506631695467,3.635860871676166e-17
5902.030327445671,3.828815779365394e-17
5902.554023195872,3.8919874002573495e-17
5903.077718946075,3.753654486827041e-17
5903.601414696277,3.665780883446994e-17
5904.12511044648,3.516118498524906e-17
5904.648806196683,3.530241463526194e-17
5905.172501946885,3.4869671742227675e-17
5905.696197697087,3.4792473692465353e-17
5906.219893447289,3.558748351726609e-17
5906.743589197493,3.634366416228011e-17
5907.267284947694,3.60878243247919e-17
5907.790980697897,3.636361951894819e-17
5908.314676448099,3.748342488271613e-17
5908.838372198302,3.835019393873399e-17
5909.362067948504,3.765612165276978e-17
5909.885763698707,3.915694816001615e-17
5910.409459448909,3.843037015014469e-17
5910.933155199111,4.044670684662744e-17
5911.456850949313,4.040000417122172e-17
5911.980546699516,3.9760678157062e-17
5912.504242449718,3.960993648952119e-17
5913.027938199921,3.973928638431595e-17
5913.551633950123,3.911096750694854e-17
5914.075329700326,3.949562416027205e-17
5914.599025450527,4.0326930281925876e-17
5915.122721200731,4.090071719307959e-17
5915.646416950932,4.010942470260192e-17
5916.170112701135,4.116332312717063e-17
5916.693808451337,4.0779819636579345e-17
5917.21750420154,3.89743118735578e-17
5917.741199951742,3.870774912195707e-17
5918.264895701945,3.7699895096684027e-17
5918.788591452147,3.695730002960885e-17
5919.312287202349,3.69302646604713e-17
5919.8359829525525,3.6097820231214794e-17
5920.359678702754,3.7512638631810983e-17
5920.883374452956,3.633131669414853e-17
5921.407070203159,3.861503736593833e-17
5921.9307659533615,3.76162628520446e-17
5922.4544617035635,3.65709774294605e-17
5922.9781574537665,3.584218621671014e-17
5923.5018532039685,3.59323003015313e-17
5924.0255489541705,3.674976055414186e-17
5924.5492447043725,3.693062938215556e-17
5925.0729404545755,3.668277990081426e-17
5925.5966362047775,3.699285247608919e-17
5926.12033195498,3.71449687342139e-17
5926.644027705182,3.694373309402608e-17
5927.167723455385,3.694973007000723e-17
5927.6914192055865,3.760366741521184e-17
5928.21511495579,3.764038631050604e-17
5928.738810705991,3.7176097200613846e-17
5929.262506456194,3.874727487104617e-17
5929.786202206396,3.859926067020872e-17
5930.309897956599,3.9145689768348954e-17
5930.833593706801,3.9978176601705925e-17
5931.357289457004,3.9820752770484294e-17
5931.880985207206,3.933002999140462e-17
5932.404680957408,3.9090390365174746e-17
5932.92837670761,3.945738915521388e-17
5933.452072457813,3.871006379518455e-17
5933.975768208015,3.935288436586405e-17
5934.499463958218,4.040876512444799e-17
5935.023159708421,4.0045728278159684e-17
5935.546855458623,4.044003770339683e-17
5936.070551208824,4.002882394684925e-17
5936.594246959028,3.958352186525606e-17
5937.11794270923,3.929888862816409e-17
5937.641638459432,3.8631540433337564e-17
5938.165334209635,3.8382201075264356e-17
5938.689029959837,3.8670886098959837e-17
5939.21272571004,3.6413075769594516e-17
5939.736421460242,3.6766861440499064e-17
5940.260117210445,3.707619653816893e-17
5940.783812960646,3.7207528241255775e-17
5941.30750871085,3.5851942724932983e-17
5941.831204461051,3.486308058696375e-17
5942.354900211254,3.499858119213116e-17
5942.878595961456,3.4910526054673455e-17
5943.402291711659,3.5373786516619226e-17
5943.925987461861,3.46491696120806e-17
5944.449683212064,3.536475896358971e-17
5944.973378962266,3.5237339249747937e-17
5945.497074712468,3.663980784176055e-17
5946.02077046267,3.6617631068749284e-17
5946.544466212873,3.706838814169021e-17
5947.068161963075,3.784913000349318e-17
5947.591857713278,3.8220529640833896e-17
5948.11555346348,3.812672727759431e-17
5948.639249213683,3.9119920928731346e-17
5949.162944963884,4.046614188231211e-17
5949.686640714088,4.2185689456290934e-17
5950.21033646429,4.17356694733954e-17
5950.734032214492,4.0889077142722e-17
5951.257727964694,3.9983752498363034e-17
5951.781423714897,4.0525692034835085e-17
5952.3051194651,4.164653230090844e-17
5952.828815215302,4.0928494620161465e-17
5953.352510965505,4.0521272721397686e-17
5953.876206715706,4.096723744435846e-17
5954.39990246591,4.088479209238545e-17
5954.923598216111,4.120126157629631e-17
5955.447293966314,4.156178760185633e-17
5955.970989716516,4.116644417556544e-17
5956.494685466719,4.051448832093306e-17
5957.018381216921,4.048350744367288e-17
5957.542076967124,4.158169158088756e-17
5958.065772717326,4.217157062367671e-17
5958.589468467528,4.279195279137002e-17
5959.11316421773,4.339244146117841e-17
5959.636859967933,4.245164091693743e-17
5960.160555718135,4.3365359883791365e-17
5960.684251468338,4.277730384764684e-17
5961.20794721854,4.327926287956451e-17
5961.731642968743,4.3018537320057394e-17
5962.255338718944,4.28792282722061e-17
5962.7790344691475,4.107481929286294e-17
5963.3027302193495,4.1396098756142014e-17
5963.826425969552,3.991519114828725e-17
5964.350121719754,3.971407469113009e-17
5964.8738174699565,3.998990375470189e-17
5965.397513220159,3.971149960763357e-17
5965.9212089703615,3.944170328674472e-17
5966.4449047205635,3.8905201569581963e-17
5966.9686004707655,3.8693072917304024e-17
5967.492296220969,3.930500201817806e-17
5968.0159919711705,3.8543826158161086e-17
5968.539687721373,3.9426604916830156e-17
5969.063383471575,3.9502565651396705e-17
5969.587079221778,3.8738493949886354e-17
5970.11077497198,4.0044848108873534e-17
5970.634470722183,4.154894760639581e-17
5971.158166472385,4.0764222922544e-17
5971.681862222587,4.004888877789036e-17
5972.205557972789,3.920217881945665e-17
5972.729253722992,3.8964278624893664e-17
5973.252949473194,3.906191683231832e-17
5973.776645223397,3.77385289094238e-17
5974.300340973599,3.748940244318668e-17
5974.824036723802,3.8122280015094243e-17
5975.347732474003,3.794160748333865e-17
5975.871428224207,3.7560093292596694e-17
5976.395123974408,3.783278484130162e-17
5976.918819724611,3.9697947793087935e-17
5977.442515474813,3.9493675507770425e-17
5977.966211225016,3.9872353742929e-17
5978.489906975219,3.919494304363694e-17
5979.013602725421,3.884366385782349e-17
5979.537298475623,3.8317615163949366e-17
5980.060994225825,3.801224325067425e-17
5980.584689976029,3.898063751147698e-17
5981.10838572623,4.022120977657381e-17
5981.632081476433,4.023737160611234e-17
5982.155777226635,4.074695791886449e-17
5982.679472976838,4.0156793934565305e-17
5983.20316872704,4.0337852332363573e-17
5983.726864477243,4.051040307766399e-17
5984.250560227445,4.1169299091360626e-17
5984.774255977647,4.0851028758636e-17
5985.297951727849,4.003964477722261e-17
5985.821647478052,4.019999857027192e-17
5986.345343228254,3.9810920492325053e-17
5986.869038978457,4.004685708437154e-17
5987.392734728659,4.0645305437490905e-17
5987.916430478862,3.985761766661898e-17
5988.440126229063,3.955025605400215e-17
5988.963821979267,3.9239308809817596e-17
5989.487517729468,3.976360310173974e-17
5990.011213479671,3.912021227181933e-17
5990.534909229873,3.8418870873067983e-17
5991.058604980076,3.941823525304038e-17
5991.582300730278,3.894004364705523e-17
5992.105996480481,3.765456021165778e-17
5992.629692230683,3.641209610549668e-17
5993.153387980885,3.50640600989575e-17
5993.677083731089,3.5773866956699526e-17
5994.20077948129,3.7078841349216807e-17
5994.724475231492,3.759910333066038e-17
5995.248170981695,3.8250049840786794e-17
5995.771866731898,3.683179828963642e-17
5996.2955624821,3.715018063946718e-17
5996.819258232303,3.6383231678223734e-17
5997.342953982505,3.622063832885707e-17
5997.866649732707,3.596834639118117e-17
5998.390345482909,3.5341354937998843e-17
5998.914041233112,3.526830914423245e-17
5999.437736983314,3.4977312610013384e-17
5999.961432733517,3.6136822244289843e-17
6000.485128483719,3.7327528880579464e-17
6001.008824233922,3.79205137477197e-17
6001.532519984123,3.6688142608928804e-17
6002.0562157343265,3.7494188579059146e-17
6002.579911484528,3.792983123084699e-17
6003.103607234731,3.689590930096962e-17
6003.627302984933,3.802081127847106e-17
6004.1509987351355,3.724175724090654e-17
6004.674694485338,3.60218723572299e-17
6005.1983902355405,3.7317766505802715e-17
6005.7220859857425,3.7208856178285507e-17
6006.245781735945,3.787384858489622e-17
6006.769477486147,3.7766081934254176e-17
6007.2931732363495,3.7614978734922963e-17
6007.8168689865515,3.7037108667331867e-17
6008.3405647367545,3.647036851047457e-17
6008.864260486957,3.61217034148949e-17
6009.387956237159,3.666725782010524e-17
6009.9116519873605,3.726202664304278e-17
6010.435347737564,3.737133171260492e-17
6010.959043487766,3.6895821201377294e-17
6011.482739237968,3.5833705852182875e-17
6012.006434988171,3.5614011197743025e-17
6012.530130738373,3.691200678358573e-17
6013.053826488576,3.758412683293395e-17
6013.577522238778,3.594653360912257e-17
6014.101217988981,3.7328100727508195e-17
6014.624913739182,3.6907160233480196e-17
6015.148609489386,3.6828046032919246e-17
6015.672305239587,3.6935213805011987e-17
6016.19600098979,3.6174231696481394e-17
6016.719696739992,3.646148413491082e-17
6017.243392490195,3.822661086565935e-17
6017.767088240397,3.73654372469571e-17
6018.2907839906,3.857475137246612e-17
6018.814479740802,3.7710626508303227e-17
6019.338175491004,3.750620816346128e-17
6019.861871241206,3.853056839329535e-17
6020.385566991409,3.84879325427769e-17
6020.909262741611,3.8961490826523386e-17
6021.432958491814,3.9181652884017286e-17
6021.956654242017,3.919177978711893e-17
6022.480349992219,3.837383485849053e-17
6023.00404574242,3.8919148610879355e-17
6023.527741492624,4.0682965270261754e-17
6024.051437242826,3.9730280988253646e-17
6024.575132993028,3.871874560190271e-17
6025.09882874323,3.770954140544667e-17
6025.622524493433,3.7687688255736444e-17
6026.146220243636,3.8915199091119246e-17
6026.669915993838,3.8750789134970606e-17
6027.193611744041,3.851667904494608e-17
6027.717307494242,4.018454413413782e-17
6028.241003244446,4.072233140412107e-17
6028.764698994647,3.994057900021811e-17
6029.28839474485,3.9674423098894754e-17
6029.812090495052,3.952117889309297e-17
6030.335786245255,3.861066133166657e-17
6030.859481995457,4.1147850245631755e-17
6031.38317774566,4.153842046534891e-17
6031.906873495862,4.0556950051490443e-17
6032.430569246064,4.0274985572191834e-17
6032.954264996266,3.861500143875156e-17
6033.477960746469,3.733616454700383e-17
6034.001656496671,3.8625896276011743e-17
6034.525352246874,3.88101569239424e-17
6035.049047997076,3.948601553476214e-17
6035.572743747279,4.0863140658326725e-17
6036.09643949748,4.2511207914434274e-17
6036.620135247684,4.0417679266532714e-17
6037.143830997886,3.925053481820461e-17
6037.667526748088,3.8704723834134424e-17
6038.19122249829,3.9668586973871753e-17
6038.714918248493,3.9566995555468937e-17
6039.238613998696,3.972807645093654e-17
6039.762309748898,3.8465665773143046e-17
6040.2860054991,3.8407998385158495e-17
6040.809701249302,3.816358132703056e-17
6041.333396999506,3.741827792015793e-17
6041.857092749707,3.7182297295216486e-17
6042.38078849991,3.671346881186545e-17
6042.904484250112,3.530923741454953e-17
6043.428180000315,3.603905230554475e-17
6043.951875750517,3.7844461807194034e-17
6044.4755715007195,3.77972219278286e-17
6044.999267250922,3.738030857997676e-17
6045.522963001124,3.857051793448628e-17
6046.046658751326,3.9082462708637697e-17
6046.5703545015285,3.8819898743541806e-17
6047.094050251731,4.0723806285642995e-17
6047.6177460019335,4.188142247507061e-17
6048.1414417521355,4.122565573500548e-17
6048.665137502338,4.0558817734612074e-17
6049.18883325254,3.803520889898249e-17
6049.712529002743,3.715954966097059e-17
6050.2362247529445,3.722181671888537e-17
6050.759920503147,3.64591132779515e-17
6051.2836162533495,3.739416632759526e-17
6051.807312003552,3.715901351531363e-17
6052.331007753755,3.670709329156965e-17
6052.854703503957,3.688339405733746e-17
6053.378399254159,3.787530858803163e-17
6053.902095004361,3.839055612542181e-17
6054.425790754565,3.775109159725282e-17
6054.949486504766,3.6844871799892734e-17
6055.473182254969,3.686803040097858e-17
6055.996878005171,3.735813201815166e-17
6056.520573755374,3.884969245761655e-17
6057.044269505576,4.0570255700009754e-17
6057.567965255779,4.3067431877241416e-17
6058.091661005981,4.3053159404540594e-17
6058.615356756183,4.2260200893404964e-17
6059.139052506385,4.103159821870545e-17
6059.662748256588,4.178675311193933e-17
6060.18644400679,4.113210033227929e-17
6060.710139756993,4.210374755618406e-17
6061.233835507195,4.296570953389404e-17
6061.757531257398,4.246689512179355e-17
6062.281227007599,4.2396458310004484e-17
6062.804922757803,4.218895982406117e-17
6063.328618508004,4.09313596464544e-17
6063.852314258207,3.975435878931211e-17
6064.376010008409,4.13899738516725e-17
6064.899705758612,4.071957425319111e-17
6065.423401508814,4.0685915975472883e-17
6065.947097259017,3.848123891043363e-17
6066.470793009219,0.0
6066.994488759421,0.0
6067.518184509625,0.0
