wav,flam
3049.994542359303,-592.05
3050.294512317244,-130.8
3050.5944822751853,-321.99
3050.994442219107,140.78
3051.294412177048,537.54
3051.6943721209695,-649.44
3051.9943420789104,558.88
3052.2943120368514,-691.76
3052.694271980773,-459.08
3052.9942419387144,-9.7955
3053.3942018826356,229.5
3053.6941718405765,198.91
3054.0941317844986,-356.57
3054.3941017424395,-233.64
3054.6940717003804,-158.01
3055.094031644302,53.299
3055.3940016022434,766.31
3055.7939615461646,-213.71
3056.093931504106,153.84
3056.4938914480276,389.19
3056.7938614059685,171.49
3057.09383136391,94.594
3057.493791307831,143.59
3057.793761265772,269.43
3058.1937212096936,635.32
3058.493691167635,-633.7
3058.793661125576,85.325
3059.193621069497,251.55
3059.493591027439,370.6
3059.8935509713597,-255.64
3060.193520929301,-309.5
3060.5934808732227,867.35
3060.9934408171443,153.29
3061.193420789105,468.75
3061.593380733026,474.79
3061.9933406769483,-206.12
3062.2933106348887,224.48
3062.6932705788104,112.19
3062.9932405367517,156.29
3063.393200480673,442.49
3063.6931704386143,-140.34
3064.0931303825355,-41.254
3064.3931003404764,6.7266
3064.793060284398,61.285
3065.0930302423394,-83.205
3065.3930002002803,-159.04
3065.7929601442015,165.48
3066.0929301021433,-728.2
3066.4928900460645,81.618
3066.7928600040054,-170.86
3067.1928199479275,-124.44
3067.4927899058684,212.86
3067.7927598638094,-190.88
3068.1927198077306,46.322
3068.492689765672,420.48
3068.8926497095936,-53.789
3069.1926196675345,83.868
3069.492589625476,245.83
3069.892549569397,-474.86
3070.1925195273384,-309.34
3070.59247947126,-279.86
3070.8924494292005,97.603
3071.2924093731226,277.88
3071.592379331064,37.121
3071.8923492890044,-88.964
3072.292309232926,-139.72
3072.5922791908674,-132.93
3072.992239134789,121.67
3073.29220909273,251.01
3073.692169036651,91.386
3073.9921389945926,271.83
3074.2921089525335,-91.943
3074.692068896455,-190.2
3074.9920388543965,-69.982
3075.391998798317,555.12
3075.691968756259,323.97
3075.9919387142004,179.18
3076.391898658121,759.38
3076.6918686160625,50.817
3077.091828559984,-53.078
3077.391798517925,-179.11
3077.7917584618463,106.1
3078.0917284197876,96.611
3078.3916983777285,-223.15
3078.79165832165,-24.461
3079.0916282795915,53.887
3079.4915882235127,225.09
3079.7915581814536,-378.97
3080.1915181253758,346.47
3080.4914880833167,-268.23
3080.7914580412576,215.97
3081.1914179851797,229.66
3081.4913879431206,-50.643
3081.891347887042,-98.824
3082.191317844983,163.78
3082.491287802924,-424.13
3082.8912477468457,-140.85
3083.1912177047866,-64.299
3083.5911776487083,313.21
3083.891147606649,125.71
3084.291107550571,-270.28
3084.591077508512,194.24
3084.891047466453,-64.324
3085.2910074103747,201.77
3085.590977368316,-65.2
3085.9909373122373,-351.75
3086.290907270178,-122.31
3086.6908672141,416.32
3086.990837172041,120.05
3087.290807129982,31.74
3087.6907670739033,-18.436
3087.9907370318447,-132.52
3088.390696975766,61.082
3088.6906669337072,-14.485
3088.9906368916486,119.97
3089.3905968355693,519.52
3089.7905567794915,145.93
3090.0905267374324,-111.41
3090.490486681354,0.67345
3090.890446625275,-349.66
3091.0904265972363,-224.2
3091.490386541158,164.55
3091.890346485079,373.03
3092.1903164430205,51.504
3092.5902763869417,-115.29
3092.8902463448826,178.21
3093.2902062888043,-150.39
3093.5901762467456,-310.95
3093.8901462046865,-252.44
3094.2901061486077,-139.34
3094.590076106549,203.27
3094.9900360504707,-399.45
3095.2900060084116,480.31
3095.589975966353,-97.584
3095.9899359102747,-19.036
3096.2899058682156,-36.467
3096.689865812137,-138.39
3096.989835770078,-0.57775
3097.389795714,-172.81
3097.6897656719407,-145.6
3097.989735629882,-138.95
3098.3896955738032,359.31
3098.689665531744,-170.86
3099.0896254756663,-256.49
3099.389595433607,128.56
3099.7895553775284,-84.501
3100.0895253354697,234.62
3100.3894952934106,-323.05
3100.7894552373323,-214.73
3101.0894251952736,-176.14
3101.4893851391953,293.44
3101.789355097136,23.909
3102.1893150410574,185.44
3102.4892849989988,132.12
3102.7892549569397,67.651
3103.1892149008613,285.22
3103.4891848588027,121.14
3103.8891448027234,27.742
3104.189114760665,6.5952
3104.489084718606,-18.351
3104.8890446625273,-8.4437
3105.1890146204687,-116.27
3105.58897456439,-452.94
3105.8889445223313,74.31
3106.2889044662525,-228.23
3106.588874424194,-158.67
3106.8888443821347,-11.059
3107.2888043260564,60.79
3107.5887742839977,108.21
3107.9887342279194,-249.75
3108.28870418586,-81.113
3108.688664129782,-9.4206
3108.9886340877233,136.6
3109.2886040456638,-336.69
3109.6885639895854,-75.786
3109.988533947527,-6.5828
3110.388493891448,144.89
3110.6884638493893,54.643
3110.9884338073302,-182.54
3111.388393751252,-204.37
3111.6883637091933,-97.523
3112.0883236531145,56.94
3112.3882936110554,80.937
3112.788253554977,-73.834
3113.0882235129184,-23.493
3113.4881834568396,-140.44
3113.7881534147805,-220.53
3114.188113358702,132.27
3114.4880833166435,137.97
3114.8880432605647,23.064
3115.1880132185056,18.212
3115.4879831764474,228.98
3115.887943120368,151.07
3116.1879130783095,-17.569
3116.5878730222316,-197.5
3116.887842980172,116.49
3117.1878129381134,-32.526
3117.587772882035,-40.487
3117.8877428399755,44.213
3118.2877027838977,217.57
3118.5876727418386,32.984
3118.98763268576,83.672
3119.287602643701,102.97
3119.587572601642,-130.39
3119.987532545564,-25.516
3120.287502503505,59.978
3120.6874624474262,203.51
3120.987432405368,27.364
3121.387392349289,23.831
3121.68736230723,-29.625
3121.9873322651715,-77.658
3122.3872922090927,61.649
3122.687262167034,159.4
3123.0872221109553,-44.737
3123.387192068896,224.13
3123.787152012818,63.675
3124.1871119567395,-100.84
3124.3870919287,-76.632
3124.7870518726213,114.93
3125.1870118165434,54.759
3125.4869817744843,-212.8
3125.8869417184055,144.08
3126.1869116763473,119.0
3126.4868816342882,-15.19
3126.8868415782094,36.415
3127.1868115361503,-78.003
3127.5867714800725,29.477
3127.8867414380134,157.0
3128.2867013819346,5.0544
3128.586671339876,-32.368
3128.886641297817,-166.64
3129.2866012417385,174.04
3129.58657119968,-69.099
3129.986531143601,62.429
3130.286501101542,121.79
3130.6864610454636,-131.2
3130.986431003405,23.119
3131.286400961346,-17.242
3131.6863609052675,49.088
3131.986330863209,80.268
3132.3862908071296,57.8
3132.686260765071,53.817
3132.9862307230123,148.18
3133.3861906669335,-138.48
3133.686160624875,-13.715
3134.086120568796,52.572
3134.386090526737,-153.62
3134.786050470659,136.83
3135.0860204286,-125.69
3135.4859803725217,287.31
3135.785950330463,57.848
3136.1859102743842,140.46
3136.4858802323256,-57.06
3136.885840176247,-7.4829
3137.185810134188,66.177
3137.4857800921295,45.466
3137.8857400360503,26.613
3138.1857099939916,97.248
3138.5856699379133,36.145
3138.885639895854,72.843
3139.2855998397754,-116.22
3139.5855697977167,122.46
3139.8855397556576,211.73
3140.2854996995793,7.4103
3140.5854696575207,47.48
3140.985429601442,22.785
3141.285399559383,138.62
3141.5853695173246,47.442
3141.985329461246,-130.15
3142.2852994191867,15.846
3142.6852593631083,19.336
3142.9852293210497,91.59
3143.385189264971,-112.22
3143.685159222912,-42.486
3143.985129180853,11.783
3144.385089124775,-83.129
3144.6850590827157,177.01
3145.0850190266374,-158.62
3145.384988984578,70.829
3145.7849489285,74.411
3146.0849188864413,16.525
3146.3848888443817,145.62
3146.784848788304,74.557
3147.084818746245,8.8549
3147.4847786901664,-341.07
3147.7847486481073,5.9516
3148.084718606048,-10.801
3148.4846785499703,-0.17354
3148.7846485079112,-78.488
3149.1846084518324,66.108
3149.484578409774,35.918
3149.884538353695,-79.626
3150.1845083116364,129.55
3150.4844782695777,40.84
3150.884438213499,55.149
3151.1844081714403,-36.455
3151.5843681153615,8.7411
3151.8843380733024,-61.645
3152.284298017224,-165.12
3152.5842679751654,104.67
3152.8842379331063,115.31
3153.2841978770275,106.23
3153.584167834969,32.941
3153.9841277788905,-69.436
3154.2840977368314,-35.139
3154.684057680753,-47.898
3154.984027638694,137.26
3155.2839975966353,98.951
3155.683957540557,-58.06
3155.983927498498,56.258
3156.3838874424196,176.25
3156.7838473863408,56.104
3157.083817344282,-1.5231
3157.383787302223,-32.117
3157.7837472461447,-21.179
3158.083717204086,59.086
3158.4836771480072,80.98
3158.883637091929,32.767
3159.18360704987,124.33
3159.483577007811,-6.6937
3159.8835369517324,73.689
3160.1835069096733,30.8
3160.5834668535954,28.704
3160.883436811536,-8.3879
3161.2833967554575,21.842
3161.583366713399,27.534
3161.8833366713397,-22.922
3162.2832966152614,-6.5888
3162.5832665732028,-95.28
3162.9832265171244,5.9105
3163.2831964750653,-66.017
3163.6831564189865,91.401
3163.983126376928,-60.941
3164.283096334869,-60.192
3164.6830562787904,27.52
3164.983026236732,-3.0923
3165.3829861806526,-5.9116
3165.682956138594,94.899
3165.9829260965357,-16.872
3166.3828860404565,-31.336
3166.682855998398,35.62
3167.0828159423195,-18.597
3167.3827859002604,-29.398
3167.7827458441816,-58.827
3168.082715802123,97.046
3168.382685760064,-26.719
3168.7826457039855,54.061
3169.082615661927,34.508
3169.482575605848,58.901
3169.782545563789,66.833
3170.182505507711,65.624
3170.482475465652,-39.064
3170.782445423593,5.3331
3171.1824053675145,25.931
3171.482375325456,41.187
3171.882335269377,-13.701
3172.182305227318,-10.225
3172.58226517124,71.243
3172.882235129181,14.551
3173.182205087122,52.426
3173.5821650310436,53.635
3173.8821349889845,-21.329
3174.282094932906,-33.262
3174.5820648908475,16.693
3174.882034848788,93.779
3175.2819947927096,8.0987
3175.5819647506514,28.523
3175.9819246945726,103.75
3176.2818946525135,17.018
3176.681854596435,-12.333
3176.9818245543765,-106.2
3177.2817945123174,74.78
3177.6817544562387,-93.077
3177.98172441418,32.619
3178.381684358101,59.476
3178.6816543160426,10.021
3179.0816142599638,83.6
3179.3815842179047,-132.61
3179.681554175846,43.511
3180.0815141197677,8.6194
3180.3814840777086,47.893
3180.7814440216303,-81.878
3181.0814139795716,12.282
3181.4813739234933,135.21
3181.7813438814337,72.903
3182.081313839375,9.027
3182.481273783297,204.89
3182.7812437412376,15.27
3183.1812036851593,-95.782
3183.4811736431006,53.462
3183.781143601041,-25.992
3184.181103544963,5.333
3184.5810634888844,-38.732
3184.8810334468253,-17.69
3185.280993390747,32.9
3185.5809633486883,44.425
3185.8809333066292,75.488
3186.2808932505504,109.17
3186.6808531944725,-5.337
3186.9808231524134,-25.328
3187.3807830963347,36.373
3187.680753054276,-22.914
3188.0807129981977,-145.77
3188.3806829561386,-24.507
3188.6806529140795,98.463
3189.0806128580016,-57.863
3189.3805828159425,-14.315
3189.7805427598637,0.59075
3190.080512717805,48.005
3190.4804726617267,-101.56
3190.7804426196676,32.62
3191.080412577609,4.3223
3191.48037252153,26.228
3191.7803424794715,2.2279
3192.1803024233927,48.905
3192.480272381334,33.163
3192.780242339275,45.821
3193.1802022831966,118.51
3193.480172241138,60.33
3193.8801321850588,-54.675
3194.180102143,-38.016
3194.5800620869218,159.19
3194.8800320448627,-70.549
3195.180002002804,57.246
3195.5799619467252,-51.249
3195.879931904666,-1.9544
3196.279891848588,-71.817
3196.579861806529,30.816
3196.979821750451,85.962
3197.2797917083917,83.727
3197.579761666333,-60.111
3197.9797216102547,-23.858
3198.279691568195,44.588
3198.6796515121173,93.679
3198.979621470058,-20.728
3199.3795814139794,-38.883
3199.6795513719208,130.46
3199.9795213298617,20.658
3200.3794812737833,69.824
3200.6794512317247,-36.499
3201.079411175646,-51.267
3201.379381133587,67.513
3201.6793510915286,-78.766
3202.07931103545,94.778
3202.3792809933907,101.36
3202.7792409373124,-10.303
3203.0792108952537,-58.166
3203.479170839175,63.943
3203.779140797116,-45.926
3204.079110755057,68.087
3204.479070698979,10.971
3204.7790406569197,-63.58
3205.179000600841,33.417
3205.4789705587823,-60.603
3205.8789305027035,-37.207
3206.178900460645,-56.23
3206.478870418586,-15.698
3206.8788303625074,7.2191
3207.1788003204488,57.394
3207.5787602643704,-37.917
3207.978720208292,43.143
3208.278690166233,-34.649
3208.578660124174,111.27
3208.9786200680956,1.3046
3209.2785900260365,8.1744
3209.678549969958,-34.433
3209.9785199278995,92.021
3210.2784898858404,45.332
3210.6784498297616,29.485
3210.978419787703,9.9069
3211.378379731624,-4.1362
3211.6783496895655,-44.881
3212.0783096334867,-33.956
3212.378279591428,-25.237
3212.6782495493694,15.837
3213.0782094932906,62.743
3213.3781794512315,25.985
3213.778139395153,-107.95
3214.0781093530945,69.459
3214.4780692970157,-88.888
3214.7780392549566,39.936
3215.078009212898,10.518
3215.4779691568197,45.293
3215.7779391147606,39.49
3216.177899058682,-25.753
3216.4778690166236,-7.25
3216.877828960545,-42.85
3217.277788904466,-23.197
3217.477768876427,71.817
3217.8777288203487,5.8704
3218.1776987782896,1.869
3218.5776587222113,-59.304
3218.977618666133,-43.619
3219.177598638093,-5.1371
3219.577558582015,-10.626
3219.9775185259364,137.63
3220.2774884838773,-62.466
3220.677448427799,107.22
3220.9774183857403,24.239
3221.377378329661,9.4628
3221.6773482876024,-59.396
3221.977318245544,-0.70471
3222.377278189465,-32.013
3222.6772481474063,-23.78
3223.077208091328,50.669
3223.377178049269,18.776
3223.7771379931905,18.665
3224.0771079511314,13.345
3224.3770779090723,-44.296
3224.7770378529945,-46.137
3225.0770078109354,-11.954
3225.476967754857,35.046
3225.7769377127975,56.955
3226.1768976567196,5.3079
3226.476867614661,-26.322
3226.7768375726014,-9.1488
3227.176797516523,0.17424
3227.476767474465,-18.423
3227.8767274183856,37.994
3228.176697376327,106.45
3228.4766673342683,-18.06
3228.8766272781895,-0.039045
3229.176597236131,91.219
3229.576557180052,-2.8677
3229.876527137993,-26.448
3230.2764870819146,-61.575
3230.576457039856,-44.664
3230.976416983777,30.432
3231.276386941718,6.7566
3231.6763468856398,106.93
3231.976316843581,-41.264
3232.3762767875023,-18.914
3232.6762467454437,-91.325
3232.976216703385,-0.10742
3233.3761766473062,6.3941
3233.676146605247,37.261
3234.0761065491693,21.063
3234.37607650711,60.301
3234.7760364510314,71.965
3235.0760064089727,8.7052
3235.375976366913,-22.378
3235.7759363108353,99.659
3236.0759062687766,1.144
3236.475866212698,-13.569
3236.7758361706387,4.5854
3237.0758061285806,9.529
3237.4757660725018,-23.32
3237.7757360304427,4.205
3238.1756959743643,-34.731
3238.4756659323057,-41.653
3238.8756258762264,21.616
3239.175595834168,30.23
3239.475565792109,-27.269
3239.8755257360303,-44.268
3240.1754956939717,-5.7808
3240.575455637893,45.437
3240.875425595834,-63.516
3241.2753855397555,6.2253
3241.575355497697,-12.092
3241.8753254556377,9.8638
3242.2752853995594,-31.318
3242.5752553575007,55.473
3242.9752153014224,38.349
3243.275185259363,-17.563
3243.675145203285,-34.329
3243.975115161226,-129.8
3244.2750851191668,30.924
3244.6750450630884,17.092
3244.9750150210293,49.61
3245.374974964951,39.056
3245.6749449228923,92.401
3245.9749148808332,-8.5774
3246.3748748247544,-75.59
3246.674844782696,22.425
3247.0748047266175,44.404
3247.3747746845584,-44.727
3247.77473462848,32.045
3248.0747045864214,-15.289
3248.3746745443623,11.11
3248.7746344882835,100.62
3249.074604446225,35.17
3249.4745643901465,-12.447
3249.7745343480874,51.368
3250.1744942920086,1.1803
3250.5744542359307,-21.511
3250.774434207891,-6.7273
3251.1743941518125,46.81
3251.474364109754,28.182
3251.8743240536746,26.401
3252.2742839975967,47.147
3252.5742539555376,43.26
3252.9742138994593,-16.253
3253.2741838574007,-54.77
3253.674143801322,0.25373
3253.974113759263,-3.0838
3254.3740737031844,1.5763
3254.674043661126,60.228
3254.974013619067,58.373
3255.373973562988,-34.537
3255.6739435209292,0.94061
3256.073903464851,2.4574
3256.373873422792,47.37
3256.773833366713,23.381
3257.0738033246544,118.38
3257.3737732825957,-8.4571
3257.773733226517,29.276
3258.0737031844583,-11.024
3258.47366312838,-0.14778
3258.773633086321,3.2514
3259.1735930302425,14.835
3259.4735629881834,-26.937
3259.7735329461243,23.588
3260.1734928900464,26.818
3260.4734628479873,3.9351
3260.8734227919085,70.084
3261.17339274985,29.774
3261.5733526937715,-34.49
3261.8733226517124,35.64
3262.1732926096533,-11.198
3262.573252553575,51.948
3262.8732225115164,64.907
3263.2731824554376,70.825
3263.573152413379,39.765
3263.87312237132,34.858
3264.2730823152415,6.5884
3264.573052273183,19.049
3264.973012217104,37.855
3265.272982175045,27.236
3265.6729421189666,47.061
3265.972912076908,35.248
3266.272882034849,29.516
3266.67284197877,56.011
3266.9728119367114,14.918
3267.3727718806326,-22.312
3267.672741838574,83.183
3268.072701782495,51.042
3268.3726717404365,-30.355
3268.672641698378,-19.494
3269.072601642299,14.58
3269.37257160024,13.913
3269.772531544162,41.672
3270.072501502103,-3.4723
3270.4724614460247,-28.858
3270.772431403965,16.481
3271.0724013619065,59.996
3271.4723613058286,10.85
3271.772331263769,19.665
3272.1722912076907,3.2019
3272.4722611656325,10.598
3272.772231123573,-47.576
3273.1721910674946,-1.3825
3273.4721610254355,-21.75
3273.872120969357,16.256
3274.1720909272985,37.716
3274.5720508712197,-25.496
3274.8720208291606,-12.806
3275.171990787102,48.649
3275.5719507310237,-22.235
3275.8719206889646,-33.846
3276.2718806328858,19.084
3276.571850590827,26.71
3276.971810534749,12.171
3277.2717804926897,70.892
3277.571750450631,-19.853
3277.9717103945527,-1.9821
3278.2716803524936,-18.989
3278.671640296415,33.457
3278.971610254356,-5.0179
3279.3715701982774,22.85
3279.6715401562187,64.088
3280.0715001001404,-1.3409
3280.371470058081,-49.155
3280.771430002003,-9.9307
3281.171389945924,27.672
3281.3713699178847,-11.809
3281.7713298618064,-15.53
3282.171289805728,-12.578
3282.4712597636694,18.189
3282.87121970759,34.409
3283.171189665532,-42.447
3283.571149609453,-61.41
3283.871119567394,53.345
3284.1710895253354,-3.2422
3284.571049469257,83.505
3284.871019427198,40.253
3285.2709793711197,39.489
3285.5709493290606,-15.571
3285.9709092729827,73.596
3286.270879230923,77.348
3286.5708491888645,10.148
3286.970809132786,13.164
3287.2707790907266,17.992
3287.6707390346487,-11.201
3287.97070899259,38.049
3288.2706789505305,-17.589
3288.6706388944526,22.488
3288.9706088523935,-80.167
3289.3705687963147,60.327
3289.670538754256,-16.729
3290.0704986981777,31.509
3290.3704686561186,30.707
3290.67043861406,8.6393
3291.070398557981,-24.374
3291.370368515922,34.779
3291.7703284598438,-15.435
3292.070298417785,3.3118
3292.4702583617063,-11.649
3292.7702283196472,18.948
3293.070198277589,124.73
3293.4701582215102,2.1887
3293.770128179451,30.932
3294.170088123373,91.982
3294.470058081314,-7.5838
3294.870018025235,27.403
3295.1699879831763,16.798
3295.4699579411176,73.115
3295.869917885039,11.981
3296.16988784298,-8.5502
3296.569847786902,7.5137
3296.8698177448423,21.385
3297.169787702784,48.348
3297.5697476467053,-61.511
3297.869717604646,16.25
3298.2696775485683,1.2949
3298.569647506509,47.104
3298.969607450431,11.166
3299.269577408372,-49.239
3299.5695473663127,-14.886
3299.969507310235,7.3957
3300.2694772681753,-17.512
3300.669437212097,67.749
3300.9694071700383,29.798
3301.3693671139595,60.141
3301.669337071901,19.454
3301.969307029842,-10.43
3302.369266973763,-22.721
3302.7692269176846,37.079
3303.069196875626,24.439
3303.369166833567,59.846
3303.7691267774885,14.561
3304.06909673543,13.839
3304.469056679351,3.0987
3304.769026637292,-16.566
3305.168986581214,62.003
3305.468956539155,-10.468
3305.768926497096,55.884
3306.1688864410175,-41.981
3306.4688563989585,43.888
3306.86881634288,41.302
3307.168786300821,-33.83
3307.5687462447427,43.374
3307.8687162026836,55.338
3308.168686160625,-2.8495
3308.5686461045466,-10.542
3308.8686160624875,-33.143
3309.268576006409,-4.5938
3309.5685459643505,-2.3899
3309.9685059082717,20.223
3310.2684758662126,-0.072782
3310.568445824154,-4.7987
3310.9684057680756,-21.847
3311.2683757260165,2.1357
3311.6683356699377,9.2279
3311.968305627879,-8.1499
3312.2682755858204,-0.27982
3312.6682355297417,1.7774
3312.968205487683,24.46
3313.368165431604,32.043
3313.6681353895456,4.5363
3314.0680953334668,-29.652
3314.468055277389,38.324
3314.668035249349,42.656
3315.0679951932707,29.89
3315.4679551371923,29.953
3315.767925095133,38.071
3316.167885039055,66.161
3316.4678549969963,55.392
3316.867814940917,-1.4848
3317.1677848988584,19.206
3317.4677548567997,-54.395
3317.867714800721,7.4996
3318.1676847586623,-11.097
3318.5676447025835,30.021
3318.867614660525,-15.89
3319.167584618466,25.42
3319.5675445623874,-28.348
3319.8675145203283,10.482
3320.26747446425,5.4074
3320.5674444221913,1.5253
3320.9674043661125,33.395
3321.2673743240534,-24.461
3321.567344281995,33.171
3321.9673042259165,48.564
3322.2672741838574,4.9129
3322.6672341277786,21.799
3322.9672040857204,26.061
3323.3671640296416,40.228
3323.6671339875825,-7.2543
3323.967103945524,20.91
3324.367063889445,7.1198
3324.6670338473864,53.202
3325.066993791308,35.382
3325.4669537352297,8.9856
3325.7669236931706,-13.896
3326.066893651112,22.284
3326.466853595033,19.867
3326.766823552974,37.637
3327.1667834968957,32.654
3327.466753454837,14.726
3327.766723412778,30.626
3328.166683356699,-49.752
3328.466653314641,23.254
3328.8666132585618,34.023
3329.166583216503,26.2
3329.5665431604248,-25.987
3329.8665131183657,-10.463
3330.166483076307,27.732
3330.5664430202282,-42.261
3330.866412978169,43.057
3331.266372922091,-8.0946
3331.566342880032,16.114
3331.966302823954,-37.094
3332.2662727818943,31.695
3332.5662427398356,-24.341
3332.9662026837577,4.265
3333.266172641698,65.852
3333.66613258562,64.551
3333.966102543561,9.9116
3334.266072501502,-6.5532
3334.6660324454238,-24.894
3334.9660024033647,56.829
3335.3659623472863,-9.1276
3335.6659323052277,8.1836
3336.065892249149,4.7937
3336.36586220709,9.7445
3336.6658321650307,32.264
3337.065792108953,-11.605
3337.3657620668937,27.567
3337.765722010815,35.173
3338.0656919687567,-2.1635
3338.465651912678,13.884
3338.765621870619,-20.899
3339.06559182856,-16.29
3339.465551772482,-22.629
3339.7655217304227,5.0289
3340.165481674344,-33.835
3340.4654516322853,43.848
3340.765421590226,-0.63967
3341.165381534148,-16.92
3341.465351492089,-11.381
3341.86531143601,90.985
3342.1652813939513,-13.762
3342.565241337873,20.238
3342.865211295814,7.6713
3343.1651812537552,-8.6382
3343.565141197677,41.779
3343.865111155618,-25.906
3344.2650710995395,-4.4147
3344.5650410574804,4.2783
3344.9650010014025,5.8823
3345.364960945323,81.325
3345.5649409172843,40.468
3345.964900861206,-22.456
3346.2648708191464,8.2618
3346.6648307630685,42.084
3347.0647907069897,26.311
3347.3647606649306,24.159
3347.664730622872,-26.111
3348.0646905667936,33.715
3348.464650510715,11.222
3348.764620468656,27.288
3349.164580412578,-18.032
3349.4645503705187,3.7151
3349.7645203284596,-44.676
3350.1644802723818,10.848
3350.4644502303227,-4.1258
3350.864410174244,-6.1437
3351.1643801321848,-15.082
3351.564340076107,-2.7534
3351.864310034048,16.748
3352.1642799919887,16.165
3352.5642399359103,9.5526
3352.8642098938512,-21.697
3353.264169837773,-2.4756
3353.5641397957143,24.793
3353.864109753655,3.3473
3354.264069697577,-33.179
3354.564039655518,32.793
3354.9639995994394,-26.045
3355.2639695573803,29.488
3355.663929501302,-39.048
3355.9638994592433,38.336
3356.263869417184,-3.4312
3356.6638293611054,7.1558
3356.9637993190468,2.7716
3357.363759262968,-36.744
3357.6637292209093,36.883
3358.0636891648305,-26.771
3358.3636591227714,-58.296
3358.6636290807132,2.1433
3359.0635890246344,35.898
3359.3635589825753,2.2558
3359.7635189264975,-31.296
3360.0634888844384,25.143
3360.3634588423793,3.6073
3360.7634187863005,59.969
3361.063388744242,-16.173
3361.463348688164,42.034
3361.7633186461044,7.6901
3362.163278590026,-51.004
3362.4632485479674,44.524
3362.7632185059083,12.607
3363.16317844983,-1.3435
3363.463148407771,33.104
3363.8631083516925,-4.9103
3364.163078309634,-18.872
3364.563038253555,17.306
3364.863008211496,33.168
3365.1629781694373,-7.2001
3365.562938113359,-11.648
3365.8629080713,-2.0944
3366.262868015221,-27.281
3366.5628379731625,-35.292
3366.8628079311034,29.798
3367.262767875025,17.394
3367.5627378329664,40.595
3367.9626977768876,29.396
3368.262667734829,1.7197
3368.66262767875,35.932
3368.9625976366915,-26.604
3369.2625675946324,-21.478
3369.662527538554,13.043
3369.9624974964954,22.779
3370.362457440416,12.105
3370.6624273983575,1.8594
3371.0623873422796,56.925
3371.36235730022,77.59
3371.6623272581614,22.924
3372.0622872020826,5.0439
3372.3622571600235,27.399
3372.7622171039457,83.364
3373.0621870618866,38.834
3373.3621570198275,56.38
3373.7621169637496,-8.546
3374.0620869216905,39.784
3374.462046865612,72.606
3374.8620068095333,9.2111
3375.1619767674747,-26.371
3375.461946725416,48.583
3375.861906669337,29.82
3376.2618666132585,37.333
3376.5618365712,10.584
3376.9617965151215,18.903
3377.261766473062,-24.222
3377.661726416984,-13.674
3377.961696374925,-0.084063
3378.261666332866,-10.602
3378.6616262767875,-20.096
3378.961596234729,12.95
3379.36155617865,2.9229
3379.6615261365914,25.88
3379.9614960945323,47.375
3380.361456038454,33.876
3380.6614259963953,34.627
3381.0613859403165,27.34
3381.3613558982574,-19.478
3381.761315842179,32.509
3382.0612858001205,-13.725
3382.3612557580614,5.0123
3382.7612157019826,-21.506
3383.061185659924,-7.1413
3383.4611456038456,19.176
3383.7611155617865,-24.596
3384.1610755057077,30.322
3384.4610454636495,-6.8701
3384.7610154215904,17.221
3385.1609753655116,9.8124
3385.460945323453,20.055
3385.860905267374,1.31
3386.1608752253155,38.421
3386.460845183257,12.948
3386.8608051271776,39.833
3387.160775085119,-5.9923
3387.5607350290406,15.359
3387.8607049869815,14.195
3388.260664930903,0.19347
3388.5606348888446,6.6158
3388.8606048467855,14.722
3389.260564790707,-23.211
3389.560534748648,27.157
3389.96049469257,-36.789
3390.2604646505106,2.6454
3390.560434608452,54.074
3390.9603945523736,22.66
3391.260364510314,31.02
3391.660324454236,1.6674
3391.9602944121775,-33.025
3392.3602543560983,25.411
3392.6602243140396,15.761
3392.960194271981,22.224
3393.360154215902,39.302
3393.6601241738435,48.9
3394.060084117765,39.718
3394.360054075706,4.3328
3394.7600140196273,-22.014
3395.0599839775687,-16.237
3395.3599539355096,38.291
3395.759913879431,43.261
3396.0598838373726,4.2344
3396.459843781294,-6.8718
3396.7598137392347,-7.9717
3397.059783697176,-1.5174
3397.4597436410977,-9.4409
3397.859703585019,38.217
3398.15967354296,28.668
3398.559633486882,-9.2482
3398.8596034448224,34.031
3399.1595734027637,28.852
3399.559533346686,17.518
3399.8595033046263,-5.183
3400.259463248548,-4.7124
3400.5594332064893,-4.2397
3400.8594031644298,20.546
3401.259363108352,34.767
3401.559333066293,2.9246
3401.9592930102144,0.99102
3402.2592629681553,-19.127
3402.659222912077,31.734
3402.9591928700183,-16.892
3403.2591628279592,-35.216
3403.659122771881,-2.7259
3403.9590927298223,7.3503
3404.359052673743,-6.3129
3404.6590226316844,7.8763
3405.058982575606,-9.4704
3405.358952533547,14.231
3405.6589224914883,34.743
3406.0588824354095,-40.94
3406.3588523933504,6.1594
3406.758812337272,-17.884
3407.1587722811937,27.919
3407.3587522531543,32.978
3407.7587121970755,-10.049
3408.0586821550173,21.586
3408.4586420989385,8.3235
3408.7586120568794,22.915
3409.1585720008015,-5.8835
3409.5585319447227,32.28
3409.7585119166833,-7.346
3410.158471860605,1.0454
3410.5584318045267,22.19
3410.8584017624676,-2.3181
3411.2583617063888,-9.4447
3411.55833166433,12.992
3411.858301622271,26.296
3412.2582615661927,13.11
3412.558231524134,-49.413
3412.9581914680552,-15.344
3413.258161425996,-6.4804
3413.658121369918,-8.8687
3413.958091327859,7.35
3414.2580612858,21.032
3414.6580212297217,-18.544
3414.957991187663,9.591
3415.357951131584,-4.9841
3415.657921089525,19.275
3416.0578810334473,-22.737
3416.3578509913877,-1.5863
3416.657820949329,8.5581
3417.0577808932503,-2.4403
3417.357750851191,36.657
3417.7577107951133,7.6063
3418.0576807530542,-19.549
3418.357650710995,-10.636
3418.7576106549172,25.82
3419.057580612858,-1.1437
3419.45754055678,-9.2723
3419.7575105147203,47.163
3420.1574704586424,8.3125
3420.4574404165837,0.75085
3420.8574003605045,6.8717
3421.157370318446,7.167
3421.5573302623675,-2.2298
3421.8573002203084,28.302
3422.1572701782497,10.601
3422.557230122171,34.655
3422.857200080112,18.458
3423.2571600240335,-4.9613
3423.557129981975,-15.555
3423.957089925896,54.394
3424.2570598838374,14.113
3424.557029841779,23.464
3424.9569897857,6.1519
3425.256959743641,6.1298
3425.6569196875625,-14.245
3425.956889645504,99.833
3426.256859603445,-13.745
3426.656819547366,18.043
3426.9567895053074,-13.004
3427.356749449229,-17.205
3427.65671940717,21.134
3428.0566793510916,12.231
3428.356649309033,43.679
3428.656619266974,-1.1466
3429.0565792108955,10.227
3429.356549168836,22.956
3429.756509112758,33.733
3430.0564790706994,7.4507
3430.4564390146206,15.554
3430.7564089725615,31.507
3431.056378930503,8.804
3431.4563388744245,46.955
3431.7563088323654,14.893
3432.1562687762867,35.201
3432.456238734228,21.849
3432.7562086921694,-0.74565
3433.1561686360906,29.615
3433.456138594032,20.76
3433.856098537953,16.215
3434.1560684958945,24.176
3434.5560284398157,80.212
3434.8559983977566,3.3162
3435.155968355698,15.607
3435.5559282996196,33.356
3435.8558982575605,5.2168
3436.2558582014817,24.022
3436.555828159423,-13.553
3436.855798117364,-2.5739
3437.2557580612856,32.334
3437.555728019227,8.1127
3437.955687963148,13.114
3438.2556579210896,-16.957
3438.655617865011,49.832
3438.955587822952,-10.872
3439.255557780893,-6.3457
3439.655517724815,51.43
3439.955487682756,-8.6835
3440.3554476266772,29.678
3440.755407570599,25.427
3440.9553875425595,-0.68091
3441.355347486481,-18.566
3441.7553074304024,11.441
3442.0552773883437,10.968
3442.4552373322654,-6.082
3442.7552072902063,24.125
3443.1551672341275,4.4112
3443.4551371920693,-11.464
3443.85509713599,14.874
3444.1550670939314,0.11732
3444.5550270378535,-11.358
3444.854996995794,-7.2956
3445.1549669537353,-9.5367
3445.554926897657,35.991
3445.8548968555974,7.7127
3446.2548567995195,5.8162
3446.5548267574604,7.561
3446.954786701382,-1.4448
3447.254756659323,28.691
3447.554726617264,24.593
3447.954686561186,-24.328
3448.254656519127,-2.5976
3448.654616463048,22.098
3448.95458642099,39.263
3449.254556378931,24.52
3449.654516322852,-19.199
3449.9544862807934,46.726
3450.3544462247146,27.324
3450.654416182656,-9.1683
3451.054376126577,30.252
3451.354346084518,57.491
3451.6543160424594,27.532
3452.054275986381,28.633
3452.354245944322,35.388
3452.754205888243,61.895
3453.0541758461845,20.539
3453.354145804126,-29.136
3453.754105748047,79.512
3454.0540757059885,41.606
3454.45403564991,51.103
3454.754005607851,9.1041
3455.1539655517727,2.9978
3455.4539355097136,-21.025
3455.7539054676545,11.582
3456.153865411576,-0.40973
3456.4538353695175,8.9354
3456.8537953134387,22.163
3457.1537652713796,15.312
3457.4537352293214,24.322
3457.8536951732426,-12.196
3458.1536651311835,-1.9156
3458.5536250751056,20.84
3458.853595033046,-10.864
3459.2535549769677,11.808
3459.553524934909,19.211
3459.8534948928495,-8.408
3460.2534548367717,9.6541
3460.553424794713,19.971
3460.953384738634,-17.347
3461.253354696575,23.711
3461.553324654516,-7.8965
3461.953284598438,15.34
3462.253254556379,21.51
3462.6532145003002,4.9921
3462.953184458242,43.273
3463.353144402163,30.26
3463.653114360104,-9.9447
3463.9530843180455,-18.233
3464.3530442619667,-0.26325
3464.653014219908,31.334
3465.0529741638293,12.247
3465.35294412177,25.724
3465.6529140797115,2.038
3466.052874023633,37.632
3466.352843981574,-6.9408
3466.7528039254953,-1.3779
3467.052773883437,29.48
3467.4527338273583,62.763
3467.752703785299,55.692
3468.0526737432406,29.813
3468.4526336871622,-25.243
3468.752603645103,15.488
3469.152563589025,26.411
3469.4525335469657,-9.0968
3469.8524934908874,38.457
3470.1524634488287,31.664
3470.55242339275,4.7459
3470.9523833366716,9.4149
3471.2523532946125,43.708
3471.6523132385337,-8.1647
3471.8522932104947,49.842
3472.252253154416,-13.992
3472.6522130983376,-19.757
3472.952183056279,53.353
3473.3521430002,13.693
3473.6521129581415,28.278
3473.952082916083,15.247
3474.3520428600036,-10.436
3474.652012817945,-18.713
3475.051972761867,21.301
3475.3519427198075,36.337
3475.751902663729,41.523
3476.0518726216706,4.5606
3476.351842579611,23.227
3476.751802523533,9.9653
3477.051772481474,24.586
3477.4517324253957,10.377
3477.7517023833366,14.952
3478.051672341278,17.93
3478.4516322851996,49.428
3478.7516022431405,39.813
3479.151562187062,21.178
3479.4515321450035,16.533
3479.8514920889243,2.6986
3480.1514620468656,31.459
3480.451432004807,10.527
3480.851391948728,0.39803
3481.1513619066695,7.6389
3481.5513218505907,16.422
3481.8512918085316,37.358
3482.1512617664735,2.0477
3482.5512217103947,57.256
3482.8511916683356,40.469
3483.251151612257,9.0007
3483.5511215701986,19.684
3483.95108151412,-5.5944
3484.2510514720607,52.59
3484.551021430002,7.4044
3484.9509813739237,34.818
3485.2509513318646,40.987
3485.650911275786,43.66
3485.950881233727,-2.8229
3486.250851191668,30.188
3486.6508111355897,-0.53799
3486.950781093531,12.869
3487.3507410374523,47.213
3487.6507109953936,24.34
3487.950680953335,22.129
3488.3506408972557,-21.838
3488.650610855197,-26.808
3489.050570799119,-4.7211
3489.3505407570597,42.045
3489.7505007009813,4.8056
3490.0504706589227,19.908
3490.350440616863,6.4235
3490.7504005607852,16.397
3491.0503705187266,27.279
3491.450330462648,68.618
3491.7503004205887,25.456
3492.05027037853,-7.0798
3492.4502303224517,39.962
3492.8501902663725,-2.5054
3493.1501602243143,18.429
3493.5501201682355,11.478
3493.8500901261764,23.641
3494.1500600841177,78.008
3494.5500200280394,24.799
3494.8499899859803,10.902
3495.2499499299015,14.363
3495.549919887843,21.741
3495.8498898457838,-5.9661
3496.2498497897054,-21.274
3496.549819747647,40.988
3496.9497796915684,1.9032
3497.2497496495093,5.1471
3497.649709593431,3.2402
3497.949679551372,20.588
3498.249649509313,13.031
3498.649609453235,29.742
3498.949579411176,1.7273
3499.349539355097,38.435
3499.6495093130384,-3.9878
3499.9494792709793,7.929
3500.349439214901,14.439
3500.649409172842,34.95
3501.0493691167635,25.578
3501.3493390747044,-12.811
3501.6493090326458,36.395
3502.0492689765674,7.0983
3502.3492389345083,18.415
3502.74919887843,0.74287
3503.0491688363713,6.1734
3503.4491287802925,13.067
3503.8490887242137,23.783
3504.049068696175,14.923
3504.4490286400965,-25.328
3504.848988584017,4.8526
3505.1489585419586,1.5109
3505.5489184858807,-43.838
3505.848888443821,19.041
3506.1488584017625,-0.37821
3506.5488183456837,34.542
3506.848788303625,-17.974
3507.2487482475467,11.006
3507.5487182054876,7.3127
3507.9486781494097,19.793
3508.2486481073506,23.576
3508.5486180652915,46.734
3508.948578009213,14.199
3509.2485479671536,6.2748
3509.6485079110757,27.48
3509.948477869017,10.701
3510.2484478269575,28.666
3510.648407770879,8.6166
3510.9483777288206,7.4107
3511.3483376727418,-1.6097
3511.648307630683,25.469
3511.9482775886245,33.082
3512.3482375325457,-26.072
3512.648207490487,-11.482
3513.0481674344082,7.0185
3513.348137392349,35.018
3513.748097336271,-22.918
3514.048067294212,-10.459
3514.348037252153,33.408
3514.7479971960743,34.097
3515.1479571399964,-7.4314
3515.4479270979373,-6.9205
3515.747897055878,-5.1417
3516.1478569997994,54.11
3516.4478269577407,-23.306
3516.8477869016624,-2.6515
3517.1477568596033,20.249
3517.4477268175447,34.685
3517.8476867614663,-17.658
3518.147656719407,7.2251
3518.547616663329,25.986
3518.8475866212693,-29.971
3519.2475465651914,11.08
3519.547516523133,13.544
3519.8474864810732,-10.911
3520.247446424995,43.044
3520.5474163829363,-9.2012
3520.947376326858,29.672
3521.247346284799,6.5424
3521.5473162427397,6.1945
3521.947276186662,-23.486
3522.2472461446027,18.183
3522.647206088524,12.349
3522.9471760464653,17.231
3523.3471359903865,2.1679
3523.647105948328,-4.9283
3523.947075906269,6.2244
3524.34703585019,42.675
3524.6470058081313,42.483
3525.046965752053,9.9642
3525.346935709994,10.346
3525.6469056679352,15.091
3526.0468656118564,8.7892
3526.346835569798,18.765
3526.746795513719,-1.623
3527.0467654716604,29.918
3527.3467354296013,11.694
3527.746695373523,17.133
3528.0466653314643,26.305
3528.4466252753855,4.3114
3528.7465952333264,13.757
3529.1465551772485,-11.664
3529.4465251351894,6.3345
3529.7464950931303,15.087
3530.1464550370515,7.3866
3530.446424994993,-12.234
3530.8463849389145,42.691
3531.1463548968554,21.785
3531.446324854797,-8.3693
3531.8462847987184,-11.619
3532.1462547566593,3.3168
3532.546214700581,-3.5667
3532.846184658522,31.596
3533.146154616463,-1.2542
3533.546114560385,67.6
3533.8460845183254,1.7005
3534.246044462247,-25.599
3534.5460144201884,2.4379
3534.94597436411,5.1558
3535.345934308031,-11.087
3535.5459142799923,7.5348
3535.945874223914,11.344
3536.245844181855,10.64
3536.645804125776,48.251
3537.0457640696977,-17.648
3537.3457340276386,6.739
3537.64570398558,-17.927
3538.045663929501,0.73408
3538.4456238734233,13.676
3538.745593831364,13.401
3539.045563789305,-1.399
3539.4455237332268,9.5431
3539.745493691167,44.784
3540.1454536350893,14.175
3540.4454235930307,32.863
3540.8453835369514,-25.412
3541.145353494893,27.335
3541.4453234528346,0.1133
3541.8452833967553,35.263
3542.1452533546967,1.9145
3542.5452132986184,27.349
3542.8451832565593,-0.11697
3543.1451532145006,14.092
3543.545113158422,-9.8821
3543.8450831163627,15.085
3544.2450430602844,18.904
3544.5450130182257,-14.075
3544.8449829761666,35.235
3545.244942920088,0.9627
3545.544912878029,34.843
3545.944872821951,42.816
3546.2448427798918,-18.091
3546.6448027238134,4.8741
3546.944772681755,20.859
3547.2447426396957,21.563
3547.644702583617,31.279
3547.9446725415582,-9.2874
3548.3446324854795,-29.455
3548.644602443421,89.432
3548.944572401362,-5.4123
3549.344532345283,9.2048
3549.6445023032243,-10.19
3550.0444622471464,62.62
3550.344432205087,-20.679
3550.644402163028,27.715
3551.04436210695,30.411
3551.3443320648908,12.806
3551.7442920088124,10.661
3552.0442619667533,18.223
3552.344231924694,0.4146
3552.7441918686163,13.1
3553.0441618265572,1.1386
3553.444121770479,21.688
3553.74409172842,-0.9838
3554.1440516723414,21.237
3554.444021630283,-9.1988
3554.7439915882233,1.8573
3555.143951532145,-3.0651
3555.4439214900867,8.7998
3555.8438814340075,1.1152
3556.143851391949,19.168
3556.44382134989,26.542
3556.8437812938114,4.7571
3557.1437512517527,40.225
3557.543711195674,26.188
3557.843681153615,17.5
3558.143651111556,-4.4735
3558.543611055478,5.7649
3558.8435810134188,23.028
3559.24354095734,-6.591
3559.5435109152813,11.393
3559.943470859203,28.746
3560.243440817144,21.643
3560.5434107750852,20.241
3560.943370719007,23.833
3561.243340676948,-7.288
3561.643300620869,-15.511
3561.9432705788104,29.957
3562.2432405367513,30.215
3562.643200480673,26.732
3562.9431704386143,-9.7255
3563.343130382535,-6.9411
3563.6431003404764,26.305
3564.0430602843985,35.001
3564.343030242339,51.754
3564.7429901862606,27.13
3565.0429601442024,6.2223
3565.342930102143,-7.1638
3565.7428900460645,-10.782
3566.142849989986,17.965
3566.4428199479275,-4.8802
3566.8427798918483,13.907
3567.1427498497897,-12.275
3567.5427097937113,-20.541
3567.842679751652,32.623
3568.1426497095936,40.673
3568.542609653515,24.342
3568.8425796114557,14.502
3569.2425395553773,-13.267
3569.5425095133187,11.429
3569.8424794712596,15.204
3570.242439415181,0.80073
3570.5424093731226,13.045
3570.9423693170443,11.086
3571.2423392749847,14.986
3571.542309232926,-6.9496
3571.9422691768477,6.7525
3572.2422391347886,1.4122
3572.6421990787103,67.379
3572.942169036651,22.342
3573.242138994592,3.3449
3573.642098938514,33.782
3573.942068896455,6.5627
3574.3420288403763,-0.92222
3574.641998798318,8.1059
3575.0419587422393,6.3264
3575.3419287001802,-18.108
3575.641898658121,15.852
3576.0418586020432,7.9008
3576.341828559984,20.834
3576.7417885039054,0.83814
3577.0417584618467,1.9926
3577.3417284197876,22.749
3577.7416883637093,21.943
3578.0416583216506,-4.7632
3578.441618265572,-7.6456
3578.7415882235127,3.7495
3579.0415581814545,11.342
3579.4415181253758,28.376
3579.7414880833167,23.658
3580.1414480272383,18.021
3580.4414179851797,32.334
3580.7413879431206,43.569
3581.141347887042,24.848
3581.441317844983,23.284
3581.8412777889043,14.324
3582.1412477468457,10.676
3582.541207690767,-3.0899
3582.841177648708,6.8978
3583.141147606649,7.5332
3583.541107550571,32.147
3583.8410775085117,-3.9615
3584.241037452433,29.521
3584.5410074103747,3.497
3584.8409773683156,7.6595
3585.240937312237,18.774
3585.540907270178,20.075
3585.9408672141003,5.3728
3586.2408371720408,13.685
3586.540807129982,23.191
3586.9407670739033,-1.9262
3587.340727017825,2.4566
3587.6406969757663,23.535
3587.9406669337072,4.2048
3588.3406268776284,21.816
3588.6405968355702,18.523
3589.0405567794915,20.374
3589.3405267374324,-8.1954
3589.6404966953737,14.449
3590.0404566392954,3.0118
3590.3404265972363,34.783
3590.7403865411575,12.1
3591.040356499099,22.663
3591.4403164430205,24.393
3591.7402864009614,34.432
3592.0402563589028,-2.7111
3592.440216302824,24.336
3592.740186260765,40.624
3593.1401462046865,23.337
3593.440116162628,29.885
3593.740086120569,-4.9529
3594.1400460644904,28.279
3594.440016022432,2.0857
3594.8399759663525,-1.3311
3595.139945924294,15.465
3595.4399158822353,-20.538
3595.8398758261565,7.6131
3596.139845784098,15.526
3596.539805728019,-5.9279
3596.939765671941,8.6341
3597.1397456439013,15.124
3597.539705587823,-2.7558
3597.839675545764,17.18
3598.2396354896855,11.15
3598.639595433607,12.76
3598.8395754055678,27.685
3599.239535349489,7.7473
3599.639495293411,18.555
3599.9394652513524,-8.7731
3600.339425195273,9.0267
3600.6393951532145,9.9708
3600.939365111156,12.767
3601.339325055077,19.709
3601.6392950130185,14.236
3602.0392549569397,-19.873
3602.3392249148806,-5.3891
3602.739184858802,10.791
3603.0391548167436,14.334
3603.3391247746845,11.164
3603.739084718606,-0.97002
3604.0390546765475,25.72
3604.4390146204687,1.5185
3604.7389845784096,-0.57367
3605.038954536351,13.847
3605.4389144802726,37.933
3605.7388844382135,22.82
3606.1388443821347,3.467
3606.438814340076,12.871
3606.738784298017,41.842
3607.1387442419386,-15.544
3607.43871419988,15.581
3607.8386741438007,45.927
3608.1386441017426,29.573
3608.438614059684,-3.7175
3608.8385740036047,12.149
3609.138543961546,-1.8747
3609.538503905468,1.3161
3609.8384738634086,50.414
3610.2384338073302,18.026
3610.5384037652716,6.0892
3610.9383637091933,18.691
3611.238333667134,-7.4278
3611.538303625075,-2.2469
3611.9382635689967,0.90074
3612.2382335269376,-21.654
3612.6381934708593,23.402
3612.9381634288006,-2.3697
3613.338123372722,15.667
3613.638093330663,43.217
3613.9380632886046,32.651
3614.3380232325253,28.191
3614.6379931904667,19.946
3615.0379531343883,19.845
3615.337923092329,0.10178
3615.6378930502706,1.5402
3616.037852994192,-22.978
3616.3378229521327,20.374
3616.7377828960543,6.0583
3617.0377528539957,35.05
3617.3377228119366,-4.2328
3617.7376827558583,-30.253
3618.0376527137996,-2.8074
3618.437612657721,13.891
3618.7375826156617,4.7264
3619.037552573603,2.9728
3619.4375125175247,12.609
3619.7374824754656,-5.0462
3620.137442419387,6.4774
3620.437412377328,29.521
3620.737382335269,6.075
3621.1373422791908,56.289
3621.437312237132,23.662
3621.8372721810533,-14.448
3622.1372421389947,22.254
3622.437212096936,8.423
3622.837172040857,8.2268
3623.137141998798,2.4606
3623.5371019427203,17.963
3623.8370719006607,9.9162
3624.137041858602,15.543
3624.5370018025237,20.139
3624.836971760464,5.4715
3625.2369317043863,-33.19
3625.5369016623276,38.166
3625.836871620268,27.485
3626.23683156419,54.639
3626.536801522131,9.4534
3626.9367614660528,32.353
3627.2367314239937,19.464
3627.6366913679153,9.024
3627.9366613258567,-7.1745
3628.2366312837976,-6.8173
3628.636591227719,-4.3588
3628.93656118566,6.8673
3629.3365211295813,9.0614
3629.7364810735025,22.814
3629.936461045464,5.6195
3630.336420989385,25.649
3630.6363909473266,8.8913
3631.036350891248,25.149
3631.4363108351695,13.763
3631.7362807931104,5.8253
3632.0362507510517,-1.6042
3632.436210694973,27.661
3632.8361706388946,8.8437
3633.136140596836,15.378
3633.436110554777,22.236
3633.836070498698,57.845
3634.1360404566394,23.76
3634.536000400561,19.137
3634.835970358502,40.137
3635.135940316443,25.3
3635.5359002603645,23.557
3635.8358702183054,-29.807
3636.235830162227,-12.663
3636.5358001201685,11.877
3636.8357700781094,27.897
3637.235730022031,22.326
3637.5356999799724,0.71927
3637.9356599238936,15.092
3638.2356298818345,13.273
3638.535599839776,8.6023
3638.9355597836975,1.1966
3639.2355297416384,-7.6756
3639.6354896855596,16.75
3639.935459643501,17.95
3640.2354296014423,22.836
3640.6353895453635,0.47022
3640.935359503305,30.459
3641.335319447226,31.444
3641.6352894051674,-21.616
3641.935259363109,-10.465
3642.3352193070295,-9.0402
3642.635189264971,24.766
3643.0351492088926,32.439
3643.3351191668335,58.503
3643.635089124775,4.3042
3644.035049068696,27.15
3644.335019026637,-0.58676
3644.7349789705586,18.284
3645.0349489285,20.62
3645.334918886441,9.4418
3645.7348788303625,18.742
3646.034848788304,9.2302
3646.4348087322255,11.266
3646.734778690166,3.5728
3647.0347486481073,37.869
3647.434708592029,22.99
3647.73467854997,21.655
3648.1346384938915,27.147
3648.4346084518324,40.451
3648.7345784097733,-27.189
3649.1345383536955,29.805
3649.4345083116364,9.9057
3649.8344682555576,-4.7942
3650.134438213499,-0.56788
3650.5343981574206,42.607
3650.8343681153615,3.9427
3651.1343380733024,5.8501
3651.5342980172245,26.641
3651.8342679751654,8.5477
3652.2342279190866,28.277
3652.534197877028,13.129
3652.8341678349684,10.409
3653.2341277788905,13.354
3653.534097736832,22.095
3653.934057680753,14.189
3654.2340276386944,-11.732
3654.533997596636,1.6952
3654.933957540557,-12.694
3655.233927498498,-3.9785
3655.6338874424196,24.55
3655.933857400361,-27.591
3656.233827358302,29.112
3656.633787302223,-44.202
3656.9337572601644,20.016
3657.3337172040856,-13.688
3657.633687162027,-2.0441
3657.9336571199683,16.962
3658.333617063889,21.127
3658.7335770078107,1.1882
3659.033546965752,1.9707
3659.333516923693,23.405
3659.7334768676146,16.455
3660.033446825556,30.778
3660.4334067694776,-1.2926
3660.833366713399,22.832
3661.0333466853594,17.376
3661.4333066292816,-15.491
3661.8332665732023,5.9438
3662.1332365311437,29.399
3662.5331964750653,-14.975
3662.833166433006,22.984
3663.1331363909476,-9.0005
3663.533096334869,-21.166
3663.8330662928097,17.24
3664.2330262367313,19.548
3664.5329961946727,30.484
3664.8329661526136,-0.45521
3665.2329260965353,37.127
3665.5328960544766,18.842
3665.932855998398,22.174
3666.2328259563387,30.179
3666.53279591428,25.907
3666.9327558582017,51.488
3667.2327258161426,6.9233
3667.632685760064,0.32021
3667.932655718005,31.66
3668.2326256759466,28.693
3668.6325856198678,4.1898
3668.932555577809,-14.189
3669.3325155217303,14.918
3669.6324854796717,23.647
3669.932455437613,31.686
3670.332415381534,12.236
3670.632385339475,14.494
3671.032345283397,12.366
3671.3323152413377,20.589
3671.632285199279,21.107
3672.0322451432003,20.983
3672.332215101141,3.4198
3672.7321750450633,-3.6834
3673.032145003004,-3.1243
3673.332114960945,25.556
3673.7320749048667,-11.021
3674.032044862808,23.978
3674.4320048067298,40.859
3674.73197476467,31.344
3675.0319447226116,19.557
3675.4319046665337,7.117
3675.731874624474,27.114
3676.131834568396,18.433
3676.4318045263367,-29.987
3676.7317744842776,9.5798
3677.1317344281997,3.4897
3677.4317043861406,13.583
3677.831664330062,17.979
3678.1316342880036,-4.006
3678.4316042459445,17.137
3678.8315641898657,41.837
3679.131534147807,28.671
3679.5314940917287,1.6866
3679.8314640496696,30.934
3680.1314340076106,-1.1705
3680.531393951532,48.681
3680.831363909473,2.1813
3681.2313238533948,-1.7889
3681.531293811336,34.405
3681.9312537552573,5.8356
3682.2312237131987,-22.383
3682.63118365712,20.038
3682.9311536150612,5.0523
3683.231123573002,-3.7794
3683.631083516924,27.56
3683.931053474865,24.111
3684.331013418786,32.128
3684.6309833767273,86.095
3684.9309533346686,13.136
3685.33091327859,32.779
3685.630883236531,-11.49
3685.9308531944725,3.1807
3686.3308131383933,-9.4686
3686.630783096335,26.363
3687.0307430402563,14.799
3687.330712998197,14.785
3687.6306829561386,45.779
3688.0306429000602,12.953
3688.330612858001,8.6716
3688.7305728019223,35.768
3689.0305427598637,30.567
3689.3305127178046,22.042
3689.7304726617263,10.034
3690.0304426196676,44.181
3690.4304025635893,15.888
3690.7303725215297,15.445
3691.0303424794715,38.921
3691.4303024233927,11.958
3691.7302723813336,35.601
3692.1302323252557,-4.1695
3692.530192269177,33.484
3692.7301722411376,30.568
3693.130132185059,5.9659
3693.530092128981,-3.7167
3693.8300620869218,-4.1532
3694.230022030843,14.127
3694.430002002804,16.149
3694.8299619467252,60.264
3695.229921890647,21.999
3695.5298918485882,39.464
3695.9298517925095,32.158
3696.229821750451,13.831
3696.529791708392,-1.2025
3696.9297516523134,3.7096
3697.2297216102543,16.19
3697.629681554176,2.4248
3697.9296515121173,4.4617
3698.229621470058,10.222
3698.6295814139794,54.873
3698.9295513719208,30.367
3699.329511315842,21.483
3699.6294812737833,20.253
3699.9294512317247,1.6006
3700.3294111756454,8.2155
3700.6293811335872,14.821
3701.0293410775084,54.013
3701.3293110354493,20.966
3701.6292809933907,25.646
3702.0292409373124,15.608
3702.3292108952533,-9.8093
3702.729170839175,13.37
3703.029140797116,30.497
3703.3291107550567,28.728
3703.7290706989784,1.7494
3704.1290306429,-1.7674
3704.4290006008414,-19.064
3704.728970558782,-18.09
3705.128930502704,30.644
3705.4289004606453,20.792
3705.8288604045665,26.425
3706.128830362508,31.941
3706.4288003204488,11.198
3706.82876026437,16.306
3707.1287302223113,-0.34873
3707.528690166233,34.207
3707.828660124174,15.58
3708.1286300821153,18.338
3708.5285900260365,16.493
3708.8285599839774,7.1034
3709.128529941919,9.8123
3709.5284898858404,26.973
3709.8284598437813,33.786
3710.228419787703,31.408
3710.5283897456443,21.141
3710.828359703585,24.124
3711.2283196475064,-2.1863
3711.5282896054478,30.002
3711.9282495493694,65.691
3712.2282195073103,12.486
3712.5281894652517,4.0263
3712.928149409173,15.059
3713.228119367114,8.9301
3713.6280793110354,19.541
3713.928049268977,5.5056
3714.2280192269177,19.072
3714.6279791708394,21.275
3714.9279491287807,-16.127
3715.3279090727015,-14.505
3715.627879030643,-3.1516
3715.927848988584,56.996
3716.3278089325054,21.084
3716.6277788904467,2.9701
3717.027738834368,9.3768
3717.327708792309,60.646
3717.62767875025,5.0966
3718.027638694172,5.1164
3718.3276086521128,20.502
3718.727568596034,48.841
3719.027538553976,3.7818
3719.3275085119167,5.5832
3719.727468455838,24.369
3720.0274384137792,9.2183
3720.4273983577013,3.6872
3720.727368315642,28.545
3721.027338273583,16.724
3721.4272982175044,-1.9721
3721.7272681754453,31.895
3722.027238133387,0.34349
3722.4271980773083,23.837
3722.727168035249,-2.246
3723.1271279791713,17.17
3723.427097937112,21.31
3723.727067895053,13.545
3724.1270278389748,18.09
3724.4269977969157,5.1944
3724.8269577408373,-1.6205
3725.2269176847585,10.283
3725.4268976567196,-4.3156
3725.826857600641,28.427
3726.2268175445624,12.837
3726.526787502504,45.164
3726.926747446425,12.331
3727.226717404366,-3.0233
3727.6266773482876,21.459
3727.926647306229,23.523
3728.3266072501497,13.093
3728.6265772080915,26.398
3728.926547166033,17.609
3729.3265071099536,-13.977
3729.626477067895,-5.7081
3730.026437011817,-3.9969
3730.3264069697575,-1.587
3730.626376927699,-12.771
3731.02633687162,1.7805
3731.326306829561,6.9751
3731.726266773483,-0.99659
3732.026236731424,32.748
3732.326206689365,18.211
3732.726166633287,33.251
3733.026136591228,12.204
3733.326106549169,-9.3016
3733.72606649309,20.169
3734.0260364510314,11.033
3734.4259963949535,18.392
3734.725966352894,37.472
3735.0259363108353,7.7781
3735.425896254757,15.677
3735.7258662126974,6.6525
3736.1258261566195,-4.086
3736.4257961145604,21.816
3736.7257660725013,24.922
3737.1257260164234,10.384
3737.4256959743643,7.8694
3737.8256559182855,29.727
3738.125625876227,-1.7344
3738.425595834168,-2.5499
3738.8255557780894,29.263
3739.1255257360303,-2.1335
3739.525485679952,-10.459
3739.825455637893,43.439
3740.125425595834,24.877
3740.525385539756,17.451
3740.825355497697,19.9
3741.1253254556377,25.041
3741.52528539956,7.8492
3741.8252553575007,1.6059
3742.225215301422,-13.327
3742.5251852593633,11.127
3742.8251552173037,17.814
3743.225115161226,30.345
3743.525085119167,12.137
3743.9250450630884,25.068
3744.2250150210293,23.198
3744.5249849789707,12.87
3744.9249449228923,37.07
3745.2249148808332,-1.0105
3745.624874824755,10.874
3745.9248447826963,38.767
3746.224814740637,14.815
3746.6247746845584,40.945
3746.9247446424997,-13.563
3747.324704586421,25.859
3747.6246745443623,26.003
3747.9246445023036,16.808
3748.3246044462244,15.315
3748.6245744041657,2.1427
3748.9245443621076,22.039
3749.3245043060283,-4.7943
3749.6244742639697,21.383
3750.0244342078913,12.329
3750.324404165832,-2.8414
3750.6243741237736,14.281
3751.024334067695,-9.1309
3751.3243040256357,47.675
3751.7242639695573,13.617
3752.0242339274987,20.37
3752.3242038854396,22.689
3752.724163829361,14.769
3753.124123773283,12.274
3753.424093731224,16.023
3753.7240636891647,3.9348
3754.124023633086,10.809
3754.523983577008,6.5069
3754.823953534949,20.204
3755.22391347887,21.746
3755.423893450831,7.3401
3755.823853394753,7.6563
3756.223813338674,4.7768
3756.5237832966154,31.49
3756.8237532545563,-2.0136
3757.223713198478,36.423
3757.5236831564193,0.42837
3757.9236431003405,43.284
3758.2236130582814,15.959
3758.523583016223,2.544
3758.9235429601445,33.406
3759.2235129180854,23.215
3759.623472862007,5.3632
3759.9234428199484,28.769
3760.2234127778893,-1.2977
3760.6233727218105,7.7099
3760.923342679752,35.859
3761.323302623673,19.749
3761.6232725816144,-1.1878
3761.9232425395558,15.944
3762.3232024834765,28.124
3762.623172441418,10.931
3762.9231423993597,-20.548
3763.3231023432804,-2.0834
3763.623072301222,25.308
3764.0230322451434,17.131
3764.3230022030843,15.18
3764.6229721610257,14.771
3765.022932104947,14.68
3765.322902062888,-12.043
3765.7228620068095,36.273
3766.022831964751,6.1637
3766.3228019226917,9.8634
3766.722761866613,41.949
3767.0227318245543,20.144
3767.422691768476,-1.9982
3767.722661726417,1.6022
3768.022631684358,35.656
3768.42259162828,34.59
3768.7225615862208,48.204
3769.022531544162,-4.8524
3769.4224914880833,18.615
3769.722461446024,5.0835
3770.122421389946,11.262
3770.4223913478872,19.988
3770.722361305828,-8.2584
3771.1223212497493,-1.8373
3771.4222912076907,2.7429
3771.8222511516124,10.583
3772.1222211095533,13.902
3772.4221910674946,-0.83708
3772.822151011416,-10.514
3773.122120969357,20.234
3773.522080913279,-8.0308
3773.8220508712193,7.182
3774.1220208291606,10.517
3774.5219807730828,26.357
3774.821950731023,20.723
3775.1219206889646,4.7675
3775.5218806328858,7.6707
3775.821850590827,20.856
3776.221810534749,20.794
3776.5217804926897,27.577
3776.921740436612,14.734
3777.2217103945527,31.067
3777.621670338474,30.548
3777.9216402964153,30.062
3778.2216102543557,30.284
3778.621570198278,43.176
3778.921540156219,10.273
3779.2215101141596,42.757
3779.6214700580813,-3.9494
3779.9214400160226,8.398
3780.321399959944,3.5966
3780.621369917885,27.434
3780.921339875826,7.2608
3781.3212998197478,5.5139
3781.621269777689,37.728
3782.0212297216103,21.18
3782.3211996795512,22.414
3782.6211696374926,18.336
3783.0211295814142,5.3006
3783.321099539355,6.8352
3783.7210594832763,13.553
3784.0210294412177,22.803
3784.3209993991586,19.467
3784.7209593430803,0.053586
3785.0209293010216,36.826
3785.3208992589625,33.262
3785.720859202884,-5.4675
3786.0208291608255,-4.3015
3786.4207891047467,-11.393
3786.820749048668,40.014
3787.020729020629,6.8695
3787.4206889645507,30.534
3787.8206489084714,23.969
3788.1206188664128,32.231
3788.520578810335,16.874
3788.8205487682753,-12.941
3789.1205187262167,6.3813
3789.5204786701383,23.312
3789.8204486280792,7.7048
3790.1204185860206,11.244
3790.520378529942,-2.7769
3790.8203484878827,17.278
3791.220308431805,18.049
3791.5202783897457,16.696
3791.8202483476866,-1.7379
3792.2202082916083,12.946
3792.520178249549,31.464
3792.9201381934713,-0.2284
3793.2201081514118,13.119
3793.520078109353,36.491
3793.9200380532748,39.792
3794.2200080112157,12.362
3794.519977969157,-6.5375
3794.9199379130787,14.078
3795.219907871019,42.209
3795.6198678149412,36.681
3795.919837772882,48.29
3796.219807730823,46.954
3796.6197676747447,23.447
3796.9197376326856,12.316
3797.3196975766073,16.731
3797.6196675345486,5.8379
3797.9196374924895,3.9756
3798.3195974364107,41.091
3798.6195673943525,7.9283
3799.0195273382737,8.0753
3799.3194972962146,5.8972
3799.7194572401363,-1.8311
3800.0194271980777,-4.7427
3800.3193971560186,18.323
3800.7193570999398,2.405
3801.019327057881,22.049
3801.419287001803,46.454
3801.7192569597437,46.255
3802.019226917685,13.966
3802.4191868616062,23.142
3802.7191568195476,11.846
3803.019126777489,6.1402
3803.41908672141,31.815
3803.719056679351,18.96
3804.1190166232727,0.45665
3804.418986581214,-7.3714
3804.718956539155,8.7929
3805.118916483076,34.826
3805.4188864410175,16.441
3805.8188463849388,12.62
3806.11881634288,14.43
3806.4187863008215,10.456
3806.818746244742,56.434
3807.118716202684,1.7
3807.4186861606254,8.8695
3807.818646104546,1.458
3808.1186160624875,16.581
3808.518576006409,47.533
3808.81854596435,21.829
3809.1185159222914,-1.8683
3809.5184758662126,6.9175
3809.8184458241535,10.441
3810.218405768075,-3.5559
3810.5183757260165,34.228
3810.8183456839574,11.023
3811.2183056278786,14.664
3811.5182755858204,-8.0912
3811.8182455437613,-8.9115
3812.2182054876826,10.394
3812.518175445624,-13.775
3812.9181353895456,33.545
3813.2181053474865,13.369
3813.518075305428,44.826
3813.918035249349,21.753
3814.21800520729,22.786
3814.6179651512116,15.129
3814.917935109153,5.9386
3815.217905067094,-6.2233
3815.6178650110155,16.957
3815.917834968957,-15.234
3816.2178049268978,13.105
3816.617764870819,20.028
3816.9177348287603,-4.1563
3817.3176947726815,27.445
3817.617664730623,16.864
3817.9176346885642,18.41
3818.317594632485,22.105
3818.717554576407,16.453
3818.917534548368,15.704
3819.317494492289,3.9171
3819.7174544362106,10.284
3820.017424394152,2.8693
3820.4173843380736,12.483
3820.7173542960145,16.865
3821.0173242539554,19.341
3821.4172841978775,18.671
3821.8172441417983,24.64
3822.1172140997396,16.82
3822.417184057681,29.468
3822.817144001602,4.436
3823.1171139595435,52.925
3823.417083917485,22.025
3823.8170438614056,26.897
3824.117013819347,11.704
3824.5169737632687,11.985
3824.8169437212096,23.166
3825.116913679151,28.853
3825.5168736230726,18.018
3825.8168435810135,8.5283
3826.116813538955,17.546
3826.516773482876,40.529
3826.816743440817,26.526
3827.2167033847386,8.2741
3827.51667334268,25.196
3827.816643300621,13.106
3828.216603244542,28.384
3828.516573202484,-2.6082
3828.916533146405,10.223
3829.216503104346,-4.7376
3829.5164730622873,-5.6074
3829.916433006209,13.12
3830.21640296415,6.0234
3830.5163729220913,24.517
3830.9163328660125,19.015
3831.2163028239534,18.949
3831.616262767875,-0.41341
3831.9162327258164,36.808
3832.2162026837573,21.349
3832.6161626276785,29.655
3832.9161325856203,26.427
3833.216102543561,17.913
3833.6160624874824,34.236
3833.9160324454238,15.541
3834.315992389345,22.504
3834.6159623472863,10.513
3834.9159323052277,7.8082
3835.3158922491484,-2.8724
3835.61586220709,35.974
3835.915832165031,3.403
3836.3157921089523,2.591
3836.6157620668937,8.2265
3837.015722010815,11.115
3837.3156919687563,29.661
3837.6156619266976,9.8537
3838.015621870619,21.618
3838.3155918285597,18.529
3838.7155517724814,13.723
3839.0155217304227,23.254
3839.3154916883636,6.7283
3839.715451632285,40.024
3840.015421590226,40.951
3840.3153915481676,-2.7961
3840.7153514920888,18.29
3841.01532145003,5.578
3841.415281393952,28.382
3841.7152513518927,18.75
3842.015221309834,16.497
3842.4151812537552,22.416
3842.715151211696,35.508
3843.0151211696375,0.47765
3843.415081113559,13.724
3843.7150510715,22.715
3844.1150110154213,-7.9498
3844.4149809733626,2.5863
3844.714950931304,26.363
3845.114910875225,-1.2222
3845.4148808331665,12.967
3845.7148507911074,21.582
3846.114810735029,28.773
3846.4147806929705,23.252
3846.814740636891,-17.392
3847.1147105948326,40.388
3847.5146705387547,-12.792
3847.814640496695,22.356
3848.1146104546365,18.828
3848.514570398558,5.5327
3848.91453034248,-4.6833
3849.2145003004207,26.787
3849.614460244342,22.851
3849.8144402163025,45.517
3850.2144001602246,-1.5328
3850.614360104146,39.675
3850.914330062087,1.6997
3851.3142900060084,18.261
3851.6142599639497,17.828
3851.914229921891,8.1285
3852.314189865812,0.39449
3852.614159823753,24.822
3852.9141297816946,-8.2505
3853.3140897256158,-4.065
3853.614059683557,14.793
3854.0140196274783,18.452
3854.3139895854197,30.44
3854.613959543361,12.831
3855.0139194872822,2.0756
3855.313889445223,-1.2059
3855.6138594031645,20.857
3856.013819347086,16.103
3856.313789305027,18.856
3856.7137492489483,-15.472
3857.0137192068896,6.5486
3857.3136891648305,19.098
3857.713649108752,25.99
3858.0136190666935,3.1436
3858.3135890246344,34.087
3858.713548968556,2.118
3859.0135189264975,11.705
3859.4134788704187,21.595
3859.7134488283596,22.791
3860.013418786301,19.377
3860.4133787302226,23.569
3860.7133486881635,0.012609
3861.013318646105,-16.846
3861.413278590026,31.305
3861.713248547967,26.363
3862.1132084918886,29.031
3862.41317844983,8.2894
3862.713148407771,7.2495
3863.1131083516925,19.732
3863.413078309634,21.285
3863.713048267575,27.798
3864.113008211496,3.6805
3864.4129781694373,25.601
3864.8129381133585,5.5653
3865.1129080713,15.51
3865.4128780292413,10.519
3865.812837973162,5.8032
3866.112807931104,14.21
3866.412777889045,23.629
3866.812737832966,18.949
3867.1127077909073,4.718
3867.512667734829,8.2848
3867.81263769277,12.572
3868.112607650711,16.608
3868.5125675946324,28.554
3868.8125375525733,9.3085
3869.1125075105147,13.304
3869.5124674544363,11.403
3869.812437412377,23.228
3870.2123973562984,28.035
3870.5123673142402,5.8993
3870.9123272581614,1.7929
3871.2122972161023,-2.413
3871.5122671740437,1.5703
3871.9122271179654,21.369
3872.2121970759063,23.205
3872.612157019828,9.4429
3872.912126977769,0.69814
3873.2120969357097,11.216
3873.6120568796314,19.106
3873.9120268375727,13.899
3874.2119967955136,24.333
3874.611956739435,26.037
3874.9119266973767,20.299
3875.311886641298,27.283
3875.6118565992388,22.944
3875.91182655718,18.257
3876.311786501102,2.3405
3876.6117564590427,4.2113
3876.911726416984,-4.4677
3877.311686360905,8.9358
3877.611656318846,26.544
3878.0116162627683,18.895
3878.3115862207087,7.9404
3878.61155617865,26.8
3879.011516122572,16.75
3879.4114760664934,2.6861
3879.611456038454,34.843
3880.011415982375,18.733
3880.4113759262973,19.254
3880.6113558982574,1.7553
3881.011315842179,2.3452
3881.4112757861008,-16.88
3881.7112457440417,-3.6387
3882.1112056879633,11.09
3882.311185659924,4.2207
3882.711145603845,4.9331
3883.111105547767,19.097
3883.4110755057086,7.5255
3883.711045463649,32.575
3884.1110054075707,21.755
3884.410975365512,30.681
3884.8109353094333,6.5563
3885.1109052673746,10.605
3885.4108752253155,10.017
3885.8108351692367,64.152
3886.110805127178,14.476
3886.410775085119,46.418
3886.8107350290406,63.692
3887.110704986982,72.509
3887.510664930903,49.685
3887.8106348888446,33.331
3888.110604846786,19.39
3888.510564790707,8.2578
3888.810534748648,-0.61247
3889.110504706589,22.87
3889.510464650511,10.804
3889.810434608452,21.54
3890.210394552373,6.4175
3890.5103645103145,18.845
3890.8103344682554,4.7502
3891.210294412177,-0.41148
3891.5102643701184,13.264
3891.91022431404,6.7417
3892.210194271981,-7.8104
3892.610154215902,24.985
3892.9101241738435,0.93027
3893.2100941317844,7.5022
3893.610054075706,-1.1057
3893.9100240336475,14.75
3894.2099939915884,-3.5637
3894.6099539355096,11.644
3894.909923893451,26.887
3895.2098938513923,26.477
3895.6098537953135,13.116
3895.909823753255,28.951
3896.309783697176,12.761
3896.6097536551174,23.839
3896.9097236130588,13.393
3897.3096835569795,27.278
3897.609653514921,-3.1966
3897.909623472862,20.964
3898.3095834167834,33.7
3898.609553374725,57.364
3899.009513318646,8.6908
3899.309483276587,-0.7183
3899.6094532345287,23.998
3900.00941317845,29.648
3900.309383136391,17.164
3900.609353094332,7.3261
3901.009313038254,30.398
3901.3092829961947,39.192
3901.609252954136,11.683
3902.0092128980573,6.9107
3902.309182855998,16.492
3902.70914279992,26.02
3903.009112757861,18.725
3903.309082715802,15.872
3903.7090426597233,29.572
3904.009012617665,16.405
3904.308982575606,27.59
3904.708942519527,19.677
3905.0089124774686,24.033
3905.4088724213902,19.159
3905.708842379331,17.221
3906.0088123372725,-20.08
3906.4087722811937,-9.1387
3906.7087422391346,63.213
3907.0087121970764,28.77
3907.4086721409976,51.712
3907.7086420989385,26.874
3908.10860204286,0.70858
3908.4085720008015,19.574
3908.7085419587424,9.7408
3909.1085019026636,23.564
3909.408471860605,26.287
3909.708441818546,18.262
3910.1084017624676,26.691
3910.408371720409,8.2777
3910.70834167835,5.6705
3911.108301622271,35.352
3911.408271580213,8.2994
3911.8082315241336,28.22
3912.208191468055,15.636
3912.4081714400163,17.931
3912.8081313839375,19.675
3913.2080913278587,11.013
3913.5080612858,20.261
3913.808031243741,19.462
3914.2079911876626,12.241
3914.507961145604,5.0595
3914.9079210895256,-31.882
3915.207891047466,27.46
3915.607850991388,2.5864
3915.907820949329,23.951
3916.20779090727,24.428
3916.6077508511917,13.914
3916.907720809133,-0.29617
3917.207690767074,9.8434
3917.6076507109956,18.078
3917.9076206689365,9.689
3918.307580612858,15.581
3918.607550570799,-2.3861
3918.9075205287404,9.913
3919.3074804726616,2.5592
3919.6074504306025,19.941
3919.9074203885443,12.743
3920.3073803324655,30.556
3920.6073502904064,25.872
3920.907320248348,5.784
3921.307280192269,9.0135
3921.6072501502103,13.768
3922.007210094132,6.6824
3922.3071800520725,11.329
3922.607150010014,7.0232
3923.007109953936,24.044
3923.3070799118764,4.8816
3923.6070498698177,6.3694
3924.0070098137394,-1.9406
3924.3069797716803,-2.7236
3924.6069497296216,0.24053
3925.006909673543,-2.5155
3925.3068796314838,25.946
3925.706839575406,28.609
3926.0068095333468,14.737
3926.3067794912877,17.599
3926.7067394352093,11.38
3927.0067093931502,-10.067
3927.306679351091,1.2224
3927.706639295013,21.159
3928.006609252954,5.2512
3928.406569196876,18.681
3928.7065391548167,19.14
3929.006509112758,-4.5973
3929.4064690566797,4.5549
3929.70643901462,32.361
3930.0064089725615,2.506
3930.406368916483,45.685
3930.706338874424,8.5405
3931.0063088323654,-6.0056
3931.4062687762867,10.803
3931.706238734228,9.2536
3932.1061986781497,17.222
3932.4061686360906,20.431
3932.7061385940315,-9.3128
3933.106098537953,-9.7415
3933.4060684958945,-2.7394
3933.7060384538354,11.849
3934.1059983977566,11.809
3934.405968355698,18.151
3934.705938313639,12.868
3935.1058982575605,-9.8353
3935.405868215502,6.1108
3935.805828159423,-6.5739
3936.1057981173644,4.0631
3936.405768075306,8.167
3936.8057280192265,13.1
3937.105697977168,1.1335
3937.4056679351092,2.5098
3937.8056278790305,-2.6428
3938.105597836972,17.107
3938.405567794913,-4.6313
3938.805527738834,26.981
3939.1054976967753,3.7749
3939.505457640697,21.47
3939.805427598638,1.5961
3940.105397556579,25.189
3940.505357500501,11.003
3940.8053274584418,3.7826
3941.2052874023634,3.8027
3941.5052573603043,6.0059
3941.805227318245,24.461
3942.205187262167,13.231
3942.6051472060885,9.8919
3942.90511716403,2.482
3943.305077107951,18.889
3943.6050470658924,21.868
3943.905017023834,7.2851
3944.3049769677546,2.6767
3944.6049469256964,11.135
3944.9049168836377,8.7309
3945.3048768275585,29.278
3945.6048467855,4.4384
3945.9048167434407,-7.6845
3946.3047766873624,11.178
3946.6047466453037,-6.8362
3946.9047166032447,4.1319
3947.304676547166,-2.1087
3947.604646505107,22.504
3948.004606449029,10.234
3948.3045764069698,10.536
3948.6045463649107,30.309
3949.004506308833,39.22
3949.3044762667737,30.847
3949.6044462247146,1.5098
3950.0044061686363,-8.6086
3950.304376126577,9.0402
3950.604346084518,29.857
3951.00430602844,2.0555
3951.3042759863806,8.2946
3951.7042359303023,53.511
3952.0042058882436,29.73
3952.3041758461845,13.543
3952.704135790106,12.506
3953.0041057480476,15.354
3953.304075705988,2.5313
3953.70403564991,35.224
3954.004005607851,36.395
3954.303975565792,8.7214
3954.7039355097136,25.101
3955.0039054676545,17.198
3955.4038654115766,3.4378
3955.7038353695175,18.438
3956.0038053274584,10.898
3956.40376527138,17.443
3956.7037352293214,12.092
3957.0037051872623,27.572
3957.403665131184,2.7837
3957.7036350891244,11.351
3958.003605047066,5.0837
3958.403564990988,38.252
3958.7035349489283,15.943
3959.0035049068697,23.621
3959.4034648507914,17.593
3959.7034348087323,7.9219
3960.103394752654,24.114
3960.403364710595,7.296
3960.7033346685357,0.53348
3961.103294612458,1.769
3961.4032645703987,15.243
3961.7032345283396,3.8593
3962.1031944722613,17.66
3962.403164430202,38.304
3962.703134388143,25.036
3963.1030943320648,29.099
3963.5030542759864,9.5809
3963.8030242339273,29.847
3964.1029941918687,13.169
3964.5029541357903,13.308
3964.8029240937312,24.245
3965.102894051672,38.458
3965.5028539955943,29.836
3965.802823953535,32.131
3966.102793911476,15.96
3966.5027538553977,0.33995
3966.802723813338,7.0047
3967.1026937712795,12.99
3967.5026537152016,17.276
3967.802623673142,14.188
3968.2025836170637,25.877
3968.5025535750055,19.871
3968.802523532946,8.1296
3969.2024834768677,10.722
3969.5024534348086,-4.0689
3969.8024233927495,3.9927
3970.2023833366716,9.8498
3970.5023532946125,22.459
3970.8023232525534,-10.657
3971.202283196475,11.474
3971.5022531544164,22.14
3971.8022231123573,16.147
3972.2021830562785,12.312
3972.50215301422,6.9881
3972.902112958142,13.674
3973.3020729020627,0.91552
3973.502052874024,14.135
3973.9020128179454,10.15
3974.3019727618666,14.727
3974.5019527338272,21.182
3974.901912677749,1.5978
3975.30187262167,11.835
3975.501852593631,3.7985
3975.901812537553,12.15
3976.301772481474,14.978
3976.6017424394154,19.202
3976.9017123973563,21.065
3977.301672341278,6.9857
3977.6016422992193,27.668
3978.0016022431405,19.862
3978.3015722010814,18.82
3978.6015421590223,18.801
3979.0015021029444,36.602
3979.3014720608853,22.098
3979.601442018826,-3.1921
3980.001401962748,30.139
3980.3013719206892,10.148
3980.60134187863,26.427
3981.001301822552,12.734
3981.3012717804922,21.397
3981.6012417384336,40.422
3982.0012016823557,9.2941
3982.301171640296,20.235
3982.701131584218,38.011
3983.001101542159,5.4494
3983.3010715000996,23.229
3983.7010314440217,13.494
3984.0010014019626,23.726
3984.3009713599035,23.76
3984.7009313038257,8.9698
3985.0009012617666,6.1464
3985.400861205688,3.61
3985.700831163629,40.868
3986.00080112157,4.8085
3986.400761065492,28.088
3986.700731023433,26.198
3987.1006909673542,5.3166
3987.4006609252956,18.239
3987.7006308832365,22.851
3988.100590827158,16.311
3988.4005607850995,39.995
3988.70053074304,18.339
3989.100490686962,8.9643
3989.4004606449034,8.864
3989.700430602844,15.152
3990.1003905467655,41.811
3990.4003605047064,40.057
3990.7003304626473,-0.042017
3991.1002904065695,-0.13455
3991.4002603645104,15.323
3991.7002303224513,13.497
3992.1001902663734,39.196
3992.4001602243143,36.163
3992.8001201682355,26.956
3993.1000901261764,37.778
3993.4000600841177,27.123
3993.8000200280394,17.884
3994.0999899859803,3.0913
3994.3999599439217,23.892
3994.799919887843,20.734
3995.0998898457838,18.334
3995.3998598037256,6.2266
3995.7998197476463,40.081
3996.0997897055877,8.3243
3996.399759663529,8.3733
3996.7997196074502,21.392
3997.0996895653916,29.117
3997.399659523333,30.414
3997.7996194672537,33.071
3998.099589425195,31.273
3998.499549369117,9.137
3998.7995193270576,44.387
3999.099489284999,3.3557
3999.4994492289206,22.468
3999.7994191868615,3.8447
4000.099389144803,30.324
4000.499349088724,47.173
4000.799319046665,-0.8315
4001.0992890046064,-2.2544
4001.499248948528,34.332
4001.799218906469,6.485
4002.0991888644103,34.713
4002.4991488083315,9.4757
4002.799118766273,25.331
4003.099088724214,14.65
4003.4990486681354,31.321
4003.7990186260763,10.218
4004.198978569998,3.8454
4004.4989485279393,45.436
4004.79891848588,8.9383
4005.1988784298014,13.878
4005.5988383737235,31.722
4005.7988183456837,8.4769
4006.1987782896053,44.467
4006.598738233527,44.439
4006.898708191468,27.999
4007.1986781494093,6.6723
4007.598638093331,20.933
4007.898608051272,11.906
4008.2985679951935,19.979
4008.5985379531344,26.37
4008.8985079110757,22.059
4009.298467854997,21.72
4009.598437812938,24.772
4009.898407770879,17.649
4010.298367714801,28.161
4010.5983376727418,21.879
4010.9982976166634,28.375
4011.2982675746043,19.1
4011.5982375325457,50.788
4011.9981974764673,25.672
4012.298167434408,18.304
4012.598137392349,26.403
4012.9980973362713,17.113
4013.2980672942117,47.868
4013.598037252153,31.446
4013.9979971960743,16.272
4014.297967154015,32.149
4014.597937111957,4.585
4014.997897055878,47.562
4015.297867013819,26.156
4015.5978369717604,24.165
4015.997796915682,6.9163
4016.297766873623,7.665
4016.5977368315644,14.238
4016.9976967754856,15.894
4017.2976667334265,5.7568
4017.697626677348,31.968
4017.9975966352895,42.104
4018.2975665932304,17.473
4018.6975265371516,46.479
4018.9974964950934,1.7024
4019.2974664530343,15.217
4019.6974263969555,23.569
4019.997396354897,-11.922
4020.2973663128378,33.291
4020.6973262567594,4.2201
4020.997296214701,3.9376
4021.2972661726417,20.796
4021.697226116563,37.35
4021.9971960745042,-2.8656
4022.2971660324456,32.007
4022.697125976367,34.403
4022.997095934308,15.13
4023.297065892249,36.91
4023.6970258361707,28.293
4023.996995794112,10.102
4024.3969557380333,-2.4104
4024.696925695974,22.943
4024.9968956539155,34.07
4025.396855597837,56.113
4025.696825555778,44.751
4025.9967955137195,18.981
4026.396755457641,38.747
4026.696725415582,19.298
4026.9966953735234,8.3487
4027.3966553174446,27.242
4027.6966252753855,18.044
4027.996595233327,38.064
4028.3965551772485,35.871
4028.6965251351894,30.066
4028.9964950931303,48.424
4029.396455037052,35.984
4029.6964249949933,0.95022
4029.996394952934,17.191
4030.396354896856,38.042
4030.696324854797,35.917
4030.9962948127377,25.961
4031.39625475666,33.818
4031.6962247146002,48.485
4031.9961946725416,25.377
4032.3961546164633,35.559
4032.6961245744037,11.753
4033.096084518326,30.46
4033.396054476267,19.935
4033.6960244342076,11.225
4034.0959843781297,1.0099
4034.395954336071,21.768
4034.6959242940115,22.106
4035.095884237933,36.247
4035.395854195874,35.917
4035.695824153815,28.429
4036.095784097737,28.966
4036.395754055678,32.709
4036.695724013619,25.648
4037.0956839575406,23.82
4037.395653915482,22.965
4037.695623873423,25.577
4038.095583817344,86.945
4038.3955537752854,19.175
4038.6955237332263,8.8301
4039.095483677148,42.236
4039.3954536350893,41.043
4039.6954235930302,-4.4743
4040.0953835369514,8.6823
4040.3953534948932,42.563
4040.695323452834,-6.0983
4041.0952833967553,36.329
4041.3952533546967,18.229
4041.6952233126376,6.2675
4042.0951832565593,13.797
4042.3951532145006,17.724
4042.6951231724415,31.03
4043.0950831163627,28.758
4043.2950630883233,-11.386
4043.6950230322454,39.447
4044.0949829761666,33.186
4044.2949629481272,2.9042
4044.694922892049,11.066
4045.0948828359706,26.632
4045.2948628079307,15.01
4045.694822751853,32.322
4045.9947927097937,51.336
4046.2947626677346,25.082
4046.694722611656,18.194
4046.9946925695976,19.869
4047.2946625275385,19.662
4047.6946224714598,42.102
4047.994592429401,27.117
4048.294562387342,32.109
4048.6945223312637,1.897
4048.994492289205,32.327
4049.294462247146,17.262
4049.694422191067,30.681
4049.9943921490085,68.076
4050.29436210695,7.2177
4050.694322050871,-3.1637
4050.9942920088124,30.862
4051.2942619667533,11.826
4051.694221910675,20.819
4051.9941918686163,32.858
4052.3941518125375,31.396
4052.6941217704784,24.243
4052.99409172842,45.691
4053.3940516723414,43.947
4053.6940216302824,23.886
4053.9939915882237,35.54
4054.3939515321454,19.505
4054.6939214900863,13.733
4054.9938914480276,43.663
4055.393851391949,9.3249
4055.6938213498897,12.999
4055.993791307831,-6.4731
4056.3937512517527,5.5335
4056.6937212096936,29.447
4056.993691167635,22.506
4057.393651111556,38.724
4057.6936210694976,-2.6866
4057.993591027439,17.677
4058.39355097136,5.7631
4058.693520929301,4.3622
4058.993490887242,18.971
4059.393450831164,64.304
4059.693420789105,43.742
4059.993390747046,2.8697
4060.3933506909675,25.936
4060.6933206489084,25.738
4060.9932906068498,21.703
4061.3932505507714,46.109
4061.693220508712,30.892
4061.9931904666532,19.801
4062.3931504105753,24.773
4062.693120368516,25.583
4062.993090326457,17.098
4063.393050270379,32.194
4063.6930202283193,34.669
4063.992990186261,4.6251
4064.3929501301827,28.769
4064.692920088123,53.131
4064.9928900460645,9.4097
4065.392849989986,21.666
4065.692819947927,32.843
4065.9927899058684,37.755
4066.3927498497897,16.83
4066.6927198077306,14.075
4067.0926797516527,20.751
4067.3926497095936,10.242
4067.6926196675345,19.881
4068.0925796114557,21.496
4068.3925495693975,35.289
4068.6925195273384,19.607
4069.0924794712596,29.68
4069.392449429201,36.947
4069.692419387142,24.292
4070.0923793310635,34.945
4070.392349289005,18.093
4070.6923192469458,6.2057
4071.092279190867,41.74
4071.3922491488083,-0.35924
4071.6922191067497,14.455
4072.092179050671,-1.8143
4072.3921490086123,7.989
4072.692118966553,23.444
4073.092078910475,17.748
4073.392048868416,31.651
4073.692018826357,-4.3158
4074.0919787702783,23.374
4074.3919487282196,30.155
4074.6919186861605,27.587
4075.091878630082,20.262
4075.3918485880235,35.461
4075.6918185459645,9.3656
4076.091778489886,28.904
4076.3917484478275,35.871
4076.691718405768,13.924
4076.9916883637093,13.748
4077.391648307631,17.428
4077.6916182655714,-7.1321
4077.991588223513,36.218
4078.391548167435,-7.7884
4078.6915181253753,8.1722
4078.9914880833167,25.388
4079.3914480272383,37.452
4079.691417985179,5.4898
4079.9913879431206,45.495
4080.391347887042,42.374
4080.6913178449827,47.879
4080.991287802924,15.847
4081.3912477468457,27.741
4081.6912177047866,2.4976
4081.991187662728,17.823
4082.3911476066496,56.802
4082.6911175645905,21.349
4082.991087522532,29.455
4083.391047466453,36.988
4083.691017424394,32.216
4083.9909873823353,10.063
4084.390947326257,22.864
4084.690917284198,16.93
4084.9908872421393,40.86
4085.3908471860605,40.606
4085.690817144002,32.474
4085.990787101943,37.635
4086.3907470458644,38.91
4086.6907170038053,8.0634
4086.9906869617466,17.003
4087.3906469056683,50.55
4087.690616863609,25.53
4087.9905868215506,25.005
4088.3905467654718,50.011
4088.6905167234127,51.884
4088.990486681354,36.657
4089.3904466252757,87.697
4089.6904165832166,10.686
4089.990386541158,13.42
4090.390346485079,26.639
4090.6903164430205,35.158
4090.990286400962,32.86
4091.3902463448826,38.105
4091.5902263168437,34.035
4091.9901862607658,21.158
4092.3901462046865,46.027
4092.5901261766476,21.867
4092.9900861205692,33.261
4093.3900460644904,41.061
4093.590026036451,21.951
4093.989985980373,9.2253
4094.389945924294,33.128
4094.589925896255,45.05
4094.9898858401766,36.721
4095.389845784098,11.588
4095.589825756059,20.063
4095.9897856999796,14.59
4096.289755657921,47.548
4096.589725615862,8.5819
4096.9896855597835,39.128
4097.289655517725,13.182
4097.589625475666,54.97
4097.9895854195875,28.193
4098.289555377529,42.099
4098.58952533547,131.0
4098.989485279391,168.25
4099.289455237333,181.76
4099.589425195274,172.52
4099.989385139194,104.33
4100.289355097136,40.855
4100.589325055077,58.23
4100.989284998998,35.839
4101.28925495694,54.765
4101.589224914881,9.1871
4101.989184858802,21.754
4102.289154816744,33.383
4102.589124774685,9.8113
4102.989084718606,37.078
4103.2890546765475,23.855
4103.589024634489,9.0986
4103.98898457841,25.299
4104.288954536351,25.091
4104.588924494293,14.185
4104.988884438213,26.152
4105.288854396154,37.887
4105.588824354096,32.711
4105.988784298017,16.023
4106.288754255958,42.894
4106.588724213899,19.767
4106.988684157821,4.3966
4107.288654115762,23.924
4107.588624073703,7.6176
4107.988584017625,18.347
4108.288553975565,-18.461
4108.588523933507,31.32
4108.988483877429,29.701
4109.288453835369,19.249
4109.5884237933105,16.735
4109.988383737233,16.787
4110.288353695173,24.364
4110.5883236531145,32.58
4110.888293611056,9.7621
4111.288253554976,60.707
4111.5882235129175,32.704
4111.88819347086,12.115
4112.28815341478,15.165
4112.588123372721,30.337
4112.888093330663,24.958
4113.288053274584,11.056
4113.588023232525,25.957
4113.887993190467,3.9531
4114.287953134388,27.696
4114.587923092329,23.707
4114.887893050271,-1.4869
4115.287852994192,35.939
4115.587822952133,18.804
4115.8877929100745,25.283
4116.287752853996,38.487
4116.587722811937,36.425
4116.887692769878,37.087
4117.287652713799,60.524
4117.58762267174,1.5182
4117.887592629681,21.402
4118.287552573603,34.129
4118.587522531544,5.5133
4118.887492489485,25.042
4119.2874524334065,14.068
4119.587422391348,28.589
4119.887392349289,33.697
4120.2873522932105,18.249
4120.587322251152,46.012
4120.887292209093,53.416
4121.287252153014,31.626
4121.587222110956,34.734
4121.887192068897,7.2907
4122.287152012817,17.075
4122.587121970759,43.159
4122.887091928701,15.411
4123.287051872621,24.475
4123.587021830563,10.106
4123.886991788504,9.2317
4124.286951732425,69.389
4124.586921690367,34.949
4124.886891648308,31.263
4125.286851592229,37.076
4125.5868215501705,34.122
4125.886791508112,32.695
4126.286751452033,48.512
4126.586721409974,14.473
4126.886691367916,-0.86656
4127.286651311837,11.154
4127.586621269778,34.377
4127.88659122772,34.979
4128.28655117164,26.044
4128.586521129581,42.145
4128.886491087523,26.871
4129.186461045464,4.0223
4129.586420989385,42.36
4129.886390947327,37.525
4130.186360905267,34.593
4130.586320849189,22.026
4130.8862908071305,16.575
4131.186260765071,16.391
4131.586220708993,23.531
4131.8861906669335,20.646
4132.186160624875,23.491
4132.586120568797,33.192
4132.8860905267375,18.598
4133.186060484679,16.924
4133.586020428601,10.363
4133.885990386541,44.856
4134.185960344483,33.981
4134.585920288404,19.311
4134.885890246344,32.882
4135.185860204286,29.813
4135.585820148207,39.299
4135.885790106148,32.565
4136.18576006409,46.457
4136.585720008011,58.003
4136.885689965952,23.207
4137.185659923894,34.326
4137.585619867815,37.638
4137.885589825756,16.205
4138.1855597836975,32.732
4138.585519727619,52.861
4138.88548968556,48.335
4139.185459643501,22.094
4139.585419587422,42.868
4139.885389545364,4.8188
4140.185359503305,19.185
4140.585319447226,16.891
4140.785299419187,12.159
4141.185259363108,15.909
4141.58521930703,14.58
4141.78519927899,-0.45157
4142.185159222912,21.487
4142.5851191668335,-13.045
4142.785099138794,40.022
4143.085069096735,25.977
4143.485029040657,18.161
4143.784998998598,67.139
4144.084968956539,50.193
4144.484928900461,38.736
4144.784898858402,42.831
4145.084868816343,26.98
4145.4848287602645,21.701
4145.784798718206,26.865
4146.084768676147,23.592
4146.3847386340885,3.8925
4146.78469857801,-5.1376
4147.084668535951,13.263
4147.3846384938915,11.397
4147.784598437813,36.525
4148.084568395754,49.035
4148.384538353695,18.198
4148.784498297617,13.808
4149.084468255558,38.182
4149.3844382134985,25.085
4149.784398157421,60.792
4150.084368115361,12.922
4150.384338073302,34.849
4150.7842980172245,56.637
4151.084267975165,45.728
4151.384237933106,18.101
4151.784197877028,9.3152
4152.084167834969,34.119
4152.38413779291,49.633
4152.784097736831,31.756
4153.084067694773,28.43
4153.384037652714,9.5382
4153.6840076106555,25.982
4154.083967554576,66.355
4154.383937512517,73.937
4154.6839074704585,11.07
4155.08386741438,54.801
4155.383837372321,34.92
4155.683807330262,5.6287
4156.083767274184,34.449
4156.383737232125,28.055
4156.683707190066,22.133
4157.083667133988,40.181
4157.383637091929,36.256
4157.68360704987,23.375
4158.0835669937915,32.728
4158.383536951733,37.236
4158.683506909674,19.034
4159.0834668535945,46.844
4159.383436811537,47.298
4159.683406769478,40.266
4160.083366713398,25.454
4160.38333667134,26.308
4160.683306629281,18.291
4161.083266573202,45.479
4161.383236531144,35.36
4161.683206489085,33.774
4161.9831764470255,20.067
4162.383136390948,51.499
4162.683106348889,19.494
4162.983076306829,12.368
4163.3830362507515,37.409
4163.683006208693,80.548
4163.982976166633,19.556
4164.382936110555,35.153
4164.682906068497,42.644
4164.982876026437,37.738
4165.382835970358,29.332
4165.682805928301,43.624
4165.982775886241,45.646
4166.382735830162,26.718
4166.682705788104,14.021
4166.982675746044,28.408
4167.382635689966,39.507
4167.682605647908,9.0636
4167.982575605848,21.142
4168.38253554977,40.711
4168.6825055077115,13.884
4168.982475465652,73.406
4169.282445423592,35.996
4169.6824053675155,50.088
4169.982375325456,57.795
4170.282345283396,-3.401
4170.682305227319,18.022
4170.982275185259,33.755
4171.2822451432,8.412
4171.682205087122,49.365
4171.982175045062,24.164
4172.282145003004,25.889
4172.682104946926,-2.9395
4172.982074904866,41.277
4173.282044862807,29.452
4173.682004806729,41.312
4173.98197476467,21.501
4174.281944722611,36.977
4174.681904666533,48.805
4174.981874624474,27.665
4175.281844582415,32.382
4175.681804526337,41.151
4175.981774484278,44.044
4176.281744442219,35.195
4176.58171440016,18.14
4176.9816743440815,28.042
4177.281644302023,40.411
4177.581614259964,29.71
4177.9815742038845,26.68
4178.281544161826,-6.7856
4178.581514119768,32.345
4178.981474063688,22.114
4179.28144402163,43.538
4179.581413979571,19.44
4179.981373923492,38.252
4180.281343881434,32.259
4180.581313839375,12.596
4180.981273783296,16.876
4181.281243741238,24.374
4181.581213699179,28.125
4181.9811736431,44.946
4182.281143601042,49.889
4182.581113558983,32.899
4182.881083516924,19.129
4183.2810434608455,52.473
4183.581013418787,16.568
4183.880983376728,16.624
4184.2809433206485,55.876
4184.58091327859,39.54
4184.880883236531,24.509
4185.1808531944735,56.61
4185.580813138394,19.008
4185.880783096335,31.167
4186.1807530542765,24.688
4186.580712998198,27.053
4186.880682956139,51.028
4187.18065291408,23.266
4187.580612858002,50.103
4187.880582815943,38.337
4188.080562787903,28.77
4188.480522731824,31.974
4188.880482675747,30.277
4189.080462647707,37.063
4189.480422591628,19.221
4189.780392549569,45.558
4190.0803625075105,56.481
4190.480322451432,54.79
4190.780292409373,66.848
4191.080262367314,-4.7
4191.480222311236,26.367
4191.780192269177,24.564
4192.080162227118,27.548
4192.480122171039,22.924
4192.78009212898,45.544
4193.080062086921,22.261
4193.380032044863,36.128
4193.779991988784,12.951
4194.079961946725,50.197
4194.379931904667,24.508
4194.779891848588,36.789
4195.079861806529,19.151
4195.3798317644705,8.8188
4195.779791708392,38.173
4196.079761666333,10.537
4196.379731624274,11.751
4196.779691568196,30.561
4197.079661526137,27.593
4197.379631484078,37.403
4197.779591427999,11.557
4198.079561385941,12.519
4198.379531343882,19.169
4198.679501301824,17.051
4199.079461245744,13.771
4199.379431203685,4.6983
4199.679401161627,22.688
4200.079361105548,3.0113
4200.379331063489,70.167
4200.679301021431,19.611
4201.079260965352,42.903
4201.379230923293,41.487
4201.6792008812345,15.914
4202.079160825156,23.126
4202.379130783097,10.99
4202.679100741038,7.1626
4203.07906068496,10.449
4203.379030642901,48.548
4203.679000600841,13.737
4203.978970558782,22.183
4204.378930502705,41.593
4204.678900460645,59.557
4204.978870418586,12.996
4205.378830362508,61.556
4205.678800320448,57.217
4205.978770278389,36.265
4206.378730222311,64.904
4206.678700180252,60.407
4206.978670138193,27.296
4207.378630082115,21.062
4207.678600040056,60.312
4207.978569997997,43.978
4208.278539955938,33.836
4208.67849989986,40.909
4208.9784698578005,55.019
4209.278439815742,11.868
4209.678399759664,45.674
4209.978369717604,20.933
4210.278339675546,37.448
4210.678299619467,22.715
4210.978269577408,60.778
4211.27823953535,31.605
4211.678199479271,16.818
4211.978169437211,30.961
4212.278139395153,39.211
4212.578109353094,48.656
4212.978069297015,54.606
4213.278039254957,27.026
4213.578009212898,28.394
4213.977969156819,14.449
4214.277939114761,15.658
4214.577909072702,8.5937
4214.977869016623,25.232
4215.2778389745645,68.198
4215.577808932506,40.87
4215.977768876427,51.112
4216.277738834368,66.718
4216.57770879231,13.875
4216.877678750251,31.773
4217.277638694172,64.982
4217.577608652114,59.869
4217.877578610055,27.032
4218.277538553975,20.07
4218.577508511917,36.452
4218.877478469858,23.748
4219.277438413779,56.773
4219.577408371721,35.753
4219.877378329662,25.726
4220.177348287602,4.6743
4220.5773082315245,26.338
4220.877278189466,44.292
4221.177248147406,62.681
4221.477218105347,55.653
4221.877178049269,-5.7061
4222.17714800721,23.885
4222.477117965151,48.253
4222.877077909073,27.921
4223.177047867014,14.398
4223.477017824955,21.451
4223.876977768877,17.486
4224.176947726818,52.369
4224.4769176847585,33.516
4224.7768876427,8.5127
4225.176847586621,29.008
4225.4768175445615,39.561
4225.776787502503,31.603
4226.176747446425,55.931
4226.476717404365,38.633
4226.776687362307,27.102
4227.176647306229,56.958
4227.476617264169,35.709
4227.776587222111,53.905
4228.176547166033,50.752
4228.476517123973,15.634
4228.776487081915,56.451
4229.076457039856,25.21
4229.476416983777,63.692
4229.776386941719,35.577
4230.07635689966,46.882
4230.476316843581,42.256
4230.7762868015225,2.4301
4231.076256759464,44.436
4231.476216703384,34.5
4231.7761866613255,29.031
4232.076156619267,49.909
4232.376126577209,32.362
4232.776086521129,63.101
4233.076056479071,26.073
4233.376026437012,-2.5418
4233.775986380933,24.038
4234.075956338875,33.505
4234.375926296816,12.774
4234.775886240737,53.119
4234.975866212697,58.915
4235.37582615662,33.108
4235.775786100541,31.486
4236.0757560584825,60.138
4236.275736030442,49.223
4236.675695974364,21.53
4237.075655918286,66.631
4237.275635890246,37.791
4237.675595834168,43.247
4238.075555778089,41.431
4238.27553575005,37.071
4238.675495693971,67.638
4239.075455637893,41.232
4239.275435609854,56.523
4239.575405567795,5.3717
4239.975365511716,36.657
4240.275335469657,22.6
4240.575305427598,24.474
4240.9752653715195,24.054
4241.275235329461,-5.9282
4241.575205287402,15.984
4241.975165231323,23.634
4242.275135189265,48.409
4242.575105147206,38.515
4242.8750751051475,22.427
4243.275035049069,48.955
4243.57500500701,30.925
4243.874974964951,29.872
4244.274934908873,51.99
4244.574904866814,35.151
4244.874874824755,-2.4281
4245.274834768677,9.9434
4245.574804726618,4.8593
4245.874774684559,39.505
4246.174744642501,-4.7775
4246.574704586421,27.139
4246.874674544362,36.501
4247.174644502304,40.304
4247.574604446225,34.715
4247.874574404166,5.3921
4248.174544362107,9.1755
4248.574504306029,11.597
4248.87447426397,13.493
4249.174444221911,83.014
4249.474414179851,54.053
4249.874374123774,34.427
4250.1743440817145,45.543
4250.474314039655,53.045
4250.874273983578,53.477
4251.174243941518,41.367
4251.474213899459,25.625
4251.874173843381,7.3392
4252.174143801322,19.878
4252.474113759263,-0.89755
4252.774083717204,11.079
4253.174043661125,21.317
4253.474013619066,27.416
4253.773983577007,41.95
4254.073953534949,33.625
4254.47391347887,29.651
4254.773883436811,52.535
4255.073853394752,40.895
4255.473813338674,3.8576
4255.773783296615,55.786
4256.073753254556,20.788
4256.373723212498,7.1179
4256.773683156419,67.313
4257.07365311436,15.103
4257.373623072302,13.355
4257.773583016223,49.239
4258.073552974164,18.139
4258.3735229321055,3.6706
4258.673492890047,27.76
4259.073452833968,28.066
4259.373422791909,37.323
4259.673392749851,32.993
4260.073352693771,91.32
4260.373322651713,41.391
4260.673292609655,38.335
4261.073252553575,54.707
4261.373222511516,69.304
4261.673192469458,52.057
4261.973162427397,16.949
4262.37312237132,18.978
4262.673092329262,50.595
4262.973062287201,55.566
4263.373022231124,51.829
4263.672992189065,29.003
4263.972962147005,36.743
4264.372922090928,47.948
4264.672892048869,100.2
4264.972862006809,47.266
4265.27283196475,26.998
4265.6727919086725,104.31
4265.972761866613,41.789
4266.272731824554,30.59
4266.6726917684755,50.157
4266.972661726417,40.22
4267.272631684358,34.539
4267.5726016423,28.438
4267.97256158622,68.277
4268.272531544161,54.061
4268.572501502103,37.605
4268.972461446024,20.548
4269.272431403965,41.089
4269.5724013619065,51.841
4269.972361305828,65.789
4270.272331263769,36.413
4270.57230122171,4.9445
4270.872271179652,13.744
4271.272231123573,39.267
4271.572201081514,60.319
4271.872171039456,3.279
4272.272130983377,46.316
4272.572100941318,75.465
4272.87207089926,21.353
4273.172040857201,35.025
4273.572000801122,37.521
4273.8719707590635,29.537
4274.171940717005,46.391
4274.571900660925,70.63
4274.8718706188665,30.724
4275.171840576808,34.554
4275.471810534748,20.906
4275.87177047867,30.252
4276.171740436612,12.502
4276.471710394551,44.999
4276.871670338474,24.209
4277.171640296416,34.15
4277.471610254355,2.0355
4277.871570198278,43.357
4278.171540156219,19.751
4278.471510114159,30.489
4278.7714800721005,7.0428
4279.171440016023,41.183
4279.471409973963,95.135
4279.771379931904,50.219
4280.171339875827,31.641
4280.471309833767,27.144
4280.771279791708,79.34
4281.07124974965,50.613
4281.47120969357,35.184
4281.771179651511,50.754
4282.071149609454,40.598
4282.471109553374,14.918
4282.771079511315,25.396
4283.071049469257,40.247
4283.371019427198,3.863
4283.770979371119,34.75
4283.970959343081,-9.7536
4284.370919287002,44.625
4284.770879230923,34.308
4284.970859202884,26.359
4285.370819146806,39.658
4285.770779090727,84.576
4285.970759062688,26.093
4286.270729020629,25.395
4286.670688964551,33.344
4286.970658922492,36.125
4287.270628880432,45.007
4287.670588824355,29.57
4287.9705587822955,13.218
4288.270528740236,33.184
4288.570498698177,30.53
4288.870468656119,52.491
4289.27042860004,67.12
4289.570398557981,20.96
4289.870368515923,35.417
4290.270328459843,12.458
4290.570298417785,32.078
4290.8702683757265,31.419
4291.170238333668,46.842
4291.570198277588,37.209
4291.8701682355295,7.4192
4292.170138193471,18.275
4292.570098137392,81.274
4292.870068095333,63.167
4293.170038053275,67.236
4293.470008011215,54.575
4293.869967955137,28.166
4294.169937913079,18.281
4294.469907871019,28.348
4294.869867814941,43.986
4295.169837772883,42.112
4295.469807730823,34.32
4295.769777688764,30.074
4296.1697376326865,17.586
4296.469707590627,34.918
4296.769677548568,21.498
4297.16963749249,56.99
4297.469607450431,33.424
4297.769577408372,38.277
4298.069547366314,21.855
4298.469507310234,29.466
4298.769477268175,14.097
4299.069447226117,23.101
4299.469407170038,33.873
4299.769377127979,57.356
4300.06934708592,59.207
4300.369317043861,-5.5722
4300.769276987783,42.181
4301.0692469457235,-19.17
4301.369216903665,47.725
4301.769176847587,26.6
4302.069146805527,24.886
4302.369116763469,15.018
4302.66908672141,36.876
4303.069046665331,59.307
4303.369016623273,32.55
4303.668986581214,13.881
4304.068946525135,36.223
4304.368916483077,17.269
4304.668886441018,31.118
4304.968856398958,43.199
4305.36881634288,86.396
4305.668786300822,5.4069
4305.968756258762,38.979
4306.368716202684,11.746
4306.668686160625,21.363
4306.968656118565,40.339
4307.268626076507,47.769
4307.668586020429,49.273
4307.968555978369,32.388
4308.268525936311,50.087
4308.668485880233,49.079
4308.968455838173,49.218
4309.268425796115,81.302
4309.568395754056,27.186
4309.968355697977,25.915
4310.2683256559185,29.715
4310.56829561386,19.192
4310.968255557781,42.731
4311.268225515722,53.527
4311.568195473664,38.999
4311.868165431604,4.3311
4312.268125375526,61.408
4312.568095333468,11.582
4312.868065291408,20.205
4313.268025235329,60.869
4313.567995193271,71.965
4313.867965151211,46.929
4314.167935109153,31.659
4314.567895053074,41.875
4314.867865011015,35.696
4315.167834968956,60.484
4315.567794912878,61.079
4315.867764870819,42.223
4316.16773482876,46.639
4316.467704786701,30.807
4316.867664730623,43.757
4317.167634688564,24.358
4317.467604646505,19.456
4317.767574604446,37.45
4318.167534548368,43.869
4318.467504506309,40.438
4318.76747446425,53.986
4319.167434408172,38.472
4319.4674043661125,56.249
4319.767374324054,56.187
4320.067344281995,24.469
4320.4673042259155,118.9
4320.767274183858,36.012
4321.067244141799,41.353
4321.4672040857195,30.127
4321.767174043661,7.8093
4322.067144001602,72.304
4322.3671139595435,27.392
4322.767073903465,59.307
4323.067043861406,52.699
4323.367013819347,17.669
4323.766973763269,53.334
4324.06694372121,78.427
4324.366913679151,77.206
4324.666883637092,21.104
4325.066843581014,32.747
4325.366813538955,20.221
4325.666783496896,57.499
4325.966753454836,20.74
4326.366713398758,9.4286
4326.6666833567,36.968
4326.96665331464,43.479
4327.366613258562,27.321
4327.666583216504,83.657
4327.966553174444,45.129
4328.266523132385,32.73
4328.566493090327,46.8
4328.966453034247,33.402
4329.266422992189,35.657
4329.566392950131,9.8715
4329.966352894051,58.439
4330.266322851992,39.327
4330.466302823954,76.459
4330.866262767875,52.455
4331.266222711796,25.925
4331.466202683758,82.967
4331.866162627679,74.62
4332.16613258562,66.348
4332.466102543561,29.366
4332.766072501501,43.537
4333.166032445424,56.745
4333.466002403365,15.876
4333.765972361305,38.888
4334.0659423192465,24.844
4334.465902263169,51.667
4334.765872221109,60.466
4335.06584217905,53.31
4335.465802122972,144.5
4335.765772080913,95.943
4336.065742038854,152.87
4336.365711996796,187.75
4336.765671940717,241.52
4337.065641898658,293.66
4337.3656118566,236.05
4337.665581814541,90.733
4338.065541758462,89.956
4338.3655117164035,110.33
4338.665481674345,65.046
4339.065441618265,89.96
4339.3654115762065,44.107
4339.665381534148,99.753
4339.965351492089,20.149
4340.36531143601,28.638
4340.665281393952,9.4472
4340.965251351892,51.746
4341.365211295814,15.533
4341.665181253756,20.627
4341.965151211696,53.442
4342.2651211696375,35.624
4342.66508111356,7.6653
4342.9650510715,62.784
4343.265021029441,51.83
4343.564990987383,5.7931
4343.964950931304,50.981
4344.264920889245,19.666
4344.564890847186,104.19
4344.964850791108,113.14
4345.264820749049,97.224
4345.56479070699,81.078
4345.864760664931,114.67
4346.264720608852,67.552
4346.564690566794,51.958
4346.864660524735,44.823
4347.164630482676,13.15
4347.564590426597,79.185
4347.864560384538,8.2716
4348.164530342479,66.733
4348.5644902864005,15.934
4348.864460244342,54.371
4349.164430202283,23.0
4349.464400160224,17.923
4349.964350090126,128.05
4350.464300020028,234.51
4350.86425996395,147.2
4351.264219907871,83.882
4351.764169837773,-326.23
4352.164129781695,-20.484
4352.664079711596,50.634
4353.064039655518,-101.73
4353.563989585419,345.86
4353.96394952934,222.8
4354.463899459242,398.56
4354.8638594031645,189.84
4355.363809333067,78.476
4355.763769276988,-1.5972
4356.26371920689,127.42
4356.663679150811,-80.089
4357.163629080714,-215.57
4357.563589024635,283.09
4358.063538954537,231.46
4358.463498898458,263.97
4358.863458842379,129.51
4359.363408772281,163.03
4359.763368716203,62.753
4360.263318646104,-81.414
4360.6632785900265,-299.89
4361.163228519928,202.9
4361.56318846385,486.95
4362.063138393751,-158.86
4362.463098337673,150.69
4362.963048267574,264.44
4363.363008211496,17.178
4363.862958141399,232.91
4364.262918085319,205.22
4364.762868015221,360.95
4365.162827959143,9.436
4365.562787903064,-66.957
4366.062737832966,-157.79
4366.462697776887,198.76
4366.9626477067895,-10.494
4367.362607650711,241.21
4367.862557580614,-77.778
4368.262517524535,335.88
4368.762467454436,350.76
4369.162427398358,146.95
4369.66237732826,-61.532
4370.062337272181,256.52
4370.562287202083,190.83
4370.962247146004,399.35
4371.462197075905,-181.21
4371.8621570198275,-51.74
4372.36210694973,-67.498
4372.762066893651,184.17
4373.162026837573,11.936
4373.661976767475,100.12
4374.061936711396,92.508
4374.561886641298,233.88
4374.961846585219,-145.47
4375.461796515121,140.35
4375.861756459042,229.99
4376.361706388945,59.559
4376.761666332866,19.695
4377.261616262767,189.19
4377.66157620669,73.114
4378.161526136591,133.82
4378.561486080513,-0.57741
4379.061436010415,-117.66
4379.461395954336,65.838
4379.861355898258,-87.69
4380.36130582816,212.29
4380.761265772081,-81.288
4381.261215701982,110.32
4381.661175645905,-322.62
4382.161125575806,223.31
4382.561085519727,-121.28
4383.06103544963,-86.09
4383.460995393551,2.518
4383.9609453234525,356.64
4384.360905267375,-27.145
4384.860855197277,176.63
4385.260815141198,23.928
4385.7607650711,84.956
4386.160725015022,-119.58
4386.660674944923,145.62
4387.060634888845,125.79
4387.460594832766,96.186
4387.960544762667,-26.985
4388.360504706589,27.256
4388.860454636491,177.39
4389.2604145804125,112.65
4389.7603645103145,128.09
4390.160324454237,-84.08
4390.660274384138,353.36
4391.060234328059,-63.221
4391.560184257962,244.93
4391.960144201882,-33.955
4392.460094131785,327.95
4392.860054075706,-157.65
4393.360004005608,138.32
4393.759963949529,144.86
4394.159923893451,276.18
4394.659873823353,43.925
4395.059833767274,290.69
4395.5597836971765,-44.614
4395.959743641098,124.84
4396.459693570999,-79.116
4396.859653514922,-184.55
4397.359603444823,48.007
4397.759563388744,-42.596
4398.259513318646,54.728
4398.659473262568,-42.465
4399.159423192469,312.31
4399.559383136391,14.777
4400.059333066292,304.47
4400.4592930102135,5.3605
4400.859252954136,221.25
4401.359202884038,-196.86
4401.759162827959,306.11
4402.259112757862,-125.35
4402.659072701783,217.06
4403.159022631685,148.67
4403.558982575605,314.49
4404.058932505508,-181.12
4404.458892449429,285.93
4404.958842379331,57.893
4405.358802323253,-85.838
4405.858752253154,3.2627
4406.2587121970755,404.22
4406.7586621269775,50.769
4407.1586220709,216.78
4407.558582014821,116.31
4408.058531944723,65.346
4408.458491888644,1.6087
4408.958441818546,178.42
4409.358401762468,-14.666
4409.858351692369,412.72
4410.25831163629,340.75
4410.758261566192,81.278
4411.158221510114,-120.48
4411.658171440017,166.22
4412.0581313839375,172.24
4412.5580813138395,44.298
4412.95804125776,180.65
4413.457991187663,-90.044
4413.857951131585,-29.631
4414.257911075505,169.9
4414.757861005408,100.52
4415.157820949329,-197.79
4415.657770879231,341.75
4416.057730823153,-69.379
4416.557680753054,91.418
4416.957640696975,275.34
4417.457590626877,142.54
4417.8575505707995,66.44
4418.357500500701,282.54
4418.757460444623,152.89
4419.257410374524,36.382
4419.657370318446,325.64
4420.157320248349,126.1
4420.557280192269,92.273
4420.95724013619,-35.054
4421.457190066092,150.72
4421.857150010014,-267.74
4422.357099939916,319.88
4422.7570598838365,93.289
4423.257009813739,100.65
4423.656969757661,10.49
4424.1569196875635,59.926
4424.556879631485,214.63
4425.056829561386,-52.688
4425.456789505307,381.56
4425.956739435209,308.76
4426.356699379131,-61.026
4426.756659323052,40.644
4427.256609252954,-5.5971
4427.656569196876,-131.9
4428.156519126777,35.897
4428.556479070699,210.4
4429.0564290006005,-37.729
4429.456388944522,285.04
4429.956338874424,131.25
4430.356298818346,-177.58
4430.856248748248,245.34
4431.256208692169,101.63
4431.756158622071,-85.884
4432.156118565992,211.23
4432.656068495895,464.02
4433.056028439816,-213.58
4433.455988383736,166.44
4433.955938313639,182.25
4434.3558982575605,-251.38
4434.8558481874625,-220.43
4435.255808131385,403.35
4435.755758061286,-117.86
4436.155718005208,102.01
4436.65566793511,275.19
4437.055627879031,43.502
4437.555577808932,-17.079
4437.955537752854,50.231
4438.455487682755,-104.8
4438.855447626677,172.51
4439.255407570598,288.83
4439.7553575005,224.24
4440.1553174444225,72.316
4440.6552673743245,151.14
4441.055227318246,141.66
4441.555177248148,240.56
4441.955137192068,254.84
4442.455087121971,105.01
4442.855047065892,-4.1855
4443.354996995795,288.87
4443.754956939716,197.33
4444.254906869617,6.0852
4444.654866813539,130.54
4445.05482675746,178.06
4445.554776687362,111.98
4445.954736631284,204.9
4446.454686561186,-162.67
4446.854646505108,222.04
4447.354596435009,-19.477
4447.754556378931,230.11
4448.254506308832,191.95
4448.654466252754,229.16
4449.154416182656,232.71
4449.554376126577,41.712
4450.054326056479,185.12
4450.4542860004,76.098
4450.954235930302,127.79
4451.3541958742235,21.359
4451.754155818145,119.22
4452.254105748048,115.29
4452.654065691969,39.036
4453.154015621872,89.685
4453.553975565792,155.82
4454.053925495694,14.831
4454.453885439615,107.63
4454.953835369517,0.40585
4455.353795313439,91.779
4455.853745243341,195.8
4456.253705187262,21.328
4456.753655117163,23.007
4457.1536150610855,239.65
4457.553575005008,170.56
4458.053524934909,154.61
4458.45348487883,20.797
4458.953434808732,252.39
4459.353394752654,-78.545
4459.853344682556,-97.872
4460.253304626477,193.77
4460.753254556379,12.661
4461.1532145003,35.729
4461.653164430203,123.8
4462.053124374123,91.385
4462.553074304026,28.299
4462.9530342479475,84.351
4463.352994191869,-33.574
4463.852944121771,-41.231
4464.252904065692,279.29
4464.752853995594,436.67
4465.152813939516,99.902
4465.652763869418,337.76
4466.052723813339,21.525
4466.55267374324,65.321
4466.952633687162,84.671
4467.452583617063,296.74
4467.852543560985,246.57
4468.352493490887,-90.423
4468.752453434809,155.24
4469.152413378731,1.5998
4469.652363308633,-181.65
4470.052323252554,275.85
4470.552273182455,172.04
4470.952233126376,39.983
4471.452183056279,348.45
4471.8521430002,156.44
4472.352092930103,417.88
4472.752052874023,185.44
4473.252002803925,-6.9375
4473.651962747847,34.087
4474.151912677749,175.52
4474.551872621671,-4.2633
4474.951832565591,152.65
4475.451782495494,229.37
4475.851742439416,244.95
4476.351692369317,-8.236
4476.751652313239,170.66
4477.25160224314,14.659
4477.651562187062,275.11
4478.151512116964,137.34
4478.551472060885,346.38
4479.051421990786,-45.8
4479.4513819347085,201.66
4479.95133186461,121.44
4480.351291808532,-113.3
4480.751251752454,82.417
4481.251201682355,277.47
4481.651161626277,-60.87
4482.15111155618,268.8
4482.5510715001,136.26
4483.051021430002,174.4
4483.450981373923,-3.9592
4483.950931303825,132.33
4484.350891247747,147.6
4484.850841177649,-5.0942
4485.2508011215705,-44.637
4485.650761065492,206.1
4486.150710995395,7.1349
4486.550670939316,279.86
4487.050620869217,206.71
4487.450580813138,23.586
4487.95053074304,183.0
4488.350490686962,269.52
4488.850440616864,210.52
4489.250400560785,5.4963
4489.750350490686,273.6
4490.150310434608,-238.55
4490.650260364511,197.5
4491.050220308432,199.62
4491.450180252353,203.59
4491.950130182255,-26.239
4492.350090126177,304.76
4492.850040056079,77.81
4493.25,-42.646
4493.749949929902,-2.994
4494.149909873823,22.326
4494.649859803726,132.89
4495.049819747647,70.5
4495.549769677548,209.54
4495.94972962147,303.77
4496.349689565392,321.73
4496.849639495294,224.99
4497.249599439215,99.2
4497.749549369117,188.16
4498.149509313039,108.86
4498.649459242941,-57.626
4499.049419186862,429.26
4499.549369116763,39.222
4499.949329060684,295.53
4500.449278990586,96.877
4500.849238934508,223.47
4501.2491988784295,353.62
4501.7491488083315,97.013
4502.149108752254,-28.859
4502.649058682155,20.775
4503.049018626077,227.31
4503.548968555979,-117.44
4503.948928499899,244.42
4504.448878429802,314.03
4504.848838373723,329.46
4505.348788303625,-21.691
4505.748748247547,315.05
4506.148708191468,-28.07
4506.64865812137,54.464
4507.0486180652915,60.315
4507.5485679951935,303.72
4507.948527939115,136.92
4508.448477869017,110.74
4508.848437812939,7.2926
4509.34838774284,343.56
4509.748347686762,-112.95
4510.248297616663,178.05
4510.648257560585,242.8
4511.048217504506,-53.851
4511.548167434408,-6.4823
4511.948127378329,83.004
4512.448077308231,15.408
4512.8480372521535,11.626
4513.347987182055,101.02
4513.747947125976,312.9
4514.247897055879,103.74
4514.6478569998,274.45
4515.147806929703,77.496
4515.547766873623,194.74
4515.947726817544,62.675
4516.447676747446,148.55
4516.847636691368,45.889
4517.34758662127,235.96
4517.7475465651905,-33.577
4518.247496495093,-167.24
4518.6474564390155,109.04
4519.147406368917,50.816
4519.547366312839,41.216
4520.04731624274,127.08
4520.447276186661,350.63
4520.847236130583,-53.043
4521.347186060485,235.34
4521.747146004406,-69.904
4522.247095934308,76.184
4522.64705587823,135.84
4523.147005808131,73.416
4523.5469657520525,53.028
4524.0469156819545,250.32
4524.446875625876,117.5
4524.946825555779,-23.604
4525.3467854997,191.22
4525.746745443621,198.2
4526.246695373522,-43.718
4526.646655317445,185.01
4527.146605247347,95.711
4527.546565191267,27.919
4528.04651512117,75.739
4528.44647506509,139.51
4528.946424994992,118.5
4529.346384938915,267.03
4529.746344882836,311.15
4530.246294812738,60.678
4530.64625475666,192.63
4531.146204686562,190.84
4531.546164630483,167.87
4532.046114560385,226.26
4532.446074504306,137.2
4532.946024434207,241.4
4533.34598437813,7.8865
4533.845934308031,208.72
4534.245894251952,-79.228
4534.645854195875,197.52
4535.1458041257765,10.197
4535.545764069698,68.83
4536.0457139996,90.191
4536.445673943521,137.9
4536.945623873422,214.92
4537.345583817344,112.87
4537.845533747247,141.98
4538.245493691167,172.2
4538.74544362107,2.9467
4539.145403564991,126.78
4539.5453635089125,-49.711
4540.045313438814,-9.7905
4540.445273382736,157.6
4540.945223312638,153.8
4541.345183256559,70.057
4541.845133186462,18.114
4542.245093130383,320.61
4542.745043060284,-139.84
4543.145003004207,125.91
4543.544962948127,-47.085
4544.044912878029,36.453
4544.44487282195,44.154
4544.944822751852,248.52
4545.3447826957745,-37.033
4545.844732625676,54.609
4546.244692569598,422.02
4546.744642499499,229.61
4547.144602443421,265.08
4547.644552373323,245.41
4548.044512317244,75.59
4548.444472261165,53.865
4548.944422191067,-74.954
4549.344382134989,292.47
4549.84433206489,52.302
4550.244292008812,263.21
4550.744241938714,-24.501
4551.144201882636,298.09
4551.644151812538,263.41
4552.044111756459,-109.15
4552.44407170038,139.39
4552.944021630283,-21.254
4553.343981574204,414.03
4553.843931504106,-145.54
4554.243891448027,366.46
4554.743841377929,204.22
4555.143801321851,158.56
4555.643751251753,-50.119
4556.043711195674,317.89
4556.543661125575,198.39
4556.943621069498,-168.85
4557.34358101342,71.194
4557.843530943321,-113.58
4558.243490887242,-21.53
4558.743440817144,342.9
4559.143400761066,448.68
4559.643350690968,82.808
4560.043310634889,215.5
4560.54326056479,309.29
4560.943220508711,78.794
4561.343180452634,-51.757
4561.8431303825355,416.84
4562.243090326457,7.8641
4562.743040256359,254.36
4563.143000200281,149.56
4563.642950130183,376.17
4564.042910074104,182.0
4564.542860004006,126.01
4564.942819947926,72.45
4565.342779891848,39.774
4565.842729821751,160.15
4566.2426897656715,190.75
4566.742639695574,-44.67
4567.1425996394955,121.39
4567.6425495693975,187.61
4568.042509513319,87.826
4568.542459443221,333.61
4568.942419387142,46.5
4569.442369317044,104.97
4569.842329260966,325.83
4570.242289204887,-154.31
4570.742239134788,5.406
4571.142199078711,146.18
4571.642149008612,-49.762
4572.042108952533,94.778
4572.542058882435,159.4
4572.942018826357,230.53
4573.441968756258,118.27
4573.841928700181,123.72
4574.241888644102,223.57
4574.741838574003,112.72
4575.141798517926,154.73
4575.641748447827,65.767
4576.041708391748,163.22
4576.541658321651,137.6
4576.941618265571,163.84
4577.441568195473,152.26
4577.841528139395,193.66
4578.241488083317,89.532
4578.741438013219,263.76
4579.14139795714,163.72
4579.641347887043,189.23
4580.041307830963,44.269
4580.541257760866,25.678
4580.941217704787,118.16
4581.441167634688,141.73
4581.84112757861,193.36
4582.241087522531,251.92
4582.741037452433,-83.17
4583.1409973963555,103.4
4583.640947326257,126.04
4584.040907270179,50.426
4584.54085720008,-3.2362
4584.940817144002,84.873
4585.440767073903,197.02
4585.840727017825,78.591
4586.240686961746,243.91
4586.740636891648,287.47
4587.14059683557,139.03
4587.640546765472,285.11
4588.040506709393,153.66
4588.5404566392945,118.58
4588.940416583216,-44.745
4589.4403665131185,56.013
4589.84032645704,87.627
4590.240286400961,204.67
4590.740236330863,-126.47
4591.140196274785,-57.828
4591.640146204687,321.6
4592.040106148608,102.86
4592.54005607851,8.0052
4592.94001602243,144.3
4593.439965952333,202.48
4593.839925896255,146.35
4594.239885840176,9.1982
4594.739835770079,404.88
4595.139795714,61.105
4595.639745643902,306.03
4596.039705587824,170.87
4596.539655517725,88.406
4596.939615461646,-308.88
4597.439565391548,173.19
4597.83952533547,-9.9862
4598.239485279391,126.73
4598.739435209293,137.68
4599.139395153215,322.9
4599.6393450831165,-8.9338
4600.039305027038,228.87
4600.53925495694,256.67
4600.939214900861,151.82
4601.439164830763,282.84
4601.839124774685,245.04
4602.239084718606,100.2
4602.739034648507,258.18
4603.13899459243,228.15
4603.638944522331,235.03
4604.0389044662525,-23.508
4604.538854396155,289.78
4604.938814340076,168.45
4605.438764269978,20.176
4605.8387242139,50.917
4606.238684157821,216.54
4606.738634087723,87.722
4607.138594031644,164.56
4607.638543961547,201.75
4608.038503905467,187.46
4608.53845383537,303.62
4608.938413779291,63.469
4609.438363709192,271.4
4609.8383236531145,7.1594
4610.238283597036,205.0
4610.738233526938,6.5138
4611.13819347086,175.37
4611.638143400762,336.89
4612.038103344683,145.11
4612.538053274584,232.73
4612.938013218506,371.49
4613.437963148407,230.78
4613.837923092329,143.69
4614.237883036251,195.78
4614.737832966152,56.848
4615.1377929100745,71.603
4615.637742839976,194.66
4616.037702783898,272.22
4616.537652713799,112.97
4616.937612657721,203.95
4617.337572601643,121.45
4617.837522531544,103.04
4618.237482475465,175.48
4618.737432405367,209.97
4619.137392349289,215.09
4619.637342279192,336.35
4620.037302223112,373.77
4620.537252153014,87.363
4620.937212096935,237.23
4621.337172040858,132.49
4621.83712197076,99.648
4622.23708191468,15.668
4622.737031844583,113.42
4623.136991788504,212.26
4623.636941718406,197.6
4624.036901662328,-151.65
4624.536851592229,89.093
4624.93681153615,24.395
4625.336771480072,357.68
4625.836721409974,140.09
4626.236681353896,444.01
4626.736631283798,175.62
4627.13659122772,118.64
4627.636541157621,88.122
4628.036501101542,139.85
4628.536451031444,43.821
4628.936410975365,69.333
4629.336370919287,67.508
4629.836320849189,96.254
4630.23628079311,126.32
4630.736230723011,114.66
4631.136190666934,112.07
4631.6361405968355,28.344
4632.036100540757,155.21
4632.436060484679,275.72
4632.93601041458,138.01
4633.335970358502,189.33
4633.835920288404,409.59
4634.235880232325,49.759
4634.735830162227,205.01
4635.135790106149,103.86
4635.635740036051,-18.812
4636.0356999799715,170.39
4636.435659923893,288.09
4636.9356098537955,11.009
4637.335569797717,316.26
4637.83551972762,273.06
4638.23547967154,45.176
4638.735429601442,91.327
4639.135389545364,192.17
4639.535349489285,135.12
4640.035299419187,146.94
4640.435259363107,177.75
4640.93520929301,-4.0615
4641.335169236932,-55.957
4641.8351191668335,280.77
4642.235079110756,265.25
4642.735029040657,50.808
4643.134988984579,152.75
4643.5349489285,245.0
4644.034898858402,-102.14
4644.434858802323,208.96
4644.934808732225,250.64
4645.334768676147,185.85
4645.834718606048,105.93
4646.234678549969,264.2
4646.634638493892,238.66
4647.1345884237935,98.293
4647.534548367715,-88.236
4648.034498297617,32.272
4648.434458241538,-145.84
4648.934408171439,19.698
4649.334368115362,124.27
4649.834318045264,155.46
4650.234277989184,345.38
4650.634237933107,306.72
4651.134187863008,217.92
4651.5341478069295,309.28
4652.034097736832,192.58
4652.434057680753,76.968
4652.934007610655,286.45
4653.333967554577,195.84
4653.733927498498,-11.58
4654.2338774284,97.127
4654.633837372321,20.258
4655.133787302224,216.85
4655.533747246144,147.21
4656.033697176047,349.32
4656.433657119968,248.5
4656.933607049869,77.1
4657.3335669937915,175.22
4657.733526937713,14.704
4658.233476867615,262.46
4658.633436811537,143.62
4659.133386741439,102.71
4659.53334668536,215.34
4660.033296615261,202.72
4660.433256559183,2.6767
4660.833216503105,98.794
4661.333166433006,171.65
4661.733126376927,54.728
4662.233076306829,39.959
4662.6330362507515,236.97
4663.1329861806535,139.05
4663.532946124575,-23.583
4663.932906068496,432.87
4664.432855998397,174.52
4664.83281594232,70.952
4665.332765872221,332.18
4665.732725816142,7.047
4666.232675746044,-37.561
4666.632635689966,134.03
4667.132585619868,117.34
4667.532545563789,40.956
4667.932505507711,268.45
4668.432455437612,282.68
4668.832415381535,72.911
4669.332365311437,432.29
4669.732325255357,247.59
4670.23227518526,140.96
4670.632235129181,194.17
4671.032195073102,134.79
4671.532145003005,83.167
4671.932104946925,96.607
4672.432054876827,187.58
4672.832014820749,-159.5
4673.331964750651,162.93
4673.731924694573,122.03
4674.131884638494,56.275
4674.631834568397,209.12
4675.031794512317,255.35
4675.531744442219,32.431
4675.931704386141,115.73
4676.431654316042,369.3
4676.831614259964,-102.22
4677.331564189866,-103.31
4677.731524133787,369.7
4678.1314840777095,132.35
4678.6314340076115,-79.739
4679.031393951533,231.89
4679.531343881434,305.39
4679.931303825355,10.97
4680.431253755257,155.87
4680.831213699179,126.81
4681.2311736431,176.97
4681.731123573002,-98.742
4682.131083516924,283.93
4682.631033446825,96.348
4683.030993390747,209.36
4683.5309433206485,152.93
4683.93090326457,152.43
4684.330863208492,53.62
4684.830813138394,314.3
4685.230773082315,211.86
4685.730723012217,229.28
4686.130682956139,154.04
4686.630632886041,93.958
4687.030592829961,111.14
4687.430552773883,96.594
4687.930502703784,363.77
4688.330462647707,346.06
4688.830412577609,333.83
4689.23037252153,266.67
4689.730322451433,158.95
4690.130282395354,-63.82
4690.530242339275,296.38
4691.030192269177,105.36
4691.430152213098,143.53
4691.930102143,139.67
4692.330062086921,424.42
4692.830012016824,226.06
4693.229971960745,54.438
4693.629931904667,302.26
4694.1298818345695,155.34
4694.52984177849,134.32
4695.029791708392,40.754
4695.429751652313,253.58
4695.929701582215,49.68
4696.329661526137,154.23
4696.729621470057,15.081
4697.22957139996,21.724
4697.629531343882,162.09
4698.129481273783,202.84
4698.529441217705,251.55
4699.0293911476065,199.72
4699.429351091528,337.08
4699.82931103545,37.102
4700.329260965352,207.53
4700.729220909273,28.562
4701.229170839175,311.56
4701.629130783097,116.97
4702.129080712998,173.37
4702.529040656919,-2.932
4702.929000600841,20.777
4703.428950530742,178.38
4703.828910474665,230.42
4704.3288604045665,70.444
4704.728820348488,239.09
4705.228770278389,365.59
4705.628730222312,238.5
4706.028690166233,102.23
4706.528640096134,423.56
4706.928600040056,205.07
4707.428549969957,-19.571
4707.828509913879,261.7
4708.328459843782,84.039
4708.7284197877025,-125.94
4709.128379731625,91.421
4709.628329661527,81.727
4710.028289605448,31.237
4710.52823953535,71.366
4710.92819947927,218.22
4711.428149409173,148.5
4711.828109353094,291.83
4712.228069297015,252.16
4712.728019226918,195.79
4713.127979170839,176.56
4713.627929100741,250.96
4714.0278890446625,284.47
4714.5278389745645,180.44
4714.927798918486,165.06
4715.327758862407,116.06
4715.82770879231,252.79
4716.22766873623,58.793
4716.727618666133,74.899
4717.127578610055,254.72
4717.627528539956,140.18
4718.027488483877,128.61
4718.4274484277985,143.5
4718.9273983577,234.88
4719.327358301623,310.37
4719.8273082315245,-76.294
4720.227268175446,119.71
4720.727218105347,105.16
4721.12717804927,74.379
4721.527137993191,178.24
4722.027087923092,279.52
4722.427047867014,177.84
4722.926997796915,197.87
4723.326957740837,174.52
4723.826907670739,338.5
4724.2268676146605,296.66
4724.626827558583,142.87
4725.126777488485,145.6
4725.526737432406,125.34
4726.026687362307,188.06
4726.426647306228,294.68
4726.92659723613,221.84
4727.326557180052,79.686
4727.726517123973,211.64
4728.226467053875,142.62
4728.626426997797,155.81
4729.126376927698,42.134
4729.5263368716205,298.93
4730.0262868015225,246.94
4730.426246745443,232.49
4730.826206689365,251.31
4731.326156619267,320.02
4731.726116563188,96.29
4732.226066493091,145.44
4732.626026437012,383.12
4733.025986380933,-41.048
4733.525936310835,218.93
4733.9258962547565,76.165
4734.425846184658,162.38
4734.82580612858,38.234
4735.3257560584825,237.0
4735.725716002404,98.974
4736.125675946325,126.93
4736.625625876228,325.92
4737.025585820148,222.4
4737.52553575005,240.53
4737.925495693971,390.92
4738.425445623873,4.0241
4738.825405567795,143.15
4739.225365511716,356.53
4739.7253154416185,211.22
4740.125275385541,233.78
4740.625225315443,222.5
4741.025185259364,256.34
4741.525135189265,59.31
4741.925095133186,93.885
4742.325055077109,251.32
4742.82500500701,298.32
4743.224964950931,139.65
4743.724914880833,523.25
4744.124874824755,144.52
4744.624824754656,216.89
4745.0247846985785,369.72
4745.4247446425,14.212
4745.924694572401,-5.0941
4746.324654516323,320.68
4746.824604446225,25.061
4747.224564390146,243.32
4747.624524334068,151.62
4748.12447426397,160.77
4748.524434207891,235.81
4749.024384137792,267.81
4749.4243440817145,85.127
4749.9242940116155,269.61
4750.324253955538,292.46
4750.724213899459,117.65
4751.224163829361,-24.803
4751.624123773283,334.55
4752.124073703185,203.01
4752.524033647106,129.12
4753.023983577008,207.19
4753.423943520928,451.09
4753.823903464851,282.69
4754.323853394752,-40.13
4754.723813338674,-8.4899
4755.2237632685765,236.46
4755.623723212498,24.026
4756.023683156419,227.33
4756.523633086321,239.01
4756.923593030242,190.53
4757.423542960144,255.8
4757.823502904066,232.53
4758.323452833968,188.03
4758.723412777888,84.748
4759.1233727218105,149.0
4759.623322651713,67.444
4760.023282595634,134.77
4760.5232325255365,133.15
4760.923192469457,210.27
4761.323152413379,364.44
4761.823102343281,313.08
4762.223062287202,228.36
4762.723012217104,386.89
4763.122972161025,76.584
4763.622922090928,103.13
4764.022882034849,199.39
4764.42284197877,190.43
4764.9227919086725,203.12
4765.322751852594,209.95
4765.822701782496,288.78
4766.222661726417,352.84
4766.722611656319,262.33
4767.122571600241,262.23
4767.522531544161,255.71
4768.022481474064,24.982
4768.422441417985,340.92
4768.922391347886,192.59
4769.322351291809,227.86
4769.72231123573,384.03
4770.222261165632,196.82
4770.622221109554,195.82
4771.122171039456,216.33
4771.522130983377,361.8
4772.022080913279,44.517
4772.4220408572,304.19
4772.822000801122,89.411
4773.321950731024,29.809
4773.721910674945,204.54
4774.221860604846,258.08
4774.6218205487685,301.07
4775.021780492691,332.26
4775.521730422592,271.74
4775.921690366513,201.32
4776.421640296415,337.01
4776.821600240337,173.88
4777.321550170238,32.337
4777.72151011416,214.64
4778.121470058082,271.65
4778.621419987983,100.87
4779.021379931904,321.05
4779.521329861806,367.34
4779.921289805728,-112.44
4780.32124974965,72.384
4780.821199679552,253.27
4781.221159623473,-14.701
4781.721109553374,307.57
4782.121069497297,417.51
4782.621019427198,292.96
4783.020979371119,183.78
4783.42093931504,304.27
4783.920889244942,208.46
4784.3208491888645,-43.186
4784.820799118766,332.73
4785.220759062688,263.18
4785.62071900661,104.25
4786.120668936511,173.26
4786.520628880433,348.85
4787.020578810334,215.04
4787.420538754255,351.92
4787.920488684158,67.526
4788.320448628079,221.92
4788.720408572,197.55
4789.220358501902,112.79
4789.6203184458245,37.136
4790.1202683757265,246.99
4790.520228319648,185.73
4790.920188263569,207.49
4791.42013819347,319.43
4791.820098137392,363.56
4792.320048067295,91.974
4792.720008011215,273.74
4793.119967955137,98.343
4793.619917885039,90.915
4794.0198778289605,203.99
4794.519827758862,621.19
4794.919787702784,256.62
4795.419737632686,241.06
4795.819697576607,212.95
4796.219657520528,386.42
4796.719607450431,-7.5256
4797.119567394352,142.12
4797.619517324255,330.79
4798.019477268175,-31.687
4798.419437212096,121.68
4798.919387141998,263.41
4799.3193470859205,286.29
4799.8192970158225,257.59
4800.219256959744,479.78
4800.719206889646,233.4
4801.119166833568,558.19
4801.519126777488,42.46
4802.019076707391,431.52
4802.419036651312,13.818
4802.918986581213,199.16
4803.318946525135,176.69
4803.7189064690565,145.54
4804.218856398958,284.33
4804.618816342881,291.29
4805.1187662727825,75.975
4805.518726216704,117.11
4805.918686160624,123.7
4806.418636090527,35.057
4806.818596034449,91.223
4807.31854596435,348.06
4807.718505908272,21.966
4808.218455838173,471.28
4808.618415782095,286.67
4809.0183757260165,90.812
4809.5183256559185,220.07
4809.91828559984,311.15
4810.418235529742,113.67
4810.818195473664,171.64
4811.218155417585,312.41
4811.718105347486,113.37
4812.118065291409,202.86
4812.61801522131,226.43
4813.017975165231,494.22
4813.4179351091525,144.63
4813.917885039054,319.07
4814.317844982977,365.94
4814.8177949128785,294.02
4815.2177548568,-20.908
4815.617714800722,344.84
4816.117664730623,205.93
4816.517624674545,246.57
4817.017574604446,132.76
4817.417534548367,200.8
4817.917484478269,270.23
4818.317444422191,245.14
4818.7174043661125,-16.901
4819.2173542960145,325.55
4819.617314239937,152.13
4820.117264169838,167.76
4820.51722411376,232.57
4820.917184057681,336.64
4821.417133987582,67.841
4821.817093931504,-19.319
4822.317043861406,325.14
4822.717003805327,-63.524
4823.116963749249,295.93
4823.616913679151,133.06
4824.016873623073,300.55
4824.516823552974,28.499
4824.916783496896,319.03
4825.316743440818,128.88
4825.816693370719,358.29
4826.21665331464,253.85
4826.716603244542,318.18
4827.116563188464,226.0
4827.616513118366,196.3
4828.016473062287,221.3
4828.4164330062085,121.43
4828.91638293611,346.91
4829.316342880033,203.59
4829.816292809934,262.71
4830.216252753855,150.56
4830.616212697777,105.71
4831.116162627679,249.96
4831.5161225716,89.085
4832.016072501502,309.61
4832.416032445423,198.8
4832.815992389345,333.83
4833.3159423192465,326.29
4833.715902263169,440.9
4834.21585219307,72.15
4834.615812136992,341.8
4835.015772080914,212.31
4835.515722010815,78.729
4835.915681954736,99.49
4836.415631884638,177.2
4836.81559182856,296.51
4837.215551772481,215.09
4837.715501702383,277.93
4838.115461646305,337.14
4838.6154115762065,241.87
4839.015371520128,115.41
4839.41533146405,175.19
4839.915281393951,-29.324
4840.315241337873,302.71
4840.815191267775,248.57
4841.215151211696,113.84
4841.715101141598,300.91
4842.11506108552,215.97
4842.515021029441,40.524
4843.0149709593425,215.72
4843.414930903264,257.46
4843.9148808331665,11.486
4844.314840777088,317.56
4844.714800721009,308.12
4845.214750650911,152.08
4845.614710594833,312.19
4846.114660524735,248.27
4846.514620468656,53.2
4846.914580412577,111.04
4847.414530342478,193.29
4847.814490286401,10.582
4848.314440216303,90.499
4848.714400160224,264.84
4849.114360104146,338.39
4849.614310034048,139.85
4850.014269977969,457.03
4850.514219907872,294.07
4850.914179851792,392.82
4851.314139795714,265.4
4851.814089725615,387.3
4852.214049669537,474.8
4852.713999599439,926.6
4853.113959543361,1138.0
4853.513919487282,835.08
4854.013869417185,529.75
4854.413829361105,480.85
4854.913779291008,409.62
4855.313739234929,110.16
4855.71369917885,403.68
4856.213649108752,228.09
4856.613609052674,280.26
4857.113558982576,82.779
4857.5135189264965,337.5
4857.913478870418,90.074
4858.413428800321,185.01
4858.813388744242,246.69
4859.313338674145,343.82
4859.713298618065,229.33
4860.113258561987,127.84
4860.613208491889,229.46
4861.01316843581,231.39
4861.513118365712,138.49
4861.9130783096325,256.98
4862.3130382535555,280.65
4862.8129881834575,262.75
4863.212948127378,164.67
4863.712898057281,288.74
4864.112858001202,173.23
4864.512817945123,126.55
4865.012767875026,310.69
4865.412727818946,296.98
4865.912677748848,225.36
4866.312637692769,291.0
4866.7125976366915,249.49
4867.2125475665935,303.38
4867.612507510515,215.01
4868.1124574404175,204.43
4868.512417384338,306.67
4868.912377328259,235.08
4869.412327258162,417.5
4869.812287202083,135.74
4870.312237131985,169.1
4870.712197075905,271.06
4871.112157019828,236.59
4871.61210694973,403.25
4872.012066893651,286.71
4872.5120168235535,299.11
4872.911976767474,170.0
4873.311936711396,111.5
4873.811886641299,31.952
4874.211846585219,174.56
4874.711796515121,352.68
4875.111756459042,237.58
4875.511716402964,183.56
4876.011666332866,310.49
4876.411626276787,196.66
4876.9115762066895,172.67
4877.311536150611,188.76
4877.711496094532,318.46
4878.211446024435,163.38
4878.611405968356,292.53
4879.111355898258,347.1
4879.511315842179,205.98
4879.9112757861,35.322
4880.411225716002,410.77
4880.8111856599235,220.1
4881.311135589826,228.5
4881.711095533747,224.23
4882.111055477669,187.22
4882.611005407572,229.4
4883.010965351492,329.13
4883.510915281394,47.379
4883.910875225315,252.72
4884.310835169237,233.92
4884.810785099139,332.47
4885.210745043059,241.63
4885.710694972962,211.31
4886.1106549168835,353.03
4886.510614860805,331.83
4887.010564790708,332.07
4887.410524734628,344.6
4887.91047466453,341.67
4888.310434608452,398.85
4888.710394552373,204.17
4889.210344482275,396.19
4889.610304426197,288.02
4890.110254356099,293.58
4890.5102143000195,163.74
4890.910174243941,389.6
4891.4101241738435,194.19
4891.810084117765,202.28
4892.310034047668,218.43
4892.709993991589,99.927
4893.10995393551,316.04
4893.609903865412,333.84
4894.009863809333,221.31
4894.409823753254,151.41
4894.909773683156,282.54
4895.309733627078,197.39
4895.80968355698,296.4
4896.209643500901,201.51
4896.609603444823,362.0
4897.109553374726,204.94
4897.509513318646,312.24
4898.009463248548,311.54
4898.409423192469,415.82
4898.809383136391,309.6
4899.309333066293,129.92
4899.7092930102135,288.54
4900.209242940116,336.87
4900.609202884038,223.43
4901.009162827959,343.68
4901.509112757862,399.16
4901.909072701782,243.0
4902.409022631684,21.583
4902.808982575606,133.73
4903.208942519527,111.56
4903.708892449429,156.45
4904.108852393351,209.03
4904.608802323253,363.32
4905.008762267174,194.81
4905.408722211095,325.3
4905.908672140998,329.43
4906.308632084919,309.1
4906.70859202884,274.14
4907.208541958742,317.65
4907.608501902664,183.43
4908.108451832566,220.78
4908.508411776487,317.68
4908.9083717204085,203.38
4909.4083216503095,193.94
4909.808281594232,275.34
4910.3082315241345,218.77
4910.708191468055,103.29
4911.108151411977,375.4
4911.608101341879,-48.648
4912.0080612858,203.55
4912.508011215702,235.46
4912.907971159623,283.16
4913.307931103545,147.18
4913.807881033446,371.5
4914.207840977368,232.44
4914.7077909072705,87.111
4915.107750851192,198.88
4915.507710795113,290.41
4916.007660725015,211.08
4916.407620668936,114.27
4916.807580612858,442.22
4917.30753054276,195.2
4917.707490486681,273.37
4918.207440416582,318.09
4918.607400360505,592.53
4919.007360304427,306.87
4919.507310234328,216.43
4919.907270178249,376.08
4920.407220108151,225.74
4920.807180052073,189.88
4921.207139995994,249.21
4921.707089925896,406.31
4922.107049869818,214.32
4922.606999799719,321.26
4923.006959743641,371.46
4923.406919687563,202.51
4923.906869617464,227.71
4924.306829561386,148.2
4924.706789505308,178.78
4925.206739435209,246.37
4925.606699379131,204.2
4926.106649309033,150.03
4926.506609252954,188.89
4926.906569196875,238.82
4927.406519126777,225.49
4927.806479070699,127.25
4928.3064290006005,274.8
4928.706388944522,132.23
4929.106348888445,198.4
4929.606298818346,100.84
4930.006258762267,207.08
4930.506208692169,132.26
4930.90616863609,172.98
4931.306128580012,183.01
4931.806078509914,228.14
4932.206038453835,365.21
4932.6059983977575,180.44
4933.1059483276595,153.12
4933.505908271581,254.92
4934.005858201482,374.24
4934.405818145403,172.86
4934.805778089326,333.08
4935.305728019227,201.74
4935.705687963148,357.12
4936.20563789305,258.33
4936.605597836972,253.78
4937.0055577808935,350.58
4937.505507710795,221.86
4937.905467654717,252.2
4938.305427598639,231.14
4938.80537752854,285.27
4939.205337472462,192.59
4939.705287402363,338.91
4940.105247346285,351.77
4940.505207290207,307.07
4941.005157220108,335.79
4941.405117164029,246.83
4941.905067093931,172.3
4942.3050270378535,321.75
4942.704986981775,326.58
4943.204936911677,216.51
4943.604896855599,387.55
4944.004856799519,232.56
4944.504806729421,223.27
4944.904766673343,139.46
4945.404716603244,255.49
4945.804676547166,15.682
4946.204636491087,378.43
4946.7045864209895,104.82
4947.104546364912,286.5
4947.6044962948135,233.61
4948.004456238735,397.05
4948.404416182655,139.73
4948.904366112557,164.02
4949.30432605648,305.39
4949.7042860004,97.708
4950.204235930302,59.923
4950.6041958742235,244.58
4951.104145804126,225.48
4951.504105748048,192.53
4951.904065691968,344.67
4952.404015621871,159.51
4952.803975565792,188.58
4953.303925495694,260.53
4953.703885439616,397.47
4954.103845383537,58.819
4954.603795313439,252.47
4955.00375525736,291.1
4955.403715201282,340.75
4955.9036651311835,296.03
4956.303625075105,356.37
4956.803575005008,153.0
4957.203534948928,307.83
4957.60349489285,271.08
4958.103444822753,214.3
4958.503404766673,28.705
4958.903364710594,201.75
4959.403314640497,204.19
4959.803274584418,150.0
4960.30322451432,231.49
4960.703184458241,267.26
4961.103144402164,235.74
4961.603094332066,113.13
4962.003054275986,281.13
4962.503004205889,149.49
4962.902964149809,105.75
4963.302924093731,313.63
4963.802874023634,257.26
4964.202833967554,244.14
4964.6027939114765,289.72
4965.102743841378,164.96
4965.5027037853,192.49
4966.002653715202,277.46
4966.402613659122,291.8
4966.802573603045,292.8
4967.302523532946,418.62
4967.702483476867,288.31
4968.102443420789,346.16
4968.602393350691,245.9
4969.0023532946125,356.76
4969.502303224514,170.99
4969.902263168436,229.16
4970.302223112358,263.68
4970.802173042259,201.62
4971.202132986181,256.95
4971.602092930103,254.82
4972.102042860004,112.5
4972.502002803925,209.94
4973.001952733827,148.92
4973.401912677748,344.01
4973.801872621671,134.49
4974.3018225515725,165.25
4974.701782495494,26.334
4975.101742439416,124.74
4975.601692369318,179.6
4976.001652313239,112.68
4976.50160224314,357.58
4976.901562187061,177.68
4977.301522130984,131.64
4977.801472060885,299.79
4978.2014320048065,114.86
4978.601391948729,287.29
4979.101341878631,189.17
4979.501301822552,308.76
4980.001251752454,64.866
4980.401211696375,211.05
4980.801171640296,184.11
4981.301121570199,119.26
4981.70108151412,301.48
4982.101041458041,251.47
4982.600991387943,186.31
4983.000951331865,302.68
4983.500901261767,111.52
4983.900861205688,2.671
4984.300821149609,221.02
4984.800771079512,304.66
4985.200731023433,125.08
4985.600690967354,247.77
4986.100640897257,535.04
4986.500600841177,124.56
4987.000550771079,235.6
4987.4005107150015,395.63
4987.800470658923,59.496
4988.300420588825,139.6
4988.700380532745,262.2
4989.100340476668,127.09
4989.60029040657,65.915
4990.00025035049,302.0
4990.500200280393,303.24
4990.900160224313,136.37
4991.3001201682355,210.4
4991.800070098138,164.76
4992.200030042059,30.795
4992.599989985981,235.37
4993.099939915883,213.91
4993.499899859804,339.55
4993.999849789706,246.96
4994.399809733626,294.46
4994.799769677549,256.83
4995.29971960745,346.6
4995.699679551371,125.4
4996.099639495294,259.29
4996.5995894251955,111.65
4996.999549369117,215.3
4997.499499299019,107.61
4997.89945924294,170.16
4998.299419186862,222.26
4998.799369116763,280.29
4999.199329060685,156.92
4999.599289004607,139.93
5000.099238934508,198.5
5000.4991988784295,135.21
5000.9991488083315,176.48
5001.399108752253,351.8
5001.799068696175,219.59
5002.299018626077,170.88
5002.698978569998,371.63
5003.09893851392,259.84
5003.598888443822,209.55
5003.998848387743,47.11
5004.498798317644,144.66
5004.898758261566,135.26
5005.2987182054885,160.5
5005.79866813539,276.95
5006.198628079311,382.45
5006.598588023233,-18.291
5007.098537953135,248.31
5007.498497897056,98.981
5007.898457840976,195.78
5008.398407770879,211.55
5008.7983677148,165.04
5009.298317644703,57.157
5009.6982775886245,291.67
5010.098237532546,157.13
5010.598187462448,322.89
5010.998147406369,195.27
5011.39810735029,426.57
5011.898057280192,259.83
5012.298017224113,228.05
5012.797967154016,114.49
5013.197927097937,80.414
5013.5978870418585,213.81
5014.097836971761,157.48
5014.497796915682,303.8
5014.897756859603,73.33
5015.397706789506,384.34
5015.797666733427,419.14
5016.197626677348,236.52
5016.69757660725,39.421
5017.097536551172,419.08
5017.597486481074,247.19
5017.997446424994,124.42
5018.397406368917,239.57
5018.897356298818,368.16
5019.29731624274,178.33
5019.697276186661,167.28
5020.197226116563,423.91
5020.597186060485,169.07
5020.997146004406,357.78
5021.497095934308,169.22
5021.897055878229,69.022
5022.39700580813,300.85
5022.796965752053,266.31
5023.196925695975,334.25
5023.696875625876,357.07
5024.096835569799,427.31
5024.49679551372,278.96
5024.996745443621,256.0
5025.396705387542,233.0
5025.896655317444,254.84
5026.296615261366,-2.9238
5026.696575205287,139.86
5027.196525135189,287.03
5027.5964850791115,196.19
5027.996445023032,217.35
5028.496394952935,187.35
5028.896354896856,131.14
5029.296314840777,110.37
5029.796264770679,270.18
5030.1962247146,88.867
5030.696174644502,220.42
5031.096134588424,160.41
5031.496094532345,140.66
5031.9960444622475,189.91
5032.396004406168,323.79
5032.79596435009,205.18
5033.295914279993,37.563
5033.695874223913,256.06
5034.095834167835,305.19
5034.595784097737,136.67
5034.995744041658,192.02
5035.49569397156,186.46
5035.8956539154815,158.79
5036.295613859404,288.9
5036.795563789305,334.46
5037.195523733226,463.75
5037.595483677149,206.18
5038.09543360705,406.09
5038.495393550971,208.49
5038.895353494892,171.86
5039.395303424794,353.8
5039.795263368716,190.67
5040.295213298618,291.9
5040.69517324254,344.31
5041.095133186462,336.77
5041.595083116363,150.15
5041.995043060285,182.74
5042.395003004206,100.65
5042.894952934107,102.22
5043.294912878029,197.55
5043.694872821951,396.44
5044.194822751852,265.79
5044.5947826957745,399.75
5044.994742639696,292.0
5045.494692569598,378.7
5045.894652513519,243.62
5046.394602443421,275.31
5046.794562387343,387.16
5047.194522331263,247.84
5047.694472261166,159.35
5048.094432205088,433.58
5048.4943921490085,249.75
5048.99434207891,199.96
5049.394302022832,369.05
5049.794261966754,315.38
5050.294211896656,197.09
5050.694171840576,270.66
5051.194121770479,252.24
5051.5940817144,291.19
5051.994041658321,205.65
5052.493991588224,324.73
5052.8939515321445,267.75
5053.293911476067,338.61
5053.7938614059685,284.37
5054.19382134989,194.55
5054.593781293812,240.24
5055.093731223713,248.96
5055.493691167635,171.75
5055.893651111556,80.943
5056.393601041457,409.84
5056.79356098538,345.4
5057.293510915281,130.06
5057.6934708592025,252.99
5058.093430803125,384.91
5058.593380733027,125.13
5058.993340676948,238.61
5059.393300620869,264.7
5059.893250550771,226.03
5060.293210494693,256.82
5060.693170438614,377.66
5061.193120368516,401.43
5061.593080312438,175.54
5061.993040256359,543.54
5062.492990186261,278.85
5062.892950130183,261.99
5063.392900060084,210.87
5063.792860004006,230.25
5064.192819947926,40.146
5064.692769877829,302.79
5065.092729821751,174.83
5065.4926897656715,228.84
5065.992639695574,333.02
5066.392599639495,428.9
5066.792559583417,159.64
5067.29250951332,209.17
5067.69246945724,372.27
5068.092429401162,42.404
5068.592379331064,289.79
5068.992339274985,201.91
5069.392299218906,230.7
5069.892249148807,124.19
5070.29220909273,258.98
5070.7921590226315,76.433
5071.192118966553,232.63
5071.592078910475,13.0
5072.092028840377,213.85
5072.491988784298,157.89
5072.891948728219,287.9
5073.391898658121,204.83
5073.791858602043,265.32
5074.191818545964,235.87
5074.691768475866,480.45
5075.0917284197885,130.53
5075.491688363709,241.75
5075.991638293611,221.15
5076.391598237533,273.25
5076.891548167434,160.48
5077.291508111356,244.5
5077.691468055277,246.9
5078.191417985179,296.07
5078.591377929101,213.79
5078.991337873022,368.7
5079.4912878029245,400.08
5079.891247746846,154.07
5080.291207690767,233.46
5080.79115762067,270.71
5081.19111756459,126.88
5081.591077508512,379.78
5082.091027438415,131.75
5082.490987382335,211.77
5082.8909473262565,408.13
5083.390897256158,166.5
5083.790857200081,403.21
5084.190817144002,282.48
5084.690767073903,436.06
5085.090727017825,199.56
5085.590676947727,170.78
5085.990636891648,297.69
5086.390596835569,295.94
5086.890546765471,216.42
5087.290506709393,308.91
5087.690466653315,416.9
5088.190416583217,186.49
5088.590376527139,222.72
5088.99033647106,240.32
5089.490286400962,256.81
5089.890246344883,309.76
5090.290206288804,152.67
5090.790156218706,301.57
5091.190116162628,33.441
5091.5900761065495,196.3
5092.0900260364515,298.93
5092.489985980372,450.78
5092.889945924294,167.25
5093.389895854196,294.51
5093.789855798117,192.12
5094.28980572802,499.98
5094.68976567194,128.79
5095.089725615862,156.78
5095.589675545765,363.98
5095.9896354896855,453.59
5096.389595433607,145.05
5096.889545363508,206.74
5097.289505307431,305.52
5097.689465251352,208.74
5098.189415181253,151.54
5098.589375125176,218.47
5098.989335069097,294.04
5099.489284998998,297.53
5099.8892449429195,225.8
5100.2892048868425,172.01
5100.789154816744,87.387
5101.189114760665,292.59
5101.589074704587,217.9
5102.089024634489,56.185
5102.48898457841,388.5
5102.88894452233,87.783
5103.388894452233,270.38
5103.788854396155,299.4
5104.188814340076,228.29
5104.6887642699785,277.35
5105.0887242139,228.93
5105.588674143802,166.1
5105.988634087723,150.42
5106.388594031644,286.09
5106.888543961546,183.81
5107.288503905467,430.01
5107.688463849389,363.42
5108.188413779291,428.64
5108.5883737232125,315.62
5108.988333667134,375.24
5109.488283597036,274.27
5109.888243540957,381.41
5110.288203484879,277.85
5110.788153414781,312.15
5111.188113358702,224.93
5111.588073302624,374.98
5112.088023232526,309.41
5112.487983176447,184.14
5112.887943120369,81.408
5113.38789305027,228.63
5113.787852994193,328.92
5114.187812938113,224.17
5114.687762868015,119.56
5115.087722811937,170.31
5115.487682755858,265.25
5115.98763268576,253.16
5116.3875926296805,395.25
5116.787552573603,213.83
5117.2875025035055,245.35
5117.687462447426,115.18
5118.087422391348,304.05
5118.587372321251,56.769
5118.987332265171,131.52
5119.487282195074,303.84
5119.887242138994,119.76
5120.287202082916,389.52
5120.787152012818,291.12
5121.1871119567395,249.48
5121.587071900662,256.03
5122.087021830563,226.45
5122.486981774484,232.18
5122.886941718406,253.32
5123.386891648307,286.36
5123.786851592229,111.52
5124.18681153615,293.68
5124.686761466052,139.79
5125.086721409974,401.64
5125.486681353896,264.99
5125.986631283798,279.81
5126.386591227719,294.78
5126.78655117164,290.47
5127.286501101543,233.6
5127.686461045464,168.8
5128.086420989385,317.03
5128.586370919288,254.38
5128.986330863208,176.43
5129.38629080713,196.28
5129.886240737032,366.81
5130.286200680954,259.82
5130.686160624875,276.64
5131.186110554776,150.12
5131.586070498698,381.71
5131.98603044262,326.15
5132.485980372521,152.6
5132.885940316442,268.31
5133.2859002603645,438.01
5133.7858501902665,232.49
5134.185810134188,82.461
5134.58577007811,143.64
5135.085720008012,423.16
5135.485679951933,22.348
5135.885639895854,107.43
5136.385589825756,398.53
5136.785549769678,280.91
5137.185509713599,134.97
5137.6854596435005,272.83
5138.0854195874235,275.17
5138.485379531344,204.47
5138.985329461246,245.69
5139.385289405167,314.39
5139.785249349089,147.73
5140.285199278991,424.43
5140.685159222911,140.85
5141.085119166834,236.35
5141.585069096735,286.12
5141.985029040657,166.06
5142.384988984578,39.833
5142.88493891448,242.17
5143.284898858402,172.0
5143.684858802323,120.87
5144.184808732225,367.9
5144.584768676147,327.29
5144.984728620068,289.57
5145.48467854997,401.44
5145.8846384938915,250.71
5146.284598437813,241.91
5146.784548367715,262.69
5147.184508311637,248.46
5147.584468255558,195.19
5148.08441818546,399.23
5148.484378129381,70.707
5148.884338073302,157.12
5149.384288003204,321.27
5149.784247947126,383.75
5150.184207891048,437.06
5150.684157820949,322.11
5151.084117764871,417.91
5151.484077708792,153.73
5151.984027638694,258.65
5152.383987582615,163.17
5152.783947526537,236.02
5153.283897456439,176.42
5153.6838574003605,369.91
5154.083817344283,87.025
5154.5837672741845,400.3
5154.983727218106,285.45
5155.383687162027,187.25
5155.883637091928,333.31
5156.283597035851,260.42
5156.683556979771,246.1
5157.183506909673,216.84
5157.583466853596,254.44
5157.983426797517,47.079
5158.4833767274185,166.85
5158.883336671339,56.774
5159.283296615262,118.26
5159.783246545164,194.2
5160.183206489084,180.03
5160.583166433006,260.01
5161.083116362908,190.77
5161.483076306829,389.17
5161.883036250751,247.05
5162.382986180653,389.68
5162.782946124575,323.19
5163.182906068496,259.38
5163.682855998398,96.403
5164.08281594232,172.35
5164.482775886241,259.81
5164.982725816142,155.2
5165.382685760064,256.97
5165.7826457039855,113.01
5166.2825956338875,385.62
5166.68255557781,413.6
5167.082515521731,327.23
5167.582465451633,176.05
5167.982425395553,416.36
5168.382385339475,247.6
5168.882335269377,210.61
5169.282295213298,280.41
5169.6822551572195,352.49
5170.1822050871215,220.06
5170.582165031044,313.5
5170.982124974965,261.68
5171.482074904867,244.27
5171.882034848788,223.43
5172.28199479271,210.32
5172.781944722612,299.89
5173.181904666533,274.41
5173.581864610455,341.5
5174.081814540356,133.5
5174.4817744842785,345.17
5174.8817344282,322.72
5175.381684358101,217.57
5175.781644302024,137.61
5176.181604245944,326.73
5176.681554175846,231.44
5177.081514119768,310.55
5177.481474063689,214.04
5177.981423993591,277.75
5178.381383937512,4.102
5178.781343881434,180.44
5179.181303825356,398.47
5179.681253755257,383.62
5180.081213699179,252.21
5180.4811736431,323.29
5180.981123573002,425.64
5181.381083516923,224.17
5181.7810434608455,236.92
5182.280993390747,338.78
5182.680953334669,141.69
5183.08091327859,265.36
5183.580863208493,204.48
5183.980823152414,270.34
5184.380783096334,149.02
5184.880733026237,230.08
5185.280692970159,278.5
5185.6806529140795,170.58
5186.180602843981,366.38
5186.580562787904,101.36
5186.980522731825,430.06
5187.480472661727,325.86
5187.880432605647,296.09
5188.28039254957,100.03
5188.780342479471,425.33
5189.180302423392,234.27
5189.580262367314,149.43
5190.080212297216,219.39
5190.480172241138,378.08
5190.880132185059,65.26
5191.380082114961,207.56
5191.780042058883,301.44
5192.180002002804,350.94
5192.679951932706,168.4
5193.079911876628,350.38
5193.479871820548,473.79
5193.87983176447,209.6
5194.3797816943725,214.27
5194.779741638294,178.52
5195.179701582215,253.68
5195.679651512117,220.56
5196.079611456039,148.13
5196.47957139996,275.26
5196.979521329861,90.32
5197.379481273783,172.83
5197.779441217705,277.36
5198.2793911476065,130.94
5198.679351091528,206.24
5199.079311035451,203.45
5199.579260965352,214.83
5199.979220909273,394.61
5200.379180853194,344.27
5200.879130783096,183.7
5201.279090727018,264.68
5201.6790506709385,210.32
5202.179000600841,116.84
5202.5789605447635,142.07
5202.978920488684,396.95
5203.478870418587,153.87
5203.878830362507,284.37
5204.278790306429,347.86
5204.67875025035,270.76
5205.178700180252,325.98
5205.578660124174,228.13
5205.978620068096,283.45
5206.4785699979975,203.24
5206.878529941919,257.79
5207.278489885841,312.02
5207.778439815742,240.1
5208.178399759664,231.58
5208.578359703585,290.78
5209.078309633487,298.83
5209.478269577408,340.88
5209.87822952133,189.13
5210.3781794512315,365.61
5210.778139395153,350.41
5211.178099339075,293.36
5211.678049268977,375.4
5212.078009212898,331.35
5212.477969156819,212.45
5212.877929100741,158.48
5213.377879030642,336.97
5213.7778389745645,273.32
5214.177798918486,196.38
5214.677748848388,153.88
5215.07770879231,259.73
5215.477668736231,255.48
5215.977618666133,160.5
5216.377578610054,307.52
5216.777538553975,312.99
5217.277488483878,188.33
5217.677448427799,212.41
5218.077408371721,251.24
5218.577358301623,283.91
5218.977318245544,235.82
5219.377278189465,198.97
5219.777238133387,292.25
5220.277188063289,193.29
5220.67714800721,268.9
5221.077107951132,345.02
5221.577057881033,292.39
5221.9770178249555,227.61
5222.376977768877,393.8
5222.876927698778,240.88
5223.2768876427,452.56
5223.676847586621,331.29
5224.176797516523,254.02
5224.576757460445,196.52
5224.976717404365,201.99
5225.476667334268,133.83
5225.876627278189,325.44
5226.276587222111,469.91
5226.676547166033,382.87
5227.176497095934,239.63
5227.576457039856,456.17
5227.976416983777,335.46
5228.476366913679,301.0
5228.8763268576,382.47
5229.2762868015225,177.66
5229.776236731424,311.24
5230.176196675346,377.79
5230.576156619268,273.92
5231.07610654917,356.09
5231.476066493091,355.83
5231.876026437011,210.98
5232.375976366913,199.99
5232.775936310836,326.51
5233.1758962547565,415.95
5233.575856198679,311.11
5234.07580612858,317.58
5234.475766072502,459.25
5234.875726016423,385.03
5235.375675946324,320.06
5235.775635890247,578.67
5236.175595834168,319.27
5236.675545764069,234.65
5237.075505707991,304.5
5237.4754656519135,240.83
5237.975415581815,173.32
5238.375375525736,184.19
5238.775335469657,202.86
5239.175295413579,164.03
5239.675245343481,169.13
5240.075205287402,127.59
5240.475165231323,309.22
5240.975115161225,160.99
5241.375075105147,146.73
5241.775035049069,115.39
5242.274984978971,323.65
5242.674944922892,36.208
5243.074904866814,242.05
5243.574854796716,335.93
5243.974814740637,306.24
5244.374774684558,196.13
5244.77473462848,133.59
5245.274684558382,333.75
5245.674644502304,201.71
5246.074604446225,197.86
5246.574554376128,202.2
5246.974514320048,370.68
5247.374474263969,318.9
5247.874424193871,283.49
5248.274384137793,350.54
5248.6743440817145,454.69
5249.074304025637,265.24
5249.574253955538,397.69
5249.97421389946,496.82
5250.374173843381,321.52
5250.874123773282,298.0
5251.274083717204,281.05
5251.674043661125,234.34
5252.173993591027,159.11
5252.573953534949,225.7
5252.973913478871,280.7
5253.473863408773,204.14
5253.873823352693,260.78
5254.273783296615,250.79
5254.673743240537,343.75
5255.173693170438,168.36
5255.57365311436,146.14
5255.973613058281,140.81
5256.473562988183,298.86
5256.873522932105,97.463
5257.273482876027,229.17
5257.773432805929,302.68
5258.17339274985,126.68
5258.573352693772,257.17
5258.973312637692,405.26
5259.473262567595,371.87
5259.873222511515,126.85
5260.273182455438,468.61
5260.77313238534,299.82
5261.173092329261,143.16
5261.573052273183,204.7
5262.073002203085,118.44
5262.472962147006,203.79
5262.872922090927,221.94
5263.272882034849,290.99
5263.772831964751,249.02
5264.1727919086725,263.43
5264.572751852594,341.59
5265.072701782496,252.75
5265.472661726418,256.63
5265.872621670338,266.18
5266.37257160024,259.08
5266.772531544161,462.23
5267.172491488083,573.48
5267.572451432005,110.29
5268.0724013619065,465.4
5268.472361305829,381.17
5268.87232124975,163.28
5269.372271179651,268.62
5269.772231123573,377.35
5270.172191067495,234.74
5270.672140997396,405.09
5271.072100941318,460.67
5271.472060885239,249.03
5271.872020829161,294.6
5272.371970759063,420.3
5272.771930702984,213.44
5273.171890646905,333.37
5273.671840576808,323.13
5274.071800520729,439.26
5274.47176046465,42.361
5274.971710394552,454.89
5275.371670338473,199.58
5275.771630282396,289.14
5276.171590226317,348.27
5276.671540156219,459.99
5277.071500100141,158.67
5277.471460044061,386.21
5277.971409973964,398.96
5278.371369917885,173.56
5278.771329861806,431.57
5279.171289805728,497.14
5279.67123973563,346.96
5280.071199679552,254.23
5280.471159623473,395.84
5280.971109553375,401.28
5281.371069497296,415.38
5281.771029441218,264.31
5282.270979371119,217.94
5282.670939315041,336.67
5283.070899258963,256.25
5283.470859202884,476.24
5283.970809132786,159.31
5284.370769076708,338.0
5284.770729020629,244.6
5285.270678950531,255.81
5285.670638894452,217.02
5286.070598838374,469.41
5286.4705587822955,100.65
5286.9705087121965,262.08
5287.370468656119,203.67
5287.770428600041,355.92
5288.270378529942,183.89
5288.670338473863,353.24
5289.070298417786,130.63
5289.570248347687,240.24
5289.970208291608,181.02
5290.370168235529,429.97
5290.770128179452,291.36
5291.270078109354,458.99
5291.670038053274,395.28
5292.069997997197,455.56
5292.569947927098,244.11
5292.969907871019,349.48
5293.36986781494,335.38
5293.769827758863,209.86
5294.269777688764,176.24
5294.669737632686,214.04
5295.069697576608,325.62
5295.56964750651,269.96
5295.969607450431,634.37
5296.369567394351,435.99
5296.769527338273,414.5
5297.269477268176,439.38
5297.669437212096,309.77
5298.069397156019,250.9
5298.5693470859205,313.93
5298.969307029842,219.99
5299.369266973763,317.68
5299.869216903665,300.2
5300.269176847587,469.69
5300.669136791508,318.02
5301.069096735429,355.42
5301.569046665332,319.65
5301.9690066092535,445.77
5302.368966553174,72.863
5302.868916483077,482.03
5303.268876426998,332.78
5303.668836370919,410.17
5304.068796314841,319.48
5304.568746244743,671.54
5304.968706188664,272.56
5305.3686661325855,336.35
5305.868616062487,399.06
5306.26857600641,356.76
5306.668535950331,253.53
5307.068495894252,373.83
5307.568445824155,313.07
5307.968405768076,214.58
5308.368365711996,448.8
5308.868315641898,545.99
5309.26827558582,402.87
5309.668235529742,451.81
5310.068195473664,377.39
5310.568145403565,169.12
5310.968105347487,427.84
5311.368065291408,270.0
5311.868015221309,300.92
5312.267975165231,174.01
5312.667935109153,364.46
5313.067895053075,314.83
5313.567844982977,246.91
5313.967804926897,484.11
5314.367764870819,160.95
5314.767724814741,135.09
5315.267674744642,388.25
5315.667634688564,346.48
5316.067594632486,200.18
5316.567544562387,386.05
5316.967504506309,447.93
5317.367464450231,182.89
5317.767424394152,198.77
5318.267374324054,258.27
5318.667334267975,181.53
5319.067294211897,147.07
5319.567244141799,290.82
5319.9672040857195,142.89
5320.367164029641,292.89
5320.767123973564,281.61
5321.267073903465,398.71
5321.667033847386,378.95
5322.066993791309,350.66
5322.466953735229,384.64
5322.966903665131,307.67
5323.366863609052,330.36
5323.7668235529745,193.82
5324.2667734828765,163.92
5324.666733426797,397.44
5325.066693370719,193.65
5325.466653314641,504.36
5325.966603244542,297.08
5326.366563188463,384.18
5326.766523132385,183.85
5327.166483076307,376.91
5327.6664330062085,230.19
5328.066392950131,522.87
5328.466352894052,416.13
5328.966302823954,430.69
5329.366262767874,368.76
5329.766222711796,464.21
5330.166182655718,145.65
5330.666132585619,430.75
5331.0660925295415,256.7
5331.466052473463,206.7
5331.866012417385,91.003
5332.365962347286,471.52
5332.765922291208,270.24
5333.165882235128,386.68
5333.665832165031,576.38
5334.065792108953,214.89
5334.4657520528735,306.79
5334.865711996795,366.72
5335.365661926697,330.72
5335.765621870619,164.28
5336.16558181454,357.9
5336.565541758463,327.99
5337.065491688364,304.22
5337.465451632285,368.39
5337.865411576206,341.23
5338.3653615061085,231.43
5338.765321450031,305.84
5339.165281393951,236.99
5339.565241337873,318.68
5340.065191267775,291.71
5340.465151211696,356.51
5340.865111155617,320.05
5341.265071099539,395.79
5341.765021029441,462.42
5342.164980973363,328.67
5342.564940917285,189.6
5342.964900861206,360.79
5343.464850791108,287.95
5343.864810735028,327.75
5344.26477067895,277.1
5344.764720608853,629.45
5345.1646805527735,301.79
5345.564640496696,690.46
5345.964600440617,547.25
5346.464550370519,464.38
5346.86451031444,377.79
5347.264470258362,365.76
5347.664430202282,423.39
5348.164380132185,386.58
5348.564340076106,430.79
5348.964300020028,180.87
5349.36425996395,404.13
5349.864209893851,496.65
5350.264169837773,272.61
5350.664129781694,439.36
5351.164079711596,416.51
5351.564039655518,391.21
5351.963999599439,221.65
5352.36395954336,381.3
5352.8639094732625,366.08
5353.263869417185,361.46
5353.663829361105,449.6
5354.063789305027,567.18
5354.563739234929,186.6
5354.96369917885,480.33
5355.363659122771,196.81
5355.7636190666935,236.14
5356.2635689965955,237.57
5356.663528940517,376.6
5357.063488884438,279.05
5357.46344882836,578.62
5357.963398758262,376.81
5358.363358702182,346.09
5358.763318646104,371.3
5359.263268576006,493.08
5359.6632285199275,212.61
5360.06318846385,173.32
5360.463148407771,371.18
5360.963098337673,179.13
5361.363058281594,302.18
5361.763018225516,371.3
5362.162978169436,305.44
5362.662928099339,267.03
5363.0628880432605,232.59
5363.462847987182,352.25
5363.862807931104,452.42
5364.362757861005,235.0
5364.762717804927,460.95
5365.162677748848,507.25
5365.56263769277,437.29
5366.062587622672,455.95
5366.4625475665935,560.54
5366.862507510514,420.92
5367.262467454437,343.28
5367.762417384338,452.29
5368.162377328259,457.18
5368.562337272181,211.09
5368.962297216103,330.31
5369.462247146004,516.79
5369.8622070899255,285.9
5370.2621670338485,433.5
5370.76211696375,473.77
5371.162076907671,245.96
5371.562036851592,372.53
5371.961996795514,303.25
5372.461946725416,125.4
5372.861906669336,394.04
5373.2618666132585,466.96
5373.661826557181,219.25
5374.161776487082,361.37
5374.561736431004,482.81
5374.961696374925,467.38
5375.361656318846,221.42
5375.861606248748,396.63
5376.261566192669,193.55
5376.6615261365905,127.55
5377.0614860805135,325.24
5377.561436010415,557.02
5377.961395954336,203.38
5378.361355898258,463.48
5378.761315842179,463.26
5379.261265772081,397.26
5379.661225716002,213.9
5380.061185659924,353.26
5380.461145603846,289.23
5380.961095533747,281.82
5381.361055477668,309.1
5381.761015421591,270.2
5382.160975365512,320.45
5382.660925295413,529.96
5383.060885239335,284.29
5383.460845183257,227.94
5383.860805127178,350.43
5384.36075505708,186.82
5384.760715001002,45.191
5385.160674944923,188.74
5385.560634888845,271.67
5386.060584818746,280.46
5386.460544762668,279.14
5386.860504706589,402.1
5387.260464650511,282.62
5387.7604145804125,261.33
5388.160374524335,376.57
5388.560334468256,305.27
5388.960294412177,180.48
5389.460244342078,316.79
5389.860204286,337.32
5390.260164229922,301.56
5390.6601241738435,551.02
5391.1600741037455,474.79
5391.560034047668,366.66
5391.959993991589,348.79
5392.359953935509,363.31
5392.859903865412,232.57
5393.259863809333,213.8
5393.659823753254,150.42
5394.0597836971765,299.8
5394.5597336270785,385.37
5394.959693571,417.94
5395.359653514921,257.81
5395.759613458842,295.57
5396.259563388745,312.29
5396.659523332666,122.8
5397.059483276587,178.56
5397.459443220509,251.35
5397.9593931504105,281.76
5398.359353094332,193.96
5398.759313038254,232.06
5399.159272982175,479.02
5399.659222912077,249.19
5400.059182855999,431.0
5400.45914279992,296.96
5400.859102743841,351.63
5401.3590526737435,449.59
5401.759012617665,280.53
5402.158972561586,286.51
5402.558932505508,392.71
5403.05888243541,354.6
5403.458842379331,328.39
5403.858802323252,492.48
5404.258762267174,394.18
5404.758712197076,414.64
5405.158672140998,502.77
5405.558632084919,269.49
5405.95859202884,361.19
5406.458541958742,393.11
5406.858501902663,352.68
5407.258461846585,284.01
5407.6584217905065,584.93
5408.1583717204085,306.4
5408.558331664331,249.86
5408.958291608251,311.39
5409.358251552172,332.89
5409.858201482075,208.94
5410.258161425996,389.78
5410.658121369917,361.75
5411.05808131384,332.55
5411.458041257762,314.16
5411.957991187663,579.21
5412.357951131584,316.79
5412.757911075506,325.08
5413.157871019427,419.03
5413.657820949329,169.59
5414.05778089325,116.4
5414.457740837172,391.44
5414.857700781094,429.45
5415.357650710995,256.81
5415.757610654917,564.27
5416.157570598839,260.94
5416.55753054276,462.17
5417.057480472662,478.75
5417.457440416583,438.44
5417.8574003605045,148.13
5418.257360304427,461.29
5418.757310234328,243.04
5419.15727017825,344.31
5419.557230122172,336.54
5419.957190066093,396.77
5420.457139995994,251.8
5420.857099939916,280.59
5421.257059883837,280.26
5421.657019827759,204.25
5422.056979771681,280.76
5422.556929701583,349.68
5422.956889645504,204.48
5423.356849589425,336.24
5423.756809533346,305.09
5424.256759463249,339.88
5424.65671940717,160.19
5425.056679351092,232.3
5425.456639295013,386.37
5425.956589224915,139.47
5426.356549168836,244.65
5426.756509112758,135.01
5427.156469056679,375.34
5427.656418986581,271.37
5428.056378930503,525.95
5428.456338874425,446.15
5428.856298818345,545.46
5429.356248748248,521.97
5429.756208692169,340.22
5430.15616863609,315.75
5430.556128580012,532.18
5430.956088523934,248.63
5431.456038453835,355.73
5431.855998397757,463.92
5432.255958341678,420.39
5432.6559182856,367.81
5433.155868215502,292.29
5433.555828159423,305.09
5433.955788103344,404.98
5434.355748047266,513.07
5434.855697977167,330.7
5435.25565792109,441.85
5435.655617865012,208.44
5436.055577808933,369.92
5436.455537752854,204.89
5436.955487682756,334.63
5437.355447626677,168.49
5437.755407570599,340.5
5438.155367514521,304.14
5438.655317444422,283.57
5439.055277388345,366.65
5439.455237332266,350.76
5439.855197276186,449.77
5440.355147206088,230.78
5440.75510715001,429.48
5441.155067093931,351.58
5441.5550270378535,361.71
5441.954986981775,403.72
5442.454936911677,449.09
5442.854896855598,377.5
5443.254856799519,480.37
5443.65481674344,444.75
5444.154766673343,316.32
5444.554726617264,333.69
5444.954686561186,264.18
5445.354646505107,181.23
5445.854596435009,309.02
5446.254556378931,211.7
5446.654516322852,234.78
5447.054476266773,255.12
5447.454436210695,618.38
5447.954386140597,370.02
5448.354346084518,302.8
5448.75430602844,481.91
5449.154265972362,368.77
5449.654215902263,292.46
5450.054175846185,359.64
5450.454135790106,271.3
5450.854095734027,379.81
5451.354045663929,402.54
5451.754005607851,350.13
5452.153965551772,428.46
5452.553925495695,438.35
5452.953885439616,315.09
5453.453835369517,167.32
5453.853795313439,270.77
5454.253755257361,279.5
5454.653715201282,368.0
5455.1536651311835,324.78
5455.553625075106,481.93
5455.953585019027,424.87
5456.353544962948,486.94
5456.75350490687,414.46
5457.253454836772,327.32
5457.653414780693,279.68
5458.0533747246145,370.22
5458.453334668536,315.19
5458.953284598439,375.13
5459.353244542359,476.77
5459.753204486281,393.14
5460.153164430202,402.28
5460.553124374123,353.51
5461.053074304026,454.76
5461.4530342479475,171.04
5461.852994191868,253.25
5462.25295413579,374.23
5462.752904065693,269.98
5463.152864009613,224.67
5463.552823953535,392.76
5463.952783897456,278.56
5464.352743841378,341.64
5464.8526937712795,248.72
5465.252653715202,353.27
5465.652613659123,222.37
5466.052573603045,385.3
5466.552523532946,295.94
5466.952483476867,321.57
5467.352443420789,179.49
5467.752403364711,308.68
5468.152363308632,426.09
5468.652313238534,355.21
5469.052273182456,474.5
5469.452233126377,183.37
5469.852193070298,541.71
5470.352143000199,304.65
5470.752102944122,233.09
5471.1520628880435,246.66
5471.552022831966,399.88
5471.951982775886,252.73
5472.451932705789,375.3
5472.851892649709,381.86
5473.251852593631,290.93
5473.651812537552,450.47
5474.0517724814745,453.22
5474.551722411376,336.91
5474.951682355298,353.13
5475.351642299218,447.18
5475.75160224314,350.91
5476.251552173043,280.12
5476.651512116963,402.85
5477.051472060885,385.26
5477.451432004807,316.98
5477.851391948729,377.3
5478.35134187863,323.74
5478.751301822552,347.15
5479.151261766473,446.35
5479.551221710395,544.29
5480.051171640297,246.05
5480.451131584217,348.48
5480.8510915281395,327.92
5481.251051472062,392.44
5481.651011415982,440.83
5482.150961345884,382.05
5482.550921289807,553.65
5482.950881233727,340.59
5483.350841177648,293.09
5483.7508011215705,314.89
5484.250751051472,287.9
5484.650710995394,402.34
5485.050670939316,307.77
5485.450630883236,446.22
5485.950580813139,292.41
5486.350540757059,415.85
5486.750500700981,213.84
5487.1504606449025,434.58
5487.550420588825,283.44
5488.050370518727,388.4
5488.450330462648,284.87
5488.850290406569,461.71
5489.250250350491,361.01
5489.650210294412,266.35
5490.150160224313,424.22
5490.5501201682355,305.57
5490.950080112158,455.92
5491.350040056079,380.1
5491.75,344.59
5492.249949929902,261.36
5492.649909873823,305.69
5493.049869817745,151.09
5493.4498297616665,482.76
5493.9497796915675,388.13
5494.34973963549,413.56
5494.749699579412,451.69
5495.149659523333,480.26
5495.549619467254,187.99
5496.049569397157,179.59
5496.449529341077,436.89
5496.8494892849985,202.33
5497.249449228921,469.18
5497.649409172842,99.502
5498.149359102744,571.88
5498.549319046666,132.26
5498.949278990586,382.57
5499.349238934507,386.69
5499.74919887843,523.97
5500.2491488083315,217.69
5500.649108752253,338.58
5501.049068696176,551.56
5501.449028640096,294.65
5501.848988584017,319.88
5502.348938513919,64.03
5502.748898457841,336.25
5503.1488584017625,369.84
5503.548818345685,453.07
5503.948778289606,360.15
5504.448728219508,426.63
5504.848688163429,484.9
5505.24864810735,338.76
5505.648608051271,358.54
5506.148557981174,267.07
5506.548517925095,286.17
5506.948477869017,349.51
5507.348437812938,463.62
5507.748397756859,390.33
5508.248347686762,358.05
5508.648307630683,424.57
5509.048267574604,523.79
5509.4482275185255,236.36
5509.848187462448,503.57
5510.348137392349,345.77
5510.748097336271,193.61
5511.148057280192,321.35
5511.548017224114,481.32
5511.947977168035,387.72
5512.447927097937,424.01
5512.8478870418585,370.75
5513.247846985781,354.77
5513.647806929702,429.28
5514.047766873623,461.39
5514.547716803526,415.7
5514.947676747447,217.84
5515.347636691367,481.73
5515.7475966352895,322.14
5516.147556579211,221.66
5516.647506509113,354.57
5517.047466453035,464.04
5517.447426396956,249.33
5517.847386340876,232.61
5518.247346284799,369.55
5518.747296214701,239.42
5519.1472561586215,230.74
5519.547216102544,421.2
5519.947176046466,364.36
5520.347135990386,379.15
5520.847085920288,448.66
5521.24704586421,496.65
5521.647005808131,429.81
5522.046965752053,461.18
5522.446925695975,456.36
5522.946875625876,312.36
5523.346835569798,427.26
5523.74679551372,426.05
5524.14675545764,288.41
5524.546715401562,269.01
5525.046665331464,400.42
5525.4466252753855,331.78
5525.846585219307,206.68
5526.246545163229,412.21
5526.646505107149,358.53
5527.146455037052,594.95
5527.546414980974,365.43
5527.946374924894,445.61
5528.3463348688165,341.53
5528.746294812739,531.49
5529.146254756659,395.72
5529.646204686561,279.98
5530.046164630484,455.26
5530.446124574404,416.49
5530.846084518325,403.38
5531.2460444622475,484.69
5531.745994392149,638.34
5532.145954336071,387.93
5532.545914279993,431.75
5532.945874223913,327.63
5533.345834167834,459.88
5533.845784097737,158.56
5534.245744041658,337.31
5534.6457039855795,477.83
5535.045663929502,509.98
5535.445623873423,237.22
5535.945573803325,461.35
5536.345533747246,369.68
5536.745493691167,390.14
5537.145453635089,246.13
5537.545413579011,495.64
5538.0453635089125,494.0
5538.445323452834,260.2
5538.845283396756,430.33
5539.245243340677,472.03
5539.645203284598,556.25
5540.04516322852,421.69
5540.545113158422,497.96
5540.9450731023435,342.59
5541.345033046265,524.01
5541.744992990186,277.76
5542.144952934107,351.83
5542.64490286401,364.74
5543.044862807931,417.78
5543.444822751852,282.1
5543.844782695774,430.6
5544.244742639696,357.44
5544.744692569598,485.16
5545.144652513519,426.42
5545.544612457441,660.59
5545.944572401362,391.03
5546.344532345283,499.92
5546.844482275184,412.4
5547.244442219107,464.13
5547.644402163029,316.73
5548.04436210695,492.85
5548.444322050871,325.35
5548.844281994792,445.78
5549.344231924694,459.16
5549.744191868616,422.48
5550.1441518125375,460.35
5550.544111756459,400.33
5550.944071700381,376.5
5551.444021630283,479.65
5551.843981574203,547.39
5552.243941518125,264.19
5552.643901462047,526.07
5553.0438614059685,269.88
5553.44382134989,565.02
5553.943771279792,391.08
5554.343731223713,365.63
5554.743691167635,532.06
5555.143651111556,255.98
5555.543611055478,498.19
5556.04356098538,280.28
5556.4435209293015,223.88
5556.843480873222,291.39
5557.243440817144,400.92
5557.643400761065,333.57
5558.043360704988,489.59
5558.543310634889,520.3
5558.94327057881,439.36
5559.343230522731,254.42
5559.743190466654,370.46
5560.143150410575,382.79
5560.643100340476,400.43
5561.043060284399,317.9
5561.44302022832,526.6
5561.842980172241,388.88
5562.242940116163,260.79
5562.642900060084,483.4
5563.142849989986,399.71
5563.542809933908,273.27
5563.942769877829,423.51
5564.34272982175,394.24
5564.7426897656715,405.97
5565.242639695574,466.21
5565.642599639495,424.41
5566.042559583417,401.02
5566.442519527339,550.96
5566.84247947126,433.47
5567.242439415181,399.91
5567.742389345083,421.91
5568.142349289004,259.23
5568.5423092329265,332.21
5568.942269176848,400.38
5569.342229120769,415.12
5569.842179050671,375.65
5570.242138994593,325.11
5570.642098938514,582.23
5571.042058882435,444.81
5571.442018826357,391.71
5571.841978770279,655.92
5572.34192870018,333.49
5572.741888644102,296.71
5573.141848588023,566.82
5573.541808531945,339.32
5573.941768475866,371.83
5574.341728419788,530.15
5574.841678349689,426.77
5575.241638293612,330.56
5575.641598237533,572.2
5576.041558181454,374.93
5576.441518125375,247.5
5576.941468055278,211.74
5577.3414279991985,395.85
5577.741387943121,198.44
5578.141347887042,324.41
5578.541307830963,433.09
5578.941267774885,426.13
5579.441217704787,423.53
5579.841177648707,208.73
5580.2411375926295,332.31
5580.641097536552,320.19
5581.041057480473,482.78
5581.441017424394,249.32
5581.940967354297,469.27
5582.340927298217,517.35
5582.740887242139,377.57
5583.1408471860605,356.13
5583.540807129983,633.2
5583.940767073903,434.18
5584.440717003806,282.53
5584.840676947726,316.01
5585.240636891648,280.68
5585.640596835569,355.06
5586.040556779492,299.74
5586.440516723413,653.65
5586.940466653315,479.11
5587.340426597236,460.16
5587.740386541158,351.24
5588.140346485079,441.06
5588.540306429001,408.09
5588.9402663729215,281.76
5589.440216302824,361.67
5589.840176246746,433.23
5590.240136190667,254.43
5590.640096134588,470.06
5591.040056078511,264.65
5591.440016022431,446.69
5591.939965952333,315.18
5592.3399258962545,449.87
5592.739885840177,160.19
5593.139845784098,442.88
5593.53980572802,296.86
5593.93976567194,457.66
5594.439715601843,554.55
5594.839675545764,354.21
5595.2396354896855,479.62
5595.639595433607,463.36
5596.039555377529,419.35
5596.439515321451,498.58
5596.939465251352,406.65
5597.339425195273,628.3
5597.739385139194,480.2
5598.1393450831165,423.09
5598.539305027039,418.84
5598.93926497096,566.56
5599.439214900861,416.06
5599.839174844783,243.64
5600.239134788704,395.92
5600.639094732625,512.31
5601.0390546765475,337.15
5601.439014620469,500.01
5601.938964550371,335.29
5602.338924494292,305.81
5602.738884438214,565.91
5603.138844382134,552.12
5603.538804326057,325.82
5603.9387642699785,393.01
5604.4387141998795,364.13
5604.838674143801,307.2
5605.238634087724,433.9
5605.638594031644,337.17
5606.038553975566,367.29
5606.438513919487,392.28
5606.938463849389,563.99
5607.3384237933105,398.07
5607.738383737233,440.5
5608.138343681153,478.15
5608.538303625075,303.37
5608.938263568997,382.31
5609.438213498898,344.02
5609.838173442819,345.92
5610.2381333867415,425.06
5610.638093330663,522.62
5611.038053274585,415.99
5611.438013218506,396.64
5611.837973162427,423.96
5612.337923092329,289.69
5612.737883036251,327.35
5613.137842980172,476.45
5613.537802924094,369.0
5613.937762868015,298.01
5614.337722811937,425.78
5614.837672741838,324.38
5615.23763268576,356.17
5615.637592629681,405.97
5616.0375525736035,416.81
5616.437512517525,349.32
5616.837472461446,426.63
5617.337422391348,326.55
5617.73738233527,379.35
5618.137342279191,473.72
5618.537302223112,412.92
5618.937262167034,322.58
5619.337222110955,568.53
5619.737182054877,395.41
5620.237131984779,461.48
5620.6370919287,640.49
5621.037051872622,266.25
5621.437011816543,435.52
5621.836971760465,680.53
5622.236931704387,596.48
5622.736881634289,360.37
5623.13684157821,483.99
5623.536801522131,433.7
5623.936761466052,393.25
5624.3367214099735,413.35
5624.736681353896,444.51
5625.136641297817,303.64
5625.636591227719,461.87
5626.03655117164,466.04
5626.436511115562,339.83
5626.836471059483,371.22
5627.236431003405,263.33
5627.636390947326,338.24
5628.136340877229,315.57
5628.536300821151,400.93
5628.936260765071,421.73
5629.336220708992,360.33
5629.736180652914,480.11
5630.1361405968355,539.87
5630.536100540758,292.95
5631.03605047066,402.4
5631.43601041458,426.07
5631.835970358502,282.84
5632.235930302424,386.27
5632.635890246344,459.58
5633.0358501902665,422.09
5633.435810134188,406.43
5633.93576006409,611.89
5634.335720008011,558.18
5634.735679951933,457.85
5635.135639895854,559.82
5635.535599839776,461.38
5635.9355597836975,515.55
5636.335519727619,523.61
5636.83546965752,634.17
5637.235429601443,373.54
5637.635389545364,537.16
5638.035349489285,476.84
5638.435309433206,328.86
5638.835269377128,520.3
5639.33521930703,421.26
5639.735179250952,468.98
5640.135139194873,378.77
5640.535099138794,366.77
5640.935059082716,367.93
5641.335019026637,599.22
5641.7349789705595,534.2
5642.234928900461,466.14
5642.634888844383,321.58
5643.034848788304,590.45
5643.434808732225,316.98
5643.834768676146,266.9
5644.234728620068,460.95
5644.63468856399,405.89
5645.1346384938915,309.0
5645.534598437813,681.68
5645.934558381734,486.55
5646.334518325656,372.33
5646.734478269578,572.66
5647.1344382134985,429.27
5647.534398157421,422.74
5648.034348087323,332.97
5648.434308031244,354.34
5648.834267975165,243.81
5649.234227919087,465.63
5649.634187863007,342.89
5650.03414780693,463.3
5650.434107750852,478.94
5650.934057680753,556.9
5651.334017624674,213.11
5651.733977568597,375.48
5652.133937512518,336.08
5652.533897456439,299.96
5652.9338574003605,302.77
5653.333817344282,595.67
5653.733777288204,393.94
5654.233727218106,441.01
5654.633687162027,584.0
5655.033647105948,521.4
5655.43360704987,373.65
5655.8335669937915,319.47
5656.233526937713,385.84
5656.633486881634,346.77
5657.133436811537,437.7
5657.533396755458,376.49
5657.933356699379,501.63
5658.3333166433,352.93
5658.7332765872225,404.38
5659.133236531144,411.94
5659.533196475066,399.97
5660.033146404967,222.05
5660.433106348888,562.92
5660.83306629281,518.99
5661.233026236732,327.47
5661.632986180653,612.8
5662.032946124575,497.68
5662.432906068496,530.33
5662.932855998398,619.37
5663.332815942319,404.63
5663.732775886241,424.85
5664.132735830161,421.44
5664.5326957740845,422.96
5664.932655718006,395.32
5665.332615661927,387.73
5665.732575605848,738.44
5666.232525535751,485.8
5666.632485479671,537.32
5667.032445423593,446.48
5667.432405367515,375.16
5667.832365311436,184.39
5668.232325255358,536.12
5668.632285199279,438.83
5669.13223512918,368.5
5669.532195073102,624.56
5669.932155017024,544.06
5670.332114960946,399.16
5670.732074904867,418.72
5671.132034848788,649.8
5671.53199479271,149.19
5671.931954736632,425.85
5672.431904666533,490.6
5672.831864610454,292.68
5673.231824554376,311.8
5673.631784498298,386.87
5674.03174444222,586.71
5674.431704386141,361.76
5674.831664330061,646.99
5675.2316242739835,178.81
5675.731574203886,391.41
5676.131534147807,397.63
5676.531494091729,338.76
5676.93145403565,369.14
5677.331413979571,712.03
5677.731373923493,482.44
5678.1313338674145,415.86
5678.531293811337,408.27
5679.0312437412385,523.6
5679.43120368516,231.19
5679.83116362908,215.03
5680.231123573002,561.28
5680.631083516923,378.12
5681.0310434608455,363.91
5681.431003404767,622.06
5681.930953334669,532.11
5682.33091327859,306.01
5682.730873222512,718.82
5683.130833166433,618.72
5683.530793110355,334.4
5683.930753054276,358.5
5684.330712998197,397.56
5684.730672942119,196.06
5685.230622872021,525.63
5685.630582815942,513.91
5686.030542759864,268.16
5686.430502703785,368.52
5686.830462647707,481.99
5687.230422591629,521.9
5687.63038253555,399.48
5688.030342479471,504.58
5688.430302423392,538.97
5688.930252353295,514.02
5689.330212297215,534.12
5689.530192269178,449.2
5690.130132185059,525.2
5690.7300721009415,491.7
5691.330012016823,457.4
5691.929951932706,471.5
5692.429901862607,368.5
5693.029841778491,429.16
5693.6297816943725,397.77
5694.229721610255,399.83
5694.829661526136,421.37
5695.429601442019,385.15
5696.0295413579015,406.57
5696.529491287803,478.11
5697.129431203684,378.85
5697.729371119568,406.92
5698.32931103545,426.13
5698.9292509513325,345.68
5699.529190867214,383.71
5700.129130783096,353.76
5700.629080712998,361.59
5701.22902062888,447.57
5701.828960544763,344.9
5702.428900460645,441.69
5703.028840376528,457.73
5703.62878029241,367.71
5704.228720208292,492.42
5704.728670138194,493.37
5705.328610054075,497.44
5705.928549969958,440.55
5706.528489885841,427.94
5707.128429801723,485.0
5707.728369717605,515.12
5708.328309633486,444.74
5708.828259563388,433.66
5709.428199479271,536.34
5710.028139395154,510.21
5710.628079311035,458.94
5711.228019226918,536.16
5711.8279591428,568.74
5712.427899058683,473.94
5712.927848988584,494.15
5713.527788904466,410.68
5714.127728820348,457.54
5714.727668736231,502.11
5715.327608652113,432.02
5715.9275485679955,399.54
5716.527488483878,421.72
5717.027438413779,463.17
5717.627378329661,443.43
5718.227318245544,388.64
5718.8272581614265,405.52
5719.427198077308,391.42
5720.027137993191,424.25
5720.627077909073,428.43
5721.127027838974,480.76
5721.726967754857,497.37
5722.326907670738,389.38
5722.926847586621,440.31
5723.526787502505,480.72
5724.126727418386,530.05
5724.626677348288,452.35
5725.22661726417,432.25
5725.826557180051,471.06
5726.426497095934,515.37
5727.026437011817,476.14
5727.626376927699,402.99
5728.226316843582,374.51
5728.726266773483,481.09
5729.326206689365,503.0
5729.926146605248,460.05
5730.526086521129,425.28
5731.126026437011,553.36
5731.725966352895,486.02
5732.325906268777,422.48
5732.825856198678,392.53
5733.42579611456,440.05
5734.025736030443,424.61
5734.625675946325,418.79
5735.225615862207,395.84
5735.8255557780885,423.19
5736.425495693972,447.19
5736.925445623873,489.59
5737.525385539756,489.2
5738.125325455638,388.92
5738.72526537152,441.99
5739.325205287401,422.92
5739.925145203284,392.84
5740.525085119168,419.81
5741.025035049069,490.79
5741.6249749649505,488.65
5742.224914880833,536.24
5742.824854796715,457.39
5743.424794712598,426.9
5744.02473462848,377.45
5744.624674544362,348.72
5745.124624474264,364.55
5745.724564390146,346.43
5746.324504306028,400.5
5746.924444221911,406.19
5747.524384137793,359.03
5748.124324053675,490.44
5748.724263969557,455.88
5749.22421389946,442.67
5749.824153815342,451.17
5750.424093731223,430.36
5751.024033647106,469.46
5751.623973562988,363.44
5752.223913478871,452.07
5752.8238533947515,407.09
5753.323803324654,506.68
5753.923743240537,431.42
5754.52368315642,393.21
5755.123623072301,486.68
5755.723562988183,502.85
5756.323502904065,410.24
5756.923442819948,520.61
5757.42339274985,501.22
5758.023332665733,483.76
5758.623272581614,498.46
5759.223212497496,473.03
5759.823152413378,387.95
5760.423092329261,497.21
5761.023032245143,439.82
5761.522982175045,411.84
5762.122922090927,406.98
5762.72286200681,519.78
5763.322801922692,425.39
5763.9227418385735,418.49
5764.522681754456,456.48
5765.122621670338,438.35
5765.62257160024,482.03
5766.222511516123,475.42
5766.8224514320045,426.43
5767.422391347887,519.05
5768.02233126377,511.43
5768.622271179651,485.09
5769.222211095534,419.41
5769.722161025436,382.63
5770.322100941317,507.06
5770.9220408572,361.93
5771.521980773083,453.08
5772.121920688965,405.61
5772.721860604847,412.72
5773.321800520728,451.21
5773.821750450631,430.71
5774.421690366514,375.44
5775.021630282396,401.92
5775.621570198277,432.91
5776.22151011416,504.09
5776.821450030042,371.5
5777.421389945924,473.46
5777.921339875827,570.97
5778.521279791709,463.86
5779.121219707591,510.71
5779.721159623473,471.18
5780.321099539355,501.67
5780.921039455237,440.02
5781.52097937112,452.09
5782.020929301022,486.13
5782.620869216904,362.25
5783.220809132787,468.16
5783.8207490486675,505.99
5784.42068896455,457.97
5785.020628880433,507.88
5785.620568796315,502.93
5786.120518726217,513.86
5786.720458642099,506.47
5787.320398557981,448.08
5787.920338473864,509.29
5788.520278389746,445.25
5789.1202183056275,334.59
5789.72015822151,532.65
5790.220108151412,459.4
5790.820048067294,456.75
5791.419987983177,498.93
5792.019927899059,503.14
5792.619867814941,504.41
5793.219807730823,501.75
5793.819747646705,437.95
5794.319697576608,441.38
5794.9196374924895,452.06
5795.519577408372,432.44
5796.119517324254,477.08
5796.719457240137,464.99
5797.319397156019,481.28
5797.9193370719,468.79
5798.419287001803,458.2
5799.019226917686,567.25
5799.619166833567,476.94
5800.21910674945,453.01
5800.819046665331,474.29
5801.418986581214,505.46
5802.018926497096,492.24
5802.518876426998,424.64
5803.118816342881,540.15
5803.718756258762,472.27
5804.318696174644,450.34
5804.918636090527,465.72
5805.51857600641,507.17
5806.118515922291,396.1
5806.6184658521925,484.41
5807.218405768076,470.67
5807.818345683958,447.79
5808.41828559984,555.82
5809.018225515722,457.36
5809.618165431604,573.08
5810.218105347487,462.02
5810.718055277388,533.64
5811.317995193271,488.71
5811.917935109153,592.3
5812.517875025036,449.78
5813.117814940917,569.24
5813.7177548568,520.98
5814.3176947726815,500.86
5814.817644702583,485.83
5815.417584618465,548.04
5816.017524534349,583.04
5816.617464450231,460.83
5817.217404366113,553.87
5817.817344281994,590.21
5818.417284197877,581.74
5818.917234127779,591.82
5819.517174043661,473.46
5820.1171139595435,562.23
5820.717053875426,512.51
5821.316993791308,529.51
5821.91693370719,604.54
5822.516873623073,580.17
5823.0168235529745,528.54
5823.616763468856,464.64
5824.216703384739,530.63
5824.816643300621,553.8
5825.416583216504,506.59
5826.016523132386,450.89
5826.616463048267,524.41
5827.116412978169,556.8
5827.716352894052,471.91
5828.316292809933,552.12
5828.916232725816,564.99
5829.516172641699,473.89
5830.116112557581,520.74
5830.716052473464,476.32
5831.216002403365,485.54
5831.8159423192465,522.0
5832.415882235129,505.28
5833.015822151012,545.34
5833.615762066894,575.94
5834.215701982776,419.28
5834.815641898658,474.29
5835.315591828559,514.58
5835.915531744442,418.43
5836.515471660325,501.78
5837.115411576207,558.51
5837.715351492089,399.17
5838.315291407971,443.39
5838.915231323854,448.38
5839.415181253755,530.03
5840.0151211696375,482.62
5840.615061085519,492.04
5841.215001001402,473.54
5841.814940917285,524.82
5842.4148808331665,420.35
5843.014820749049,363.22
5843.614760664931,383.73
5844.114710594832,378.34
5844.714650510715,394.49
5845.314590426597,404.09
5845.91453034248,389.82
5846.514470258362,513.33
5847.114410174244,444.15
5847.714350090127,414.09
5848.214300020028,466.82
5848.814239935909,420.99
5849.414179851792,450.28
5850.014119767676,396.24
5850.614059683558,485.95
5851.213999599439,464.33
5851.813939515321,439.76
5852.313889445223,542.94
5852.913829361105,471.73
5853.513769276988,485.68
5854.1137091928695,481.79
5854.713649108753,453.26
5855.313589024635,426.76
5855.913528940517,444.71
5856.413478870419,409.5
5857.013418786301,420.78
5857.613358702182,457.61
5858.213298618065,463.13
5858.813238533948,528.69
5859.41317844983,489.03
5860.013118365713,499.16
5860.513068295614,544.87
5861.113008211496,486.56
5861.712948127379,519.89
5862.31288804326,610.68
5862.912827959143,473.88
5863.512767875026,417.09
5864.112707790908,538.77
5864.612657720809,510.69
5865.2125976366915,480.2
5865.812537552573,525.45
5866.412477468455,545.45
5867.012417384338,630.77
5867.6123573002205,604.38
5868.212297216103,551.14
5868.712247146004,514.27
5869.312187061886,456.67
5869.912126977769,423.54
5870.5120668936515,413.33
5871.112006809532,363.76
5871.711946725416,469.06
5872.311886641298,472.06
5872.811836571199,472.33
5873.411776487082,437.8
5874.011716402964,437.56
5874.611656318846,420.48
5875.211596234729,398.13
5875.811536150611,458.04
5876.411476066493,529.88
5876.911425996395,467.09
5877.511365912277,455.26
5878.111305828159,450.28
5878.711245744042,396.68
5879.3111856599235,392.46
5879.911125575806,359.13
5880.511065491689,318.86
5881.011015421591,309.47
5881.610955337473,310.62
5882.2108952533545,345.01
5882.810835169236,384.55
5883.410775085119,422.87
5884.010715001002,397.25
5884.6106549168835,402.78
5885.1106048467855,369.73
5885.710544762668,358.96
5886.31048467855,393.74
5886.910424594432,298.83
5887.5103645103145,403.78
5888.110304426196,377.6
5888.71024434208,368.27
5889.210194271981,376.83
5889.810134187863,437.16
5890.4100741037455,355.92
5891.010014019627,346.29
5891.609953935509,444.55
5892.209893851392,462.14
5892.809833767274,490.04
5893.309783697176,443.51
5893.909723613058,458.02
5894.509663528941,485.21
5895.109603444823,431.38
5895.709543360705,387.65
5896.309483276586,394.0
5896.909423192469,402.9
5897.409373122371,415.6
5898.009313038254,452.18
5898.609252954136,441.42
5899.209192870018,446.67
5899.8091327859,472.32
5900.409072701782,476.63
5901.009012617665,419.29
5901.608952533547,453.98
5902.108902463448,476.73
5902.708842379331,481.79
5903.308782295213,478.91
5903.908722211096,484.81
5904.508662126978,471.37
5905.108602042859,433.32
5905.708541958742,446.69
5906.208491888645,333.83
5906.808431804526,392.7
5907.4083717204085,396.01
5908.008311636291,413.85
5908.608251552173,441.38
5909.208191468055,454.77
5909.808131383937,398.03
5910.3080813138395,429.91
5910.908021229721,411.08
5911.507961145604,473.7
5912.107901061486,522.38
5912.7078409773685,416.65
5913.30778089325,421.39
5913.907720809132,411.31
5914.407670739035,492.22
5915.007610654918,513.33
5915.607550570799,481.66
5916.207490486681,463.03
5916.807430402563,502.55
5917.407370318446,493.42
5918.0073102343285,504.14
5918.5072601642305,483.69
5919.107200080112,423.83
5919.707139995995,418.55
5920.307079911876,455.96
5920.907019827759,394.02
5921.506959743641,470.85
5922.106899659523,480.16
5922.606849589425,452.55
5923.206789505308,503.99
5923.80672942119,438.49
5924.406669337072,429.95
5925.006609252954,412.94
5925.606549168836,423.25
5926.206489084719,358.82
5926.706439014621,455.7
5927.306378930502,466.01
5927.906318846385,467.24
5928.506258762268,426.03
5929.106198678149,499.03
5929.7061385940315,460.91
5930.306078509913,434.89
5930.806028439816,414.23
5931.405968355698,439.32
5932.005908271581,456.52
5932.6058481874625,419.8
5933.205788103345,446.38
5933.805728019226,469.18
5934.405667935109,444.55
5934.905617865012,491.05
5935.5055577808935,505.19
5936.105497696775,476.5
5936.705437612658,492.53
5937.30537752854,489.03
5937.9053174444225,483.07
5938.505257360304,457.75
5939.005207290207,437.49
5939.605147206089,406.14
5940.205087121971,472.46
5940.805027037853,472.06
5941.404966953735,428.93
5942.004906869618,418.77
5942.6048467855,412.57
5943.104796715402,468.18
5943.7047366312845,417.44
5944.304676547166,464.52
5944.904616463048,445.48
5945.504556378931,434.55
5946.104496294813,467.5
5946.704436210695,413.73
5947.204386140597,428.0
5947.804326056479,388.19
5948.404265972362,417.19
5949.0042058882445,408.47
5949.604145804125,493.13
5950.204085720008,474.16
5950.80402563589,519.44
5951.303975565792,505.8
5951.903915481675,472.55
5952.503855397557,505.36
5953.103795313439,521.27
5953.703735229321,437.34
5954.303675145203,480.48
5954.9036150610855,508.51
5955.403564990988,432.0
5956.00350490687,469.95
5956.603444822752,440.5
5957.203384738635,439.71
5957.8033246545165,481.05
5958.403264570398,451.99
5959.003204486281,485.88
5959.503154416183,522.54
5960.103094332065,528.86
5960.7030342479475,490.89
5961.302974163829,505.81
5961.902914079712,496.03
5962.502853995595,557.69
5963.102793911476,513.61
5963.702733827358,523.43
5964.202683757261,504.46
5964.802623673142,468.39
5965.402563589025,459.98
5966.0025035049075,500.31
5966.602443420789,436.55
5967.202383336672,501.06
5967.802323252553,418.0
5968.302273182456,488.91
5968.9022130983385,442.47
5969.50215301422,460.31
5970.102092930102,473.68
5970.702032845985,476.45
5971.301972761867,546.37
5971.901912677748,490.28
5972.40186260765,495.77
5973.001802523534,520.53
5973.601742439415,495.73
5974.201682355298,436.06
5974.801622271179,423.4
5975.401562187062,434.73
5976.001502102945,436.03
5976.501452032846,465.6
5977.101391948729,492.76
5977.701331864611,492.06
5978.301271780492,446.38
5978.901211696375,429.46
5979.501151612258,502.64
5980.1010915281395,462.68
5980.6010414580405,493.94
5981.200981373924,461.41
5981.800921289806,485.16
5982.400861205689,485.62
5983.0008011215705,499.18
5983.600741037452,509.86
5984.200680953335,514.24
5984.700630883236,488.19
5985.300570799118,520.97
5985.9005107150015,519.74
5986.500450630884,475.5
5987.100390546766,509.29
5987.700330462648,482.91
5988.30027037853,488.46
5988.800220308432,484.03
5989.400160224313,475.44
5990.000100140197,527.12
5990.600040056079,526.14
5991.1999799719615,480.88
5991.799919887842,481.33
5992.399859803725,497.3
5992.899809733627,466.18
5993.49974964951,463.72
5994.099689565392,456.09
5994.699629481274,467.9
5995.299569397156,513.9
5995.899509313039,463.57
5996.499449228921,437.28
5996.999399158823,447.13
5997.599339074704,458.55
5998.199278990586,379.38
5998.799218906469,417.99
5999.399158822352,427.26
5999.999098738234,448.14
6000.599038654116,512.26
6001.098988584017,463.5
6001.6989284999,503.99
6002.298868415782,529.82
6002.898808331664,471.89
6003.498748247547,439.1
6004.098688163429,480.76
6004.698628079312,512.36
6005.198578009213,496.38
6005.7985179250945,465.31
6006.398457840977,428.31
6006.998397756861,482.29
6007.598337672742,432.34
6008.1982775886245,499.33
6008.798217504506,429.91
6009.298167434407,461.55
6009.89810735029,518.53
6010.498047266173,499.46
6011.097987182055,459.34
6011.697927097938,477.2
6012.297867013819,451.87
6012.897806929702,449.89
6013.397756859604,491.51
6013.997696775486,476.44
6014.597636691367,395.49
6015.19757660725,522.75
6015.797516523133,505.04
6016.397456439015,450.35
6016.997396354897,492.93
6017.497346284799,492.67
6018.097286200681,500.37
6018.697226116563,508.82
6019.297166032445,492.1
6019.897105948328,497.1
6020.497045864211,505.06
6021.096985780092,500.14
6021.596935709994,490.37
6022.196875625877,528.06
6022.7968155417575,489.17
6023.39675545764,508.55
6023.996695373523,472.31
6024.596635289406,511.65
6025.196575205288,504.35
6025.696525135189,515.14
6026.296465051071,516.67
6026.896404966954,526.52
6027.496344882836,542.25
6028.0962847987175,538.03
6028.696224714601,550.92
6029.296164630483,509.24
6029.796114560384,572.59
6030.396054476267,535.73
6030.995994392149,565.05
6031.595934308031,598.45
6032.195874223913,601.49
6032.795814139796,548.85
6033.3957540556785,499.29
6033.8957039855795,531.48
6034.495643901462,504.58
6035.095583817344,542.32
6035.695523733227,568.39
6036.295463649108,561.5
6036.89540356499,593.2
6037.495343480874,539.6
6037.995293410776,543.34
6038.595233326657,526.13
6039.19517324254,526.53
6039.795113158421,496.11
6040.395053074304,537.5
6040.994992990186,508.54
6041.594932906069,491.83
6042.094882835971,492.34
6042.694822751852,503.22
6043.294762667734,503.86
6043.894702583617,527.68
6044.4946424995,505.96
6045.094582415381,478.79
6045.694522331264,490.69
6046.194472261166,501.96
6046.794412177048,529.92
6047.39435209293,520.42
6047.994292008812,538.31
6048.594231924694,544.49
6049.194171840577,517.74
6049.794111756459,539.77
6050.294061686361,526.57
6050.894001602243,529.02
6051.493941518126,513.29
6052.093881434007,545.54
6052.69382134989,503.03
6053.2937612657715,479.83
6053.7937111956735,478.2
6054.393651111556,488.44
6054.993591027439,426.52
6055.593530943321,499.81
6056.193470859203,449.37
6056.793410775084,548.97
6057.393350690967,531.25
6057.89330062087,506.18
6058.493240536752,542.44
6059.0931804526335,563.84
6059.693120368516,588.87
6060.293060284398,558.16
6060.89300020028,584.36
6061.492940116163,555.75
6061.992890046065,593.7
6062.592829961947,568.2
6063.192769877829,605.98
6063.792709793711,599.67
6064.392649709594,504.47
6064.992589625476,587.43
6065.592529541357,551.04
6066.09247947126,542.4
6066.692419387143,496.41
6067.292359303024,528.22
6067.892299218906,511.79
6068.492239134789,526.68
6069.092179050671,503.87
6069.692118966554,414.86
6070.192068896456,471.83
6070.792008812337,474.47
6071.39194872822,487.32
6071.991888644102,515.21
6072.591828559984,471.7
6073.191768475866,462.56
6073.791708391748,470.34
6074.29165832165,472.8
6074.891598237533,489.82
6075.491538153416,492.19
6076.091478069297,511.4
6076.691417985179,489.66
6077.291357901061,506.55
6077.891297816944,527.16
6078.391247746846,508.53
6078.991187662728,518.83
6079.59112757861,467.57
6080.191067494493,537.73
6080.791007410375,547.57
6081.3909473262565,513.6
6081.990887242139,483.14
6082.490837172042,469.77
6083.090777087923,549.55
6083.690717003806,547.71
6084.2906569196875,506.57
6084.89059683557,570.7
6085.490536751452,553.59
6086.090476667334,555.57
6086.590426597237,525.58
6087.1903665131185,499.14
6087.790306429,510.75
6088.390246344883,540.25
6088.990186260766,528.98
6089.590126176648,566.63
6090.190066092529,546.3
6090.690016022431,516.79
6091.289955938314,537.26
6091.889895854196,449.67
6092.489835770079,466.0
6093.08977568596,416.34
6093.689715601843,472.0
6094.189665531744,507.32
6094.789605447626,465.91
6095.38954536351,509.19
6095.989485279392,459.4
6096.589425195273,494.54
6097.189365111156,519.09
6097.789305027038,480.97
6098.289254956939,465.68
6098.8891948728215,477.06
6099.489134788705,539.89
6100.089074704587,494.75
6100.68901462047,541.67
6101.2889545363505,546.06
6101.888894452233,528.23
6102.388844382135,568.15
6102.988784298017,499.36
6103.588724213899,537.04
6104.188664129782,481.25
6104.788604045664,527.35
6105.388543961546,523.86
6105.988483877429,513.16
6106.488433807331,506.37
6107.0883737232125,571.24
6107.688313639094,519.59
6108.288253554977,499.1
6108.88819347086,540.28
6109.488133386742,511.76
6110.088073302623,497.27
6110.588023232525,437.88
6111.187963148408,462.75
6111.787903064289,474.66
6112.3878429801725,454.8
6112.987782896055,441.58
6113.587722811937,475.61
6114.18766272782,579.2
6114.687612657721,560.69
6115.287552573603,550.92
6115.887492489485,560.68
6116.487432405367,495.98
6117.08737232125,466.2
6117.687312237133,456.5
6118.187262167034,439.67
6118.787202082915,485.41
6119.387141998798,529.18
6119.987081914681,514.99
6120.587021830563,508.13
6121.186961746445,548.25
6121.786901662327,523.65
6122.286851592229,557.67
6122.886791508111,504.19
6123.486731423994,496.89
6124.0866713398755,532.68
6124.686611255758,480.87
6125.28655117164,457.53
6125.886491087523,419.7
6126.386441017425,400.42
6126.986380933307,376.88
6127.586320849188,410.35
6128.186260765071,386.98
6128.786200680953,369.48
6129.3861405968355,480.65
6129.986080512718,512.11
6130.48603044262,449.57
6131.085970358502,516.67
6131.685910274385,484.19
6132.285850190266,420.91
6132.885790106148,418.6
6133.485730022031,524.25
6133.985679951933,516.74
6134.585619867815,597.05
6135.1855597836975,570.31
6135.785499699579,568.24
6136.385439615461,582.39
6136.985379531344,529.51
6137.585319447226,529.55
6138.085269377128,509.28
6138.68520929301,435.23
6139.285149208892,491.25
6139.885089124775,454.07
6140.4850290406575,463.65
6141.084968956538,486.8
6141.684908872421,505.09
6142.184858802324,483.72
6142.784798718205,531.21
6143.384738634088,517.28
6143.98467854997,531.96
6144.584618465852,593.88
6145.184558381735,555.57
6145.784498297616,547.82
6146.284448227519,443.71
6146.884388143401,447.4
6147.484328059283,409.45
6148.084267975165,522.5
6148.684207891048,445.79
6149.2841478069295,495.76
6149.784097736831,455.5
6150.384037652714,437.27
6150.983977568597,442.94
6151.583917484479,397.6
6152.1838574003605,375.87
6152.783797316242,428.6
6153.383737232125,416.25
6153.883687162027,371.07
6154.48362707791,427.18
6155.0835669937915,410.57
6155.683506909674,489.68
6156.283446825555,480.03
6156.883386741438,497.35
6157.4833266573205,495.1
6157.983276587223,444.47
6158.583216503104,483.91
6159.183156418987,466.46
6159.783096334869,430.42
6160.3830362507515,490.37
6160.982976166633,416.84
6161.582916082515,453.9
6162.082866012418,442.76
6162.6828059283,444.89
6163.282745844182,472.97
6163.882685760064,419.12
6164.482625675947,450.14
6165.082565591829,444.46
6165.58251552173,445.94
6166.1824554376135,473.42
6166.782395353495,478.6
6167.382335269377,489.77
6167.98227518526,517.91
6168.582215101142,489.01
6169.182155017024,469.22
6169.682104946925,510.97
6170.282044862807,453.71
6170.881984778691,429.34
6171.4819246945735,488.58
6172.081864610454,526.58
6172.681804526337,455.02
6173.281744442219,547.65
6173.78169437212,498.38
6174.381634288003,485.49
6174.981574203886,485.2
6175.581514119768,473.29
6176.181454035651,469.46
6176.781393951532,462.92
6177.281343881434,459.11
6177.881283797316,484.45
6178.481223713198,427.13
6179.081163629081,445.46
6179.681103544964,457.05
6180.2810434608455,447.31
6180.880983376727,432.49
6181.380933306629,475.21
6181.980873222512,457.52
6182.580813138393,456.8
6183.180753054276,500.76
6183.780692970158,483.06
6184.380632886041,497.96
6184.880582815942,469.28
6185.480522731825,522.57
6186.080462647707,534.03
6186.680402563589,537.9
6187.28034247947,506.58
6187.880282395354,548.38
6188.4802223112365,489.32
6188.980172241138,480.75
6189.580112157019,438.22
6190.180052072902,446.94
6190.779991988784,452.5
6191.379931904667,443.44
6191.979871820549,451.76
6192.579811736431,436.67
6193.079761666333,467.14
6193.679701582215,490.19
6194.279641498097,500.86
6194.879581413979,508.3
6195.479521329862,476.73
6196.079461245744,510.13
6196.579411175646,517.61
6197.179351091529,518.55
6197.77929100741,505.91
6198.379230923292,511.96
6198.979170839175,510.06
6199.579110755057,487.39
6200.179050670939,474.7
6200.679000600841,469.3
6201.278940516723,445.29
6201.878880432606,465.95
6202.478820348489,421.74
6203.0787602643695,460.95
6203.678700180252,434.46
6204.178650110155,426.12
6204.778590026036,358.14
6205.378529941919,406.1
6205.978469857801,405.14
6206.578409773683,446.92
6207.178349689565,442.44
6207.778289605447,430.78
6208.27823953535,476.33
6208.878179451232,421.59
6209.478119367114,354.49
6210.078059282996,426.88
6210.677999198879,436.83
6211.277939114761,406.13
6211.7778890446625,419.63
6212.377828960545,424.98
6212.977768876428,413.91
6213.577708792309,412.37
6214.177648708192,438.33
6214.777588624073,420.86
6215.377528539956,423.63
6215.877478469858,455.46
6216.477418385741,460.2
6217.077358301623,454.49
6217.677298217505,482.66
6218.277238133386,458.91
6218.877178049269,430.83
6219.477117965152,461.89
6219.977067895054,384.08
6220.577007810935,386.05
6221.176947726818,403.22
6221.7768876427,365.01
6222.376827558583,387.44
6222.976767474464,413.61
6223.476717404366,439.41
6224.076657320248,461.7
6224.676597236131,517.69
6225.276537152013,530.64
6225.876477067895,490.29
6226.476416983778,513.81
6227.07635689966,460.42
6227.576306829561,470.06
6228.176246745444,455.52
6228.776186661326,424.33
6229.376126577208,437.61
6229.976066493091,416.08
6230.576006408973,426.31
6231.075956338874,410.73
6231.6758962547565,403.4
6232.275836170638,440.9
6232.875776086522,372.65
6233.475716002404,349.64
6234.0756559182855,426.88
6234.5756058481875,357.07
6235.17554576407,387.17
6235.775485679951,439.7
6236.375425595834,389.63
6236.9753655117165,430.47
6237.575305427599,422.77
6238.175245343481,442.58
6238.675195273383,466.96
6239.275135189265,471.44
6239.875075105147,502.14
6240.475015021029,504.16
6241.074954936911,431.38
6241.674894852795,443.66
6242.174844782696,419.72
6242.774784698578,374.35
6243.37472461446,373.54
6243.974664530343,412.64
6244.574604446224,384.4
6245.174544362107,346.02
6245.774484277989,407.96
6246.27443420789,378.27
6246.874374123773,439.89
6247.474314039656,373.73
6248.074253955538,400.39
6248.67419387142,363.78
6249.274133787301,360.87
6249.774083717204,388.5
6250.374023633087,408.33
6250.973963548969,440.02
6251.57390346485,450.8
6252.173843380733,466.81
6252.773783296615,508.68
6253.373723212498,474.98
6253.8736731424,484.23
6254.473613058282,443.02
6255.073552974164,435.36
6255.673492890046,426.52
6256.273432805928,433.81
6256.8733727218105,492.49
6257.373322651712,490.96
6257.973262567595,448.88
6258.573202483477,516.98
6259.17314239936,484.82
6259.7730823152415,529.78
6260.373022231123,421.04
6260.872972161026,429.65
6261.472912076909,508.56
6262.07285199279,463.03
6262.6727919086725,503.47
6263.272731824554,508.11
6263.872671740437,493.09
6264.472611656319,459.06
6264.972561586221,454.6
6265.5725015021035,531.66
6266.172441417985,503.06
6266.772381333867,515.51
6267.37232124975,509.66
6267.9722611656325,541.11
6268.472211095534,518.18
6269.072151011415,482.0
6269.672090927299,478.15
6270.272030843181,411.97
6270.871970759063,404.25
6271.471910674945,385.93
6271.971860604847,434.21
6272.571800520728,471.45
6273.171740436611,496.63
6273.771680352494,492.32
6274.371620268376,488.85
6274.971560184259,520.66
6275.57150010014,522.72
6276.071450030042,536.59
6276.671389945925,501.96
6277.2713298618055,520.39
6277.871269777688,534.6
6278.471209693572,505.29
6279.071149609454,568.38
6279.571099539355,568.88
6280.171039455237,551.37
6280.770979371119,464.13
6281.370919287002,497.65
6281.970859202884,463.25
6282.570799118766,455.91
6283.070749048668,469.24
6283.67068896455,451.22
6284.270628880432,439.1
6284.870568796315,524.94
6285.470508712197,468.45
6286.070448628079,449.03
6286.670388543962,458.84
6287.170338473864,428.07
6287.770278389746,435.39
6288.3702183056275,454.87
6288.97015822151,445.13
6289.570098137392,471.17
6290.170038053275,420.56
6290.669987983177,447.23
6291.2699278990585,416.01
6291.869867814941,433.02
6292.469807730824,443.55
6293.069747646705,457.73
6293.669687562588,453.24
6294.16963749249,527.08
6294.769577408371,513.9
6295.369517324254,501.33
6295.969457240137,471.99
6296.569397156019,487.2
6297.1693370719,554.76
6297.769276987782,579.03
6298.269226917685,590.19
6298.869166833568,546.55
6299.46910674945,562.52
6300.069046665331,553.85
6300.668986581214,463.44
6301.268926497096,466.61
6301.768876426998,461.88
6302.368816342881,437.55
6302.968756258763,480.09
6303.568696174644,491.19
6304.168636090527,463.64
6304.768576006409,431.06
6305.26852593631,445.32
6305.8684658521925,469.46
6306.468405768076,467.17
6307.068345683958,497.53
6307.668285599841,452.43
6308.2682255157215,441.29
6308.7681754456235,448.39
6309.368115361506,460.91
6309.968055277388,480.44
6310.567995193271,487.1
6311.167935109153,463.23
6311.767875025035,426.54
6312.267824954936,521.87
6312.867764870819,515.31
6313.467704786702,503.22
6314.0676447025835,560.5
6314.667584618466,547.88
6315.267524534348,505.1
6315.867464450231,503.44
6316.367414380132,523.9
6316.9673542960145,504.56
6317.567294211896,517.63
6318.167234127779,487.53
6318.767174043661,485.6
6319.3671139595435,443.16
6319.8670638894455,547.47
6320.467003805328,559.21
6321.066943721209,521.73
6321.666883637092,598.48
6322.266823552974,546.21
6322.866763468856,534.1
6323.366713398758,501.4
6323.966653314641,498.96
6324.566593230523,482.82
6325.1665331464055,473.34
6325.766473062286,488.54
6326.366412978169,468.77
6326.866362908072,440.57
6327.466302823954,463.34
6328.066242739836,517.75
6328.666182655718,554.68
6329.2661225716,534.46
6329.866062487482,547.08
6330.366012417385,581.23
6330.9659523332675,569.69
6331.565892249149,550.72
6332.165832165031,489.06
6332.765772080913,513.29
6333.365711996796,486.59
6333.865661926697,478.5
6334.46560184258,533.68
6335.065541758462,477.23
6335.665481674345,519.39
6336.265421590226,544.34
6336.8653615061085,511.63
6337.36531143601,566.09
6337.965251351892,552.5
6338.565191267775,580.5
6339.165131183658,510.81
6339.765071099539,536.6
6340.365011015422,531.36
6340.864960945323,553.25
6341.464900861206,533.91
6342.064840777088,534.21
6342.66478069297,503.9
6343.264720608852,558.05
6343.864660524735,510.02
6344.464600440618,507.4
6344.964550370519,457.83
6345.5644902864005,424.12
6346.164430202283,452.34
6346.764370118165,478.07
6347.364310034048,491.43
6347.9642499499305,475.41
6348.464199879832,432.55
6349.064139795713,415.67
6349.664079711596,415.74
6350.264019627478,484.64
6350.863959543361,465.97
6351.463899459244,479.07
6351.963849389145,442.48
6352.563789305027,483.77
6353.16372922091,472.82
6353.763669136791,507.9
6354.363609052673,452.12
6354.963548968556,460.73
6355.463498898458,472.65
6356.06343881434,528.84
6356.663378730223,564.35
6357.263318646104,564.59
6357.863258561987,570.34
6358.463198477869,508.04
6358.963148407772,539.47
6359.563088323654,553.99
6360.163028239535,537.8
6360.762968155417,573.68
6361.3629080713,589.82
6361.962847987183,564.4
6362.462797917085,570.96
6363.062737832966,629.51
6363.662677748849,595.47
6364.262617664731,579.07
6364.862557580613,583.87
6365.462497496495,594.64
6365.962447426397,570.4
6366.562387342279,539.04
6367.162327258162,562.29
6367.762267174044,563.23
6368.362207089926,525.2
6368.962147005808,560.77
6369.46209693571,559.28
6370.062036851592,570.04
6370.661976767475,556.18
6371.2619166833565,553.11
6371.861856599239,498.61
6372.461796515122,596.57
6372.961746445023,531.46
6373.561686360905,551.48
6374.1616262767875,544.64
6374.761566192669,615.58
6375.361506108552,574.6
6375.961446024435,613.09
6376.461395954337,549.57
6377.061335870218,593.74
6377.6612757861,591.44
6378.261215701982,536.0
6378.861155617865,596.35
6379.461095533748,546.57
6379.9610454636495,516.8
6380.560985379531,490.83
6381.160925295414,452.38
6381.760865211295,468.45
6382.360805127178,501.8
6382.8607550570805,489.59
6383.460694972962,499.17
6384.060634888844,473.91
6384.660574804727,528.54
6385.260514720609,562.53
6385.860454636491,623.59
6386.360404566393,595.33
6386.960344482276,608.36
6387.560284398158,519.6
6388.16022431404,516.21
6388.760164229921,533.02
6389.360104145804,491.2
6389.860054075705,489.78
6390.459993991589,499.36
6391.059933907471,499.27
6391.659873823353,501.51
6392.259813739235,549.51
6392.859753655117,633.07
6393.359703585019,612.33
6393.959643500902,619.59
6394.559583416783,570.98
6395.159523332666,641.59
6395.759463248548,575.72
6396.359403164431,646.04
6396.859353094332,542.27
6397.459293010214,542.41
6398.059232926096,551.0
6398.65917284198,524.2
6399.259112757861,515.35
6399.8590526737435,583.93
6400.359002603645,581.98
6400.958942519527,590.86
6401.558882435409,563.68
6402.158822351292,527.53
6402.758762267174,541.42
6403.358702183057,556.65
6403.858652112958,558.01
6404.458592028841,570.45
6405.058531944723,558.34
6405.658471860605,588.01
6406.258411776486,607.79
6406.858351692369,552.13
6407.358301622271,579.55
6407.958241538154,510.07
6408.558181454036,521.07
6409.158121369918,457.26
6409.758061285799,504.3
6410.258011215702,504.74
6410.857951131585,492.98
6411.4578910474675,500.51
6412.057830963348,544.36
6412.657770879231,555.59
6413.257710795113,600.73
6413.757660725015,602.56
6414.3576006408975,568.61
6414.95754055678,616.74
6415.557480472662,577.45
6416.157420388544,532.32
6416.757360304426,601.04
6417.257310234328,605.96
6417.857250150211,550.31
6418.457190066093,544.37
6419.057129981975,509.01
6419.657069897858,515.06
6420.257009813739,480.1
6420.75695974364,498.81
6421.356899659523,475.42
6421.956839575406,463.74
6422.556779491288,481.94
6423.15671940717,499.46
6423.656669337072,582.17
6424.256609252954,587.67
6424.856549168836,577.76
6425.456489084719,627.03
6426.0564290006005,582.21
6426.656368916484,597.94
6427.156318846385,507.17
6427.756258762267,523.62
6428.35619867815,498.04
6428.9561385940315,543.69
6429.556078509913,542.34
6430.156018425796,625.54
6430.655968355698,633.29
6431.25590827158,727.41
6431.8558481874625,651.3
6432.455788103345,657.85
6433.055728019227,631.48
6433.655667935109,600.89
6434.155617865012,589.38
6434.7555577808935,576.8
6435.355497696775,621.67
6435.955437612658,549.86
6436.55537752854,601.32
6437.055327458441,592.63
6437.6552673743245,602.14
6438.255207290206,595.73
6438.855147206089,537.09
6439.455087121972,545.66
6440.055027037853,512.89
6440.554976967755,504.55
6441.154916883637,552.69
6441.754856799519,551.73
6442.354796715402,632.68
6442.9547366312845,608.46
6443.554676547166,597.04
6444.054626477067,591.02
6444.65456639295,580.98
6445.254506308832,575.64
6445.8544462247155,558.73
6446.454386140597,569.14
6446.954336070499,569.79
6447.554275986381,584.54
6448.154215902263,577.85
6448.754155818145,573.76
6449.354095734027,628.94
6449.95403564991,623.04
6450.453985579812,557.41
6451.053925495694,578.88
6451.653865411577,578.22
6452.253805327458,542.57
6452.85374524334,505.27
6453.453685159223,491.84
6453.953635089126,540.62
6454.553575005007,539.76
6455.153514920889,548.14
6455.753454836771,615.02
6456.353394752654,578.76
6456.853344682556,630.77
6457.453284598439,627.33
6458.05322451432,569.28
6458.653164430203,567.38
6459.253104346084,593.96
6459.853044261967,587.3
6460.352994191869,591.67
6460.952934107751,570.23
6461.552874023633,552.66
6462.152813939516,550.29
6462.752753855398,534.9
6463.3526937712795,546.19
6463.8526437011815,552.86
6464.452583617064,528.31
6465.052523532946,540.06
6465.652463448829,550.77
6466.2524033647105,565.28
6466.7523532946125,519.97
6467.352293210494,534.12
6467.952233126377,550.87
6468.552173042259,582.13
6469.1521129581415,556.63
6469.752052874023,543.01
6470.252002803925,564.04
6470.851942719808,508.76
6471.451882635691,475.33
6472.051822551572,522.82
6472.651762467454,502.61
6473.151712397357,516.78
6473.751652313238,537.75
6474.351592229121,582.73
6474.9515321450035,551.39
6475.551472060885,584.03
6476.151411976767,602.34
6476.65136190667,544.05
6477.251301822552,557.1
6477.8512417384345,569.45
6478.451181654316,566.26
6479.051121570198,549.92
6479.5510715001,528.68
6480.151011415982,531.73
6480.750951331865,518.73
6481.350891247747,510.37
6481.95083116363,435.79
6482.550771079511,423.57
6483.050721009413,411.81
6483.650660925296,428.39
6484.2506008411765,367.01
6484.85054075706,386.8
6485.450480672943,346.06
6485.950430602845,414.0
6486.550370518726,428.35
6487.150310434608,363.01
6487.75025035049,392.62
6488.350190266373,417.74
6488.950130182256,437.14
6489.450080112158,509.39
6490.050020028039,501.86
6490.649959943921,521.54
6491.249899859803,547.57
6491.849839775686,570.99
6492.349789705589,541.64
6492.94972962147,499.89
6493.549669537352,568.16
6494.149609453235,581.61
6494.749549369117,587.65
6495.3494892849985,572.97
6495.849439214901,593.54
6496.449379130784,565.01
6497.049319046665,620.11
6497.649258962548,577.22
6498.2491988784295,621.75
6498.7491488083315,617.64
6499.349088724213,545.06
6499.949028640097,594.88
6500.548968555979,550.75
6501.148908471861,584.0
6501.748848387742,579.55
6502.248798317644,553.01
6502.848738233527,556.69
6503.448678149409,580.78
6504.0486180652915,543.32
6504.648557981174,536.17
6505.148507911075,555.2
6505.748447826957,540.81
6506.34838774284,495.88
6506.9483276587225,543.89
6507.548267574604,530.49
6508.048217504506,567.47
6508.648157420389,526.98
6509.248097336271,577.24
6509.848037252153,571.91
6510.447977168035,582.53
6511.047917083917,640.74
6511.547867013819,606.19
6512.147806929702,605.71
6512.747746845584,569.59
6513.347686761466,577.56
6513.947626677349,646.06
6514.44757660725,586.53
6515.047516523133,610.47
6515.6474564390155,545.05
6516.247396354896,546.18
6516.847336270779,535.88
6517.447276186662,558.87
6517.947226116563,573.0
6518.547166032445,615.88
6519.147105948328,571.71
6519.74704586421,618.59
6520.346985780093,588.93
6520.846935709994,572.12
6521.446875625877,582.42
6522.046815541758,623.85
6522.64675545764,594.78
6523.246695373523,585.28
6523.746645303425,599.84
6524.346585219307,659.23
6524.946525135189,597.69
6525.546465051071,596.94
6526.146404966954,650.28
6526.746344882836,604.09
6527.246294812738,605.5
6527.84623472862,604.04
6528.446174644503,588.32
6529.046114560384,590.59
6529.646054476267,580.56
6530.14600440617,609.29
6530.7459443220505,629.35
6531.345884237933,544.11
6531.945824153816,572.56
6532.545764069698,569.73
6533.045713999599,587.51
6533.6456539154815,564.76
6534.245593831364,595.06
6534.845533747247,581.17
6535.445473663129,552.68
6536.0454135790105,505.94
6536.5453635089125,504.75
6537.145303424794,514.54
6537.745243340676,553.85
6538.34518325656,529.85
6538.945123172442,560.9
6539.4450731023435,585.16
6540.045013018225,555.54
6540.644952934108,538.52
6541.24489284999,566.93
6541.844832765872,496.77
6542.3447826957745,534.26
6542.944722611657,516.55
6543.544662527538,527.76
6544.144602443421,574.24
6544.744542359303,513.02
6545.244492289205,575.27
6545.844432205087,546.75
6546.44437212097,553.13
6547.044312036852,597.14
6547.6442519527345,595.47
6548.244191868615,593.23
6548.744141798517,560.39
6549.344081714401,587.73
6549.944021630283,630.06
6550.543961546165,730.48
6551.143901462047,983.88
6551.643851391948,1398.4
6552.24379130783,1627.8
6552.843731223713,1393.1
6553.4436711395965,1022.0
6554.043611055478,788.34
6554.543560985379,830.35
6555.143500901262,918.2
6555.743440817144,840.74
6556.343380733026,788.32
6556.943320648908,787.84
6557.443270578811,679.25
6558.043210494692,677.72
6558.643150410575,571.23
6559.243090326457,656.89
6559.843030242339,603.67
6560.342980172241,602.31
6560.942920088124,521.73
6561.542860004006,513.48
6562.142799919889,510.31
6562.7427398357695,468.68
6563.342679751652,455.83
6563.842629681554,502.27
6564.442569597437,552.17
6565.042509513319,515.58
6565.642449429201,519.43
6566.242389345083,549.54
6566.742339274984,583.32
6567.342279190867,635.9
6567.94221910675,584.16
6568.542159022632,593.45
6569.142098938514,582.31
6569.642048868416,608.41
6570.241988784298,570.52
6570.84192870018,560.43
6571.4418686160625,561.19
6572.041808531944,576.09
6572.541758461846,586.96
6573.141698377729,614.38
6573.741638293611,617.0
6574.3415782094935,614.15
6574.941518125376,574.76
6575.441468055278,600.01
6576.04140797116,586.29
6576.641347887043,554.38
6577.241287802924,560.66
6577.841227718806,598.79
6578.341177648708,640.95
6578.94111756459,600.55
6579.541057480473,614.26
6580.1409973963555,541.16
6580.740937312237,539.12
6581.240887242138,556.54
6581.840827158021,514.79
6582.440767073904,482.87
6583.040706989786,484.91
6583.640646905668,495.29
6584.24058682155,524.36
6584.740536751452,609.2
6585.340476667334,557.77
6585.940416583217,538.61
6586.540356499098,573.66
6587.140296414981,573.55
6587.640246344883,578.04
6588.240186260765,591.12
6588.840126176648,583.91
6589.44006609253,616.58
6590.040006008411,652.32
6590.539955938314,570.9
6591.139895854197,648.27
6591.739835770078,592.89
6592.33977568596,622.8
6592.939715601843,570.97
6593.439665531744,553.52
6594.039605447626,583.31
6594.63954536351,562.57
6595.239485279391,573.88
6595.839425195274,587.68
6596.339375125175,565.51
6596.939315041058,531.32
6597.53925495694,540.99
6598.1391948728215,515.11
6598.739134788704,570.8
6599.239084718606,607.25
6599.839024634488,575.53
6600.438964550371,574.03
6601.0389044662525,582.49
6601.638844382135,603.06
6602.138794312037,563.58
6602.738734227919,581.28
6603.338674143802,612.84
6603.938614059684,583.43
6604.538553975565,608.52
6605.038503905468,605.79
6605.638443821351,610.06
6606.238383737232,653.61
6606.8383236531145,632.99
6607.438263568997,624.09
6607.938213498898,652.44
6608.53815341478,617.5
6609.138093330663,637.44
6609.7380332465455,639.8
6610.337973162428,662.33
6610.837923092329,645.96
6611.437863008212,657.64
6612.037802924094,602.51
6612.6377428399755,589.63
6613.237682755857,554.43
6613.73763268576,555.8
6614.337572601642,539.93
6614.937512517525,544.31
6615.5374524334065,540.82
6616.137392349289,616.41
6616.637342279191,589.42
6617.237282195073,614.68
6617.837222110956,674.65
6618.437162026838,597.14
6619.037101942719,595.18
6619.537051872621,629.6
6620.136991788505,628.77
6620.736931704386,628.84
6621.3368716202685,593.33
6621.936811536151,574.94
6622.436761466052,586.52
6623.036701381934,522.57
6623.636641297817,556.17
6624.236581213699,590.98
6624.736531143601,604.52
6625.336471059483,572.12
6625.936410975366,609.2
6626.536350891248,610.89
6627.13629080713,586.67
6627.6362407370325,599.4
6628.236180652914,626.18
6628.836120568796,592.3
6629.436060484679,625.33
6630.036000400561,626.26
6630.535950330462,641.47
6631.135890246345,570.45
6631.735830162227,523.25
6632.33577007811,548.62
6632.9357099939925,531.28
6633.435659923894,496.92
6634.035599839775,516.16
6634.635539755658,503.94
6635.23547967154,525.81
6635.835419587423,533.86
6636.335369517325,570.16
6636.935309433206,575.92
6637.535249349088,553.44
6638.135189264971,537.67
6638.735129180853,607.1
6639.235079110755,574.83
6639.835019026637,580.92
6640.43495894252,586.76
6641.034898858402,556.46
6641.634838774284,582.76
6642.134788704187,605.79
6642.734728620068,559.51
6643.33466853595,568.33
6643.934608451833,612.8
6644.534548367715,611.39
6645.034498297617,623.74
6645.6344382134985,622.31
6646.234378129381,633.02
6646.834318045264,597.78
6647.334267975165,607.78
6647.934207891048,625.01
6648.5341478069295,642.73
6649.134087722812,612.38
6649.734027638693,598.05
6650.233977568596,612.89
6650.833917484479,583.92
6651.4338574003605,579.94
6652.033797316242,534.2
6652.633737232125,590.25
6653.133687162028,554.06
6653.733627077909,569.9
6654.3335669937915,532.17
6654.933506909674,546.04
6655.533446825556,551.6
6656.033396755457,602.27
6656.633336671341,581.47
6657.2332765872225,567.66
6657.833216503104,585.42
6658.433156418987,595.83
6658.933106348889,647.54
6659.533046264771,592.88
6660.132986180653,596.09
6660.732926096534,640.45
6661.232876026437,569.17
6661.832815942319,557.14
6662.432755858202,564.35
6663.032695774084,569.14
6663.632635689966,663.21
6664.132585619868,565.13
6664.73252553575,599.53
6665.332465451633,526.49
6665.9324053675155,534.94
6666.532345283396,506.89
6667.032295213298,558.3
6667.632235129182,549.75
6668.232175045063,559.71
6668.832114960946,538.78
6669.432054876828,556.01
6669.932004806729,556.32
6670.531944722611,608.66
6671.131884638494,632.24
6671.7318245543765,563.46
6672.231774484278,598.38
6672.83171440016,594.83
6673.431654316043,633.52
6674.031594231925,608.66
6674.631534147807,641.15
6675.1314840777095,629.41
6675.731423993591,632.62
6676.331363909473,607.47
6676.931303825356,635.23
6677.531243741238,626.23
6678.031193671139,618.14
6678.631133587022,597.58
6679.231073502904,632.63
6679.831013418787,607.28
6680.4309533346695,644.29
6680.930903264571,569.89
6681.530843180452,610.67
6682.130783096335,635.16
6682.730723012217,628.68
6683.230672942119,624.55
6683.830612858002,618.4
6684.430552773883,592.61
6685.030492689765,552.09
6685.630432605648,605.41
6686.13038253555,620.5
6686.730322451432,603.05
6687.330262367314,602.4
6687.930202283197,625.67
6688.530142199079,645.7
6689.030092128981,618.14
6689.630032044864,643.29
6690.229971960745,642.6
6690.829911876627,591.56
6691.329861806529,652.31
6691.929801722412,584.07
6692.529741638293,610.23
6693.1296815541755,590.22
6693.729621470058,575.73
6694.229571399959,558.81
6694.829511315842,550.98
6695.429451231725,600.43
6696.0293911476065,568.25
6696.529341077508,628.08
6697.129280993391,606.94
6697.729220909273,605.04
6698.329160825156,578.05
6698.9291007410375,630.07
6699.429050670939,586.68
6700.028990586822,577.01
6700.628930502704,564.04
6701.228870418586,573.0
6701.8288103344685,608.06
6702.3287602643695,594.36
6702.928700180252,625.17
6703.528640096134,589.49
6704.128580012018,618.13
6704.628529941919,580.48
6705.2284698578005,567.73
6705.828409773683,556.66
6706.428349689566,552.01
6707.028289605447,565.19
6707.52823953535,626.31
6708.128179451232,625.62
6708.728119367113,636.24
6709.328059282996,616.89
6709.828009212898,634.49
6710.427949128782,613.21
6711.0278890446625,608.02
6711.627828960545,635.64
6712.227768876427,621.99
6712.727718806328,626.02
6713.327658722211,638.14
6713.9275986380935,585.79
6714.527538553975,609.14
6715.127478469858,602.5
6715.62742839976,599.62
6716.227368315642,571.9
6716.8273082315245,609.91
6717.427248147406,582.72
6717.927198077309,602.47
6718.527137993191,656.99
6719.127077909073,670.56
6719.727017824955,659.96
6720.326957740837,672.53
6720.826907670738,595.38
6721.426847586622,605.25
6722.026787502504,616.86
6722.6267274183865,565.78
6723.126677348288,561.36
6723.726617264169,586.04
6724.326557180052,603.78
6724.926497095935,564.85
6725.526437011817,573.7
6726.026386941719,587.01
6726.626326857601,604.75
6727.226266773482,597.29
6727.826206689365,599.96
6728.326156619268,544.54
6728.92609653515,551.86
6729.526036451031,533.35
6730.125976366914,546.04
6730.725916282796,519.9
6731.225866212697,563.69
6731.82580612858,610.51
6732.425746044463,619.04
6733.025685960345,651.01
6733.525635890246,589.1
6734.125575806129,595.96
6734.725515722011,624.79
6735.325455637892,647.0
6735.925395553775,617.7
6736.425345483678,621.28
6737.025285399559,609.48
6737.625225315442,577.59
6738.225165231323,574.83
6738.725115161225,552.11
6739.325055077108,567.99
6739.924994992991,574.25
6740.524934908873,600.27
6741.124874824755,638.86
6741.624824754656,638.09
6742.224764670538,669.03
6742.824704586422,669.67
6743.424644502304,622.72
6743.924594432206,620.59
6744.524534348087,569.24
6745.124474263969,595.85
6745.724414179851,652.44
6746.224364109754,593.97
6746.824304025636,681.11
6747.424243941518,656.64
6748.0241838574,658.59
6748.624123773283,680.03
6749.124073703185,652.6
6749.724013619067,653.58
6750.323953534949,652.87
6750.923893450832,655.12
6751.423843380733,674.62
6752.023783296615,661.2
6752.623723212498,641.16
6753.223663128379,682.39
6753.823603044262,601.85
6754.323552974164,632.17
6754.923492890047,596.23
6755.523432805928,570.95
6756.1233727218105,622.25
6756.623322651713,591.26
6757.223262567594,563.75
6757.823202483477,600.92
6758.42314239936,603.37
6758.923092329261,625.94
6759.5230322451425,634.07
6760.122972161026,621.27
6760.722912076908,609.97
6761.322851992791,583.9
6761.822801922692,618.49
6762.422741838574,641.8
6763.022681754456,634.51
6763.622621670338,635.09
6764.122571600241,652.65
6764.722511516123,666.86
6765.3224514320045,641.33
6765.922391347887,615.02
6766.42234127779,677.01
6767.022281193671,634.24
6767.622221109554,670.77
6768.2221610254355,655.62
6768.822100941318,677.06
6769.322050871219,683.76
6769.921990787102,669.17
6770.521930702984,659.3
6771.121870618867,659.41
6771.6218205487685,635.39
6772.22176046465,614.58
6772.821700380533,563.08
6773.421640296415,615.61
6773.921590226318,624.91
6774.5215301421995,632.64
6775.121470058081,626.57
6775.721409973963,621.06
6776.321349889846,622.63
6776.821299819747,652.5
6777.4212397356305,582.07
6778.021179651512,615.98
6778.621119567395,571.5
6779.121069497296,636.45
6779.721009413178,636.62
6780.320949329061,616.87
6780.920889244943,655.55
6781.420839174845,662.76
6782.020779090727,665.47
6782.62071900661,614.02
6783.220658922491,618.89
6783.820598838373,579.68
6784.320548768276,577.62
6784.920488684159,592.55
6785.52042860004,647.69
6786.120368515923,619.5
6786.6203184458245,661.29
6787.220258361705,664.49
6787.820198277588,713.0
6788.420138193472,657.03
6788.920088123373,635.38
6789.520028039255,636.22
6790.119967955137,671.0
6790.719907871019,645.31
6791.219857800921,673.61
6791.819797716804,643.67
6792.4197376326865,620.74
6793.019677548568,645.92
6793.61961746445,644.3
6794.119567394352,634.29
6794.719507310235,621.51
6795.319447226117,603.11
6795.919387141999,651.3
6796.419337071901,609.54
6797.019276987782,628.92
6797.619216903665,599.97
6798.219156819547,599.18
6798.719106749449,610.72
6799.319046665331,619.69
6799.918986581214,603.86
6800.518926497096,628.1
6801.018876426998,620.25
6801.618816342881,668.03
6802.218756258762,660.7
6802.818696174645,612.31
6803.418636090527,674.44
6803.918586020429,645.24
6804.518525936311,652.34
6805.118465852193,605.55
6805.718405768075,631.91
6806.218355697977,639.86
6806.818295613859,616.3
6807.418235529742,671.87
6808.0181754456235,638.92
6808.518125375526,619.41
6809.118065291408,646.17
6809.71800520729,629.72
6810.317945123173,642.67
6810.817895053074,659.79
6811.417834968956,646.87
6812.017774884839,686.33
6812.617714800722,683.61
6813.117664730623,702.46
6813.717604646505,653.65
6814.317544562387,722.36
6814.91748447827,725.36
6815.417434408172,674.39
6816.017374324054,629.81
6816.617314239937,630.96
6817.2172541558175,625.88
6817.8171940717,610.64
6818.317144001603,563.72
6818.917083917485,698.96
6819.517023833367,646.86
6820.116963749249,638.6
6820.6169136791505,650.13
6821.216853595032,656.59
6821.816793510915,636.68
6822.416733426799,617.69
6822.9166833567,636.53
6823.5166232725815,652.51
6824.116563188464,619.72
6824.716503104346,697.8
6825.216453034248,639.55
6825.816392950131,646.02
6826.416332866013,640.36
6827.016272781894,642.12
6827.516222711796,640.18
6828.116162627679,646.07
6828.716102543561,586.99
6829.316042459443,622.64
6829.815992389345,559.58
6830.415932305227,632.13
6831.015872221109,585.02
6831.615812136992,607.83
6832.115762066895,636.24
6832.7157019827755,666.11
6833.315641898658,619.26
6833.915581814541,570.18
6834.415531744442,639.01
6835.015471660324,653.26
6835.615411576207,634.75
6836.215351492089,646.16
6836.815291407971,643.88
6837.315241337873,640.86
6837.915181253756,622.19
6838.5151211696375,664.58
6839.115061085519,644.74
6839.615011015422,670.07
6840.214950931304,639.09
6840.814890847186,632.57
6841.4148307630685,660.33
6841.914780692971,658.3
6842.514720608852,620.9
6843.114660524735,614.96
6843.714600440617,611.02
6844.214550370518,584.83
6844.8144902864005,611.16
6845.414430202283,611.6
6846.014370118166,572.75
6846.514320048067,616.11
6847.11425996395,624.14
6847.7141998798315,658.63
6848.314139795714,663.41
6848.814089725616,614.86
6849.414029641499,623.77
6850.013969557381,673.02
6850.6139094732625,611.79
6851.1138594031645,576.35
6851.713799319046,648.52
6852.313739234928,647.13
6852.913679150812,640.75
6853.413629080714,686.2
6854.0135689965955,756.7
6854.613508912477,725.58
6855.213448828359,731.55
6855.713398758262,655.86
6856.313338674144,662.53
6856.9132785900265,712.4
6857.513218505908,647.8
6858.013168435809,739.13
6858.613108351692,718.85
6859.213048267575,634.51
6859.8129881834575,758.32
6860.3129381133585,706.27
6860.912878029241,752.04
6861.512817945123,626.25
6862.112757861006,661.98
6862.612707790908,637.24
6863.2126477067895,628.64
6863.812587622672,616.69
6864.412527538554,666.2
6864.912477468456,688.03
6865.512417384339,677.23
6866.1123573002205,740.18
6866.712297216102,780.53
6867.212247146004,829.58
6867.812187061886,683.79
6868.412126977769,631.52
6869.012066893651,650.24
6869.512016823553,565.03
6870.111956739435,615.99
6870.711896655317,615.38
6871.3118365712,655.11
6871.811786501102,667.61
6872.4117264169845,685.32
6873.011666332866,637.49
6873.611606248749,643.55
6874.11155617865,675.08
6874.711496094532,693.66
6875.311436010415,593.13
6875.911375926296,662.35
6876.411325856199,682.92
6877.011265772081,714.74
6877.611205687964,640.23
6878.211145603845,710.41
6878.7110955337475,717.28
6879.31103544963,743.21
6879.910975365512,718.22
6880.510915281394,677.55
6881.010865211296,709.63
6881.610805127178,665.03
6882.210745043059,720.21
6882.710694972962,706.07
6883.310634888844,717.15
6883.910574804727,644.04
6884.510514720609,707.86
6885.010464650511,704.83
6885.610404566393,726.5
6886.210344482275,585.21
6886.810284398158,625.27
6887.310234328059,648.04
6887.910174243942,712.33
6888.510114159823,670.83
6889.110054075707,673.04
6889.610004005608,595.05
6890.20994392149,563.2
6890.809883837373,691.38
6891.409823753254,748.42
6891.909773683157,771.78
6892.509713599039,705.46
6893.109653514921,641.66
6893.709593430803,691.21
6894.209543360705,666.56
6894.809483276587,813.07
6895.40942319247,720.08
6896.009363108352,754.24
6896.509313038254,657.44
6897.109252954136,658.74
6897.709192870017,636.82
6898.3091327859,716.76
6898.809082715802,746.86
6899.409022631685,696.17
6900.008962547567,653.02
6900.508912477468,584.15
6901.10885239335,546.83
6901.708792309232,628.48
6902.308732225116,656.93
6902.808682155017,600.38
6903.4086220709,635.07
6904.008561986781,652.96
6904.608501902664,605.64
6905.108451832566,624.71
6905.708391748448,604.09
6906.308331664331,659.97
6906.908271580212,713.4
6907.408221510114,699.71
6908.008161425996,734.08
6908.608101341879,700.49
6909.208041257761,614.13
6909.707991187663,667.38
6910.307931103545,634.4
6910.907871019427,744.39
6911.507810935309,735.61
6912.007760865212,693.4
6912.607700781094,705.09
6913.207640696975,655.3
6913.707590626877,589.32
6914.307530542759,589.56
6914.907470458643,583.95
6915.507410374525,628.08
6916.007360304426,659.01
6916.607300220308,650.33
6917.20724013619,709.45
6917.807180052073,687.89
6918.307129981975,639.76
6918.907069897858,675.06
6919.507009813739,672.94
6920.106949729622,680.73
6920.606899659523,622.27
6921.206839575406,662.88
6921.806779491289,652.87
6922.40671940717,632.86
6922.906669337072,642.49
6923.506609252954,637.52
6924.106549168836,620.01
6924.606499098739,623.14
6925.206439014621,621.88
6925.806378930503,660.52
6926.406318846385,579.27
6926.906268776287,615.73
6927.506208692169,674.84
6928.106148608052,629.62
6928.706088523933,633.24
6929.206038453835,598.67
6929.805978369717,647.42
6930.4059182856,601.19
6931.005858201482,634.29
6931.505808131384,593.36
6932.105748047266,576.59
6932.705687963148,562.61
6933.205637893049,587.2
6933.805577808932,550.49
6934.405517724816,560.8
6935.005457640697,551.16
6935.505407570598,573.29
6936.105347486481,603.37
6936.705287402363,679.29
6937.305227318246,618.89
6937.805177248148,629.31
6938.40511716403,614.54
6939.005057079912,642.33
6939.505007009813,592.48
6940.104946925696,587.77
6940.704886841579,523.35
6941.30482675746,581.43
6941.804776687362,546.08
6942.404716603245,613.42
6943.004656519127,557.96
6943.604596435009,575.76
6944.104546364912,564.55
6944.704486280793,569.85
6945.304426196675,604.54
6945.904366112558,595.44
6946.40431604246,675.31
6947.004255958341,688.57
6947.604195874224,679.0
6948.104145804126,601.33
6948.704085720007,610.74
6949.30402563589,601.95
6949.903965551773,627.55
6950.403915481675,652.39
6951.003855397556,653.29
6951.603795313439,633.86
6952.203735229321,667.68
6952.703685159222,645.06
6953.303625075105,637.02
6953.903564990988,626.15
6954.403514920889,696.21
6955.003454836771,710.99
6955.603394752654,693.93
6956.203334668536,665.93
6956.703284598438,628.52
6957.30322451432,632.49
6957.903164430203,647.26
6958.503104346085,655.13
6959.003054275986,646.24
6959.602994191869,676.88
6960.202934107751,620.63
6960.702884037652,613.05
6961.302823953535,639.28
6961.902763869418,664.27
6962.502703785299,663.59
6963.002653715202,714.57
6963.602593631084,634.94
6964.202533546965,632.88
6964.802473462848,617.17
6965.30242339275,596.07
6965.902363308632,599.96
6966.502303224514,573.47
6967.002253154416,550.42
6967.602193070299,610.82
6968.20213298618,566.09
6968.802072902063,606.59
6969.302022831966,623.23
6969.901962747847,653.63
6970.501902663729,697.1
6971.001852593631,720.51
6971.601792509513,694.24
6972.201732425395,667.77
6972.8016723412775,658.38
6973.301622271179,653.45
6973.901562187062,671.55
6974.501502102944,622.62
6975.101442018827,621.36
6975.601391948729,631.0
6976.20133186461,627.11
6976.801271780493,592.07
6977.301221710394,618.21
6977.901161626277,630.81
6978.501101542159,635.23
6979.101041458041,639.13
6979.600991387943,707.42
6980.200931303825,685.36
6980.800871219708,712.82
6981.300821149609,682.6
6981.900761065493,659.36
6982.500700981374,645.95
6983.100640897256,661.72
6983.600590827158,650.51
6984.20053074304,647.48
6984.800470658923,672.46
6985.300420588825,685.36
6985.900360504707,662.57
6986.500300420589,645.69
6987.100240336471,635.55
6987.600190266373,668.46
6988.200130182256,602.83
6988.800070098137,599.89
6989.40001001402,610.69
6989.899959943922,611.09
6990.499899859803,685.99
6991.099839775686,677.24
6991.599789705589,633.39
6992.1997296214695,626.95
6992.799669537352,622.85
6993.399609453235,639.68
6993.899559383137,591.25
6994.499499299019,627.51
6995.099439214901,630.16
6995.599389144803,677.57
6996.199329060684,640.42
6996.799268976567,683.25
6997.39920889245,683.45
6997.899158822352,650.26
6998.499098738233,663.49
6999.099038654116,686.34
6999.598988584017,672.34
7000.198928499899,717.95
7000.798868415783,666.81
7001.398808331665,676.4
7001.898758261566,591.05
7002.498698177448,614.5
7003.098638093331,585.83
7003.598588023233,602.37
7004.198527939115,614.93
7004.798467854997,591.02
7005.39840777088,617.49
7005.898357700781,592.56
7006.498297616663,642.24
7007.098237532546,658.94
7007.598187462448,650.12
7008.198127378329,632.27
7008.798067294212,676.68
7009.398007210095,629.58
7009.897957139997,657.66
7010.497897055879,662.62
7011.097836971761,675.96
7011.597786901662,665.28
7012.197726817544,640.25
7012.797666733427,640.84
7013.397606649309,649.49
7013.897556579212,628.35
7014.497496495093,672.87
7015.097436410975,648.88
7015.597386340877,691.84
7016.19732625676,681.1
7016.797266172642,668.92
7017.397206088524,731.43
7017.897156018426,684.35
7018.497095934307,684.44
7019.09703585019,756.74
7019.596985780093,668.57
7020.196925695975,701.25
7020.796865611856,647.58
7021.296815541758,628.84
7021.896755457641,697.14
7022.496695373523,641.54
7023.096635289406,702.33
7023.596585219308,694.39
7024.1965251351885,708.18
7024.796465051071,636.3
7025.296414980974,655.25
7025.896354896856,643.56
7026.496294812738,625.81
7027.09623472862,617.89
7027.596184658521,578.13
7028.196124574403,646.65
7028.796064490287,676.01
7029.296014420189,704.27
7029.895954336071,769.85
7030.495894251952,712.52
7031.095834167835,852.54
7031.595784097737,835.56
7032.195724013619,784.6
7032.795663929502,722.81
7033.295613859403,734.6
7033.895553775285,736.71
7034.495493691167,688.88
7034.995443621069,669.06
7035.595383536952,689.5
7036.195323452834,701.48
7036.795263368716,758.5
7037.295213298617,725.68
7037.895153214501,769.66
7038.495093130383,753.09
7038.995043060284,745.66
7039.594982976167,655.34
7040.194922892048,631.76
7040.794862807931,626.81
7041.294812737833,585.9
7041.894752653716,552.22
7042.494692569598,583.36
7042.994642499499,537.37
7043.594582415381,614.9
7044.194522331264,636.1
7044.694472261165,623.47
7045.294412177048,677.78
7045.894352092931,672.72
7046.494292008812,729.24
7046.994241938714,676.18
7047.594181854597,665.32
7048.194121770479,640.75
7048.69407170038,576.56
7049.294011616263,609.54
7049.893951532145,610.14
7050.393901462047,621.48
7050.993841377929,610.11
7051.593781293812,601.74
7052.193721209693,658.28
7052.693671139596,660.64
7053.293611055478,648.26
7053.893550971361,650.33
7054.393500901262,593.62
7054.993440817144,567.53
7055.593380733027,580.14
7056.093330662929,518.85
7056.69327057881,573.79
7057.293210494693,543.6
7057.893150410575,599.31
7058.393100340477,629.2
7058.99304025636,601.85
7059.592980172241,622.72
7060.092930102143,680.0
7060.692870018025,696.9
7061.292809933907,729.26
7061.79275986381,705.71
7062.3926997796925,739.58
7062.992639695574,700.79
7063.592579611456,667.13
7064.092529541358,672.73
7064.69246945724,666.98
7065.292409373122,599.54
7065.792359303025,607.53
7066.392299218907,589.54
7066.992239134788,647.68
7067.492189064691,681.84
7068.092128980574,691.94
7068.692068896455,657.12
7069.292008812337,667.69
7069.791958742239,649.25
7070.391898658121,634.4
7070.991838574003,627.27
7071.491788503906,562.59
7072.0917284197885,565.25
7072.691668335669,526.69
7073.191618265571,502.82
7073.791558181454,547.37
7074.391498097337,542.27
7074.891448027239,513.83
7075.491387943121,586.52
7076.091327859002,592.52
7076.691267774884,598.83
7077.191217704787,605.34
7077.791157620669,571.88
7078.391097536552,569.04
7078.8910474664535,556.93
7079.490987382334,564.78
7080.090927298217,561.52
7080.59087722812,576.89
7081.190817144001,572.9
7081.790757059884,613.2
7082.290706989786,593.08
7082.890646905669,571.47
7083.49058682155,568.26
7084.090526737433,590.3
7084.590476667335,584.72
7085.190416583216,597.31
7085.790356499098,622.39
7086.290306429001,629.02
7086.890246344883,633.14
7087.490186260765,645.87
7087.990136190667,627.12
7088.590076106549,576.88
7089.190016022431,591.73
7089.689965952333,568.16
7090.289905868215,585.84
7090.889845784098,569.98
7091.48978569998,578.9
7091.9897356298825,536.31
7092.589675545764,579.3
7093.189615461646,570.25
7093.689565391548,622.48
7094.28950530743,577.49
7094.889445223313,610.53
7095.389395153215,582.95
7095.989335069096,632.66
7096.589274984979,673.37
7097.089224914881,609.65
7097.689164830763,535.8
7098.2891047466455,555.56
7098.889044662528,577.94
7099.388994592429,542.29
7099.988934508311,562.49
7100.588874424194,525.82
7101.088824354097,516.03
7101.688764269978,564.08
7102.28870418586,554.24
7102.788654115762,625.92
7103.388594031644,599.76
7103.988533947526,591.69
7104.488483877429,604.27
7105.0884237933105,586.37
7105.688363709192,607.53
7106.188313639094,585.12
7106.788253554977,614.34
7107.38819347086,570.52
7107.888143400762,578.73
7108.488083316643,566.78
7109.088023232525,528.8
7109.687963148407,537.21
7110.18791307831,541.26
7110.787852994192,548.61
7111.3877929100745,511.2
7111.887742839976,559.0
7112.487682755857,558.55
7113.087622671741,534.86
7113.587572601643,596.9
7114.187512517524,554.09
7114.7874524334065,549.89
7115.287402363309,556.36
7115.887342279191,556.28
7116.487282195073,524.15
7116.987232124975,502.66
7117.587172040857,510.27
7118.187111956739,562.5
7118.6870618866415,522.09
7119.287001802524,510.05
7119.886941718406,537.41
7120.486881634288,546.25
7120.98683156419,565.9
7121.5867714800725,561.36
7122.186711395954,588.7
7122.686661325856,599.83
7123.286601241738,606.6
7123.886541157621,612.02
7124.386491087524,588.53
7124.9864310034045,584.43
7125.586370919287,598.79
7126.086320849189,600.7
7126.68626076507,594.14
7127.286200680953,580.24
7127.786150610856,624.84
7128.386090526738,612.53
7128.986030442619,575.65
7129.485980372521,574.86
7130.085920288405,593.69
7130.685860204286,580.22
7131.185810134188,602.61
7131.78575005007,623.08
7132.385689965952,583.1
7132.885639895855,548.69
7133.485579811737,578.26
7134.085519727619,561.63
7134.6854596435005,534.12
7135.1854095734025,558.64
7135.785349489284,577.02
7136.385289405168,595.31
7136.88523933507,560.59
7137.485179250952,530.19
7138.0851191668335,537.04
7138.585069096736,564.31
7139.185009012618,578.56
7139.7849489285,629.81
7140.284898858402,610.65
7140.884838774285,604.5
7141.4847786901655,618.13
7141.984728620068,568.12
7142.584668535951,555.84
7143.184608451832,587.23
7143.684558381734,622.22
7144.284498297617,573.88
7144.8844382134985,588.61
7145.384388143401,664.46
7145.984328059283,585.99
7146.584267975166,590.73
7147.084217905068,630.46
7147.68415782095,601.3
7148.284097736832,640.78
7148.784047666733,611.21
7149.383987582616,603.86
7149.983927498498,601.0
7150.4838774284,645.75
7151.083817344283,624.92
7151.683757260164,577.88
7152.183707190065,564.04
7152.783647105948,531.66
7153.383587021831,595.93
7153.883536951733,571.56
7154.483476867615,586.26
7155.083416783497,599.46
7155.583366713398,580.37
7156.183306629281,602.83
7156.783246545164,626.17
7157.283196475065,629.34
7157.883136390948,563.43
7158.483076306829,591.32
7158.983026236731,633.28
7159.582966152614,593.96
7160.182906068496,598.05
7160.682855998397,692.84
7161.28279591428,664.2
7161.882735830162,612.9
7162.382685760064,605.25
7162.982625675946,625.31
7163.582565591829,615.46
7164.182505507711,585.79
7164.682455437613,615.46
7165.282395353495,642.06
7165.882335269378,637.48
7166.382285199279,647.21
7166.982225115161,619.93
7167.582165031044,631.05
7168.082114960946,566.23
7168.682054876827,603.17
7169.28199479271,477.96
7169.781944722611,513.53
7170.381884638494,492.12
7170.9818245543765,595.59
7171.481774484278,604.97
7172.08171440016,644.3
7172.681654316042,679.99
7173.181604245944,642.06
7173.781544161827,628.77
7174.3814840777095,636.5
7174.881434007611,580.61
7175.481373923492,581.78
7176.081313839375,512.82
7176.581263769278,550.84
7177.181203685159,563.93
7177.681153615061,568.99
7178.2810935309435,515.6
7178.881033446825,576.17
7179.380983376728,633.06
7179.98092329261,604.09
7180.580863208492,625.51
7181.080813138394,618.0
7181.6807530542765,565.24
7182.280692970158,525.26
7182.78064290006,597.26
7183.380582815943,624.94
7183.980522731824,593.23
7184.480472661727,587.92
7185.080412577609,547.71
7185.68035249349,569.97
7186.180302423392,599.11
7186.780242339275,572.23
7187.380182255158,548.22
7187.88013218506,559.08
7188.4800721009415,576.65
7189.080012016824,567.98
7189.579961946725,607.14
7190.179901862608,563.8
7190.779841778491,599.53
7191.279791708392,591.5
7191.879731624274,568.52
7192.479671540156,665.07
7192.979621470058,665.86
7193.579561385941,617.01
7194.179501301823,641.68
7194.679451231724,620.75
7195.2793911476065,577.58
7195.879331063489,516.01
7196.379280993391,526.27
7196.979220909273,600.73
7197.579160825156,581.74
7198.079110755057,599.9
7198.6790506709385,693.64
7199.278990586822,666.79
7199.778940516723,751.54
7200.378880432606,664.33
7200.978820348488,619.65
7201.47877027839,621.05
7202.078710194272,623.55
7202.678650110154,626.47
7203.178600040055,627.57
7203.778539955938,615.86
7204.378479871821,575.4
7204.878429801723,631.86
7205.478369717604,690.94
7205.978319647506,622.85
7206.578259563388,612.54
7207.17819947927,630.17
7207.678149409173,676.39
7208.278089325056,681.07
7208.878029240937,682.35
7209.377979170839,660.7
7209.977919086722,597.16
7210.577859002604,578.05
7211.077808932506,588.11
7211.677748848388,573.99
7212.277688764269,600.5
7212.777638694172,658.73
7213.377578610055,673.8
7213.977518525936,678.12
7214.477468455838,640.23
7215.077408371721,675.02
7215.6773482876015,688.54
7216.177298217504,703.57
7216.777238133387,647.0
7217.37717804927,666.93
7217.877127979171,640.48
7218.477067895054,600.16
7219.077007810936,624.22
7219.576957740837,645.1
7220.176897656719,723.13
7220.676847586621,713.38
7221.276787502504,724.14
7221.8767274183865,710.77
7222.376677348288,712.59
7222.976617264169,700.57
7223.576557180052,703.97
7224.076507109954,620.49
7224.676447025836,617.61
7225.276386941719,630.9
7225.77633687162,628.58
7226.376276787502,647.74
7226.976216703385,619.67
7227.476166633286,632.63
7228.076106549169,608.96
7228.676046465051,663.67
7229.1759963949535,642.96
7229.775936310835,614.01
7230.275886240737,638.12
7230.87582615662,620.06
7231.475766072501,642.57
7231.975716002404,694.33
7232.575655918286,642.71
7233.175595834167,665.19
7233.675545764069,731.66
7234.275485679952,610.6
7234.875425595834,619.25
7235.375375525737,641.14
7235.9753154416185,671.66
7236.5752553575,679.46
7237.075205287402,711.4
7237.675145203285,691.53
7238.275085119168,671.93
7238.775035049069,715.81
7239.374974964951,716.61
7239.874924894853,671.53
7240.474864810735,548.16
7241.074804726618,592.41
7241.574754656519,656.06
7242.174694572401,637.09
7242.7746344882835,701.43
7243.274584418185,648.85
7243.874524334068,693.18
7244.47446424995,725.35
7244.974414179851,672.16
7245.574354095734,690.15
7246.174294011616,683.29
7246.6742439415175,679.56
7247.2741838574,645.81
7247.774133787302,647.93
7248.374073703185,628.26
7248.974013619067,694.12
7249.473963548969,610.82
7250.073903464851,590.0
7250.673843380732,584.13
7251.173793310635,646.59
7251.773733226518,629.8
7252.3736731424,641.07
7252.873623072302,651.86
7253.473562988183,612.44
7254.073502904065,647.72
7254.573452833968,660.66
7255.17339274985,660.11
7255.673342679751,691.2
7256.273282595634,671.95
7256.873222511517,669.27
7257.373172441418,737.93
7257.9731123573,677.11
7258.573052273183,663.76
7259.073002203085,674.3
7259.672942118967,709.11
7260.272882034849,627.66
7260.77283196475,672.04
7261.372771880633,651.73
7261.872721810536,615.3
7262.472661726417,662.33
7263.0726016423,632.85
7263.5725515722015,650.93
7264.172491488082,691.53
7264.772431403965,706.04
7265.272381333868,658.69
7265.87232124975,623.63
7266.472261165632,661.8
7266.972211095534,674.08
7267.572151011416,678.84
7268.072100941318,664.47
7268.6720408572,685.1
7269.271980773082,630.59
7269.771930702985,591.42
7270.371870618867,590.71
7270.971810534749,544.92
7271.47176046465,614.48
7272.071700380533,612.34
7272.671640296415,620.55
7273.171590226317,590.17
7273.7715301421995,604.65
7274.2714800721005,701.33
7274.871419987983,694.33
7275.471359903865,624.91
7275.971309833767,668.96
7276.57124974965,598.34
7277.1711896655315,578.01
7277.671139595433,602.36
7278.271079511315,600.15
7278.771029441218,561.05
7279.3709693571,554.86
7279.970909272982,560.73
7280.470859202885,559.81
7281.070799118767,583.43
7281.670739034648,595.25
7282.17068896455,642.35
7282.770628880433,703.31
7283.370568796315,652.65
7283.870518726218,701.5
7284.470458642099,686.57
7284.970408572,666.34
7285.570348487883,701.01
7286.170288403765,689.16
7286.670238333667,718.86
7287.27017824955,681.13
7287.870118165432,641.77
7288.370068095333,595.42
7288.970008011215,632.91
7289.469957941117,699.05
7290.069897857,631.52
7290.669837772882,688.82
7291.169787702783,659.77
7291.769727618666,754.29
7292.369667534549,712.57
7292.869617464451,674.07
7293.469557380332,682.01
7293.969507310235,706.73
7294.5694472261175,613.78
7295.169387141998,640.05
7295.6693370719,687.29
7296.269276987783,643.11
7296.869216903665,654.2
7297.369166833568,643.84
7297.96910674945,660.39
7298.469056679351,641.61
7299.068996595233,671.48
7299.668936511115,620.44
7300.168886441017,625.45
7300.7688263569,652.24
7301.3687662727825,619.53
7301.868716202684,666.41
7302.468656118566,738.81
7302.968606048467,711.94
7303.56854596435,642.43
7304.168485880232,703.39
7304.668435810135,670.15
7305.2683757260165,591.97
7305.868315641899,640.38
7306.368265571801,616.25
7306.968205487682,622.47
7307.468155417585,616.89
7308.068095333468,669.46
7308.668035249349,624.83
7309.1679851792505,657.85
7309.767925095133,606.55
7310.367865011015,624.08
7310.867814940918,581.83
7311.4677548568,635.46
7311.967704786701,608.38
7312.5676447025835,585.04
7313.167584618466,596.13
7313.667534548367,594.23
7314.26747446425,671.37
7314.867414380133,663.06
7315.367364310035,679.33
7315.967304225916,696.85
7316.467254155818,703.2
7317.0671940717,701.95
7317.667133987582,765.94
7318.167083917485,723.62
7318.767023833367,646.55
7319.266973763269,692.83
7319.866913679151,715.53
7320.466853595032,720.8
7320.966803524935,688.56
7321.566743440818,671.15
7322.166683356699,685.68
7322.666633286601,692.31
7323.266573202483,738.01
7323.766523132385,755.02
7324.366463048268,780.95
7324.96640296415,754.68
7325.466352894051,753.85
7326.066292809935,728.19
7326.566242739836,770.77
7327.166182655717,768.27
7327.7661225716,705.42
7328.266072501503,756.49
7328.866012417385,712.09
7329.465952333267,712.91
7329.965902263169,734.41
7330.56584217905,674.78
7331.065792108953,682.03
7331.665732024835,666.59
7332.265671940717,673.03
7332.765621870619,700.28
7333.3655617865015,718.9
7333.8655117164035,734.75
7334.465451632285,745.41
7335.065391548168,747.16
7335.565341478069,773.7
7336.165281393951,764.79
7336.7652213098345,805.89
7337.2651712397355,689.53
7337.865111155618,763.24
7338.365061085519,702.08
7338.965001001402,692.85
7339.564940917285,738.65
7340.064890847187,741.6
7340.664830763068,753.61
7341.16478069297,721.47
7341.764720608853,722.69
7342.364660524735,658.03
7342.864610454637,670.11
7343.464550370519,618.35
7343.964500300421,596.87
7344.564440216303,633.62
7345.164380132185,654.8
7345.664330062086,718.86
7346.264269977969,670.65
7346.764219907871,689.67
7347.364159823754,770.95
7347.9640997396355,760.79
7348.4640496695365,804.84
7349.063989585419,743.97
7349.663929501302,732.61
7350.163879431203,724.3
7350.763819347086,718.02
7351.263769276988,667.45
7351.863709192871,699.7
7352.463649108752,781.22
7352.963599038654,759.56
7353.563538954537,743.68
7354.063488884439,788.8
7354.663428800321,756.02
7355.263368716203,800.59
7355.763318646104,830.89
7356.363258561987,803.86
7356.863208491889,758.81
7357.463148407771,791.47
7358.063088323654,744.75
7358.563038253555,698.66
7359.162978169436,720.16
7359.662928099339,754.48
7360.262868015221,764.97
7360.862807931104,786.26
7361.362757861006,789.5
7361.962697776887,767.77
7362.4626477067895,724.73
7363.062587622672,796.59
7363.662527538554,765.78
7364.162477468455,759.9
7364.762417384339,746.06
7365.26236731424,765.52
7365.8623072301225,777.92
7366.462247146004,731.14
7366.962197075906,756.9
7367.562136991789,778.76
7368.062086921691,765.12
7368.662026837572,820.65
7369.2619667534545,706.42
7369.761916683357,761.05
7370.361856599239,669.07
7370.861806529141,672.4
7371.461746445023,648.76
7372.061686360905,661.56
7372.561636290808,666.02
7373.1615762066895,729.15
7373.6615261365905,771.22
7374.261466052473,682.84
7374.861405968356,689.01
7375.361355898258,713.49
7375.96129581414,681.19
7376.461245744042,731.53
7377.0611856599235,724.19
7377.661125575806,748.89
7378.161075505708,710.42
7378.76101542159,686.1
7379.260965351492,627.8
7379.8609052673755,652.33
7380.460845183256,709.01
7380.960795113158,730.72
7381.560735029041,771.23
7382.060684958943,756.28
7382.660624874825,811.3
7383.260564790708,750.32
7383.760514720609,723.65
7384.360454636491,784.67
7384.860404566393,750.67
7385.460344482275,748.65
7386.060284398158,800.4
7386.560234328059,756.9
7387.160174243941,713.49
7387.6601241738435,717.16
7388.260064089726,690.74
7388.860004005608,717.72
7389.35995393551,731.23
7389.959893851392,773.59
7390.459843781294,745.46
7391.0597836971765,731.38
7391.559733627078,849.89
7392.159673542959,815.96
7392.759613458843,770.39
7393.259563388744,815.41
7393.859503304627,856.01
7394.359453234529,752.99
7394.9593931504105,765.09
7395.559333066293,624.45
7396.059282996195,668.09
7396.659222912076,654.09
7397.159172841979,700.29
7397.759112757862,677.04
7398.3590526737435,713.18
7398.859002603645,685.47
7399.458942519527,734.42
7399.958892449429,698.96
7400.558832365312,749.31
7401.158772281194,731.22
7401.658722211095,667.52
7402.2586621269775,699.95
7402.75861205688,760.63
7403.358551972762,700.37
7403.858501902664,661.67
7404.458441818546,668.56
7405.058381734428,710.47
7405.558331664331,725.88
7406.158271580212,703.94
7406.658221510113,720.95
7407.258161425996,735.34
7407.85810134188,751.43
7408.358051271781,866.1
7408.957991187663,940.45
7409.457941117564,997.47
7410.057881033447,984.12
7410.557830963349,1081.5
7411.15777087923,1157.4
7411.757710795113,1182.8
7412.257660725016,1166.8
7412.8576006408975,1141.9
7413.3575505707995,1118.4
7413.957490486681,1104.0
7414.557430402564,1055.6
7415.057380332466,1085.1
7415.657320248348,1024.0
7416.157270178249,962.51
7416.757210094132,886.43
7417.257160024034,834.61
7417.857099939916,802.11
7418.457039855798,699.74
7418.9569897857,724.69
7419.556929701582,729.57
7420.056879631485,752.22
7420.6568195473665,775.58
7421.256759463248,760.05
7421.75670939315,777.11
7422.356649309033,750.05
7422.856599238935,828.83
7423.456539154817,814.3
7423.956489084718,739.08
7424.5564290006005,779.43
7425.156368916483,707.84
7425.656318846384,781.68
7426.256258762267,732.55
7426.75620869217,712.16
7427.3561486080525,717.56
7427.956088523933,701.02
7428.456038453835,809.58
7429.055978369718,700.28
7429.55592829962,701.66
7430.155868215502,725.63
7430.655818145403,671.19
7431.255758061286,723.53
7431.855697977168,710.33
7432.35564790707,738.53
7432.955587822952,712.6
7433.455537752854,727.0
7434.055477668736,721.78
7434.555427598639,749.26
7435.155367514521,788.58
7435.755307430402,731.08
7436.255257360304,736.27
7436.855197276187,764.9
7437.355147206089,763.92
7437.955087121971,689.94
7438.455037051872,731.36
7439.054976967755,719.47
7439.654916883637,738.24
7440.154866813538,769.12
7440.754806729421,763.66
7441.254756659323,753.16
7441.854696575207,760.69
7442.354646505108,770.67
7442.9545864209895,793.29
7443.554526336872,792.53
7444.054476266774,786.15
7444.654416182656,769.96
7445.154366112557,775.94
7445.75430602844,752.73
7446.254255958343,713.67
7446.854195874224,761.93
7447.454135790106,713.84
7447.954085720008,694.42
7448.55402563589,704.42
7449.053975565793,705.43
7449.653915481675,729.08
7450.153865411576,710.27
7450.753805327458,690.46
7451.353745243341,674.9
7451.853695173243,763.49
7452.453635089125,821.13
7452.953585019026,821.39
7453.553524934909,786.79
7454.0534748648115,798.9
7454.653414780692,803.59
7455.253354696575,747.26
7455.753304626477,787.17
7456.35324454236,780.11
7456.853194472262,831.47
7457.453134388144,833.71
7457.953084318045,804.19
7458.553024233927,782.5
7459.15296414981,787.35
7459.652914079711,758.94
7460.252853995594,723.98
7460.752803925496,684.16
7461.3527438413785,778.88
7461.85269377128,769.08
7462.452633687162,803.15
7463.052573603044,805.53
7463.552523532947,848.16
7464.152463448829,770.56
7464.65241337873,764.12
7465.2523532946125,784.17
7465.752303224514,762.84
7466.352243140397,777.65
7466.852193070299,829.64
7467.45213298618,832.53
7468.052072902063,753.87
7468.552022831966,721.84
7469.1519627478465,749.75
7469.651912677748,676.51
7470.251852593631,692.54
7470.751802523533,726.27
7471.351742439416,744.46
7471.951682355298,755.4
7472.451632285199,787.01
7473.051572201081,732.37
7473.551522130984,743.08
7474.151462046865,762.42
7474.651411976767,770.91
7475.25135189265,760.63
7475.751301822552,803.68
7476.3512417384345,783.91
7476.951181654316,738.33
7477.451131584217,763.71
7478.0510715001,783.11
7478.551021430002,746.85
7479.150961345884,769.7
7479.650911275786,724.27
7480.250851191668,738.55
7480.7508011215705,708.0
7481.350741037453,689.88
7481.950680953334,680.39
7482.450630883236,701.9
7483.05057079912,731.56
7483.550520729021,737.69
7484.1504606449025,732.38
7484.650410574804,725.15
7485.250350490687,753.76
7485.750300420589,827.97
7486.350240336472,801.15
7486.950180252353,822.9
7487.450130182256,839.56
7488.050070098138,788.5
7488.550020028039,826.85
7489.149959943921,846.64
7489.649909873823,866.51
7490.249849789706,856.9
7490.749799719608,802.5
7491.34973963549,834.79
7491.949679551371,820.72
7492.449629481274,779.84
7493.049569397156,823.02
7493.549519327058,764.24
7494.14945924294,778.53
7494.649409172842,798.28
7495.249349088725,746.3
7495.749299018626,705.48
7496.349238934508,681.01
7496.94917885039,718.92
7497.449128780292,720.74
7498.049068696175,776.07
7498.549018626077,764.67
7499.148958541958,738.95
7499.6489084718605,706.9
7500.248848387743,742.07
7500.748798317644,728.15
7501.348738233527,807.06
7501.948678149409,808.88
7502.448628079311,828.81
7503.0485679951935,825.21
7503.548517925095,822.55
7504.148457840977,819.03
7504.648407770879,815.44
7505.248347686762,871.91
7505.748297616663,827.14
7506.348237532547,827.25
7506.848187462448,792.39
7507.448127378329,787.89
7508.048067294212,794.23
7508.548017224114,823.72
7509.147957139996,804.15
7509.647907069898,768.84
7510.24784698578,801.91
7510.747796915683,760.55
7511.347736831565,727.45
7511.847686761466,713.06
7512.447626677348,797.13
7512.94757660725,788.17
7513.547516523133,778.33
7514.147456439015,802.27
7514.647406368916,831.56
7515.247346284798,837.35
7515.747296214701,824.68
7516.347236130584,800.73
7516.847186060485,781.68
7517.447125976367,792.08
7517.947075906269,812.1
7518.5470158221515,742.85
7519.046965752053,759.99
7519.646905667934,785.19
7520.246845583817,786.4
7520.74679551372,810.39
7521.346735429602,805.4
7521.846685359504,858.7
7522.4466252753855,920.5
7522.946575205287,919.35
7523.54651512117,846.34
7524.046465051071,911.96
7524.646404966953,858.68
7525.146354896856,877.14
7525.746294812738,876.76
7526.24624474264,826.54
7526.846184658522,794.02
7527.446124574403,794.01
7527.946074504306,787.34
7528.546014420189,852.2
7529.04596435009,844.8
7529.645904265972,861.51
7530.145854195874,834.88
7530.745794111756,818.61
7531.245744041658,823.06
7531.845683957541,891.46
7532.345633887443,865.83
7532.945573803325,828.57
7533.445523733226,872.21
7534.045463649109,847.18
7534.645403564991,843.49
7535.145353494892,825.91
7535.745293410775,846.93
7536.245243340677,857.98
7536.84518325656,853.57
7537.345133186462,906.84
7537.9450731023435,932.03
7538.4450230322445,944.89
7539.044962948128,915.96
7539.544912878029,936.03
7540.144852793911,825.62
7540.644802723813,820.49
7541.244742639696,804.89
7541.844682555578,814.29
7542.34463248548,837.72
7542.944572401361,810.66
7543.444522331264,804.61
7544.044462247147,799.08
7544.544412177048,862.65
7545.14435209293,799.07
7545.644302022832,874.08
7546.244241938714,870.95
7546.744191868616,868.63
7547.344131784498,889.84
7547.844081714401,870.22
7548.444021630283,892.63
7548.943971560184,864.5
7549.543911476067,840.94
7550.0438614059685,852.09
7550.64380132185,864.59
7551.243741237733,786.77
7551.743691167635,826.69
7552.343631083517,793.47
7552.84358101342,803.57
7553.4435209293015,825.06
7553.9434708592025,839.41
7554.543410775085,790.17
7555.043360704987,821.52
7555.643300620869,786.14
7556.143250550771,821.77
7556.743190466653,798.34
7557.243140396556,820.72
7557.843080312438,850.06
7558.343030242339,872.18
7558.942970158221,862.91
7559.442920088123,837.87
7560.042860004006,794.37
7560.642799919888,760.81
7561.142749849789,910.98
7561.7426897656715,850.29
7562.242639695574,952.64
7562.842579611456,844.69
7563.342529541358,824.0
7563.94246945724,794.3
7564.442419387142,836.65
7565.042359303025,807.39
7565.542309232926,904.27
7566.142249148807,849.35
7566.64219907871,895.95
7567.242138994593,871.05
7567.742088924494,902.15
7568.342028840377,815.19
7568.841978770279,801.66
7569.4419186861605,731.07
7569.9418686160625,720.66
7570.541808531944,754.02
7571.041758461847,745.95
7571.641698377729,689.81
7572.14164830763,647.95
7572.741588223513,687.09
7573.341528139396,729.68
7573.841478069297,695.1
7574.441417985179,731.06
7574.94136791508,739.93
7575.541307830964,757.33
7576.041257760866,777.47
7576.641197676747,868.88
7577.141147606649,824.91
7577.741087522532,804.42
7578.241037452433,812.19
7578.840977368316,810.37
7579.340927298217,833.39
7579.9408672141,748.85
7580.440817144002,833.14
7581.040757059884,819.27
7581.540706989786,763.09
7582.140646905668,800.57
7582.640596835569,774.66
7583.240536751452,829.99
7583.740486681354,861.62
7584.340426597237,856.42
7584.840376527139,867.3
7585.4403164430205,892.62
7585.940266372922,817.35
7586.540206288805,798.72
7587.040156218706,800.6
7587.640096134588,815.72
7588.240036050471,896.41
7588.739985980373,818.25
7589.339925896255,862.32
7589.839875826157,786.52
7590.439815742038,799.68
7590.939765671941,770.27
7591.539705587824,773.73
7592.039655517725,870.7
7592.639595433607,1001.6
7593.139545363509,1004.2
7593.739485279391,959.1
7594.239435209293,933.02
7594.839375125175,870.03
7595.339325055078,758.21
7595.93926497096,729.97
7596.439214900861,667.18
7597.039154816744,667.12
7597.5391047466455,821.86
7598.139044662527,760.2
7598.638994592429,797.06
7599.238934508311,806.22
7599.738884438214,682.35
7600.338824354097,757.62
7600.838774283998,744.1
7601.4387141998795,829.35
7601.9386641297815,589.37
7602.538604045664,693.46
7603.038553975566,520.85
7603.638493891447,631.17
7604.13844382135,534.44
7604.738383737233,471.73
7605.238333667134,619.04
7605.838273583016,621.75
7606.338223512919,567.07
7606.9381634288,475.82
7607.438113358702,512.14
7608.038053274585,684.93
7608.538003204487,660.49
7609.137943120369,672.85
7609.63789305027,527.86
7610.237832966152,454.71
7610.737782896055,672.34
7611.337722811937,877.2
7611.837672741839,658.71
7612.437612657721,527.5
7612.937562587623,560.88
7613.5375025035055,680.46
7614.0374524334065,765.45
7614.637392349288,832.92
7615.137342279191,731.52
7615.737282195073,595.45
7616.237232124975,577.85
7616.837172040858,705.53
7617.33712197076,781.67
7617.9370618866415,805.26
7618.4370118165425,801.27
7619.036951732425,857.32
7619.536901662328,999.34
7620.136841578209,949.9
7620.636791508111,853.27
7621.236731423994,648.17
7621.736681353896,784.95
7622.336621269778,978.71
7622.836571199679,1145.8
7623.436511115561,870.8
7623.936461045464,556.94
7624.536400961346,556.28
7625.036350891248,708.96
7625.63629080713,888.8
7626.136240737032,1144.6
7626.736180652914,1065.0
7627.236130582816,745.66
7627.836070498698,550.64
7628.336020428601,482.55
7628.935960344483,698.29
7629.435910274384,879.21
7630.0358501902665,977.38
7630.5358001201685,1027.7
7631.13574003605,789.97
7631.635689965952,492.63
7632.235629881834,506.36
7632.735579811737,634.05
7633.33551972762,774.33
7633.835469657521,950.83
7634.4354095734025,1172.4
7634.935359503304,961.05
7635.535299419187,562.06
7636.035249349089,528.6
7636.63518926497,522.26
7637.135139194873,738.19
7637.735079110756,792.43
7638.235029040657,906.9
7638.834968956539,938.41
7639.334918886441,893.53
7639.934858802323,630.2
7640.434808732225,445.0
7641.034748648107,463.56
7641.53469857801,687.1
7642.1346384938915,630.56
7642.634588423793,792.42
7643.234528339675,942.06
7643.734478269577,874.13
7644.33441818546,829.22
7644.834368115362,475.14
7645.434308031243,525.9
7645.934257961146,554.15
7646.534197877028,677.37
7647.0341478069295,752.94
7647.634087722811,731.75
7648.134037652714,780.66
7648.733977568596,763.22
7649.233927498498,638.84
7649.833867414381,425.97
7650.333817344283,441.16
7650.933757260164,541.35
7651.433707190065,593.69
7652.033647105948,624.43
7652.533597035851,665.75
7653.133536951732,717.35
7653.633486881634,705.5
7654.133436811536,703.22
7654.7333767274185,532.34
7655.2333266573205,609.83
7655.833266573202,614.15
7656.333216503105,827.13
7656.933156418987,758.59
7657.433106348888,787.83
7658.033046264771,801.2
7658.532996194673,902.25
7659.1329361105545,811.93
7659.6328860404565,733.14
7660.232825956338,670.91
7660.732775886241,706.23
7661.332715802124,738.97
7661.832665732025,765.83
7662.432605647907,800.03
7662.932555577809,812.39
7663.532495493691,821.71
7664.032445423593,840.28
7664.632385339474,899.68
7665.132335269377,744.48
7665.73227518526,697.93
7666.232225115161,691.68
7666.832165031044,752.38
7667.332114960946,808.54
7667.932054876827,756.42
7668.432004806729,771.46
7669.031944722612,838.1
7669.531894652514,789.56
7670.031844582415,828.69
7670.631784498297,810.24
7671.1317344282,714.09
7671.731674344082,728.37
7672.2316242739835,778.46
7672.831564189866,744.22
7673.331514119768,821.7
7673.93145403565,751.65
7674.431403965552,746.71
7675.031343881434,820.58
7675.531293811337,887.46
7676.131233727218,913.25
7676.631183657119,774.04
7677.231123573002,667.57
7677.731073502904,700.12
7678.331013418787,754.59
7678.830963348689,690.86
7679.43090326457,744.52
7679.930853194473,723.66
7680.430803124374,743.25
7681.030743040256,728.38
7681.530692970159,803.95
7682.13063288604,800.41
7682.630582815942,714.08
7683.230522731825,692.39
7683.730472661727,726.47
7684.330412577609,638.87
7684.8303625075105,699.25
7685.430302423392,690.81
7685.930252353295,662.78
7686.530192269177,742.46
7687.030142199079,698.49
7687.630082114961,697.47
7688.130032044863,783.46
7688.729971960745,698.98
7689.229921890646,804.88
7689.829861806529,894.94
7690.329811736432,794.68
7690.829761666333,828.37
7691.429701582215,843.19
7691.929651512117,823.93
7692.529591428,802.44
7693.0295413579015,804.02
7693.629481273782,810.56
7694.129431203685,764.99
7694.729371119568,745.89
7695.229321049469,723.74
7695.829260965352,796.49
7696.329210895254,750.6
7696.9291508111355,756.48
7697.4291007410375,723.98
7698.02904065692,655.97
7698.528990586822,672.41
7699.028940516723,611.65
7699.628880432605,678.54
7700.128830362508,656.42
7700.728770278391,641.77
7701.228720208292,638.22
7701.828660124174,779.09
7702.328610054076,751.03
7702.928549969958,741.99
7703.42849989986,711.29
7704.028439815742,761.51
7704.528389745645,757.66
7705.128329661527,756.64
7705.628279591428,766.97
7706.12822952133,760.47
7706.728169437212,777.18
7707.228119367114,815.54
7707.828059282997,780.68
7708.328009212898,756.34
7708.927949128781,761.03
7709.427899058682,745.49
7710.0278389745645,790.03
7710.527788904466,676.1
7711.127728820348,703.76
7711.62767875025,737.48
7712.227618666133,819.78
7712.727568596034,667.31
7713.227518525937,689.68
7713.827458441819,696.04
7714.327408371721,756.45
7714.927348287602,777.17
7715.427298217504,733.58
7716.027238133387,739.69
7716.527188063288,891.4
7717.127127979171,779.42
7717.627077909073,850.31
7718.227017824955,827.2
7718.726967754857,850.1
7719.32690767074,817.3
7719.826857600641,752.08
7720.326807530543,818.86
7720.926747446424,820.63
7721.426697376327,808.9
7722.02663729221,904.07
7722.526587222111,797.0
7723.1265271379925,892.95
7723.6264770678945,766.02
7724.226416983777,782.42
7724.726366913679,926.79
7725.326306829562,814.89
7725.826256759464,756.26
7726.326206689365,766.91
7726.926146605247,768.97
7727.42609653515,769.62
7728.026036451032,736.71
7728.525986380933,721.69
7729.125926296815,820.84
7729.625876226717,720.87
7730.2258161426,796.55
7730.725766072502,794.02
7731.225716002404,826.13
7731.825655918286,807.97
7732.3256058481875,701.35
7732.925545764069,785.34
7733.425495693972,705.07
7734.025435609854,720.48
7734.525385539756,680.02
7735.125325455638,718.01
7735.62527538554,703.87
7736.225215301422,695.25
7736.725165231323,677.0
7737.225115161226,659.9
7737.825055077109,679.38
7738.32500500701,857.11
7738.924944922892,724.97
7739.624874824754,889.56
7740.324804726618,843.6
7741.0247346284805,797.51
7741.824654516323,760.8
7742.524584418186,842.78
7743.224514320049,830.55
7743.924444221911,820.97
7744.724364109754,847.4
7745.424294011616,817.59
7746.124223913478,925.91
7746.824153815342,845.99
7747.624073703185,849.33
7748.324003605047,918.42
7749.02393350691,746.53
7749.723863408773,789.44
7750.523783296615,894.65
7751.2237131984775,867.61
7751.92364310034,785.29
7752.623573002204,768.17
7753.423492890046,846.57
7754.1234227919085,793.51
7754.823352693772,805.97
7755.523282595634,786.32
7756.323202483477,885.69
7757.02313238534,756.6
7757.723062287202,755.95
7758.422992189065,720.28
7759.222912076908,737.25
7759.92284197877,856.54
7760.622771880632,862.37
7761.422691768476,761.96
7762.122621670338,782.53
7762.8225515722015,774.11
7763.522481474064,754.8
7764.3224013619065,686.48
7765.022331263769,744.89
7765.722261165632,872.4
7766.422191067494,852.55
7767.2221109553375,745.52
7767.9220408572,876.24
7768.621970759063,879.23
7769.321900660926,696.64
7770.121820548768,752.33
7770.821750450631,702.29
7771.5216803524945,772.23
7772.221610254356,757.82
7773.0215301421995,778.03
7773.721460044062,843.14
7774.421389945924,790.28
7775.121319847786,851.08
7775.9212397356305,795.32
7776.621169637492,834.21
7777.321099539356,864.24
7778.021029441218,907.09
7778.820949329061,929.0
7779.520879230923,927.14
7780.220809132786,850.6
7780.920739034648,815.12
7781.720658922492,739.84
7782.420588824354,724.28
7783.120518726217,789.67
7783.82044862808,794.3
7784.620368515922,808.79
7785.320298417786,857.35
7786.020228319649,909.32
7786.72015822151,899.35
7787.520078109354,858.98
7788.220008011216,864.22
7788.919937913078,768.31
7789.61986781494,830.41
7790.419787702785,899.44
7791.119717604646,862.47
7791.81964750651,823.04
7792.519577408372,789.56
7793.319497296215,784.64
7794.019427198077,813.51
7794.71935709994,757.12
7795.419287001802,853.32
7796.219206889646,916.19
7796.919136791508,826.31
7797.619066693371,893.63
7798.418986581213,875.7
7799.118916483076,828.23
7799.81884638494,873.26
7800.518776286802,861.66
7801.318696174645,843.92
7802.018626076508,920.9
7802.718555978369,873.36
7803.418485880232,813.03
7804.218405768076,829.49
7804.918335669938,839.16
7805.6182655718,985.07
7806.318195473664,1096.1
7807.118115361505,1356.7
7807.818045263369,1537.2
7808.517975165231,1578.8
7809.217905067094,1726.6
7810.017824954937,1697.7
7810.7177548568,1740.6
7811.417684758662,1684.0
7812.117614660525,1714.8
7812.917534548367,1583.7
7813.61746445023,1728.0
7814.317394352094,1703.5
7815.017324253956,1759.9
7815.817244141799,1835.7
7816.517174043662,1581.8
7817.217103945523,1641.2
7817.917033847386,1612.0
7818.71695373523,1380.6
7819.416883637092,1142.4
7820.116813538954,955.79
7820.816743440818,852.82
7821.616663328659,772.45
7822.316593230523,800.37
7823.016523132385,858.03
7823.716453034248,872.56
7824.516372922091,885.98
7825.216302823954,964.97
7825.916232725816,978.03
7826.616162627678,1109.2
7827.416082515521,1564.5
7828.116012417384,1418.7
7828.815942319247,1122.7
7829.51587222111,933.93
7830.315792108953,864.74
7831.015722010815,828.88
7831.7156519126775,823.89
7832.41558181454,793.74
7833.215501702383,807.15
7833.915431604246,755.66
7834.6153615061085,713.73
7835.315291407972,798.61
7836.115211295813,786.5
7836.815141197677,828.76
7837.515071099539,793.85
7838.215001001402,819.69
7839.014920889245,853.84
7839.714850791108,780.07
7840.41478069297,787.13
7841.114710594832,876.03
7841.914630482675,776.51
7842.614560384538,784.36
7843.314490286401,843.79
7844.114410174244,783.43
7844.814340076107,796.42
7845.514269977969,804.65
7846.2141998798315,788.16
7847.014119767676,825.2
7847.714049669537,857.36
7848.4139795714,764.91
7849.1139094732625,797.78
7849.913829361105,913.5
7850.6137592629675,909.06
7851.313689164831,752.63
7852.0136190666935,755.76
7852.813538954537,743.94
7853.513468856399,784.0
7854.213398758262,728.57
7854.9133286601245,744.33
7855.713248547967,760.27
7856.4131784498295,789.36
7857.113108351693,708.43
7857.8130382535555,756.83
7858.612958141398,787.62
7859.312888043261,782.61
7860.012817945123,721.54
7860.712747846986,798.21
7861.51266773483,747.64
7862.2125976366915,733.67
7862.912527538554,730.46
7863.612457440417,675.96
7864.412377328259,701.76
7865.112307230122,805.78
7865.812237131985,759.68
7866.512167033848,663.81
7867.312086921691,746.9
7868.0120168235535,823.11
7868.711946725416,752.71
7869.411876627278,787.42
7870.211796515121,751.26
7870.911726416984,711.65
7871.611656318846,752.78
7872.31158622071,759.66
7873.111506108552,705.17
7873.811436010415,720.28
7874.511365912277,739.47
7875.21129581414,722.97
7876.011215701983,752.5
7876.711145603846,749.6
7877.411075505708,667.12
7878.111005407571,705.92
7878.910925295413,655.17
7879.610855197276,667.33
7880.310785099139,585.46
7881.010715001002,631.11
7881.810634888845,639.25
7882.510564790708,692.09
7883.21049469257,678.46
7883.910424594432,720.63
7884.710344482275,680.08
7885.410274384138,687.45
7886.110204286,685.59
7886.810134187864,723.51
7887.610054075706,700.94
7888.309983977569,722.16
7889.009913879431,665.43
7889.709843781294,679.36
7890.509763669137,754.0
7891.209693571,686.85
7891.909623472862,654.77
7892.609553374725,615.4
7893.409473262567,663.61
7894.10940316443,595.66
7894.809333066293,569.01
7895.509262968155,660.67
7896.309182855999,625.86
7897.009112757862,617.32
7897.709042659723,623.41
7898.408972561586,618.09
7899.208892449429,630.04
7899.908822351291,599.36
7900.608752253154,645.72
7901.308682155018,613.0
7902.10860204286,631.17
7902.808531944723,642.22
7903.508461846585,679.58
7904.208391748448,660.9
7905.008311636291,684.28
7905.708241538154,695.09
7906.408171440016,643.02
7907.108101341879,669.84
7907.908021229721,681.23
7908.607951131584,631.65
7909.307881033447,644.93
7910.007810935309,683.98
7910.807730823153,749.34
7911.507660725016,748.27
7912.207590626877,726.72
7912.90752052874,684.78
7913.707440416583,656.87
7914.407370318445,640.51
7915.107300220308,685.29
7915.807230122172,672.69
7916.607150010013,684.17
7917.307079911877,686.46
7918.007009813739,697.84
7918.706939715602,686.51
7919.506859603445,655.4
7920.206789505308,639.47
7920.90671940717,624.93
7921.606649309033,615.87
7922.406569196875,619.59
7923.106499098738,624.13
7923.806429000601,659.41
7924.506358902463,672.45
7925.306278790307,680.38
7926.00620869217,665.44
7926.7061385940315,637.77
7927.406068495894,619.39
7928.205988383737,580.65
7928.905918285599,590.32
7929.6058481874625,607.16
7930.305778089326,643.09
7931.105697977167,676.79
7931.805627879031,698.22
7932.5055577808935,677.64
7933.205487682756,699.25
7934.005407570599,740.84
7934.705337472462,689.52
7935.4052673743245,684.28
7936.105197276186,717.9
7936.905117164029,756.97
7937.605047065892,719.59
7938.304976967755,718.17
7939.004906869617,687.45
7939.804826757461,673.75
7940.504756659323,729.39
7941.204686561186,675.4
7941.904616463048,666.41
7942.7045363508905,751.19
7943.404466252754,764.78
7944.104396154617,759.48
7944.80432605648,776.03
7945.6042459443215,717.77
7946.304175846185,680.68
7947.004105748048,696.54
7947.70403564991,675.47
7948.503955537753,656.23
7949.203885439616,686.14
7949.903815341479,709.24
7950.60374524334,709.29
7951.4036651311835,704.9
7952.103595033046,756.56
7952.803524934909,777.98
7953.503454836771,748.58
7954.303374724615,691.76
7955.003304626477,715.37
7955.70323452834,675.21
7956.403164430202,728.01
7957.203084318045,727.23
7957.903014219908,738.4
7958.602944121771,784.55
7959.302874023634,711.81
7960.102793911476,765.96
7960.802723813339,739.15
7961.502653715202,816.37
7962.202583617063,740.21
7963.0025035049075,746.94
7963.70243340677,684.67
7964.402363308632,703.74
7965.102293210494,744.36
7965.902213098338,746.14
7966.602143000199,764.36
7967.302072902063,819.7
7968.002002803925,795.05
7968.8019226917695,767.03
7969.501852593631,724.69
7970.201782495494,732.08
7970.901712397356,739.58
7971.701632285199,763.71
7972.401562187062,765.14
7973.101492088925,812.23
7973.801421990788,763.59
7974.60134187863,770.39
7975.301271780493,790.96
7976.001201682356,761.34
7976.701131584217,725.57
7977.501051472062,788.05
7978.200981373924,714.04
7978.900911275786,716.89
7979.600841177648,689.8
7980.400761065492,696.52
7981.100690967353,737.09
7981.800620869217,752.34
7982.50055077108,659.21
7983.300470658923,714.62
7984.000400560785,773.31
7984.700330462648,720.93
7985.40026036451,738.79
7986.200180252353,682.28
7986.900110154216,698.83
7987.600040056079,773.03
7988.299969957942,767.24
7989.099889845784,771.41
7989.799819747647,764.75
7990.49974964951,881.86
7991.199679551371,808.74
7991.999599439216,824.61
7992.699529341078,761.77
7993.39945924294,717.68
7994.099389144802,799.01
7994.899309032646,749.44
7995.599238934507,773.83
7996.299168836371,795.07
7996.999098738234,815.92
7997.799018626077,778.16
7998.498948527939,854.91
7999.198878429802,816.98
7999.898808331664,807.58
8000.698728219507,775.31
8001.39865812137,745.52
8002.098588023233,732.06
8002.798517925095,813.28
8003.498447826958,768.84
8004.298367714801,759.92
8004.998297616663,747.41
8005.6982275185255,747.7
8006.398157420388,745.62
8007.198077308231,775.25
8007.898007210094,745.6
8008.5979371119565,768.03
8009.29786701382,669.99
8010.0977869016615,674.03
8010.797716803525,737.82
8011.497646705388,719.63
8012.197576607251,749.34
8012.997496495093,836.55
8013.697426396956,781.11
8014.3973562988185,811.48
8015.09728620068,801.78
8015.897206088524,825.68
8016.597135990387,779.74
8017.2970658922495,727.75
8017.996995794112,731.59
8018.796915681955,763.25
8019.496845583817,731.75
8020.19677548568,756.25
8020.896705387542,724.76
8021.6966252753855,701.13
8022.396555177248,718.9
8023.096485079111,758.09
8023.796414980974,726.55
8024.596334868816,746.64
8025.296264770679,755.87
8025.9961946725425,758.26
8026.696124574404,715.68
8027.4960444622475,642.55
8028.19597436411,655.68
8028.895904265972,643.49
8029.595834167834,619.7
8030.3957540556785,602.45
8031.09568395754,649.14
8031.795613859404,744.46
8032.495543761266,735.26
8033.295463649109,810.11
8033.995393550971,805.48
8034.695323452834,802.56
8035.395253354696,815.47
8036.19517324254,784.13
8036.895103144402,816.35
8037.595033046265,827.81
8038.294962948128,796.49
8038.99489284999,776.4
8039.794812737833,873.7
8040.494742639697,819.71
8041.194672541558,725.52
8041.894602443421,850.79
8042.694522331264,775.62
8043.394452233126,762.21
8044.094382134988,750.07
8044.794312036852,730.77
8045.594231924694,778.54
8046.294161826558,718.14
8046.99409172842,750.83
8047.694021630283,753.15
8048.493941518125,710.9
8049.193871419988,649.34
8049.89380132185,722.5
8050.593731223714,758.88
8051.393651111556,727.12
8052.093581013419,690.7
8052.793510915282,728.03
8053.493440817144,680.58
8054.293360704987,731.09
8054.993290606851,721.13
8055.693220508712,716.79
8056.393150410575,660.49
8057.193070298418,618.09
8057.89300020028,661.56
8058.592930102142,697.24
8059.292860004006,747.83
8060.092779891848,713.49
8060.792709793712,750.58
8061.492639695574,803.46
8062.192569597437,741.24
8062.992489485279,726.65
8063.692419387142,740.47
8064.392349289004,743.49
8065.092279190867,758.21
8065.79220909273,723.9
8066.592128980573,689.66
8067.292058882435,695.74
8067.991988784298,697.6
8068.6919186861605,707.55
8069.491838574004,735.86
8070.191768475866,746.57
8070.891698377729,822.84
8071.5916282795915,792.04
8072.391548167434,757.14
8073.0914780692965,681.15
8073.79140797116,669.78
8074.4913378730225,656.14
8075.291257760866,684.65
8075.991187662728,705.15
8076.691117564591,656.66
8077.391047466453,705.15
8078.190967354296,695.16
8078.8908972561585,703.11
8079.590827158021,688.32
8080.2907570598845,676.79
8081.090676947727,698.25
8081.7906068495895,666.31
8082.490536751452,676.68
8083.190466653315,697.24
8083.990386541158,783.63
8084.6903164430205,773.42
8085.390246344883,764.4
8086.090176246746,754.32
8086.790106148608,736.51
8087.590026036451,718.39
8088.289955938314,696.19
8088.989885840176,708.61
8089.689815742039,714.69
8090.4897356298825,659.79
8091.189665531744,693.13
8091.889595433607,700.41
8092.589525335469,714.64
8093.389445223312,693.91
8094.089375125175,724.73
8094.789305027039,742.01
8095.489234928901,790.0
8096.289154816744,630.45
8096.989084718606,652.53
8097.689014620469,757.75
8098.388944522331,671.47
8099.188864410175,737.09
8099.888794312037,740.64
8100.5887242139,711.53
8101.288654115762,768.1
8102.088574003605,737.86
8102.788503905468,748.39
8103.48843380733,715.86
8104.188363709193,758.09
8104.888293611056,738.86
8105.688213498898,738.76
8106.388143400761,785.82
8107.088073302623,769.6
8107.788003204487,730.48
8108.587923092329,748.2
8109.287852994193,735.8
8109.987782896055,721.96
8110.687712797917,712.34
8111.48763268576,766.78
8112.187562587623,702.15
8112.887492489484,679.8
8113.587422391347,735.96
8114.387342279191,760.35
8115.087272181054,755.11
8115.787202082916,773.99
8116.487131984779,740.98
8117.287051872622,794.33
8117.986981774484,805.77
8118.686911676347,765.75
8119.38684157821,760.0
8120.186761466052,737.59
8120.886691367915,760.74
8121.586621269777,790.9
8122.286551171641,809.77
8122.986481073503,759.81
8123.786400961347,750.05
8124.486330863209,698.32
8125.186260765071,766.42
8125.8861906669335,744.32
8126.686110554777,705.85
8127.3860404566385,697.74
8128.085970358501,746.05
8128.785900260365,784.67
8129.585820148207,771.42
8130.28575005007,820.42
8130.985679951933,694.62
8131.6856098537955,745.83
8132.485529741638,758.49
8133.185459643501,804.11
8133.885389545364,798.86
8134.5853194472265,773.96
8135.385239335069,806.8
8136.0851692369315,805.6
8136.785099138795,813.78
8137.485029040657,737.49
8138.184958942519,745.76
8138.984878830363,784.54
8139.684808732225,853.91
8140.384738634088,814.62
8141.08466853595,797.93
8141.884588423793,770.65
8142.584518325655,812.21
8143.2844482275195,812.68
8143.984378129382,730.48
8144.7842980172245,779.01
8145.484227919087,778.22
8146.18415782095,755.08
8146.884087722811,799.94
8147.6840076106555,790.16
8148.383937512518,807.01
8149.08386741438,744.34
8149.783797316243,724.29
8150.483727218106,714.04
8151.283647105948,756.64
8151.983577007811,817.01
8152.683506909673,829.51
8153.383436811536,839.01
8154.183356699379,770.16
8154.883286601242,786.72
8155.583216503104,722.39
8156.283146404968,797.09
8157.083066292809,780.48
8157.782996194674,717.98
8158.482926096536,705.16
8159.182855998398,740.79
8159.982775886241,826.86
8160.682705788104,815.02
8161.382635689965,730.85
8162.082565591828,710.59
8162.782495493691,762.97
8163.582415381534,754.55
8164.282345283397,697.22
8164.98227518526,676.99
8165.682205087122,620.55
8166.482124974965,662.72
8167.182054876827,726.29
8167.88198477869,807.28
8168.5819146805525,864.76
8169.381834568396,906.44
8170.081764470258,815.9
8170.781694372121,828.9
8171.4816242739835,848.08
8172.281544161828,836.24
8172.981474063689,816.76
8173.681403965552,756.35
8174.3813338674145,753.11
8175.081263769277,789.32
8175.881183657119,835.65
8176.581113558982,745.27
8177.2810434608455,711.09
8177.980973362708,635.99
8178.780893250551,736.97
8179.480823152414,738.01
8180.180753054276,699.64
8180.880682956138,790.18
8181.680602843982,762.18
8182.380532745844,787.13
8183.080462647707,695.48
8183.78039254957,707.88
8184.580312437412,683.21
8185.280242339275,683.17
8185.9801722411385,608.9
8186.680102143,668.22
8187.380032044864,728.86
8188.179951932705,734.73
8188.879881834569,718.99
8189.57981173643,636.65
8190.279741638293,693.41
8191.079661526137,728.88
8191.7795914280005,734.68
8192.479521329862,806.84
8193.179451231725,766.39
8193.979371119567,736.31
8194.67930102143,721.85
8195.379230923294,810.82
8196.079160825155,780.86
8196.779090727017,810.17
8197.57901061486,782.67
8198.278940516724,782.79
8198.978870418585,786.78
8199.678800320447,858.53
8200.478720208292,891.92
8201.178650110154,816.72
8201.878580012019,753.54
8202.57850991388,814.78
8203.378429801724,774.19
8204.078359703584,759.15
8204.778289605449,717.5
8205.47821950731,744.7
8206.178149409172,796.57
8206.978069297014,824.51
8207.677999198879,895.62
8208.377929100741,862.65
8209.077859002602,891.49
8209.877778890448,756.61
8210.577708792309,836.26
8211.277638694173,797.32
8211.977568596034,835.56
8212.777488483878,754.46
8213.477418385739,804.23
8214.177348287603,759.15
8214.877278189466,768.22
8215.577208091328,797.43
8216.37712797917,900.44
8217.077057881033,835.22
8217.776987782896,757.88
8218.476917684757,788.31
8219.276837572601,765.15
8219.976767474465,781.38
8220.676697376328,799.07
8221.37662727819,801.85
8222.176547166033,732.56
8222.876477067895,740.87
8223.576406969758,706.17
8224.27633687162,641.36
8224.976266773483,635.13
8225.776186661325,802.02
8226.476116563188,867.02
8227.17604646505,878.94
8227.875976366913,834.56
8228.675896254756,757.3
8229.37582615662,759.4
8230.075756058483,796.14
8230.775685960345,727.51
8231.575605848187,801.09
8232.27553575005,740.58
8232.975465651913,757.92
8233.675395553775,728.16
8234.37532545564,780.46
8235.17524534348,758.35
8235.875175245345,824.18
8236.575105147205,844.7
8237.27503504907,941.12
8238.07495493691,872.78
8238.774884838775,802.22
8239.474814740635,857.74
8240.174744642498,776.61
8240.974664530342,848.5
8241.674594432207,929.79
8242.374524334069,920.85
8243.07445423593,840.95
8243.774384137794,834.27
8244.574304025635,921.13
8245.2742339275,879.0
8245.97416382936,896.69
8246.674093731224,886.47
8247.474013619065,883.2
8248.17394352093,720.98
8248.873873422792,734.42
8249.573803324654,761.79
8250.273733226517,802.05
8251.073653114361,808.48
8251.773583016224,800.22
8252.473512918084,753.55
8253.173442819949,736.95
8253.973362707791,761.92
8254.673292609654,855.04
8255.373222511516,902.65
8256.073152413379,865.3
8256.873072301221,827.31
8257.573002203084,784.6
8258.272932104946,794.48
8258.972862006809,798.77
8259.672791908672,838.04
8260.472711796516,820.27
8261.172641698378,802.53
8261.872571600241,944.91
8262.572501502103,887.89
8263.372421389948,864.68
8264.072351291808,863.11
8264.772281193671,833.16
8265.472211095534,808.74
8266.172140997396,804.32
8266.972060885239,811.04
8267.671990787101,773.89
8268.371920688965,858.5
8269.071850590826,856.87
8269.871770478672,783.26
8270.571700380533,752.34
8271.271630282397,804.61
8271.971560184258,745.85
8272.67149008612,765.89
8273.471409973963,793.43
8274.171339875826,747.26
8274.87126977769,819.79
8275.57119967955,782.52
8276.371119567395,751.39
8277.071049469256,757.75
8277.77097937112,794.22
8278.47090927298,752.57
8279.270829160825,725.24
8279.970759062688,748.81
8280.670688964552,754.54
8281.370618866415,734.55
8282.070548768275,787.12
8282.87046865612,701.35
8283.57039855798,765.75
8284.270328459845,727.1
8284.970258361705,702.33
8285.77017824955,734.64
8286.47010815141,802.89
8287.170038053275,753.11
8287.869967955137,723.96
8288.569897857,726.38
8289.369817744842,752.58
8290.069747646707,695.37
8290.76967754857,685.41
8291.46960745043,685.64
8292.269527338274,728.8
8292.969457240137,813.51
8293.669387142,812.64
8294.369317043862,791.79
8295.069246945724,783.78
8295.869166833567,796.15
8296.56909673543,689.46
8297.269026637292,761.13
8297.968956539155,858.1
8298.768876426997,787.16
8299.46880632886,829.28
8300.168736230722,832.73
8300.868666132586,755.35
8301.568596034449,753.26
8302.368515922293,763.6
8303.068445824154,784.43
8303.768375726017,843.69
8304.468305627879,856.98
8305.268225515721,750.24
8305.968155417584,724.82
8306.668085319447,716.86
8307.368015221311,691.4
8308.067945123172,678.72
8308.867865011016,642.79
8309.567794912877,660.54
8310.267724814741,706.08
8310.967654716602,697.97
8311.767574604448,747.29
8312.467504506309,712.66
8313.167434408171,702.24
8313.867364310036,717.02
8314.567294211896,690.62
8315.36721409974,703.27
8316.067144001601,758.57
8316.767073903466,874.72
8317.467003805326,799.78
8318.26692369317,734.49
8318.966853595031,787.53
8319.666783496896,824.8
8320.366713398758,812.53
8321.066643300619,787.11
8321.866563188465,783.67
8322.566493090326,738.91
8323.26642299219,774.98
8323.966352894051,813.38
8324.766272781895,822.42
8325.466202683756,822.37
8326.16613258562,736.27
8326.866062487483,749.1
8327.565992389345,829.28
8328.365912277188,761.55
8329.06584217905,711.75
8329.765772080913,714.28
8330.465701982774,692.79
8331.26562187062,668.04
8331.965551772482,681.68
8332.665481674345,700.28
8333.365411576207,708.42
8334.06534147807,766.88
8334.865261365912,768.35
8335.565191267775,783.47
8336.265121169637,827.75
8336.9650510715,865.72
8337.664980973363,824.83
8338.464900861205,797.99
8339.164830763068,788.29
8339.864760664932,743.21
8340.564690566793,832.51
8341.364610454639,773.29
8342.0645403565,791.98
8342.764470258362,760.34
8343.464400160225,799.09
8344.164330062087,716.22
8344.96424994993,759.02
8345.664179851792,739.68
8346.364109753657,711.43
8347.064039655517,722.67
8347.863959543361,781.53
8348.563889445222,713.1
8349.263819347087,830.19
8349.963749248947,873.15
8350.66367915081,788.36
8351.463599038654,805.22
8352.163528940517,838.31
8352.863458842381,796.62
8353.563388744242,798.08
8354.263318646106,864.91
8355.063238533947,871.75
8355.763168435811,853.06
8356.463098337672,876.07
8357.163028239536,909.66
8357.962948127377,747.85
8358.662878029241,800.24
8359.362807931104,698.88
8360.062737832965,759.07
8360.762667734829,756.13
8361.562587622673,726.31
8362.262517524536,733.69
8362.962447426396,722.19
8363.66237732826,692.59
8364.462297216101,796.11
8365.162227117966,747.75
8365.862157019828,728.96
8366.562086921691,654.71
8367.262016823553,660.86
8368.061936711396,665.41
8368.761866613258,722.26
8369.46179651512,748.92
8370.161726416984,738.71
8370.861656318846,754.77
8371.66157620669,725.46
8372.361506108553,795.92
8373.061436010415,745.5
8373.761365912278,787.03
8374.56128580012,814.13
8375.261215701983,827.36
8375.961145603846,827.19
8376.661075505708,775.85
8377.36100540757,760.44
8378.160925295413,747.12
8378.860855197277,852.97
8379.560785099138,849.31
8380.260715001,767.26
8380.960644902863,800.21
8381.760564790708,853.71
8382.46049469257,797.42
8383.160424594433,759.54
8383.860354496297,863.86
8384.660274384138,842.14
8385.360204286002,921.81
8386.060134187863,832.33
8386.760064089725,827.08
8387.459993991588,801.77
8388.259913879432,915.83
8388.959843781293,879.66
8389.659773683155,879.01
8390.35970358502,874.46
8391.05963348688,847.69
8391.859553374725,821.59
8392.559483276587,872.95
8393.259413178452,744.37
8393.959343080312,713.53
8394.759262968157,797.04
8395.459192870017,842.53
8396.159122771882,751.1
8396.859052673744,788.12
8397.558982575605,896.72
8398.35890246345,769.15
8399.05883236531,892.16
8399.758762267174,829.21
8400.458692169035,879.04
8401.1586220709,844.28
8401.95854195874,874.53
8402.658471860606,790.4
8403.358401762469,829.97
8404.05833166433,838.52
8404.758261566194,847.86
8405.558181454036,798.69
8406.258111355899,796.24
8406.95804125776,804.73
8407.657971159624,784.15
8408.457891047465,812.27
8409.15782094933,753.96
8409.857750851192,785.73
8410.557680753054,744.29
8411.257610654917,788.11
8412.05753054276,786.85
8412.757460444622,867.63
8413.457390346486,836.17
8414.157320248349,768.96
8414.857250150211,782.28
8415.657170038054,745.14
8416.357099939916,692.89
8417.057029841779,699.37
8417.756959743641,785.44
8418.456889645504,737.67
8419.256809533346,681.49
8419.956739435209,731.96
8420.656669337071,773.44
8421.356599238934,727.33
8422.156519126776,731.69
8422.85644902864,825.86
8423.556378930503,765.24
8424.256308832366,844.64
8424.956238734228,800.47
8425.75615862207,829.31
8426.456088523933,864.54
8427.156018425796,902.07
8427.85594832766,886.5
8428.555878229521,806.14
8429.355798117365,766.64
8430.055728019226,738.33
8430.75565792109,710.57
8431.455587822951,758.16
8432.155517724814,713.34
8432.955437612656,812.41
8433.655367514519,797.57
8434.355297416385,866.43
8435.055227318246,809.69
8435.75515722011,865.0
8436.55507710795,849.19
8437.255007009815,876.94
8437.954936911676,886.81
8438.654866813538,809.97
8439.45478670138,835.44
8440.154716603245,820.35
8440.854646505108,784.42
8441.554576406968,805.03
8442.254506308833,813.68
8443.054426196673,819.46
8443.754356098538,829.41
8444.4542860004,856.5
8445.154215902265,766.9
8445.854145804127,811.22
8446.65406569197,762.9
8447.353995593832,745.7
8448.053925495695,768.69
8448.753855397557,707.74
8449.453785299418,806.61
8450.253705187262,801.05
8450.953635089123,781.53
8451.653564990987,739.59
8452.35349489285,672.31
8453.053424794713,756.39
8453.853344682555,756.99
8454.553274584418,785.31
8455.253204486282,782.69
8455.953134388143,820.33
8456.653064290007,884.0
8457.45298417785,820.88
8458.152914079712,861.36
8458.852843981575,908.57
8459.552773883437,890.96
8460.2527037853,816.19
8461.052623673142,819.9
8461.752553575005,870.31
8462.452483476867,843.62
8463.15241337873,823.9
8463.952333266572,826.31
8464.652263168435,799.62
8465.352193070301,855.48
8466.052122972162,827.12
8466.752052874024,766.92
8467.551972761867,827.23
8468.25190266373,868.1
8468.951832565592,808.05
8469.651762467454,800.27
8470.351692369319,820.65
8471.15161225716,792.51
8471.851542159024,777.48
8472.551472060884,772.71
8473.251401962749,741.19
8473.95133186461,739.49
8474.751251752454,747.95
8475.451181654314,743.51
8476.151111556179,720.0
8476.851041458043,721.57
8477.550971359904,652.73
8478.350891247748,675.0
8479.050821149609,582.74
8479.750751051473,588.59
8480.450680953334,601.72
8481.150610855197,591.61
8481.950530743039,598.08
8482.650460644903,615.56
8483.350390546766,718.87
8484.050320448627,697.54
8484.750250350491,722.81
8485.550170238332,730.69
8486.250100140198,739.52
8486.950030042059,745.19
8487.649959943923,758.16
8488.349889845786,765.98
8489.149809733628,745.42
8489.84973963549,813.94
8490.549669537353,831.42
8491.249599439216,793.44
8491.949529341076,774.3
8492.74944922892,803.57
8493.449379130781,710.64
8494.149309032646,694.25
8494.849238934508,692.11
8495.54916883637,738.48
8496.349088724213,646.44
8497.049018626078,597.98
8497.74894852794,655.43
8498.448878429801,704.11
8499.148808331665,747.41
8499.948728219508,730.31
8500.64865812137,770.13
8501.348588023233,802.16
8502.048517925095,769.7
8502.748447826958,790.08
8503.5483677148,741.65
8504.248297616663,788.41
8504.948227518526,779.59
8505.648157420388,791.27
8506.34808732225,745.8
8507.148007210095,738.45
8507.84793711196,749.23
8508.54786701382,746.01
8509.247796915683,778.88
8509.947726817545,732.16
8510.747646705388,735.82
8511.44757660725,712.71
8512.147506509113,759.79
8512.847436410977,683.63
8513.547366312838,728.16
8514.347286200682,710.03
8515.047216102543,702.26
8515.747146004405,632.49
8516.447075906268,648.52
8517.14700580813,644.88
8517.946925695975,633.79
8518.646855597837,617.4
8519.346785499702,602.99
8520.046715401562,602.86
8520.746645303427,531.61
8521.546565191267,532.34
8522.246495093132,532.32
8522.946424994992,529.39
8523.646354896855,528.76
8524.34628479872,516.77
8525.146204686562,461.96
8525.846134588424,541.94
8526.546064490285,523.89
8527.24599439215,477.16
8527.94592429401,565.46
8528.645854195873,603.05
8529.445774083717,599.18
8530.145703985581,617.43
8530.845633887444,635.95
8531.545563789305,635.72
8532.245493691169,684.46
8533.04541357901,725.22
8533.745343480874,756.51
8534.445273382735,711.04
8535.1452032846,743.49
8535.845133186462,779.9
8536.645053074304,759.22
8537.344982976167,799.18
8538.04491287803,780.7
8538.744842779892,734.83
8539.444772681753,768.61
8540.244692569599,763.96
8540.94462247146,726.89
8541.644552373324,747.6
8542.344482275186,853.66
8543.044412177049,774.32
8543.844332064891,772.58
8544.544261966754,761.3
8545.244191868616,815.8
8545.944121770477,887.02
8546.644051672341,847.47
8547.443971560184,837.87
8548.143901462046,820.46
8548.843831363909,829.15
8549.543761265772,827.11
8550.243691167634,812.24
8551.043611055478,836.31
8551.74354095734,834.83
8552.443470859203,786.67
8553.143400761066,813.2
8553.843330662929,859.82
8554.543260564791,893.41
8555.343180452635,869.79
8556.043110354496,865.55
8556.743040256359,838.36
8557.442970158221,796.02
8558.142900060084,825.13
8558.942819947926,868.69
8559.642749849789,888.25
8560.342679751653,895.13
8561.042609653514,813.53
8561.742539555378,803.88
8562.54245944322,828.29
8563.242389345083,761.61
8563.942319246946,738.99
8564.642249148808,794.68
8565.342179050673,814.01
8566.142098938513,813.39
8566.842028840378,804.19
8567.541958742238,870.74
8568.241888644103,890.14
8568.941818545964,888.56
8569.641748447826,903.02
8570.441668335669,906.52
8571.141598237531,938.67
8571.841528139395,901.47
8572.541458041258,885.82
8573.241387943122,844.33
8574.041307830963,923.94
8574.741237732827,1006.6
8575.441167634688,900.01
8576.14109753655,888.89
8576.841027438415,890.59
8577.640947326257,922.52
8578.34087722812,802.29
8579.04080712998,815.88
8579.740737031845,816.1
8580.440666933706,835.95
8581.14059683557,876.57
8581.94051672341,869.75
8582.640446625277,857.16
8583.34037652714,929.81
8584.040306429,918.51
8584.740236330865,838.25
8585.540156218707,844.29
8586.24008612057,883.44
8586.94001602243,825.26
8587.639945924295,827.41
8588.339875826157,841.13
8589.139795714,828.14
8589.839725615862,855.52
8590.539655517725,815.32
8591.239585419587,832.89
8591.939515321448,843.68
8592.639445223313,819.93
8593.439365111155,820.18
8594.13929501302,843.52
8594.839224914882,835.96
8595.539154816744,856.69
8596.239084718607,824.94
8597.03900460645,840.97
8597.738934508312,868.28
8598.438864410175,928.26
8599.138794312037,868.44
8599.8387242139,883.96
8600.638644101742,919.75
8601.338574003605,901.25
8602.038503905467,798.84
8602.73843380733,832.84
8603.438363709192,819.25
8604.138293611055,860.54
8604.9382134989,822.85
8605.638143400762,813.17
8606.338073302624,870.21
8607.038003204487,932.82
8607.73793310635,916.98
8608.537852994192,994.03
8609.237782896054,1000.2
8609.937712797917,937.5
8610.63764269978,939.31
8611.337572601644,951.39
8612.037502503505,924.73
8612.837422391349,901.63
8613.53735229321,871.13
8614.237282195072,888.25
8614.937212096935,910.65
8615.637141998797,850.54
8616.437061886641,860.55
8617.136991788504,949.25
8617.836921690368,896.05
8618.53685159223,863.35
8619.236781494092,923.84
8620.036701381934,1033.9
8620.736631283798,958.55
8621.43656118566,926.14
8622.136491087522,898.28
8622.836420989386,914.94
8623.536350891247,874.18
8624.336270779091,832.84
8625.036200680952,862.44
8625.736130582816,882.0
8626.436060484677,909.45
8627.135990386541,882.03
8627.935910274384,842.71
8628.635840176248,808.46
8629.33577007811,910.93
8630.035699979971,855.47
8630.735629881836,848.74
8631.435559783697,833.43
8632.23547967154,829.8
8632.935409573402,834.88
8633.635339475266,794.8
8634.335269377128,826.86
8635.03519927899,738.78
8635.735129180854,707.61
8636.535049068694,740.56
8637.234978970559,710.97
8637.934908872421,684.02
8638.634838774286,698.41
8639.334768676148,689.65
8640.13468856399,654.07
8640.834618465853,638.92
8641.534548367716,593.25
8642.234478269578,603.32
8642.934408171439,583.48
8643.634338073303,654.51
8644.434257961144,598.4
8645.134187863008,563.78
8645.83411776487,574.4
8646.534047666733,590.42
8647.233977568596,557.47
8648.03389745644,621.18
8648.733827358303,675.14
8649.433757260163,705.15
8650.133687162028,768.7
8650.83361706389,774.22
8651.533546965753,797.11
8652.333466853595,820.04
8653.033396755458,745.67
8653.73332665732,781.97
8654.433256559183,762.51
8655.133186461046,749.8
8655.833116362908,730.65
8656.63303625075,782.63
8657.332966152613,804.75
8658.032896054476,760.6
8658.732825956338,776.04
8659.4327558582,859.92
8660.232675746045,888.45
8660.932605647908,950.66
8661.63253554977,887.04
8662.332465451633,814.28
8663.032395353495,842.64
8663.732325255358,786.69
8664.5322451432,811.08
8665.232175045063,851.82
8665.932104946925,850.97
8666.632034848788,847.22
8667.331964750652,827.87
8668.031894652513,821.69
8668.831814540357,822.34
8669.531744442218,759.57
8670.23167434408,777.72
8670.931604245943,756.36
8671.631534147808,785.29
8672.43145403565,826.48
8673.131383937513,810.46
8673.831313839377,871.67
8674.531243741238,896.06
8675.2311736431,922.1
8675.931103544963,898.81
8676.731023432807,891.98
8677.430953334668,932.62
8678.13088323653,917.36
8678.830813138395,849.71
8679.530743040255,881.97
8680.23067294212,903.88
8681.03059282996,861.52
8681.730522731825,876.12
8682.430452633687,893.15
8683.13038253555,835.74
8683.830312437414,855.35
8684.530242339275,904.54
8685.33016222712,914.52
8686.03009212898,869.69
8686.730022030844,907.83
8687.429951932705,912.4
8688.129881834568,941.87
8688.92980172241,955.88
8689.629731624274,916.45
8690.329661526137,897.99
8691.029591427998,940.09
8691.729521329862,914.63
8692.429451231723,876.65
8693.229371119569,835.89
8693.92930102143,854.55
8694.629230923294,916.49
8695.329160825157,912.08
8696.029090727017,894.45
8696.729020628882,953.28
8697.528940516724,872.2
8698.228870418587,828.8
8698.928800320447,851.22
8699.628730222312,916.67
8700.328660124174,951.88
8701.028590026035,887.23
8701.82850991388,926.05
8702.528439815742,907.08
8703.228369717604,939.37
8703.928299619465,889.83
8704.62822952133,912.98
8705.328159423192,919.04
8706.128079311036,909.22
8706.828009212899,966.56
8707.527939114761,953.37
8708.227869016624,879.13
8708.927798918485,884.51
8709.62772882035,884.13
8710.427648708192,898.47
8711.127578610054,905.26
8711.827508511917,874.14
8712.52743841378,871.29
8713.227368315642,891.35
8713.927298217503,911.3
8714.727218105347,937.72
8715.42714800721,933.44
8716.127077909074,938.89
8716.827007810936,953.64
8717.526937712799,928.86
8718.226867614661,972.41
8719.026787502504,929.4
8719.726717404366,870.0
8720.426647306229,1015.6
8721.126577208091,956.14
8721.826507109954,894.29
8722.526437011817,909.26
8723.32635689966,901.81
8724.026286801522,937.57
8724.726216703384,940.23
8725.426146605247,859.37
8726.12607650711,896.35
8726.826006408972,859.61
8727.625926296816,917.59
8728.32585619868,964.97
8729.025786100541,963.51
8729.725716002404,955.32
8730.425645904266,981.63
8731.125575806129,916.43
8731.925495693971,945.76
8732.625425595834,910.34
8733.325355497698,910.33
8734.025285399559,878.43
8734.725215301421,883.1
8735.425145203284,927.78
8736.225065091128,892.81
8736.924994992989,905.65
8737.624924894852,866.28
8738.324854796716,877.8
8739.024784698577,867.85
8739.724714600441,868.55
8740.524634488283,898.35
8741.224564390148,959.97
8741.924494292009,958.32
8742.624424193871,935.6
8743.324354095736,955.11
8744.024283997596,882.73
8744.82420388544,977.18
8745.524133787301,965.6
8746.224063689166,882.55
8746.923993591026,870.33
8747.623923492889,885.84
8748.323853394753,985.41
8749.123773282596,1037.1
8749.82370318446,1253.7
8750.52363308632,1061.5
8751.223562988185,930.08
8751.923492890046,885.72
8752.623422791909,811.39
8753.323352693773,863.31
8754.123272581615,875.92
8754.823202483478,933.31
8755.523132385339,930.38
8756.223062287203,960.17
8756.922992189064,980.81
8757.622922090928,901.91
8758.422841978769,966.22
8759.122771880633,977.9
8759.822701782496,962.04
8760.522631684356,957.3
8761.22256158622,929.52
8761.922491488082,1038.3
8762.722411375928,969.56
8763.422341277788,1033.0
8764.122271179653,1027.3
8764.822201081515,1003.6
8765.522130983376,1034.2
8766.22206088524,993.92
8767.021980773083,1018.2
8767.721910674945,1085.7
8768.421840576806,989.56
8769.12177047867,951.69
8769.821700380533,946.53
8770.521630282396,952.14
8771.221560184258,901.25
8772.0214800721,901.78
8772.721409973963,952.9
8773.421339875826,941.73
8774.12126977769,930.26
8774.821199679553,843.12
8775.521129581415,926.3
8776.321049469258,906.93
8777.02097937112,890.49
8777.720909272983,963.99
8778.420839174843,915.31
8779.120769076708,944.73
8779.82069897857,908.09
8780.620618866413,904.42
8781.320548768275,917.99
8782.020478670138,931.97
8782.720408572,894.22
8783.420338473863,915.13
8784.120268375726,847.07
8784.820198277588,852.21
8785.620118165432,787.69
8786.320048067295,829.42
8787.019977969157,800.11
8787.71990787102,854.13
8788.419837772883,837.26
8789.119767674745,831.36
8789.919687562588,945.28
8790.61961746445,980.16
8791.319547366313,1033.4
8792.019477268175,1059.6
8792.719407170038,1002.1
8793.4193370719,945.87
8794.119266973763,968.55
8794.919186861605,1019.8
8795.619116763468,961.03
8796.319046665332,958.58
8797.018976567195,915.51
8797.718906469057,928.27
8798.41883637092,970.65
8799.218756258762,928.77
8799.918686160625,963.17
8800.618616062487,973.79
8801.318545964352,947.75
8802.018475866213,936.95
8802.718405768075,875.08
8803.418335669938,812.02
8804.21825555778,922.78
8804.918185459643,914.1
8805.618115361505,919.63
8806.31804526337,914.71
8807.01797516523,959.18
8807.717905067093,1012.3
8808.517824954937,1013.0
8809.217754856802,1026.0
8809.917684758662,1039.2
8810.617614660525,968.99
8811.31754456239,959.03
8812.01747446425,1020.3
8812.717404366113,1101.8
8813.517324253955,1125.1
8814.21725415582,1063.0
8814.91718405768,998.14
8815.617113959543,909.35
8816.317043861407,905.36
8817.016973763268,816.37
8817.716903665132,803.8
8818.516823552973,840.88
8819.216753454837,889.09
8819.916683356698,897.83
8820.616613258562,975.07
8821.316543160427,930.44
8822.016473062287,1038.0
8822.816392950132,1027.3
8823.516322851992,1028.0
8824.216252753857,1052.7
8824.916182655717,1170.0
8825.61611255758,994.53
8826.316042459444,965.52
8827.015972361305,929.48
8827.81589224915,1015.5
8828.51582215101,936.87
8829.215752052874,1035.9
8829.915681954735,1034.8
8830.6156118566,984.25
8831.315541758462,1097.0
8832.015471660323,1078.2
8832.815391548169,1051.4
8833.51532145003,1007.7
8834.215251351894,978.37
8834.915181253755,926.37
8835.61511115562,938.99
8836.315041057482,903.72
8837.014970959342,899.6
8837.814890847187,931.16
8838.514820749047,883.16
8839.214750650912,939.59
8839.914680552773,963.78
8840.614610454637,842.59
8841.3145403565,925.08
8842.01447025836,902.72
8842.814390146204,931.12
8843.514320048067,888.28
8844.214249949931,961.84
8844.914179851792,948.28
8845.614109753657,900.86
8846.314039655519,911.55
8847.01396955738,822.03
8847.813889445224,846.6
8848.513819347087,810.06
8849.21374924895,815.22
8849.91367915081,896.78
8850.613609052674,891.23
8851.313538954537,987.5
8852.0134688564,1000.9
8852.813388744242,1029.1
8853.513318646104,998.01
8854.213248547967,1008.7
8854.913178449828,948.08
8855.613108351692,941.46
8856.313038253555,889.99
8857.012968155419,923.09
8857.812888043261,921.41
8858.512817945124,898.19
8859.212747846987,909.88
8859.912677748847,877.16
8860.612607650712,897.65
8861.312537552574,951.6
8862.012467454437,934.03
8862.81238734228,949.06
8863.512317244142,1026.6
8864.212247146004,1010.3
8864.912177047867,983.14
8865.61210694973,977.67
8866.312036851592,886.04
8867.011966753455,941.33
8867.811886641299,933.91
8868.511816543161,929.41
8869.211746445024,941.67
8869.911676346886,954.22
8870.611606248749,916.72
8871.311536150612,911.24
8872.011466052474,907.89
8872.811385940317,933.89
8873.51131584218,989.28
8874.211245744042,911.75
8874.911175645904,923.02
8875.611105547767,869.61
8876.31103544963,923.89
8877.010965351492,978.74
8877.810885239336,924.24
8878.510815141197,1008.7
8879.21074504306,937.62
8879.910674944922,1012.7
8880.610604846786,1007.6
8881.310534748649,951.39
8882.010464650511,1008.7
8882.810384538356,1021.9
8883.510314440216,950.86
8884.210244342079,982.19
8884.910174243942,881.13
8885.610104145804,907.4
8886.310034047669,1021.4
8887.00996394953,895.56
8887.709893851392,919.37
8888.509813739234,891.15
8889.209743641097,902.43
8889.90967354296,950.55
8890.609603444822,990.44
8891.309533346686,925.92
8892.009463248547,913.25
8892.70939315041,918.7
8893.509313038254,914.91
8894.209242940116,947.84
8894.909172841979,893.36
8895.609102743842,967.23
8896.309032645706,965.29
8897.008962547567,1006.6
8897.70889244943,906.79
8898.508812337272,968.25
8899.208742239136,970.96
8899.908672140997,967.91
8900.60860204286,969.53
8901.308531944724,1047.0
8902.008461846584,1012.1
8902.708391748447,938.34
8903.40832165031,1037.2
8904.208241538156,948.16
8904.908171440016,932.8
8905.608101341879,928.13
8906.308031243743,955.1
8907.007961145604,984.25
8907.707891047467,935.08
8908.40782094933,887.38
8909.207740837173,909.9
8909.907670739034,950.29
8910.607600640897,943.16
8911.307530542761,943.05
8912.007460444622,963.63
8912.707390346486,914.11
8913.407320248347,937.21
8914.10725015021,937.37
8914.907170038052,982.18
8915.607099939914,995.83
8916.307029841779,983.26
8917.00695974364,917.33
8917.706889645506,972.29
8918.406819547366,970.09
8919.106749449229,1004.2
8919.906669337071,965.12
8920.606599238934,904.01
8921.306529140798,875.85
8922.00645904266,925.55
8922.706388944523,944.92
8923.406318846384,911.13
8924.106248748247,953.56
8924.806178650111,922.6
8925.606098537954,902.27
8926.306028439816,902.17
8927.005958341677,929.62
8927.705888243541,936.43
8928.405818145402,907.04
8929.105748047265,927.91
8929.805677949129,938.03
8930.505607850992,1027.8
8931.305527738836,1062.9
8932.005457640696,1040.7
8932.70538754256,1008.7
8933.405317444422,973.09
8934.105247346286,944.33
8934.805177248149,981.75
8935.50510715001,987.49
8936.205037051874,1013.9
8937.004956939714,1008.1
8937.704886841579,1003.0
8938.40481674344,1009.8
8939.104746645304,917.7
8939.804676547166,1058.3
8940.504606449027,1035.2
8941.204536350891,1080.6
8941.904466252752,988.31
8942.704386140598,910.1
8943.404316042459,911.86
8944.104245944323,982.46
8944.804175846186,1016.0
8945.504105748047,1012.4
8946.204035649911,1009.1
8946.903965551772,1001.0
8947.603895453636,949.28
8948.403815341477,924.32
8949.103745243341,981.18
8949.803675145204,987.75
8950.503605047064,968.34
8951.203534948929,925.84
8951.90346485079,1011.6
8952.603394752654,1043.8
8953.303324654516,943.15
8954.10324454236,908.06
8954.803174444223,872.09
8955.503104346086,969.17
8956.203034247948,1045.3
8956.90296414981,951.92
8957.602894051674,795.6
8958.302823953536,818.61
8959.002753855397,820.48
8959.802673743241,922.41
8960.502603645104,965.45
8961.202533546966,1037.6
8961.902463448827,971.17
8962.602393350691,1026.7
8963.302323252554,1084.8
8964.002253154416,1031.5
8964.702183056279,966.82
8965.502102944121,953.0
8966.202032845984,887.19
8966.901962747846,828.27
8967.60189264971,875.17
8968.301822551573,894.25
8969.001752453436,956.98
8969.701682355299,1011.2
8970.40161225716,1058.8
8971.201532145004,1032.0
8971.901462046864,987.57
8972.601391948729,950.2
8973.301321850591,1014.7
8974.001251752454,1068.3
8974.701181654316,983.09
8975.401111556177,868.58
8976.101041458041,852.12
8976.800971359904,840.73
8977.600891247746,877.84
8978.300821149609,988.83
8979.000751051472,1057.7
8979.700680953336,976.94
8980.400610855197,912.28
8981.100540757061,895.72
8981.800470658924,816.44
8982.500400560786,748.45
8983.300320448629,773.77
8984.000250350491,901.41
8984.700180252354,989.96
8985.400110154216,1085.5
8986.100040056079,1034.7
8986.799969957941,893.59
8987.499899859804,799.57
8988.199829761666,915.65
8988.899759663527,1115.0
8989.699679551371,1150.3
8990.399609453234,1149.5
8991.099539355097,1010.1
8991.79946925696,822.0
8992.499399158822,801.17
8993.199329060686,813.16
8993.899258962549,893.78
8994.599188864411,820.9
8995.399108752254,764.41
8996.099038654116,676.91
8996.798968555979,744.9
8997.498898457841,900.78
8998.198828359704,1038.3
8998.898758261566,1034.7
8999.598688163429,941.61
9000.298618065292,980.19
9000.998547967154,944.87
9001.798467854996,931.61
9002.498397756859,908.39
9003.198327658722,845.67
9003.898257560584,790.62
9004.598187462447,862.94
9005.29811736431,917.31
9005.998047266174,970.85
9006.697977168036,942.13
9007.397907069899,898.81
9008.197826957741,929.01
9008.897756859604,945.41
9009.597686761466,994.16
9010.297616663329,1026.3
9010.997546565191,955.4
9011.697476467054,848.73
9012.397406368917,736.71
9013.09733627078,846.13
9013.797266172642,1010.9
9014.597186060484,1234.1
9015.297115962347,1236.3
9015.99704586421,1221.6
9016.696975766072,1093.2
9017.396905667934,982.59
9018.096835569797,926.49
9018.79676547166,925.53
9019.496695373524,1027.4
9020.196625275386,1128.2
9020.996545163229,1010.0
9021.696475065091,982.18
9022.396404966954,997.59
9023.096334868816,1076.9
9023.796264770679,1191.5
9024.496194672542,1190.9
9025.196124574404,1061.9
9025.896054476267,979.52
9026.59598437813,976.35
9027.395904265972,1008.8
9028.095834167834,979.11
9028.795764069699,974.31
9029.49569397156,1045.1
9030.195623873422,1043.1
9030.895553775284,1011.1
9031.595483677147,1128.1
9032.295413579011,1070.1
9032.995343480874,1085.0
9033.695273382737,1090.6
9034.495193270579,1021.1
9035.195123172442,996.36
9035.895053074304,987.9
9036.594982976167,989.23
9037.294912878031,982.18
9037.994842779892,985.7
9038.694772681754,961.09
9039.394702583617,933.65
9040.09463248548,976.98
9040.894552373322,1003.6
9041.594482275184,992.42
9042.294412177049,1002.0
9042.99434207891,962.97
9043.694271980772,918.67
9044.394201882635,955.94
9045.094131784499,997.13
9045.794061686363,1035.3
9046.493991588224,1041.3
9047.193921490087,987.02
9047.99384137793,895.25
9048.693771279792,865.41
9049.393701181654,951.26
9050.093631083517,1054.6
9050.793560985381,1117.0
9051.493490887242,1073.0
9052.193420789104,1025.4
9052.893350690967,1020.3
9053.59328059283,981.99
9054.393200480672,998.36
9055.093130382535,1012.2
9055.793060284399,994.73
9056.49299018626,995.49
9057.192920088122,974.52
9057.892849989985,970.84
9058.59277989185,963.87
9059.292709793714,932.16
9059.992639695574,925.44
9060.692569597437,997.15
9061.49248948528,966.54
9062.192419387142,980.86
9062.892349289004,1024.6
9063.592279190867,947.23
9064.292209092731,870.64
9064.992138994592,870.19
9065.692068896455,859.22
9066.391998798317,880.4
9067.09192870018,868.87
9067.791858602044,794.8
9068.591778489885,811.12
9069.29170839175,903.51
9069.99163829361,985.84
9070.691568195472,1078.1
9071.391498097337,1083.3
9072.0914279992,1048.7
9072.791357901064,1087.2
9073.491287802924,1018.7
9074.191217704787,891.65
9074.89114760665,850.26
9075.691067494494,891.46
9076.390997396355,920.58
9077.090927298217,990.72
9077.790857200082,1025.8
9078.490787101942,1137.2
9079.190717003805,1094.8
9079.890646905667,1057.2
9080.59057680753,952.31
9081.290506709394,850.57
9081.990436611255,791.62
9082.690366513118,814.87
9083.49028640096,872.73
9084.190216302826,1007.9
9084.890146204687,1066.1
9085.59007610655,1079.0
9086.290006008414,1010.8
9086.989935910275,916.52
9087.689865812137,920.18
9088.389795714,915.66
9089.089725615862,923.72
9089.789655517727,846.95
9090.589575405567,909.57
9091.289505307432,902.15
9091.989435209292,1000.1
9092.689365111155,982.73
9093.389295013018,886.13
9094.08922491488,801.63
9094.789154816744,740.91
9095.489084718605,699.28
9096.189014620468,720.64
9096.88894452233,791.88
9097.588874424193,920.65
9098.388794312037,1013.1
9099.0887242139,989.64
9099.788654115764,885.0
9100.488584017625,866.1
9101.188513919487,872.15
9101.88844382135,857.43
9102.588373723212,959.27
9103.288303625077,946.52
9103.988233526938,1046.8
9104.6881634288,1142.7
9105.388093330663,1108.7
9106.188013218507,1114.3
9106.887943120368,1082.8
9107.58787302223,1068.4
9108.287802924095,1051.8
9108.987732825955,1019.2
9109.687662727818,1026.3
9110.38759262968,982.75
9111.087522531543,983.52
9111.787452433407,918.68
9112.487382335268,874.43
9113.187312237133,785.29
9113.987232124975,759.31
9114.68716202684,801.08
9115.3870919287,880.37
9116.087021830563,1046.7
9116.786951732427,1148.9
9117.486881634288,1092.8
9118.18681153615,986.72
9118.886741438013,940.39
9119.586671339875,798.04
9120.28660124174,750.58
9120.9865311436,737.86
9121.786451031445,833.38
9122.486380933306,766.82
9123.18631083517,734.69
9123.88624073703,696.17
9124.586170638893,640.13
9125.286100540758,596.83
9125.986030442618,625.38
9126.685960344483,667.4
9127.385890246345,810.53
9128.085820148208,875.28
9128.785750050072,838.6
9129.485679951933,815.04
9130.285599839777,837.39
9130.985529741638,769.99
9131.685459643502,676.92
9132.385389545363,744.2
9133.085319447226,836.36
9133.78524934909,1071.9
9134.48517925095,1213.3
9135.185109152813,1040.5
9135.885039054676,948.4
9136.584968956538,843.53
9137.284898858403,823.94
9137.984828760264,873.51
9138.784748648108,856.38
9139.48467854997,858.55
9140.184608451835,841.13
9140.884538353695,849.42
9141.584468255558,811.74
9142.284398157422,744.67
9142.984328059283,775.1
9143.684257961146,824.07
9144.384187863008,774.48
9145.08411776487,709.11
9145.784047666735,717.98
9146.483977568596,667.78
9147.28389745644,652.18
9147.983827358301,614.43
9148.683757260165,661.14
9149.383687162026,597.55
9150.083617063889,630.15
9150.783546965753,631.32
9151.483476867614,622.68
9152.183406769476,682.98
9152.883336671339,789.23
9153.583266573201,808.39
9154.283196475066,827.44
9154.983126376928,739.83
9155.783046264773,686.77
9156.482976166633,713.1
9157.182906068496,746.48
9157.882835970358,809.69
9158.582765872221,782.67
9159.282695774085,804.34
9159.982625675946,801.0
9160.682555577809,788.7
9161.382485479671,784.14
9162.082415381534,772.79
9162.782345283398,737.51
9163.482275185259,701.01
9164.182205087121,677.88
9164.982124974964,752.33
9165.682054876826,771.67
9166.381984778689,794.06
9167.081914680552,780.21
9167.781844582418,679.46
9168.481774484279,687.62
9169.181704386141,606.39
9169.881634288004,537.06
9170.581564189866,557.64
9171.28149409173,627.42
9171.981423993591,745.33
9172.681353895454,837.03
9173.381283797316,772.9
9174.181203685159,736.41
9174.881133587021,745.58
9175.581063488884,704.13
9176.280993390748,722.57
9176.980923292609,729.74
9177.680853194472,699.31
9178.380783096334,658.85
9179.080712998197,642.32
9179.780642900061,613.25
9180.480572801922,624.58
9181.180502703784,654.21
9181.880432605647,743.65
9182.58036250751,754.64
9183.280292409374,737.43
9184.080212297216,717.86
9184.78014219908,721.95
9185.480072100941,668.96
9186.180002002804,657.58
9186.879931904667,697.28
9187.57986180653,683.96
9188.279791708394,684.16
9188.979721610254,703.81
9189.679651512117,687.14
9190.37958141398,637.19
9191.079511315842,562.69
9191.779441217706,627.74
9192.479371119567,672.33
9193.17930102143,729.45
9193.979220909272,776.36
9194.679150811135,824.28
9195.379080712997,765.38
9196.07901061486,760.38
9196.778940516726,708.48
9197.478870418587,664.45
9198.17880032045,678.25
9198.878730222312,690.29
9199.578660124174,733.22
9200.278590026037,735.08
9200.9785199279,744.51
9201.678449829762,759.78
9202.378379731625,706.9
9203.078309633487,710.09
9203.87822952133,716.25
9204.578159423192,752.58
9205.278089325056,802.67
9205.978019226917,815.95
9206.67794912878,799.88
9207.377879030642,728.97
9208.077808932505,713.54
9208.777738834367,697.22
9209.47766873623,685.73
9210.177598638093,722.69
9210.877528539955,707.74
9211.577458441818,683.07
9212.277388343682,720.49
9212.977318245545,723.8
9213.677248147407,774.04
9214.47716803525,729.05
9215.177097937112,748.13
9215.877027838975,792.95
9216.576957740837,801.95
9217.2768876427,774.77
9217.976817544562,715.01
9218.676747446425,690.09
9219.376677348288,689.59
9220.07660725015,664.63
9220.776537152013,656.01
9221.476467053875,635.02
9222.176396955738,715.55
9222.8763268576,736.82
9223.576256759463,703.13
9224.276186661325,711.78
9224.976116563188,721.86
9225.776036451032,759.19
9226.475966352895,737.93
9227.175896254757,717.48
9227.87582615662,718.84
9228.575756058483,718.83
9229.275685960345,735.18
9229.975615862208,719.18
9230.67554576407,692.83
9231.375475665933,711.72
9232.075405567795,762.97
9232.775335469658,744.59
9233.47526537152,736.88
9234.175195273383,719.94
9234.875125175246,728.32
9235.575055077108,740.25
9236.27498497897,791.66
9237.074904866813,758.11
9237.774834768676,766.36
9238.474764670538,699.41
9239.1746945724,711.75
9239.874624474263,724.19
9240.574554376126,722.22
9241.27448427799,712.43
9241.974414179853,679.31
9242.674344081715,736.08
9243.374273983578,821.01
9244.07420388544,832.12
9244.774133787303,823.98
9245.474063689166,792.65
9246.173993591028,722.14
9246.873923492889,773.62
9247.573853394753,847.28
9248.273783296616,759.34
9249.073703184458,754.3
9249.77363308632,811.69
9250.473562988183,783.38
9251.173492890046,739.07
9251.873422791907,749.06
9252.573352693771,754.15
9253.273282595634,782.62
9253.973212497496,786.11
9254.673142399359,740.59
9255.37307230122,769.5
9256.073002203084,790.2
9256.772932104948,775.24
9257.47286200681,781.52
9258.172791908673,799.65
9258.872721810534,752.23
9259.572651712399,727.53
9260.272581614261,763.29
9260.972511516124,801.64
9261.672441417986,796.27
9262.472361305829,798.68
9263.172291207691,788.53
9263.872221109552,791.07
9264.572151011416,797.31
9265.272080913279,842.21
9265.972010815141,817.34
9266.671940717004,773.18
9267.371870618865,723.45
9268.071800520729,726.95
9268.771730422592,645.5
9269.471660324454,651.07
9270.171590226317,727.58
9270.871520128178,725.32
9271.571450030042,762.77
9272.271379931906,820.04
9272.971309833767,814.15
9273.671239735631,699.53
9274.371169637492,710.96
9275.071099539357,720.01
9275.871019427197,817.38
9276.570949329061,880.63
9277.270879230924,902.05
9277.970809132787,846.15
9278.67073903465,803.57
9279.37066893651,665.22
9280.070598838374,703.34
9280.770528740237,785.06
9281.470458642098,799.32
9282.170388543962,843.41
9282.870318445823,859.99
9283.570248347687,834.82
9284.27017824955,783.06
9284.97010815141,800.75
9285.670038053275,806.73
9286.369967955136,779.95
9287.069897857,777.45
9287.769827758862,748.88
9288.469757660725,724.79
9289.16968756259,693.26
9289.86961746445,699.39
9290.669537352294,747.81
9291.369467254155,775.93
9292.06939715602,817.66
9292.769327057882,844.22
9293.469256959743,791.28
9294.169186861607,692.33
9294.869116763468,749.0
9295.569046665332,782.73
9296.268976567195,702.79
9296.968906469056,704.87
9297.66883637092,812.45
9298.36876627278,879.28
9299.068696174643,903.03
9299.768626076508,801.44
9300.468555978368,784.13
9301.168485880233,808.47
9301.868415782094,888.72
9302.568345683956,781.45
9303.26827558582,685.18
9303.968205487683,621.33
9304.668135389547,569.42
9305.368065291408,685.62
9306.06799519327,851.18
9306.867915081113,1033.4
9307.567844982976,1048.9
9308.26777488484,1040.5
9308.9677047867,994.72
9309.667634688565,892.79
9310.367564590426,727.42
9311.067494492288,537.01
9311.767424394153,429.48
9312.467354296014,499.94
9313.167284197878,775.65
9313.867214099739,1024.0
9314.567144001601,1327.4
9315.267073903466,1284.0
9315.967003805326,1080.2
9316.66693370719,935.0
9317.366863609052,845.16
9318.066793510914,688.8
9318.766723412778,590.08
9319.466653314641,625.37
9320.166583216504,569.55
9320.866513118366,593.57
9321.566443020229,734.93
9322.266372922093,954.99
9322.966302823954,1016.1
9323.666232725816,1083.5
9324.466152613659,1019.6
9325.166082515523,904.08
9325.866012417384,870.08
9326.565942319246,779.18
9327.26587222111,676.09
9327.965802122972,587.52
9328.665732024834,577.33
9329.365661926697,521.64
9330.06559182856,483.2
9330.765521730424,584.79
9331.465451632284,867.71
9332.165381534147,1007.0
9332.86531143601,975.55
9333.565241337872,740.02
9334.265171239736,641.64
9334.965101141597,674.77
9335.665031043462,752.51
9336.364960945324,754.32
9337.064890847187,731.92
9337.76482074905,565.77
9338.464750650912,321.46
9339.164680552774,238.32
9339.864610454637,319.29
9340.5645403565,582.63
9341.264470258362,1074.3
9341.964400160225,1690.6
9342.664330062087,1942.6
9343.36425996395,1634.7
9344.064189865812,1300.9
9344.864109753655,1006.8
9345.564039655517,847.89
9346.26396955738,787.58
9346.963899459242,708.48
9347.663829361105,604.82
9348.363759262968,487.7
9349.06368916483,325.51
9349.763619066693,342.88
9350.463548968555,495.75
9351.16347887042,864.44
9351.863408772282,1215.8
9352.563338674145,963.64
9353.263268576007,536.81
9353.96319847787,439.94
9354.663128379732,709.8
9355.363058281595,1169.5
9356.062988183457,1635.7
9356.76291808532,1551.1
9357.462847987183,1144.9
9358.162777889045,930.32
9358.862707790906,776.68
9359.56263769277,698.58
9360.262567594633,560.13
9360.962497496495,487.3
9361.662427398358,467.42
9362.362357300219,553.02
9363.062287202083,662.27
9363.762217103946,765.78
9364.462147005808,719.53
9365.16207690767,526.03
9365.862006809532,437.36
9366.561936711396,426.49
9367.261866613258,544.41
9367.96179651512,835.45
9368.661726416984,1157.5
9369.461646304828,1353.5
9370.16157620669,1242.9
9370.861506108551,1049.7
9371.561436010415,676.02
9372.261365912278,560.22
9372.96129581414,593.36
9373.661225716003,624.56
9374.361155617864,601.69
9375.061085519728,656.16
9375.76101542159,614.6
9376.460945323452,509.24
9377.160875225316,516.74
9377.860805127177,817.2
9378.560735029041,1065.3
9379.260664930904,1249.0
9379.960594832764,1103.4
9380.660524734629,955.56
9381.36045463649,730.34
9382.060384538354,544.07
9382.760314440216,497.43
9383.460244342077,651.08
9384.160174243942,849.1
9384.860104145804,1063.2
9385.560034047669,1178.3
9386.259963949531,884.74
9386.959893851392,757.05
9387.659823753256,743.64
9388.359753655117,700.77
9389.05968355698,725.84
9389.759613458844,670.29
9390.459543360705,746.09
9391.159473262569,680.86
9391.85940316443,670.18
9392.559333066292,725.51
9393.259262968157,648.62
9393.959192870017,580.8
9394.659122771882,499.92
9395.359052673743,545.15
9396.058982575605,589.35
9396.75891247747,686.02
9397.45884237933,794.04
9398.158772281193,797.56
9398.858702183055,738.06
9399.558632084918,754.23
9400.258561986782,748.5
9400.958491888643,840.9
9401.658421790506,785.96
9402.358351692368,720.91
9403.058281594233,711.13
9403.858201482075,707.13
9404.558131383938,665.31
9405.258061285802,571.45
9405.957991187663,547.17
9406.657921089525,642.74
9407.357850991388,845.91
9408.05778089325,979.85
9408.757710795115,955.28
9409.457640696975,886.95
9410.157570598838,777.04
9410.8575005007,751.87
9411.557430402563,652.75
9412.257360304427,616.43
9412.957290206288,519.88
9413.65722010815,508.44
9414.357150010013,670.38
9415.057079911876,751.46
9415.75700981374,880.27
9416.456939715601,910.76
9417.156869617464,686.99
9417.856799519326,647.64
9418.556729421189,694.93
9419.256659323053,771.71
9419.956589224916,791.51
9420.656519126778,741.92
9421.35644902864,537.35
9422.056378930503,395.34
9422.756308832366,296.5
9423.456238734228,329.39
9424.156168636091,449.1
9424.856098537954,770.24
9425.556028439816,1099.2
9426.255958341679,1085.6
9426.955888243541,948.84
9427.655818145404,916.54
9428.355748047266,920.73
9429.055677949129,909.56
9429.755607850992,863.37
9430.455537752854,775.07
9431.155467654717,752.86
9431.855397556577,719.85
9432.555327458442,556.76
9433.255257360304,397.31
9433.955187262167,475.59
9434.65511716403,579.46
9435.35504706589,543.57
9436.054976967755,557.14
9436.754906869617,678.91
9437.454836771481,629.26
9438.154766673344,759.39
9438.854696575205,1068.3
9439.55462647707,1122.5
9440.254556378932,967.03
9440.954486280792,963.67
9441.654416182657,944.36
9442.354346084518,922.72
9443.054275986382,844.04
9443.754205888245,883.33
9444.454135790105,868.62
9445.15406569197,693.19
9445.85399559383,651.69
9446.553925495695,719.08
9447.253855397557,881.98
9447.953785299418,857.09
9448.653715201282,774.4
9449.353645103143,626.67
9450.053575005008,472.24
9450.75350490687,447.47
9451.45343480873,551.26
9452.153364710595,731.94
9452.853294612456,999.49
9453.553224514319,1192.2
9454.253154416183,1029.9
9454.953084318044,760.39
9455.65301421991,464.61
9456.35294412177,465.02
9457.052874023633,578.71
9457.752803925498,776.61
9458.452733827358,1123.8
9459.152663729223,1186.7
9459.852593631083,1003.6
9460.552523532946,793.57
9461.25245343481,928.08
9461.952383336671,942.81
9462.652313238534,861.03
9463.352243140396,844.18
9464.052173042259,684.35
9464.752102944123,632.96
9465.452032845984,642.53
9466.151962747846,745.52
9466.851892649709,985.81
9467.551822551572,938.04
9468.251752453436,984.18
9468.951682355297,842.09
9469.65161225716,707.4
9470.351542159022,574.13
9471.051472060884,633.69
9471.751401962749,732.36
9472.45133186461,950.9
9473.151261766472,1111.1
9473.851191668336,1017.2
9474.551121570199,811.81
9475.251051472062,593.23
9475.950981373924,508.22
9476.650911275787,415.6
9477.35084117765,466.96
9478.050771079512,775.59
9478.750700981374,1294.1
9479.450630883237,1607.6
9480.1505607851,1619.7
9480.850490686962,1228.3
9481.550420588825,842.59
9482.250350490687,687.18
9482.95028039255,772.35
9483.650210294412,813.78
9484.350140196275,937.78
9485.050070098137,969.57
9485.75,879.65
9486.449929901863,842.68
9487.149859803725,843.29
9487.849789705586,742.65
9488.54971960745,602.49
9489.249649509313,473.42
9489.949579411175,492.83
9490.649509313038,646.44
9491.349439214899,931.16
9492.049369116765,1105.4
9492.749299018627,1087.0
9493.44922892049,1006.5
9494.149158822353,931.37
9494.849088724213,866.07
9495.549018626078,740.63
9496.24894852794,484.83
9496.948878429801,490.41
9497.648808331665,694.8
9498.348738233526,1259.8
9499.04866813539,1755.8
9499.748598037253,1495.8
9500.448527939114,1176.7
9501.148457840978,885.4
9501.848387742839,924.05
9502.548317644703,772.76
9503.248247546566,967.92
9503.948177448427,986.24
9504.648107350291,971.32
9505.348037252152,856.13
9506.047967154016,817.85
9506.747897055879,797.43
9507.44782695774,817.17
9508.147756859604,795.14
9508.847686761465,736.79
9509.547616663327,787.67
9510.247546565193,799.85
9510.947476467054,889.97
9511.647406368918,821.12
9512.34733627078,593.81
9513.047266172642,626.57
9513.747196074506,669.43
9514.347135990387,884.44
9515.04706589225,981.4
9515.746995794114,952.43
9516.446925695975,955.66
9517.146855597837,743.91
9517.8467854997,665.89
9518.546715401562,675.18
9519.246645303427,870.51
9519.946575205287,1122.4
9520.64650510715,1097.8
9521.346435009013,1013.4
9522.046364910875,916.4
9522.746294812738,758.34
9523.4462247146,692.17
9524.146154616463,588.64
9524.846084518325,636.89
9525.546014420188,888.16
9526.24594432205,920.5
9526.945874223913,1272.8
9527.645804125776,984.96
9528.345734027638,879.49
9529.0456639295,811.15
9529.745593831363,869.23
9530.445523733226,920.7
9531.14545363509,840.65
9531.845383536953,709.71
9532.545313438815,699.76
9533.245243340678,901.49
9533.94517324254,931.21
9534.645103144403,812.39
9535.345033046264,747.59
9536.044962948128,662.72
9536.74489284999,744.2
9537.444822751853,729.16
9538.144752653716,766.63
9538.844682555577,621.26
9539.544612457441,586.2
9540.244542359304,562.97
9540.944472261166,660.11
9541.644402163029,1033.4
9542.34433206489,1177.4
9543.044261966754,1215.8
9543.744191868616,1058.8
9544.444121770477,982.35
9545.144051672341,984.49
9545.843981574202,1009.9
9546.543911476067,855.72
9547.24384137793,802.93
9547.84378129381,830.76
9548.543711195673,697.03
9549.243641097537,537.48
9549.943570999398,625.5
9550.643500901262,607.2
9551.343430803123,709.27
9552.043360704987,773.79
9552.743290606852,842.77
9553.443220508712,798.97
9554.143150410577,856.83
9554.843080312437,1149.0
9555.5430102143,1087.1
9556.242940116164,1037.2
9556.942870018025,912.85
9557.64279991989,849.58
9558.34272982175,663.34
9559.042659723613,650.8
9559.742589625477,623.33
9560.442519527338,702.27
9561.1424494292,780.88
9561.842379331063,850.06
9562.542309232926,857.38
9563.24223913479,968.1
9563.94216903665,1144.5
9564.642098938513,1199.4
9565.342028840376,986.35
9566.041958742238,781.45
9566.741888644103,831.11
9567.441818545964,881.56
9568.141748447826,980.8
9568.841678349689,995.1
9569.541608251551,1038.4
9570.241538153416,969.63
9570.941468055278,876.94
9571.541407971159,884.34
9572.241337873022,764.96
9572.941267774886,873.79
9573.641197676749,868.99
9574.34112757861,797.72
9575.041057480474,739.62
9575.740987382336,606.25
9576.440917284199,538.83
9577.140847186061,682.13
9577.840777087922,805.57
9578.540706989786,964.9
9579.240636891649,1154.4
9579.940566793512,1206.2
9580.640496695374,868.83
9581.340426597235,886.62
9582.0403564991,837.85
9582.740286400962,807.45
9583.440216302824,857.39
9584.140146204687,762.11
9584.840076106548,776.91
9585.540006008412,743.62
9586.239935910275,720.77
9586.939865812135,860.8
9587.639795714,845.0
9588.33972561586,872.99
9589.039655517725,884.82
9589.739585419587,956.23
9590.439515321448,1034.2
9591.039455237331,1164.6
9591.739385139195,955.49
9592.439315041056,1012.4
9593.13924494292,895.13
9593.839174844783,848.39
9594.539104746646,839.45
9595.23903464851,912.76
9595.93896455037,907.95
9596.638894452235,989.16
9597.338824354096,1036.6
9598.038754255958,843.66
9598.738684157823,846.65
9599.438614059683,811.44
9600.138543961546,770.37
9600.838473863409,678.61
9601.538403765271,725.71
9602.238333667136,829.12
9602.938263568996,893.82
9603.638193470859,1140.0
9604.338123372721,961.64
9605.038053274584,886.32
9605.737983176448,820.73
9606.437913078309,866.17
9607.037852994192,881.33
9607.737782896054,860.91
9608.437712797917,889.68
9609.13764269978,850.91
9609.837572601642,798.44
9610.537502503505,772.77
9611.237432405367,849.33
9611.93736230723,861.07
9612.637292209092,1023.4
9613.337222110955,897.23
9614.037152012817,770.39
9614.737081914682,665.07
9615.437011816544,673.04
9616.136941718407,709.12
9616.836871620268,685.04
9617.536801522132,713.67
9618.236731423995,721.81
9618.936661325857,754.57
9619.63659122772,809.55
9620.33652112958,864.05
9621.036451031445,804.16
9621.736380933307,749.82
9622.336320849188,705.21
9623.036250751053,730.24
9623.736180652915,890.26
9624.436110554776,878.53
9625.13604045664,846.7
9625.835970358501,843.95
9626.535900260365,873.43
9627.235830162228,899.22
9627.935760064089,845.51
9628.635689965953,877.43
9629.335619867814,762.11
9630.035549769676,764.96
9630.73547967154,725.85
9631.435409573402,732.12
9632.135339475266,709.16
9632.835269377127,592.75
9633.53519927899,631.28
9634.235129180854,821.94
9634.935059082714,989.74
9635.63498898458,975.86
9636.234928900461,883.01
9636.934858802322,810.38
9637.634788704185,827.79
9638.33471860605,843.24
9639.034648507912,847.24
9639.734578409776,783.98
9640.434508311637,733.66
9641.1344382135,669.36
9641.834368115362,649.8
9642.534298017225,768.55
9643.234227919087,856.16
9643.93415782095,998.1
9644.634087722812,933.76
9645.334017624675,810.97
9646.033947526537,805.72
9646.7338774284,861.47
9647.433807330262,800.99
9648.133737232125,757.4
9648.733677148008,761.09
9649.43360704987,783.61
9650.133536951733,855.68
9650.833466853594,777.96
9651.533396755458,826.92
9652.23332665732,752.66
9652.933256559183,690.36
9653.633186461046,697.41
9654.333116362906,793.73
9655.03304626477,886.84
9655.732976166633,867.96
9656.432906068496,754.63
9657.132835970358,726.6
9657.83276587222,705.16
9658.532695774084,746.29
9659.232625675948,818.58
9659.932555577809,928.51
9660.53249549369,933.31
9661.232425395554,982.66
9661.932355297417,914.47
9662.63228519928,882.2
9663.332215101142,924.43
9664.032145003004,908.25
9664.732074904869,812.15
9665.43200480673,684.73
9666.131934708594,612.28
9666.831864610454,682.66
9667.531794512317,762.3
9668.231724414181,807.37
9668.931654316042,982.62
9669.631584217906,896.89
9670.331514119767,813.56
9671.03144402163,759.7
9671.631383937513,822.66
9672.331313839375,864.61
9673.031243741238,796.13
9673.731173643102,813.55
9674.431103544963,774.28
9675.131033446825,882.66
9675.830963348688,829.21
9676.53089325055,792.2
9677.230823152413,784.72
9677.930753054276,878.33
9678.630682956138,985.09
9679.330612858,954.64
9680.030542759863,926.38
9680.730472661726,858.12
9681.430402563588,766.71
9682.030342479471,774.02
9682.730272381334,768.07
9683.430202283196,692.66
9684.130132185059,771.29
9684.83006208692,814.17
9685.529991988786,849.63
9686.229921890648,843.56
9686.92985179251,801.25
9687.629781694373,740.92
9688.329711596234,777.58
9689.029641498098,987.83
9689.729571399961,932.09
9690.429501301822,945.37
9691.129431203686,999.73
9691.729371119569,973.94
9692.42930102143,902.06
9693.129230923294,884.82
9693.829160825155,863.99
9694.529090727017,816.73
9695.229020628882,824.95
9695.928950530742,765.74
9696.628880432607,892.99
9697.328810334468,913.82
9698.02874023633,822.65
9698.728670138195,857.75
9699.428600040055,952.72
9700.12852994192,923.27
9700.82845984378,906.86
9701.428399759663,862.14
9702.128329661526,795.96
9702.828259563388,848.22
9703.52818946525,797.67
9704.228119367115,779.09
9704.928049268976,725.9
9705.627979170838,703.93
9706.327909072701,796.63
9707.027838974564,800.26
9707.727768876426,778.62
9708.427698778289,793.04
9709.127628680153,884.02
9709.827558582016,901.55
9710.427498497897,781.88
9711.127428399759,742.04
9711.827358301622,722.24
9712.527288203486,862.22
9713.227218105349,940.7
9713.927148007211,1086.3
9714.627077909074,911.57
9715.327007810934,899.29
9716.026937712799,923.12
9716.726867614661,1054.5
9717.426797516524,775.95
9718.126727418387,698.42
9718.826657320247,636.94
9719.42659723613,590.97
9720.126527137994,664.22
9720.826457039855,771.45
9721.52638694172,813.69
9722.226316843582,834.96
9722.926246745443,904.36
9723.626176647307,787.1
9724.326106549168,800.01
9725.02603645103,912.91
9725.725966352895,741.03
9726.425896254756,811.02
9727.12582615662,835.48
9727.725766072503,822.42
9728.425695974363,855.85
9729.125625876226,805.93
9729.825555778089,850.81
9730.525485679951,783.59
9731.225415581815,884.19
9731.925345483676,850.14
9732.625275385539,767.38
9733.325205287401,783.8
9734.025135189264,822.92
9734.72506509113,1050.1
9735.42499499299,884.51
9736.024934908872,961.78
9736.724864810734,790.35
9737.424794712599,796.95
9738.124724614461,788.63
9738.824654516324,804.22
9739.524584418186,752.39
9740.224514320049,747.45
9740.924444221911,798.79
9741.624374123774,882.17
9742.324304025635,878.0
9743.0242339275,1023.9
9743.624173843382,794.28
9744.324103745243,788.86
9745.024033647107,733.91
9745.72396354897,828.1
9746.42389345083,721.56
9747.123823352695,925.22
9747.823753254555,886.57
9748.52368315642,882.31
9749.223613058282,786.77
9749.923542960143,813.24
9750.623472862007,772.06
9751.22341277789,839.74
9751.923342679751,899.28
9752.623272581615,955.47
9753.323202483476,811.35
9754.023132385339,751.88
9754.723062287203,890.83
9755.422992189064,1009.6
9756.122922090928,1085.6
9756.822851992789,912.41
9757.522781894651,959.87
9758.222711796516,870.48
9758.822651712397,840.32
9759.52258161426,731.26
9760.222511516124,777.49
9760.922441417984,825.36
9761.622371319847,880.22
9762.32230122171,751.32
9763.022231123572,819.53
9763.722161025436,759.25
9764.422090927299,782.69
9765.122020829162,780.85
9765.821950731024,794.2
9766.421890646907,894.84
9767.12182054877,731.48
9767.82175045063,827.48
9768.521680352495,774.02
9769.221610254357,877.6
9769.92154015622,864.28
9770.621470058082,723.08
9771.321399959943,829.8
9772.021329861807,940.65
9772.72125976367,914.27
9773.32119967955,885.95
9774.021129581415,933.58
9774.721059483278,958.06
9775.420989385138,938.8
9776.120919287003,879.51
9776.820849188864,878.17
9777.520779090728,868.86
9778.22070899259,942.29
9778.920638894451,888.35
9779.620568796316,884.72
9780.220508712198,875.13
9780.92043861406,980.66
9781.620368515923,1092.5
9782.320298417784,1031.9
9783.020228319647,925.6
9783.720158221511,932.17
9784.420088123372,935.24
9785.120018025234,943.65
9785.819947927097,899.84
9786.51987782896,998.56
9787.119817744842,985.4
9787.819747646705,916.54
9788.519677548567,778.76
9789.21960745043,834.26
9789.919537352293,860.72
9790.619467254155,947.28
9791.319397156018,1135.2
9792.01932705788,992.61
9792.719256959745,1004.4
9793.319196875624,931.43
9794.019126777488,918.84
9794.71905667935,1080.6
9795.418986581215,1044.1
9796.118916483078,993.14
9796.818846384938,827.48
9797.518776286803,800.11
9798.218706188665,862.56
9798.918636090528,891.91
9799.61856599239,843.98
9800.218505908273,1000.6
9800.918435810134,1047.1
9801.618365711998,1071.7
9802.318295613859,982.66
9803.018225515723,888.44
9803.718155417586,926.77
9804.418085319447,941.91
9805.118015221311,907.94
9805.817945123172,821.16
9806.417885039054,852.71
9807.117814940919,837.25
9807.81774484278,996.87
9808.517674744642,926.0
9809.217604646507,967.01
9809.917534548367,1011.0
9810.61746445023,932.9
9811.317394352092,877.63
9812.017324253955,953.54
9812.617264169838,898.82
9813.3171940717,858.54
9814.017123973563,966.07
9814.717053875425,922.37
9815.416983777288,906.08
9816.11691367915,992.55
9816.816843581013,946.41
9817.516773482876,996.32
9818.216703384738,978.22
9818.816643300619,954.35
9819.516573202483,1044.0
9820.216503104346,1074.7
9820.916433006209,985.63
9821.616362908071,932.37
9822.316292809932,924.22
9823.016222711796,919.02
9823.71615261366,989.12
9824.31609252954,943.54
9825.016022431404,966.14
9825.715952333267,929.19
9826.41588223513,1023.3
9827.115812136994,988.27
9827.815742038854,945.35
9828.515671940719,903.53
9829.215601842581,824.21
9829.915531744442,918.73
9830.515471660325,902.74
9831.215401562189,891.46
9831.91533146405,926.11
9832.615261365912,945.08
9833.315191267775,984.92
9834.015121169637,886.71
9834.715051071502,846.31
9835.414980973363,951.35
9836.014920889245,954.47
9836.714850791108,925.17
9837.41478069297,1013.0
9838.114710594833,970.73
9838.814640496696,959.58
9839.514570398558,966.93
9840.21450030042,978.12
9840.914430202283,1006.1
9841.514370118166,1078.3
9842.214300020029,938.46
9842.914229921891,1030.6
9843.614159823754,922.28
9844.314089725614,927.18
9845.014019627479,1025.4
9845.713949529341,972.01
9846.413879431204,842.94
9847.113809333066,872.39
9847.71374924895,1098.6
9848.41367915081,1064.2
9849.113609052674,953.56
9849.813538954535,1022.8
9850.5134688564,1105.9
9851.213398758262,1102.9
9851.913328660123,1015.9
9852.613258561987,936.4
9853.21319847787,930.77
9853.91312837973,975.97
9854.613058281595,873.61
9855.312988183456,948.0
9856.012918085318,975.93
9856.712847987183,904.05
9857.412777889043,1049.0
9858.012717804926,895.22
9858.71264770679,971.25
9859.412577608651,946.69
9860.112507510516,939.54
9860.812437412378,1072.7
9861.51236731424,876.79
9862.212297216103,961.38
9862.912227117966,1004.0
9863.512167033849,978.44
9864.212096935711,1021.9
9864.912026837574,1151.3
9865.611956739436,918.16
9866.311886641297,965.35
9867.011816543161,936.41
9867.711746445024,1004.4
9868.411676346886,1112.9
9869.01161626277,866.79
9869.711546164632,935.01
9870.411476066492,964.51
9871.111405968357,1035.2
9871.811335870218,994.65
9872.511265772082,948.59
9873.211195673945,909.46
9873.811135589825,983.13
9874.511065491688,936.82
9875.210995393552,825.95
9875.910925295413,922.0
9876.610855197277,870.67
9877.310785099138,961.32
9878.010715001,1061.5
9878.710644902865,921.82
9879.310584818746,1045.3
9880.010514720609,971.7
9880.710444622473,980.7
9881.410374524334,1004.7
9882.110304426196,978.38
9882.810234328059,991.62
9883.410174243942,1020.3
9884.110104145804,1047.1
9884.810034047667,823.3
9885.50996394953,1040.3
9886.209893851392,927.51
9886.809833767273,1018.9
9887.509763669137,993.22
9888.209693571,911.08
9888.909623472862,986.36
9889.609553374725,942.44
9890.309483276586,952.76
9890.909423192468,1216.0
9891.609353094333,887.27
9892.309282996193,1063.2
9893.009212898058,1028.0
9893.70914279992,888.63
9894.309082715801,729.7
9895.009012617664,957.1
9895.708942519528,948.57
9896.408872421389,832.29
9897.108802323251,970.32
9897.708742239136,1039.5
9898.408672140997,820.97
9899.10860204286,897.67
9899.808531944722,956.52
9900.508461846584,1031.7
9901.208391748447,1180.6
9901.80833166433,1001.0
9902.508261566192,941.89
9903.208191468055,914.68
9903.908121369917,927.97
9904.608051271782,1023.1
9905.207991187663,783.41
9905.907921089525,909.18
9906.607850991388,886.63
9907.30778089325,1107.5
9908.007710795115,883.63
9908.607650710996,1156.1
9909.307580612856,1001.5
9910.00751051472,1002.0
9910.707440416585,1222.5
9911.407370318446,1060.1
9912.10730022031,799.15
9912.707240136193,1081.3
9913.407170038054,849.22
9914.107099939916,1119.7
9914.807029841779,885.82
9915.506959743641,1139.9
9916.106899659524,1072.7
9916.806829561387,909.61
9917.50675946325,1100.9
9918.206689365112,952.48
9918.906619266974,989.27
9919.506559182857,911.87
9920.20648908472,888.27
9920.906418986582,1027.3
9921.606348888445,1081.6
9922.306278790305,862.36
9922.906218706188,963.69
9923.606148608053,1010.5
9924.306078509913,971.76
9925.006008411778,1026.7
9925.70593831364,1028.6
9926.305878229521,1021.5
9927.005808131384,949.37
9927.705738033248,922.65
9928.405667935109,892.24
9929.105597836973,914.77
9929.705537752856,1133.6
9930.405467654717,994.45
9931.10539755658,1069.4
9931.805327458442,1012.9
9932.505257360304,998.76
9933.105197276187,932.97
9933.80512717805,1003.6
9934.505057079912,954.36
9935.204986981775,950.78
9935.904916883637,967.92
9936.50485679952,946.34
9937.204786701383,1032.1
9937.904716603245,1037.4
9938.604646505108,1005.7
9939.304576406968,852.39
9939.904516322851,969.32
9940.604446224716,1061.7
9941.304376126576,1032.7
9942.00430602844,980.08
9942.704235930303,1092.5
9943.304175846184,1000.1
9944.004105748047,867.67
9944.704035649911,819.94
9945.403965551772,1062.3
9946.103895453636,1023.6
9946.703835369519,1036.0
9947.40376527138,933.35
9948.103695173242,932.65
9948.803625075105,1004.4
9949.403564990987,1017.1
9950.10349489285,926.12
9950.803424794713,864.15
9951.503354696575,1018.0
9952.203284598438,912.66
9952.803224514319,1194.7
9953.503154416183,924.71
9954.203084318046,826.0
9954.903014219908,921.82
9955.60294412177,953.1
9956.202884037653,1030.1
9956.902813939514,941.58
9957.602743841378,903.03
9958.30267374324,998.6
9959.002603645104,998.66
9959.602543560986,1259.8
9960.302473462847,850.27
9961.00240336471,926.6
9961.702333266574,1125.5
9962.302273182455,887.22
9963.002203084317,1163.4
9963.702132986182,1166.4
9964.402062888043,867.49
9965.101992789905,976.18
9965.701932705788,1080.8
9966.40186260765,1125.7
9967.101792509513,950.8
9967.801722411376,1177.2
9968.501652313238,1129.1
9969.10159222912,1005.8
9969.801522130982,1207.0
9970.501452032846,897.7
9971.201381934708,947.02
9971.80132185059,1050.8
9972.501251752454,903.1
9973.201181654316,980.57
9973.901111556177,876.0
9974.601041458041,981.74
9975.200981373924,944.15
9975.900911275785,833.98
9976.60084117765,1034.3
9977.30077107951,945.74
9977.900710995393,1086.7
9978.600640897255,932.82
9979.300570799118,893.23
9980.00050070098,917.84
9980.700430602845,971.74
9981.300370518726,1098.3
9982.000300420588,889.33
9982.70023032245,1195.9
9983.400160224313,904.79
9984.000100140196,929.38
9984.700030042059,958.54
9985.399959943921,861.07
9986.099889845784,1035.6
9986.799819747645,1108.9
9987.399759663527,993.67
9988.099689565392,830.67
9988.799619467252,922.98
9989.499549369117,1314.1
9990.099489285,1187.5
9990.79941918686,979.63
9991.499349088723,894.41
9992.199278990587,1055.3
9992.799218906468,896.3
9993.49914880833,1096.1
9994.199078710195,1050.8
9994.899008612056,1088.7
9995.598938513918,1047.7
9996.198878429801,970.08
9996.898808331664,1052.6
9997.598738233526,1031.8
9998.298668135389,1022.1
9998.898608051271,880.09
9999.998497897055,858.08
9999.998497897055,855.71
10000.998397756859,1042.2
10001.998297616663,918.85
10001.998297616663,888.23
10002.998197476467,844.68
10003.99809733627,1085.5
10003.99809733627,982.35
10004.997997196075,1016.2
10005.997897055879,1240.6
10005.997897055879,1007.5
10006.99779691568,893.31
10007.997696775486,1127.0
10007.997696775486,1023.9
10008.997596635289,1168.3
10009.997496495094,1121.8
10009.997496495094,1050.7
10010.997396354896,910.67
10011.9972962147,1076.3
10011.9972962147,841.61
10012.997196074504,950.48
10013.997095934308,1014.9
10014.996995794112,853.91
10014.996995794112,975.03
10015.996895653916,958.86
10016.996795513718,989.39
10016.996795513718,1217.0
10017.996695373524,760.02
10018.996595233326,1086.6
10018.996595233326,1201.1
10019.996495093132,957.15
10020.996394952934,1022.3
10020.996394952934,1180.0
10021.996294812738,1094.5
10022.996194672542,1055.7
10022.996194672542,825.27
10023.996094532346,970.93
10024.99599439215,1082.5
10024.99599439215,1324.3
10025.995894251953,831.88
10026.995794111757,998.44
10026.995794111757,870.19
10027.995693971561,1141.3
10028.995593831363,810.87
10028.995593831363,1081.7
10029.995493691169,1074.5
10030.995393550971,1204.2
10030.995393550971,1600.0
10031.995293410775,1092.2
10032.995193270579,1017.7
10032.995193270579,1522.4
10033.995093130381,1150.0
10034.994992990187,889.93
10034.994992990187,838.32
10035.994892849989,890.39
10036.994792709795,946.93
10036.994792709795,996.86
10037.994692569597,897.99
10038.9945924294,798.86
10038.9945924294,1021.0
10039.994492289205,1003.1
10040.994392149008,880.66
10041.994292008812,800.81
10041.994292008812,814.56
10042.994191868616,905.62
10043.99409172842,1463.3
10043.99409172842,1138.6
10044.993991588224,825.15
10045.993891448026,822.04
10045.993891448026,971.9
10046.993791307832,1222.4
10047.993691167634,1089.3
10047.993691167634,1005.6
10048.99359102744,1045.9
10049.993490887242,1035.4
10049.993490887242,965.14
10050.993390747046,1028.9
10051.99329060685,990.33
10051.99329060685,1233.2
10052.993190466654,1029.5
10053.993090326458,1086.1
10053.993090326458,1078.4
10054.992990186262,1190.2
10055.992890046064,1018.9
10055.992890046064,1123.2
10056.99278990587,985.26
10057.992689765671,1034.7
10057.992689765671,903.85
10058.992589625477,907.5
10059.99248948528,1229.7
10059.99248948528,982.43
10060.992389345083,1182.0
10061.992289204887,1166.9
10061.992289204887,901.65
10062.99218906469,939.7
10063.992088924495,875.86
10063.992088924495,1092.9
10064.991988784297,926.08
10065.991888644103,1049.2
10065.991888644103,996.13
10066.991788503905,809.39
10067.991688363709,1229.9
10067.991688363709,953.45
10068.991588223513,1010.2
10069.991488083317,1006.3
10070.99138794312,1015.4
10070.99138794312,1171.5
10071.991287802924,1248.9
10072.991187662727,1103.2
10072.991187662727,1070.7
10073.991087522532,962.31
10074.990987382334,977.82
10074.990987382334,932.79
10075.99088724214,1174.2
10076.990787101942,1139.0
10076.990787101942,962.82
10077.990686961748,1297.4
10078.99058682155,1094.4
10078.99058682155,1076.9
10079.990486681354,1019.0
10080.990386541158,1018.4
10080.990386541158,1535.0
10081.990286400962,1238.3
10082.990186260766,859.6
10082.990186260766,1261.3
10083.99008612057,1016.1
10084.989985980372,979.71
10084.989985980372,1201.3
10085.989885840178,860.0
10086.98978569998,1160.4
10086.98978569998,1021.6
10087.989685559785,1002.9
10088.989585419587,809.55
10088.989585419587,1043.3
10089.989485279391,1016.2
10090.989385139195,943.6
10090.989385139195,1141.1
10091.989284998997,1221.9
10092.989184858803,1087.3
10092.989184858803,1145.2
10093.989084718605,984.89
10094.98898457841,1365.3
10094.98898457841,886.93
10095.988884438213,1382.3
10096.988784298017,828.7
10096.988784298017,852.61
10097.98868415782,1449.3
10098.988584017625,878.87
10098.988584017625,1203.1
10099.988483877429,868.9
10100.988383737233,933.4
10100.988383737233,1087.4
10101.988283597035,1140.4
10102.98818345684,892.92
10102.98818345684,1218.8
10103.988083316643,1238.9
10104.987983176448,1014.0
10104.987983176448,912.92
10105.98788303625,1091.5
10106.987782896054,1089.4
10107.987682755858,1351.9
10107.987682755858,1115.2
10108.987582615662,1099.7
10109.987482475466,1148.5
10109.987482475466,962.21
10110.98738233527,704.92
10111.987282195072,1277.0
10111.987282195072,782.04
10112.987182054878,1509.1
10113.98708191468,795.56
10113.98708191468,764.94
10114.986981774486,1070.5
10115.986881634288,817.23
10115.986881634288,1352.4
10116.986781494094,778.66
10117.986681353896,1248.7
10117.986681353896,1744.3
10118.9865812137,1104.0
10119.986481073503,1615.6
10119.986481073503,1726.2
10120.986380933306,1167.2
10121.986280793111,948.97
10121.986280793111,963.03
10122.986180652913,883.36
10123.986080512717,1101.0
10123.986080512717,2048.0
10124.985980372521,1327.6
10125.985880232325,1050.7
10125.985880232325,1633.8
10126.985780092129,1127.2
10127.985679951933,829.86
10127.985679951933,1117.9
10128.985579811735,736.69
10129.98547967154,917.06
10129.98547967154,1001.8
10130.985379531343,1016.6
10131.985279391149,837.44
10131.985279391149,1075.5
10132.98517925095,1383.5
10133.985079110756,918.9
10133.985079110756,729.26
10134.984978970559,1091.8
10135.984878830363,1012.7
10135.984878830363,854.56
10136.984778690166,1041.1
10137.98467854997,935.79
10137.98467854997,874.33
10138.984578409774,805.44
10139.984478269578,1007.4
10139.984478269578,1070.1
10140.98437812938,996.03
10141.984277989186,896.37
10141.984277989186,1116.2
10142.984177848988,826.0
10143.984077708794,712.66
10143.984077708794,801.18
10144.983977568596,1007.5
10145.9838774284,854.88
10145.9838774284,974.49
10146.983777288204,1006.0
10147.983677148008,955.0
10147.983677148008,1652.1
10148.983577007812,861.29
10149.983476867614,775.65
10149.983476867614,1396.6
10150.983376727418,925.18
10151.983276587222,836.99
10151.983276587222,914.47
10152.983176447025,1352.9
10153.98307630683,1015.5
10153.98307630683,877.2
10154.982976166633,967.97
10155.982876026437,1100.6
10155.982876026437,1435.2
10156.982775886241,878.22
10157.982675746043,1437.5
10157.982675746043,961.61
10158.982575605849,850.32
10159.982475465651,890.75
10159.982475465651,1489.0
10160.982375325457,1018.3
10161.982275185259,1177.5
10161.982275185259,1127.7
10162.982175045063,1255.5
10163.982074904867,943.44
10163.982074904867,892.61
10164.98197476467,974.75
10165.981874624475,802.21
10166.981774484279,991.28
10166.981774484279,680.67
10167.98167434408,1034.2
10168.981574203886,920.16
10168.981574203886,1493.6
10169.981474063688,658.21
10170.981373923494,849.06
10170.981373923494,878.46
10171.981273783296,1100.2
10172.981173643102,920.3
10172.981173643102,1031.4
10173.981073502904,795.18
10174.980973362708,1142.5
10174.980973362708,957.44
10175.980873222512,1020.7
10176.980773082316,858.37
10176.980773082316,568.72
10177.98067294212,966.06
10178.980572801924,650.73
10178.980572801924,1534.2
10179.980472661726,941.42
10180.98037252153,986.97
10180.98037252153,1245.7
10181.980272381334,814.05
10182.980172241138,2644.3
10182.980172241138,642.98
10183.980072100941,1936.7
10184.979971960744,568.82
10184.979971960744,702.92
10185.97987182055,1318.7
10186.979771680351,1173.1
10186.979771680351,952.45
10187.979671540157,1165.1
10188.97957139996,1041.0
10188.97957139996,981.26
10189.979471259765,1056.6
10190.979371119567,1134.9
10190.979371119567,1013.7
10191.979270979371,1127.7
10192.979170839175,905.0
10192.979170839175,721.23
10193.979070698979,1442.7
10194.978970558783,779.49
10194.978970558783,701.59
10195.978870418587,902.59
10196.978770278389,759.16
10196.978770278389,788.33
10197.978670138195,1263.6
10198.978569997997,941.28
10198.978569997997,1010.2
10199.978469857802,1059.8
10200.978369717604,752.01
10200.978369717604,892.05
10201.978269577408,1060.9
10202.978169437212,1213.5
10202.978169437212,832.33
10203.978069297016,948.07
10204.97796915682,998.32
10204.97796915682,1192.5
10205.977869016624,1077.6
10206.977768876426,960.0
10206.977768876426,1638.9
10207.977668736232,948.81
10208.977568596034,1506.5
10208.977568596034,967.46
10209.977468455838,816.15
10210.977368315642,951.67
10210.977368315642,1561.0
10211.977268175446,1073.8
10212.97716803525,1218.2
10212.97716803525,1042.8
10213.977067895052,636.97
10214.976967754857,950.67
10214.976967754857,1313.9
10215.97686761466,577.25
10216.976767474465,1093.5
10216.976767474465,840.54
10217.976667334267,1013.5
10218.976567194071,811.64
10218.976567194071,901.33
10219.976467053875,1197.5
10220.97636691368,966.73
10220.97636691368,966.64
10221.976266773483,1220.2
10222.976166633287,2059.4
10222.976166633287,708.61
10223.97606649309,783.28
10224.975966352895,768.07
10224.975966352895,1227.6
10225.975866212697,613.19
10226.975766072503,1243.8
10226.975766072503,1773.6
10227.975665932305,725.26
10228.97556579211,772.67
10228.97556579211,802.98
10229.975465651913,897.32
10230.975365511717,1010.4
10230.975365511717,897.2
10231.97526537152,1275.6
10232.975165231324,728.22
10232.975165231324,1017.2
10233.975065091128,1860.9
10234.974964950932,885.23
10234.974964950932,976.83
10235.974864810734,1086.4
10236.97476467054,606.06
10236.97476467054,662.06
10237.974664530342,737.39
10238.974564390148,700.84
10238.974564390148,829.96
10239.97446424995,1485.4
10240.974364109752,999.14
10240.974364109752,1217.7
10241.974263969558,900.35
10242.97416382936,912.4
10242.97416382936,608.06
10243.974063689166,864.32
10244.973963548968,1730.6
10244.973963548968,974.64
10245.973863408773,639.54
10246.973763268576,742.04
10246.973763268576,583.71
10247.97366312838,914.41
10248.973562988183,813.6
10248.973562988183,950.05
10249.973462847987,840.76
10250.973362707791,820.28
10250.973362707791,3513.2
10251.973262567595,1286.6
10252.973162427397,871.45
10252.973162427397,1010.6
10253.973062287203,636.68
10254.972962147005,696.09
10254.972962147005,677.3
10255.97286200681,3019.3
10256.972761866613,752.02
10256.972761866613,973.33
10257.972661726417,1143.3
10258.97256158622,962.56
10258.97256158622,1032.4
10259.972461446025,4007.1
10260.972361305829,894.59
10260.972361305829,677.21
10261.972261165633,767.83
10261.972261165633,803.79
10262.972161025436,1610.9
10263.97206088524,1489.9
10263.97206088524,2167.9
10264.971960745042,747.27
10265.971860604848,896.18
10265.971860604848,1052.5
10266.97176046465,749.25
10267.971660324456,2990.3
10267.971660324456,639.96
10268.971560184258,1050.4
10269.97146004406,877.35
10269.97146004406,651.14
10270.971359903866,1126.8
10271.971259763668,723.21
10271.971259763668,1138.0
10272.971159623474,1416.6
10273.971059483276,1409.5
10273.971059483276,758.52
10274.97095934308,767.79
10275.970859202884,2753.8
10275.970859202884,1423.6
10276.970759062688,645.8
10277.970658922492,1888.8
10277.970658922492,752.07
10278.970558782295,618.42
10279.970458642098,520.91
10279.970458642098,1169.2
10280.970358501903,1097.7
10281.970258361705,711.51
10281.970258361705,733.13
10282.970158221511,3623.6
10283.970058081313,1505.7
10283.970058081313,704.1
10284.969957941119,771.04
10285.969857800921,1034.5
10285.969857800921,1492.3
10286.969757660725,1330.6
10287.969657520529,1276.7
10287.969657520529,1480.0
10288.969557380333,1204.6
10289.969457240137,1281.3
10289.969457240137,679.84
10290.96935709994,1433.2
10291.969256959743,1979.6
10291.969256959743,8279.2
10292.969156819549,1101.4
10293.96905667935,727.47
10293.96905667935,491.77
10294.968956539156,1422.8
10295.968856398958,994.71
10295.968856398958,1915.8
10296.968756258762,877.15
10297.968656118566,1958.7
10297.968656118566,1119.6
10298.96855597837,517.59
10299.968455838174,647.86
10299.968455838174,526.56
10300.968355697976,475.69
10301.968255557782,588.04
10301.968255557782,1133.5
10302.968155417584,1280.9
10303.968055277388,677.53
10303.968055277388,838.36
10304.967955137192,2423.2
10305.967854996996,1467.1
10305.967854996996,777.88
10306.9677548568,1365.0
10307.967654716604,1061.7
10307.967654716604,659.06
10308.967554576406,686.58
10309.967454436211,904.2
10309.967454436211,944.07
10310.967354296014,4687.2
10311.96725415582,775.68
10311.96725415582,886.76
10312.967154015621,831.63
10313.967053875425,1052.5
10313.967053875425,1596.7
10314.96695373523,792.06
10315.966853595033,972.24
10315.966853595033,1026.3
10316.966753454837,1055.2
10317.966653314641,1656.8
10317.966653314641,2188.6
10318.966553174445,447.84
10319.966453034249,402.9
10319.966453034249,7254.1
10320.966352894051,1414.0
10320.966352894051,573.02
10321.966252753857,2336.5
10322.966152613659,3319.6
10322.966152613659,3395.1
10323.966052473465,698.59
10324.965952333267,398.88
10324.965952333267,653.6
10325.96585219307,473.24
10326.965752052874,1279.7
10326.965752052874,5335.2
10327.965651912678,3608.8
10328.965551772482,609.54
10328.965551772482,664.53
10329.965451632284,861.85
10330.965351492088,417.56
10330.965351492088,1442.7
10331.965251351892,504.88
10332.965151211696,1018.8
10332.965151211696,692.85
10333.9650510715,457.5
10334.964950931304,798.76
10334.964950931304,338.44
10335.964850791106,726.39
10336.964750650912,899.09
10336.964750650912,794.55
10337.964650510714,2155.2
10338.96455037052,1057.6
10338.96455037052,2817.6
10339.964450230322,1607.6
10340.964350090127,798.18
10340.964350090127,512.5
10341.96424994993,4574.2
10342.964149809733,999.51
10342.964149809733,2190.8
10343.964049669537,678.99
10344.963949529341,416.81
10344.963949529341,358.88
10345.963849389145,730.45
10346.96374924895,999.34
10346.96374924895,1516.0
10347.963649108751,3015.8
10348.963548968557,660.53
10348.963548968557,953.66
10349.96344882836,760.22
10350.963348688165,946.65
10350.963348688165,6775.4
10351.963248547967,839.85
10352.96314840777,10943.0
10352.96314840777,366.84
10353.963048267575,31877.0
10354.962948127379,2958.0
10354.962948127379,1359.9
10355.962847987183,3004.1
10355.962847987183,3210.4
10356.962747846987,3453.0
10357.96264770679,695.46
10357.96264770679,526.31
10358.962547566593,5681.2
10359.962447426396,1190.5
10359.962447426396,625.82
10360.9623472862,1005.2
10361.962247146004,487.17
10361.962247146004,448.82
10362.962147005808,476.96
10363.962046865612,2043.4
10363.962046865612,4799.9
10364.961946725414,497.69
10365.96184658522,537.28
10365.96184658522,3445.6
10366.961746445022,7493.9
10367.961646304828,623.88
10367.961646304828,586.67
10368.96154616463,4047.0
10369.961446024434,1375.5
10369.961446024434,4381.2
10370.961345884238,1177.3
10371.961245744042,
10371.961245744042,
10372.961145603846,
10373.96104546365,
10373.96104546365,
10374.960945323453,
10375.960845183257,
10375.960845183257,
10376.96074504306,
10377.960644902865,
10377.960644902865,
10378.960544762667,
10379.960444622473,
10379.960444622473,
10380.960344482275,
10381.960244342079,
10381.960244342079,
10382.960144201883,
10383.960044061687,
10383.960044061687,
10384.95994392149,
10384.95994392149,
10385.959843781295,
10386.959743641097,
10386.959743641097,
10387.959643500903,
10388.959543360705,
10388.959543360705,
10389.959443220509,
10390.959343080312,
10390.959343080312,
10391.959242940115,
10392.95914279992,
10392.95914279992,
10393.959042659722,
10394.958942519528,
10394.958942519528,
10395.95884237933,
10396.958742239136,
10396.958742239136,
10397.958642098938,
10398.958541958742,
