wav,flam
6220.1508467417025,7.371152458950948e-17
6220.906547784309,7.045974885404438e-17
6221.662248826917,7.304790783539867e-17
6222.417949869525,7.344853939982657e-17
6223.173650912133,7.672040259542495e-17
6223.929351954741,8.62762407357461e-17
6224.685052997348,7.89153405368289e-17
6225.440754039956,7.904626649339536e-17
6226.196455082564,7.713909280311116e-17
6226.952156125172,7.216300671132456e-17
6227.70785716778,6.906943409482615e-17
6228.463558210387,6.69324044218289e-17
6229.2192592529955,6.831924888903075e-17
6229.9749602956035,6.610062710855983e-17
6230.730661338212,6.401852198399103e-17
6231.48636238082,6.913152562860072e-17
6232.242063423427,7.747267771994394e-17
6232.997764466035,7.410083026557649e-17
6233.753465508643,6.834622255068482e-17
6234.509166551251,6.696410062360604e-17
6235.264867593859,6.638256449703561e-17
6236.020568636466,6.6536829668242e-17
6236.776269679074,6.578780633890171e-17
6237.531970721682,6.786501242840781e-17
6238.28767176429,6.772431747694603e-17
6239.043372806898,6.50986399846855e-17
6239.799073849505,6.806748654908677e-17
6240.554774892113,6.792126187027103e-17
6241.310475934721,6.541619303904165e-17
6242.066176977329,6.156724098697271e-17
6242.821878019936,5.72253775867675e-17
6243.577579062544,5.679423699517986e-17
6244.333280105152,5.729816370851639e-17
6245.08898114776,5.875760042580916e-17
6245.844682190368,5.787183393168554e-17
6246.600383232976,6.140477476842162e-17
6247.356084275583,6.617978955312951e-17
6248.111785318191,6.707192239845226e-17
6248.867486360799,6.413945180163947e-17
6249.623187403407,6.390998005030221e-17
6250.378888446014,6.97016605016957e-17
6251.134589488622,7.11244360488302e-17
6251.89029053123,7.406851601250355e-17
6252.645991573838,7.784460886092736e-17
6253.401692616446,7.739816090485693e-17
6254.157393659054,7.791716619759693e-17
6254.913094701661,7.835783251022878e-17
6255.668795744269,7.56769560089278e-17
6256.424496786877,7.544472615372328e-17
6257.180197829485,7.970262138555881e-17
6257.935898872092,8.099324198858033e-17
6258.6915999147,8.162934312240805e-17
6259.4473009573085,7.81950919468834e-17
6260.2030019999165,7.494225974556563e-17
6260.958703042525,7.89703989956877e-17
6261.714404085132,8.160636122825629e-17
6262.47010512774,8.356458718303433e-17
6263.225806170348,8.859837425111406e-17
6263.981507212956,8.7373699352304e-17
6264.737208255564,8.11324433523303e-17
6265.492909298171,7.47708719595225e-17
6266.248610340779,7.526781638355808e-17
6267.004311383387,7.424650160691204e-17
6267.760012425995,8.079311246960437e-17
6268.515713468603,7.822480473879286e-17
6269.2714145112095,7.565825497909424e-17
6270.027115553818,7.360579629216992e-17
6270.782816596426,7.086147754032636e-17
6271.538517639034,6.870131539614479e-17
6272.294218681641,7.496591932675934e-17
6273.049919724249,8.376098977031527e-17
6273.805620766857,8.732412346952184e-17
6274.561321809465,8.949360876024995e-17
6275.317022852073,9.200590588303336e-17
6276.072723894681,8.570707491552515e-17
6276.828424937288,8.103585947455951e-17
6277.584125979896,7.616798645931972e-17
6278.339827022504,7.829142443547429e-17
6279.095528065112,8.047945150865693e-17
6279.851229107719,8.404774875387947e-17
6280.606930150327,8.141479137346903e-17
6281.362631192935,7.411980081001725e-17
6282.118332235543,6.903229139607298e-17
6282.874033278151,6.973873970354498e-17
6283.629734320759,6.690172566661812e-17
6284.385435363366,6.517322719679168e-17
6285.141136405974,6.711154443620226e-17
6285.896837448582,6.561689476165862e-17
6286.65253849119,6.43706126307728e-17
6287.408239533797,6.636415992245487e-17
6288.163940576405,6.756783466806297e-17
6288.919641619013,6.902710527480132e-17
6289.6753426616215,6.550141772469524e-17
6290.4310437042295,6.648488537499738e-17
6291.186744746838,7.079426882991986e-17
6291.942445789445,7.366109214835479e-17
6292.698146832053,8.266536050655199e-17
6293.453847874661,8.579546003808506e-17
6294.209548917269,8.87596295188123e-17
6294.965249959876,8.534399813344455e-17
6295.720951002484,8.583964695650264e-17
6296.476652045092,8.56289815812807e-17
6297.2323530877,8.337060575456668e-17
6297.988054130308,8.635582370692342e-17
6298.7437551729145,8.388252781238635e-17
6299.4994562155225,8.116370731484108e-17
6300.255157258131,9.445968659267566e-17
6301.010858300739,8.277480848855258e-17
6301.766559343347,7.603686435653407e-17
6302.522260385954,6.796311874974858e-17
6303.277961428562,7.032108427571976e-17
6304.03366247117,7.202062091484761e-17
6304.789363513778,6.82141787069543e-17
6305.545064556386,6.820116901330641e-17
6306.300765598993,7.171339759860976e-17
6307.056466641601,7.403973143936806e-17
6307.812167684209,7.555154831869606e-17
6308.567868726817,7.081761246230758e-17
6309.323569769424,6.768882485239288e-17
6310.079270812032,7.430912756867107e-17
6310.83497185464,7.646180296650978e-17
6311.590672897248,7.433966087804979e-17
6312.346373939856,7.959035916407107e-17
6313.102074982464,8.769688436111935e-17
6313.857776025071,8.981602985047166e-17
6314.613477067679,8.853891850924776e-17
6315.369178110287,8.53827583993779e-17
6316.124879152895,8.326264554244624e-17
6316.880580195502,7.748744270167033e-17
6317.63628123811,7.786637016722903e-17
6318.391982280718,7.777595854486839e-17
6319.147683323326,7.907365332275241e-17
6319.9033843659345,7.807668387824684e-17
6320.6590854085425,7.775221614155427e-17
6321.41478645115,7.879943432752468e-17
6322.170487493758,7.904486906891213e-17
6322.926188536366,7.716577905325708e-17
6323.681889578974,7.680009613166421e-17
6324.437590621581,7.802637379157045e-17
6325.193291664189,7.699995164928702e-17
6325.948992706797,7.463471256225115e-17
6326.704693749405,7.445851161665779e-17
6327.460394792013,7.793374213737948e-17
6328.216095834619,8.094820477201112e-17
6328.9717968772275,8.171651013677089e-17
6329.7274979198355,8.169660494428375e-17
6330.483198962444,8.27096422692976e-17
6331.238900005052,7.86262174393342e-17
6331.994601047659,7.415026378333806e-17
6332.750302090267,7.805170410598198e-17
6333.506003132875,8.277002048094247e-17
6334.261704175483,7.92033163627175e-17
6335.017405218091,7.882498541206574e-17
6335.773106260698,8.022586060994206e-17
6336.528807303306,8.500781973390819e-17
6337.284508345914,8.628584402908164e-17
6338.040209388522,8.645910479831467e-17
6338.79591043113,8.603668742010477e-17
6339.551611473737,8.17845020491585e-17
6340.307312516345,8.140048619441665e-17
6341.063013558953,7.904316451834908e-17
6341.818714601561,7.636143011274386e-17
6342.574415644169,7.434365153440194e-17
6343.330116686776,7.036932857166889e-17
6344.085817729384,7.510771845280525e-17
6344.841518771992,7.203983584359189e-17
6345.5972198146,6.812889912177671e-17
6346.352920857207,6.987169374595614e-17
6347.108621899815,7.073810192862465e-17
6347.864322942423,7.525364705125949e-17
6348.620023985031,7.172218191869928e-17
6349.375725027639,7.151999828685889e-17
6350.1314260702475,7.075378267616112e-17
6350.887127112855,6.978552583580649e-17
6351.642828155463,7.233747301630143e-17
6352.398529198071,7.408008016523552e-17
6353.154230240679,7.77401392174135e-17
6353.909931283286,7.840842230516182e-17
6354.665632325894,7.633958267434223e-17
6355.421333368502,7.645863704147555e-17
6356.17703441111,8.30312015868435e-17
6356.932735453718,8.79961883474209e-17
6357.688436496326,8.567998582746806e-17
6358.444137538932,8.363267561374633e-17
6359.1998385815405,8.406235602760272e-17
6359.9555396241485,8.331589127147536e-17
6360.711240666757,8.66178808656628e-17
6361.466941709364,8.795252925566321e-17
6362.222642751972,8.826325674548765e-17
6362.97834379458,8.472818117275674e-17
6363.734044837188,8.853489778629415e-17
6364.489745879796,9.024823617195022e-17
6365.245446922403,8.785257427475208e-17
6366.001147965011,8.636738762675029e-17
6366.756849007619,8.629990830719098e-17
6367.512550050227,8.547600257805291e-17
6368.268251092835,8.311912299319798e-17
6369.0239521354415,8.24689734192492e-17
6369.77965317805,8.580241055972391e-17
6370.535354220658,8.626896092510117e-17
6371.291055263266,8.534281872177226e-17
6372.046756305874,8.043564706517847e-17
6372.802457348481,8.285274214388554e-17
6373.558158391089,8.520365687380728e-17
6374.313859433697,8.586820488622426e-17
6375.069560476305,8.817770835752372e-17
6375.825261518912,8.928312604283176e-17
6376.58096256152,8.423115485787441e-17
6377.336663604128,7.9995788352137e-17
6378.092364646736,7.893768853589296e-17
6378.848065689344,8.001557938437159e-17
6379.603766731952,7.981979389853529e-17
6380.35946777456,7.736372340471527e-17
6381.115168817168,7.450801426139712e-17
6381.870869859776,7.64759845696404e-17
6382.626570902384,7.873958292119056e-17
6383.382271944991,7.868286642452768e-17
6384.137972987599,7.48106742965299e-17
6384.893674030207,7.443055162263152e-17
6385.649375072815,8.160726331975155e-17
6386.405076115423,8.389281580852428e-17
6387.160777158031,8.011025099861664e-17
6387.916478200637,8.020803697253019e-17
6388.672179243245,7.94893069786059e-17
6389.4278802858535,7.86607889771041e-17
6390.1835813284615,8.137085122696732e-17
6390.939282371069,8.506698646269531e-17
6391.694983413677,8.385350463277183e-17
6392.450684456285,8.101581220522231e-17
6393.206385498893,8.762000875478702e-17
6393.962086541501,9.043839398913474e-17
6394.717787584109,8.601849429690698e-17
6395.473488626716,8.361029186084038e-17
6396.229189669324,8.337006590006886e-17
6396.984890711932,8.504074668320432e-17
6397.74059175454,7.946046608155182e-17
6398.496292797146,7.562936702970673e-17
6399.2519938397545,7.820736635578175e-17
6400.007694882363,8.331261161331169e-17
6400.763395924971,8.780564857425185e-17
6401.519096967579,8.871746040832003e-17
6402.274798010186,8.790745658866018e-17
6403.030499052794,8.491129656566001e-17
6403.786200095402,8.130682045083454e-17
6404.54190113801,7.900674236216085e-17
6405.297602180618,7.911983082719379e-17
6406.053303223225,8.08858601542949e-17
6406.809004265833,8.571177792634535e-17
6407.564705308441,8.444835095205109e-17
6408.320406351049,7.95811856737351e-17
6409.076107393657,7.676972115446314e-17
6409.8318084362645,7.319309781827255e-17
6410.587509478873,7.81568315071457e-17
6411.343210521481,8.542930952671557e-17
6412.098911564089,8.68388161094623e-17
6412.854612606696,9.070823904342973e-17
6413.610313649304,9.355529293465622e-17
6414.366014691912,8.705985464107913e-17
6415.12171573452,8.215062262358141e-17
6415.877416777128,7.969632691670073e-17
6416.633117819736,7.916705048175487e-17
6417.388818862342,8.051191188993004e-17
6418.14451990495,7.937693914669093e-17
6418.900220947558,7.956952805747154e-17
6419.6559219901665,8.138957534316785e-17
6420.411623032774,7.884824803338475e-17
6421.167324075382,7.688643005036456e-17
6421.92302511799,7.58141829607623e-17
6422.678726160598,7.768967928723673e-17
6423.434427203206,8.043393569421435e-17
6424.190128245814,8.441173251441616e-17
6424.945829288421,8.756015028159338e-17
6425.701530331029,8.512896109532398e-17
6426.457231373637,8.581890561304007e-17
6427.212932416245,8.582153696814231e-17
6427.968633458851,8.205825461895834e-17
6428.724334501459,8.092929274284397e-17
6429.4800355440675,8.672789813772726e-17
6430.235736586676,9.122002891697088e-17
6430.991437629284,1.0091321191524406e-16
6431.747138671891,1.0337467782358078e-16
6432.502839714499,9.723391114363985e-17
6433.258540757107,9.127917381691531e-17
6434.014241799715,8.77473673510834e-17
6434.769942842323,8.616958102961564e-17
6435.52564388493,8.499046984628443e-17
6436.281344927538,8.891605767771232e-17
6437.037045970146,8.766637276810496e-17
6437.792747012754,9.051922684729779e-17
6438.548448055362,8.891789351785863e-17
6439.3041490979695,8.74292021781019e-17
6440.0598501405775,8.68071019957439e-17
6440.815551183186,8.265483264138627e-17
6441.571252225794,8.363884037626959e-17
6442.326953268402,8.58917269501993e-17
6443.082654311009,8.66825854834681e-17
6443.838355353617,9.196607807368017e-17
6444.594056396225,8.976315517712926e-17
6445.349757438833,9.166481363861205e-17
6446.105458481441,8.697872460763139e-17
6446.861159524047,8.11119291547372e-17
6447.616860566655,8.293721608949903e-17
6448.372561609263,8.216926615052642e-17
6449.128262651871,8.064448422725798e-17
6449.883963694479,8.096208547329602e-17
6450.639664737087,8.207923018515631e-17
6451.395365779695,8.308277941269742e-17
6452.151066822303,8.705714946683768e-17
6452.906767864911,8.507488151047723e-17
6453.662468907519,8.437993327359234e-17
6454.418169950126,8.30870034517491e-17
6455.173870992734,8.49392739387931e-17
6455.929572035342,8.687551059191161e-17
6456.68527307795,9.050146300746205e-17
6457.440974120556,8.977802732845897e-17
6458.196675163164,8.966565102381312e-17
6458.952376205772,8.785720439143764e-17
6459.7080772483805,8.568506624230557e-17
6460.463778290989,8.783023668047874e-17
6461.219479333597,8.732614804444935e-17
6461.975180376204,8.350151949164265e-17
6462.730881418812,7.832095886838472e-17
6463.48658246142,8.512841231755553e-17
6464.242283504028,8.740860685553947e-17
6464.997984546635,8.607100056299209e-17
6465.753685589243,8.193583580725766e-17
6466.509386631851,8.021970099860407e-17
6467.265087674459,8.353636309995321e-17
6468.020788717067,8.320506659658255e-17
6468.776489759674,8.157793943302007e-17
6469.5321908022825,8.03934578916388e-17
6470.2878918448905,7.667238226740778e-17
6471.043592887499,8.067077871465005e-17
6471.799293930107,8.343957989624505e-17
6472.554994972714,8.080981180432433e-17
6473.310696015322,7.89881920489316e-17
6474.06639705793,8.269657154593621e-17
6474.822098100538,8.549955365725228e-17
6475.577799143146,8.641334843479163e-17
6476.333500185752,8.692527928742765e-17
6477.08920122836,8.579538999469602e-17
6477.844902270968,8.178958493259957e-17
6478.600603313576,7.66156991304268e-17
6479.3563043561835,7.13319610174712e-17
6480.112005398792,6.700904673237667e-17
6480.8677064414,6.251449828248725e-17
6481.623407484008,6.129649542484048e-17
6482.379108526616,5.959265671639234e-17
6483.134809569224,5.727835071518988e-17
6483.890510611831,5.860632734394708e-17
6484.646211654439,6.186446041689433e-17
6485.401912697047,6.063355276731724e-17
6486.157613739655,5.665389442037225e-17
6486.913314782261,5.827301113783225e-17
6487.669015824869,6.331456371998613e-17
6488.424716867477,6.861566779941409e-17
6489.180417910085,7.365693107300316e-17
6489.9361189526935,7.629077166235941e-17
6490.691819995302,7.721040336595497e-17
6491.447521037909,8.193691875028009e-17
6492.203222080517,8.438804425992314e-17
6492.958923123125,8.060222240727395e-17
6493.714624165733,8.252027604961049e-17
6494.47032520834,8.445223970994785e-17
6495.226026250948,8.57234074798674e-17
6495.981727293556,8.32763647746947e-17
6496.737428336164,8.573561557280788e-17
6497.493129378772,9.132435926947621e-17
6498.24883042138,8.711404859937169e-17
6499.004531463987,8.34372810289253e-17
6499.7602325065955,8.512193621796266e-17
6500.5159335492035,8.608934549072077e-17
6501.271634591812,8.707452603784512e-17
6502.027335634419,8.200268722869229e-17
6502.783036677027,8.114812610916798e-17
6503.538737719635,7.88122926344217e-17
6504.294438762243,7.74347754945944e-17
6505.050139804851,7.876998696182509e-17
6505.805840847457,7.978891155497811e-17
6506.561541890065,8.09951913905152e-17
6507.317242932673,8.30324527292818e-17
6508.072943975281,8.422317807718266e-17
6508.828645017889,8.67996979208564e-17
6509.5843460604965,8.916014331256562e-17
6510.340047103105,8.79496732592241e-17
6511.095748145713,8.707581071781538e-17
6511.851449188321,8.684536229944468e-17
6512.607150230929,8.695843202671034e-17
6513.362851273536,8.488193355879757e-17
6514.118552316144,8.575350549687555e-17
6514.874253358752,8.601485690620592e-17
6515.62995440136,8.434034941854665e-17
6516.385655443966,7.936993021388156e-17
6517.141356486574,7.850512267712042e-17
6517.897057529182,8.054361054602732e-17
6518.65275857179,8.665871217475394e-17
6519.408459614398,9.111826985430065e-17
6520.1641606570065,8.974426077731794e-17
6520.919861699614,8.810308875563188e-17
6521.675562742222,8.978790324764813e-17
6522.43126378483,8.77748537327753e-17
6523.186964827438,9.006487522960491e-17
6523.942665870045,9.300256632869732e-17
6524.698366912653,9.557657892086978e-17
6525.454067955261,9.059953842387443e-17
6526.209768997869,8.88923529666089e-17
6526.965470040477,8.995895784056521e-17
6527.721171083085,9.21871696138456e-17
6528.476872125692,8.919154636293283e-17
6529.2325731683,8.79000169753888e-17
6529.9882742109085,8.618841167542581e-17
6530.7439752535165,8.45538911942788e-17
6531.499676296124,8.315384260693205e-17
6532.255377338732,8.19576521105465e-17
6533.01107838134,8.288329416198615e-17
6533.766779423948,8.488225718199631e-17
6534.522480466556,8.465426059847512e-17
6535.278181509164,8.49397159603921e-17
6536.03388255177,8.328192908025435e-17
6536.789583594378,7.880432192494253e-17
6537.545284636986,7.859881161346431e-17
6538.300985679594,7.990939263848924e-17
6539.056686722201,8.14310289035995e-17
6539.8123877648095,8.358014441055904e-17
6540.568088807418,8.381524419596738e-17
6541.323789850026,8.093295697163599e-17
6542.079490892634,7.840638327421428e-17
6542.835191935241,7.806388415775521e-17
6543.590892977849,7.817133863450966e-17
6544.346594020457,7.794300852468082e-17
6545.102295063065,7.36118134536611e-17
6545.857996105673,7.023142895909699e-17
6546.613697148279,6.976015310422884e-17
6547.369398190887,6.933105318082164e-17
6548.125099233495,7.116677303540114e-17
6548.880800276103,7.092861166920546e-17
6549.636501318711,7.541543909259214e-17
6550.392202361319,8.551007494999475e-17
6551.147903403927,1.2181543601143738e-16
6551.903604446535,1.8438787959326826e-16
6552.659305489143,1.6698122560025386e-16
6553.41500653175,8.857376455574473e-17
6554.170707574358,8.581590309997435e-17
6554.926408616966,1.1858066873632002e-16
6555.682109659574,1.2242801631827277e-16
6556.437810702182,1.0934047570644185e-16
6557.19351174479,1.0085303247245543e-16
6557.949212787397,9.182076757792922e-17
6558.704913830005,8.634593436662202e-17
6559.460614872613,7.902241406319056e-17
6560.2163159152215,7.689531207693663e-17
6560.972016957829,7.901108073314857e-17
6561.727718000437,8.179471519883355e-17
6562.483419043045,8.659031235779365e-17
6563.239120085653,8.258282994033681e-17
6563.994821128261,8.300617370838589e-17
6564.750522170869,8.126415900302578e-17
6565.506223213475,8.265592914151574e-17
6566.261924256083,8.463765420283338e-17
6567.017625298691,8.502890804885955e-17
6567.773326341299,8.760699232173131e-17
6568.529027383906,8.987267397529295e-17
6569.284728426514,8.992612849558191e-17
6570.0404294691225,8.969874229128189e-17
6570.796130511731,8.943919643714669e-17
6571.551831554339,8.712757929045905e-17
6572.307532596946,8.38338677859998e-17
6573.063233639554,8.561401946174569e-17
6573.818934682162,8.90332700901784e-17
6574.57463572477,9.3396727850354e-17
6575.330336767378,9.212762579986395e-17
6576.086037809984,8.813336580329575e-17
6576.841738852592,8.218309541209752e-17
6577.5974398952,8.125420012880336e-17
6578.353140937808,8.489802171047288e-17
6579.108841980416,8.168626829751736e-17
6579.8645430230235,7.908324401717853e-17
6580.620244065632,7.844356557891458e-17
6581.37594510824,8.104582927389257e-17
6582.131646150848,8.237541984329051e-17
6582.887347193456,8.129177424462438e-17
6583.643048236063,7.99697675854769e-17
6584.398749278671,8.331426307771824e-17
6585.154450321279,8.679426550545602e-17
6585.910151363887,8.975355793297531e-17
6586.665852406495,8.95379266022537e-17
6587.421553449102,9.123628163869966e-17
6588.17725449171,9.324317939927315e-17
6588.932955534318,9.341198286787154e-17
6589.688656576926,9.070686680588116e-17
6590.444357619534,8.99450356233194e-17
6591.200058662142,9.026364176822993e-17
6591.95575970475,8.988898248550663e-17
6592.711460747358,8.642433396837539e-17
6593.467161789966,8.065657655112606e-17
6594.222862832574,7.681808100460641e-17
6594.97856387518,7.833194372655794e-17
6595.734264917788,8.305541837965799e-17
6596.489965960396,8.638071183400888e-17
6597.245667003004,8.550732810232575e-17
6598.001368045611,8.363179963560098e-17
6598.757069088219,8.513721056132217e-17
6599.512770130827,8.996614759808661e-17
6600.2684711734355,8.777297103763156e-17
6601.024172216044,8.628319129502462e-17
6601.779873258652,8.901930063236656e-17
6602.535574301259,9.027936194205966e-17
6603.291275343867,9.110290894272324e-17
6604.046976386475,9.429929232724378e-17
6604.802677429083,9.666150306924074e-17
6605.558378471689,9.411217513927893e-17
6606.314079514297,9.670354674940702e-17
6607.069780556905,9.432616906955999e-17
6607.825481599513,9.203893246045579e-17
6608.581182642121,9.356787313542447e-17
6609.3368836847285,9.134717641137155e-17
6610.0925847273365,9.340802284102633e-17
6610.848285769945,9.378226626980882e-17
6611.603986812553,9.178762394518668e-17
6612.359687855161,9.292079803972127e-17
6613.115388897768,9.075416673171678e-17
6613.871089940376,9.077129627258449e-17
6614.626790982984,8.911070856653254e-17
6615.382492025592,8.494810141395924e-17
6616.1381930682,8.996501983540328e-17
6616.893894110807,9.108296293762474e-17
6617.649595153415,9.206075622909165e-17
6618.405296196023,8.919277162242956e-17
6619.160997238631,9.027790099740639e-17
6619.9166982812385,8.959097568860469e-17
6620.672399323847,8.829947216666147e-17
6621.428100366455,8.858166180953586e-17
6622.183801409063,8.946455769006367e-17
6622.939502451671,8.686145347473067e-17
6623.695203494279,8.536892533809188e-17
6624.450904536885,8.776841496780028e-17
6625.206605579493,9.094227800694512e-17
6625.962306622101,8.860045891251777e-17
6626.718007664709,8.847176058551082e-17
6627.473708707316,8.600022617160949e-17
6628.229409749924,8.749546301944997e-17
6628.985110792532,8.677003576362895e-17
6629.74081183514,8.586622828037142e-17
6630.4965128777485,8.544424087117413e-17
6631.252213920357,8.355672652847232e-17
6632.007914962964,8.50876374856337e-17
6632.763616005572,8.123121154380835e-17
6633.51931704818,8.070646551109372e-17
6634.275018090788,7.955974205118256e-17
6635.030719133394,8.144797090226828e-17
6635.786420176002,8.295132858933762e-17
6636.54212121861,8.676685775000573e-17
6637.297822261218,9.129166461336359e-17
6638.053523303826,9.05496615729395e-17
6638.809224346434,9.092260420942969e-17
6639.5649253890415,9.169272649106317e-17
6640.3206264316495,8.953452107748535e-17
6641.076327474258,9.266732025475603e-17
6641.832028516866,9.274716518171634e-17
6642.587729559473,8.891991380549568e-17
6643.343430602081,8.758640961695991e-17
6644.099131644689,8.978408522569291e-17
6644.854832687297,9.327138575277982e-17
6645.610533729905,9.614921681800247e-17
6646.366234772512,8.896929006235806e-17
6647.12193581512,8.72698342681931e-17
6647.877636857728,8.732028247058365e-17
6648.633337900336,8.785345663093669e-17
6649.389038942944,8.499449958095592e-17
6650.1447399855515,8.256890282134721e-17
6650.90044102816,8.421317953172735e-17
6651.656142070768,8.286131295797971e-17
6652.411843113376,8.199571486622293e-17
6653.167544155984,8.529727695363232e-17
6653.92324519859,8.473323960510595e-17
6654.678946241198,8.67353965196721e-17
6655.434647283806,8.738359890971454e-17
6656.190348326414,8.722130288892723e-17
6656.946049369021,8.786725056348161e-17
6657.701750411629,8.96497333979035e-17
6658.457451454237,8.914390405698455e-17
6659.213152496845,9.145721586533377e-17
6659.968853539453,8.910054157354843e-17
6660.7245545820615,8.863665134447223e-17
6661.480255624669,8.418348634299741e-17
6662.235956667277,8.370380259151968e-17
6662.991657709885,8.850396513209863e-17
6663.747358752493,8.716934944812926e-17
6664.503059795099,8.492034330867433e-17
6665.258760837707,8.262186152212242e-17
6666.014461880315,8.409521219590089e-17
6666.770162922923,8.53899762387629e-17
6667.525863965531,9.120274332834944e-17
6668.281565008139,9.238450877464945e-17
6669.037266050746,8.795984027382314e-17
6669.7929670933545,9.197238037790318e-17
6670.5486681359625,9.563606712026368e-17
6671.304369178571,9.423174113679841e-17
6672.060070221178,9.307706168093572e-17
6672.815771263786,9.706615249404451e-17
6673.571472306394,9.901861751310338e-17
6674.327173349002,9.860074680282405e-17
6675.08287439161,1.0138934725764435e-16
6675.838575434217,1.022224586781454e-16
6676.594276476825,9.887619473484187e-17
6677.349977519433,1.0104685380455159e-16
6678.105678562041,9.721480692573706e-17
6678.861379604649,9.654401772424641e-17
6679.617080647256,1.0006249594545643e-16
6680.3727816898645,9.910634233219748e-17
6681.128482732473,9.376665972165542e-17
6681.884183775081,9.223365929599504e-17
6682.639884817689,9.688157911119904e-17
6683.395585860295,9.716360397759439e-17
6684.151286902903,9.700883534920387e-17
6684.906987945511,9.397130728434288e-17
6685.662688988119,9.364649493382409e-17
6686.418390030727,9.415144774303257e-17
6687.174091073334,9.271091161529044e-17
6687.929792115942,9.410223129546472e-17
6688.68549315855,9.441870203214027e-17
6689.441194201158,9.718199878936286e-17
6690.196895243766,9.854193162488378e-17
6690.952596286374,9.61807621345751e-17
6691.708297328982,9.628514054185443e-17
6692.46399837159,9.398326475980585e-17
6693.219699414198,9.108152159651835e-17
6693.975400456804,8.875050445912051e-17
6694.731101499412,8.995038889548338e-17
6695.48680254202,9.178167402628657e-17
6696.242503584628,9.287106856462393e-17
6696.998204627236,9.57845399372018e-17
6697.753905669844,9.373953400340429e-17
6698.509606712451,8.997758380524285e-17
6699.265307755059,8.884434123202431e-17
6700.0210087976675,9.247729626474832e-17
6700.7767098402755,8.979398680831119e-17
6701.532410882883,9.262398894133401e-17
6702.288111925491,9.8272995696165e-17
6703.043812968099,9.868611370713852e-17
6703.799514010707,9.507506701324117e-17
6704.555215053315,9.311295348531797e-17
6705.310916095923,8.811392606667126e-17
6706.06661713853,8.820864787783838e-17
6706.822318181138,9.122037462933773e-17
6707.578019223746,9.692544831694949e-17
6708.333720266354,9.91155603132553e-17
6709.089421308961,9.595014604103646e-17
6709.845122351569,9.70477324419591e-17
6710.6008233941775,9.587698065786264e-17
6711.356524436786,9.321761657556043e-17
6712.112225479394,9.450773124435167e-17
6712.867926522,9.649798147194542e-17
6713.623627564608,1.0022806448462087e-16
6714.379328607216,1.0090578598095591e-16
6715.135029649824,9.914250682592457e-17
6715.890730692432,9.841856553245113e-17
6716.646431735039,9.706290619014432e-17
6717.402132777647,9.550004748670368e-17
6718.157833820255,9.530867830267309e-17
6718.913534862863,9.845921501150261e-17
6719.669235905471,1.0006750028225619e-16
6720.4249369480785,1.001114961016686e-16
6721.180637990687,9.854726271259633e-17
6721.936339033295,9.628974826896329e-17
6722.692040075903,9.255877029180807e-17
6723.447741118509,9.01323944495244e-17
6724.203442161117,9.042141524361223e-17
6724.959143203725,8.887307892160338e-17
6725.714844246333,8.628748016128343e-17
6726.470545288941,8.55085276323809e-17
6727.226246331549,8.654911167759145e-17
6727.981947374156,8.811336404342987e-17
6728.737648416764,9.184919847779876e-17
6729.493349459372,9.381679426198886e-17
6730.2490505019805,9.203898548894258e-17
6731.004751544588,9.140353312563164e-17
6731.760452587196,9.371582124925053e-17
6732.516153629804,9.955742599302196e-17
6733.271854672412,9.49939320355484e-17
6734.02755571502,9.391683040738726e-17
6734.783256757628,9.642790504915244e-17
6735.538957800235,9.704252252474444e-17
6736.294658842843,9.61871304623829e-17
6737.050359885451,9.37963493049641e-17
6737.806060928059,8.919977855128403e-17
6738.561761970666,8.999733879674108e-17
6739.317463013274,9.08504100804115e-17
6740.073164055882,9.29367167150898e-17
6740.8288650984905,9.805908486465657e-17
6741.584566141099,1.0202062681020493e-16
6742.340267183707,1.01629328584496e-16
6743.095968226313,1.0429937057872695e-16
6743.851669268921,1.0733877772401338e-16
6744.607370311529,1.0226522502946848e-16
6745.363071354137,1.0047098437763924e-16
6746.118772396744,1.0201116336203875e-16
6746.874473439352,1.0441215425548232e-16
6747.63017448196,1.053597247500385e-16
6748.385875524568,1.0910415285955712e-16
6749.141576567176,1.0730497164946406e-16
6749.8972776097835,1.0530558966156866e-16
6750.6529786523915,1.0000734903859921e-16
6751.408679695,9.993526965309825e-17
6752.164380737608,9.782664718079699e-17
6752.920081780216,9.514020609471176e-17
6753.675782822822,9.348627563615613e-17
6754.43148386543,9.140255996518715e-17
6755.187184908038,9.423256484133088e-17
6755.942885950646,9.706128290795668e-17
6756.698586993254,9.513618234783279e-17
6757.454288035861,9.17904264901204e-17
6758.209989078469,9.430987486787807e-17
6758.965690121077,9.802262620670173e-17
6759.721391163685,9.901441134020928e-17
6760.4770922062935,9.61405238075092e-17
6761.232793248901,9.287794622399355e-17
6761.988494291509,9.649642046357328e-17
6762.744195334117,1.026632958692394e-16
6763.499896376725,1.0317635262095554e-16
6764.255597419333,1.0510046429801906e-16
6765.01129846194,1.0214978003260866e-16
6765.766999504548,1.0630696972284041e-16
6766.522700547156,1.0596595004187613e-16
6767.278401589764,1.0398383483841966e-16
6768.034102632371,1.0085300199617398e-16
6768.789803674979,9.960809260226563e-17
6769.545504717587,1.0487254390281775e-16
6770.301205760195,1.0647515552754397e-16
6771.0569068028035,1.0712062595076673e-16
6771.812607845412,1.0570498680908131e-16
6772.568308888018,1.0048107677189408e-16
6773.324009930626,9.765554802609181e-17
6774.079710973234,1.0008351498403744e-16
6774.835412015842,9.773971839296279e-17
6775.591113058449,9.663245319919807e-17
6776.346814101057,9.732117079139889e-17
6777.102515143665,9.800050585720362e-17
6777.858216186273,9.795748007057684e-17
6778.613917228881,9.790880999807763e-17
6779.369618271488,9.670813472727721e-17
6780.1253193140965,9.772297174479038e-17
6780.8810203567045,9.779910660313812e-17
6781.636721399313,1.0220946466198482e-16
6782.392422441921,1.0325324544702876e-16
6783.148123484527,1.0259145145103476e-16
6783.903824527135,9.688243476435723e-17
6784.659525569743,9.837030907303867e-17
6785.415226612351,1.0268312819662391e-16
6786.170927654959,1.0096739681264457e-16
6786.926628697566,1.0391899181159833e-16
6787.682329740174,1.0919821301257112e-16
6788.438030782782,1.1225501002300406e-16
6789.19373182539,1.0758705687671431e-16
6789.949432867998,1.0527525463163552e-16
6790.705133910606,1.0447659208519821e-16
6791.460834953214,1.0355810774053204e-16
6792.216535995822,9.695057521081435e-17
6792.97223703843,9.43480680032663e-17
6793.727938081038,9.693221474110148e-17
6794.483639123645,9.88220222567561e-17
6795.239340166253,9.79285345114025e-17
6795.995041208861,1.0128035717018394e-16
6796.750742251469,9.948269510403379e-17
6797.506443294076,9.89820952350458e-17
6798.262144336684,9.652617920542307e-17
6799.017845379292,9.451190688777191e-17
6799.7735464219,9.789171997081461e-17
6800.529247464508,1.0049161969012811e-16
6801.2849485071165,1.002343000714639e-16
6802.040649549723,1.0194120888840092e-16
6802.796350592331,1.026142843252029e-16
6803.552051634939,9.984590443615158e-17
6804.307752677547,1.009707111794921e-16
6805.063453720154,1.0611667462033789e-16
6805.819154762762,1.0726050395326276e-16
6806.57485580537,1.092348825771957e-16
6807.330556847978,1.1039957330867875e-16
6808.086257890586,1.0738865553433872e-16
6808.841958933193,1.0787444690906812e-16
6809.597659975801,1.05055748784696e-16
6810.3533610184095,1.0135769636371578e-16
6811.1090620610175,1.0168659774032126e-16
6811.864763103626,1.027479614069105e-16
6812.620464146232,1.0392879215918297e-16
6813.37616518884,1.0241351237867227e-16
6814.131866231448,1.0537811150360476e-16
6814.887567274056,1.1134405455769196e-16
6815.643268316664,1.0670725569853284e-16
6816.398969359271,1.045011190088233e-16
6817.154670401879,1.0357764348538451e-16
6817.910371444487,1.034533201233521e-16
6818.666072487095,1.0812005778544049e-16
6819.421773529703,1.0661190679406692e-16
6820.1774745723105,1.0465603142244969e-16
6820.933175614919,1.0380722547821568e-16
6821.688876657527,1.0614056141009092e-16
6822.444577700135,1.0434036136099996e-16
6823.200278742743,9.915026969035397e-17
6823.95597978535,9.804159249385404e-17
6824.711680827958,1.002744223088054e-16
6825.467381870566,1.011235344432822e-16
6826.223082913174,9.982290965112781e-17
6826.978783955782,9.889456013065427e-17
6827.734484998389,9.99901228426765e-17
6828.490186040997,9.859540201032387e-17
6829.245887083605,9.581113671637757e-17
6830.001588126213,9.219035677917509e-17
6830.757289168821,9.429278172145212e-17
6831.512990211428,9.660356629709903e-17
6832.268691254036,9.720078179110492e-17
6833.024392296644,1.0041896838449909e-16
6833.780093339252,9.915210773137797e-17
6834.535794381859,1.0096028024078207e-16
6835.291495424467,1.0184500935344719e-16
6836.047196467075,1.0476091535584016e-16
6836.802897509683,1.0604596841912136e-16
6837.558598552291,1.0399695917314157e-16
6838.314299594899,1.021593115477478e-16
6839.070000637506,9.986590349652366e-17
6839.825701680114,1.006754289293882e-16
6840.5814027227225,9.873710480127501e-17
6841.3371037653305,9.830977888376386e-17
6842.092804807937,1.0043791826868794e-16
6842.848505850545,9.931347263087531e-17
6843.604206893153,9.750054059985111e-17
6844.359907935761,9.529113725364253e-17
6845.115608978369,9.123207206521475e-17
6845.871310020976,9.540920581616174e-17
6846.627011063584,9.851877628490688e-17
6847.382712106192,1.0009190820610345e-16
6848.1384131488,1.0005692854745923e-16
6848.894114191408,9.997768389052875e-17
6849.6498152340155,1.0132657755392186e-16
6850.4055162766235,1.003514134802862e-16
6851.161217319232,1.0046140408032289e-16
6851.91691836184,1.0587432870335475e-16
6852.672619404448,1.0802591570495506e-16
6853.428320447055,1.0829514552435352e-16
6854.184021489663,1.1072864936256289e-16
6854.939722532271,1.1208954003581983e-16
6855.695423574879,1.098427808968292e-16
6856.451124617487,1.0468345736122255e-16
6857.206825660094,1.0345610520058702e-16
6857.962526702702,1.0249285743198639e-16
6858.71822774531,1.0078970982862917e-16
6859.473928787918,1.0042976897265486e-16
6860.229629830526,1.0557959513553373e-16
6860.985330873133,1.0932872108393449e-16
6861.741031915741,1.0533269166290094e-16
6862.496732958349,1.00058713597294e-16
6863.252434000957,9.980009149741049e-17
6864.008135043565,9.99710614929574e-17
6864.763836086172,1.0350671940688706e-16
6865.51953712878,1.0637481720338692e-16
6866.275238171388,1.0703904244237609e-16
6867.030939213996,9.390742778882038e-17
6867.786640256604,7.646212512644718e-17
6868.542341299211,6.621157721698179e-17
6869.298042341819,7.012028340354954e-17
6870.053743384427,7.447134111840838e-17
6870.8094444270355,7.36086444284048e-17
6871.565145469642,7.85065971973302e-17
6872.32084651225,8.149167683071065e-17
6873.076547554858,8.304230899269255e-17
6873.832248597466,8.59594450604615e-17
6874.587949640074,8.629450530638758e-17
6875.343650682682,8.910426912140676e-17
6876.099351725289,9.037020041297269e-17
6876.855052767897,8.964918856833741e-17
6877.610753810505,9.373550443715608e-17
6878.366454853113,9.858645953809853e-17
6879.12215589572,9.515736803976645e-17
6879.8778569383285,9.789072523330512e-17
6880.6335579809365,1.1069928631862288e-16
6881.389259023545,1.1032777389715084e-16
6882.144960066153,1.0180226424450389e-16
6882.90066110876,9.798585057350724e-17
6883.656362151368,9.019805973940692e-17
6884.412063193976,9.325208939086283e-17
6885.167764236584,9.584379235644478e-17
6885.923465279192,8.739703349698946e-17
6886.679166321799,8.283744559472875e-17
6887.434867364407,9.487911120040878e-17
6888.190568407015,1.0153372187765919e-16
6888.946269449623,8.94829978849154e-17
6889.701970492231,8.284544826641844e-17
6890.457671534838,9.086183262864433e-17
6891.213372577446,1.0056576775627211e-16
6891.969073620054,9.629759899958298e-17
6892.724774662662,8.289150896318331e-17
6893.48047570527,8.395478057599222e-17
6894.236176747877,9.81682261417013e-17
6894.991877790485,1.0207107582271126e-16
6895.747578833093,9.051405709149914e-17
6896.503279875701,7.939765107299613e-17
6897.258980918309,8.088223538736285e-17
6898.014681960916,9.189914490567928e-17
6898.770383003524,9.973518767214992e-17
6899.526084046132,8.968306146450051e-17
6900.28178508874,7.720209224216801e-17
6901.0374861313485,7.97809427377562e-17
6901.793187173955,9.080368496321802e-17
6902.548888216563,9.847648680520838e-17
6903.304589259171,9.555033354032092e-17
6904.060290301779,8.5334447246874e-17
6904.815991344387,8.126768725891959e-17
6905.571692386994,9.379275352260416e-17
6906.327393429602,1.0182035146918613e-16
6907.08309447221,1.0314293793632429e-16
6907.838795514818,9.802638988781249e-17
6908.594496557425,8.718712271000951e-17
6909.350197600033,8.193172666683353e-17
6910.1058986426415,8.717342737165515e-17
6910.8615996852495,9.234433172708879e-17
6911.617300727858,9.388123411752426e-17
6912.373001770466,9.167676937274894e-17
6913.128702813073,8.48249664616102e-17
6913.884403855681,8.327135666928508e-17
6914.640104898289,8.458063622396802e-17
6915.395805940897,9.047256246975621e-17
6916.151506983504,8.991632143014897e-17
6916.907208026112,9.257410452334034e-17
6917.66290906872,8.841913160161122e-17
6918.418610111328,8.497550144603714e-17
6919.174311153936,8.645074698010102e-17
6919.9300121965425,8.819556474499766e-17
6920.685713239151,9.122530194964796e-17
6921.441414281759,9.289883933783034e-17
6922.197115324367,9.176215212562956e-17
6922.952816366975,8.937913714595863e-17
6923.708517409582,8.82202623176589e-17
6924.46421845219,9.074938144100895e-17
6925.219919494798,9.149633542681992e-17
6925.975620537406,8.730106110765379e-17
6926.731321580014,8.343753428596257e-17
6927.487022622621,8.248413356616538e-17
6928.242723665229,8.024323953706487e-17
6928.998424707837,7.74963696272179e-17
6929.754125750445,7.8172156446562e-17
6930.509826793053,8.087554611572841e-17
6931.26552783566,7.892298004689776e-17
6932.021228878268,7.760406509656903e-17
6932.776929920876,8.048059859150604e-17
6933.532630963484,7.812605319738399e-17
6934.288332006092,7.605918115499658e-17
6935.044033048699,7.62747545318406e-17
6935.799734091307,7.855286234880843e-17
6936.555435133915,7.9925796689247e-17
6937.311136176523,7.850399842308028e-17
6938.06683721913,7.7473077376731e-17
6938.822538261738,7.860011309195017e-17
6939.578239304346,7.877817981780026e-17
6940.3339403469545,7.612820249437107e-17
6941.0896413895625,7.607150504320267e-17
6941.845342432171,7.510391824787153e-17
6942.601043474778,7.783252327314253e-17
6943.356744517386,7.92983024159509e-17
6944.112445559994,7.752787768052781e-17
6944.868146602602,7.930635714889767e-17
6945.623847645209,8.065674183856997e-17
6946.379548687817,8.458584969858473e-17
6947.135249730425,8.700764274148839e-17
6947.890950773033,8.756468833809294e-17
6948.646651815641,8.558862563122086e-17
6949.4023528582475,8.421342429560702e-17
6950.1580539008555,8.668160635217641e-17
6950.913754943464,8.518502872323718e-17
6951.669455986072,8.746962465460279e-17
6952.42515702868,9.077178217160228e-17
6953.180858071287,8.400048078245213e-17
6953.936559113895,8.170958995919447e-17
6954.692260156503,8.784653387630826e-17
6955.447961199111,9.406593865256106e-17
6956.203662241719,9.021614672340197e-17
6956.959363284326,8.583933157043428e-17
6957.715064326934,8.533174221142042e-17
6958.470765369542,8.757960812031436e-17
6959.22646641215,8.79253506056636e-17
6959.982167454758,8.888433993044505e-17
6960.737868497365,8.154476196376733e-17
6961.493569539973,7.7960411985311e-17
6962.249270582581,8.135042932355397e-17
6963.004971625189,8.727040428590748e-17
6963.760672667797,8.224196329657508e-17
6964.516373710404,7.64442485824401e-17
6965.272074753012,7.777611589787801e-17
6966.02777579562,8.079068906216014e-17
6966.783476838228,8.065654594853372e-17
6967.539177880836,8.09353853002345e-17
6968.294878923443,8.0793142468505e-17
6969.050579966051,7.928255203362309e-17
6969.806281008659,8.366517038075523e-17
6970.5619820512675,8.984832286423429e-17
6971.3176830938755,9.315198724909043e-17
6972.073384136483,9.233136526319478e-17
6972.829085179091,8.892422196061776e-17
6973.584786221699,9.181905415020503e-17
6974.340487264307,8.643541429477429e-17
6975.096188306914,8.793356071620828e-17
6975.851889349522,8.888877508015693e-17
6976.60759039213,8.974314572371117e-17
6977.363291434738,8.592146843946023e-17
6978.118992477346,8.975846195651511e-17
6978.874693519954,9.299876667912583e-17
6979.6303945625605,9.402348649323462e-17
6980.3860956051685,9.369777789260805e-17
6981.141796647777,9.162480216644103e-17
6981.897497690385,8.942375273406496e-17
6982.653198732992,8.631486255805389e-17
6983.4088997756,9.552733123291418e-17
6984.164600818208,9.52693828348727e-17
6984.920301860816,9.560572001480375e-17
6985.676002903424,9.548103451384227e-17
6986.431703946031,9.05491152846734e-17
6987.187404988639,9.175979794723707e-17
6987.943106031247,9.521718113138871e-17
6988.698807073855,9.072162998182905e-17
6989.454508116463,8.747022878612046e-17
6990.21020915907,8.998138888442402e-17
6990.965910201678,9.431685140209913e-17
6991.721611244286,9.340998869288785e-17
6992.477312286894,9.079858761775392e-17
6993.233013329502,9.071133209229842e-17
6993.988714372109,9.121737220857379e-17
6994.744415414717,9.199423324222215e-17
6995.500116457325,9.398104090643051e-17
6996.255817499933,9.660286886774661e-17
6997.011518542541,9.599848556287264e-17
6997.767219585148,9.360477310899694e-17
6998.522920627756,8.894427639356725e-17
6999.278621670364,8.949842188705837e-17
7000.034322712972,9.3453425021674e-17
7000.7900237555805,9.236122177197939e-17
7001.545724798188,8.921947484123079e-17
7002.301425840796,8.787918375841364e-17
7003.057126883404,8.693705222607313e-17
7003.812827926012,8.644302071984326e-17
7004.56852896862,8.509157761369916e-17
7005.324230011227,8.684546180461087e-17
7006.079931053835,8.950177084176729e-17
7006.835632096443,8.977881699280996e-17
7007.591333139051,8.995257493579019e-17
7008.347034181659,8.989992906253638e-17
7009.102735224265,8.771711373573064e-17
7009.8584362668735,8.839770735038501e-17
7010.6141373094815,9.169369988918269e-17
7011.36983835209,9.562315190991325e-17
7012.125539394697,9.774895017703406e-17
7012.881240437305,9.5660800396908e-17
7013.636941479913,9.350001196600747e-17
7014.392642522521,9.126925611059172e-17
7015.148343565129,8.878169465566345e-17
7015.904044607737,8.910962313891393e-17
7016.659745650344,9.467539907281057e-17
7017.415446692952,9.555950997782901e-17
7018.17114773556,9.699836707594296e-17
7018.926848778168,9.495950719352032e-17
7019.6825498207745,9.396030298581729e-17
7020.438250863383,8.598897885186906e-17
7021.193951905991,8.366628279072342e-17
7021.949652948599,8.52290861327601e-17
7022.705353991207,8.293327972090395e-17
7023.461055033814,8.877499245281552e-17
7024.216756076422,9.518632238133298e-17
7024.97245711903,9.628412790799491e-17
7025.728158161638,9.748370505303587e-17
7026.483859204246,9.574922676296122e-17
7027.239560246853,8.795481143113e-17
7027.995261289461,8.093156454684968e-17
7028.750962332069,8.765809329419966e-17
7029.506663374677,8.868810140194587e-17
7030.262364417285,9.435765379082113e-17
7031.018065459893,1.0302818201177878e-16
7031.773766502501,1.034167589732317e-16
7032.529467545109,1.0170056414122455e-16
7033.285168587717,1.0348521069678212e-16
7034.040869630325,1.0173074065084207e-16
7034.796570672932,9.633258541951345e-17
7035.55227171554,8.932395256632431e-17
7036.307972758148,8.982509073008639e-17
7037.063673800756,9.032943462332224e-17
7037.819374843364,9.046678044263107e-17
7038.57507588597,9.85128614357025e-17
7039.330776928578,1.0092891294246242e-16
7040.0864779711865,9.803334956102501e-17
7040.8421790137945,1.0026503585428349e-16
7041.597880056402,9.414335098525566e-17
7042.35358109901,8.640270354519019e-17
7043.109282141618,8.617317584276123e-17
7043.864983184226,8.825970068791041e-17
7044.620684226834,9.036596105311841e-17
7045.376385269442,9.240000687212185e-17
7046.132086312049,9.705682632946866e-17
7046.887787354657,1.0412498129313382e-16
7047.643488397265,1.0283869507934107e-16
7048.399189439873,9.352889900028599e-17
7049.1548904824795,8.565422446071346e-17
7049.9105915250875,8.568890861274373e-17
7050.666292567696,7.944123227492693e-17
7051.421993610304,8.076433030263827e-17
7052.177694652912,8.309596354232728e-17
7052.933395695519,8.768165081752012e-17
7053.689096738127,9.248637174586167e-17
7054.444797780735,9.550572833969718e-17
7055.200498823343,9.15499372281919e-17
7055.956199865951,8.319686537409137e-17
7056.711900908558,8.075263077153819e-17
7057.467601951166,8.281027565193663e-17
7058.223302993774,8.518591069804256e-17
7058.979004036382,8.473274544550087e-17
7059.73470507899,8.707401092117543e-17
7060.4904061215975,9.324642762534429e-17
7061.246107164206,9.29976972363953e-17
7062.001808206814,9.19224579229923e-17
7062.757509249422,9.622287403410047e-17
7063.51321029203,9.841957294595566e-17
7064.268911334637,9.780798061294984e-17
7065.024612377245,9.260689135962231e-17
7065.780313419853,9.002751172556163e-17
7066.536014462461,8.542806577825036e-17
7067.291715505069,8.399428457054597e-17
7068.047416547675,8.875390182498675e-17
7068.803117590283,8.909037771924656e-17
7069.558818632891,9.048750103965424e-17
7070.3145196754995,8.811387873722411e-17
7071.0702207181075,8.210412336252685e-17
7071.825921760715,7.688130764319846e-17
7072.581622803323,7.719464440817031e-17
7073.337323845931,7.484217525488318e-17
7074.093024888539,7.806486454374228e-17
7074.848725931147,7.855794176124658e-17
7075.604426973754,7.604260498002696e-17
7076.360128016362,8.155977209155127e-17
7077.11582905897,8.074033323987101e-17
7077.871530101578,8.009400203052578e-17
7078.627231144184,7.97007846296906e-17
7079.3829321867925,8.05913140743784e-17
7080.1386332294005,8.176598496099109e-17
7080.894334272009,8.416359482640773e-17
7081.650035314617,8.357434816365955e-17
7082.405736357225,8.422297197421878e-17
7083.161437399832,8.512530559432867e-17
7083.91713844244,7.997501034639553e-17
7084.672839485048,8.046866845784269e-17
7085.428540527656,8.176418012458141e-17
7086.184241570263,8.51983512968938e-17
7086.939942612871,8.658197101645173e-17
7087.695643655479,8.188055852033569e-17
7088.451344698087,7.905902504948696e-17
7089.207045740695,8.018647554623975e-17
7089.9627467833025,7.878515297511858e-17
7090.7184478259105,7.772814728470744e-17
7091.474148868519,8.050035040032619e-17
7092.229849911127,7.830295829533704e-17
7092.985550953735,7.612838122276985e-17
7093.741251996342,7.70038025632252e-17
7094.49695303895,7.824372230572709e-17
7095.252654081558,7.776394760397641e-17
7096.008355124166,7.702615112116476e-17
7096.764056166774,7.920520261949867e-17
7097.51975720938,7.752463798927969e-17
7098.275458251988,7.805345142774571e-17
7099.031159294596,7.578151453201327e-17
7099.786860337204,7.228885492951746e-17
7100.5425613798125,7.291944102567559e-17
7101.29826242242,7.188344355140643e-17
7102.053963465028,7.15631303648311e-17
7102.809664507636,7.313772709116557e-17
7103.565365550244,7.833104189971551e-17
7104.321066592852,7.896430342913655e-17
7105.076767635459,7.408210449117275e-17
7105.832468678067,7.421936823262067e-17
7106.588169720675,7.451142520231355e-17
7107.343870763283,7.390151258696047e-17
7108.099571805891,7.20673841551843e-17
7108.855272848497,6.978635308431466e-17
7109.6109738911055,7.173320151397154e-17
7110.3666749337135,7.188948575740858e-17
7111.122375976322,7.276788747417742e-17
7111.87807701893,7.345871355979343e-17
7112.633778061537,7.297380748333964e-17
7113.389479104145,7.266153565258134e-17
7114.145180146753,7.238778753439408e-17
7114.900881189361,7.279690109192616e-17
7115.656582231968,7.041840276050535e-17
7116.412283274576,7.290355468629398e-17
7117.167984317184,7.407635268116871e-17
7117.923685359792,7.200012883221836e-17
7118.6793864024,6.933114156507081e-17
7119.435087445007,7.822002761841575e-17
7120.1907884876155,8.409102952100054e-17
7120.9464895302235,8.352703189064384e-17
7121.702190572832,7.783360379739855e-17
7122.45789161544,7.740450712882312e-17
7123.213592658047,8.034939540891566e-17
7123.969293700655,8.39775901273898e-17
7124.724994743263,8.479343100498493e-17
7125.480695785871,8.085594610837072e-17
7126.236396828479,8.129331885896991e-17
7126.992097871085,8.391866097958739e-17
7127.747798913693,8.170524548682059e-17
7128.503499956301,8.353751689707954e-17
7129.259200998909,7.7395486917553e-17
7130.014902041517,7.693733545560957e-17
7130.770603084125,7.851059314913178e-17
7131.526304126733,7.789016102579231e-17
7132.282005169341,7.582162913047401e-17
7133.037706211949,7.389796395121495e-17
7133.793407254557,7.161086858439039e-17
7134.549108297164,7.413913871183614e-17
7135.304809339772,7.576307296621194e-17
7136.06051038238,8.075504517965634e-17
7136.816211424988,8.11759136557143e-17
7137.571912467596,7.447175778139473e-17
7138.327613510202,7.34769542781864e-17
7139.08331455281,8.39486057904143e-17
7139.8390155954185,8.406118735551659e-17
7140.5947166380265,8.138366864534845e-17
7141.350417680635,8.039947169688972e-17
7142.106118723242,8.090159516459483e-17
7142.86181976585,7.693890052418008e-17
7143.617520808458,7.803698576642476e-17
7144.373221851066,8.48116327764278e-17
7145.128922893674,8.59158732638618e-17
7145.884623936281,8.140216467159521e-17
7146.640324978889,8.026463101832203e-17
7147.396026021497,8.142643683549735e-17
7148.151727064105,8.049883915874834e-17
7148.907428106713,7.849532267247662e-17
7149.66312914932,8.071924075796498e-17
7150.4188301919285,8.195843049244365e-17
7151.1745312345365,7.957190112614788e-17
7151.930232277145,7.827361349568504e-17
7152.685933319752,7.5610588038865e-17
7153.44163436236,7.679991167559368e-17
7154.197335404968,7.874602184059696e-17
7154.953036447576,8.09721705496567e-17
7155.708737490184,8.42644152757457e-17
7156.46443853279,8.187482124167873e-17
7157.220139575398,8.13873149529256e-17
7157.975840618006,8.072858073308037e-17
7158.731541660614,7.904581021118775e-17
7159.487242703222,8.147518662195016e-17
7160.2429437458295,9.020946730288772e-17
7160.998644788438,8.925132052053658e-17
7161.754345831046,8.349255995587496e-17
7162.510046873654,7.918531986648341e-17
7163.265747916262,7.765793271518787e-17
7164.021448958869,7.527285411751564e-17
7164.777150001477,7.642349996855839e-17
7165.532851044085,7.931670142459019e-17
7166.288552086693,8.229542051605546e-17
7167.044253129301,8.017764651813606e-17
7167.799954171907,7.249940328966382e-17
7168.555655214515,7.825596934076778e-17
7169.311356257123,7.626614931046206e-17
7170.0670572997315,6.827793683551508e-17
7170.8227583423395,7.020758081921377e-17
7171.578459384947,7.399415221532347e-17
7172.334160427555,7.455730584735043e-17
7173.089861470163,7.13205118998207e-17
7173.845562512771,7.147474543675176e-17
7174.601263555379,7.504591005042937e-17
7175.356964597986,7.323373551523782e-17
7176.112665640594,6.878289247456259e-17
7176.868366683202,6.51995480182623e-17
7177.62406772581,6.534889247293387e-17
7178.379768768418,7.684007913520013e-17
7179.135469811025,7.838217060957322e-17
7179.891170853633,7.43749698173811e-17
7180.6468718962415,7.437677129880816e-17
7181.4025729388495,6.498403953264617e-17
7182.158273981458,6.385384730305979e-17
7182.913975024065,7.196504797009861e-17
7183.669676066673,7.095647900351378e-17
7184.425377109281,6.31872684681341e-17
7185.181078151889,6.83906767629197e-17
7185.936779194497,7.070807100463434e-17
7186.692480237103,6.018310973288365e-17
7187.448181279711,6.254402039905888e-17
7188.203882322319,7.181456583336754e-17
7188.959583364927,7.505079506325056e-17
7189.715284407534,7.422812875610648e-17
7190.4709854501425,7.334757619520288e-17
7191.226686492751,6.161100825829905e-17
7191.982387535359,5.94958570545064e-17
7192.738088577967,7.397843568412028e-17
7193.493789620574,7.220340028368106e-17
7194.249490663182,7.27655118738838e-17
7195.00519170579,7.671826480611074e-17
7195.760892748398,7.271131208874487e-17
7196.516593791006,7.240097282573746e-17
7197.272294833612,7.059561832900563e-17
7198.02799587622,6.92475643737178e-17
7198.783696918828,7.707397855069814e-17
7199.539397961436,8.540180658587358e-17
7200.2950990040445,7.742502463595271e-17
7201.050800046652,6.679779836143448e-17
7201.80650108926,7.697292775289442e-17
7202.562202131868,8.513439951540442e-17
7203.317903174476,7.696538608168943e-17
7204.073604217084,6.860069399678823e-17
7204.829305259691,7.038604952491014e-17
7205.585006302299,7.679962450789236e-17
7206.340707344907,7.004068021095497e-17
7207.096408387515,7.638499258091022e-17
7207.852109430123,8.967064127860578e-17
7208.60781047273,8.629354543435827e-17
7209.363511515338,8.078040269896734e-17
7210.119212557946,7.924846231864248e-17
7210.8749136005545,7.766541247107225e-17
7211.6306146431625,7.522218308731438e-17
7212.38631568577,7.788574307835554e-17
7213.142016728378,8.511744995730307e-17
7213.897717770986,9.177236381268162e-17
7214.653418813594,8.882002929080214e-17
7215.409119856202,8.679654094043861e-17
7216.164820898808,8.8293343317575e-17
7216.920521941416,9.23104292415704e-17
7217.676222984024,9.363501797385228e-17
7218.431924026632,8.987521862198207e-17
7219.187625069239,8.628656152204601e-17
7219.943326111847,8.514330104296408e-17
7220.6990271544555,8.533374256049259e-17
7221.454728197064,8.973905325309028e-17
7222.210429239672,8.911820649902031e-17
7222.966130282279,8.110244994353913e-17
7223.721831324887,8.165869603923031e-17
7224.477532367495,8.343748574459499e-17
7225.233233410103,8.37225607839206e-17
7225.988934452711,8.512600202081022e-17
7226.744635495317,7.675301377601077e-17
7227.500336537925,7.032192775996734e-17
7228.256037580533,7.107329247332307e-17
7229.011738623141,7.781237791487779e-17
7229.767439665749,8.422677894321055e-17
7230.523140708357,8.795354068106419e-17
7231.278841750965,8.713589715623446e-17
7232.034542793573,8.224636759815644e-17
7232.790243836181,7.503522540041704e-17
7233.545944878789,7.746201839822466e-17
7234.301645921396,7.371340247970754e-17
7235.057346964004,6.798342761674909e-17
7235.813048006612,7.591834237791264e-17
7236.56874904922,7.820988644687938e-17
7237.324450091828,8.20587172988925e-17
7238.080151134435,8.788279120910831e-17
7238.835852177043,9.080666266008995e-17
7239.591553219651,8.653549656480793e-17
7240.347254262259,7.20398707713165e-17
7241.1029553048675,6.798260150550457e-17
7241.858656347475,8.240803290833126e-17
7242.614357390083,8.399831188336877e-17
7243.370058432691,7.162040692474021e-17
7244.125759475299,6.996090964050866e-17
7244.881460517907,8.176287355470467e-17
7245.637161560513,7.700761871166557e-17
7246.392862603121,7.433268914294624e-17
7247.148563645729,7.666207876437421e-17
7247.904264688337,7.760843422601962e-17
7248.659965730945,7.891787824834369e-17
7249.415666773552,7.919590630414265e-17
7250.1713678161605,7.777373104591527e-17
7250.9270688587685,7.81457452858702e-17
7251.682769901377,7.749632264515095e-17
7252.438470943985,6.902882467577231e-17
7253.194171986592,6.687663145148118e-17
7253.9498730292,7.441030132370197e-17
7254.705574071808,8.199753187500085e-17
7255.461275114416,8.538838294285544e-17
7256.216976157022,8.591335873227629e-17
7256.97267719963,8.330604737489705e-17
7257.728378242238,8.370911113419856e-17
7258.484079284846,8.794596339009097e-17
7259.239780327454,8.773122822598095e-17
7259.9954813700615,8.189290139823206e-17
7260.75118241267,8.110375536664827e-17
7261.506883455278,8.011760086741717e-17
7262.262584497886,7.86492817988976e-17
7263.018285540494,8.110239256109174e-17
7263.773986583101,8.019080306050808e-17
7264.529687625709,7.137838258386377e-17
7265.285388668317,6.784988499032078e-17
7266.041089710925,6.850091867268327e-17
7266.796790753533,7.927208755285296e-17
7267.55249179614,8.261445163346002e-17
7268.308192838748,8.343061014987049e-17
7269.063893881356,7.913204503251694e-17
7269.819594923964,7.509499649775073e-17
7270.575295966572,7.469351239504444e-17
7271.33099700918,7.518627710471538e-17
7272.086698051788,7.284159591023414e-17
7272.842399094396,6.526044606118938e-17
7273.598100137004,6.501278137295731e-17
7274.353801179612,7.235226838278838e-17
7275.109502222218,6.698207508260724e-17
7275.865203264826,6.336356560290073e-17
7276.620904307434,6.182466498496368e-17
7277.376605350042,5.638294480412601e-17
7278.13230639265,6.6704977364189e-17
7278.888007435257,7.528613772484665e-17
7279.643708477865,7.563170721454103e-17
7280.3994095204735,7.22044789666298e-17
7281.1551105630815,7.100803750267561e-17
7281.91081160569,7.661443057591763e-17
7282.666512648297,8.061845503219725e-17
7283.422213690905,7.998068763385158e-17
7284.177914733513,8.249930609703376e-17
7284.933615776121,8.289174655626193e-17
7285.689316818729,8.141758954773337e-17
7286.445017861335,7.931729309279984e-17
7287.200718903943,7.401062848403694e-17
7287.956419946551,7.267650231792355e-17
7288.712120989159,8.155300932691483e-17
7289.467822031767,8.27076869592568e-17
7290.2235230743745,7.031428607798488e-17
7290.979224116983,7.323095926541398e-17
7291.734925159591,8.435276339622252e-17
7292.490626202199,8.506309823850556e-17
7293.246327244806,8.197437267769102e-17
7294.002028287414,7.924177904301914e-17
7294.757729330022,7.473074243784043e-17
7295.51343037263,7.423361682356635e-17
7296.269131415238,8.081159468296071e-17
7297.024832457845,8.100987879024446e-17
7297.780533500453,8.141329420827008e-17
7298.536234543061,8.160091987550655e-17
7299.291935585669,8.099967477821503e-17
7300.047636628277,7.609186777821988e-17
7300.8033376708845,7.591786071270976e-17
7301.559038713493,7.791072309642705e-17
7302.314739756101,7.829105231656813e-17
7303.070440798709,7.750848377194009e-17
7303.826141841317,7.629604059080479e-17
7304.581842883923,7.981930036049145e-17
7305.337543926531,7.963883728004079e-17
7306.093244969139,7.328880292670425e-17
7306.848946011747,7.414108978265504e-17
7307.604647054355,7.374828087233672e-17
7308.360348096962,7.138710392539552e-17
7309.11604913957,7.111460853970766e-17
7309.871750182178,7.405507631137206e-17
7310.6274512247865,7.61180671763142e-17
7311.3831522673945,7.522128106281983e-17
7312.138853310002,7.44087404219685e-17
7312.89455435261,7.440857082890713e-17
7313.650255395218,7.719244839464976e-17
7314.405956437826,7.842289408593752e-17
7315.161657480434,7.872081573997613e-17
7315.91735852304,7.829254786159157e-17
7316.673059565648,7.755428182502267e-17
7317.428760608256,8.024102646788032e-17
7318.184461650864,7.961150607068234e-17
7318.940162693472,7.892147207949373e-17
7319.695863736079,8.600621020109734e-17
7320.4515647786875,8.845593752334035e-17
7321.207265821296,8.551153506473259e-17
7321.962966863904,8.466609129279381e-17
7322.718667906512,8.455001814120973e-17
7323.474368949119,8.727697147828572e-17
7324.230069991727,9.010721113138582e-17
7324.985771034335,9.455347608663321e-17
7325.741472076943,9.289186036439581e-17
7326.49717311955,8.697624689336716e-17
7327.252874162158,8.655020009740179e-17
7328.008575204766,8.58568987683643e-17
7328.764276247374,8.619595557460668e-17
7329.519977289982,9.116371285134077e-17
7330.275678332589,8.810777579306387e-17
7331.0313793751975,8.621116283318433e-17
7331.787080417806,8.407406735518297e-17
7332.542781460414,8.301027802200127e-17
7333.298482503022,8.349889074112608e-17
7334.054183545628,8.755201986684916e-17
7334.809884588236,8.78217418109346e-17
7335.565585630844,8.685475046098841e-17
7336.321286673452,8.922603002184777e-17
7337.07698771606,8.912348985870189e-17
7337.832688758667,8.42239538283977e-17
7338.588389801275,8.09790939073128e-17
7339.344090843883,8.074767772108881e-17
7340.099791886491,8.514712708537211e-17
7340.8554929290995,8.820615515041256e-17
7341.611193971707,8.963371165254165e-17
7342.366895014315,8.97625111073893e-17
7343.122596056923,8.85408909525386e-17
7343.878297099531,8.427677581266489e-17
7344.633998142139,8.171622257495325e-17
7345.389699184745,8.493533092327886e-17
7346.145400227353,8.673239597047978e-17
7346.901101269961,8.632928026920006e-17
7347.656802312569,8.843201593898974e-17
7348.412503355177,8.725364429756486e-17
7349.168204397784,8.734849773063201e-17
7349.923905440392,9.020253515824843e-17
7350.6796064830005,8.672012408663135e-17
7351.435307525609,8.467411001098045e-17
7352.191008568217,8.879570650207569e-17
7352.946709610824,9.194696397159815e-17
7353.702410653432,9.086647096071602e-17
7354.45811169604,9.207692166390142e-17
7355.213812738648,9.349060308454491e-17
7355.969513781256,9.382159405304709e-17
7356.725214823863,9.257694964041113e-17
7357.480915866471,9.339849557212863e-17
7358.236616909079,8.900259225420049e-17
7358.992317951687,8.947920110535205e-17
7359.748018994294,9.034185907933028e-17
7360.503720036902,9.1131681415821e-17
7361.2594210795105,9.437951632500266e-17
7362.015122122119,9.365034241199702e-17
7362.770823164727,9.047523574549287e-17
7363.526524207333,9.18966346048211e-17
7364.282225249941,9.037142292310196e-17
7365.037926292549,8.83578215816128e-17
7365.793627335157,8.794440694847008e-17
7366.549328377765,8.997376962194839e-17
7367.305029420372,8.96882397671155e-17
7368.06073046298,9.078785551468987e-17
7368.816431505588,9.170769939326507e-17
7369.572132548196,9.03866266616587e-17
7370.327833590804,8.862503751459465e-17
7371.083534633412,8.519605198658608e-17
7371.83923567602,7.923488306971053e-17
7372.594936718628,8.348201348005705e-17
7373.350637761236,8.63321056859645e-17
7374.106338803844,8.193944766902128e-17
7374.86203984645,7.809841045176525e-17
7375.617740889058,7.879895937476531e-17
7376.373441931666,8.696777686428012e-17
7377.129142974274,9.075258545770963e-17
7377.884844016882,8.738648134281723e-17
7378.640545059489,8.365182672163802e-17
7379.396246102097,8.101949036856412e-17
7380.151947144705,8.20393194016496e-17
7380.9076481873135,8.6812914410681e-17
7381.663349229922,8.729807168174033e-17
7382.419050272529,8.989015623223879e-17
7383.174751315137,9.220732513750156e-17
7383.930452357745,8.968570283146289e-17
7384.686153400353,9.380176422225952e-17
7385.441854442961,9.342354898409827e-17
7386.197555485568,1.0216534932233396e-16
7386.953256528176,9.803994782407749e-17
7387.708957570784,9.046751359800717e-17
7388.464658613392,9.06591988179458e-17
7389.220359656,9.12033182445653e-17
7389.976060698607,9.089137561324827e-17
7390.731761741215,8.859697700345655e-17
7391.4874627838235,8.928244475091461e-17
7392.243163826432,9.083205254783227e-17
7392.99886486904,8.99451416894458e-17
7393.754565911646,9.034573774763862e-17
7394.510266954254,9.476861658115469e-17
7395.265967996862,9.212142171278035e-17
7396.02166903947,8.197670461184239e-17
7396.777370082077,7.796302354916571e-17
7397.533071124685,7.874270234557324e-17
7398.288772167293,8.227831506631947e-17
7399.044473209901,8.340349171285776e-17
7399.800174252509,8.615301210367044e-17
7400.5558752951165,8.457763097374477e-17
7401.311576337725,8.439121054680713e-17
7402.067277380333,8.699588919719346e-17
7402.822978422941,8.818650150562357e-17
7403.578679465549,8.885565464738737e-17
7404.334380508155,8.359823975823404e-17
7405.090081550763,8.45878708274851e-17
7405.845782593371,8.585673027245293e-17
7406.601483635979,8.835004767974654e-17
7407.357184678587,8.86130031289902e-17
7408.112885721194,9.054469131546381e-17
7408.868586763802,9.565904206440516e-17
7409.62428780641,9.567899891399324e-17
7410.379988849018,9.157680614163076e-17
7411.1356898916265,9.234564845892797e-17
7411.891390934234,9.349261424301963e-17
7412.647091976842,9.303149079218173e-17
7413.40279301945,8.873214970566025e-17
7414.158494062058,8.687472914885864e-17
7414.914195104666,8.941472819133993e-17
7415.669896147273,9.370105908544528e-17
7416.425597189881,9.495946007614054e-17
7417.181298232489,9.494949863408793e-17
7417.936999275097,8.973154638763573e-17
7418.692700317705,8.657465543209004e-17
7419.448401360312,8.541820062384995e-17
7420.20410240292,8.677796879792775e-17
7420.959803445528,8.913763327307598e-17
7421.7155044881365,8.778180454412134e-17
7422.471205530745,8.84553777866695e-17
7423.226906573351,9.144558008110267e-17
7423.982607615959,9.084721392262495e-17
7424.738308658567,9.222869463850769e-17
7425.494009701175,9.521011783833272e-17
7426.249710743783,9.40700173224228e-17
7427.00541178639,9.170031605010786e-17
7427.761112828998,8.93569930420137e-17
7428.516813871606,9.013419984282531e-17
7429.272514914214,8.776038108345477e-17
7430.028215956821,8.59882535068376e-17
7430.7839169994295,8.449543359818826e-17
7431.539618042038,8.569268549292568e-17
7432.295319084646,8.833989503669112e-17
7433.051020127254,8.685244455013735e-17
7433.80672116986,8.514594410571618e-17
7434.562422212468,8.742678990971277e-17
7435.318123255076,8.989151002934249e-17
7436.073824297684,9.294749687394711e-17
7436.829525340292,9.842927891090282e-17
7437.585226382899,9.661869199878853e-17
7438.340927425507,9.35562534763847e-17
7439.096628468115,9.144436614169968e-17
7439.852329510723,9.031691025684195e-17
7440.608030553331,9.050904790910874e-17
7441.363731595939,9.252737036037487e-17
7442.119432638547,9.262656449424013e-17
7442.875133681155,9.13285692568899e-17
7443.630834723763,9.178494402226799e-17
7444.386535766371,9.123034078057823e-17
7445.142236808978,8.904601884803178e-17
7445.897937851586,8.590883895634998e-17
7446.653638894194,8.930760910513159e-17
7447.409339936802,9.305627822252862e-17
7448.16504097941,9.334468833122795e-17
7448.920742022017,9.208598819672001e-17
7449.676443064625,9.297530776301441e-17
7450.432144107233,8.893927317713444e-17
7451.187845149841,9.098326095736424e-17
7451.9435461924495,8.868532741531817e-17
7452.699247235056,9.22868264431763e-17
7453.454948277664,9.444392895291191e-17
7454.210649320272,9.257662587081151e-17
7454.96635036288,9.679422546387695e-17
7455.722051405488,9.527038641930715e-17
7456.477752448095,9.462412484205625e-17
7457.233453490703,9.601999954772173e-17
7457.989154533311,9.912193023967869e-17
7458.744855575919,1.0103583503111802e-16
7459.500556618527,9.772530423802012e-17
7460.256257661134,9.072328314643394e-17
7461.0119587037425,8.832834484700215e-17
7461.767659746351,9.021245633882511e-17
7462.523360788959,9.600977729797893e-17
7463.279061831565,9.403189600147748e-17
7464.034762874173,9.14678781822633e-17
7464.790463916781,9.016315733335273e-17
7465.546164959389,8.762775415328018e-17
7466.301866001997,8.731716432056626e-17
7467.057567044604,9.01236111643079e-17
7467.813268087212,9.124313117465875e-17
7468.56896912982,9.228732283518018e-17
7469.324670172428,9.117670648867894e-17
7470.080371215036,8.961248183332347e-17
7470.8360722576435,8.817393795029955e-17
7471.591773300252,8.64746679752506e-17
7472.34747434286,9.328316362815346e-17
7473.103175385468,9.323162020269438e-17
7473.858876428076,9.196451574682963e-17
7474.614577470683,9.335723846333711e-17
7475.370278513291,9.101914311033051e-17
7476.125979555899,8.834545514432171e-17
7476.881680598507,8.783055570352219e-17
7477.637381641115,8.940997585280741e-17
7478.393082683722,9.10427768220679e-17
7479.14878372633,9.155371039482322e-17
7479.904484768938,9.585991987863357e-17
7480.660185811546,9.072302470759508e-17
7481.415886854154,8.850859747427091e-17
7482.171587896761,9.057155094107807e-17
7482.927288939369,9.126913952676564e-17
7483.682989981977,9.21832904365669e-17
7484.438691024585,9.290106360321057e-17
7485.194392067193,9.718214991785174e-17
7485.9500931098,9.774310845320921e-17
7486.705794152408,9.830890532208318e-17
7487.461495195016,1.0052439440832197e-16
7488.217196237624,9.766648813876203e-17
7488.972897280232,9.491905394403145e-17
7489.728598322839,1.0094763562488457e-16
7490.484299365447,9.883510355111816e-17
7491.2400004080555,1.0050597879939295e-16
7491.995701450664,9.402164552606252e-17
7492.751402493272,9.311444070550901e-17
7493.507103535878,9.67404415227728e-17
7494.262804578486,9.574854074155197e-17
7495.018505621094,9.338096681616866e-17
7495.774206663702,8.927281640531381e-17
7496.52990770631,8.850182686792779e-17
7497.285608748917,8.824688095985183e-17
7498.041309791525,9.407559523088044e-17
7498.797010834133,9.451225250417773e-17
7499.552711876741,9.078302995946848e-17
7500.3084129193485,8.779698963254306e-17
7501.0641139619565,9.566659022542012e-17
7501.819815004565,9.761133661690242e-17
7502.575516047173,9.312754864475583e-17
7503.331217089781,9.740231754870343e-17
7504.086918132388,9.968041353113461e-17
7504.842619174996,9.984100539716224e-17
7505.598320217604,9.999852295150952e-17
7506.354021260212,9.768570465684451e-17
7507.10972230282,9.783892407991439e-17
7507.865423345427,9.20023262301975e-17
7508.621124388035,9.066998365505298e-17
7509.376825430643,9.283517701249437e-17
7510.132526473251,9.227317993186681e-17
7510.888227515859,9.060890704947128e-17
7511.643928558466,9.550358606196281e-17
7512.399629601074,9.477234134950845e-17
7513.155330643682,9.583503242491331e-17
7513.91103168629,9.517970875186072e-17
7514.666732728898,9.39589210489554e-17
7515.422433771505,1.002528927725839e-16
7516.178134814113,9.819525811892321e-17
7516.933835856721,9.874364753944943e-17
7517.689536899329,9.649210510593657e-17
7518.445237941937,9.519774117060545e-17
7519.200938984544,9.390587226125251e-17
7519.956640027152,9.296910176259237e-17
7520.71234106976,9.326008030222591e-17
7521.4680421123685,9.494902888547256e-17
7522.223743154977,9.958225087122349e-17
7522.979444197583,1.0144289516980893e-16
7523.735145240191,1.0090588221283215e-16
7524.490846282799,1.0276399632752491e-16
7525.246547325407,1.0376225871596675e-16
7526.002248368015,1.0567984575389779e-16
7526.757949410622,1.0235369842643493e-16
7527.51365045323,9.626963980779622e-17
7528.269351495838,9.43490876893579e-17
7529.025052538446,1.0200541980129149e-16
7529.780753581054,1.0304740751581491e-16
7530.5364546236615,1.0199953374213264e-16
7531.2921556662695,9.94600296813276e-17
7532.047856708878,9.842255783870012e-17
7532.803557751486,1.043164421384644e-16
7533.559258794094,1.0680556142709096e-16
7534.314959836701,1.0267208271734372e-16
7535.070660879309,1.0101942106742463e-16
7535.826361921917,9.700118009179153e-17
7536.582062964525,9.721339282629872e-17
7537.337764007132,9.704102735520442e-17
7538.09346504974,1.0427072998354677e-16
7538.849166092348,1.0997946996640305e-16
7539.604867134956,1.0635165087577871e-16
7540.360568177564,9.921690413686182e-17
7541.116269220171,9.641788376621194e-17
7541.871970262779,1.0010403697212982e-16
7542.627671305387,9.755053121658301e-17
7543.383372347995,9.817158703894283e-17
7544.139073390603,9.55685652983359e-17
7544.89477443321,1.0175058523845645e-16
7545.650475475818,1.0511808136826994e-16
7546.406176518426,1.0319286175243363e-16
7547.161877561034,1.0113816872378226e-16
7547.917578603642,9.973572638244477e-17
7548.673279646249,1.0288677958312498e-16
7549.428980688857,1.0120521866624927e-16
7550.184681731465,9.87686838835194e-17
7550.940382774073,9.753587650998847e-17
7551.6960838166815,9.569192577211601e-17
7552.451784859288,9.574110690609807e-17
7553.207485901896,1.0038048449509776e-16
7553.963186944504,1.0150465340501266e-16
7554.718887987112,9.798977511065418e-17
7555.47458902972,9.641133795211585e-17
7556.230290072327,9.549741418926018e-17
7556.985991114935,9.474830758801069e-17
7557.741692157543,1.0044590041020198e-16
7558.497393200151,9.964656770707117e-17
7559.253094242759,1.0174292245903723e-16
7560.008795285366,9.88458268450882e-17
7560.7644963279745,9.896805719564685e-17
7561.5201973705825,1.0346673608806078e-16
7562.275898413191,1.0264910551548392e-16
7563.031599455799,9.792538557831022e-17
7563.787300498406,9.752065842975883e-17
7564.543001541014,9.425273777141642e-17
7565.298702583622,9.342950333379098e-17
7566.05440362623,9.91294264691676e-17
7566.810104668837,1.0121130762799423e-16
7567.565805711445,9.585704195584442e-17
7568.321506754053,1.0088108518814059e-16
7569.077207796661,9.396869070467868e-17
7569.832908839269,9.193168197657324e-17
7570.5886098818755,9.482337574085253e-17
7571.344310924484,9.400350740147058e-17
7572.100011967092,9.251492090131606e-17
7572.8557130097,9.248087362717297e-17
7573.611414052308,9.116628954605943e-17
7574.367115094915,9.917643064705843e-17
7575.122816137523,1.0209167672214129e-16
7575.878517180131,1.0051114400674343e-16
7576.634218222739,1.0231998364400591e-16
7577.389919265347,1.0528501047634041e-16
7578.145620307954,1.0460798900346445e-16
7578.901321350562,1.0304109654396852e-16
7579.65702239317,1.0515377554280086e-16
7580.412723435778,1.0674847656017971e-16
7581.168424478386,1.0509957986883491e-16
7581.924125520993,1.0088349443211137e-16
7582.679826563601,1.009909169646321e-16
7583.435527606209,1.0291043477472422e-16
7584.191228648817,1.0539610918760492e-16
7584.946929691425,1.0700034674875642e-16
7585.702630734032,1.0723940419858754e-16
7586.45833177664,1.065002326315481e-16
7587.214032819248,1.0588682185736551e-16
7587.969733861856,1.0678661906498434e-16
7588.725434904464,1.1189828604277363e-16
7589.481135947071,1.0927468152428099e-16
7590.236836989679,9.966738060731366e-17
7590.9925380322875,9.837169517828318e-17
7591.7482390748955,9.792478413423217e-17
7592.503940117504,1.0278839503631279e-16
7593.259641160111,9.701107525662408e-17
7594.015342202719,7.293663281795486e-17
7594.771043245327,6.194977304532429e-17
7595.526744287935,5.385910668927478e-17
7596.282445330543,4.7275838262201454e-17
7597.03814637315,5.116648017981673e-17
7597.793847415758,5.396953918244037e-17
7598.549548458366,4.1071771640196053e-17
7599.305249500974,4.3788769831733065e-17
7600.060950543582,3.0331948132266085e-17
7600.8166515861885,3.194798391688823e-17
7601.572352628797,2.75366414002152e-17
7602.328053671405,2.4387479916570312e-17
7603.083754714013,3.205937230905853e-17
7603.83945575662,2.4620997618957247e-17
7604.595156799228,2.5514735359968274e-17
7605.350857841836,2.776427560990099e-17
7606.106558884444,2.8305944147279727e-17
7606.862259927052,2.783540829194271e-17
7607.617960969659,3.1497765636909823e-17
7608.373662012267,3.688177977971314e-17
7609.129363054875,3.081838752909929e-17
7609.885064097483,2.909838676260036e-17
7610.640765140091,3.9270576230515995e-17
7611.396466182698,5.5103059870967164e-17
7612.152167225306,4.0867716494765355e-17
7612.907868267914,3.8130702891356076e-17
7613.663569310522,6.098201254042931e-17
7614.41927035313,7.02100040750931e-17
7615.174971395737,5.619458310154197e-17
7615.930672438345,5.950084295861401e-17
7616.686373480953,8.624398673186165e-17
7617.442074523561,9.915663127717118e-17
7618.197775566169,9.98296837693325e-17
7618.953476608776,9.715661119477993e-17
7619.709177651384,1.0219100115352481e-16
7620.464878693992,7.021209327500002e-17
7621.2205797366005,5.998203761742714e-17
7621.9762807792085,8.480404495040505e-17
7622.731981821816,7.299011850344051e-17
7623.487682864424,5.126019504845063e-17
7624.243383907032,4.331287617622483e-17
7624.99908494964,6.459619975042609e-17
7625.754785992248,8.721851294133714e-17
7626.510487034855,6.37811251311663e-17
7627.266188077463,4.168979409319692e-17
7628.021889120071,3.48182753759444e-17
7628.777590162679,5.769394422190796e-17
7629.533291205287,8.286979128634175e-17
7630.2889922478935,7.027725591560883e-17
7631.0446932905015,4.141968609890435e-17
7631.80039433311,3.200480591193015e-17
7632.556095375718,5.1888002931407605e-17
7633.311796418326,7.630241810729151e-17
7634.067497460933,7.926446710815518e-17
7634.823198503541,5.0856855706055564e-17
7635.578899546149,3.356985781001699e-17
7636.334600588757,3.825956652884337e-17
7637.090301631365,7.21599400494629e-17
7637.846002673972,9.689875644269906e-17
7638.60170371658,8.675850188049905e-17
7639.357404759188,4.963125590933639e-17
7640.113105801796,3.560780470440112e-17
7640.868806844403,4.6085286224557275e-17
7641.624507887011,7.073315435110894e-17
7642.380208929619,8.405791353727278e-17
7643.135909972227,8.247953722121754e-17
7643.891611014835,5.3694969105320315e-17
7644.647312057442,3.7505679676599705e-17
7645.40301310005,4.152595627914637e-17
7646.158714142658,6.439357198009526e-17
7646.914415185266,8.38337484068842e-17
7647.670116227874,8.566608620146079e-17
7648.425817270481,6.61599537233518e-17
7649.181518313089,4.7249756995621416e-17
7649.937219355697,4.312259124245348e-17
7650.692920398305,6.47105013972064e-17
7651.4486214409135,8.803149331666097e-17
7652.204322483521,9.228321219402792e-17
7652.960023526129,8.582278926856027e-17
7653.715724568737,6.6433799853935e-17
7654.471425611345,5.748794926650926e-17
7655.227126653953,6.577947842119887e-17
7655.98282769656,9.221665794936993e-17
7656.738528739168,1.0962066497423872e-16
7657.494229781776,1.0754728401071148e-16
7658.249930824384,1.0397522563204578e-16
7659.005631866992,8.645986420779793e-17
7659.761332909598,7.299326922795186e-17
7660.5170339522065,7.727136862349289e-17
7661.2727349948145,9.355710167432754e-17
7662.028436037423,1.0624812891028934e-16
7662.784137080031,1.0570314498195632e-16
7663.539838122638,1.0516075456328663e-16
7664.295539165246,9.085064824810189e-17
7665.051240207854,8.029872863761322e-17
7665.806941250462,7.997458435197553e-17
7666.56264229307,9.547730875392862e-17
7667.318343335677,1.0842169926644868e-16
7668.074044378285,1.059771107391585e-16
7668.829745420893,1.0594687457742348e-16
7669.585446463501,1.0331728358968387e-16
7670.3411475061075,9.356808094610376e-17
7671.096848548716,8.919779975756501e-17
7671.852549591324,9.26019757233179e-17
7672.608250633932,9.859731336043194e-17
7673.36395167654,1.0445334455493478e-16
7674.119652719148,1.0230444689549745e-16
7674.875353761755,1.0566697949875188e-16
7675.631054804363,1.044954808687132e-16
7676.386755846971,9.320564631907118e-17
7677.142456889579,8.778305922462016e-17
7677.898157932186,9.263038816474574e-17
7678.653858974794,9.930159890426894e-17
7679.409560017402,9.875669735718644e-17
7680.16526106001,9.580794755733803e-17
7680.920962102618,9.96249929906764e-17
7681.676663145226,9.918667698254188e-17
7682.432364187834,9.194664878757137e-17
7683.188065230442,8.782555933556527e-17
7683.94376627305,9.322565495887734e-17
7684.699467315658,1.0079315819171114e-16
7685.455168358265,1.0277443792847645e-16
7686.210869400873,9.947821336197393e-17
7686.966570443481,9.880599713864916e-17
7687.722271486089,9.643316875973912e-17
7688.477972528697,1.0055034951694142e-16
7689.233673571303,1.0288867707245993e-16
7689.989374613911,1.0334608009996905e-16
7690.7450756565195,1.0212836224742908e-16
7691.5007766991275,1.0504220962267313e-16
7692.256477741736,1.055985736044742e-16
7693.012178784343,1.0852769575424539e-16
7693.767879826951,1.0567212261838178e-16
7694.523580869559,9.945031552583704e-17
7695.279281912167,9.407889555636048e-17
7696.034982954775,9.289040132396378e-17
7696.790683997382,9.418080566122639e-17
7697.54638503999,9.570469401675939e-17
7698.302086082598,9.123486269335621e-17
7699.057787125206,8.763784529898192e-17
7699.813488167814,9.1569157666851e-17
7700.5691892104205,9.267209235421246e-17
7701.324890253029,9.61734704253566e-17
7702.080591295637,9.765478866610566e-17
7702.836292338245,1.011884915255057e-16
7703.591993380853,1.0028356303463513e-16
7704.34769442346,9.790379038521252e-17
7705.103395466068,1.0298749408512885e-16
7705.859096508676,1.0211698514022032e-16
7706.614797551284,9.767826081819063e-17
7707.370498593891,9.673558973019442e-17
7708.126199636499,9.932002187868196e-17
7708.881900679107,1.0185778921164253e-16
7709.637601721715,1.0024128597881302e-16
7710.393302764323,9.942234751073598e-17
7711.1490038069305,9.65163162858517e-17
7711.904704849539,9.410026080320065e-17
7712.660405892147,9.125145789072162e-17
7713.416106934755,9.609528264380911e-17
7714.171807977363,1.0206904649010689e-16
7714.92750901997,1.0460672090309082e-16
7715.683210062578,1.0540695872633465e-16
7716.438911105186,1.0482761201608584e-16
7717.194612147794,1.0644139906014397e-16
7717.950313190402,1.0638832532363724e-16
7718.706014233008,1.1016717489167965e-16
7719.461715275616,1.0325000143749273e-16
7720.217416318224,1.0272333467426641e-16
7720.9731173608325,1.0819124164250054e-16
7721.7288184034405,1.1255936270679347e-16
7722.484519446048,1.1139250473209893e-16
7723.240220488656,1.0476886937065083e-16
7723.995921531264,1.0763365135010652e-16
7724.751622573872,1.0998195755804352e-16
7725.50732361648,1.0708624905150751e-16
7726.263024659087,1.025849488034939e-16
7727.018725701695,1.0248043317397561e-16
7727.774426744303,1.0181912044083602e-16
7728.530127786911,1.0105776051931844e-16
7729.285828829519,9.62017738990558e-17
7730.0415298721255,9.427095823252856e-17
7730.7972309147335,9.865785140873771e-17
7731.552931957342,9.824691568685177e-17
7732.30863299995,9.481404412499617e-17
7733.064334042558,9.291170659229456e-17
7733.820035085165,9.248631021059243e-17
7734.575736127773,9.545662704020766e-17
7735.331437170381,9.862474891599705e-17
7736.087138212989,9.986856205915245e-17
7736.842839255596,1.0055007740888246e-16
7737.598540298204,1.0142339286149304e-16
7738.354241340812,1.0517188457351546e-16
7739.10994238342,1.0854133514160739e-16
7739.865643426028,1.0542529485141226e-16
7740.621344468636,1.0484735186497052e-16
7741.3770455112435,1.0984062780016925e-16
7742.132746553852,1.1229614594662931e-16
7742.88844759646,1.1150379135590746e-16
7743.644148639068,1.135246942342797e-16
7744.399849681675,1.140549801271211e-16
7745.155550724283,1.119904116682263e-16
7745.911251766891,1.0810462109381484e-16
7746.666952809499,1.0815822714773223e-16
7747.422653852107,1.1122054310333212e-16
7748.178354894713,1.1322840965043947e-16
7748.934055937321,1.1037995020952994e-16
7749.689756979929,1.0598455191920669e-16
7750.445458022537,1.0916057763411173e-16
7751.2011590651455,1.0825415867505991e-16
7751.956860107753,1.0923943749210439e-16
7752.712561150361,1.1331256976196087e-16
7753.468262192969,1.110219583833056e-16
7754.223963235577,1.0529844483834487e-16
7754.979664278185,1.0483799985560574e-16
7755.735365320792,1.0849130801258249e-16
7756.4910663634,1.0849157741306081e-16
7757.246767406008,1.0292436312778813e-16
7758.002468448616,1.0253132031232261e-16
7758.758169491224,1.0422720201425272e-16
7759.51387053383,1.0102763705052004e-16
7760.2695715764385,1.0483354195444911e-16
7761.0252726190465,1.028940101490256e-16
7761.780973661655,1.0100662131466966e-16
7762.536674704263,9.955472285953456e-17
7763.29237574687,1.0216463711316461e-16
7764.048076789478,1.0460296365689821e-16
7764.803777832086,1.0511433156885744e-16
7765.559478874694,1.0461602642762257e-16
7766.315179917302,1.0225093171231704e-16
7767.070880959909,1.0544800306736436e-16
7767.826582002517,1.0667859126752283e-16
7768.582283045125,1.087639469364995e-16
7769.337984087733,1.0260153072318482e-16
7770.093685130341,1.0056247105099917e-16
7770.8493861729485,1.0205783031270058e-16
7771.6050872155565,1.0712761602318978e-16
7772.360788258165,1.043475072751757e-16
7773.116489300773,1.0549524348739608e-16
7773.87219034338,9.906589127389152e-17
7774.627891385988,1.0335921345012852e-16
7775.383592428596,1.0290741702766097e-16
7776.139293471204,1.044599454417768e-16
7776.894994513812,1.0280644769300506e-16
7777.65069555642,1.079946496573193e-16
7778.406396599026,1.0583775060930578e-16
7779.162097641634,1.0807203327286013e-16
7779.917798684242,1.0827189768489207e-16
7780.67349972685,1.072972114254656e-16
7781.429200769458,1.0588410031628138e-16
7782.184901812066,1.0971425643178117e-16
7782.940602854674,1.1454589917027667e-16
7783.696303897282,1.0767106552410293e-16
7784.45200493989,1.1735345603464e-16
7785.207705982497,1.150145161094608e-16
7785.963407025105,1.1383386606008434e-16
7786.719108067713,1.0991285272926711e-16
7787.474809110321,1.1364627270531556e-16
7788.230510152929,1.1414772477607688e-16
7788.986211195535,1.1509387373412664e-16
7789.741912238143,1.1842141786294388e-16
7790.4976132807515,1.1964567066400352e-16
7791.2533143233595,1.173807362631567e-16
7792.009015365968,1.1795348201724416e-16
7792.764716408575,1.1577461791608881e-16
7793.520417451183,1.150284689542689e-16
7794.276118493791,1.154483569941169e-16
7795.031819536399,1.150588145722972e-16
7795.787520579007,1.145073507770831e-16
7796.543221621614,1.1317553341713345e-16
7797.298922664222,1.1321412263506742e-16
7798.05462370683,1.166360579682733e-16
7798.810324749438,1.1987738021887768e-16
7799.566025792046,1.193314676771573e-16
7800.321726834653,1.1983085164043407e-16
7801.0774278772615,1.2003004186985655e-16
7801.8331289198695,1.187102851389122e-16
7802.588829962478,1.2029749387755793e-16
7803.344531005086,1.2141548525012756e-16
7804.100232047693,1.208099844180403e-16
7804.855933090301,1.2164731007363285e-16
7805.611634132909,1.2310741080029605e-16
7806.367335175517,1.228974138854836e-16
7807.123036218125,1.231305592854058e-16
7807.878737260731,1.1867622702014777e-16
7808.634438303339,1.1915575424580985e-16
7809.390139345947,1.216106476022471e-16
7810.145840388555,1.2053120578906403e-16
7810.9015414311625,1.191286906495521e-16
7811.657242473771,1.1542112292970186e-16
7812.412943516379,1.1416652228803066e-16
7813.168644558987,1.146133858411367e-16
7813.924345601595,1.1854599134664165e-16
7814.680046644203,1.1971544432679964e-16
7815.43574768681,1.156403970291885e-16
7816.191448729418,1.1134295355300808e-16
7816.947149772026,1.0810189489959136e-16
7817.702850814634,1.0739844455562842e-16
7818.45855185724,1.0107690230752604e-16
7819.214252899848,1.0650949348466519e-16
7819.969953942456,1.0505006122852958e-16
7820.7256549850645,1.0547871756401065e-16
7821.4813560276725,1.0673663472422245e-16
7822.23705707028,1.1028649678647795e-16
7822.992758112888,1.1003257915918044e-16
7823.748459155496,1.0656100149088917e-16
7824.504160198104,1.0806862303844835e-16
7825.259861240712,1.1098890439954086e-16
7826.015562283319,1.0606052963805559e-16
7826.771263325927,1.0457933648711433e-16
7827.526964368535,1.0726869236462464e-16
7828.282665411143,1.113836659860338e-16
7829.038366453751,1.0694328578518886e-16
7829.794067496358,1.061324715392955e-16
7830.549768538966,9.896478340167371e-17
7831.3054695815745,9.469610262666566e-17
7832.0611706241825,9.511846887914691e-17
7832.816871666791,9.663584157037455e-17
7833.572572709398,9.60714577861548e-17
7834.328273752006,9.352849990563471e-17
7835.083974794614,9.323342775995559e-17
7835.839675837222,9.33690001755151e-17
7836.59537687983,9.612760340263153e-17
7837.351077922436,9.534734845358868e-17
7838.106778965044,9.543191591782406e-17
7838.862480007652,9.532664009050112e-17
7839.61818105026,9.853978633262256e-17
7840.373882092868,1.009219518946641e-16
7841.1295831354755,9.93004606260401e-17
7841.885284178084,9.997619743722893e-17
7842.640985220692,1.0084668617336724e-16
7843.3966862633,9.903145749925311e-17
7844.152387305908,9.937188500327878e-17
7844.908088348515,1.0160832416319626e-16
7845.663789391123,1.0300190579472061e-16
7846.419490433731,1.0212829203556268e-16
7847.175191476339,1.0022639620792067e-16
7847.930892518945,1.000207293918162e-16
7848.686593561553,1.0199781093803273e-16
7849.442294604161,1.003331719040981e-16
7850.197995646769,1.0117987908430094e-16
7850.9536966893775,1.0618687502190623e-16
7851.709397731985,1.0486703772457643e-16
7852.465098774593,1.008686332638523e-16
7853.220799817201,9.867738099373164e-17
7853.976500859809,9.359287196210074e-17
7854.732201902417,9.393608707852746e-17
7855.487902945024,9.30836089019867e-17
7856.243603987632,9.136318791430542e-17
7856.99930503024,8.932527672862443e-17
7857.755006072848,8.884481744507682e-17
7858.510707115456,8.866651907475036e-17
7859.266408158063,9.005535397320672e-17
7860.022109200671,9.175691034804027e-17
7860.777810243279,9.003058267355316e-17
7861.5335112858875,8.947869921931059e-17
7862.2892123284955,8.517847259209231e-17
7863.044913371103,8.44816531010937e-17
7863.800614413711,8.6230587741424e-17
7864.556315456319,8.846244941561279e-17
7865.312016498927,8.432500119832437e-17
7866.067717541535,8.419001502737318e-17
7866.823418584141,8.682392282259866e-17
7867.579119626749,8.818868150584353e-17
7868.334820669357,8.697050694441217e-17
7869.090521711965,8.567455224414526e-17
7869.846222754573,8.374637865999943e-17
7870.6019237971805,8.292047526656767e-17
7871.3576248397885,8.856989423572679e-17
7872.113325882397,9.161386069383697e-17
7872.869026925005,9.139533641332341e-17
7873.624727967613,8.816009157856241e-17
7874.38042901022,8.398468748311376e-17
7875.136130052828,8.096906002769636e-17
7875.891831095436,7.959678668033425e-17
7876.647532138044,7.97294570324021e-17
7877.40323318065,7.997841031399866e-17
7878.158934223258,7.877391260927282e-17
7878.914635265866,7.880312985863058e-17
7879.670336308474,7.887245098613243e-17
7880.426037351082,7.808167797432627e-17
7881.1817383936905,7.897729956838905e-17
7881.937439436298,7.844024234849074e-17
7882.693140478906,7.919037028392902e-17
7883.448841521514,8.270585573618501e-17
7884.204542564122,7.532205803375374e-17
7884.960243606729,7.409398742396245e-17
7885.715944649337,7.574411194848355e-17
7886.471645691945,7.70914403085259e-17
7887.227346734553,7.916392629387508e-17
7887.983047777161,8.080018307496091e-17
7888.738748819768,7.765889828353769e-17
7889.494449862376,7.521653998884628e-17
7890.250150904984,7.716894162514906e-17
7891.005851947592,7.971817689045766e-17
7891.7615529902005,8.246102115782899e-17
7892.517254032808,7.913088751633869e-17
7893.272955075416,7.196114063476375e-17
7894.028656118024,7.1252363391217e-17
7894.784357160632,7.697867803357268e-17
7895.54005820324,7.574640126307883e-17
7896.295759245846,7.006100716469063e-17
7897.051460288454,6.901525822109524e-17
7897.807161331062,6.91538574194048e-17
7898.56286237367,6.884352971454462e-17
7899.318563416278,7.43396156738169e-17
7900.074264458885,7.54926839743655e-17
7900.8299655014935,7.033627922217886e-17
7901.5856665441015,7.052360878109499e-17
7902.34136758671,7.280779121937071e-17
7903.097068629318,7.428013946738718e-17
7903.852769671925,7.270792359344326e-17
7904.608470714533,7.323260111207802e-17
7905.364171757141,7.89950883825452e-17
7906.119872799749,7.927466242586008e-17
7906.875573842357,7.654871213134218e-17
7907.631274884963,7.635543898889689e-17
7908.386975927571,7.659103927344708e-17
7909.142676970179,7.764363385714744e-17
7909.898378012787,7.865068255906022e-17
7910.654079055395,7.574406419399017e-17
7911.409780098003,7.814230646230815e-17
7912.165481140611,8.25377122421786e-17
7912.921182183219,8.181778210583549e-17
7913.676883225827,7.91279220310257e-17
7914.432584268434,8.099422284594529e-17
7915.188285311042,8.08850770094107e-17
7915.94398635365,7.987572450121852e-17
7916.699687396258,8.02271309974174e-17
7917.455388438866,7.498969432740099e-17
7918.211089481474,7.29209106950658e-17
7918.966790524081,7.602200069787823e-17
7919.722491566689,7.716474825497053e-17
7920.478192609297,7.764788044754056e-17
7921.233893651905,7.697282684058643e-17
7921.989594694513,7.637341359525527e-17
7922.745295737121,7.462519109328889e-17
7923.500996779729,7.476934066185791e-17
7924.256697822337,7.347221801987253e-17
7925.012398864945,7.157143405134952e-17
7925.768099907551,6.997854943442141e-17
7926.523800950159,7.304132111395719e-17
7927.279501992767,7.79109542513977e-17
7928.035203035375,8.020262162556271e-17
7928.790904077983,7.818568535619223e-17
7929.54660512059,7.489763803907108e-17
7930.302306163198,7.410592048422662e-17
7931.0580072058065,7.376214360577981e-17
7931.8137082484145,7.24072344132331e-17
7932.569409291023,7.616767296177254e-17
7933.32511033363,7.941641085843394e-17
7934.080811376238,7.996063996657375e-17
7934.836512418846,7.927832262474419e-17
7935.592213461454,8.426543041723377e-17
7936.347914504062,8.330844928931694e-17
7937.103615546668,8.05640767696293e-17
7937.859316589276,8.033416402224917e-17
7938.615017631884,8.109547449320251e-17
7939.370718674492,8.304248526160007e-17
7940.1264197171,8.504850833509881e-17
7940.8821207597075,8.446349719360485e-17
7941.637821802316,8.870978196000831e-17
7942.393522844924,8.825193430407241e-17
7943.149223887532,8.185993633829135e-17
7943.90492493014,8.22330914735759e-17
7944.660625972747,8.436704035775454e-17
7945.416327015355,8.254919575408841e-17
7946.172028057963,8.545510729263025e-17
7946.927729100571,8.746798921454702e-17
7947.683430143179,8.51003405189311e-17
7948.439131185786,8.778570464388968e-17
7949.194832228394,8.59306255494658e-17
7949.950533271002,8.437495815098089e-17
7950.70623431361,8.032765243798914e-17
7951.4619353562175,8.069058929183475e-17
7952.217636398826,8.07339477940791e-17
7952.973337441434,8.318829492036365e-17
7953.729038484042,8.160092902081436e-17
7954.48473952665,8.179624959736637e-17
7955.240440569258,8.472022150204209e-17
7955.996141611864,9.308066733783145e-17
7956.751842654472,9.688049913270939e-17
7957.50754369708,8.714351631320257e-17
7958.263244739688,8.26231700966886e-17
7959.018945782295,8.386265446966332e-17
7959.774646824903,8.266176444295202e-17
7960.530347867511,8.063296344101886e-17
7961.2860489101195,7.68436180981974e-17
7962.0417499527275,8.340798845063564e-17
7962.797450995335,8.350252866001225e-17
7963.553152037943,9.088398012124405e-17
7964.308853080551,8.945037842436895e-17
7965.064554123159,8.521928994946996e-17
7965.820255165767,8.732335652718479e-17
7966.575956208373,8.746625217834818e-17
7967.331657250981,7.998951086137621e-17
7968.087358293589,7.620237603696816e-17
7968.843059336197,8.192536855416357e-17
7969.598760378805,9.023229393999134e-17
7970.354461421412,9.630323587075033e-17
7971.1101624640205,9.408872083842824e-17
7971.865863506629,8.954877375940096e-17
7972.621564549237,8.824553946450079e-17
7973.377265591845,9.430526150805434e-17
7974.132966634452,9.577152133715861e-17
7974.88866767706,8.875312847016048e-17
7975.644368719668,8.418367882712345e-17
7976.400069762276,8.712125859078308e-17
7977.155770804884,9.694861647947211e-17
7977.911471847491,9.999716026108951e-17
7978.667172890099,9.562332621855388e-17
7979.422873932707,9.089436171656575e-17
7980.178574975315,8.333929578900452e-17
7980.9342760179225,8.644552764951559e-17
7981.6899770605305,9.106129510734649e-17
7982.445678103139,8.370398963774151e-17
7983.201379145747,7.516018579220844e-17
7983.957080188355,7.263239054346034e-17
7984.712781230963,8.059468519421345e-17
7985.468482273569,9.121581124321092e-17
7986.224183316177,9.260920058995627e-17
7986.979884358785,9.279520041277299e-17
7987.735585401393,8.883282353640948e-17
7988.491286444,8.797743614784664e-17
7989.246987486608,8.966835302828057e-17
7990.002688529216,8.825142454372535e-17
7990.758389571824,8.891079511703276e-17
7991.5140906144325,8.629962018802376e-17
7992.26979165704,8.247213702506117e-17
7993.025492699648,8.60172014408659e-17
7993.781193742256,9.538047541707682e-17
7994.536894784864,1.0156974363225605e-16
7995.292595827472,9.537360132770264e-17
7996.048296870078,9.396908352751394e-17
7996.803997912686,9.181219689120924e-17
7997.559698955294,9.017164020918707e-17
7998.315399997902,9.025437772883889e-17
7999.07110104051,9.685794041107532e-17
7999.826802083117,9.408067099968702e-17
8000.582503125725,8.824125898723658e-17
8001.3382041683335,8.602355608203022e-17
8002.093905210942,9.030096973937448e-17
8002.84960625355,9.738599935218186e-17
8003.605307296157,9.732855323052996e-17
8004.361008338765,9.179025187839965e-17
8005.116709381373,8.914013364875008e-17
8005.872410423981,8.662568878363828e-17
8006.628111466589,8.52039101566216e-17
8007.383812509196,8.557061362597041e-17
8008.139513551804,8.739022124184747e-17
8008.895214594412,8.702589676865109e-17
8009.65091563702,8.66596586927511e-17
8010.406616679628,8.241373330535278e-17
8011.1623177222355,8.470481864010556e-17
8011.9180187648435,8.611658428953576e-17
8012.673719807452,8.311695152050663e-17
8013.42942085006,8.30098771903749e-17
8014.185121892668,8.750097204874601e-17
8014.940822935274,8.722624254870324e-17
8015.696523977882,9.158916880943805e-17
8016.45222502049,9.737619011831187e-17
8017.207926063098,9.972757489787557e-17
8017.963627105705,9.566562105240492e-17
8018.719328148313,9.649637750078874e-17
8019.475029190921,9.615497370735348e-17
8020.230730233529,9.113744109908152e-17
8020.986431276137,8.815597975598847e-17
8021.7421323187455,9.106295923130121e-17
8022.497833361353,9.508353585613416e-17
8023.253534403961,9.61820049606211e-17
8024.009235446569,8.904521738160285e-17
8024.764936489177,8.637888028496505e-17
8025.520637531783,8.772613782780686e-17
8026.276338574391,8.857536634536962e-17
8027.032039616999,8.481863213795171e-17
8027.787740659607,8.206324261832374e-17
8028.543441702215,8.109892372495938e-17
8029.299142744822,7.921572448653431e-17
8030.05484378743,7.381818511041933e-17
8030.810544830038,7.053116516213872e-17
8031.5662458726465,7.255394284836498e-17
8032.321946915255,7.796089390669744e-17
8033.077647957862,7.845335474352335e-17
8033.83334900047,7.493765896125747e-17
8034.589050043078,7.923569743719664e-17
8035.344751085686,8.594244151119196e-17
8036.100452128294,9.014607394056514e-17
8036.856153170901,8.737182917655174e-17
8037.611854213509,8.948308176223582e-17
8038.367555256117,9.268353427911616e-17
8039.123256298725,9.457505388313579e-17
8039.878957341333,9.055482177532663e-17
8040.63465838394,8.75724864464333e-17
8041.3903594265485,8.984436841489287e-17
8042.1460604691565,8.92604132098277e-17
8042.901761511765,9.02520897475941e-17
8043.657462554373,8.967068042739726e-17
8044.413163596979,8.765115641240984e-17
8045.168864639587,8.946490907918365e-17
8045.924565682195,9.388748920531885e-17
8046.680266724803,9.212082835422415e-17
8047.43596776741,8.82954331961944e-17
8048.191668810018,8.302318919026183e-17
8048.947369852626,8.257643928490898e-17
8049.703070895234,8.473100863647823e-17
8050.458771937842,8.473147735946019e-17
8051.21447298045,8.17082095018294e-17
8051.970174023058,7.774180477993885e-17
8052.725875065666,7.786120751625359e-17
8053.481576108274,7.923580957007347e-17
8054.237277150882,7.971973406275368e-17
8054.992978193488,7.784616512394791e-17
8055.748679236096,7.657247098338336e-17
8056.504380278704,7.732479154076981e-17
8057.260081321312,7.515103360274831e-17
8058.01578236392,7.68225724867249e-17
8058.771483406528,7.37486522523655e-17
8059.527184449135,7.360521442293971e-17
8060.282885491743,7.50206236910769e-17
8061.038586534351,7.407124201925963e-17
8061.7942875769595,7.283213628521327e-17
8062.549988619567,7.319584651098305e-17
8063.305689662175,7.835537218843792e-17
8064.061390704783,7.88582935483353e-17
8064.817091747391,8.07396809587899e-17
8065.572792789999,8.459940961396923e-17
8066.328493832606,8.672500929413082e-17
8067.084194875214,8.681909410671904e-17
8067.839895917822,8.349537010213601e-17
8068.59559696043,8.485748598820282e-17
8069.351298003038,7.63442439288469e-17
8070.106999045645,7.277219993289247e-17
8070.862700088253,7.331923027076799e-17
8071.6184011308615,7.525661540232931e-17
8072.3741021734695,7.497112256829776e-17
8073.129803216078,7.421812461479075e-17
8073.885504258684,7.747090516598405e-17
8074.641205301292,8.453271679699706e-17
8075.3969063439,8.390516048236482e-17
8076.152607386508,8.024098519006919e-17
8076.908308429116,7.712741795325634e-17
8077.664009471723,7.490771842569752e-17
8078.419710514331,7.717222723892165e-17
8079.175411556939,7.589523508700594e-17
8079.931112599547,7.634542076001253e-17
8080.686813642155,7.522720986377044e-17
8081.4425146847625,7.294209950517927e-17
8082.198215727371,7.517519605109847e-17
8082.953916769979,7.658747103664976e-17
8083.709617812587,7.597848507483043e-17
8084.465318855193,7.386358401885866e-17
8085.221019897801,7.138888873077143e-17
8085.976720940409,7.283242710530935e-17
8086.732421983017,7.608032224370566e-17
8087.488123025625,7.614866453764942e-17
8088.243824068233,7.806001911086988e-17
8088.99952511084,7.980057832656045e-17
8089.755226153448,7.863559206191625e-17
8090.510927196056,7.616407525089205e-17
8091.266628238664,7.989903045453063e-17
8092.022329281272,8.454092297009499e-17
8092.77803032388,8.362917415319005e-17
8093.533731366488,7.867118483216994e-17
8094.289432409096,7.367338598429677e-17
8095.045133451704,7.518925344666572e-17
8095.800834494312,7.51906709972703e-17
8096.556535536919,7.546562300727341e-17
8097.312236579527,7.747256955990649e-17
8098.067937622135,8.493898562903245e-17
8098.823638664743,7.689797527731452e-17
8099.57933970735,8.012956218230432e-17
8100.335040749958,7.713283254943723e-17
8101.090741792566,7.543428267985014e-17
8101.8464428351745,7.713314442460378e-17
8102.6021438777825,7.840585245587829e-17
8103.357844920389,8.044672895642307e-17
8104.113545962997,8.092790413935869e-17
8104.869247005605,7.593816193751713e-17
8105.624948048213,7.196798549513554e-17
8106.380649090821,7.339816630870133e-17
8107.136350133428,7.633974160260891e-17
8107.892051176036,7.447846564795528e-17
8108.647752218644,8.435349184760854e-17
8109.403453261252,8.573467778152429e-17
8110.15915430386,8.034316797850197e-17
8110.914855346467,7.627107553312558e-17
8111.6705563890755,8.11117772785836e-17
8112.426257431684,8.039509483044996e-17
8113.181958474292,7.870433502354719e-17
8113.937659516898,7.705316799957178e-17
8114.693360559506,8.081361258715077e-17
8115.449061602114,8.285852613874834e-17
8116.204762644722,8.176101203082944e-17
8116.96046368733,7.849028046843206e-17
8117.716164729938,8.224523167493365e-17
8118.471865772545,8.777082318323896e-17
8119.227566815153,8.625265231594135e-17
8119.983267857761,8.26311720793553e-17
8120.738968900369,8.153174362039165e-17
8121.4946699429765,7.811459676557434e-17
8122.250370985585,7.725261988988553e-17
8123.006072028193,7.733058257158269e-17
8123.761773070801,8.21481997735283e-17
8124.517474113409,8.204594605089004e-17
8125.273175156017,8.415471479105625e-17
8126.028876198624,8.378917719868212e-17
8126.784577241232,7.990558996010767e-17
8127.54027828384,8.062847222757332e-17
8128.295979326448,7.901523375006746e-17
8129.051680369055,7.64628960708473e-17
8129.807381411663,7.326879254664074e-17
8130.563082454271,7.54867093159606e-17
8131.318783496879,8.055537656081819e-17
8132.0744845394875,8.282890762308331e-17
8132.8301855820955,7.823670125708587e-17
8133.585886624702,6.889723995308764e-17
8134.34158766731,7.055310991166381e-17
8135.097288709918,7.170617938832211e-17
8135.852989752526,8.119299237067153e-17
8136.608690795133,8.10566236960064e-17
8137.364391837741,8.374951015840428e-17
8138.120092880349,8.632760998023035e-17
8138.875793922957,8.599362930602451e-17
8139.631494965565,8.123411171573326e-17
8140.387196008172,7.923797258940828e-17
8141.14289705078,7.452443322598274e-17
8141.8985980933885,7.055116368614039e-17
8142.654299135997,8.063806551898144e-17
8143.410000178605,8.407120805235233e-17
8144.165701221211,7.961875565255409e-17
8144.921402263819,8.35285074405063e-17
8145.677103306427,8.251609713561841e-17
8146.432804349035,7.793166044853681e-17
8147.188505391643,7.347467289310168e-17
8147.94420643425,7.339128217812463e-17
8148.699907476858,7.416688212921908e-17
8149.455608519466,7.011411487789745e-17
8150.211309562074,7.649679965326559e-17
8150.9670106046815,8.323884501631953e-17
8151.7227116472895,8.300260142085093e-17
8152.478412689898,7.970443247577652e-17
8153.234113732506,7.808674009392037e-17
8153.989814775114,7.211950570252336e-17
8154.745515817722,6.682781477843911e-17
8155.501216860329,8.064907054369742e-17
8156.256917902937,8.590443017176194e-17
8157.012618945545,8.158178805230947e-17
8157.768319988153,7.528344332226398e-17
8158.52402103076,7.843242580563768e-17
8159.279722073368,8.392255691337633e-17
8160.035423115976,8.392804462134151e-17
8160.791124158584,7.42545829249995e-17
8161.546825201192,6.296973064762241e-17
8162.3025262438005,6.193683968741083e-17
8163.058227286407,7.552045074203392e-17
8163.813928329015,7.343336851054124e-17
8164.569629371623,6.007875998199889e-17
8165.325330414231,6.706145903289429e-17
8166.081031456838,7.716756265122266e-17
8166.836732499446,7.516805215741282e-17
8167.592433542054,6.816690738164371e-17
8168.348134584662,6.257198590953004e-17
8169.10383562727,6.176264499831183e-17
8169.859536669878,6.404683645204934e-17
8170.615237712485,7.944632544800443e-17
8171.370938755093,9.015214629476104e-17
8172.1266397977015,8.719049422765634e-17
8172.88234084031,8.711972861287809e-17
8173.638041882916,8.857763481630348e-17
8174.393742925524,8.390711745157853e-17
8175.149443968132,8.430608855857858e-17
8175.90514501074,8.313503882714294e-17
8176.660846053348,6.990401922656282e-17
8177.416547095955,6.811411280469985e-17
8178.172248138563,7.271869878216291e-17
8178.927949181171,7.231695936263707e-17
8179.683650223779,7.99500841037838e-17
8180.439351266387,8.134464354921516e-17
8181.1950523089945,7.531451009059823e-17
8181.9507533516025,7.022153156190111e-17
8182.706454394211,7.189528934287197e-17
8183.462155436819,7.424085400709133e-17
8184.217856479427,7.779659933906137e-17
8184.973557522034,7.714663407630376e-17
8185.729258564642,7.392403093689195e-17
8186.48495960725,6.929900674253617e-17
8187.240660649858,7.336811405200566e-17
8187.996361692465,7.369238852066434e-17
8188.752062735073,6.674945420762271e-17
8189.507763777681,6.537012677495266e-17
8190.263464820289,8.114022792894677e-17
8191.019165862897,8.613785876095525e-17
8191.774866905505,8.349738749898932e-17
8192.530567948112,7.122449667766657e-17
8193.28626899072,6.400454475418786e-17
8194.041970033328,7.214878581357493e-17
8194.797671075936,7.922168384274406e-17
8195.553372118542,8.399005915360755e-17
8196.309073161152,8.494996592972967e-17
8197.064774203758,8.025925468341368e-17
8197.820475246368,7.515478942835008e-17
8198.576176288974,8.43922320466427e-17
8199.331877331584,8.415327426498463e-17
8200.08757837419,7.507133347874432e-17
8200.843279416798,7.468728568762022e-17
8201.598980459406,7.853189850333538e-17
8202.354681502015,8.069819791934298e-17
8203.11038254462,8.333628222722883e-17
8203.866083587229,8.295707866447906e-17
8204.621784629837,8.306557024896744e-17
8205.377485672445,8.985665382428148e-17
8206.133186715053,9.265119637092981e-17
8206.888887757661,8.838298082591852e-17
8207.644588800269,8.286824010306894e-17
8208.400289842877,8.220733985465068e-17
8209.155990885485,8.528384392129152e-17
8209.911691928093,9.325506906888117e-17
8210.6673929707,9.806700754736097e-17
8211.423094013307,9.294273706235294e-17
8212.178795055916,8.583155109358685e-17
8212.934496098524,9.179885691902001e-17
8213.690197141132,9.01985468372765e-17
8214.445898183738,8.892174669614598e-17
8215.201599226346,9.159011929072937e-17
8215.957300268954,8.777214122183976e-17
8216.713001311562,8.729374974326839e-17
8217.46870235417,8.622529172843983e-17
8218.224403396778,8.201765774142553e-17
8218.980104439386,9.202010110859151e-17
8219.735805481994,9.821214256542904e-17
8220.491506524602,9.278392886693786e-17
8221.24720756721,8.537699185263653e-17
8222.002908609817,8.46268622437801e-17
8222.758609652425,8.859184329651008e-17
8223.514310695033,7.985665717438597e-17
8224.27001173764,8.221795382624117e-17
8225.025712780247,9.311427820737793e-17
8225.781413822857,8.734426470669855e-17
8226.537114865463,7.535328844792673e-17
8227.292815908073,6.256327030509554e-17
8228.04851695068,5.640545910508929e-17
8228.804217993289,6.04171815218907e-17
8229.559919035895,8.236343184461026e-17
8230.315620078503,7.874343203622226e-17
8231.071321121111,6.567196407102148e-17
8231.82702216372,6.3186903112911e-17
8232.582723206326,8.318496343309131e-17
8233.338424248934,7.97921508404279e-17
8234.094125291542,7.118874696633183e-17
8234.84982633415,8.570289857408725e-17
8235.605527376758,8.674606392957633e-17
8236.361228419366,8.104989376138694e-17
8237.116929461974,7.908618620038534e-17
8237.872630504582,8.378054779825028e-17
8238.62833154719,8.955854656392429e-17
8239.384032589798,9.166513575336747e-17
8240.139733632404,9.458891104704508e-17
8240.895434675012,9.920607429482492e-17
8241.65113571762,9.728613695346995e-17
8242.406836760229,9.251670942105202e-17
8243.162537802837,7.792759403277913e-17
8243.918238845443,8.058837107753677e-17
8244.67393988805,9.126731313214758e-17
8245.429640930659,9.085711663666549e-17
8246.185341973267,8.89264051745058e-17
8246.941043015875,8.8063694030096e-17
8247.696744058483,9.317707056573485e-17
8248.452445101091,9.9658593864628e-17
8249.2081461437,1.0029994939752811e-16
8249.963847186307,9.657279220841013e-17
8250.719548228915,9.220965549439482e-17
8251.475249271522,8.855601058882165e-17
8252.23095031413,8.526150353973787e-17
8252.986651356738,8.044525828491608e-17
8253.742352399346,8.574762962776895e-17
8254.498053441952,8.942545666548627e-17
8255.253754484562,8.810946512376806e-17
8256.009455527168,7.739251810521337e-17
8256.765156569778,7.638645684307421e-17
8257.520857612384,9.035593395707071e-17
8258.276558654994,9.166683703631034e-17
8259.0322596976,9.351839557998797e-17
8259.787960740208,8.534780112034681e-17
8260.543661782816,9.277541253684615e-17
8261.299362825424,9.380328371656994e-17
8262.05506386803,8.655192189184532e-17
8262.810764910639,8.473403860021904e-17
8263.566465953247,8.67389143770001e-17
8264.322166995855,9.1521906036304e-17
8265.077868038463,9.186288814532456e-17
8265.83356908107,9.621356341809219e-17
8266.589270123679,9.421164324897861e-17
8267.344971166287,9.384108269895576e-17
8268.100672208895,9.380343397566744e-17
8268.856373251503,8.808942953431528e-17
8269.61207429411,8.766833427490527e-17
8270.367775336717,8.941481674160055e-17
8271.123476379325,9.170245097166512e-17
8271.879177421933,8.856473980839667e-17
8272.634878464542,9.486086846457719e-17
8273.39057950715,9.153133394632118e-17
8274.146280549756,7.444976599207077e-17
8274.901981592364,7.643615733976829e-17
8275.657682634972,8.398955118142783e-17
8276.41338367758,7.612194655017187e-17
8277.169084720188,7.527770035088772e-17
8277.924785762796,7.981439962008734e-17
8278.680486805404,8.351087229947167e-17
8279.436187848012,8.042225961382619e-17
8280.19188889062,8.939925785979631e-17
8280.947589933226,9.094782739017672e-17
8281.703290975835,7.723857777898971e-17
8282.458992018443,8.06482007290264e-17
8283.21469306105,8.848018662201472e-17
8283.970394103659,8.795046631193126e-17
8284.726095146267,8.45170024301357e-17
8285.481796188873,8.351441066818138e-17
8286.237497231483,8.237313496070849e-17
8286.993198274089,8.195841365890555e-17
8287.748899316699,7.310045417332666e-17
8288.504600359305,7.662322511173109e-17
8289.260301401913,7.910962682781792e-17
8290.016002444521,7.919292190582367e-17
8290.77170348713,8.293431329823902e-17
8291.527404529736,8.4130961384966e-17
8292.283105572344,8.684076178578224e-17
8293.038806614952,8.363580088749795e-17
8293.79450765756,7.165576627082376e-17
8294.550208700168,6.785487669609328e-17
8295.305909742776,7.623526763040291e-17
8296.061610785384,8.513426951313779e-17
8296.817311827992,9.009442229612174e-17
8297.5730128706,9.404818286597136e-17
8298.328713913208,9.261347315311871e-17
8299.084414955814,8.811072749413843e-17
8299.840115998422,7.88584880631686e-17
8300.59581704103,7.746040572595797e-17
8301.351518083638,8.771149827166418e-17
8302.107219126246,9.250214226162837e-17
8302.862920168855,8.957755644559833e-17
8303.61862121146,8.658848202733524e-17
8304.374322254069,7.845264416857214e-17
8305.130023296677,7.028519765341244e-17
8305.885724339285,7.534435218288219e-17
8306.641425381893,8.208032465005679e-17
8307.397126424501,8.225206093617397e-17
8308.15282746711,8.27157486162359e-17
8308.908528509717,8.06103954058183e-17
8309.664229552325,7.706304086724717e-17
8310.419930594931,7.517110700467211e-17
8311.17563163754,7.405106929885878e-17
8311.931332680148,7.606270500255479e-17
8312.687033722756,7.728786974646344e-17
8313.442734765364,7.827039564904546e-17
8314.198435807972,7.907290537451459e-17
8314.954136850578,8.116875740769748e-17
8315.709837893188,7.960609292973639e-17
8316.465538935794,7.987569601819765e-17
8317.221239978404,7.847996613444848e-17
8317.97694102101,7.452127273027452e-17
8318.732642063618,7.839877131659306e-17
8319.488343106226,9.008725044346183e-17
8320.244044148834,9.426620175716223e-17
8320.999745191442,8.669511457848069e-17
8321.755446234049,7.712718205481225e-17
8322.511147276657,8.370282396777803e-17
8323.266848319265,8.498678319691572e-17
8324.022549361873,9.042466522077633e-17
8324.77825040448,9.078949209863982e-17
8325.533951447089,8.796579345591518e-17
8326.289652489697,8.789817452810394e-17
8327.045353532305,8.857152377838619e-17
8327.801054574913,8.753899720238507e-17
8328.55675561752,8.488413457250991e-17
8329.312456660127,8.259079173470253e-17
8330.068157702735,8.036479996496508e-17
8330.823858745343,8.873585361038117e-17
8331.579559787951,8.649228084015093e-17
8332.33526083056,8.348235236284689e-17
8333.090961873166,8.620879641690428e-17
8333.846662915774,8.15247111097508e-17
8334.602363958382,8.11169943425813e-17
8335.35806500099,7.898675223617597e-17
8336.113766043598,8.45225114588307e-17
8336.869467086206,9.088072631346911e-17
8337.625168128814,8.842012744828947e-17
8338.380869171422,8.740450915800294e-17
8339.13657021403,8.250490537947276e-17
8339.892271256638,9.198487786713201e-17
8340.647972299244,9.675634756814822e-17
8341.403673341852,9.02531397114415e-17
8342.15937438446,8.704764291355225e-17
8342.915075427069,8.814677432735856e-17
8343.670776469677,9.108869897685717e-17
8344.426477512283,8.855962090546189e-17
8345.182178554893,8.936548918278759e-17
8345.937879597499,8.883393990801851e-17
8346.693580640109,9.275396329597581e-17
8347.449281682715,1.0054580149918159e-16
8348.204982725323,1.0040792866617264e-16
8348.960683767931,9.07064067822597e-17
8349.71638481054,8.750937547722029e-17
8350.472085853147,8.990112106679594e-17
8351.227786895754,8.684135223141496e-17
8351.983487938362,8.739797225723633e-17
8352.73918898097,9.284054698262733e-17
8353.494890023578,9.640296535454228e-17
8354.250591066186,1.0161582559736103e-16
8355.006292108794,9.88470654292191e-17
8355.761993151402,9.858385979192621e-17
8356.51769419401,9.526822643663463e-17
8357.273395236618,8.914916354245407e-17
8358.029096279224,9.528243401501094e-17
8358.784797321832,9.661191462963451e-17
8359.54049836444,1.031280221360193e-16
8360.296199407048,1.0586733366394567e-16
8361.051900449656,1.0073860432504864e-16
8361.807601492264,8.744025722482885e-17
8362.56330253487,8.317343123111037e-17
8363.319003577479,8.266486807038376e-17
8364.074704620087,8.549753136931746e-17
8364.830405662695,8.812673800517688e-17
8365.586106705303,8.569565548491212e-17
8366.341807747911,8.217462634862354e-17
8367.097508790519,8.263003944222271e-17
8367.853209833127,8.629537325849261e-17
8368.608910875735,8.702137464210396e-17
8369.364611918343,8.091061257570241e-17
8370.12031296095,7.583474311992016e-17
8370.876014003557,7.444575129404386e-17
8371.631715046165,8.957217603310618e-17
8372.387416088774,1.0063972506343797e-16
8373.143117131382,9.805521978608402e-17
8373.898818173988,9.699939301188764e-17
8374.654519216598,9.800054581300048e-17
8375.410220259204,9.681539408800559e-17
8376.165921301814,8.876641453686646e-17
8376.92162234442,8.920846678843014e-17
8377.677323387028,8.800238399198164e-17
8378.433024429636,9.140486593022025e-17
8379.188725472244,9.852076452678685e-17
8379.944426514852,9.965946585059965e-17
8380.700127557458,9.971543737455182e-17
8381.455828600067,9.600018460783722e-17
8382.211529642675,1.0145272304598034e-16
8382.967230685283,1.0286396864415365e-16
8383.72293172789,9.73629366684345e-17
8384.478632770499,9.131611927754232e-17
8385.234333813107,8.957045309631371e-17
8385.990034855715,9.584810029559682e-17
8386.745735898323,9.658388413118312e-17
8387.501436940931,9.696711794485968e-17
8388.257137983537,1.0115028202408951e-16
8389.012839026145,1.0209840255461674e-16
8389.768540068753,1.0033963856778057e-16
8390.524241111361,9.755467519166229e-17
8391.27994215397,9.63724639163685e-17
8392.035643196576,9.512643745587428e-17
8392.791344239184,9.45521363585971e-17
8393.547045281792,9.485897750272697e-17
8394.3027463244,1.0391763360076317e-16
8395.058447367008,1.123073132767837e-16
8395.814148409616,1.0488853207930778e-16
8396.569849452224,1.0413381329926683e-16
8397.325550494832,1.0360476375021069e-16
8398.08125153744,9.996612967672127e-17
8398.836952580048,9.517920322515805e-17
8399.592653622654,9.332349357881262e-17
8400.348354665262,9.708173074741934e-17
8401.10405570787,9.979222533294558e-17
8401.859756750478,1.0024074628317417e-16
8402.615457793087,1.0381958671006223e-16
8403.371158835693,1.0989926846913673e-16
8404.126859878303,1.108587089598969e-16
8404.882560920909,9.923307312361198e-17
8405.638261963519,9.006480471134256e-17
8406.393963006125,9.18910937908853e-17
8407.149664048733,1.0142666611792663e-16
8407.905365091341,1.0495564193416896e-16
8408.66106613395,1.0193967543363955e-16
8409.416767176557,1.0080925583391737e-16
8410.172468219163,1.0355527690764643e-16
8410.928169261771,1.0305108505381483e-16
8411.68387030438,9.910407502377032e-17
8412.439571346988,9.497730906750622e-17
8413.195272389596,9.222394619261825e-17
8413.950973432204,8.45208726118812e-17
8414.706674474812,8.05056268990474e-17
8415.46237551742,8.452480531894275e-17
8416.218076560028,9.250454740993481e-17
8416.973777602636,9.557753896346659e-17
8417.729478645242,9.038236983318828e-17
8418.48517968785,8.575548324028912e-17
8419.240880730458,8.602839513007002e-17
8419.996581773066,9.359812593985792e-17
8420.752282815674,9.536752049614566e-17
8421.50798385828,9.9151713381374e-17
8422.263684900889,9.96295633401576e-17
8423.019385943497,9.388879460995849e-17
8423.775086986105,9.289790571292745e-17
8424.530788028713,9.806401117435426e-17
8425.28648907132,1.0016645920884608e-16
8426.042190113929,1.0069071832072112e-16
8426.797891156537,1.031651201324256e-16
8427.553592199145,1.0827581350165417e-16
8428.309293241753,1.0967467433488435e-16
8429.06499428436,1.0427839254900724e-16
8429.820695326967,1.0586153331616645e-16
8430.576396369575,1.1319192581141882e-16
8431.332097412183,1.1826739193473166e-16
8432.087798454791,1.199278892208367e-16
8432.843499497398,1.1401756983044524e-16
8433.599200540008,1.1136458648764182e-16
8434.354901582614,1.057741844185148e-16
8435.110602625224,1.0342322391077532e-16
8435.86630366783,1.0303902559708644e-16
8436.622004710438,1.030499698134302e-16
8437.377705753046,1.0506038112341093e-16
8438.133406795654,1.0497445065625495e-16
8438.889107838262,1.0292177817334686e-16
8439.644808880868,1.0833621871927529e-16
8440.400509923476,1.1682922415256877e-16
8441.156210966084,1.203581796545645e-16
8441.911912008693,1.200558880789114e-16
8442.6676130513,1.1578740076922251e-16
8443.423314093909,1.1337499963371772e-16
8444.179015136517,1.085701456774489e-16
8444.934716179125,1.0295909714890241e-16
8445.690417221733,1.0309225790105901e-16
8446.44611826434,1.0513845026424739e-16
8447.201819306947,1.0170012271196124e-16
8447.957520349555,1.0103277981603001e-16
8448.713221392163,1.0076412766411714e-16
8449.468922434771,9.585886883577677e-17
8450.22462347738,9.34475194862484e-17
8450.980324519986,9.307881222089781e-17
8451.736025562594,9.458721934088151e-17
8452.491726605202,1.0608487770453357e-16
8453.24742764781,1.143704892985855e-16
8454.003128690418,1.1518661689188786e-16
8454.758829733026,1.115195930831526e-16
8455.514530775634,1.0573633012468352e-16
8456.270231818242,1.003560545866051e-16
8457.02593286085,1.0315716752175189e-16
8457.781633903458,1.120359227609018e-16
8458.537334946064,1.0965326624387423e-16
8459.293035988672,1.064629180224319e-16
8460.04873703128,1.081291923021867e-16
8460.804438073888,1.051844110047477e-16
8461.560139116496,1.0942710281615679e-16
8462.315840159103,1.0887304602587417e-16
8463.071541201713,1.1393996509077478e-16
8463.827242244319,1.1038046880316153e-16
8464.582943286929,1.0677989601664479e-16
8465.338644329535,1.0856381002936737e-16
8466.094345372143,1.0924489009564752e-16
8466.850046414751,1.0390225573967727e-16
8467.605747457359,1.0515505697195962e-16
8468.361448499967,1.0803781335894903e-16
8469.117149542573,1.136112166379349e-16
8469.872850585181,1.103384729883275e-16
8470.62855162779,1.0926840800716658e-16
8471.384252670397,1.0963352861367743e-16
8472.139953713006,1.1077926679924996e-16
8472.895654755614,1.1114099545074535e-16
8473.651355798222,1.0860920065786865e-16
8474.40705684083,1.0956866665622862e-16
8475.162757883438,1.014738156079902e-16
8475.918458926046,8.672583291764672e-17
8476.674159968652,8.267757486794149e-17
8477.42986101126,7.963997376749227e-17
8478.185562053868,8.234003823758836e-17
8478.941263096476,8.455069183690979e-17
8479.696964139084,8.560290044570946e-17
8480.452665181692,8.621463587202365e-17
8481.208366224299,8.521670630454253e-17
8481.964067266907,8.346445212331525e-17
8482.719768309515,8.01730107115392e-17
8483.475469352123,7.855316970874524e-17
8484.23117039473,8.457729408649164e-17
8484.986871437339,8.71076715574766e-17
8485.742572479947,8.08934277385389e-17
8486.498273522555,8.678616778486014e-17
8487.253974565163,9.967809843306077e-17
8488.00967560777,1.0715605939622336e-16
8488.765376650377,1.0889154205152206e-16
8489.521077692985,1.0444690374708856e-16
8490.276778735593,1.0445793801019898e-16
8491.032479778201,1.050617119665624e-16
8491.788180820808,1.0401640334802527e-16
8492.543881863417,1.0023131372824478e-16
8493.299582906024,9.664946623276626e-17
8494.055283948634,9.6728270298988e-17
8494.81098499124,9.830998773047257e-17
8495.566686033848,9.764544678792377e-17
8496.322387076456,9.575367712693898e-17
8497.078088119064,9.461665958728993e-17
8497.833789161672,9.547633068146516e-17
8498.589490204278,9.962987228379413e-17
8499.345191246886,9.546798989041985e-17
8500.100892289494,9.498872166491633e-17
8500.856593332102,9.536615376537939e-17
8501.61229437471,9.146080852004907e-17
8502.367995417319,9.477789889681074e-17
8503.123696459927,1.01342546753448e-16
8503.879397502535,1.0375527199452008e-16
8504.635098545143,1.0176076412559386e-16
8505.39079958775,9.856963851759105e-17
8506.146500630357,1.0187386706907238e-16
8506.902201672965,1.0650850110401906e-16
8507.657902715573,1.0890102133348169e-16
8508.413603758181,1.0622510653200094e-16
8509.16930480079,1.0314507151935976e-16
8509.925005843397,1.0240720607384878e-16
8510.680706886003,1.0340159677640455e-16
8511.436407928612,1.023657492449257e-16
8512.19210897122,1.0226332262540516e-16
8512.947810013828,1.0006372526462752e-16
8513.703511056436,1.0067051461892391e-16
8514.459212099044,9.922095023075628e-17
8515.214913141652,9.736618156945605e-17
8515.97061418426,9.524568961966726e-17
8516.726315226868,9.512773316094323e-17
8517.482016269476,8.838041372855665e-17
8518.237717312082,8.307568250104131e-17
8518.99341835469,7.98000685011144e-17
8519.749119397298,7.28280073482522e-17
8520.504820439906,6.691283655597812e-17
8521.260521482513,6.842462404761931e-17
8522.016222525122,6.700730780820853e-17
8522.771923567729,6.746273351310339e-17
8523.527624610339,6.895327316803019e-17
8524.283325652945,6.825129186525043e-17
8525.039026695553,6.805126151124764e-17
8525.79472773816,6.722776063318897e-17
8526.550428780769,6.775555518241823e-17
8527.306129823377,6.765246919158894e-17
8528.061830865985,6.868355140443303e-17
8528.817531908591,6.791364975572373e-17
8529.5732329512,6.355752574364444e-17
8530.328933993807,6.507927043971245e-17
8531.084635036415,7.559771908302392e-17
8531.840336079023,8.674844678410243e-17
8532.596037121632,9.2381027679192e-17
8533.35173816424,8.796722515587351e-17
8534.107439206848,8.34621798389525e-17
8534.863140249456,8.55954574290048e-17
8535.618841292062,9.130497622708521e-17
8536.37454233467,9.775051615084623e-17
8537.130243377278,1.0964543535800248e-16
8537.885944419886,1.1117921647587172e-16
8538.641645462494,1.078619752501354e-16
8539.397346505102,1.0347296211489979e-16
8540.153047547708,1.0283886835209464e-16
8540.908748590316,1.0631671854918404e-16
8541.664449632925,1.1015190407313223e-16
8542.420150675533,1.077320081228514e-16
8543.17585171814,1.0372225776351701e-16
8543.931552760749,1.0354551336276113e-16
8544.687253803357,1.0572176079573263e-16
8545.442954845965,1.072902739545106e-16
8546.198655888573,1.0971269023278505e-16
8546.95435693118,1.0717390524847104e-16
8547.710057973787,1.0814811643807623e-16
8548.465759016395,1.107133776185217e-16
8549.221460059003,1.135035820111242e-16
8549.977161101611,1.1709845186519878e-16
8550.732862144218,1.2134307159641368e-16
8551.488563186827,1.209954227450569e-16
8552.244264229434,1.1884516325901172e-16
8552.999965272043,1.1738292447627844e-16
8553.75566631465,1.1453238269010007e-16
8554.511367357258,1.1421951767290167e-16
8555.267068399866,1.1561546847865393e-16
8556.022769442474,1.145809580673358e-16
8556.778470485082,1.1471197541817924e-16
8557.53417152769,1.1790333940079883e-16
8558.289872570296,1.2552558050806922e-16
8559.045573612904,1.3005854460758992e-16
8559.801274655512,1.168973577387177e-16
8560.55697569812,1.1075965221573818e-16
8561.312676740728,1.0653284301707829e-16
8562.068377783336,1.0756482395558953e-16
8562.824078825945,1.0638116740258267e-16
8563.579779868553,1.0502957208096642e-16
8564.33548091116,1.0570293480340299e-16
8565.091181953769,1.0463362801979439e-16
8565.846882996375,1.0564167547177175e-16
8566.602584038983,1.0889039030736152e-16
8567.358285081591,1.0674715306851225e-16
8568.113986124199,1.0584977235523716e-16
8568.869687166807,1.0592055884243186e-16
8569.625388209413,1.0245048292266518e-16
8570.381089252021,1.1014438088883129e-16
8571.13679029463,1.2224313581390952e-16
8571.892491337238,1.2395893547173972e-16
8572.648192379846,1.2614262293494572e-16
8573.403893422454,1.2648482607654934e-16
8574.159594465062,1.2852038962328105e-16
8574.91529550767,1.2539963634117863e-16
8575.670996550278,1.2390202864046226e-16
8576.426697592886,1.2222222692483647e-16
8577.182398635492,1.2356723150501912e-16
8577.9380996781,1.2674667314781925e-16
8578.693800720708,1.3630710980570967e-16
8579.449501763316,1.4017782004819148e-16
8580.205202805922,1.377881761390863e-16
8580.960903848532,1.264843376754393e-16
8581.716604891139,1.2077479883725357e-16
8582.472305933748,1.1778139477743225e-16
8583.228006976355,1.162931011505815e-16
8583.983708018965,1.1688343325591998e-16
8584.73940906157,1.2128567782988865e-16
8585.495110104179,1.2654376664541263e-16
8586.250811146787,1.2654669089298932e-16
8587.006512189395,1.165358350680323e-16
8587.762213232001,1.3498545374694877e-16
8588.51791427461,1.3237703969473865e-16
8589.273615317217,1.2971116320723459e-16
8590.029316359825,1.2555228497312782e-16
8590.785017402433,1.2118896131185786e-16
8591.540718445041,1.2494978593102863e-16
8592.29641948765,1.2708370171697364e-16
8593.052120530258,1.2595012920231448e-16
8593.807821572866,1.2928766300913894e-16
8594.563522615474,1.3306342366833284e-16
8595.31922365808,1.314781420333449e-16
8596.074924700688,1.3307941556379679e-16
8596.830625743296,1.328945668278221e-16
8597.586326785904,1.2630331561364659e-16
8598.342027828512,1.2683316229435528e-16
8599.097728871118,1.293252781731059e-16
8599.853429913726,1.2760514281805726e-16
8600.609130956334,1.2545265334944265e-16
8601.364831998942,1.2717546074263845e-16
8602.12053304155,1.2926186568779965e-16
8602.876234084159,1.3753214719200641e-16
8603.631935126767,1.4167819613566033e-16
8604.387636169375,1.389076756804015e-16
8605.143337211983,1.3327720052706978e-16
8605.89903825459,1.3260563367454173e-16
8606.654739297197,1.3443350340125104e-16
8607.410440339805,1.3150968216600103e-16
8608.166141382413,1.2882306723364312e-16
8608.921842425021,1.2971196134304877e-16
8609.677543467627,1.2910377229258071e-16
8610.433244510237,1.301185614298471e-16
8611.188945552844,1.34712688595118e-16
8611.944646595453,1.4262544624646474e-16
8612.70034763806,1.3912872343351562e-16
8613.45604868067,1.3936412330665912e-16
8614.211749723276,1.429815025170653e-16
8614.967450765884,1.4884200690491925e-16
8615.723151808492,1.493646818135544e-16
8616.4788528511,1.4673977822488245e-16
8617.234553893706,1.4423279264581033e-16
8617.990254936314,1.4129074943176159e-16
8618.745955978922,1.462192105774173e-16
8619.50165702153,1.4512743177394403e-16
8620.257358064138,1.3719735512989864e-16
8621.013059106746,1.3570853175406102e-16
8621.768760149354,1.3646956836868148e-16
8622.524461191962,1.3942098634341627e-16
8623.28016223457,1.4325481267829497e-16
8624.035863277179,1.4821748666915397e-16
8624.791564319785,1.4818685108504556e-16
8625.547265362393,1.4277632135385072e-16
8626.302966405001,1.3990867202479927e-16
8627.058667447609,1.3277504820542426e-16
8627.814368490217,1.2778099749464134e-16
8628.570069532823,1.3228516559446313e-16
8629.325770575431,1.3352753205069352e-16
8630.08147161804,1.3265316360664676e-16
8630.837172660647,1.3338598076742964e-16
8631.592873703255,1.326843053465943e-16
8632.348574745864,1.315297774807656e-16
8633.104275788472,1.2750822363223993e-16
8633.85997683108,1.2984195276483355e-16
8634.615677873688,1.3152690790457494e-16
8635.371378916296,1.2778665608265846e-16
8636.127079958902,1.2160303069428015e-16
8636.88278100151,1.2104565209933292e-16
8637.638482044118,1.2196364662227384e-16
8638.394183086726,1.1468487401969277e-16
8639.149884129332,1.0341962565169194e-16
8639.905585171942,9.446300371863939e-17
8640.661286214548,9.216876435638729e-17
8641.416987257158,9.317460879871484e-17
8642.172688299765,9.36143729991131e-17
8642.928389342374,9.27708439902819e-17
8643.68409038498,9.364518301816936e-17
8644.439791427589,9.532501186933849e-17
8645.195492470197,9.824044863138628e-17
8645.951193512805,9.901494638825816e-17
8646.706894555411,9.740266385054521e-17
8647.46259559802,9.997257099203848e-17
8648.218296640627,9.98211841609701e-17
8648.973997683235,9.727442947262708e-17
8649.729698725843,9.229995768940511e-17
8650.485399768451,9.468376918636466e-17
8651.24110081106,9.87710565479589e-17
8651.996801853667,1.0192843793916167e-16
8652.752502896275,1.0398995210637466e-16
8653.508203938884,1.0983873777445519e-16
8654.26390498149,1.216843586770248e-16
8655.019606024098,1.2845003927942715e-16
8655.775307066706,1.3191503906699785e-16
8656.531008109314,1.2936325788789408e-16
8657.286709151922,1.253479322726884e-16
8658.042410194528,1.2655423412421807e-16
8658.798111237136,1.2918137700718142e-16
8659.553812279744,1.3068968301606294e-16
8660.309513322352,1.2791735095708197e-16
8661.06521436496,1.248996382477158e-16
8661.820915407568,1.2456728433244272e-16
8662.576616450177,1.2854233721677597e-16
8663.332317492785,1.344942874502021e-16
8664.088018535393,1.3487037415394541e-16
8664.843719578,1.2763843744204754e-16
8665.599420620607,1.2207456278764139e-16
8666.355121663215,1.1405106064064706e-16
8667.110822705823,1.0758960438015157e-16
8667.866523748431,1.0737478222882879e-16
8668.62222479104,1.1205711531387826e-16
8669.377925833647,1.1608766314696633e-16
8670.133626876253,1.3208516019803283e-16
8670.889327918863,1.3079033100761471e-16
8671.64502896147,1.3499086366761567e-16
8672.40073000408,1.3972012056195166e-16
8673.156431046686,1.393122832935148e-16
8673.912132089294,1.3739667448629056e-16
8674.667833131902,1.358947126956272e-16
8675.42353417451,1.3631774912428433e-16
8676.179235217116,1.3671799935817663e-16
8676.934936259724,1.3868050630905082e-16
8677.690637302332,1.4553070523034148e-16
8678.44633834494,1.49160395114903e-16
8679.202039387548,1.50203355429876e-16
8679.957740430156,1.4717939671135748e-16
8680.713441472764,1.4219752583631604e-16
8681.469142515372,1.4026470862873628e-16
8682.22484355798,1.4137905439880838e-16
8682.980544600588,1.4290144351783474e-16
8683.736245643195,1.4565834029865023e-16
8684.491946685803,1.4664750019432507e-16
8685.24764772841,1.4617921705082246e-16
8686.003348771019,1.4978998974421406e-16
8686.759049813627,1.5118438139952402e-16
8687.514750856235,1.5271348281908594e-16
8688.270451898841,1.5120287374230081e-16
8689.02615294145,1.5742247879937959e-16
8689.781853984057,1.5813269432617703e-16
8690.537555026665,1.5399730949760134e-16
8691.293256069273,0.0
8692.048957111881,0.0
8692.80465815449,0.0
