Wav(Angstrom) "Flux density (a.d.u.)"
3057.467 1.00613e-16
3059.4138 -9.97588e-17
3061.3611 9.51699e-17
3063.3091 -3.37569e-17
3065.2578 -1.30315e-18
3067.207 2.3676e-18
3069.1567 -6.17366e-18
3071.1072 -4.22003e-17
3073.0581 3.99824e-17
3075.0098 1.59938e-16
3076.9619 -7.0334e-17
3078.9146 -1.15942e-17
3080.8679 -6.4718e-17
3082.8218 3.48667e-17
3084.7764 -7.18116e-17
3086.7314 -1.96329e-17
3088.687 2.36549e-18
3090.6433 -1.41726e-17
3092.6001 1.12748e-17
3094.5576 6.26077e-17
3096.5156 1.12365e-17
3098.4741 2.83259e-18
3100.4333 2.38093e-17
3102.3931 3.56527e-18
3104.3535 4.52502e-17
3106.3145 2.24996e-17
3108.2759 1.41728e-17
3110.2378 2.54673e-17
3112.2007 6.90676e-17
3114.1638 -4.73845e-17
3116.1277 -1.62572e-17
3118.092 2.15893e-18
3120.0569 1.28699e-17
3122.0225 -1.12582e-17
3123.9885 2.33784e-17
3125.9551 3.4068e-17
3127.9224 2.47837e-17
3129.8901 7.60012e-18
3131.8586 4.81033e-18
3133.8274 1.76634e-17
3135.7971 5.9251e-18
3137.7671 8.46971e-18
3139.7378 1.73519e-17
3141.709 2.48588e-17
3143.6807 2.50739e-17
3145.6531 6.89477e-17
3147.626 2.18176e-17
3149.5994 3.72511e-17
3151.5735 1.2609e-17
3153.5481 2.69205e-17
3155.5232 1.18868e-18
3157.4988 1.03237e-17
3159.4751 5.29747e-18
3161.4519 1.28528e-17
3163.4292 6.59614e-17
3165.407 4.81001e-19
3167.3855 2.47196e-17
3169.3647 1.7626e-17
3171.3442 3.16239e-17
3173.3245 8.38948e-18
3175.3052 2.68813e-17
3177.2864 2.06508e-17
3179.2681 -7.64098e-18
3181.2505 2.19036e-17
3183.2334 6.73451e-18
3185.2168 3.46085e-17
3187.2007 1.26953e-17
3189.1853 1.65565e-17
3191.1704 3.83956e-18
3193.156 1.21971e-17
3195.1421 1.67474e-17
3197.1289 3.21122e-17
3199.1162 -6.08975e-18
3201.104 1.60738e-17
3203.0923 1.49418e-17
3205.0813 2.18781e-17
3207.0706 1.43214e-17
3209.0605 5.30005e-18
3211.051 1.8234e-17
3213.042 2.88865e-17
3215.0337 3.0108e-17
3217.0259 6.07733e-18
3219.0186 2.87845e-17
3221.0117 2.44644e-17
3223.0054 -1.42874e-18
3224.9995 6.58559e-20
3226.9944 1.32748e-17
3228.9897 2.83165e-17
3230.9856 1.48425e-17
3232.9819 2.1369e-17
3234.979 -3.90706e-18
3236.9763 1.85003e-17
3238.9744 1.2137e-17
3240.9729 1.06111e-17
3242.9717 1.25742e-17
3244.9712 8.55958e-18
3246.9714 1.58149e-17
3248.9719 -8.74873e-18
3250.9731 2.25407e-17
3252.9749 1.96862e-17
3254.9768 1.1693e-17
3256.9795 1.34645e-17
3258.9829 1.75046e-17
3260.9866 2.96973e-17
3262.9907 4.46223e-17
3264.9956 8.65965e-18
3267.0007 6.09356e-18
3269.0066 1.38745e-19
3271.0129 1.1014e-17
3273.0198 1.54946e-17
3275.0271 2.0557e-17
3277.0349 8.95334e-18
3279.0432 1.27757e-17
3281.0522 -6.96337e-19
3283.0615 1.65161e-17
3285.0715 1.4714e-17
3287.0818 2.67549e-17
3289.0928 2.83404e-17
3291.1042 2.33527e-17
3293.1162 1.90078e-17
3295.1287 1.99023e-17
3297.1416 9.45094e-18
3299.155 1.20855e-17
3301.1689 1.40339e-17
3303.1833 4.67982e-18
3305.1985 -8.50259e-18
3307.2139 5.73341e-18
3309.2297 -1.43629e-18
3311.2463 1.25683e-17
3313.2632 1.87443e-17
3315.2808 1.29493e-17
3317.2986 1.26325e-17
3319.3171 1.08655e-17
3321.3362 1.62594e-17
3323.3557 1.00355e-17
3325.3755 2.12585e-17
3327.396 1.55625e-17
3329.417 1.55365e-17
3331.4385 1.25296e-17
3333.4602 1.738e-17
3335.4827 1.71761e-17
3337.5056 1.16099e-17
3339.5291 2.56615e-17
3341.553 1.14069e-17
3343.5774 1.3156e-17
3345.6023 1.48944e-17
3347.6277 5.48823e-18
3349.6533 1.55106e-17
3351.6797 1.10886e-17
3353.7065 1.65442e-17
3355.7339 9.46456e-18
3357.7617 1.82984e-17
3359.7898 2.27623e-17
3361.8186 2.28836e-17
3363.8479 9.40157e-18
3365.8777 7.94832e-18
3367.9077 1.22e-17
3369.9385 1.93275e-17
3371.9697 1.54734e-17
3374.0012 2.65285e-17
3376.0334 1.32963e-17
3378.0659 1.29445e-17
3380.0991 -3.11547e-19
3382.1326 1.28583e-17
3384.1665 6.71313e-18
3386.2012 6.66987e-18
3388.2361 7.20084e-18
3390.2715 1.9041e-17
3392.3074 1.25746e-17
3394.3438 1.66113e-17
3396.3806 1.29734e-17
3398.4177 1.61531e-17
3400.4556 2.26248e-17
3402.4939 7.69549e-18
3404.5327 7.55519e-18
3406.5718 1.71035e-17
3408.6113 2.31157e-17
3410.6516 6.58496e-18
3412.6919 1.677e-17
3414.7332 7.87801e-18
3416.7747 3.52671e-18
3418.8164 5.79795e-18
3420.8589 1.99062e-17
3422.9019 5.57043e-18
3424.9451 1.46742e-17
3426.989 2.08731e-17
3429.0332 1.75276e-17
3431.0779 1.23264e-17
3433.123 7.76991e-18
3435.1687 6.11021e-18
3437.2146 8.40702e-18
3439.2612 1.04213e-17
3441.3081 1.37531e-17
3443.3557 2.47053e-17
3445.4036 6.05502e-18
3447.4519 1.28313e-17
3449.5007 2.998e-18
3451.5498 5.66888e-18
3453.5996 1.27278e-17
3455.6497 1.39623e-17
3457.7002 2.22234e-17
3459.7512 1.83584e-17
3461.8027 7.04095e-18
3463.8547 1.63095e-17
3465.907 1.52646e-17
3467.96 1.24827e-17
3470.0132 1.38583e-17
3472.0669 1.77329e-17
3474.1211 1.65151e-17
3476.1755 1.20839e-17
3478.2307 1.39954e-17
3480.2859 1.56298e-17
3482.3418 3.51534e-18
3484.3982 1.16385e-17
3486.4551 1.73711e-17
3488.5122 1.07743e-17
3490.5698 6.49015e-18
3492.6279 2.04241e-17
3494.6863 4.76669e-18
3496.7454 1.19162e-17
3498.8047 8.89118e-18
3500.8645 1.13047e-17
3502.9248 1.53782e-17
3504.9856 1.48557e-17
3507.0466 5.61572e-18
3509.1082 7.06995e-18
3511.1702 9.81638e-18
3513.2324 1.47043e-17
3515.2954 1.76813e-17
3517.3584 1.07907e-17
3519.4221 1.38277e-17
3521.4861 1.83345e-17
3523.5508 1.82228e-17
3525.6157 1.385e-17
3527.6809 1.87654e-17
3529.7468 1.24602e-17
3531.813 8.06748e-18
3533.8796 1.7206e-17
3535.9468 1.81363e-17
3538.0142 1.81518e-17
3540.082 9.76619e-18
3542.1504 1.3526e-17
3544.219 9.97291e-18
3546.2881 7.0794e-18
3548.3577 1.86301e-17
3550.4277 1.3512e-17
3552.498 1.63052e-17
3554.5688 1.50632e-17
3556.6399 7.44012e-18
3558.7117 2.29849e-17
3560.7837 9.52224e-18
3562.8562 1.12405e-17
3564.929 1.25292e-17
3567.0022 1.47151e-17
3569.0757 1.5365e-17
3571.1499 1.2935e-17
3573.2244 1.34827e-17
3575.2993 1.02017e-17
3577.3745 1.49872e-17
3579.4502 1.41391e-17
3581.5264 1.76214e-17
3583.6028 2.02161e-17
3585.6797 1.54669e-17
3587.7571 1.84244e-17
3589.8347 1.0794e-17
3591.9128 1.56091e-17
3593.9912 1.10447e-17
3596.0703 6.22825e-18
3598.1494 9.61191e-18
3600.2292 1.35881e-17
3602.3093 1.34793e-17
3604.3896 7.00019e-18
3606.4707 1.72272e-17
3608.552 1.83711e-17
3610.6335 9.4244e-18
3612.7156 1.79411e-17
3614.7981 1.54897e-17
3616.8809 1.52447e-17
3618.9641 2.23737e-17
3621.0479 1.93475e-17
3623.1318 1.87768e-17
3625.2163 1.76489e-17
3627.301 1.56482e-17
3629.3862 1.21212e-17
3631.4717 9.72446e-18
3633.5576 1.37529e-17
3635.644 1.68242e-17
3637.7307 1.82587e-17
3639.8179 2.50993e-17
3641.9053 1.56544e-17
3643.9932 1.58548e-17
3646.0813 1.04694e-17
3648.1702 1.32402e-17
3650.259 6.8637e-18
3652.3484 1.89762e-17
3654.4382 8.80028e-18
3656.5283 1.57226e-17
3658.6189 1.78415e-17
3660.7097 1.43352e-17
3662.801 8.76599e-18
3664.8926 1.61478e-17
3666.9849 1.24004e-17
3669.0771 1.18763e-17
3671.1699 9.39041e-18
3673.2632 1.1094e-17
3675.3567 1.45835e-17
3677.4504 1.16782e-17
3679.5449 1.07137e-17
3681.6394 1.33569e-17
3683.7344 1.54899e-17
3685.8296 7.67386e-18
3687.9255 1.39525e-17
3690.0215 1.06057e-17
3692.1179 2.15497e-17
3694.2148 1.56687e-17
3696.312 1.69355e-17
3698.4097 1.32723e-17
3700.5076 1.2308e-17
3702.6057 1.94323e-17
3704.7046 1.81173e-17
3706.8035 1.45457e-17
3708.9028 1.89846e-17
3711.0027 1.54239e-17
3713.1025 1.71681e-17
3715.2031 8.70673e-18
3717.304 1.62698e-17
3719.405 1.22687e-17
3721.5066 1.45779e-17
3723.6084 2.02528e-17
3725.7107 1.18216e-17
3727.8132 1.38789e-17
3729.9163 1.07343e-17
3732.0193 2.49688e-17
3734.123 1.28041e-17
3736.2271 1.68918e-17
3738.3313 1.24385e-17
3740.436 3.79071e-18
3742.541 1.47497e-17
3744.6465 1.38679e-17
3746.7522 1.31567e-17
3748.8584 2.04445e-17
3750.9646 1.82284e-17
3753.0715 1.6163e-17
3755.1787 9.28708e-18
3757.2861 2.36651e-17
3759.3938 7.41767e-18
3761.502 2.00254e-17
3763.6106 1.67065e-17
3765.7192 1.26012e-17
3767.8286 1.48057e-17
3769.938 1.55356e-17
3772.0479 1.91208e-17
3774.1582 1.81087e-17
3776.2686 1.85025e-17
3778.3794 1.62609e-17
3780.4905 1.1212e-17
3782.6023 9.08631e-18
3784.7141 1.01411e-17
3786.8262 1.31755e-17
3788.9387 2.16889e-17
3791.0518 1.81993e-17
3793.1648 1.30739e-17
3795.2783 1.67258e-17
3797.3923 1.936e-17
3799.5066 1.23271e-17
3801.6211 1.83829e-17
3803.7358 1.95222e-17
3805.8511 2.2377e-17
3807.9666 1.53745e-17
3810.0825 1.53596e-17
3812.1985 1.56759e-17
3814.3149 2.15286e-17
3816.4319 1.81991e-17
3818.5491 1.79853e-17
3820.6665 2.76561e-17
3822.7842 2.29529e-17
3824.9023 1.74344e-17
3827.0208 1.35609e-17
3829.1394 1.34333e-17
3831.2585 1.58249e-17
3833.3779 1.86687e-17
3835.4978 1.29565e-17
3837.6177 1.62318e-17
3839.738 1.33686e-17
3841.8586 1.56235e-17
3843.9797 1.3493e-17
3846.1011 1.18763e-17
3848.2227 1.40231e-17
3850.3445 2.17242e-17
3852.4668 1.87841e-17
3854.5894 1.87998e-17
3856.7122 2.66342e-17
3858.8352 1.64839e-17
3860.9587 1.70377e-17
3863.0825 1.8464e-17
3865.2065 1.52283e-17
3867.3311 2.56236e-17
3869.4558 1.32621e-17
3871.5808 2.58121e-17
3873.7061 2.31709e-17
3875.8318 2.52484e-17
3877.9578 1.63002e-17
3880.084 2.54718e-17
3882.2104 1.87724e-17
3884.3374 2.63817e-17
3886.4644 1.64338e-17
3888.5918 1.18231e-17
3890.7195 1.87757e-17
3892.8477 1.77805e-17
3894.9761 1.46469e-17
3897.1047 1.21372e-17
3899.2336 1.58228e-17
3901.3628 1.8537e-17
3903.4924 2.31438e-17
3905.6223 1.42061e-17
3907.7524 2.3976e-17
3909.8828 2.19209e-17
3912.0137 2.46561e-17
3914.1445 1.52764e-17
3916.2759 1.76647e-17
3918.4075 2.22283e-17
3920.5393 2.09919e-17
3922.6716 2.12593e-17
3924.8042 1.58019e-17
3926.9368 1.6521e-17
3929.0698 1.28851e-17
3931.2031 1.99137e-17
3933.3369 1.39451e-17
3935.4707 1.49897e-17
3937.605 1.39008e-17
3939.7395 2.51833e-17
3941.8743 1.79198e-17
3944.0093 1.74743e-17
3946.1445 2.29502e-17
3948.2803 2.0164e-17
3950.4163 2.10822e-17
3952.5525 1.8105e-17
3954.6887 1.77733e-17
3956.8257 2.00275e-17
3958.9626 1.90342e-17
3961.0999 2.55392e-17
3963.2375 1.34503e-17
3965.3755 1.62792e-17
3967.5134 1.45847e-17
3969.6519 1.33761e-17
3971.7905 1.62134e-17
3973.9297 1.17308e-17
3976.0688 8.12227e-18
3978.2085 1.69123e-17
3980.3481 1.64979e-17
3982.4883 1.85364e-17
3984.6284 1.78081e-17
3986.769 2.21768e-17
3988.9099 1.58283e-17
3991.0513 1.74444e-17
3993.1926 2.30575e-17
3995.3342 2.20478e-17
3997.4763 2.82834e-17
3999.6184 2.42695e-17
4001.761 3.2148e-17
4003.9038 2.51623e-17
4006.0466 2.99041e-17
4008.1899 2.5771e-17
4010.3335 2.12131e-17
4012.4773 2.76624e-17
4014.6213 2.19836e-17
4016.7656 2.79213e-17
4018.9104 2.51135e-17
4021.0552 2.6893e-17
4023.2002 3.51827e-17
4025.3457 3.05039e-17
4027.4912 2.83e-17
4029.6372 1.45202e-17
4031.7832 2.90764e-17
4033.9297 2.27901e-17
4036.0764 2.29766e-17
4038.2234 2.20376e-17
4040.3704 2.61267e-17
4042.5178 3.16474e-17
4044.6655 2.82334e-17
4046.8135 2.26387e-17
4048.9617 1.73191e-17
4051.1101 2.37942e-17
4053.2588 1.76418e-17
4055.4077 2.53946e-17
4057.5569 2.28017e-17
4059.7063 1.30638e-17
4061.856 3.03624e-17
4064.0059 2.55309e-17
4066.156 2.75977e-17
4068.3064 2.85705e-17
4070.4573 2.82963e-17
4072.6082 3.11665e-17
4074.7593 3.0126e-17
4076.9106 2.30954e-17
4079.0623 2.8415e-17
4081.2141 2.48015e-17
4083.3662 2.62198e-17
4085.5186 2.6524e-17
4087.6711 2.65983e-17
4089.8242 2.92423e-17
4091.9773 2.80623e-17
4094.1306 2.47533e-17
4096.2842 3.06648e-17
4098.438 2.90489e-17
4100.5918 2.68982e-17
4102.7461 2.6052e-17
4104.9009 2.19984e-17
4107.0552 2.63313e-17
4109.2104 2.69726e-17
4111.3657 2.40835e-17
4113.521 2.03851e-17
4115.6768 2.93699e-17
4117.8325 2.34085e-17
4119.9888 2.06532e-17
4122.145 2.51402e-17
4124.3018 2.77745e-17
4126.4585 2.62982e-17
4128.6157 2.91939e-17
4130.7729 2.79224e-17
4132.9307 2.56048e-17
4135.0884 3.09275e-17
4137.2461 1.89362e-17
4139.4043 2.35746e-17
4141.563 2.45687e-17
4143.7212 3.04022e-17
4145.8804 2.18417e-17
4148.0396 2.6623e-17
4150.1987 3.07641e-17
4152.3584 2.43648e-17
4154.5181 2.58717e-17
4156.6782 2.67729e-17
4158.8384 2.45643e-17
4160.9985 3.26839e-17
4163.1592 2.95545e-17
4165.3203 3.03405e-17
4167.481 2.98052e-17
4169.6426 2.95194e-17
4171.8037 2.87196e-17
4173.9658 2.5564e-17
4176.1274 2.52248e-17
4178.2896 3.0887e-17
4180.4521 2.93438e-17
4182.6147 3.29625e-17
4184.7773 2.63727e-17
4186.9404 2.22133e-17
4189.1035 2.76246e-17
4191.2671 2.48244e-17
4193.4307 2.22431e-17
4195.5947 2.85414e-17
4197.7583 3.1642e-17
4199.9229 3.08102e-17
4202.0874 2.69837e-17
4204.252 3.19195e-17
4206.417 2.64032e-17
4208.582 2.03435e-17
4210.7471 2.23534e-17
4212.9126 2.56768e-17
4215.0781 2.41905e-17
4217.2441 2.46364e-17
4219.4102 2.72387e-17
4221.5767 2.14481e-17
4223.7432 2.91182e-17
4225.9097 3.45135e-17
4228.0767 2.93341e-17
4230.2441 2.68716e-17
4232.4111 2.4344e-17
4234.5786 2.45284e-17
4236.7466 2.64913e-17
4238.9141 2.35184e-17
4241.0825 2.43163e-17
4243.2505 3.13682e-17
4245.4189 2.89961e-17
4247.5879 2.8629e-17
4249.7568 2.53245e-17
4251.9258 3.44558e-17
4254.0952 2.3372e-17
4256.2642 2.76329e-17
4258.4341 2.52171e-17
4260.604 2.25725e-17
4262.7739 2.64081e-17
4264.9443 2.43578e-17
4267.1143 2.60305e-17
4269.2852 2.67889e-17
4271.4561 3.03556e-17
4273.627 2.62381e-17
4275.7979 2.99502e-17
4277.9692 2.63291e-17
4280.1411 2.69998e-17
4282.3125 3.22808e-17
4284.4844 2.86039e-17
4286.6567 3.71488e-17
4288.8286 2.83541e-17
4291.0015 1.80558e-17
4293.1738 2.56016e-17
4295.3467 2.51536e-17
4297.5195 1.94803e-17
4299.6929 2.34898e-17
4301.8662 2.59971e-17
4304.04 2.55422e-17
4306.2134 1.66055e-17
4308.3872 2.05402e-17
4310.5615 2.82471e-17
4312.7358 2.3147e-17
4314.9102 2.48606e-17
4317.0845 2.60338e-17
4319.2593 2.80112e-17
4321.4346 3.11932e-17
4323.6094 2.55732e-17
4325.7847 2.09518e-17
4327.9604 2.25993e-17
4330.1357 2.3333e-17
4332.3115 2.39058e-17
4334.4878 2.61894e-17
4336.6636 3.25383e-17
4338.8403 2.91323e-17
4341.0166 2.45898e-17
4343.1934 2.16918e-17
4345.3701 2.40109e-17
4347.5469 1.91478e-17
4349.7241 1.94215e-17
4351.9014 1.39014e-17
4354.0791 2.27795e-17
4356.2568 2.53727e-17
4358.4346 2.93535e-17
4360.6123 2.41708e-17
4362.7905 3.65365e-17
4364.9692 3.46106e-17
4367.1475 3.41416e-17
4369.3262 3.92591e-17
4371.5049 3.19745e-17
4373.6841 2.97432e-17
4375.8628 2.99278e-17
4378.0425 2.49288e-17
4380.2217 2.12649e-17
4382.4014 2.439e-17
4384.5811 2.54638e-17
4386.7607 2.98939e-17
4388.9409 3.10895e-17
4391.1211 2.90423e-17
4393.3018 2.66923e-17
4395.4819 2.01194e-17
4397.6626 2.45139e-17
4399.8438 2.55932e-17
4402.0249 2.64208e-17
4404.2056 2.58301e-17
4406.3872 2.72245e-17
4408.5684 2.2148e-17
4410.75 2.19989e-17
4412.9321 2.93351e-17
4415.1138 2.97609e-17
4417.2959 3.5432e-17
4419.478 2.72152e-17
4421.6602 3.13601e-17
4423.8428 3.63197e-17
4426.0254 3.28507e-17
4428.2085 2.65843e-17
4430.3911 2.01122e-17
4432.5742 2.44301e-17
4434.7578 1.82023e-17
4436.9409 2.64584e-17
4439.1245 2.40679e-17
4441.3081 2.5357e-17
4443.4917 2.68098e-17
4445.6758 2.62509e-17
4447.8599 3.25883e-17
4450.0444 2.20944e-17
4452.2285 2.2741e-17
4454.4131 2.51116e-17
4456.5977 2.52e-17
4458.7822 2.11905e-17
4460.9673 2.94395e-17
4463.1523 2.26486e-17
4465.3374 2.47369e-17
4467.5229 2.30245e-17
4469.7085 2.9034e-17
4471.894 1.88655e-17
4474.0796 2.7173e-17
4476.2656 2.87806e-17
4478.4517 2.91907e-17
4480.6377 3.70047e-17
4482.8242 3.18132e-17
4485.0103 3.11049e-17
4487.1968 2.49617e-17
4489.3838 3.40562e-17
4491.5703 3.09746e-17
4493.7573 3.2199e-17
4495.9443 2.58066e-17
4498.1318 2.58261e-17
4500.3188 2.70371e-17
4502.5063 2.96562e-17
4504.6938 2.54773e-17
4506.8818 2.92563e-17
4509.0693 3.45805e-17
4511.2573 3.36438e-17
4513.4453 3.29721e-17
4515.6338 3.39565e-17
4517.8218 2.96959e-17
4520.0103 3.14168e-17
4522.1992 3.24594e-17
4524.3877 3.1501e-17
4526.5767 3.29183e-17
4528.7656 3.22538e-17
4530.9546 3.11646e-17
4533.1436 2.98632e-17
4535.333 2.46991e-17
4537.5225 2.46448e-17
4539.7119 2.27672e-17
4541.9014 2.71262e-17
4544.0913 3.45171e-17
4546.2812 3.77248e-17
4548.4712 3.10007e-17
4550.6611 2.67671e-17
4552.8516 2.96761e-17
4555.042 2.29114e-17
4557.2324 2.54985e-17
4559.4229 2.8013e-17
4561.6138 3.28304e-17
4563.8042 3.55701e-17
4565.9951 3.12709e-17
4568.1865 3.54365e-17
4570.3774 2.86223e-17
4572.5688 3.66922e-17
4574.7603 3.99784e-17
4576.9517 3.24612e-17
4579.1431 3.46317e-17
4581.335 4.0068e-17
4583.5264 3.31927e-17
4585.7183 3.57564e-17
4587.9106 3.15056e-17
4590.1025 2.9333e-17
4592.2949 3.09689e-17
4594.4873 3.36412e-17
4596.6797 3.00384e-17
4598.8721 3.06978e-17
4601.0649 2.78515e-17
4603.2578 3.02305e-17
4605.4502 3.7284e-17
4607.6436 2.88064e-17
4609.8364 2.72513e-17
4612.0298 3.44536e-17
4614.2227 3.41741e-17
4616.416 3.60269e-17
4618.6099 3.34482e-17
4620.8032 3.2757e-17
4622.9971 3.35664e-17
4625.1909 3.90832e-17
4627.3843 3.76361e-17
4629.5786 3.45453e-17
4631.7725 3.52373e-17
4633.9668 3.198e-17
4636.1611 3.35078e-17
4638.355 3.45432e-17
4640.5498 2.77635e-17
4642.7441 3.23574e-17
4644.939 2.80049e-17
4647.1333 3.39596e-17
4649.3281 3.05771e-17
4651.5234 2.98844e-17
4653.7183 2.59367e-17
4655.9131 2.6864e-17
4658.1084 3.07531e-17
4660.3037 2.91088e-17
4662.499 3.2536e-17
4664.6943 3.17123e-17
4666.8901 3.98905e-17
4669.0859 3.52863e-17
4671.2812 4.00868e-17
4673.4771 2.94034e-17
4675.6733 2.78413e-17
4677.8691 3.55174e-17
4680.0649 3.38471e-17
4682.2612 3.53135e-17
4684.4575 2.93604e-17
4686.6538 2.81026e-17
4688.8501 3.5975e-17
4691.0469 3.01332e-17
4693.2432 3.25894e-17
4695.4399 3.82254e-17
4697.6367 3.93095e-17
4699.8335 3.26198e-17
4702.0303 3.0091e-17
4704.2275 3.89372e-17
4706.4243 4.14185e-17
4708.6216 3.30536e-17
4710.8188 3.67548e-17
4713.0161 2.91767e-17
4715.2134 2.96932e-17
4717.4106 3.34138e-17
4719.6084 3.96086e-17
4721.8057 3.17915e-17
4724.0034 3.56106e-17
4726.2012 3.92209e-17
4728.3994 3.41147e-17
4730.5972 3.82156e-17
4732.7949 4.04929e-17
4734.9932 3.67237e-17
4737.1914 4.05948e-17
4739.3892 3.55437e-17
4741.5879 3.75164e-17
4743.7861 3.31616e-17
4745.9844 3.25713e-17
4748.1831 3.61826e-17
4750.3813 4.11217e-17
4752.5801 3.85949e-17
4754.7788 3.56133e-17
4756.9775 4.14785e-17
4759.1763 4.49874e-17
4761.3755 4.47356e-17
4763.5742 3.85588e-17
4765.7734 3.17922e-17
4767.9727 3.0272e-17
4770.1714 2.94454e-17
4772.3711 3.00168e-17
4774.5703 3.42458e-17
4776.7695 2.59571e-17
4778.9692 3.35969e-17
4781.1685 4.13587e-17
4783.3682 2.91815e-17
4785.5679 3.77353e-17
4787.7676 3.0653e-17
4789.9673 3.39346e-17
4792.167 3.4599e-17
4794.3667 3.64247e-17
4796.5669 3.86054e-17
4798.7666 2.80014e-17
4800.9668 3.46361e-17
4803.167 4.12576e-17
4805.3672 3.61464e-17
4807.5674 4.14325e-17
4809.7676 3.29159e-17
4811.9678 2.80439e-17
4814.1685 3.03892e-17
4816.3691 2.92259e-17
4818.5693 3.02323e-17
4820.77 3.61125e-17
4822.9707 3.65342e-17
4825.1714 3.43542e-17
4827.3721 3.34861e-17
4829.5728 3.29524e-17
4831.7739 2.56829e-17
4833.9746 3.19322e-17
4836.1753 4.00676e-17
4838.3765 3.55505e-17
4840.5776 3.61097e-17
4842.7788 4.0682e-17
4844.98 4.31063e-17
4847.1812 3.54194e-17
4849.3823 3.96204e-17
4851.5835 4.30516e-17
4853.7852 4.25819e-17
4855.9863 3.09086e-17
4858.188 3.48781e-17
4860.3896 3.05691e-17
4862.5908 3.81844e-17
4864.7925 4.24948e-17
4866.9941 3.7481e-17
4869.1958 4.51747e-17
4871.3975 4.94365e-17
4873.5996 3.88128e-17
4875.8013 4.20731e-17
4878.0034 3.78187e-17
4880.2051 4.21565e-17
4882.4072 3.44294e-17
4884.6094 3.30916e-17
4886.811 3.37935e-17
4889.0132 3.63794e-17
4891.2153 4.11639e-17
4893.4175 4.18475e-17
4895.6201 3.84361e-17
4897.8223 4.11326e-17
4900.0244 4.54882e-17
4902.2266 5.54614e-17
4904.4292 4.69139e-17
4906.6318 4.26027e-17
4908.834 4.19137e-17
4911.0366 4.88151e-17
4913.2393 5.17771e-17
4915.4419 4.82054e-17
4917.6445 4.51563e-17
4919.8467 4.26581e-17
4922.0498 3.88283e-17
4924.2524 4.23235e-17
4926.4551 4.0995e-17
4928.6577 4.18263e-17
4930.8608 3.69539e-17
4933.0635 5.61029e-17
4935.2666 5.90819e-17
4937.4692 5.25492e-17
4939.6724 4.89537e-17
4941.8755 4.34134e-17
4944.0786 4.5738e-17
4946.2817 4.66563e-17
4948.4844 4.68765e-17
4950.6875 5.78474e-17
4952.8906 5.29779e-17
4955.0942 5.35373e-17
4957.2974 5.21032e-17
4959.5005 4.40285e-17
4961.7036 2.85938e-17
4963.9072 3.06134e-17
4966.1104 3.1888e-17
4968.3135 3.34022e-17
4970.5171 4.60515e-17
4972.7207 3.30062e-17
4974.9238 3.41395e-17
4977.1274 3.75673e-17
4979.3311 4.04829e-17
4981.5342 4.26209e-17
4983.7378 3.54521e-17
4985.9414 3.65469e-17
4988.145 3.53911e-17
4990.3486 3.95021e-17
4992.5522 3.57191e-17
4994.7559 3.81732e-17
4996.9595 4.09393e-17
4999.1636 3.92314e-17
5001.3672 3.17481e-17
5003.5708 2.67561e-17
5005.7744 2.93826e-17
5007.9785 3.268e-17
5010.1821 3.18625e-17
5012.3862 4.05764e-17
5014.5898 3.65392e-17
5016.7935 3.77303e-17
5018.9976 3.12163e-17
5021.2017 3.17315e-17
5023.4053 2.74327e-17
5025.6094 3.30769e-17
5027.8135 4.38096e-17
5030.0171 4.15375e-17
5032.2212 4.37816e-17
5034.4253 4.14621e-17
5036.6294 3.56407e-17
5038.8335 4.30648e-17
5041.0376 4.10426e-17
5043.2417 3.45245e-17
5045.4453 3.32659e-17
5047.6494 3.4827e-17
5049.8535 3.81824e-17
5052.0581 4.9719e-17
5054.2622 4.38722e-17
5056.4663 4.49323e-17
5058.6704 4.01043e-17
5060.8745 4.65229e-17
5063.0786 4.18921e-17
5065.2827 3.53535e-17
5067.4868 3.2332e-17
5069.6914 3.13013e-17
5071.8955 3.4978e-17
5074.0996 4.33802e-17
5076.3037 4.88814e-17
5078.5083 5.09855e-17
5080.7124 5.05393e-17
5082.9165 5.12538e-17
5085.1211 4.64263e-17
5087.3252 4.52595e-17
5089.5293 4.41252e-17
5091.7339 4.47132e-17
5093.938 5.0279e-17
5096.1426 5.35366e-17
5098.3467 5.40203e-17
5100.5508 5.80384e-17
5102.7554 4.99816e-17
5104.9595 5.33794e-17
5107.1641 5.46231e-17
5109.3682 5.77699e-17
5111.5728 4.678e-17
5113.7769 4.38229e-17
5115.9814 3.93969e-17
5118.1855 4.38761e-17
5120.3901 4.81056e-17
5122.5942 5.01217e-17
5124.7988 6.45808e-17
5127.0029 5.63043e-17
5129.2075 5.25497e-17
5131.4116 4.38021e-17
5133.6162 4.77285e-17
5135.8203 3.95563e-17
5138.0249 5.3523e-17
5140.229 5.29243e-17
5142.4336 5.4346e-17
5144.6377 5.83023e-17
5146.8423 4.44389e-17
5149.0464 4.11156e-17
5151.251 4.26126e-17
5153.4551 4.12484e-17
5155.6597 4.1107e-17
5157.8638 4.08971e-17
5160.0684 4.965e-17
5162.2725 6.06894e-17
5164.4766 7.11813e-17
5166.6812 7.17503e-17
5168.8853 5.9707e-17
5171.0898 4.35187e-17
5173.2939 3.50133e-17
5175.4985 2.45628e-17
5177.7026 3.48657e-17
5179.9067 3.3772e-17
5182.1113 4.00414e-17
5184.3154 4.37e-17
5186.5195 4.1071e-17
5188.7241 4.27835e-17
5190.9282 3.34475e-17
5193.1323 3.32631e-17
5195.3364 4.05652e-17
5197.5405 3.12681e-17
5199.7451 3.18414e-17
5201.9492 3.83328e-17
5204.1533 4.17236e-17
5206.3574 4.21651e-17
5208.5615 2.94205e-17
5210.7656 3.13289e-17
5212.9697 2.77727e-17
5215.1738 3.21983e-17
5217.3779 3.22824e-17
5219.582 4.47962e-17
5221.7861 4.65115e-17
5223.9902 4.13861e-17
5226.1943 3.59092e-17
5228.3984 4.13146e-17
5230.6025 3.57739e-17
5232.8066 4.19825e-17
5235.0103 3.32151e-17
5237.2144 4.34643e-17
5239.4185 4.73411e-17
5241.6221 4.0947e-17
5243.8262 4.99558e-17
5246.0303 5.05683e-17
5248.2339 4.94429e-17
5250.438 4.79323e-17
5252.6416 4.71484e-17
5254.8457 3.17927e-17
5257.0493 3.50138e-17
5259.2534 3.03158e-17
5261.457 3.69858e-17
5263.6606 4.03997e-17
5265.8643 5.26007e-17
5268.0684 4.66808e-17
5270.272 4.03494e-17
5272.4756 4.10509e-17
5274.6792 3.26075e-17
5276.8828 3.59845e-17
5279.0864 4.83869e-17
5281.29 5.11549e-17
5283.4937 5.48214e-17
5285.6973 5.38436e-17
5287.9009 5.32049e-17
5290.1045 5.54895e-17
5292.3076 5.07025e-17
5294.5112 6.1171e-17
5296.7148 6.21833e-17
5298.918 5.85167e-17
5301.1216 4.64487e-17
5303.3252 4.48442e-17
5305.5283 4.53151e-17
5307.7314 5.01014e-17
5309.9351 5.84089e-17
5312.1382 5.81246e-17
5314.3413 5.02264e-17
5316.5449 5.44437e-17
5318.748 5.45688e-17
5320.9512 5.13531e-17
5323.1543 5.54681e-17
5325.3574 5.5584e-17
5327.5605 5.21971e-17
5329.7637 4.70329e-17
5331.9668 4.89351e-17
5334.1694 4.83796e-17
5336.3726 4.60516e-17
5338.5757 5.48365e-17
5340.7783 5.86683e-17
5342.9814 6.17377e-17
5345.1841 5.4963e-17
5347.3872 5.35897e-17
5349.5898 4.40818e-17
5351.7925 5.01358e-17
5353.9956 5.136e-17
5356.1982 6.01522e-17
5358.4009 5.89029e-17
5360.6035 5.5537e-17
5362.8062 5.68793e-17
5365.0088 6.14514e-17
5367.2114 4.88119e-17
5369.4136 4.47529e-17
5371.6162 4.8701e-17
5373.8188 5.58819e-17
5376.021 4.93955e-17
5378.2236 4.89804e-17
5380.4258 5.30374e-17
5382.6284 5.08181e-17
5384.8306 6.10733e-17
5387.0327 6.68395e-17
5389.2349 6.10796e-17
5391.4375 6.55939e-17
5393.6392 5.22253e-17
5395.8418 6.22753e-17
5398.0435 5.69902e-17
5400.2456 5.12819e-17
5402.4478 4.50973e-17
5404.6499 4.36626e-17
5406.8516 5.16251e-17
5409.0537 6.04198e-17
5411.2554 4.96437e-17
5413.4575 4.45027e-17
5415.6592 4.90208e-17
5417.8608 5.41976e-17
5420.0625 4.70428e-17
5422.2642 6.89293e-17
5424.4658 6.07144e-17
5426.6675 6.07125e-17
5428.8691 5.95954e-17
5431.0708 5.42729e-17
5433.272 4.95312e-17
5435.4736 4.43448e-17
5437.6753 4.25261e-17
5439.8765 4.48251e-17
5442.0776 5.59413e-17
5444.2793 5.20937e-17
5446.4805 6.1566e-17
5448.6816 6.66393e-17
5450.8828 5.75749e-17
5453.084 4.64716e-17
5455.2852 3.82944e-17
5457.4858 4.40964e-17
5459.687 4.33727e-17
5461.8882 4.97825e-17
5464.0889 4.17587e-17
5466.29 4.35233e-17
5468.4907 5.44318e-17
5470.6914 4.69348e-17
5472.8921 4.65868e-17
5475.0928 4.05811e-17
5477.2935 4.91642e-17
5479.4941 4.91111e-17
5481.6948 4.8957e-17
5483.8955 4.14414e-17
5486.0957 4.34277e-17
5488.2964 5.77731e-17
5490.4966 4.85156e-17
5492.6973 5.264e-17
5494.8975 5.05272e-17
5497.0977 5.69041e-17
5499.2979 5.0919e-17
5501.498 4.85197e-17
5503.6982 4.4985e-17
5505.8984 4.05011e-17
5508.0986 4.20733e-17
5510.2983 4.65361e-17
5512.4985 4.3225e-17
5514.6982 4.00225e-17
5516.8979 3.76394e-17
5519.0977 4.77929e-17
5521.2979 4.28138e-17
5523.4976 5.05048e-17
5525.6973 5.02182e-17
5527.8965 5.75751e-17
5530.0962 5.76274e-17
5532.2959 5.44815e-17
5534.4951 5.05728e-17
5536.6948 5.47351e-17
5538.894 5.2322e-17
5541.0933 5.94098e-17
5543.2925 5.70714e-17
5545.4917 6.02707e-17
5547.6909 6.30852e-17
5549.8901 6.53007e-17
5552.0894 5.5329e-17
5554.2881 5.34025e-17
5556.4873 6.39523e-17
5558.6865 6.08139e-17
5560.8853 6.03556e-17
5563.084 5.24245e-17
5565.2827 5.93855e-17
5567.4814 5.95876e-17
5569.6802 6.29874e-17
5571.8789 5.82801e-17
5574.0776 6.20558e-17
5576.2759 6.35452e-17
5578.4746 4.96131e-17
5580.6729 4.16906e-17
5582.8711 5.69313e-17
5585.0693 5.76307e-17
5587.2676 6.28632e-17
5589.4658 5.6786e-17
5591.6641 4.48353e-17
5593.8623 5.05029e-17
5596.0601 4.19052e-17
5598.2583 5.1594e-17
5600.4561 5.5095e-17
5602.6543 4.42802e-17
5604.8521 5.84144e-17
5607.0498 4.96029e-17
5609.2476 4.72008e-17
5611.4453 5.55953e-17
5613.6426 5.4357e-17
5615.8403 5.69489e-17
5618.0376 5.12441e-17
5620.2354 4.85348e-17
5622.4326 4.8498e-17
5624.6299 4.28907e-17
5626.8271 3.88552e-17
5629.0244 5.54233e-17
5631.2217 4.70333e-17
5633.4189 4.38218e-17
5635.6157 4.9274e-17
5637.813 5.63779e-17
5640.0098 5.09674e-17
5642.2065 5.68012e-17
5644.4033 4.70073e-17
5646.6001 4.35563e-17
5648.7969 3.29435e-17
5650.9937 4.69095e-17
5653.1904 4.81379e-17
5655.3867 5.43996e-17
5657.5835 5.77568e-17
5659.7798 4.60123e-17
5661.9761 5.67969e-17
5662.2954 5.46378e-17
5663.437 5.72465e-17
5664.5791 4.67722e-17
5665.7212 5.99568e-17
5666.8628 5.39437e-17
5668.0049 5.02446e-17
5669.147 5.08057e-17
5670.2891 6.15165e-17
5671.4316 4.71345e-17
5672.5737 5.04152e-17
5673.7158 4.87403e-17
5674.8584 5.41176e-17
5676.0005 5.17489e-17
5677.1431 5.43715e-17
5678.2852 5.37609e-17
5679.4282 4.25579e-17
5680.5703 4.04139e-17
5681.7129 5.19831e-17
5682.856 4.44646e-17
5683.9985 5.77196e-17
5685.1411 5.22299e-17
5686.2842 5.06281e-17
5687.4268 4.89793e-17
5688.5698 5.52547e-17
5689.7129 5.2088e-17
5690.856 5.25667e-17
5691.999 5.18401e-17
5693.1421 5.39504e-17
5694.2852 4.13273e-17
5695.4282 5.28897e-17
5696.5713 5.55018e-17
5697.7148 5.40636e-17
5698.8579 5.25945e-17
5700.0015 5.57518e-17
5701.145 6.6263e-17
5702.2881 5.75213e-17
5703.4321 4.65965e-17
5704.5752 4.98721e-17
5705.7192 4.85885e-17
5706.8628 5.68012e-17
5708.0063 4.5778e-17
5709.1504 4.90212e-17
5710.2939 4.52791e-17
5711.438 4.44719e-17
5712.5815 5.17161e-17
5713.7256 4.94246e-17
5714.8696 6.20202e-17
5716.0137 5.2692e-17
5717.1577 6.07594e-17
5718.3018 5.34989e-17
5719.4463 4.49941e-17
5720.5903 5.44875e-17
5721.7344 4.78878e-17
5722.8789 4.53536e-17
5724.0234 6.1844e-17
5725.168 6.52657e-17
5726.312 5.09944e-17
5727.4565 5.3229e-17
5728.6011 5.25208e-17
5729.7461 5.24692e-17
5730.8906 6.11289e-17
5732.0352 5.4076e-17
5733.1802 5.54344e-17
5734.3247 5.08687e-17
5735.4697 5.75085e-17
5736.6143 5.07123e-17
5737.7593 4.88446e-17
5738.9043 5.24259e-17
5740.0493 5.35809e-17
5741.1943 5.02151e-17
5742.3398 5.18858e-17
5743.4849 5.42245e-17
5744.6299 4.92014e-17
5745.7754 5.06271e-17
5746.9204 5.29455e-17
5748.0659 6.04309e-17
5749.2114 5.49558e-17
5750.3569 4.91448e-17
5751.5024 5.62455e-17
5752.6479 6.09281e-17
5753.7935 6.16967e-17
5754.939 5.97523e-17
5756.0845 5.44678e-17
5757.2305 6.28766e-17
5758.376 5.74328e-17
5759.522 5.78025e-17
5760.668 6.27092e-17
5761.814 6.38412e-17
5762.9595 5.10821e-17
5764.1055 6.82162e-17
5765.252 5.21771e-17
5766.3979 5.90015e-17
5767.5439 5.40053e-17
5768.6904 6.0662e-17
5769.8364 5.18876e-17
5770.9829 4.9925e-17
5772.1289 4.83969e-17
5773.2754 5.91775e-17
5774.4219 5.5403e-17
5775.5684 4.78602e-17
5776.7148 5.69963e-17
5777.8613 6.57903e-17
5779.0078 6.19165e-17
5780.1543 5.83663e-17
5781.3013 5.82388e-17
5782.4478 7.08083e-17
5783.5947 5.40192e-17
5784.7417 4.95665e-17
5785.8882 5.73792e-17
5787.0352 6.07075e-17
5788.1821 5.93119e-17
5789.3291 5.40348e-17
5790.4761 5.90824e-17
5791.6235 5.89233e-17
5792.7705 6.05586e-17
5793.9175 6.06362e-17
5795.0649 6.70584e-17
5796.2124 6.0714e-17
5797.3594 6.08287e-17
5798.5068 6.18608e-17
5799.6543 6.65377e-17
5800.8018 6.19676e-17
5801.9492 5.77988e-17
5803.0967 5.79922e-17
5804.2446 6.10314e-17
5805.3921 6.14615e-17
5806.5396 6.33586e-17
5807.6875 6.03711e-17
5808.835 6.71499e-17
5809.9829 5.27221e-17
5811.1309 6.28789e-17
5812.2788 6.01413e-17
5813.4268 6.5862e-17
5814.5747 6.96888e-17
5815.7227 5.45378e-17
5816.8706 5.51841e-17
5818.019 5.58903e-17
5819.167 6.28525e-17
5820.3154 5.86755e-17
5821.4634 5.71304e-17
5822.6118 5.38904e-17
5823.7603 5.36554e-17
5824.9087 5.48846e-17
5826.0571 5.18299e-17
5827.2056 5.21426e-17
5828.354 5.74233e-17
5829.5029 6.25239e-17
5830.6514 6.27293e-17
5831.7998 5.95616e-17
5832.9487 6.0961e-17
5834.0972 5.67494e-17
5835.2461 5.79689e-17
5836.395 6.32958e-17
5837.5439 5.87524e-17
5838.6929 6.08179e-17
5839.8418 5.66177e-17
5840.9907 5.8271e-17
5842.1401 5.70731e-17
5843.2891 6.41892e-17
5844.438 5.68305e-17
5845.5874 6.35563e-17
5846.7363 6.33168e-17
5847.8857 5.96363e-17
5849.0352 5.40391e-17
5850.1846 5.42501e-17
5851.334 6.04006e-17
5852.4834 5.36033e-17
5853.6328 5.57271e-17
5854.7822 4.81926e-17
5855.9321 4.92745e-17
5857.0815 5.05898e-17
5858.2314 5.08236e-17
5859.3809 4.188e-17
5860.5308 5.05814e-17
5861.6807 4.9878e-17
5862.8306 4.72994e-17
5863.9805 4.58132e-17
5865.1304 4.50798e-17
5866.2803 4.86482e-17
5867.4302 4.98382e-17
5868.5801 4.98804e-17
5869.7305 4.75602e-17
5870.8804 5.51633e-17
5872.0308 4.56891e-17
5873.1812 5.28919e-17
5874.3315 3.95535e-17
5875.4814 5.30422e-17
5876.6318 4.98585e-17
5877.7822 5.00332e-17
5878.9331 4.29311e-17
5880.0835 4.97726e-17
5881.2339 5.29015e-17
5882.3843 5.30057e-17
5883.5352 4.35272e-17
5884.686 4.53661e-17
5885.8364 5.18266e-17
5886.9873 4.64862e-17
5888.1382 5.22209e-17
5889.2891 5.16133e-17
5890.4399 4.55701e-17
5891.5908 4.70871e-17
5892.7417 4.67145e-17
5893.8926 4.08998e-17
5895.0439 4.45735e-17
5896.1948 3.37877e-17
5897.3462 3.79168e-17
5898.4971 3.03852e-17
5899.6484 2.90956e-17
5900.7998 3.70285e-17
5901.9512 3.327e-17
5903.1025 3.53788e-17
5904.2539 4.49154e-17
5905.4053 4.63296e-17
5906.5566 4.87361e-17
5907.7085 5.42968e-17
5908.8599 5.48368e-17
5910.0117 6.34222e-17
5911.1631 6.22231e-17
5912.3149 6.25519e-17
5913.4668 5.89196e-17
5914.6182 5.87907e-17
5915.77 5.73619e-17
5916.9219 5.63669e-17
5918.0742 5.34748e-17
5919.2261 4.80716e-17
5920.3779 5.77298e-17
5921.5298 4.77979e-17
5922.6821 4.44637e-17
5923.834 4.91815e-17
5924.9863 4.6925e-17
5926.1387 5.10253e-17
5927.291 4.66297e-17
5928.4429 4.9478e-17
5929.5957 4.37995e-17
5930.7476 5.63404e-17
5931.9004 4.95107e-17
5933.0527 5.41617e-17
5934.2051 4.11628e-17
5935.3579 4.1715e-17
5936.5103 5.3123e-17
5937.6631 5.14188e-17
5938.8159 5.22529e-17
5939.9683 5.15943e-17
5941.1211 5.52218e-17
5942.2739 5.10631e-17
5943.4268 5.10774e-17
5944.5796 5.54441e-17
5945.7324 5.35806e-17
5946.8857 4.98562e-17
5948.0386 4.68929e-17
5949.1914 5.1304e-17
5950.3447 4.74713e-17
5951.498 3.70558e-17
5952.6509 5.41056e-17
5953.8042 4.93884e-17
5954.9575 5.81019e-17
5956.1108 5.1722e-17
5957.2642 5.49485e-17
5958.4175 5.03745e-17
5959.5708 4.70793e-17
5960.7246 4.8572e-17
5961.8779 3.96653e-17
5963.0317 4.2421e-17
5964.1851 5.19992e-17
5965.3389 4.85265e-17
5966.4922 4.62414e-17
5967.646 5.03274e-17
5968.7998 5.36935e-17
5969.9536 5.15484e-17
5971.1074 4.91045e-17
5972.2617 5.18679e-17
5973.4155 5.24818e-17
5974.5693 4.8565e-17
5975.7236 4.95665e-17
5976.8774 5.46912e-17
5978.0317 4.83268e-17
5979.1855 4.83237e-17
5980.3398 5.38e-17
5981.4941 4.97842e-17
5982.6484 5.71655e-17
5983.8027 5.68475e-17
5984.957 4.74181e-17
5986.1113 4.76795e-17
5987.2656 4.85115e-17
5988.4204 5.18998e-17
5989.5747 6.21327e-17
5990.729 5.3071e-17
5991.8838 5.65013e-17
5993.0386 5.6915e-17
5994.1929 6.42266e-17
5995.3477 5.01262e-17
5996.5024 5.90453e-17
5997.6572 5.56321e-17
5998.812 6.02897e-17
5999.9673 5.32872e-17
6001.1221 5.74498e-17
6002.2769 5.25408e-17
6003.4321 6.33528e-17
6004.5869 5.68246e-17
6005.7422 5.58399e-17
6006.897 5.84342e-17
6008.0522 5.8204e-17
6009.2075 5.69704e-17
6010.3628 6.15972e-17
6011.5181 5.8498e-17
6012.6733 5.59397e-17
6013.8286 5.60567e-17
6014.9839 5.99923e-17
6016.1396 6.39085e-17
6017.2949 5.81273e-17
6018.4507 5.76192e-17
6019.606 5.8409e-17
6020.7617 5.0843e-17
6021.9175 6.05006e-17
6023.0732 5.52834e-17
6024.229 5.37134e-17
6025.3848 6.14407e-17
6026.5405 5.60539e-17
6027.6963 6.69004e-17
6028.8521 6.10883e-17
6030.0078 6.67725e-17
6031.1641 5.1928e-17
6032.3198 6.48128e-17
6033.4761 5.67971e-17
6034.6323 6.33201e-17
6035.7881 6.20182e-17
6036.9443 6.05995e-17
6038.1006 6.59845e-17
6039.2568 6.11775e-17
6040.4131 5.71407e-17
6041.5693 5.93601e-17
6042.7261 5.84517e-17
6043.8823 5.50022e-17
6045.0386 6.46821e-17
6046.1953 5.47945e-17
6047.3516 6.43774e-17
6048.5083 6.96577e-17
6049.665 5.87257e-17
6050.8218 6.2775e-17
6051.9785 6.42793e-17
6053.1353 5.95794e-17
6054.292 7.14242e-17
6055.4487 5.90469e-17
6056.6055 6.84064e-17
6057.7622 7.08415e-17
6058.9194 6.2382e-17
6060.0762 6.14211e-17
6061.2334 5.59693e-17
6062.3901 5.82009e-17
6063.5474 7.1962e-17
6064.7046 5.72052e-17
6065.8618 5.71976e-17
6067.019 6.67187e-17
6068.1763 5.83399e-17
6069.3335 6.43427e-17
6070.4907 5.60925e-17
6071.6484 5.93607e-17
6072.8057 5.67251e-17
6073.9629 6.06613e-17
6075.1206 6.08105e-17
6076.2778 6.18743e-17
6077.4355 6.16933e-17
6078.5933 6.70749e-17
6079.751 6.33024e-17
6080.9087 5.98415e-17
6082.0664 6.84615e-17
6083.2241 6.54965e-17
6084.3818 6.24564e-17
6085.5396 6.55693e-17
6086.6973 5.74825e-17
6087.8555 6.45074e-17
6089.0132 6.04955e-17
6090.1714 5.79382e-17
6091.3296 6.29763e-17
6092.4873 5.69058e-17
6093.6455 5.94373e-17
6094.8037 5.7436e-17
6095.9619 6.24894e-17
6097.1201 6.86952e-17
6098.2783 6.17519e-17
6099.437 6.31606e-17
6100.5952 6.23825e-17
6101.7534 7.30147e-17
6102.9121 6.9538e-17
6104.0703 6.88879e-17
6105.229 6.7666e-17
6106.3877 7.01083e-17
6107.5459 5.93783e-17
6108.7046 6.5955e-17
6109.8633 6.39561e-17
6111.022 7.24885e-17
6112.1807 5.45171e-17
6113.3398 4.96163e-17
6114.4985 7.05917e-17
6115.6572 5.70872e-17
6116.8164 6.61794e-17
6117.9751 7.38885e-17
6119.1343 6.96465e-17
6120.293 7.06057e-17
6121.4521 7.20418e-17
6122.6113 6.7862e-17
6123.7705 6.68307e-17
6124.9297 6.92618e-17
6126.0889 6.77769e-17
6127.248 5.98961e-17
6128.4072 5.69748e-17
6129.5664 5.84035e-17
6130.7261 6.2886e-17
6131.8853 5.72595e-17
6133.0449 6.11705e-17
6134.2041 7.5729e-17
6135.3638 6.68459e-17
6136.5234 6.53133e-17
6137.6831 7.65799e-17
6138.8428 7.5422e-17
6140.0024 7.39712e-17
6141.1621 7.36835e-17
6142.3218 6.41186e-17
6143.4814 6.8492e-17
6144.6416 6.35905e-17
6145.8013 4.65325e-17
6146.9609 5.39402e-17
6148.1211 5.62255e-17
6149.2808 5.50208e-17
6150.4409 6.55005e-17
6151.6011 5.96433e-17
6152.7612 6.48333e-17
6153.9214 6.44506e-17
6155.0815 7.49126e-17
6156.2417 7.42646e-17
6157.4019 7.35077e-17
6158.562 6.5287e-17
6159.7227 6.52481e-17
6160.8828 6.66171e-17
6162.0435 5.5974e-17
6163.2036 5.96064e-17
6164.3643 5.97068e-17
6165.5249 5.78925e-17
6166.6851 5.87333e-17
6167.8457 5.23791e-17
6169.0063 4.58582e-17
6170.167 4.87708e-17
6171.3281 5.26228e-17
6172.4888 5.34317e-17
6173.6494 5.17059e-17
6174.8101 5.4064e-17
6175.9712 5.59998e-17
6177.1318 5.51625e-17
6178.293 5.88601e-17
6179.4541 5.83355e-17
6180.6147 5.08244e-17
6181.7759 5.04821e-17
6182.937 5.85856e-17
6184.0981 5.1911e-17
6185.2593 5.88678e-17
6186.4204 5.73509e-17
6187.5815 5.99924e-17
6188.7432 5.97812e-17
6189.9043 5.81779e-17
6191.0654 4.95379e-17
6192.2271 5.15077e-17
6193.3882 5.39016e-17
6194.5498 5.28156e-17
6195.7114 5.59295e-17
6196.873 4.30628e-17
6198.0347 4.67703e-17
6199.1963 4.9493e-17
6200.3579 5.11187e-17
6201.5195 5.44316e-17
6202.6812 5.62854e-17
6203.8428 5.83603e-17
6205.0049 5.75767e-17
6206.1665 5.76214e-17
6207.3286 5.15255e-17
6208.4902 5.19879e-17
6209.6523 5.16857e-17
6210.8145 5.10861e-17
6211.9761 5.26615e-17
6213.1382 5.26486e-17
6214.3003 5.43547e-17
6215.4624 5.91883e-17
6216.625 6.18248e-17
6217.7871 5.44684e-17
6218.9492 4.29631e-17
6220.1113 5.24789e-17
6221.2739 4.79512e-17
6222.436 5.62148e-17
6223.5986 4.78122e-17
6224.7612 4.74305e-17
6225.9233 4.07836e-17
6227.0859 4.13226e-17
6228.2485 4.84488e-17
6229.4111 4.5737e-17
6230.5737 4.35892e-17
6231.7363 4.79819e-17
6232.8989 5.26273e-17
6234.062 5.16354e-17
6235.2246 4.63997e-17
6236.3872 4.55926e-17
6237.5503 5.16697e-17
6238.7129 5.06417e-17
6239.876 5.07412e-17
6241.0391 5.22936e-17
6242.2017 4.4408e-17
6243.3652 4.57043e-17
6244.5278 4.89332e-17
6245.6909 5.56159e-17
6246.8545 5.18435e-17
6248.0176 5.39531e-17
6249.1807 5.17305e-17
6250.3438 4.95976e-17
6251.5073 4.88932e-17
6252.6704 5.33224e-17
6253.834 5.22386e-17
6254.9971 5.53069e-17
6256.1606 4.71453e-17
6257.3242 5.4231e-17
6258.4878 5.4053e-17
6259.6514 6.32154e-17
6260.8149 4.97001e-17
6261.9785 5.41389e-17
6263.1421 4.92196e-17
6264.3057 5.4545e-17
6265.4692 5.20072e-17
6266.6333 5.14073e-17
6267.7969 5.29423e-17
6268.9609 5.37476e-17
6270.1245 5.15541e-17
6271.2886 5.39998e-17
6272.4526 5.19669e-17
6273.6167 5.26501e-17
6274.7803 5.35972e-17
6275.9448 5.93493e-17
6277.1089 5.12237e-17
6278.2729 5.8399e-17
6279.437 6.0338e-17
6280.6011 5.67697e-17
6281.7656 5.64669e-17
6282.9297 5.78347e-17
6284.0938 5.60988e-17
6285.2583 5.94802e-17
6286.4229 6.07563e-17
6287.5869 6.40219e-17
6288.7515 6.11423e-17
6289.916 6.07017e-17
6291.0806 5.45858e-17
6292.2451 5.33527e-17
6293.4097 5.33315e-17
6294.5742 5.91658e-17
6295.7388 6.06618e-17
6296.9038 5.21064e-17
6298.0684 6.26024e-17
6299.2334 5.63288e-17
6300.3979 6.06089e-17
6301.563 6.31139e-17
6302.728 5.99968e-17
6303.8926 5.40681e-17
6305.0576 6.2955e-17
6306.2227 5.24485e-17
6307.3877 5.82128e-17
6308.5527 5.84459e-17
6309.7178 6.49763e-17
6310.8828 6.60154e-17
6312.0483 6.68933e-17
6313.2134 6.66883e-17
6314.3784 7.24705e-17
6315.5439 6.24857e-17
6316.709 6.73567e-17
6317.8745 6.55527e-17
6319.04 6.57903e-17
6320.2051 7.09722e-17
6321.3706 6.5579e-17
6322.5361 6.5252e-17
6323.7017 6.89516e-17
6324.8672 5.96494e-17
6326.0332 7.42341e-17
6327.1987 6.63498e-17
6328.3643 6.24312e-17
6329.5298 6.43693e-17
6330.6958 6.31985e-17
6331.8613 6.48595e-17
6333.0273 5.60861e-17
6334.1934 6.70564e-17
6335.3589 6.85987e-17
6336.5249 6.26884e-17
6337.6909 6.27037e-17
6338.8569 6.86902e-17
6340.0229 6.59733e-17
6341.189 6.345e-17
6342.355 5.97066e-17
6343.5215 6.25967e-17
6344.6875 6.83991e-17
6345.8535 6.40186e-17
6347.02 6.54437e-17
6348.186 6.4832e-17
6349.3525 7.28356e-17
6350.519 7.2518e-17
6351.6851 6.879e-17
6352.8516 6.84461e-17
6354.0181 6.57749e-17
6355.1846 7.06997e-17
6356.3511 7.21212e-17
6357.5176 7.03057e-17
6358.6841 6.44321e-17
6359.8511 6.50068e-17
6361.0176 7.00393e-17
6362.1841 6.70518e-17
6363.3511 6.94905e-17
6364.5176 5.62716e-17
6365.6846 6.59008e-17
6366.8516 6.41289e-17
6368.0181 5.81144e-17
6369.1851 6.06028e-17
6370.3521 6.13483e-17
6371.519 5.41976e-17
6372.686 6.84559e-17
6373.853 6.67728e-17
6375.0205 6.85462e-17
6376.1875 7.23489e-17
6377.3545 6.56498e-17
6378.522 7.63502e-17
6379.689 7.2895e-17
6380.8564 7.26221e-17
6382.0234 7.30294e-17
6383.1909 7.06827e-17
6384.3584 7.81705e-17
6385.5259 7.53129e-17
6386.6929 8.05556e-17
6387.8608 6.1791e-17
6389.0283 6.92977e-17
6390.1958 6.32944e-17
6391.3633 6.87989e-17
6392.5308 6.69069e-17
6393.6982 6.65004e-17
6394.8662 7.03226e-17
6396.0337 6.29581e-17
6397.2017 6.73917e-17
6398.3696 6.41283e-17
6399.5371 7.35969e-17
6400.7051 6.51384e-17
6401.873 6.45217e-17
6403.041 6.46748e-17
6404.209 7.27079e-17
6405.377 7.6168e-17
6406.5449 6.79675e-17
6407.7129 7.28901e-17
6408.8809 7.45129e-17
6410.0493 8.23866e-17
6411.2173 7.5322e-17
6412.3857 8.12678e-17
6413.5537 8.18042e-17
6414.7222 7.59738e-17
6415.8901 8.54939e-17
6417.0586 7.92696e-17
6418.2271 7.26929e-17
6419.3955 7.55759e-17
6420.564 7.3201e-17
6421.7324 7.28877e-17
6422.9009 7.43881e-17
6424.0693 5.86787e-17
6425.2378 6.87301e-17
6426.4067 6.82155e-17
6427.5752 6.87837e-17
6428.7441 6.23046e-17
6429.9126 7.57206e-17
6431.0815 6.948e-17
6432.25 5.96901e-17
6433.4189 5.98951e-17
6434.5879 7.01033e-17
6435.7568 6.55884e-17
6436.9258 7.20141e-17
6438.0947 7.4022e-17
6439.2637 6.71685e-17
6440.4326 6.64909e-17
6441.6016 6.92627e-17
6442.7705 7.55946e-17
6446.2783 7.69732e-17
6447.4473 7.39122e-17
6448.6167 7.80052e-17
6449.7861 7.20925e-17
6450.9551 7.16028e-17
6452.1245 7.56928e-17
6453.2939 6.452e-17
6454.4634 7.22649e-17
6455.6328 7.41421e-17
6456.8027 6.82917e-17
6457.9722 7.97378e-17
6459.1416 6.66748e-17
6460.311 7.23584e-17
6461.481 6.91123e-17
6462.6504 7.39616e-17
6463.8203 6.96696e-17
6464.9902 7.63988e-17
6466.1597 7.50369e-17
6467.3296 7.93992e-17
6468.4995 7.44592e-17
6469.6694 8.70336e-17
6470.8389 8.3629e-17
6472.0093 8.35034e-17
6473.1792 7.49489e-17
6474.3491 7.51947e-17
6475.519 7.68825e-17
6476.689 8.32756e-17
6477.8594 7.45092e-17
6479.0293 8.06869e-17
6480.1997 8.31535e-17
6481.3696 7.77624e-17
6482.54 7.82403e-17
6483.7104 7.3081e-17
6484.8804 6.72101e-17
6486.0508 7.22239e-17
6487.2212 6.90582e-17
6488.3916 7.06077e-17
6489.562 6.55953e-17
6490.7329 6.58959e-17
6491.9033 6.40226e-17
6493.0737 6.55726e-17
6494.2441 7.13247e-17
6495.415 7.00613e-17
6496.5854 6.14771e-17
6497.7563 6.30179e-17
6498.9268 6.90499e-17
6500.0977 6.91449e-17
6501.2686 5.94232e-17
6502.4395 6.06666e-17
6503.6099 6.13209e-17
6504.7808 5.91351e-17
6505.9517 6.51125e-17
6507.123 6.8101e-17
6508.2939 7.28626e-17
6509.4648 7.20169e-17
6510.6357 8.17983e-17
6511.8071 8.11517e-17
6512.978 8.75905e-17
6514.1494 9.15261e-17
6515.3203 8.45072e-17
6516.4917 7.63684e-17
6517.6631 7.28479e-17
6518.834 7.6464e-17
6520.0054 7.5702e-17
6521.1768 6.8771e-17
6522.3481 8.10816e-17
6523.5195 7.27579e-17
6524.6909 7.76973e-17
6525.8623 7.28e-17
6527.0342 8.47022e-17
6528.2056 9.03538e-17
6529.377 8.80407e-17
6530.5488 8.29529e-17
6531.7202 9.67392e-17
6532.8921 9.69444e-17
6534.0635 8.04675e-17
6535.2354 8.60066e-17
6536.4072 8.54854e-17
6537.5791 8.44595e-17
6538.751 8.73788e-17
6539.9229 8.46231e-17
6541.0947 8.56929e-17
6542.2666 8.43721e-17
6543.4385 8.58859e-17
6544.6108 8.74647e-17
6545.7827 7.95125e-17
6546.9546 9.08005e-17
6548.127 8.85845e-17
6549.2988 8.18571e-17
6550.4712 8.77088e-17
6551.6431 7.67355e-17
6552.8154 7.69746e-17
6553.9878 7.9193e-17
6555.1602 8.42454e-17
6556.3325 8.62974e-17
6557.5049 8.62959e-17
6558.6772 8.93682e-17
6559.8496 9.33339e-17
6561.022 8.54487e-17
6562.1943 9.59556e-17
6563.3672 9.89978e-17
6564.5396 1.01707e-16
6565.7124 1.17125e-16
6566.8848 1.24037e-16
6568.0576 1.34616e-16
6569.23 1.68528e-16
6570.4028 1.98628e-16
6571.5757 2.22433e-16
6572.7485 2.48951e-16
6573.9214 2.43822e-16
6575.0942 2.63264e-16
6576.2671 2.86884e-16
6577.4399 2.93574e-16
6578.6128 3.00029e-16
6579.7856 2.97551e-16
6580.9585 2.7749e-16
6582.1318 2.53197e-16
6583.3047 2.17099e-16
6584.478 1.92162e-16
6585.6509 1.69855e-16
6586.8242 1.37007e-16
6587.9976 1.29254e-16
6589.1709 1.18442e-16
6590.3442 1.12034e-16
6591.5171 1.09015e-16
6592.6904 1.05595e-16
6593.8638 1.07723e-16
6595.0371 9.69871e-17
6596.2109 9.11437e-17
6597.3843 8.99162e-17
6598.5576 9.11517e-17
6599.731 8.28806e-17
6600.9048 7.44205e-17
6602.0786 7.24446e-17
6603.252 7.71657e-17
6604.4258 7.79338e-17
6605.5991 7.34286e-17
6606.7729 7.3144e-17
6607.9468 7.24239e-17
6609.1206 7.90684e-17
6610.2944 8.14775e-17
6611.4683 7.2627e-17
6612.6421 8.23885e-17
6613.8159 7.67781e-17
6614.9897 7.21208e-17
6616.1641 8.56919e-17
6617.3379 8.04316e-17
6618.5117 7.39989e-17
6619.686 7.62153e-17
6620.8599 7.52192e-17
6622.0342 8.04642e-17
6623.2085 6.9153e-17
6624.3828 7.91763e-17
6625.5566 7.80993e-17
6626.731 7.30448e-17
6627.9053 7.21048e-17
6629.0796 7.31476e-17
6630.2539 7.36902e-17
6631.4282 6.93299e-17
6632.603 6.86017e-17
6633.7773 7.21947e-17
6634.9517 7.07652e-17
6636.126 7.48209e-17
6637.3008 7.19014e-17
6638.4756 7.15776e-17
6639.6499 7.36769e-17
6640.8247 7.1462e-17
6641.9995 7.40945e-17
6643.1738 7.1749e-17
6644.3486 8.01769e-17
6645.5234 7.53267e-17
6646.6982 7.21787e-17
6647.873 6.97732e-17
6649.0479 7.94604e-17
6650.2227 7.50929e-17
6651.3975 6.55542e-17
6652.5728 6.90437e-17
6653.7476 7.3701e-17
6654.9224 6.53617e-17
6656.0977 6.93685e-17
6657.2729 7.45191e-17
6658.4478 6.7971e-17
6659.623 6.6449e-17
6660.7983 6.21165e-17
6661.9736 6.97544e-17
6663.1484 6.01099e-17
6664.3237 5.98632e-17
6665.499 5.82268e-17
6666.6743 6.60952e-17
6667.8496 6.23168e-17
6669.0254 7.10915e-17
6670.2007 6.18146e-17
6671.376 7.28699e-17
6672.5518 6.7727e-17
6673.7271 6.57423e-17
6674.9028 6.89512e-17
6676.0781 6.81647e-17
6677.2539 6.56011e-17
6678.4292 7.32027e-17
6679.605 7.05614e-17
6680.7808 7.10937e-17
6681.9565 6.92845e-17
6683.1323 6.87683e-17
6684.3081 6.93022e-17
6685.4839 6.05543e-17
6686.6597 6.5657e-17
6687.8354 5.79716e-17
6689.0117 6.19967e-17
6690.1875 6.33775e-17
6691.3633 6.05659e-17
6692.5396 6.38292e-17
6693.7153 5.61153e-17
6694.8916 6.98044e-17
6696.0674 6.82807e-17
6697.2437 6.42241e-17
6698.4199 6.81104e-17
6699.5962 5.90482e-17
6700.7725 6.44926e-17
6701.9487 5.70255e-17
6703.125 7.06363e-17
6704.3013 6.41563e-17
6705.4775 6.31896e-17
6706.6538 6.86618e-17
6707.8301 6.62796e-17
6709.0068 5.75268e-17
6710.1831 7.06818e-17
6711.3599 6.1604e-17
6712.5361 6.5201e-17
6713.7129 6.52329e-17
6714.8892 6.25763e-17
6716.0659 6.64528e-17
6717.2427 7.56212e-17
6718.4194 7.25864e-17
6719.5962 6.00372e-17
6720.7725 6.26646e-17
6721.9497 5.93361e-17
6723.1265 5.93279e-17
6724.3032 6.57119e-17
6725.48 6.92897e-17
6726.6567 7.47558e-17
6727.834 7.37723e-17
6729.0107 7.42042e-17
6730.1875 6.39948e-17
6731.3647 6.30389e-17
6732.542 5.65683e-17
6733.7188 6.02317e-17
6734.896 6.05386e-17
6736.0732 6.32579e-17
6737.2505 6.3083e-17
6738.4277 7.07653e-17
6739.6045 6.60375e-17
6740.7817 7.73778e-17
6741.959 7.0213e-17
6743.1367 6.65981e-17
6744.314 7.44672e-17
6745.4912 6.57701e-17
6746.6685 6.49045e-17
6747.8462 5.92967e-17
6749.0234 6.16546e-17
6750.2012 6.31106e-17
6751.3784 6.32401e-17
6752.5562 6.10922e-17
6753.7339 5.67969e-17
6754.9111 6.27274e-17
6756.0889 6.86323e-17
6757.2666 6.16393e-17
6758.4443 6.66028e-17
6759.6221 6.52922e-17
6760.7998 6.38661e-17
6761.9775 6.21036e-17
6763.1553 6.68627e-17
6764.3335 6.89449e-17
6765.5112 6.77754e-17
6766.689 6.76164e-17
6767.8672 7.29695e-17
6769.0449 6.91466e-17
6770.2231 7.10321e-17
6771.4009 6.47517e-17
6772.5791 7.02716e-17
6773.7573 6.90981e-17
6774.9355 7.09507e-17
6776.1133 7.02609e-17
6777.2915 6.12203e-17
6778.4697 6.66221e-17
6779.6479 6.41202e-17
6780.8262 7.49002e-17
6782.0049 7.40965e-17
6783.1831 7.29588e-17
6784.3613 7.0483e-17
6785.54 6.31402e-17
6786.7183 7.19375e-17
6787.8965 7.26097e-17
6789.0752 6.46542e-17
6790.2534 6.32034e-17
6791.4321 6.87335e-17
6792.6108 6.76958e-17
6793.7891 6.81692e-17
6794.9678 6.34653e-17
6796.1465 6.18557e-17
6797.3252 6.76122e-17
6798.5039 6.5745e-17
6799.6826 6.77934e-17
6800.8613 7.28125e-17
6802.0405 7.22006e-17
6803.2192 6.74461e-17
6804.3979 7.34181e-17
6805.5767 7.22339e-17
6806.7559 7.18088e-17
6807.9346 6.83367e-17
6809.1138 6.78965e-17
6810.293 7.15453e-17
6811.4717 7.81105e-17
6812.6509 7.40763e-17
6813.8301 7.76152e-17
6815.0093 7.13761e-17
6816.188 8.2976e-17
6817.3672 7.39873e-17
6818.5464 6.93808e-17
6819.7261 7.15091e-17
6820.9053 6.95296e-17
6822.0845 6.11772e-17
6823.2637 7.36175e-17
6824.4429 6.79405e-17
6825.6226 6.52308e-17
6826.8018 7.07303e-17
6827.9814 7.66846e-17
6829.1606 7.16349e-17
6830.3403 7.97876e-17
6831.52 7.75009e-17
6832.6992 6.71729e-17
6833.8789 7.82919e-17
6835.0586 6.98511e-17
6836.2383 6.81482e-17
6837.418 7.31772e-17
6838.5977 7.40296e-17
6839.7773 7.41268e-17
6840.957 8.0055e-17
6842.1367 7.71415e-17
6843.3169 7.65659e-17
6844.4966 8.29926e-17
6845.6763 7.61248e-17
6846.8564 7.75646e-17
6848.0361 7.47058e-17
6849.2163 7.29973e-17
6850.396 7.75433e-17
6851.5762 7.86062e-17
6852.7563 7.53799e-17
6853.9365 7.35226e-17
6855.1167 7.6026e-17
6856.2964 7.59235e-17
6857.4766 6.85407e-17
6858.6572 7.4445e-17
6859.8374 7.00636e-17
6861.0176 7.06605e-17
6862.1978 7.30558e-17
6863.3779 7.395e-17
6864.5581 7.0045e-17
6865.7388 7.33224e-17
6866.9189 7.54111e-17
6868.0996 7.82376e-17
6869.2798 7.55967e-17
6870.4604 7.36297e-17
6871.6411 7.25755e-17
6872.8213 7.33973e-17
6874.002 7.46286e-17
6875.1826 7.90643e-17
6876.3633 7.96709e-17
6877.5439 8.0614e-17
6878.7246 7.94434e-17
6879.9053 7.87219e-17
6881.0859 8.09392e-17
6882.2666 8.538e-17
6883.4473 7.61126e-17
6884.6284 8.54962e-17
6885.8091 8.26737e-17
6886.9902 8.36498e-17
6888.1709 8.0207e-17
6889.3521 8.53446e-17
6890.5327 8.05373e-17
6891.7139 7.73101e-17
6892.895 7.28573e-17
6894.0757 7.79307e-17
6895.2568 8.31703e-17
6896.438 8.91179e-17
6897.6191 7.61063e-17
6898.8003 7.74118e-17
6899.9814 7.82873e-17
6901.1626 7.55744e-17
6902.3442 8.20777e-17
6903.5254 7.93946e-17
6904.7065 8.24421e-17
6905.8877 8.66056e-17
6907.0693 7.99927e-17
6908.2505 8.32676e-17
6909.4321 8.4301e-17
6910.6133 8.48368e-17
6911.7949 9.0297e-17
6912.9761 8.40895e-17
6914.1577 8.65811e-17
6915.3394 8.61189e-17
6916.521 9.64906e-17
6917.7026 1.00894e-16
6918.8843 9.0478e-17
6920.0659 8.88224e-17
6921.2476 8.49259e-17
6922.4292 9.09005e-17
6923.6108 8.36802e-17
6924.7925 8.05011e-17
6925.9746 7.80744e-17
6927.1562 8.61029e-17
6928.3384 8.12058e-17
6929.52 7.99352e-17
6930.7021 8.21534e-17
6931.8838 8.04142e-17
6933.0659 8.35689e-17
6934.2476 7.50283e-17
6935.4297 8.47162e-17
6936.6118 8.39247e-17
6937.7939 8.88066e-17
6938.9761 8.33134e-17
6940.1582 8.57351e-17
6941.3403 8.19953e-17
6942.5225 8.99015e-17
6943.7046 8.54246e-17
6944.8872 9.5297e-17
6946.0693 8.25371e-17
6947.2515 9.0916e-17
6948.4336 9.75096e-17
6949.6162 9.75248e-17
6950.7983 9.67112e-17
6951.981 8.9715e-17
6953.1631 9.19503e-17
6954.3457 8.68172e-17
6955.5283 9.10226e-17
6956.7109 9.46878e-17
6957.8931 9.28564e-17
6959.0757 9.87931e-17
6960.2583 9.28804e-17
6961.4409 8.48414e-17
6962.6235 8.9114e-17
6963.8066 9.04078e-17
6964.9893 9.69408e-17
6966.1719 8.62322e-17
6967.3545 9.3138e-17
6968.5371 9.96315e-17
6969.7202 1.03292e-16
6970.9028 1.00203e-16
6972.0859 9.14629e-17
6973.2686 1.01812e-16
6974.4517 9.50609e-17
6975.6343 9.60625e-17
6976.8174 9.92622e-17
6978.0005 9.71764e-17
6979.1836 9.65808e-17
6980.3667 9.90403e-17
6981.5498 1.02207e-16
6982.7329 1.02153e-16
6983.916 1.03271e-16
6985.0991 1.03529e-16
6986.2822 1.03801e-16
6987.4653 1.03491e-16
6988.6484 1.00415e-16
6989.832 9.78138e-17
6991.0151 1.03941e-16
6992.1987 9.4169e-17
6993.3818 1.01201e-16
6994.5654 9.98038e-17
6995.7485 9.57459e-17
6996.9321 9.93325e-17
6998.1157 1.00915e-16
6999.2988 1.03543e-16
7000.4824 9.42988e-17
7001.666 9.17038e-17
7002.8496 9.53121e-17
7004.0332 9.54439e-17
7005.2168 9.95557e-17
7006.4004 9.78019e-17
7007.584 9.82281e-17
7008.7676 9.97973e-17
7009.9512 9.64029e-17
7011.1353 1.01634e-16
7012.3188 1.01527e-16
7013.5029 9.86583e-17
7014.6865 1.0021e-16
7015.8701 1.01761e-16
7017.0542 1.01815e-16
7018.2383 1.04782e-16
7019.4219 1.00954e-16
7020.606 1.00195e-16
7021.79 1.08791e-16
7022.9741 1.07111e-16
7024.1582 1.02914e-16
7025.3418 1.04987e-16
7026.5259 9.81293e-17
7027.71 1.0404e-16
7028.8945 1.03552e-16
7030.0786 1.00908e-16
7031.2627 1.06985e-16
7032.4468 9.88091e-17
7033.6309 9.96312e-17
7034.8154 9.71177e-17
7035.9995 1.03073e-16
7037.1841 1.10324e-16
7038.3682 1.01258e-16
7039.5527 9.58988e-17
7040.7373 9.91433e-17
7041.9214 1.02189e-16
7043.106 9.93744e-17
7044.2905 1.02626e-16
7045.4751 1.04112e-16
7046.6597 1.02013e-16
7047.8442 9.86734e-17
7049.0288 1.02257e-16
7050.2134 9.91008e-17
7051.3979 9.86407e-17
7052.5825 1.02362e-16
7053.7671 1.07277e-16
7054.9517 9.92781e-17
7056.1367 9.38791e-17
7057.3213 9.61253e-17
7058.5059 8.66347e-17
7059.6909 8.93966e-17
7060.876 7.47461e-17
7062.0605 7.35228e-17
7063.2456 6.49715e-17
7064.4302 6.52955e-17
7065.6152 6.37071e-17
7066.8003 6.45937e-17
7067.9854 6.33266e-17
7069.1704 6.42443e-17
7070.3555 6.59993e-17
7071.5405 6.42712e-17
7072.7256 6.80788e-17
7073.9106 7.30852e-17
7075.0957 6.74017e-17
7076.2808 7.41011e-17
7077.4663 7.5561e-17
7078.6514 6.79278e-17
7079.8364 8.22437e-17
7081.022 7.75454e-17
7082.207 7.86776e-17
7083.3926 7.43849e-17
7084.5776 8.14369e-17
7085.7632 7.37048e-17
7086.9487 7.73698e-17
7088.1338 7.07241e-17
7089.3193 8.00524e-17
7090.5049 7.75417e-17
7091.6904 7.39428e-17
7092.876 6.24872e-17
7094.0615 6.72144e-17
7095.2471 6.35324e-17
7096.4326 6.46784e-17
7097.6182 6.54656e-17
7098.8037 6.19579e-17
7099.9893 5.49921e-17
7101.1753 6.43415e-17
7102.3608 6.25723e-17
7103.5469 6.50997e-17
7104.7324 6.65735e-17
7105.9185 6.25459e-17
7107.104 6.46687e-17
7108.29 6.5635e-17
7109.4756 6.33512e-17
7110.6616 6.72944e-17
7111.8477 6.96351e-17
7113.0337 6.27281e-17
7114.2197 7.13727e-17
7115.4053 7.14416e-17
7116.5918 7.02811e-17
7117.7778 7.02119e-17
7118.9639 6.96322e-17
7120.1499 7.66189e-17
7121.3359 7.08943e-17
7122.522 7.41144e-17
7123.708 7.39625e-17
7124.8945 7.6959e-17
7126.0806 7.35545e-17
7127.2671 7.04765e-17
7128.4531 7.41402e-17
7129.6392 7.53983e-17
7130.8257 6.8838e-17
7132.0122 7.11031e-17
7133.1987 6.60615e-17
7134.3848 6.10711e-17
7135.5713 6.11309e-17
7136.7578 5.77898e-17
7137.9443 5.8838e-17
7139.1309 6.53983e-17
7140.3174 5.82308e-17
7141.5039 6.19431e-17
7142.6904 5.75403e-17
7143.877 6.43065e-17
7145.0635 6.30794e-17
7146.25 6.20059e-17
7147.437 6.51225e-17
7148.6235 6.27125e-17
7149.8101 7.06972e-17
7150.9971 6.96756e-17
7152.1836 6.44213e-17
7153.3706 6.6536e-17
7154.5571 7.17578e-17
7155.7441 6.72942e-17
7156.9307 7.16669e-17
7158.1177 7.08178e-17
7159.3047 7.09792e-17
7160.4917 7.27617e-17
7161.6787 7.04109e-17
7162.8657 7.33222e-17
7164.0527 7.20741e-17
7165.2397 7.21832e-17
7166.4268 7.15891e-17
7167.6138 7.11861e-17
7168.8008 7.44473e-17
7169.9878 6.8487e-17
7171.1753 7.76201e-17
7172.3623 7.49179e-17
7173.5493 7.81011e-17
7174.7368 7.37639e-17
7175.9238 7.36901e-17
7177.1113 7.42594e-17
7178.2983 7.99521e-17
7179.4858 7.70619e-17
7180.6733 7.88076e-17
7181.8604 7.81878e-17
7183.0479 8.03424e-17
7184.2354 7.252e-17
7185.4229 6.99848e-17
7186.6104 7.76623e-17
7187.7979 8.22106e-17
7188.9854 8.1179e-17
7190.1729 8.28141e-17
7191.3604 7.88605e-17
7192.5479 8.06463e-17
7193.7354 8.14525e-17
7194.9229 8.47495e-17
7196.1108 7.88111e-17
7197.2983 8.46402e-17
7198.4863 7.31324e-17
7199.6738 8.33212e-17
7200.8613 7.75263e-17
7202.0493 7.99934e-17
7203.2373 7.68922e-17
7204.4248 7.68086e-17
7205.6128 7.7661e-17
7206.8008 7.95879e-17
7207.9883 7.84076e-17
7209.1763 7.18486e-17
7210.3643 7.41872e-17
7211.5522 7.82572e-17
7212.7402 7.45251e-17
7213.9282 7.67219e-17
7215.1162 7.56496e-17
7216.3042 7.27704e-17
7217.4922 7.40886e-17
7218.6807 7.35497e-17
7219.8687 7.86654e-17
7221.0566 7.66522e-17
7222.2451 7.83692e-17
7223.4331 8.13966e-17
7224.6211 8.46333e-17
7225.8096 8.49427e-17
7226.9976 8.31795e-17
7228.186 8.15051e-17
7229.3745 8.03662e-17
7230.5625 8.59628e-17
7231.751 8.73208e-17
7232.9395 8.82274e-17
7234.1279 8.88429e-17
7235.3164 8.53681e-17
7236.5044 8.64014e-17
7237.6929 8.47062e-17
7238.8818 9.12304e-17
7240.0703 9.07009e-17
7241.2588 8.86181e-17
7242.4473 9.08058e-17
7243.6357 8.68256e-17
7244.8242 9.54844e-17
7246.0132 9.27047e-17
7247.2017 9.14063e-17
7248.3901 9.0491e-17
7249.5791 8.70422e-17
7250.7676 8.74226e-17
7251.9565 9.04579e-17
7253.145 8.71829e-17
7254.334 7.92898e-17
7255.5229 8.77218e-17
7256.7114 9.03874e-17
7257.9004 9.28868e-17
7259.0894 9.10163e-17
7260.2783 9.15488e-17
7261.4673 8.938e-17
7262.6562 9.60905e-17
7263.8452 9.98184e-17
7265.0342 9.8449e-17
7266.2231 1.07145e-16
7267.4121 1.0302e-16
7268.6011 9.97671e-17
7269.79 9.67353e-17
7270.9795 1.01832e-16
7272.1685 1.05623e-16
7273.3574 9.5892e-17
7274.5469 1.00603e-16
7275.7358 9.81608e-17
7276.9253 9.84257e-17
7278.1143 1.0363e-16
7279.3037 9.58554e-17
7280.4932 1.06552e-16
7281.6821 9.21645e-17
7282.8716 1.05867e-16
7284.061 9.46988e-17
7285.2505 1.03428e-16
7286.4399 1.03306e-16
7287.6289 1.01041e-16
7288.8184 9.94375e-17
7290.0078 1.0396e-16
7291.1973 1.04269e-16
7292.3872 1.04272e-16
7293.5767 1.0302e-16
7294.7661 9.69553e-17
7295.9556 1.03628e-16
7297.145 1.08935e-16
7298.335 1.02322e-16
7299.5244 1.01693e-16
7300.7139 1.12037e-16
7301.9038 1.06281e-16
7303.0933 1.16668e-16
7304.2832 1.14095e-16
7305.4731 1.19583e-16
7306.6626 1.26151e-16
7307.8525 1.24725e-16
7309.0425 1.19686e-16
7310.2324 1.19829e-16
7311.4219 1.12769e-16
7312.6118 1.10162e-16
7313.8018 1.14158e-16
7314.9917 1.12399e-16
7316.1816 1.2237e-16
7317.3716 1.15409e-16
7318.5615 1.17068e-16
7319.7515 1.23454e-16
7320.9414 1.18926e-16
7322.1318 1.16896e-16
7323.3218 1.21137e-16
7324.5117 1.24212e-16
7325.7021 1.19652e-16
7326.8921 1.25459e-16
7328.082 1.20372e-16
7329.2725 1.23966e-16
7330.4624 1.19706e-16
7331.6528 1.23979e-16
7332.8433 1.20442e-16
7334.0332 1.22811e-16
7335.2236 1.2161e-16
7336.4141 1.34491e-16
7337.6045 1.2755e-16
7338.7944 1.31876e-16
7339.9849 1.35043e-16
7341.1753 1.31487e-16
7342.3657 1.29575e-16
7343.5562 1.36732e-16
7344.7466 1.28735e-16
7345.937 1.2446e-16
7347.1279 1.32151e-16
7348.3184 1.22338e-16
7349.5088 1.12499e-16
7350.6992 1.21828e-16
7351.8901 1.13331e-16
7353.0806 1.09382e-16
7354.271 1.10365e-16
7355.4619 1.14976e-16
7356.6523 1.10203e-16
7357.8433 1.17881e-16
7359.0337 1.18625e-16
7360.2246 1.2021e-16
7361.4155 1.23627e-16
7362.606 1.19112e-16
7363.7969 1.16153e-16
7364.9878 1.16913e-16
7366.1787 1.13056e-16
7367.3696 1.07138e-16
7368.5601 1.11488e-16
7369.751 1.13568e-16
7370.9419 1.23086e-16
7372.1333 1.19831e-16
7373.3242 1.21157e-16
7374.5151 1.21801e-16
7375.7061 1.20375e-16
7376.897 1.20804e-16
7378.0879 1.333e-16
7379.2793 1.2841e-16
7380.4702 1.23541e-16
7381.6616 1.28842e-16
7382.8525 1.261e-16
7384.0435 1.29223e-16
7385.2349 1.27061e-16
7386.4258 1.29533e-16
7387.6172 1.30439e-16
7388.8086 1.38552e-16
7389.9995 1.2805e-16
7391.1909 1.27926e-16
7392.3823 1.29022e-16
7393.5737 1.31309e-16
7394.7651 1.32364e-16
7395.9565 1.32334e-16
7397.1475 1.30774e-16
7398.3389 1.21162e-16
7399.5303 1.23591e-16
7400.7217 1.31e-16
7401.9136 1.28385e-16
7403.105 1.3208e-16
7404.2964 1.32386e-16
7405.4878 1.24457e-16
7406.6792 1.30557e-16
7407.8711 1.32529e-16
7409.0625 1.32075e-16
7410.2544 1.2488e-16
7411.4458 1.28374e-16
7412.6372 1.29683e-16
7413.8291 1.20885e-16
7415.021 1.27083e-16
7416.2124 1.30201e-16
7417.4043 1.32923e-16
7418.5957 1.31377e-16
7419.7876 1.26274e-16
7420.9795 1.30649e-16
7422.1714 1.21688e-16
7423.3633 1.22496e-16
7424.5547 1.16927e-16
7425.7466 1.22589e-16
7426.9385 1.21969e-16
7428.1304 1.19417e-16
7429.3223 1.25967e-16
7430.5142 1.32404e-16
7431.7065 1.31403e-16
7432.8984 1.31916e-16
7434.0903 1.33409e-16
7435.2822 1.30172e-16
7436.4746 1.26219e-16
7437.6665 1.34948e-16
7438.8584 1.24028e-16
7440.0508 1.24061e-16
7441.2427 1.22609e-16
7442.4351 1.26077e-16
7443.627 1.24029e-16
7444.8193 1.24713e-16
7446.0117 1.25595e-16
7447.2036 1.26879e-16
7448.396 1.23013e-16
7449.5884 1.22081e-16
7450.7803 1.23909e-16
7451.9727 1.23569e-16
7453.165 1.24303e-16
7454.3574 1.29993e-16
7455.5498 1.29683e-16
7456.7422 1.23302e-16
7457.9346 1.32221e-16
7459.127 1.25737e-16
7460.3193 1.23561e-16
7461.5117 1.27356e-16
7462.7041 1.25942e-16
7463.897 1.27836e-16
7465.0894 1.30001e-16
7466.2817 1.30944e-16
7467.4746 1.30705e-16
7468.667 1.2889e-16
7469.8594 1.28896e-16
7471.0522 1.24641e-16
7472.2446 1.20222e-16
7473.4375 1.24297e-16
7474.6299 1.23783e-16
7475.8228 1.23622e-16
7477.0156 1.29092e-16
7478.208 1.29364e-16
7479.4009 1.35158e-16
7480.5938 1.36659e-16
7481.7866 1.33291e-16
7482.979 1.26974e-16
7484.1719 1.32221e-16
7485.3647 1.29472e-16
7486.5576 1.33668e-16
7487.7505 1.26346e-16
7488.9434 1.30346e-16
7490.1362 1.26928e-16
7491.3296 1.2867e-16
7492.5225 1.25911e-16
7493.7153 1.26281e-16
7494.9082 1.31259e-16
7496.1011 1.28131e-16
7497.2944 1.30099e-16
7498.4873 1.28548e-16
7499.6802 1.31132e-16
7500.8735 1.25482e-16
7502.0664 1.2998e-16
7503.2598 1.23211e-16
7504.4526 1.27181e-16
7505.646 1.27466e-16
7506.8389 1.24552e-16
7508.0322 1.33955e-16
7509.2256 1.3445e-16
7510.4189 1.38056e-16
7511.6118 1.37643e-16
7512.8052 1.33899e-16
7513.9985 1.35751e-16
7515.1919 1.36214e-16
7516.3853 1.34265e-16
7517.5786 1.32246e-16
7518.772 1.30253e-16
7519.9653 1.31203e-16
7521.1587 1.22585e-16
7522.3521 1.25068e-16
7523.5454 1.28495e-16
7524.7388 1.32918e-16
7525.9326 1.2989e-16
7527.126 1.35951e-16
7528.3193 1.45634e-16
7529.5127 1.42466e-16
7530.7065 1.40389e-16
7531.8999 1.40199e-16
7533.0938 1.39782e-16
7534.2871 1.47494e-16
7535.481 1.37116e-16
7536.6743 1.37548e-16
7537.8682 1.34625e-16
7539.062 1.31098e-16
7540.2554 1.33555e-16
7541.4492 1.33682e-16
7542.6431 1.30143e-16
7543.8364 1.35662e-16
7545.0303 1.34433e-16
7546.2241 1.3959e-16
7547.418 1.4488e-16
7548.6118 1.45929e-16
7549.8057 1.39947e-16
7550.9995 1.39561e-16
7552.1934 1.39673e-16
7553.3872 1.38675e-16
7554.5811 1.3682e-16
7555.7749 1.4482e-16
7556.9688 1.34581e-16
7558.1631 1.45747e-16
7559.3569 1.40908e-16
7560.5508 1.41395e-16
7561.7451 1.39881e-16
7562.939 1.43907e-16
7564.1328 1.39127e-16
7565.3271 1.44634e-16
7566.521 1.37479e-16
7567.7153 1.40109e-16
7568.9092 1.38354e-16
7570.1035 1.42602e-16
7571.2974 1.44095e-16
7572.4917 1.38105e-16
7573.686 1.38146e-16
7574.8799 1.33481e-16
7576.0742 1.29559e-16
7577.2686 1.25808e-16
7578.4629 1.33531e-16
7579.6572 1.31123e-16
7580.8511 1.29434e-16
7582.0459 1.38699e-16
7583.2402 1.33818e-16
7584.4341 1.37243e-16
7585.6289 1.43812e-16
7586.8232 1.30687e-16
7588.0176 1.37161e-16
7589.2119 1.30779e-16
7590.4062 1.30875e-16
7591.6006 1.33113e-16
7592.7954 1.30195e-16
7593.9897 1.18404e-16
7595.1841 1.21891e-16
7596.3784 1.12041e-16
7597.5732 1.10125e-16
7598.7676 1.05458e-16
7599.9624 1.02497e-16
7601.1567 9.83096e-17
7602.3516 9.97526e-17
7603.5459 1.03305e-16
7604.7407 1.16677e-16
7605.9351 9.86495e-17
7607.1299 9.56795e-17
7608.3247 1.14487e-16
7609.5195 1.11476e-16
7610.7139 1.02177e-16
7611.9087 1.08415e-16
7613.1035 1.07482e-16
7614.2983 1.07033e-16
7615.4932 1.06627e-16
7616.688 1.12837e-16
7617.8828 1.06705e-16
7619.0776 1.12711e-16
7620.2725 1.09617e-16
7621.4673 1.18016e-16
7622.6621 1.12287e-16
7623.8569 1.21912e-16
7625.0518 1.07498e-16
7626.2471 1.09063e-16
7627.4419 1.15257e-16
7628.6367 1.0672e-16
7629.832 1.07679e-16
7631.0269 1.09137e-16
7632.2217 1.10671e-16
7633.417 1.08001e-16
7634.6118 1.01226e-16
7635.8071 1.05413e-16
7637.002 9.02079e-17
7638.1973 9.06138e-17
7639.3921 8.89055e-17
7640.5874 9.614e-17
7641.7822 9.53987e-17
7642.9775 9.38384e-17
7644.1729 1.01146e-16
7645.3682 9.62372e-17
7646.563 9.9719e-17
7647.7583 9.79651e-17
7648.9536 1.04652e-16
7650.1489 1.0512e-16
7651.3442 1.04215e-16
7652.5396 1.10933e-16
7653.7349 1.13394e-16
7654.9302 1.14776e-16
7656.1255 1.0521e-16
7657.3208 1.07839e-16
7658.5161 1.05616e-16
7659.7114 1.08664e-16
7660.9067 1.149e-16
7662.1025 1.11771e-16
7663.2979 1.11208e-16
7664.4932 1.1058e-16
7665.6885 1.06009e-16
7666.8843 9.99956e-17
7668.0796 9.9232e-17
7669.2754 8.86203e-17
7670.4707 8.21438e-17
7671.666 8.33028e-17
7672.8618 7.8612e-17
7674.0576 6.9463e-17
7675.2529 7.66939e-17
7676.4487 8.19264e-17
7677.644 8.53727e-17
7678.8398 9.83916e-17
7680.0356 1.05753e-16
7681.231 1.02217e-16
7682.4268 1.13444e-16
7683.6226 1.07321e-16
7684.8184 1.07438e-16
7686.0142 1.07015e-16
7687.2095 1.0353e-16
7688.4053 1.05549e-16
7689.6011 1.01814e-16
7690.7969 9.52701e-17
7691.9927 1.04554e-16
7693.1885 1.02696e-16
7694.3843 1.06265e-16
7695.5801 1.01122e-16
7696.7764 1.02462e-16
7697.9722 9.88667e-17
7699.168 1.02865e-16
7700.3638 1.01245e-16
7701.5596 9.84321e-17
7702.7559 9.50297e-17
7703.9517 8.71653e-17
7705.1475 8.86007e-17
7706.3438 8.57669e-17
7707.5396 7.64658e-17
7708.7358 8.00301e-17
7709.9316 8.92124e-17
7711.1279 8.4256e-17
7712.3237 1.01894e-16
7713.52 1.08447e-16
7714.7158 1.10434e-16
7715.9121 1.08811e-16
7717.1084 1.18878e-16
7718.3042 1.15093e-16
7719.5005 1.10052e-16
7720.6968 1.13563e-16
7721.8931 1.04137e-16
7723.0889 1.0132e-16
7724.2852 9.78374e-17
7725.4814 1.00212e-16
7726.6777 1.12369e-16
7727.874 1.06369e-16
7729.0703 1.08946e-16
7730.2666 1.09156e-16
7731.4629 1.14473e-16
7732.6592 1.14063e-16
7733.8555 1.17674e-16
7735.0518 1.09374e-16
7736.2485 1.08594e-16
7737.4448 1.10783e-16
7738.6411 1.09289e-16
7739.8374 1.13192e-16
7741.0337 1.1393e-16
7742.2305 1.15549e-16
7743.4268 1.07349e-16
7744.623 1.13035e-16
7745.8198 1.09468e-16
7747.0161 1.14149e-16
7748.2129 1.15958e-16
7749.4092 1.11178e-16
7750.6055 1.1082e-16
7751.8022 1.05474e-16
7752.999 9.93342e-17
7754.1953 9.82737e-17
7755.3921 1.03366e-16
7756.5884 9.54819e-17
7757.7852 9.79127e-17
7758.9819 9.95441e-17
7760.1787 9.64949e-17
7761.375 9.9667e-17
7762.5718 9.84817e-17
7763.7686 1.00034e-16
7764.9653 9.94204e-17
7766.1621 1.03528e-16
7767.3589 1.01601e-16
7768.5552 1.06175e-16
7769.7524 9.96597e-17
7770.9492 1.05579e-16
7772.1455 1.00248e-16
7773.3423 1.03038e-16
7774.5396 1.0649e-16
7775.7363 1.06962e-16
7776.9331 1.03747e-16
7778.1299 1.03708e-16
7779.3267 1.02898e-16
7780.5234 1.06915e-16
7781.7207 1.08004e-16
7782.9175 1.13313e-16
7784.1143 1.07186e-16
7785.3115 1.06168e-16
7786.5083 9.76379e-17
7787.7051 1.05501e-16
7788.9023 1.04673e-16
7790.0991 1.02923e-16
7791.2964 1.02292e-16
7792.4932 1.03135e-16
7793.6904 1.10762e-16
7794.8872 1.0635e-16
7796.0845 1.10461e-16
7797.2812 1.11738e-16
7798.4785 1.09042e-16
7799.6758 1.10738e-16
7800.8726 1.13153e-16
7802.0698 1.10947e-16
7803.2671 1.09156e-16
7804.4644 1.12015e-16
7805.6611 1.18083e-16
7806.8584 1.16238e-16
7808.0557 1.15943e-16
7809.2529 1.19482e-16
7810.4502 1.14021e-16
7811.6475 1.16581e-16
7812.8447 1.19888e-16
7814.042 1.18465e-16
7815.2393 1.13666e-16
7816.4365 1.18025e-16
7817.6338 1.2539e-16
7818.8311 1.21327e-16
7820.0283 1.18411e-16
7821.2256 1.17589e-16
7822.4233 1.21004e-16
7823.6206 1.18108e-16
7824.8179 1.20239e-16
7826.0151 1.14463e-16
7827.2124 1.14913e-16
7828.4102 1.24903e-16
7829.6074 1.19707e-16
7830.8047 1.17243e-16
7832.0024 1.10105e-16
7833.1997 1.14524e-16
7834.3975 1.10982e-16
7835.5947 1.09006e-16
7836.7925 1.05919e-16
7837.9897 1.10185e-16
7839.1875 1.03023e-16
7840.3848 1.02045e-16
7841.5825 1.10073e-16
7842.7798 1.07352e-16
7843.9775 1.1187e-16
7845.1753 1.02697e-16
7846.3726 1.0847e-16
7847.5703 1.05538e-16
7848.7681 1.09695e-16
7849.9658 1.09711e-16
7851.1636 1.18609e-16
7852.3608 1.12546e-16
7853.5586 1.101e-16
7854.7563 1.13958e-16
7855.9541 1.18231e-16
7857.1519 1.0468e-16
7858.3496 1.12733e-16
7859.5474 1.19241e-16
7860.7451 1.10179e-16
7861.9429 1.11941e-16
7863.1406 1.13097e-16
7866.7339 1.12212e-16
7867.9321 1.1154e-16
7869.1299 1.08621e-16
7870.3276 1.18763e-16
7871.5254 1.07457e-16
7872.7231 1.1246e-16
7873.9214 1.07406e-16
7875.1191 1.07379e-16
7876.3169 1.0942e-16
7877.5151 1.11623e-16
7878.7129 1.16115e-16
7879.9106 1.05927e-16
7881.1089 1.13407e-16
7882.3066 1.13218e-16
7883.5049 1.14808e-16
7884.7026 1.15052e-16
7885.9009 1.15674e-16
7887.0986 1.14458e-16
7888.2969 1.18432e-16
7889.4951 1.17518e-16
7890.6929 1.23052e-16
7891.8911 1.14933e-16
7893.0889 1.19023e-16
7894.2871 1.14972e-16
7895.4854 1.16872e-16
7896.6836 1.1799e-16
7897.8813 1.17373e-16
7899.0796 1.16142e-16
7900.2778 1.18783e-16
7901.4761 1.15837e-16
7902.6743 1.12635e-16
7903.8721 1.14298e-16
7905.0703 1.09836e-16
7906.2686 1.0568e-16
7907.4668 1.08152e-16
7908.665 1.12673e-16
7909.8633 1.06038e-16
7911.0615 1.09356e-16
7912.2598 1.09269e-16
7913.458 1.05323e-16
7914.6567 1.10396e-16
7915.855 1.02829e-16
7917.0532 1.11378e-16
7918.2515 1.03943e-16
7919.4497 1.07195e-16
7920.6479 1.0346e-16
7921.8467 1.07306e-16
7923.0449 1.0391e-16
7924.2432 1.09159e-16
7925.4414 1.06809e-16
7926.6401 1.11226e-16
7927.8384 1.10519e-16
7929.0366 1.04853e-16
7930.2354 1.1768e-16
7931.4336 1.13181e-16
7932.6323 1.09398e-16
7933.8306 1.23471e-16
7935.0293 1.13194e-16
7936.2275 1.16492e-16
7937.4263 1.1801e-16
7938.6245 1.13229e-16
7939.8232 1.1691e-16
7941.0215 1.14484e-16
7942.2202 1.1644e-16
7943.4185 1.15678e-16
7944.6172 1.09398e-16
7945.8159 1.12464e-16
7947.0146 1.10399e-16
7948.2129 1.10785e-16
7949.4116 1.06716e-16
7950.6104 1.03738e-16
7951.8091 1.10394e-16
7953.0073 1.00782e-16
7954.2061 1.08656e-16
7955.4048 1.03392e-16
7956.6035 1.17886e-16
7957.8022 1.11279e-16
7959.001 1.07573e-16
7960.1997 1.11089e-16
7961.3984 1.13244e-16
7962.5972 1.07683e-16
7963.7959 1.12282e-16
7964.9946 1.14633e-16
7966.1934 1.15286e-16
7967.3921 1.12849e-16
7968.5908 1.10962e-16
7969.7896 1.14892e-16
7970.9883 1.13165e-16
7972.187 1.08368e-16
7973.3862 1.11283e-16
7974.585 1.14127e-16
7975.7837 1.14012e-16
7976.9824 1.08813e-16
7978.1812 1.13209e-16
7979.3804 1.15313e-16
7980.5791 1.16281e-16
7981.7778 1.23428e-16
7982.9771 1.12889e-16
7984.1758 1.18719e-16
7985.3745 1.13173e-16
7986.5737 1.11646e-16
7987.7725 1.06724e-16
7988.9717 9.83592e-17
7990.1704 1.11019e-16
7991.3696 1.11623e-16
7992.5684 1.06623e-16
7993.7676 1.12875e-16
7994.9663 1.10155e-16
7996.1655 1.08448e-16
7997.3643 1.10599e-16
7998.5635 1.11159e-16
7999.7622 1.11185e-16
8000.9614 1.11352e-16
8002.1606 1.1171e-16
8003.3594 1.1227e-16
8004.5586 1.09193e-16
8005.7578 1.08332e-16
8006.957 1.07661e-16
8008.1558 1.15608e-16
8009.355 1.24728e-16
8010.5542 1.17298e-16
8011.7534 1.22827e-16
8012.9526 1.15818e-16
8014.1514 1.2036e-16
8015.3506 1.19966e-16
8016.5498 1.21487e-16
8017.749 1.23208e-16
8018.9482 1.19927e-16
8020.1475 1.25749e-16
8021.3467 1.1917e-16
8022.5459 1.23654e-16
8023.7451 1.21604e-16
8024.9443 1.20809e-16
8026.1436 1.19407e-16
8027.3428 1.23396e-16
8028.542 1.20839e-16
8029.7412 1.16866e-16
8030.9409 1.18003e-16
8032.1401 1.16307e-16
8033.3394 1.14506e-16
8034.5386 1.14233e-16
8035.7378 1.15453e-16
8036.937 1.1213e-16
8038.1367 1.19652e-16
8039.3359 1.15771e-16
8040.5352 1.2238e-16
8041.7344 1.32578e-16
8042.9341 1.23896e-16
8044.1333 1.25981e-16
8045.3325 1.31688e-16
8046.5322 1.33206e-16
8047.7314 1.28397e-16
8048.9307 1.29237e-16
8050.1304 1.41325e-16
8051.3296 1.32794e-16
8052.5293 1.33182e-16
8053.7285 1.30658e-16
8054.9282 1.28125e-16
8056.1274 1.27967e-16
8057.3271 1.28813e-16
8058.5264 1.25668e-16
8059.7261 1.27648e-16
8060.9258 1.37748e-16
8062.125 1.45232e-16
8063.3247 1.43135e-16
8064.5239 1.47103e-16
8065.7236 1.42623e-16
8066.9233 1.43318e-16
8068.1226 1.5171e-16
8069.3223 1.48225e-16
8070.522 1.46123e-16
8071.7212 1.42158e-16
8072.9209 1.33081e-16
8074.1206 1.32498e-16
8075.3203 1.25297e-16
8076.52 1.26175e-16
8077.7197 1.2723e-16
8078.9189 1.27278e-16
8080.1187 1.27242e-16
8081.3184 1.36372e-16
8082.5181 1.3341e-16
8083.7178 1.39278e-16
8084.9175 1.42388e-16
8086.1172 1.38589e-16
8087.3169 1.40176e-16
8088.5166 1.40756e-16
8089.7163 1.48891e-16
8090.916 1.47911e-16
8092.1157 1.52703e-16
8093.3154 1.484e-16
8094.5151 1.54032e-16
8095.7148 1.489e-16
8096.9146 1.46885e-16
8098.1143 1.4153e-16
8099.314 1.47128e-16
8100.5137 1.50736e-16
8101.7134 1.41329e-16
8102.9131 1.53368e-16
8104.1133 1.4896e-16
8105.313 1.43373e-16
8106.5127 1.47632e-16
8107.7124 1.41961e-16
8108.9126 1.46168e-16
8110.1123 1.46112e-16
8111.312 1.45116e-16
8112.5117 1.46593e-16
8113.7119 1.525e-16
8114.9116 1.49223e-16
8116.1113 1.50811e-16
8117.3115 1.49099e-16
8118.5112 1.50818e-16
8119.7109 1.50053e-16
8120.9111 1.4529e-16
8122.1108 1.4715e-16
8123.311 1.50071e-16
8124.5107 1.47241e-16
8125.7109 1.4892e-16
8126.9106 1.51555e-16
8128.1108 1.52389e-16
8129.3105 1.45673e-16
8130.5107 1.55913e-16
8131.7104 1.53532e-16
8132.9106 1.52217e-16
8134.1104 1.61005e-16
8135.3105 1.65688e-16
8136.5103 1.66386e-16
8137.7104 1.6193e-16
8138.9106 1.62324e-16
8140.1104 1.5818e-16
8141.3105 1.60106e-16
8142.5107 1.50962e-16
8143.7104 1.59511e-16
8144.9106 1.65279e-16
8146.1108 1.61794e-16
8147.3105 1.62417e-16
8148.5107 1.66042e-16
8149.7109 1.64037e-16
8150.9111 1.67018e-16
8152.1108 1.6436e-16
8153.311 1.65777e-16
8154.5112 1.64197e-16
8155.7114 1.64036e-16
8156.9116 1.69479e-16
8158.1118 1.63539e-16
8159.3115 1.78111e-16
8160.5117 1.68107e-16
8161.7119 1.67715e-16
8162.9121 1.69138e-16
8164.1123 1.71119e-16
8165.3125 1.64427e-16
8166.5127 1.65408e-16
8167.7129 1.61948e-16
8168.9131 1.551e-16
8170.1133 1.56705e-16
8171.3135 1.69358e-16
8172.5137 1.68575e-16
8173.7139 1.64893e-16
8174.9141 1.60922e-16
8176.1143 1.68767e-16
8177.3145 1.71858e-16
8178.5146 1.73851e-16
8179.7148 1.7186e-16
8180.915 1.76809e-16
8182.1152 1.70157e-16
8183.3159 1.69254e-16
8184.5161 1.7091e-16
8185.7163 1.7149e-16
8186.9165 1.70077e-16
8188.1167 1.62512e-16
8189.3169 1.64077e-16
8190.5176 1.49292e-16
8191.7178 1.5303e-16
8192.918 1.52605e-16
8194.1182 1.48247e-16
8195.3184 1.4665e-16
8196.5186 1.52875e-16
8197.7197 1.55948e-16
8198.9199 1.58461e-16
8200.1201 1.61099e-16
8201.3203 1.63875e-16
8202.5205 1.66206e-16
8203.7207 1.60411e-16
8204.9219 1.48206e-16
8206.1221 1.43142e-16
8207.3223 1.41312e-16
8208.5225 1.40664e-16
8209.7227 1.40605e-16
8210.9238 1.46882e-16
8212.124 1.43999e-16
8213.3242 1.43876e-16
8214.5244 1.48113e-16
8215.7246 1.433e-16
8216.9258 1.41166e-16
8218.126 1.38702e-16
8219.3262 1.36832e-16
8220.5264 1.33521e-16
8221.7275 1.41885e-16
8222.9277 1.3915e-16
8224.1279 1.3892e-16
8225.3281 1.35387e-16
8226.5293 1.30844e-16
8227.7295 1.29814e-16
8228.9297 1.32988e-16
8230.1309 1.3318e-16
8231.3311 1.3425e-16
8232.5312 1.37868e-16
8233.7324 1.40239e-16
8234.9326 1.44238e-16
8236.1328 1.42904e-16
8237.334 1.46132e-16
8238.5342 1.52011e-16
8239.7344 1.53571e-16
8240.9355 1.5034e-16
8242.1357 1.46409e-16
8243.3359 1.46604e-16
8244.5371 1.51754e-16
8245.7373 1.49318e-16
8246.9375 1.50049e-16
8248.1387 1.56053e-16
8249.3389 1.56949e-16
8250.54 1.54304e-16
8251.7402 1.52339e-16
8252.9404 1.42135e-16
8254.1416 1.50945e-16
8255.3418 1.44362e-16
8256.543 1.43008e-16
8257.7432 1.45029e-16
8258.9434 1.40624e-16
8260.1445 1.41274e-16
8261.3447 1.34524e-16
8262.5459 1.4179e-16
8263.7461 1.43419e-16
8264.9473 1.43891e-16
8266.1475 1.42494e-16
8267.3486 1.43481e-16
8268.5488 1.45429e-16
8269.75 1.49623e-16
8270.9502 1.51372e-16
8272.1514 1.46779e-16
8275.7529 1.46465e-16
8276.9531 1.45478e-16
8278.1543 1.44631e-16
8279.3555 1.51585e-16
8280.5557 1.43783e-16
8281.7568 1.38518e-16
8282.957 1.43703e-16
8284.1582 1.37532e-16
8285.3584 1.33834e-16
8286.5596 1.34234e-16
8287.7598 1.36556e-16
8288.9609 1.37695e-16
8290.1611 1.37905e-16
8291.3623 1.44482e-16
8292.5625 1.35047e-16
8293.7637 1.33425e-16
8294.9648 1.38782e-16
8296.165 1.28549e-16
8297.3662 1.36414e-16
8298.5664 1.40237e-16
8299.7676 1.29318e-16
8300.9678 1.36724e-16
8302.1689 1.40135e-16
8303.3701 1.34945e-16
8304.5703 1.37101e-16
8305.7715 1.34056e-16
8306.9717 1.41618e-16
8308.1729 1.38786e-16
8309.374 1.33579e-16
8310.5742 1.36631e-16
8311.7754 1.34693e-16
8312.9766 1.41527e-16
8314.1768 1.31575e-16
8315.3779 1.37483e-16
8316.5781 1.43062e-16
8317.7793 1.34742e-16
8318.9805 1.37968e-16
8320.1807 1.36488e-16
8321.3818 1.39166e-16
8322.583 1.43109e-16
8323.7832 1.47797e-16
8324.9844 1.4826e-16
8326.1855 1.51745e-16
8327.3857 1.56989e-16
8328.5869 1.56195e-16
8329.7881 1.56036e-16
8330.9883 1.544e-16
8332.1895 1.51101e-16
8333.3906 1.45174e-16
8334.5918 1.42308e-16
8335.792 1.27731e-16
8336.9932 1.26512e-16
8338.1943 1.26724e-16
8339.3945 1.21901e-16
8340.5957 1.27346e-16
8341.7969 1.36052e-16
8342.998 1.49875e-16
8344.1982 1.55719e-16
8345.3994 1.51193e-16
8346.6006 1.61759e-16
8347.8008 1.55895e-16
8349.002 1.69207e-16
8350.2031 1.54519e-16
8351.4043 1.47925e-16
8352.6045 1.57515e-16
8353.8057 1.52216e-16
8355.0068 1.57046e-16
8356.208 1.52195e-16
8357.4092 1.50078e-16
8358.6094 1.43144e-16
8359.8105 1.43203e-16
8361.0117 1.40194e-16
8362.2129 1.44206e-16
8363.4131 1.47461e-16
8364.6143 1.44122e-16
8365.8154 1.39824e-16
8367.0166 1.41681e-16
8368.2178 1.42316e-16
8369.418 1.37603e-16
8370.6191 1.39552e-16
8371.8203 1.39835e-16
8373.0215 1.32572e-16
8374.2217 1.36583e-16
8375.4229 1.29649e-16
8376.624 1.37442e-16
8377.8252 1.42375e-16
8379.0264 1.48092e-16
8380.2275 1.4754e-16
8381.4277 1.44934e-16
8382.6289 1.40759e-16
8383.8301 1.29085e-16
8385.0312 1.30875e-16
8386.2324 1.21245e-16
8387.4326 1.20627e-16
8388.6338 1.14899e-16
8389.835 1.16092e-16
8391.0361 1.08901e-16
8392.2373 1.13638e-16
8393.4385 1.15453e-16
8394.6396 1.26014e-16
8395.8398 1.19249e-16
8397.041 1.17539e-16
8398.2422 1.18239e-16
8399.4434 1.2505e-16
8400.6445 1.31957e-16
8401.8457 1.36133e-16
8403.0469 1.44469e-16
8404.2471 1.47725e-16
8405.4482 1.5139e-16
8406.6494 1.51215e-16
8407.8506 1.46005e-16
8409.0518 1.52809e-16
8410.2529 1.57988e-16
8411.4541 1.59617e-16
8412.6553 1.61729e-16
8413.8564 1.58357e-16
8415.0566 1.59401e-16
8416.2578 1.61912e-16
8417.459 1.46179e-16
8418.6602 1.47074e-16
8419.8613 1.40393e-16
8421.0625 1.36958e-16
8422.2637 1.3249e-16
8423.4648 1.3346e-16
8424.666 1.35519e-16
8425.8672 1.38554e-16
8427.0674 1.44051e-16
8428.2686 1.48149e-16
8429.4697 1.39824e-16
8430.6709 1.42709e-16
8431.8721 1.37566e-16
8433.0732 1.29012e-16
8434.2744 1.24356e-16
8435.4756 1.2144e-16
8436.6768 1.17027e-16
8437.8779 1.09425e-16
8439.0791 1.14961e-16
8440.2803 1.06885e-16
8441.4805 1.05939e-16
8442.6816 1.04982e-16
8443.8828 1.00221e-16
8445.084 1.04948e-16
8446.2852 9.96101e-17
8447.4863 1.08739e-16
8448.6875 1.16073e-16
8449.8887 1.17232e-16
8451.0898 1.19006e-16
8452.291 1.2752e-16
8453.4922 1.17975e-16
8454.6934 1.2808e-16
8455.8945 1.31312e-16
8457.0957 1.2642e-16
8458.2969 1.27988e-16
8459.498 1.25854e-16
8460.6982 1.22e-16
8461.8994 1.29835e-16
8463.1006 1.26673e-16
8464.3018 1.28091e-16
8465.5029 1.33836e-16
8466.7041 1.28685e-16
8467.9053 1.29817e-16
8469.1064 1.258e-16
8470.3076 1.22541e-16
8471.5088 1.2683e-16
8472.71 1.22218e-16
8473.9111 1.17405e-16
8475.1123 1.09821e-16
8476.3135 1.02859e-16
8477.5146 1.03856e-16
8478.7158 1.00555e-16
8479.917 1.00534e-16
8481.1182 1.04261e-16
8482.3193 1.13132e-16
8483.5205 1.15662e-16
8484.7217 1.21531e-16
8485.9229 1.24719e-16
8487.124 1.32179e-16
8488.3252 1.30075e-16
8489.5264 1.2589e-16
8490.7275 1.31132e-16
8491.9287 1.28032e-16
8493.1299 1.26538e-16
8494.3311 1.2348e-16
8495.5322 1.27799e-16
8496.7324 1.23059e-16
8497.9346 1.23369e-16
8499.1348 1.246e-16
8500.3359 1.224e-16
8501.5371 1.12387e-16
8502.7383 1.09712e-16
8503.9395 1.04986e-16
8505.1406 9.86564e-17
8506.3418 9.49924e-17
8507.543 9.22802e-17
8508.7441 9.80018e-17
8509.9453 1.02419e-16
8511.1465 1.19175e-16
8512.3477 1.29712e-16
8513.5488 1.43425e-16
8514.75 1.68603e-16
8515.9512 1.7439e-16
8517.1523 1.83428e-16
8518.3535 1.85672e-16
8519.5547 1.84255e-16
8520.7559 1.71045e-16
8521.957 1.56069e-16
8523.1582 1.50341e-16
8524.3594 1.41029e-16
8525.5605 1.27622e-16
8526.7617 1.21901e-16
8527.9629 1.1723e-16
8529.1641 1.21522e-16
8530.3652 1.23055e-16
8531.5664 1.30335e-16
8532.7676 1.33501e-16
8533.9688 1.33338e-16
8535.1699 1.35111e-16
8536.3711 1.37428e-16
8537.5723 1.27536e-16
8538.7734 1.38952e-16
8539.9746 1.32407e-16
8541.1758 1.23078e-16
8542.377 1.25153e-16
8543.5781 1.23218e-16
8544.7793 1.21185e-16
8545.9805 1.13929e-16
8547.1816 1.12175e-16
8548.3828 9.86319e-17
8549.584 9.49934e-17
8550.7852 9.30166e-17
8551.9863 8.954e-17
8553.1875 9.11545e-17
8554.3887 1.02894e-16
8555.5898 1.17982e-16
8556.791 1.28679e-16
8557.9922 1.49164e-16
8559.1934 1.65291e-16
8560.3945 1.81149e-16
8561.5957 1.86106e-16
8562.7969 1.98216e-16
8563.998 1.98893e-16
8565.1992 1.97446e-16
8566.4004 1.84361e-16
8567.6016 1.78117e-16
8568.8027 1.70745e-16
8570.0029 1.62962e-16
8571.2051 1.58454e-16
8572.4053 1.51886e-16
8573.6064 1.55193e-16
8574.8076 1.46178e-16
8576.0088 1.40436e-16
8577.21 1.32113e-16
8578.4111 1.41401e-16
8579.6123 1.34139e-16
8580.8135 1.35667e-16
8582.0146 1.29952e-16
8583.2158 1.26351e-16
8584.417 1.35574e-16
8585.6182 1.33892e-16
8586.8193 1.3259e-16
8588.0205 1.32315e-16
8589.2217 1.30758e-16
8590.4229 1.32082e-16
8591.624 1.35966e-16
8592.8252 1.40456e-16
8594.0264 1.35906e-16
8595.2275 1.26543e-16
8596.4287 1.30313e-16
8597.6299 1.31598e-16
8598.8311 1.39225e-16
8600.0322 1.32922e-16
8601.2324 1.33546e-16
8602.4346 1.37712e-16
8603.6348 1.36262e-16
8604.8359 1.31874e-16
8606.0371 1.31656e-16
8607.2383 1.33805e-16
8608.4395 1.32117e-16
8609.6406 1.31387e-16
8610.8418 1.29921e-16
8612.043 1.31795e-16
8613.2441 1.32177e-16
8614.4453 1.38e-16
8615.6465 1.42696e-16
8616.8477 1.47216e-16
8618.0488 1.43383e-16
8619.25 1.4299e-16
8620.4512 1.40766e-16
8621.6514 1.46361e-16
8622.8525 1.3926e-16
8624.0537 1.38013e-16
8625.2549 1.36464e-16
8626.4561 1.45625e-16
8627.6572 1.39808e-16
8628.8584 1.42051e-16
8630.0596 1.40592e-16
8631.2607 1.47877e-16
8632.4619 1.45571e-16
8633.6631 1.44364e-16
8634.8633 1.46769e-16
8636.0645 1.48548e-16
8637.2656 1.45696e-16
8638.4668 1.51746e-16
8639.668 1.47475e-16
8640.8691 1.47669e-16
8642.0703 1.40155e-16
8643.2715 1.45592e-16
8644.4727 1.40868e-16
8645.6729 1.44293e-16
8646.874 1.44447e-16
8648.0752 1.39278e-16
8649.2764 1.41928e-16
8650.4775 1.42969e-16
8651.6787 1.33623e-16
8652.8799 1.39326e-16
8654.0811 1.36034e-16
8655.2812 1.38313e-16
8656.4824 1.3589e-16
8657.6836 1.39484e-16
8658.8848 1.41744e-16
8660.0859 1.37311e-16
8661.2871 1.37892e-16
8662.4883 1.38227e-16
8663.6895 1.38422e-16
8664.8896 1.32259e-16
8666.0908 1.27412e-16
8667.292 1.16076e-16
8668.4932 1.06377e-16
8669.6943 1.00904e-16
8670.8955 9.1434e-17
8672.0957 8.91899e-17
8673.2969 9.69021e-17
8674.498 1.09849e-16
8675.6992 1.20313e-16
8676.9004 1.36815e-16
8678.1016 1.60758e-16
8679.3018 1.78452e-16
8680.5029 2.03059e-16
8681.7041 2.05558e-16
8682.9053 2.02236e-16
8684.1064 2.03415e-16
8685.3066 1.80664e-16
8686.5078 1.76622e-16
8687.709 1.58562e-16
8688.9102 1.62094e-16
8690.1113 1.60466e-16
8691.3115 1.52584e-16
8692.5127 1.50262e-16
8693.7139 1.54688e-16
8694.915 1.39733e-16
8696.1152 1.34039e-16
8697.3164 1.26651e-16
8698.5176 1.14531e-16
8699.7188 1.19979e-16
8700.9199 1.21405e-16
8702.1201 1.24185e-16
8703.3213 1.3241e-16
8704.5225 1.48757e-16
8705.7236 1.59314e-16
8706.9238 1.7304e-16
8708.125 1.80756e-16
8709.3262 1.78854e-16
8710.5273 1.7513e-16
8711.7275 1.73795e-16
8712.9287 1.74042e-16
8714.1299 1.67478e-16
8715.3311 1.66517e-16
8716.5312 1.55762e-16
8717.7324 1.58757e-16
8718.9336 1.5547e-16
8720.1338 1.52954e-16
8721.335 1.55393e-16
8722.5361 1.58271e-16
8723.7363 1.47068e-16
8724.9375 1.5598e-16
8726.1387 1.55079e-16
8727.3398 1.5083e-16
8728.54 1.4888e-16
8729.7412 1.54651e-16
8730.9424 1.56445e-16
8732.1426 1.55876e-16
8733.3438 1.57339e-16
8734.5449 1.66995e-16
8735.7451 1.5425e-16
8736.9463 1.64493e-16
8738.1475 1.58492e-16
8739.3477 1.5847e-16
8740.5488 1.62747e-16
8741.75 1.59467e-16
8742.9502 1.62539e-16
8744.1514 1.59167e-16
8745.3525 1.54176e-16
8746.5527 1.56583e-16
8747.7539 1.59847e-16
8748.9551 1.57357e-16
8750.1553 1.66633e-16
8751.3564 1.6227e-16
8752.5566 1.68938e-16
8753.7578 1.655e-16
8754.959 1.67783e-16
8756.1592 1.63593e-16
8757.3604 1.62024e-16
8758.5605 1.6877e-16
8759.7617 1.57272e-16
8760.9629 1.70111e-16
8762.1631 1.63033e-16
8763.3643 1.55433e-16
8764.5645 1.68472e-16
8765.7656 1.65546e-16
8766.9658 1.72895e-16
8768.167 1.69517e-16
8769.3682 1.55902e-16
8770.5684 1.53589e-16
8771.7695 1.50493e-16
8772.9697 1.63341e-16
8774.1709 1.64193e-16
8775.3711 1.679e-16
8776.5723 1.7036e-16
8777.7725 1.70296e-16
8778.9736 1.58821e-16
8780.1738 1.60721e-16
8781.375 1.58462e-16
8782.5752 1.69777e-16
8783.7764 1.62642e-16
8784.9766 1.617e-16
8786.1777 1.68203e-16
8787.3779 1.68482e-16
8788.5791 1.58568e-16
8789.7793 1.68736e-16
8790.9805 1.63997e-16
8792.1807 1.62039e-16
8793.3818 1.68551e-16
8794.582 1.69303e-16
8795.7832 1.62862e-16
8796.9834 1.6893e-16
8798.1846 1.66653e-16
8799.3848 1.65754e-16
8800.5859 1.61931e-16
8801.7861 1.61774e-16
8802.9863 1.70742e-16
8804.1875 1.62594e-16
8805.3877 1.71619e-16
8806.5889 1.74468e-16
8807.7891 1.62084e-16
8808.9893 1.68046e-16
8810.1904 1.61052e-16
8811.3906 1.59771e-16
8812.5918 1.54969e-16
8813.792 1.57605e-16
8814.9922 1.45028e-16
8816.1934 1.46126e-16
8817.3936 1.4268e-16
8818.5947 1.37598e-16
8819.7949 1.45945e-16
8820.9951 1.55007e-16
8822.1963 1.72503e-16
8823.3965 1.88418e-16
8824.5967 2.09331e-16
8825.7979 1.99703e-16
8826.998 2.10075e-16
8828.1982 2.07617e-16
8829.3994 1.96244e-16
8830.5996 1.75233e-16
8831.7998 1.66601e-16
8833.001 1.50853e-16
8834.2012 1.4916e-16
8835.4014 1.28114e-16
8836.6025 1.37108e-16
8837.8027 1.41414e-16
8839.0029 1.51516e-16
8840.2031 1.7476e-16
8841.4043 1.81776e-16
8842.6045 2.0816e-16
8843.8047 2.11709e-16
8845.0049 2.0648e-16
8846.2061 2.09317e-16
8847.4062 2.00685e-16
8848.6064 1.8622e-16
8849.8066 1.78663e-16
8851.0078 1.71092e-16
8852.208 1.73937e-16
8853.4082 1.76494e-16
8854.6084 1.77044e-16
8855.8086 1.82282e-16
8857.0098 1.91847e-16
8858.21 2.00209e-16
8859.4102 2.02957e-16
8860.6104 1.9458e-16
8861.8105 1.93965e-16
8863.0107 1.80217e-16
8864.2119 1.79009e-16
8865.4121 1.70265e-16
8866.6123 1.55606e-16
8867.8125 1.43724e-16
8869.0127 1.39139e-16
8870.2129 1.31668e-16
8871.4141 1.21146e-16
8872.6143 1.20199e-16
8873.8145 1.14595e-16
8875.0146 1.16883e-16
8876.2148 1.13553e-16
8877.415 1.1237e-16
8878.6152 1.1675e-16
8879.8154 1.19874e-16
8881.0156 1.18563e-16
8882.2158 1.20096e-16
8883.416 1.1301e-16
8884.6172 1.2015e-16
8885.8174 1.22057e-16
8887.0176 1.26573e-16
8888.2178 1.27872e-16
8889.418 1.17895e-16
8890.6182 1.24186e-16
8891.8184 1.2489e-16
8893.0186 1.22047e-16
8894.2188 1.24122e-16
8895.4189 1.25406e-16
8896.6191 1.25665e-16
8897.8193 1.23679e-16
8899.0195 1.21557e-16
8900.2197 1.31456e-16
8901.4199 1.30418e-16
8902.6201 1.24133e-16
8903.8203 1.30157e-16
8905.0205 1.25838e-16
8906.2207 1.24529e-16
8907.4199 1.31184e-16
8908.6201 1.30332e-16
8909.8203 1.27137e-16
8911.0205 1.30711e-16
8912.2207 1.33809e-16
8913.4209 1.31272e-16
8914.6211 1.3629e-16
8915.8213 1.31178e-16
8917.0215 1.26097e-16
8918.2217 1.39464e-16
8919.4219 1.29881e-16
8920.6211 1.42397e-16
8921.8213 1.3371e-16
8923.0215 1.32716e-16
8924.2217 1.33242e-16
8925.4219 1.2982e-16
8926.6221 1.32848e-16
8927.8223 1.34706e-16
8929.0215 1.35574e-16
8930.2217 1.34418e-16
8931.4219 1.42418e-16
8932.6221 1.40895e-16
8933.8223 1.39099e-16
8935.0215 1.44824e-16
8936.2217 1.42189e-16
8937.4219 1.48261e-16
8938.6221 1.52057e-16
8939.8213 1.53186e-16
8941.0215 1.44906e-16
8942.2217 1.4598e-16
8943.4219 1.44584e-16
8944.6211 1.3772e-16
8945.8213 1.38063e-16
8947.0215 1.30462e-16
8948.2217 1.30333e-16
8949.4209 1.36891e-16
8950.6211 1.3592e-16
8951.8213 1.2788e-16
8953.0205 1.37822e-16
8954.2207 1.33625e-16
8955.4209 1.37077e-16
8956.6201 1.32442e-16
8957.8203 1.3278e-16
8959.0205 1.28433e-16
8960.2197 1.22934e-16
8961.4199 1.368e-16
8962.6191 1.33121e-16
8963.8193 1.36884e-16
8965.0195 1.45695e-16
8966.2188 1.42063e-16
8967.4189 1.35099e-16
8968.6182 1.37636e-16
8969.8184 1.40213e-16
8971.0186 1.40311e-16
8972.2178 1.40818e-16
8973.418 1.42108e-16
8974.6172 1.37856e-16
8975.8174 1.42529e-16
8977.0166 1.44542e-16
8978.2168 1.33225e-16
8979.416 1.38812e-16
8980.6162 1.42382e-16
8981.8154 1.4475e-16
8983.0156 1.41809e-16
8984.2148 1.42614e-16
8985.415 1.34699e-16
8986.6143 1.44427e-16
8987.8145 1.48728e-16
8989.0137 1.49454e-16
8990.2139 1.34208e-16
8991.4131 1.46664e-16
8992.6133 1.51495e-16
8993.8125 1.59001e-16
8995.0117 1.67416e-16
8996.2119 1.61788e-16
8997.4111 1.67632e-16
8998.6113 1.59836e-16
8999.8105 1.55876e-16
9001.0098 1.57398e-16
9002.21 1.5646e-16
9003.4092 1.5414e-16
9004.6084 1.49883e-16
9005.8086 1.5141e-16
9007.0078 1.53946e-16
9008.207 1.53322e-16
9009.4072 1.42523e-16
9010.6064 1.48561e-16
9011.8057 1.49529e-16
9013.0059 1.43153e-16
9014.2051 1.48696e-16
9015.4043 1.51041e-16
9016.6035 1.68159e-16
9017.8037 1.75712e-16
9019.0029 1.86963e-16
9020.2021 1.91239e-16
9021.4014 1.88687e-16
9022.6016 1.72774e-16
9023.8008 1.66744e-16
9025.0 1.5345e-16
9026.1992 1.56024e-16
9027.3994 1.5341e-16
9028.5986 1.5844e-16
9029.7979 1.67812e-16
9030.9971 1.65477e-16
9032.1963 1.71357e-16
9033.3955 1.7403e-16
9034.5947 1.65723e-16
9035.7949 1.695e-16
9036.9941 1.68194e-16
9038.1934 1.69009e-16
9039.3926 1.65671e-16
9040.5918 1.60277e-16
9041.791 1.60635e-16
9042.9902 1.60993e-16
9044.1895 1.68074e-16
9045.3887 1.73746e-16
9046.5889 1.76896e-16
9047.7881 1.72683e-16
9048.9873 1.83618e-16
9050.1865 1.734e-16
9051.3857 1.79149e-16
9052.585 1.79196e-16
9053.7842 1.80118e-16
9054.9834 1.74799e-16
9056.1826 1.8274e-16
9057.3818 1.85067e-16
9058.5811 1.89719e-16
9059.7803 1.95072e-16
9060.9795 1.93086e-16
9062.1777 1.9036e-16
9063.377 1.83379e-16
9064.5762 1.72935e-16
9065.7754 1.7551e-16
9066.9746 1.77998e-16
9068.1738 1.73912e-16
9069.373 1.76236e-16
9070.5723 1.75742e-16
9071.7715 1.79403e-16
9072.9707 1.71048e-16
9074.1689 1.68297e-16
9075.3682 1.58016e-16
9076.5674 1.66059e-16
9077.7666 1.63363e-16
9078.9658 1.69034e-16
9080.165 1.86732e-16
9081.3633 2.00859e-16
9082.5625 1.94653e-16
9083.7617 2.00601e-16
9084.9609 1.9528e-16
9086.1602 1.99338e-16
9087.3584 2.02938e-16
9088.5576 1.96637e-16
9089.7568 1.92573e-16
9090.9551 1.82785e-16
9092.1543 1.80216e-16
9093.3535 1.78814e-16
9094.5527 1.69392e-16
9095.751 1.72372e-16
9096.9502 1.65759e-16
9098.1494 1.63105e-16
9099.3477 1.64385e-16
9100.5469 1.55083e-16
9101.7461 1.62238e-16
9102.9443 1.58526e-16
9104.1436 1.5796e-16
9105.3418 1.75871e-16
9106.541 1.85897e-16
9107.7402 1.96099e-16
9108.9385 2.02988e-16
9110.1377 2.13173e-16
9111.3359 2.13569e-16
9112.5352 2.19416e-16
9113.7344 2.11728e-16
9114.9326 2.08847e-16
9116.1318 2.07438e-16
9117.3301 2.00849e-16
9118.5293 1.95446e-16
9119.7275 1.93336e-16
9120.9268 1.88191e-16
9122.125 1.82384e-16
9123.3232 1.7955e-16
9124.5225 1.74433e-16
9125.7207 1.72929e-16
9126.9199 1.68607e-16
9128.1182 1.7211e-16
9129.3174 1.70427e-16
9130.5156 1.77403e-16
9131.7148 1.88427e-16
9132.9131 1.92787e-16
9134.1113 1.95045e-16
9135.3105 2.08103e-16
9136.5088 2.1649e-16
9137.707 2.2574e-16
9138.9062 2.23908e-16
9140.1045 2.25468e-16
9141.3027 2.21524e-16
9142.502 2.15141e-16
9143.7002 2.16364e-16
9144.8984 2.11957e-16
9146.0977 2.06026e-16
9147.2959 1.99418e-16
9148.4941 1.99279e-16
9149.6924 1.93589e-16
9150.8906 1.93732e-16
9152.0898 1.93286e-16
9153.2881 1.82309e-16
9154.4863 1.82594e-16
9155.6846 1.81341e-16
9156.8838 1.734e-16
9158.082 1.75105e-16
9159.2803 1.75194e-16
9160.4785 1.77517e-16
9161.6768 1.80877e-16
9162.875 1.84693e-16
9164.0732 1.8594e-16
9165.2725 1.97958e-16
9166.4707 2.02357e-16
9167.6689 2.0182e-16
9168.8672 1.94279e-16
9170.0654 1.94367e-16
9171.2637 1.95176e-16
9172.4619 1.96343e-16
9173.6602 1.85287e-16
9174.8584 1.86116e-16
9176.0566 1.89502e-16
9177.2549 1.86138e-16
9178.4531 1.82598e-16
9179.6514 1.80591e-16
9180.8496 1.81169e-16
9182.0479 1.76054e-16
9183.2461 1.72932e-16
9184.4443 1.68844e-16
9185.6426 1.66298e-16
9186.8408 1.6722e-16
9188.0391 1.70378e-16
9189.2373 1.79481e-16
9190.4355 1.80839e-16
9191.6328 1.91226e-16
9192.8311 1.89438e-16
9194.0293 1.91847e-16
9195.2275 1.88034e-16
9196.4258 1.89633e-16
9197.624 1.82846e-16
9198.8223 1.82509e-16
9200.0195 1.83223e-16
9201.2178 1.77532e-16
9202.416 1.80629e-16
9203.6143 1.74048e-16
9204.8115 1.67192e-16
9206.0098 1.68925e-16
9207.208 1.62998e-16
9208.4062 1.66354e-16
9209.6035 1.68158e-16
9210.8018 1.61118e-16
9212.0 1.61699e-16
9213.1973 1.63969e-16
9214.3955 1.56791e-16
9215.5938 1.55501e-16
9216.791 1.4976e-16
9217.9893 1.57721e-16
9219.1875 1.59702e-16
9220.3848 1.559e-16
9221.583 1.52985e-16
9222.7812 1.54776e-16
9223.9785 1.6227e-16
9225.1768 1.5816e-16
9226.374 1.54614e-16
9227.5723 1.55064e-16
9228.7695 1.54436e-16
9229.9678 1.56953e-16
9231.165 1.57309e-16
9232.3633 1.52734e-16
9233.5605 1.51826e-16
9234.7588 1.58507e-16
9235.9561 1.55352e-16
9237.1543 1.48914e-16
9238.3516 1.53595e-16
9239.5498 1.54711e-16
9240.7471 1.52907e-16
9241.9443 1.4983e-16
9243.1426 1.45571e-16
9244.3398 1.445e-16
9245.5381 1.48173e-16
9246.7354 1.52421e-16
9247.9326 1.58076e-16
9249.1309 1.61897e-16
9250.3281 1.57924e-16
9251.5254 1.61064e-16
9252.7236 1.66089e-16
9253.9209 1.63735e-16
9255.1182 1.60839e-16
9256.3164 1.56058e-16
9257.5137 1.60046e-16
9258.7109 1.56311e-16
9259.9082 1.5826e-16
9261.1064 1.62666e-16
9262.3037 1.56733e-16
9263.501 1.54906e-16
9264.6982 1.59397e-16
9265.8955 1.57454e-16
9267.0938 1.65671e-16
9268.291 1.6067e-16
9269.4883 1.69325e-16
9270.6855 1.63339e-16
9271.8828 1.64421e-16
9273.0801 1.63268e-16
9274.2773 1.62802e-16
9275.4746 1.6299e-16
9276.6719 1.64285e-16
9277.8691 1.6396e-16
9279.0674 1.6012e-16
9280.2646 1.6744e-16
9281.4619 1.55928e-16
9282.6592 1.5344e-16
9283.8564 1.46575e-16
9285.0537 1.46129e-16
9286.251 1.41414e-16
9287.4482 1.47202e-16
9288.6445 1.39837e-16
9289.8418 1.43069e-16
9291.0391 1.39966e-16
9292.2363 1.42066e-16
9293.4336 1.39485e-16
9294.6309 1.42436e-16
9295.8281 1.39018e-16
9297.0254 1.45887e-16
9298.2227 1.43905e-16
9299.4199 1.46034e-16
9300.6162 1.39728e-16
9301.8135 1.36974e-16
9303.0107 1.32586e-16
9304.208 1.35772e-16
9305.4053 1.29308e-16
9306.6016 1.30277e-16
9307.7988 1.38268e-16
9308.9961 1.3848e-16
9310.1934 1.37119e-16
9311.3896 1.36991e-16
9312.5869 1.41869e-16
9313.7842 1.39919e-16
9314.9805 1.43102e-16
9316.1777 1.45252e-16
9317.375 1.42166e-16
9318.5713 1.40081e-16
9319.7686 1.3586e-16
9320.9658 1.51503e-16
9322.1621 1.40862e-16
9323.3594 1.49857e-16
9324.5557 1.46989e-16
9325.7529 1.45517e-16
9326.9492 1.48654e-16
9328.1465 1.32412e-16
9329.3438 1.39776e-16
9330.54 1.40547e-16
9331.7373 1.2986e-16
9332.9336 1.33886e-16
9334.1309 1.42467e-16
9335.3271 1.33372e-16
9336.5234 1.45515e-16
9337.7207 1.44422e-16
9338.917 1.42463e-16
9340.1143 1.50611e-16
9341.3105 1.44979e-16
9342.5078 1.45552e-16
9343.7041 1.3964e-16
9344.9004 1.42818e-16
9346.0977 1.47456e-16
9347.2939 1.41862e-16
9348.4902 1.4542e-16
9349.6875 1.4166e-16
9350.8838 1.47794e-16
9352.0801 1.40852e-16
9353.2773 1.46456e-16
9354.4736 1.48847e-16
9355.6699 1.40705e-16
9356.8662 1.44817e-16
9358.0635 1.45784e-16
9359.2598 1.37125e-16
9360.4561 1.37455e-16
9361.6523 1.43435e-16
9362.8486 1.43988e-16
9364.0449 1.41354e-16
9365.2422 1.46754e-16
9366.4385 1.47378e-16
9367.6348 1.41219e-16
9368.8311 1.36382e-16
9370.0273 1.4853e-16
9371.2236 1.35397e-16
9372.4199 1.31876e-16
9373.6162 1.46118e-16
9374.8125 1.37322e-16
9376.0088 1.48752e-16
9377.2051 1.39754e-16
9378.4014 1.49914e-16
9379.5977 1.40939e-16
9380.7939 1.49426e-16
9381.9902 1.51478e-16
9383.1865 1.49357e-16
9384.3828 1.48943e-16
9385.5791 1.5157e-16
9386.7754 1.54744e-16
9387.9717 1.52604e-16
9389.168 1.56906e-16
9390.3643 1.56085e-16
9391.5596 1.64717e-16
9392.7559 1.60066e-16
9393.9521 1.55584e-16
9395.1484 1.54838e-16
9396.3447 1.52056e-16
9397.54 1.49361e-16
9398.7363 1.51102e-16
9399.9326 1.46759e-16
9401.1289 1.43523e-16
9402.3242 1.5112e-16
9403.5205 1.5278e-16
9404.7168 1.50684e-16
9405.9131 1.49655e-16
9407.1084 1.44297e-16
9408.3047 1.47279e-16
9409.501 1.58608e-16
9410.6963 1.5114e-16
9411.8926 1.62696e-16
9413.0879 1.5104e-16
9414.2842 1.55529e-16
9415.4805 1.55141e-16
9416.6758 1.55334e-16
9417.8721 1.45621e-16
9419.0674 1.55388e-16
9420.2637 1.56983e-16
9421.459 1.50475e-16
9422.6553 1.48795e-16
9423.8506 1.54784e-16
9425.0469 1.64358e-16
9431.0254 1.64951e-16
9432.2207 1.58656e-16
9433.417 1.54154e-16
9434.6123 1.57883e-16
9435.8076 1.65448e-16
9437.0039 1.66465e-16
9438.1992 1.7366e-16
9439.3945 1.58815e-16
9440.5908 1.63864e-16
9441.7861 1.51832e-16
9442.9814 1.56471e-16
9444.1768 1.47602e-16
9445.373 1.5148e-16
9446.5684 1.46073e-16
9447.7637 1.52766e-16
9448.959 1.43095e-16
9450.1543 1.49154e-16
9451.3506 1.48669e-16
9452.5459 1.49673e-16
9453.7412 1.48907e-16
9454.9365 1.64631e-16
9456.1318 1.62288e-16
9457.3271 1.54683e-16
9458.5225 1.61143e-16
9459.7178 1.65196e-16
9460.9131 1.6245e-16
9462.1084 1.59638e-16
9463.3037 1.55979e-16
9464.499 1.58508e-16
9465.6943 1.62633e-16
9466.8896 1.58261e-16
9468.085 1.6144e-16
9469.2803 1.58041e-16
9470.4756 1.54335e-16
9471.6709 1.52588e-16
9472.8662 1.57717e-16
9474.0615 1.55913e-16
9475.2568 1.5785e-16
9476.4521 1.49087e-16
9477.6465 1.5108e-16
9478.8418 1.64384e-16
9480.0371 1.54773e-16
9481.2324 1.50336e-16
9482.4277 1.58215e-16
9483.6221 1.56033e-16
9484.8174 1.55075e-16
9486.0127 1.60195e-16
9487.208 1.56913e-16
9488.4023 1.56305e-16
9489.5977 1.58438e-16
9490.793 1.59384e-16
9491.9873 1.50887e-16
9493.1826 1.56618e-16
9494.3779 1.62237e-16
9495.5723 1.65171e-16
9496.7676 1.58498e-16
9497.9619 1.57875e-16
9499.1572 1.53692e-16
9500.3525 1.69144e-16
9501.5469 1.61388e-16
9502.7422 1.63415e-16
9503.9365 1.54863e-16
9505.1318 1.55095e-16
9506.3262 1.51481e-16
9507.5215 1.62092e-16
9508.7158 1.57019e-16
9509.9111 1.63267e-16
9511.1055 1.70302e-16
9512.2998 1.70394e-16
9513.4951 1.73457e-16
9514.6895 1.66873e-16
9515.8848 1.62173e-16
9517.0791 1.74848e-16
9518.2734 1.62859e-16
9519.4688 1.56367e-16
9520.6631 1.63244e-16
9521.8574 1.61231e-16
9523.0518 1.56954e-16
9524.2471 1.57586e-16
9525.4414 1.57936e-16
9526.6357 1.54676e-16
9527.8301 1.62446e-16
9529.0254 1.64952e-16
9530.2197 1.67138e-16
9531.4141 1.72696e-16
9532.6084 1.74233e-16
9533.8027 1.67562e-16
9534.9971 1.72229e-16
9536.1924 1.81552e-16
9537.3867 1.70488e-16
9538.5811 1.74154e-16
9539.7754 1.67898e-16
9540.9697 1.64821e-16
9542.1641 1.58182e-16
9543.3584 1.53751e-16
9544.5527 1.58824e-16
9545.7471 1.62028e-16
9546.9414 1.68074e-16
9548.1357 1.63915e-16
9549.3301 1.57617e-16
9550.5244 1.59564e-16
9551.7188 1.38411e-16
9552.9131 1.23573e-16
9554.1064 1.19561e-16
9555.3008 1.10412e-16
9556.4951 1.20031e-16
9557.6895 1.2788e-16
9558.8838 1.29018e-16
9560.0781 1.37911e-16
9561.2715 1.41227e-16
9562.4658 1.475e-16
9563.6602 1.47466e-16
9564.8545 1.63432e-16
9566.0479 1.56371e-16
9567.2422 1.77477e-16
9568.4365 1.82476e-16
9569.6299 1.87337e-16
9570.8242 1.81544e-16
9572.0186 1.75496e-16
9573.2119 1.71889e-16
9574.4062 1.77854e-16
9575.6006 1.78712e-16
9576.7939 1.71308e-16
9577.9883 1.71896e-16
9579.1816 1.70656e-16
9580.376 1.61587e-16
9581.5693 1.60486e-16
9582.7637 1.6077e-16
9583.957 1.54538e-16
9585.1514 1.54827e-16
9586.3447 1.56508e-16
9587.5391 1.50491e-16
9588.7324 1.57904e-16
9589.9268 1.60136e-16
9591.1201 1.61069e-16
9592.3135 1.57078e-16
9593.5078 1.60909e-16
9594.7012 1.60463e-16
9595.8945 1.55606e-16
9597.0889 1.51759e-16
9598.2822 1.57549e-16
9599.4756 1.55133e-16
9600.6699 1.52307e-16
9601.8633 1.46034e-16
9603.0566 1.47702e-16
9604.25 1.34113e-16
9605.4434 1.40989e-16
9606.6377 1.3176e-16
9607.8311 1.20588e-16
9609.0244 1.22407e-16
9610.2178 1.20872e-16
9611.4111 1.18811e-16
9612.6045 1.20091e-16
9613.7979 1.27139e-16
9614.9922 1.33583e-16
9616.1855 1.42533e-16
9617.3789 1.57966e-16
9618.5723 1.64106e-16
9619.7656 1.70105e-16
9620.959 1.77184e-16
9622.1523 1.77158e-16
9623.3457 1.74096e-16
9624.5391 1.73545e-16
9625.7314 1.7426e-16
9626.9248 1.70203e-16
9628.1182 1.7595e-16
9629.3115 1.62242e-16
9630.5049 1.69788e-16
9631.6982 1.64564e-16
9632.8916 1.64992e-16
9634.085 1.56489e-16
9635.2773 1.56495e-16
9636.4707 1.51778e-16
9637.6641 1.53603e-16
9638.8574 1.54123e-16
9640.0498 1.49013e-16
9641.2432 1.51813e-16
9642.4365 1.44481e-16
9643.6289 1.39115e-16
9644.8223 1.24052e-16
9646.0156 1.17144e-16
9647.208 1.08534e-16
9648.4014 1.00101e-16
9649.5947 1.01644e-16
9650.7871 9.63396e-17
9651.9805 1.02516e-16
9653.1729 9.9583e-17
9654.3662 1.11214e-16
9655.5586 1.18883e-16
9656.752 1.2732e-16
9657.9443 1.30946e-16
9659.1377 1.33541e-16
9660.3301 1.36403e-16
9661.5234 1.43127e-16
9662.7158 1.46486e-16
9663.9082 1.48564e-16
9665.1016 1.55774e-16
9666.2939 1.60064e-16
9667.4863 1.56504e-16
9668.6797 1.62004e-16
9669.8721 1.59133e-16
9671.0645 1.56179e-16
9672.2578 1.58083e-16
9673.4502 1.52771e-16
9674.6426 1.56416e-16
9675.835 1.47011e-16
9677.0283 1.44352e-16
9678.2207 1.46574e-16
9679.4131 1.43144e-16
9680.6055 1.39372e-16
9681.7979 1.27994e-16
9682.9902 1.13404e-16
9684.1836 1.10585e-16
9685.376 1.043e-16
9686.5684 1.06771e-16
9687.7607 1.01257e-16
9688.9531 1.20313e-16
9690.1455 1.19201e-16
9691.3379 1.34251e-16
9692.5303 1.48147e-16
9693.7227 1.49342e-16
9694.915 1.54825e-16
9696.1074 1.5402e-16
9697.2998 1.41299e-16
9698.4922 1.39402e-16
9699.6836 1.35482e-16
9700.876 1.32991e-16
9702.0684 1.28479e-16
9703.2607 1.36876e-16
9704.4531 1.45042e-16
9705.6455 1.56117e-16
9706.8369 1.57537e-16
9708.0293 1.63082e-16
9709.2217 1.60985e-16
9710.4141 1.58131e-16
9711.6055 1.41512e-16
9712.7979 1.32501e-16
9713.9902 1.17117e-16
9715.1816 1.14487e-16
9716.374 1.0882e-16
9717.5664 1.15795e-16
9718.7578 1.24317e-16
9719.9502 1.2252e-16
9721.1426 1.41898e-16
9722.334 1.47086e-16
9723.5264 1.59474e-16
9724.7178 1.71302e-16
9725.9102 1.76658e-16
9727.1016 1.75947e-16
9728.2939 1.68709e-16
9729.4854 1.62874e-16
9730.6768 1.64305e-16
9731.8691 1.53982e-16
9733.0605 1.34393e-16
9734.2529 1.25241e-16
9735.4443 1.25897e-16
9736.6357 1.26678e-16
9737.8281 1.08699e-16
9739.0195 1.09037e-16
9740.2109 1.13019e-16
9741.4033 1.17242e-16
9742.5947 1.2112e-16
9743.7861 1.30266e-16
9744.9775 1.41446e-16
9746.1699 1.45962e-16
9747.3613 1.51004e-16
9748.5527 1.46755e-16
9749.7441 1.40466e-16
9750.9355 1.42318e-16
9752.127 1.26574e-16
9753.3184 1.18656e-16
9754.5098 1.1194e-16
9755.7021 1.202e-16
9756.8936 1.16586e-16
9758.085 1.25885e-16
9759.2764 1.27542e-16
9760.4678 1.39601e-16
9761.6592 1.53207e-16
9762.8506 1.57586e-16
9764.041 1.64042e-16
9765.2324 1.6542e-16
9766.4238 1.76549e-16
9767.6152 1.69481e-16
9768.8066 1.73473e-16
9769.998 1.78786e-16
9771.1895 1.73884e-16
9772.3809 1.65305e-16
9773.5713 1.63643e-16
9774.7627 1.53774e-16
9775.9541 1.41371e-16
9777.1455 1.40461e-16
9778.3359 1.36772e-16
9779.5273 1.29494e-16
9780.7188 1.19554e-16
9781.9092 1.24317e-16
9783.1006 1.22943e-16
9784.292 1.27842e-16
9785.4824 1.33297e-16
9786.6738 1.3653e-16
9787.8643 1.36235e-16
9789.0557 1.41671e-16
9790.2471 1.47133e-16
9791.4375 1.1984e-16
9792.6289 1.17017e-16
9793.8193 1.08588e-16
9795.0107 9.63153e-17
9796.2012 9.76569e-17
9797.3916 9.91889e-17
9798.583 9.66339e-17
9799.7734 1.18363e-16
9800.9648 1.24045e-16
9802.1553 1.35345e-16
9803.3457 1.50202e-16
9804.5371 1.64685e-16
9805.7275 1.79579e-16
9806.918 1.83111e-16
9808.1094 1.96706e-16
9809.2998 1.96673e-16
9810.4902 1.91737e-16
9811.6807 1.91601e-16
9812.8711 1.95065e-16
9814.0625 1.77778e-16
9815.2529 1.75433e-16
9816.4434 1.75421e-16
9817.6338 1.69428e-16
9818.8242 1.62269e-16
9820.0146 1.60337e-16
9821.2051 1.63049e-16
9822.3955 1.61545e-16
9823.5859 1.49002e-16
9824.7764 1.50185e-16
9825.9668 1.42192e-16
9827.1572 1.48344e-16
9828.3477 1.48326e-16
9829.5381 1.53301e-16
9830.7285 1.49717e-16
9831.9189 1.56385e-16
9833.1094 1.58529e-16
9834.2998 1.60127e-16
9835.4902 1.60073e-16
9836.6797 1.54454e-16
9837.8701 1.58068e-16
9839.0605 1.47134e-16
9840.251 1.50851e-16
9841.4404 1.47039e-16
9842.6309 1.44299e-16
9843.8213 1.48882e-16
9845.0117 1.50364e-16
9846.2012 1.43915e-16
9847.3916 1.52124e-16
9848.582 1.56414e-16
9849.7715 1.536e-16
9850.9619 1.63431e-16
9852.1514 1.62815e-16
9853.3418 1.62921e-16
9854.5312 1.75004e-16
9855.7217 1.6647e-16
9856.9111 1.64757e-16
9858.1016 1.62371e-16
9859.291 1.63359e-16
9860.4814 1.62093e-16
9861.6709 1.60439e-16
9862.8613 1.65527e-16
9864.0508 1.61842e-16
9865.2402 1.618e-16
9866.4307 1.65008e-16
9867.6201 1.60899e-16
9868.8096 1.74285e-16
9870.0 1.67996e-16
9871.1895 1.71879e-16
9872.3789 1.59941e-16
9873.5684 1.63661e-16
9874.7588 1.73681e-16
9875.9482 1.68234e-16
9877.1377 1.64774e-16
9878.3271 1.6412e-16
9879.5166 1.58366e-16
9880.7061 1.61454e-16
9881.8965 1.66741e-16
9883.0859 1.63065e-16
9884.2754 1.68463e-16
9885.4648 1.62715e-16
9886.6543 1.72979e-16
9887.8438 1.65816e-16
9889.0332 1.64359e-16
9890.2227 1.63549e-16
9891.4121 1.65316e-16
9892.6016 1.7119e-16
9893.79 1.718e-16
9894.9795 1.64785e-16
9896.1689 1.71662e-16
9897.3584 1.76183e-16
9898.5479 1.60311e-16
9899.7373 1.62815e-16
9900.9258 1.76179e-16
9902.1152 1.65316e-16
9903.3047 1.65409e-16
9904.4941 1.69781e-16
9905.6826 1.60407e-16
9906.8721 1.6057e-16
9908.0615 1.64677e-16
9909.25 1.64523e-16
9910.4395 1.70419e-16
9911.6289 1.7468e-16
9912.8174 1.63546e-16
9914.0068 1.56462e-16
9915.1953 1.59507e-16
9916.3848 1.60862e-16
9917.5732 1.62203e-16
9918.7627 1.53334e-16
9919.9512 1.65875e-16
9921.1406 1.61453e-16
9922.3291 1.6178e-16
9923.5186 1.64031e-16
9924.707 1.589e-16
9925.8955 1.65414e-16
9927.085 1.57054e-16
9928.2734 1.63862e-16
9929.4619 1.52554e-16
9930.6514 1.59733e-16
9931.8398 1.59756e-16
9933.0283 1.59165e-16
9934.2178 1.58357e-16
9935.4062 1.61538e-16
9936.5947 1.62595e-16
9937.7832 1.57012e-16
9938.9717 1.55062e-16
9940.1602 1.56158e-16
9941.3486 1.5981e-16
9942.5381 1.60414e-16
9943.7266 1.73778e-16
9944.915 1.73095e-16
9946.1035 1.71797e-16
9947.292 1.81179e-16
9948.4805 1.77789e-16
9949.6689 1.7548e-16
9950.8574 1.85752e-16
9952.0459 1.79943e-16
9953.2344 1.8508e-16
9954.4219 1.86185e-16
9955.6104 1.71517e-16
9956.7988 1.77022e-16
9957.9873 1.68188e-16
9959.1758 1.70025e-16
9960.3643 1.68187e-16
9961.5518 1.72323e-16
9962.7402 1.67162e-16
9963.9287 1.68002e-16
9965.1172 1.76556e-16
9966.3047 1.76932e-16
9967.4932 1.77541e-16
9968.6816 1.72081e-16
9969.8691 1.68441e-16
9971.0576 1.77411e-16
9972.2451 1.68615e-16
9973.4336 1.66356e-16
9974.6221 1.82113e-16
9975.8096 1.68786e-16
9976.998 1.64101e-16
9978.1855 1.72962e-16
9979.374 1.80172e-16
9980.5615 1.78818e-16
9981.749 1.74706e-16
9982.9375 1.77463e-16
9984.125 1.74916e-16
9985.3135 1.7654e-16
9986.501 1.74727e-16
9987.6885 1.88081e-16
9988.877 1.74844e-16
9990.0645 1.74362e-16
9991.252 1.76755e-16
9992.4395 1.79404e-16
9993.6279 1.75423e-16
9994.8154 1.70038e-16
9996.0029 1.763e-16
9997.1904 1.73642e-16
9998.3779 1.78918e-16
9999.5654 1.81146e-16
10000.753 1.76657e-16
10001.941 1.7375e-16
10003.129 1.71695e-16
10004.316 1.68642e-16
10005.504 1.62927e-16
10006.691 1.72339e-16
10007.879 1.70501e-16
10009.066 1.6709e-16
10010.253 1.75194e-16
10011.441 1.56407e-16
10012.628 1.63989e-16
10013.816 1.71554e-16
10015.003 1.73211e-16
10016.19 1.8145e-16
10017.378 1.77682e-16
10018.565 1.77376e-16
10019.752 1.85398e-16
10020.939 1.84727e-16
10022.127 1.85986e-16
10023.314 1.82928e-16
10024.501 1.73668e-16
10025.688 1.88119e-16
10026.875 1.81802e-16
10028.063 1.78543e-16
10029.25 1.83461e-16
10030.437 1.79909e-16
10031.624 1.83763e-16
10032.811 1.74838e-16
10033.998 1.68369e-16
10035.185 1.7173e-16
10036.372 1.5582e-16
10037.559 1.66438e-16
10038.746 1.61226e-16
10039.933 1.56981e-16
10041.12 1.551e-16
10042.307 1.52232e-16
10043.493 1.49822e-16
10044.68 1.45128e-16
10045.867 1.32508e-16
10047.054 1.24132e-16
10048.241 1.29202e-16
10049.427 1.15629e-16
10050.614 1.28453e-16
10051.801 1.18291e-16
10052.988 1.20969e-16
10054.174 1.4211e-16
10055.361 1.53833e-16
10056.547 1.60002e-16
10057.734 1.65779e-16
10058.921 1.71738e-16
10060.107 1.72977e-16
10061.294 1.69431e-16
10062.48 1.80061e-16
10063.667 1.73919e-16
10064.853 1.75473e-16
10066.04 1.73586e-16
10067.226 1.90544e-16
10068.413 1.84686e-16
10069.599 1.84007e-16
10070.785 1.85315e-16
10071.972 1.89071e-16
10073.158 1.83481e-16
10074.344 1.8267e-16
10075.531 1.84967e-16
10076.717 1.8334e-16
10077.903 1.88297e-16
10079.09 1.95469e-16
10080.276 1.80569e-16
10081.462 1.9595e-16
10082.648 1.8433e-16
10083.834 1.76845e-16
10085.02 1.82879e-16
10086.206 1.84507e-16
10087.393 1.78338e-16
10088.579 1.87322e-16
10089.765 1.80193e-16
10090.951 1.82506e-16
10092.137 1.77752e-16
10093.323 1.78998e-16
10094.509 1.74975e-16
10095.695 1.72287e-16
10096.88 1.76795e-16
10098.066 1.75679e-16
10099.252 1.63552e-16
10100.438 1.78366e-16
10101.624 1.76268e-16
10102.81 1.77827e-16
10103.996 1.83558e-16
10105.181 1.82451e-16
10106.367 1.75484e-16
10107.553 1.80061e-16
10108.738 1.88186e-16
10109.924 1.85426e-16
10111.11 1.79901e-16
10112.295 1.85463e-16
10113.481 1.77092e-16
10114.667 1.78315e-16
10115.852 1.82387e-16
10117.038 1.78194e-16
10118.223 1.70369e-16
10119.409 1.60155e-16
10120.594 1.69527e-16
10121.78 1.78851e-16
10122.965 1.71303e-16
10124.151 1.77593e-16
10125.336 1.78462e-16
10126.521 1.80466e-16
10127.707 1.78675e-16
10128.892 1.83178e-16
10130.077 1.77762e-16
10131.263 1.76937e-16
10132.448 1.72923e-16
10133.633 1.80443e-16
10134.818 1.83489e-16
10136.004 1.86604e-16
10137.189 1.86627e-16
10138.374 1.87984e-16
10139.559 1.78517e-16
10140.744 1.72853e-16
10141.929 1.80981e-16
10143.114 1.7199e-16
10144.299 1.77196e-16
10145.484 1.83795e-16
10146.669 1.62021e-16
10147.854 1.7086e-16
10149.039 1.63675e-16
10150.224 1.66976e-16
10151.409 1.61944e-16
10152.594 1.63923e-16
10153.779 1.66133e-16
10154.964 1.63929e-16
10156.149 1.63436e-16
10157.334 1.65108e-16
10158.518 1.53793e-16
10159.703 1.65143e-16
10160.888 1.65827e-16
10162.073 1.57779e-16
10163.257 1.67056e-16
10164.442 1.7159e-16
10165.627 1.76609e-16
10166.811 1.75379e-16
10167.996 1.76015e-16
10169.18 1.89732e-16
10170.365 1.75913e-16
10171.55 1.73941e-16
10172.734 1.76492e-16
10173.919 1.76013e-16
10175.103 1.85881e-16
10176.287 1.80174e-16
10177.472 1.76609e-16
10178.656 1.8067e-16
10179.841 1.72485e-16
10181.025 1.6334e-16
10182.209 1.69376e-16
10183.394 1.63838e-16
10184.578 1.69246e-16
10185.762 1.67825e-16
10186.947 1.75039e-16
10188.131 1.69375e-16
10189.315 1.80225e-16
10190.499 1.75178e-16
10191.683 1.80767e-16
10192.867 1.71518e-16
10194.052 1.81955e-16
10195.236 1.84671e-16
10196.42 1.8979e-16
10197.604 1.76944e-16
10198.788 1.71725e-16
10199.972 1.69094e-16
10201.156 1.69811e-16
10202.34 1.72558e-16
10203.524 1.78244e-16
10204.708 1.64176e-16
10205.891 1.66893e-16
10207.075 1.76399e-16
10208.259 1.89084e-16
10209.443 1.6664e-16
10210.627 1.70746e-16
10211.811 1.5911e-16
10212.994 1.68228e-16
10214.178 1.66603e-16
10215.362 1.8059e-16
10216.545 1.88589e-16
10217.729 1.85265e-16
10218.913 1.78748e-16
10220.096 1.91278e-16
10221.28 1.82844e-16
10222.463 1.7626e-16
10223.647 1.98201e-16
10224.831 1.73149e-16
10226.014 1.87315e-16
10227.198 1.90123e-16
10228.381 1.78612e-16
10229.564 1.84225e-16
10230.748 1.78629e-16
10231.931 1.936e-16
10233.115 1.89115e-16
10234.298 1.8391e-16
10235.481 1.93973e-16
10236.665 1.85939e-16
10237.848 2.00455e-16
10239.031 2.02828e-16
10240.214 1.97409e-16
10241.397 1.93567e-16
10242.581 1.88303e-16
10243.764 1.8857e-16
10244.947 1.92181e-16
10246.13 1.9127e-16
10247.313 1.9033e-16
10248.496 1.91907e-16
10249.679 1.82737e-16
10250.862 1.87211e-16
10252.045 1.74557e-16
10253.228 1.82065e-16
10254.411 1.81932e-16
10255.594 1.87112e-16
10256.777 1.78464e-16
10257.96 1.80996e-16
10259.143 1.76044e-16
10260.325 1.78032e-16
10261.508 1.72514e-16
10262.691 1.71351e-16
10263.874 1.75357e-16
10265.057 1.75729e-16
10266.239 1.75055e-16
10267.422 1.72998e-16
10268.605 1.74225e-16
10269.787 1.66295e-16
10270.97 1.64335e-16
10272.152 1.7156e-16
10273.335 1.61726e-16
10274.517 1.72894e-16
10275.7 1.57946e-16
10276.883 1.62214e-16
10278.065 1.52448e-16
10279.247 1.608e-16
10280.43 1.58609e-16
10281.612 1.49249e-16
10282.795 1.65516e-16
10283.977 1.71313e-16
10285.159 1.81943e-16
10286.342 1.61457e-16
10287.524 1.71603e-16
10288.706 1.58842e-16
10289.888 1.65389e-16
10291.071 1.53538e-16
10292.253 1.73517e-16
10293.435 1.62829e-16
10294.617 1.48098e-16
10295.799 1.65266e-16
10296.981 1.67367e-16
10298.163 1.70388e-16
10299.345 1.84529e-16
10300.527 1.74167e-16
